product_id;product_name;quantity;product_ean;product_sku;product_category_name;price;product_tax;weight;description;additional_desc_1;additional_desc_2;additional_desc_3;additional_desc_4;photo;additional_photo_1;additional_photo_2;additional_photo_3;additional_photo_4;additional_photo_5;additional_photo_6;additional_photo_7;additional_photo_8;additional_photo_9;additional_photo_10;additional_photo_11;additional_photo_12;additional_photo_13;additional_photo_14;additional_photo_15;product_manufacturer_name
449821192;Ninja Plancha-Grillplatte XL – schonendes Garen empfindlicher Speisen;0;;SKU-7499091535;Grillzubehör;29.99;19 %;0;"Die Ninja Plancha-Grillplatte XL verwandelt Ihren Ninja Woodfire Grill in eine große, durchgehend flache Garfläche für empfindliche Speisen. Fisch, Gemüse, Meeresfrüchte und kleinteilige Zutaten gelingen schonend gegart, aromatisch und mit kontrollierter Bräunung.

Die passgenaue Platte sitzt stabil im Grillrahmen, verteilt die Hitze gleichmäßig und reduziert dank glatter Oberfläche das Anhaften. So lassen sich selbst feine Speisen mühelos wenden und direkt von der Plancha komfortabel servieren.

Die robuste, hitzebeständige Ausführung ist als Zubehör für ausgewählte Ninja Woodfire Modelle konzipiert und wird werkzeuglos eingesetzt wie entnommen. Im Lieferumfang enthalten ist eine Ninja Plancha-Grillplatte XL; für lange Lebensdauer werden Handreinigung und Beachtung der Herstellerhinweise empfohlen.";;;;;https://storage.googleapis.com/avycloud-product-images/products/ninja-woodfire-flat-plate-unknown-ean/other_174a1053a972304689f567e92cfc8c12.png;https://storage.googleapis.com/avycloud-product-images/products/ninja-woodfire-flat-plate-unknown-ean/other_47006aa8d4ef6a5844dfe0b53df72bf8.png;https://storage.googleapis.com/avycloud-genai-images/products/ninja-woodfire-flat-plate-unknown-ean/gemini_render_lifestyle_1764633459223_0_4d59e4b7d2c5bd9a50af88668215ba1f.png;https://storage.googleapis.com/avycloud-genai-images/products/ninja-woodfire-flat-plate-unknown-ean/gemini_render_lifestyle_1764633460904_1_c3b99b78308e52e549b37b20b8426ac0.png;;;;;;;;;;;;;Ninja
449821382;Universal Tablet-Bodenständer mit Schwenkarm & Höhenverstellung für alle Tablets;0;;SKU-9603350817;Halter;20.98;19 %;0;"Dieser vielseitige Tablet-Bodenständer bietet eine flexible Lösung für die freihändige Nutzung Ihres Tablets in jeder Umgebung. Genießen Sie Filme, lesen Sie E-Books oder folgen Sie Rezepten komfortabel, ohne Ihr Gerät halten zu müssen, und erleben Sie maximalen Komfort.Der robuste Schwenkarm ermöglicht eine präzise Positionierung und optimale Ergonomie durch Höhen- und Winkeleinstellung. Eine stabile Bodenplatte gewährleistet dabei jederzeit einen sicheren Stand und verhindert zuverlässig ein Umkippen des Geräts.Gefertigt aus langlebigem Metall und hochwertigem Kunststoff, überzeugt dieser Ständer mit hoher Stabilität und einem schlanken, modernen Design. Der Lieferumfang umfasst den Bodenständer und eine leicht verständliche Anleitung; unser Kundenservice steht Ihnen bei Fragen jederzeit zur Verfügung.";;;;;https://storage.googleapis.com/prodsandjobs/products/X001M7MEXJ/studio_front_d4e7be40400e45cf099be6464f06f2b7.png;https://storage.googleapis.com/prodsandjobs/products/X001M7MEXJ/studio_detail_aae57948b11a5970542362128e056340.png;https://storage.googleapis.com/prodsandjobs/products/X001M7MEXJ/studio_topdown_c4230932a3aa45dc2795a303baa9d529.png;https://storage.googleapis.com/prodsandjobs/products/X001M7MEXJ/lifestyle_front_797acc87a98d451d8c6eb2fb5e6dc41b.png;https://storage.googleapis.com/prodsandjobs/products/X001M7MEXJ/lifestyle_closeup_2b6fd2346fb3acbdf9f3d0062451f606.png;https://storage.googleapis.com/prodsandjobs/products/X001M7MEXJ/lifestyle_inuse_b31092fb136e0a9e1440e2d661ef3288.png;;;;;;;;;;; 
449821605;"Pistolenkoffer mit Schaumstoffeinlage ""GLOCK""";0;;SKU-4561934561;Werkzeugkoffer;15.90;19 %;0;"Kompakter Hartschalen-Pistolenkoffer mit formgepresstem Schaumstoff (Deckel & Boden) zur sicheren Aufbewahrung einer Pistole und Zubehör. Robustes Polymergehäuse, eingeformter Tragegriff und zwei Verschlussclips sorgen für einfachen Transport und sicheren Verschluss.

Der Koffer eignet sich für den Transport und die Lagerung kleiner Werkzeuge, Geräte oder Sport- und Jagdausrüstung und schützt vor Stößen und Kratzern durch die gepolsterte Innenfläche. Pflegeleichtes Kunststoffgehäuse – mit einem feuchten Tuch abwischbar; Schaumstoff-Einlage nicht herausnehmbar.

Lieferumfang: Hartschalenkoffer mit profilierter Schaumstoffeinlage wie auf den Bildern gezeigt. Montage/Bedienung: sofort einsatzbereit, einfaches Öffnen der Clips; kein zusätzliches Werkzeug erforderlich.";;;;;https://storage.googleapis.com/avycloud-product-images/products/uploads/identify_1764066454243_0_0123a1537f4a7c569ffc92fd0c4212db.jpeg;https://storage.googleapis.com/avycloud-product-images/products/uploads/identify_1764066454479_1_063006522df7bad38aaf6a515179b053.jpeg;https://www.boeck-jagd-outdoor.de/images/product_images/original_images/BL600200_1.jpg;https://www.boeck-jagd-outdoor.de/images/product_images/original_images/BL600200_2.jpg;;;;;;;;;;;;; 
449821746;LEONARDO Swing Krug - Wasserkaraffe aus hochwertigem Glas - 1,2 Liter;0;;SKU-6614383452;Karaffen & Dekanter;15.95;19 %;0;"Die Leonardo Swing Karaffe präsentiert Wasser, Saft und Schorlen in einem elegant geschwungenen Design. Die leicht geneigte Form mit breitem, stabilem Boden sorgt für sicheren Stand, während der ergonomische Henkel die Karaffe angenehm in der Hand liegen lässt.

Der fein geformte Ausguss erleichtert kontrolliertes, weitgehend tropfreies Einschenken. Mit 1,2 Litern Volumen ist die Karaffe ideal für Familienmahlzeiten, Gäste oder Meetings und passt dank ca. 21 cm Höhe in viele Kühlschranktüren.

Geliefert wird eine Leonardo Swing Karaffe ohne Deckel oder weiteres Zubehör. Handwäsche wird empfohlen; bei Verwendung in der Spülmaschine sind die Herstellerangaben zu beachten.";;;;;https://storage.googleapis.com/avycloud-product-images/products/gtin-unknown-leonardo-swing-1.2l-001/other_773cb29d9d96c0584a95e6e3bd2f4f27.png;https://storage.googleapis.com/avycloud-product-images/products/gtin-unknown-leonardo-swing-1.2l-001/other_70d3d6d65c0c97ece73de16748496f4a.jpeg;https://storage.googleapis.com/avycloud-product-images/products/gtin-unknown-leonardo-swing-1.2l-001/other_3b74a5647de3aa4b529c3437cfb1dd28.png;https://storage.googleapis.com/avycloud-product-images/products/gtin-unknown-leonardo-swing-1.2l-001/other_81d21a88220e7313d6255da055e0702b.png;https://storage.googleapis.com/avycloud-product-images/products/gtin-unknown-leonardo-swing-1.2l-001/other_96827fb5ec86009185ab2c6bda040e09.jpeg;;;;;;;;;;;;Leonardo
449822267;WMF Topf-Set Provence Plus – Edelstahl 18/10, induktionsgeeignet;0;4000530650139;SKU-4349960147;Gastronomie-Kochgeschirr- & zubehör;107.49;19 %;0;"Das WMF Topf-Set Provence Plus aus Cromargan Edelstahl 18/10 überzeugt mit langlebiger Qualität und geschmacksneutralen Eigenschaften. Der TransTherm Allherdboden sorgt für schnelle, gleichmäßige Wärmeverteilung und ermöglicht energiesparendes Kochen.

Hitzebeständige Glasdeckel mit Edelstahleinfassung erlauben bequemes Sichtkochen und halten Aromen zuverlässig im Topf. Ergonomische, formstabile Griffe liegen sicher in der Hand und machen das Arbeiten auf allen Herdarten inklusive Induktion besonders komfortabel.

Im Lieferumfang enthalten sind ein Bratentopf 20 cm mit Deckel, zwei Fleischtöpfe 16 und 20 cm mit Deckeln sowie eine Stielkasserolle 16 cm ohne Deckel. Das spülmaschinengeeignete Kochgeschirr ist pflegeleicht, behält bei sachgemäßer Edelstahlpflege lange seinen Glanz und sollte gemäß den Pflegehinweisen des Herstellers behandelt werden.";;;;;https://storage.googleapis.com/avycloud-product-images/products/4000530650139/other_c1a78830f5b6f920847f8d6477e0b700.png;https://storage.googleapis.com/avycloud-product-images/products/4000530650139/other_033d2f65d6e081e95e5304c09f68728b.png;https://storage.googleapis.com/avycloud-product-images/products/4000530650139/other_35f24b7a355b6581c65b97c43de9b808.png;https://storage.googleapis.com/avycloud-product-images/products/4000530650139/other_9d3fd03bad174998408af0f6b582d7c6.png;;;;;;;;;;;;;WMF
449822625;Handpan – warmer Klang für Meditation & Yoga;0;;SKU-4212491486;Schlaginstrumente;179.00;19 %;0;"Diese Handpan mit neun Noten erzeugt einen warmen, klaren Klang für Meditation, Yoga und Klangtherapie. Die harmonische Stimmung fördert tiefe Entspannung, Achtsamkeit und kreativen musikalischen Ausdruck.

Der Korpus besteht aus lackiertem Stahl mit matter schwarzer Oberfläche und ist robust sowie pflegeleicht. Präzise eingearbeitete Tonfelder ermöglichen ein intuitives Spiel mit den Händen oder den beiliegenden Schlägeln, ideal für Einsteiger und Fortgeschrittene.

Im Lieferumfang enthalten sind die Handpan, zwei Schlägel und eine gepolsterte Tragetasche mit komfortablen Tragegurten. Für eine lange Lebensdauer sollte das Instrument trocken gelagert, regelmäßig mit einem weichen Tuch gereinigt und der Kontakt mit aggressiven Reinigungsmitteln vermieden werden.";;;;;https://storage.googleapis.com/avycloud-product-images/products/unknown-ean-1/other_5263a0b0de93dd25705f69b82fc38398.png;https://storage.googleapis.com/avycloud-product-images/products/unknown-ean-1/other_dc42dc2d36203c4f6110786e01c93569.png;https://storage.googleapis.com/avycloud-product-images/products/unknown-ean-1/other_fbd454f665589b73a7a2c4711f4c1761.png;https://storage.googleapis.com/avycloud-product-images/products/unknown-ean-1/other_c0d83ba9b9fa30df515a6b6948e362bf.png;https://storage.googleapis.com/avycloud-product-images/products/unknown-ean-1/other_9ee35fd6d571c442887803ec4dc85deb.png;;;;;;;;;;;;Unbekannt
449822721;PROGARDEN Gartenbank wetterfest & pflegeleicht 2-Sitzer;0;;SKU-2609353370;Gartenbank;39.99;19 %;0;"Die PROGARDEN Gartenbank Genziana bietet zwei bequeme Sitzplätze und verwandelt Terrasse, Balkon oder Garten in eine gemütliche Ruhezone. Ihre kompakte Form nutzt kleine Außenbereiche optimal aus und schafft schnell zusätzliche Sitzgelegenheiten.

Aus wetterfestem, UV-beständigem Polypropylen gefertigt, ist die Bank pflegeleicht und für den ganzjährigen Außeneinsatz geeignet. Das geringe Eigengewicht ermöglicht müheloses Umstellen, während die stabile Konstruktion bis zu 120 kg pro Sitzplatz trägt.

Geliefert wird die Gartenbank zerlegt inklusive Montagematerial und leicht verständlicher Aufbauanleitung. Sie lässt sich einfach mit Wasser und milder Seife reinigen; prüfen Sie regelmäßig Standfestigkeit und Verschraubungen.";;;;;https://storage.googleapis.com/avycloud-product-images/products/progarden-genziana-001/other_f40be1a540d85f8f8d57143dfb5b73eb.png;https://storage.googleapis.com/avycloud-product-images/products/progarden-genziana-001/other_dbf781abf2dcda73b492942e8fdbb469.png;https://storage.googleapis.com/avycloud-product-images/products/progarden-genziana-001/other_53ed1dd66d28af31ab24d143f8bf1218.png;https://storage.googleapis.com/avycloud-product-images/products/progarden-genziana-001/other_39cc3800115d98c9c40991a27ace05f4.png;https://storage.googleapis.com/avycloud-product-images/products/progarden-genziana-001/other_261b1794109166df8f5348c85bff4747.png;https://storage.googleapis.com/avycloud-product-images/products/progarden-genziana-001/other_c5cce5ca61142f81d44a36a6fab84280.png;;;;;;;;;;;PROGARDEN
449822976;Tesvor S7 Pro AES Saug- & Wischroboter mit automatischer Absaugstation, 6000 Pa, LiDAR-Navigation, Weiß;0;6973104880356;SKU-0619911931;Roboter;127.00;19 %;0;Leistungsstarker Tesvor Saug- und Wischroboter ...;;;;;https://storage.googleapis.com/avycloud-product-images/products/6973104880356/other_a29fcfc8d1e5366fe3feea0932bbf593.png;https://storage.googleapis.com/trendocean/products/6973104880356/other_a4643beaa0c237a2320b03ba3abde155.png;https://storage.googleapis.com/avycloud-product-images/products/6973104880356/other_8cd357190b9ec6949e6514d1ae5e470a.png;https://storage.googleapis.com/trendocean/products/6973104880356/other_bd846ce1a23ad1453a617db0619d4b31.png;;;;;;;;;;;;;Tesvor
449823156;GUSSKÖNIG Dutch Oven 9 L – perfekte Hitzeverteilung outdoor;0;4270003118781;SKU-1887574140;Dutch Oven / Feuertopf;92.99;19 %;0;"Der GUSSKÖNIG Dutch Oven mit neun Litern Fassungsvermögen ermöglicht unkompliziertes Kochen für Familie und Freunde im Freien. Massives, vorbehandeltes Gusseisen speichert die Wärme hervorragend und sorgt für gleichmäßige Garergebnisse auch bei niedriger Glut.

Dank drei stabiler Standfüße und hohem Deckelrand können Sie den Feuertopf direkt in die Glut stellen und mit Briketts von oben belegen. Der schwere Deckel lässt sich umgedreht als Grillpfanne oder Bratfläche verwenden und erweitert Ihre Möglichkeiten für Eintöpfe, Braten und knusprige Steaks.

Im Lieferumfang enthalten sind Dutch Oven, passender Deckel, Deckelheber, Griffstab mit Holzgriff, Reinigungsbürste und ein praktisches Rezeptheft. Reinigen Sie den Topf nur leicht, trocknen Sie ihn gründlich und fetten Sie ihn gelegentlich mit Speiseöl ein, um die Schutzschicht zu erhalten und Rost zu vermeiden.";;;;;"https://assets.mmsrg.com/isr/166325/c1/-/ASSET_MP_149491474?x=536&amp;y=402&amp;format=jpg&amp;quality=80&amp;sp=yes&amp;strip=yes&amp;trim&amp;ex=536&amp;ey=402&amp;align=center&amp;resizesource&amp;unsharp=1.5x1+0.7+0.02&amp;cox=0&amp;coy=0&amp;cdx=536&amp;cdy=402";https://storage.googleapis.com/avycloud-product-images/products/gusskoenig-gk-003/other_4528e26d71556f7d41daa98428540249.png;https://storage.googleapis.com/avycloud-product-images/products/gusskoenig-gk-003/other_76ed4c19949ca5deb7d1bc464a28b2c4.png;https://storage.googleapis.com/avycloud-product-images/products/gusskoenig-gk-003/other_ac42e4162000caa4f1c531d4f96801b7.png;https://storage.googleapis.com/avycloud-product-images/products/gusskoenig-gk-003/other_0592c7eb3e526e609841cce3d4225798.png;;;;;;;;;;;;GUSSKÖNIG
449823357;Woltu Standregal Weiß – platzsparend für kleine Räume;0;4063425163489;SKU-3226209432;Regale & Aufbewahrung;36.99;19 %;0;"Das kompakte Woltu Standregal in Weiß schafft auf kleiner Stellfläche praktischen Stauraum für Bücher, Deko und Alltagsgegenstände. Dank seines zeitlosen Designs fügt es sich harmonisch in Wohn-, Arbeits- oder Badezimmer sowie andere Räume ein.

Die offenen Fächer ermöglichen schnellen Zugriff und setzen Ihre Lieblingsstücke dekorativ in Szene. Eine robuste, pflegeleichte Oberfläche aus pflegeleichten Werkstoffen laut Herstellerangabe lässt sich bequem mit einem feuchten Tuch reinigen.

Geliefert wird das Standregal zerlegt mit passendem Montagematerial und verständlicher Aufbauanleitung für die einfache Selbstmontage. Bitte beachten Sie die Herstellerhinweise zu Montage, Belastbarkeit und Pflege, um lange Freude an Ihrem Regal zu haben.";;;;;https://storage.googleapis.com/trendocean/products/4063425163489/other_7fc679b03a95547601aa2d137f8ab5a0.png;https://storage.googleapis.com/trendocean/products/4063425163489/other_21696b898b1697b8fdd613fed205eb1c.png;https://storage.googleapis.com/trendocean/products/4063425163489/other_fab60c4b7af419c2da0f3d2cb3025417.png;https://storage.googleapis.com/trendocean/products/4063425163489/other_dac292ff799a4ad188a9c4e78a5e2b8f.png;;;;;;;;;;;;;WOLTU
449823701;Lululemon Yogamatte: Maximaler Halt & Gelenkschutz für Ihr Training;0;153151148;SKU-4433223955;Yogamatten;98.00;19 %;0;Die Lululemon The Big Mat 5mm Yogamatte bietet optimalen Komfort und Sicherheit für Ihr Training. Ihre innovative, rutschfeste Oberfläche gewährleistet zuverlässigen Halt und minimiert das Verletzungsrisiko bei jeder Übung.Gefertigt aus hochwertigen, langlebigen Materialien, garantiert diese Matte Beständigkeit bei regelmäßigem Gebrauch in Yoga, Pilates und Fitness. Die 5mm Dämpfung schützt Ihre Gelenke effektiv und unterstützt eine verbesserte Performance.Im Lieferumfang ist eine Lululemon The Big Mat 5mm Yogamatte enthalten, bereit für Ihr nächstes Workout. Für langanhaltende Freude an Ihrem Produkt empfehlen wir die einfache Pflege nach jeder Nutzung und stehen Ihnen bei Fragen jederzeit zur Verfügung.;;;;;https://storage.googleapis.com/prodsandjobs/products/449823701/studio_topdown_5d5d7006ed543a6dd37b59417b2c383e.png;https://storage.googleapis.com/prodsandjobs/products/449823701/studio_detail_580b2dab39baceb96307ac6f191e35e7.png;https://storage.googleapis.com/prodsandjobs/products/449823701/lifestyle_front_71606da5584048abb7a159da962ba095.png;https://storage.googleapis.com/prodsandjobs/products/449823701/lifestyle_closeup_728388e04e8c22b2ef6cb909c881a2eb.png;https://storage.googleapis.com/prodsandjobs/products/449823701/lifestyle_inuse_fbd11e65d0d2e6e710415d3843687653.png;;;;;;;;;;;;lululemon
449824146;Ninja Standmixer 2‑in‑1 BN750EU;0;622356240550;SKU-9031958971;Standmixer;119.00;19 %;0;"Der Ninja Standmixer 2‑in‑1 BN750EU bietet 1.200 W Motorleistung, einen großen 2,1‑Liter‑Krug und einen 700‑ml‑To‑Go‑Becher für unterwegs. Auto‑iQ‑Programme und manuelle Tasten sorgen für vielseitige Steuerung; robuste Edelstahlklingen zerkleinern Eis und gefrorene Früchte. Krug, Becher und Deckel sind BPA‑frei und spülmaschinengeeignet. Lieferumfang: Motoreinheit, 2,1‑L‑Krug mit Deckel, 700‑ml‑To‑Go‑Becher mit Deckel, Bedienungsanleitung (Lieferumfang basiert auf verfügbaren Quellen).";;;;;https://storage.googleapis.com/trendocean/products/BN750EU/other_f278fc49655f5733f9c7f504368d4a20.png;https://storage.googleapis.com/trendocean/products/BN750EU/other_ebcdb926fcd7964ed4372468c8170a73.png;https://storage.googleapis.com/trendocean/products/BN750EU/other_8a128554db36135feafd73b1b26265a4.png;https://storage.googleapis.com/trendocean/products/BN750EU/other_4a1d7f69ece9c064feccc407cfb02760.png;https://storage.googleapis.com/trendocean/products/BN750EU/other_c852820adc8a51935dcad2587a8ad0f9.png;;;;;;;;;;;;Ninja
449824776;Ninja Foodi MAX Dual Zone Heißluftfritteuse 9,5 L AF451EU;0;622356258388;SKU-6544112261;Heißluftfritteusen;144.99;19 %;0;Ninja Foodi MAX Dual Zone Heißluftfritteuse AF451EU mit zwei unabhängigen Garräumen und insgesamt 9,5 Litern Fassungsvermögen.;;;;;https://storage.googleapis.com/trendocean/products/0622356258388/other_502f8546a9acd8d9152a19345d32f6e6.png;https://storage.googleapis.com/trendocean/products/0622356258388/other_d2c7b003ca15299f60afacd27c3924c6.png;https://storage.googleapis.com/trendocean/products/0622356258388/other_b2c9f4484e58f7333187d8c2757599dd.png;https://storage.googleapis.com/trendocean/products/0622356258388/other_a376c6e816ed3fed969b671a508287f1.png;;;;;;;;;;;;;Ninja
449824939;IPOZON Stunt-Scooter für maximale Kontrolle & sichere Tricks;0;;SKU-5462953053;Roller;74.99;19 %;0;Der IPOZON FOOT Stunt-Scooter ist die optimale Wahl für junge Rider, die ihre Fähigkeiten im Skatepark oder auf der Straße sicher und dynamisch erweitern möchten. Er bietet eine äußerst robuste und verlässliche Plattform für das Erlernen erster Tricks sowie die Ausführung anspruchsvoller Manöver, wodurch intensive und actionreiche Stunden voller Fahrspaß garantiert sind.Dieser hochwertige Stunt-Scooter überzeugt durch seine stabile Konstruktion, die speziell auf Langlebigkeit und Widerstandsfähigkeit ausgelegt ist. Er verfügt über einen widerstandsfähigen T-Lenker für optimale Kontrolle und eine griffige Trittfläche in markantem Lila, die für sicheren Stand sorgt.Der IPOZON FOOT Stunt-Scooter wird komplett vormontiert geliefert und ist somit sofort einsatzbereit für das nächste Abenteuer. Seine intuitive Handhabung und der minimale Wartungsaufwand machen ihn zum perfekten Sportgerät, das spielerisch Balance und Koordination bei Kindern und Jugendlichen effektiv fördert.;;;;;https://storage.googleapis.com/prodsandjobs/products/IPOZON-TRAMP-SCOOTER-MAX/other_c29f7b32a6ad0d27b3a90ae16ff6a6e3.webp;https://storage.googleapis.com/prodsandjobs/products/IPOZON-TRAMP-SCOOTER-MAX/other_b63400fa5463cbc1c71383e849aa87f1.webp;https://storage.googleapis.com/prodsandjobs/products/IPOZON-TRAMP-SCOOTER-MAX/other_48d0db4f0e81cd5bc74fa95d10936600.webp;;;;;;;;;;;;;;IPOZON
449825163;LEQISMART A11 E-Scooter | 20 km/h, 30 km Reichweite, Straßenzulassung;0;968149516786;SKU-4541440236;E-Scooter;278.00;19 %;0;Der LEQISMART A11 Elektroroller bietet eine moderne und umweltfreundliche Lösung für die urbane Mobilität. Er ermöglicht eine leise und emissionsfreie Fortbewegung in Stadt und Umland, wodurch tägliche Wege entspannter und effizienter werden. Mit seiner deutschen Straßenzulassung, einer Höchstgeschwindigkeit von 20 km/h und einer beeindruckenden Reichweite von bis zu 30 km ist er der ideale Begleiter für komfortables Pendeln und flexible Freizeitfahrten. Ausgestattet mit einem kraftvollen 350-W-Heckmotor und 10-Zoll-Reifen garantiert der A11 stabilen Fahrkomfort auf unterschiedlichen Untergründen. Das rutschfeste Trittbrett und der Spritzwasserschutz nach IPX5 sorgen für Sicherheit auch bei widrigen Wetterbedingungen. Die robuste, klappbare Konstruktion mit einer Traglast von bis zu 100 kg ermöglicht zudem eine platzsparende Aufbewahrung und einen einfachen Transport. Im Lieferumfang sind der LEQISMART A11 Elektroroller, das passende Ladegerät sowie eine deutschsprachige Bedien- und Montageanleitung enthalten. Für eine lange Lebensdauer und optimale Leistung sollten die Hinweise in der Anleitung bezüglich Akkupflege, Wartungsintervalle, Reifendruck und regelmäßiger Kontrolle aller Schraubverbindungen stets beachtet werden.;;;;;https://storage.googleapis.com/trendocean/products/A11-LEQISMART/other_f8c8c88c463a5584b302a1d28de62ac9.png;https://storage.googleapis.com/trendocean/products/A11-LEQISMART/other_1bd0a3f6e79a29fdd1f99d59ed974fc6.png;https://storage.googleapis.com/trendocean/products/A11-LEQISMART/other_602b67480e9af388f1f84712eb6bc42e.png;https://storage.googleapis.com/trendocean/products/A11-LEQISMART/other_07c1edc33b6aa19bcbb3943a1b9dc104.png;https://storage.googleapis.com/trendocean/products/A11-LEQISMART/other_b91eb54b5ecf25350ef974f38bf41432.png;;;;;;;;;;;;LEQISMART
458453039;lionelo Laufgitter Willow: Sichere Spieloase für Babys, faltbar & mobil;0;5903771709217;SKU-4264334297;Laufgitter;74.99;19 %;0;Das lionelo Willow Laufgitter schafft eine sichere und komfortable Spielumgebung für Ihr Baby, sowohl zu Hause als auch unterwegs. Seine weichen Wände und atmungsaktiven Netzfenster gewährleisten optimale Luftzirkulation und ermöglichen ständigen Blickkontakt zu Ihrem Kind. Gefertigt aus hochwertigen, strapazierfähigen Materialien, garantiert dieses Laufgitter einen stabilen Stand und eine lange Nutzungsdauer. Die praktische Klappfunktion ermöglicht eine platzsparende Aufbewahrung und einen mühelosen Transport, ideal für Reisen. Im Lieferumfang sind eine weiche Spielmatte und eine praktische Transporttasche enthalten, die den Komfort und die Mobilität Ihres Kindes maximieren. Zertifiziert nach EN 12227:2010, bietet das Willow bewährte Sicherheitsstandards für Kinder bis 15 kg.;;;;;https://storage.googleapis.com/prodsandjobs/products/2b55a51a-0d21-4136-9fa4-89ca66c74a72/gemini_render_lifestyle_front_1765211143157_0_351f872d5864b71d272a72a681b1adb1.png;https://storage.googleapis.com/prodsandjobs/products/2b55a51a-0d21-4136-9fa4-89ca66c74a72/gemini_render_studio_detail_1765211122999_0_14e029d8575911be297dcdb6892d2c0a.png;https://storage.googleapis.com/prodsandjobs/products/2b55a51a-0d21-4136-9fa4-89ca66c74a72/gemini_render_studio_topdown_1765211132481_0_2660364c956a1cadc609a26a37e677bf.png;https://storage.googleapis.com/prodsandjobs/products/2b55a51a-0d21-4136-9fa4-89ca66c74a72/gemini_render_lifestyle_closeup_1765211153460_0_9882225291d4b75626db928c32a1db8e.png;https://storage.googleapis.com/prodsandjobs/products/2b55a51a-0d21-4136-9fa4-89ca66c74a72/gemini_render_lifestyle_inuse_1765211162379_0_28948ed40182d89988a6d43cf4a6a545.png;;;;;;;;;;;;lionelo
458453071;Wera Bit-Satz 61-tlg. Torx mit Bithalter für präzise Schraubarbeiten;0;4013288165657;SKU-2566552410;Bit-Sätze;23.82;19 %;0;"Dieses 61-teilige Wera Bit-Set ermöglicht präzise und effiziente Schraubarbeiten für Profis und Heimwerker gleichermaßen. Es bietet maximale Flexibilität durch hochwertige Torx-Bits und einen robusten 1/4""-Bithalter für vielfältige Anwendungen.Gefertigt aus gehärtetem Stahl, garantieren die Bits eine außergewöhnliche Langlebigkeit und höchste Verschleißfestigkeit für dauerhaft zuverlässige Ergebnisse. Der Lieferumfang umfasst den kompletten 61-teiligen Bit-Satz sowie eine robuste Bit-Safe Kunststoffbox zur optimalen Aufbewahrung und Schutz.Dieser vielseitige Bit-Satz ist ideal für den Hand- und Maschinenbetrieb geeignet und unterstützt Sie zuverlässig bei professionellen wie privaten Projekten. Vertrauen Sie auf die bewährte Wera-Qualität, die auf Langlebigkeit und Präzision ausgelegt ist, für all Ihre Schraubarbeiten.";;;;;https://storage.googleapis.com/prodsandjobs/products/3cab2925-3136-4d57-b76a-c4ba5e886594/gemini_render_studio_topdown_1765304033152_0_c5d5ba5774f4b65fb90015bd21da49bb.png;https://storage.googleapis.com/prodsandjobs/products/3cab2925-3136-4d57-b76a-c4ba5e886594/gemini_render_studio_detail_1765304020545_0_500f6a0485a2c738eacef38443b3397b.png;https://storage.googleapis.com/prodsandjobs/products/3cab2925-3136-4d57-b76a-c4ba5e886594/gemini_render_lifestyle_front_1765304046255_0_91d2aa07bc9bb775a3951dca3ee56169.png;https://storage.googleapis.com/prodsandjobs/products/3cab2925-3136-4d57-b76a-c4ba5e886594/gemini_render_lifestyle_closeup_1765304055488_0_2943f84603790cb9ca1cb2c4c15a1466.png;https://storage.googleapis.com/prodsandjobs/products/3cab2925-3136-4d57-b76a-c4ba5e886594/gemini_render_lifestyle_inuse_1765304065099_0_1afe3fcc8d5a9be327ecbf27c7fcb567.png;;;;;;;;;;;;Wera
458463796;Lacoste Sneaker T-Clip Set 224 2 SMA: Eleganz trifft Premium Komfort;0;5059862390069;SKU-4391085581;Sneaker;69.00;19 %;0;Die Lacoste T-Clip Set 224 2 SMA Sneaker vereinen zeitlosen Stil mit außergewöhnlichem Komfort für den Alltag. Ihr vielseitiges Design macht sie zur idealen Wahl für diverse Anlässe, von entspannten Freizeitaktivitäten bis hin zu eleganten Kombinationen.Gefertigt aus hochwertigem Leder, bieten diese Sneaker nicht nur eine ansprechende Ästhetik, sondern auch beeindruckende Langlebigkeit und Robustheit. Die präzise Verarbeitung garantiert eine hohe Qualität, die täglichen Belastungen standhält und gleichzeitig optimalen Tragekomfort sichert.Sie erhalten ein neues Paar in der Originalverpackung, bereit, Ihre Garderobe mit einem ikonischen Akzent zu bereichern. Für dauerhafte Freude und den Erhalt des makellosen Zustands wird eine regelmäßige Pflege mit geeigneten Lederprodukten empfohlen.;;;;;https://storage.googleapis.com/prodsandjobs/products/5059862390069/gemini_render_studio_front_1764958508688_0_0537b5b0a88702300a9d49a541cc8052.png;https://storage.googleapis.com/prodsandjobs/products/5059862390069/gemini_render_studio_topdown_1764958529502_0_b08d4fe2451d79c04f88b7bd0d482e1b.png;https://storage.googleapis.com/prodsandjobs/products/5059862390069/gemini_render_studio_detail_1764958518711_0_81687eb45665ddc274180bbcf180d961.png;https://storage.googleapis.com/prodsandjobs/products/5059862390069/gemini_render_lifestyle_front_1764958542702_0_5b6df751bfbef956c8c3284c519d5c50.png;https://storage.googleapis.com/prodsandjobs/products/5059862390069/gemini_render_lifestyle_inuse_1764958562305_0_761b5543f3281f506c36f349d5b2cd04.png;;;;;;;;;;;;Lacoste
458468043;HP 305 Original Tintenpatronen Doppelpack für brillante Druckergebnisse;0;195161166969;SKU-9431798499;Tintenpatronen;24.99;19 %;0;Die HP 305 Original Tintenpatronen liefern gestochen scharfen Text und brillante Farben für all Ihre Dokumente und Fotos. Sie gewährleisten zuverlässige Druckergebnisse zu Hause und im Büro.Dieses praktische Doppelpack enthält eine schwarze und eine dreifarbige Patrone, speziell entwickelt für HP DeskJet und ENVY Modelle. Die Original HP Tinte schützt zudem die Garantie Ihres Druckers und sichert langanhaltende Funktionalität.Die einfache Installation ermöglicht einen schnellen Austausch, sodass Sie stets eine Ersatzpatrone zur Hand haben. Profitieren Sie von konsistenten Ergebnissen und der bewährten Qualität von Original HP Zubehör.;;;;;https://storage.googleapis.com/prodsandjobs/products/726121ea-fdad-41e5-859d-0e9e1b9c50b1/studio_front_1e61aa4bf6389d29cb45d82a156aa201.png;https://storage.googleapis.com/prodsandjobs/products/726121ea-fdad-41e5-859d-0e9e1b9c50b1/studio_front_a877f2423290c7049b0df160c015505c.png;https://storage.googleapis.com/prodsandjobs/products/726121ea-fdad-41e5-859d-0e9e1b9c50b1/studio_topdown_cb3519acb3446674d9fc259bdec29241.png;https://storage.googleapis.com/prodsandjobs/products/726121ea-fdad-41e5-859d-0e9e1b9c50b1/lifestyle_front_9df7af8e165580a1da6682528f8138ee.png;https://storage.googleapis.com/prodsandjobs/products/726121ea-fdad-41e5-859d-0e9e1b9c50b1/lifestyle_closeup_5b8c04844eac6fe2e64219dc21e6df44.png;https://storage.googleapis.com/prodsandjobs/products/726121ea-fdad-41e5-859d-0e9e1b9c50b1/lifestyle_inuse_2e422c39bdeb077bda4e1f8a45b0ca28.png;;;;;;;;;;;HP
458496970;Garmin HRM-Dual Herzfrequenzmesser mit Dual-Konnektivität für präzise Daten;0;753759223137;SKU-8689351772;Herzfrequenzmesser;59.99;19 %;0;Der Garmin HRM-Dual Herzfrequenzmesser liefert präzise Echtzeit-Herzfrequenzdaten, um Ihr Training optimal zu steuern. Er ermöglicht eine effektive Leistungsanalyse und hilft Ihnen, Ihre Fitnessziele fundiert zu erreichen.Dieser Brustgurt bietet duale ANT+ und Bluetooth® Konnektivität für eine nahtlose Verbindung zu Fitnessgeräten und Apps. Sein weiches, anpassungsfähiges Material garantiert höchsten Tragekomfort und volle Bewegungsfreiheit bei jeder Aktivität.Im Lieferumfang ist der sofort einsatzbereite Herzfrequenzgurt enthalten, der mit einer langlebigen Batterie ausgestattet ist. Die einfache Handhabung und Pflege sichern eine dauerhaft präzise Messfunktion für all Ihre sportlichen Herausforderungen.;;;;;https://storage.googleapis.com/prodsandjobs/products/SKU-8689351772/studio_front_9d28dd47a10f5870a708df81a607a02c.png;https://storage.googleapis.com/prodsandjobs/products/SKU-8689351772/studio_detail_2bba9ab01f48bc9c0238edcd41e060fb.png;https://storage.googleapis.com/prodsandjobs/products/SKU-8689351772/studio_topdown_f39d1e6e902694436397644ee25b35c6.png;https://storage.googleapis.com/prodsandjobs/products/SKU-8689351772/lifestyle_front_03fb127a896987d56bd7a80c2ad6cb14.png;https://storage.googleapis.com/prodsandjobs/products/SKU-8689351772/lifestyle_closeup_8bcdeb11e914a634936b5e24c4cb301d.png;https://storage.googleapis.com/prodsandjobs/products/SKU-8689351772/lifestyle_inuse_f99cec2cca05206b38a42a9513dda109.png;;;;;;;;;;;Garmin
458975017;UGG Tazz Damen Hausschuhe Sand EU 40 | Gefütterte Plateau-Pantoletten;0;197634001401;SKU-8064565799;Hausschuhe;129.99;19 %;0;Die UGG Tazz Hausschuhe bieten Komfort und Wärme. Perfekt für entspannte Tage zu Hause. Die Hausschuhe sind neu und ungetragen.;;;;;https://storage.googleapis.com/prodsandjobs/products/197634001401/gemini_render_studio_detail_1765017327543_0_4684f7d5e2ef9497d989a5d81375b43f.png;https://storage.googleapis.com/prodsandjobs/products/197634001401/gemini_render_studio_front_1765017316159_0_2739f3abddf7ce5a31c064e8e14fac03.png;https://storage.googleapis.com/prodsandjobs/products/197634001401/gemini_render_lifestyle_front_1765017344421_0_dc423a81b6aae334ee61e6558483bd10.png;https://storage.googleapis.com/prodsandjobs/products/197634001401/gemini_render_lifestyle_closeup_1765017352636_0_3d51f1dd4e217a1341a5d0869a831d23.png;https://storage.googleapis.com/prodsandjobs/products/197634001401/gemini_render_lifestyle_inuse_1765017361051_0_6c445e0ead9b14ddc82bb80b565b3acb.png;;;;;;;;;;;;UGG
449821071;lululemon The Workout Mat 6mm – rutschfeste Trainings- & Yogamatte, 180 x 66 cm, schwarz;1;144351296;SKU-0172791378;Yogamatte / Trainingsmatte;98.00;19 %;0;Robuste 6-mm-Trainings- und Yogamatte von lululemon mit rutschfester, texturierter Oberfläche, ausgelegt für hochintensive Workouts mit Schuhen und Gewichten.;;;;;https://storage.googleapis.com/trendocean/products/000144351296/other_e83224e6fb283c3d28966149f13ed808.png;https://storage.googleapis.com/trendocean/products/000144351296/other_4a3d477278d25e1d2d5406d414669c1c.png;https://storage.googleapis.com/trendocean/products/000144351296/other_442edfdf6f607a864f8cae21d6c034e6.png;https://storage.googleapis.com/trendocean/products/000144351296/other_5a703ce8a64249f31b40238eab84b173.png;;;;;;;;;;;;;lululemon
449821152;Topeak Ratchet Rocket Essential Fahrradwerkzeugset für präzise Reparaturen;1;4710069708958;SKU-3588671475;Werkzeuge & Tools;29.99;19 %;0;Das Topeak Ratchet Rocket Essential Bit-Ratschenset ist der ideale Begleiter für jeden Fahrradfahrer, der Wert auf schnelle und präzise Reparaturen legt. Es ermöglicht eine effiziente Wartung zu Hause oder unterwegs und passt mühelos in jede Trikottasche. Die feine Umschalt-Ratsche ermöglicht präzises Anziehen und Lösen von Schrauben selbst an schwer zugänglichen Stellen. Das umfassende 10-teilige Bit-Set aus robustem Stahl deckt alle gängigen Schraubentypen ab, von Innensechskant bis Torx und Kreuzschlitz. Im Lieferumfang enthalten sind die hochwertige Ratsche, das vielseitige Bit-Set und ein strapazierfähiges Textil-Transportetui für optimalen Schutz. Dieses langlebige Werkzeugset gewährleistet, dass Sie stets bestens ausgerüstet sind und lange Freude daran haben werden.;;;;;https://storage.googleapis.com/avycloud-product-images/products/4710069708958/other_93f262681205a9fea2f5b0400f4c28b4.png;https://storage.googleapis.com/avycloud-product-images/products/4710069708958/other_b976a57fc02527fe75f7c1f49345d564.png;https://storage.googleapis.com/avycloud-product-images/products/4710069708958/other_f4933ef43a532b0d70988124a07d89c9.png;;;;;;;;;;;;;;Topeak
449821333;tillvex Poolschlauch 38mm für klares Poolwasser und effiziente Zirkulation;1;4260613494504;SKU-4930006198;Schläuche;24.79;19 %;0;"Der tillvex Poolschlauch ist die unverzichtbare Lösung für eine hygienische und effiziente Poolpflege, die Ihnen kristallklares Wasser garantiert. Mit seiner optimalen Länge von 8 Metern und einem Durchmesser von 38 mm ist er universell kompatibel mit allen gängigen Poolsystemen und Reinigungsgeräten.Gefertigt aus robustem, geripptem Spezialkunststoff, bietet dieser Schlauch außergewöhnliche Biegsamkeit, UV-Beständigkeit und eine lange Lebensdauer. Die integrierten Muffen ermöglichen zudem eine einfache und sichere Verlängerung, was maximale Flexibilität bei der Installation gewährleistet.Vertrauen Sie auf die geprüfte ""Made in Germany"" Qualität, die für höchste Zuverlässigkeit und eine sorgenfreie Poolpflege steht. Dieser hochwertige Schlauch trägt maßgeblich zu unbeschwerten Stunden am Wasser bei und sorgt dauerhaft für eine exzellente Wasserqualität.";;;;;https://storage.googleapis.com/avycloud-genai-images/products/4260613494504/gemini_render_studio_1764686058067_0_efc92c2483e2d17ef54352abd1f47f2c.png;https://storage.googleapis.com/avycloud-genai-images/products/4260613494504/gemini_render_studio_1764686059755_1_ca608c7a907215f45550ba75ad306dbe.png;https://storage.googleapis.com/avycloud-genai-images/products/4260613494504/gemini_render_lifestyle_1764686079138_0_cafc347d8ce239ff44a5cb9aa5fb0fb6.png;https://storage.googleapis.com/avycloud-genai-images/products/4260613494504/gemini_render_lifestyle_1764686080761_1_afbec083e63b5a012542fbebdc4eb046.png;https://storage.googleapis.com/avycloud-genai-images/products/4260613494504/gemini_render_lifestyle_1764686157467_0_0b70a8a744ece640bcba05e41e7b9e75.png;;;;;;;;;;;;tillvex
449821560;MSV Handtuchhalter 3-stufig Schwarz, bohrfrei & platzsparend;1;3700703935148;SKU-9834509499;Badzubehör & -textilien;0.00;19 %;0;Dieser MSV Handtuchhalter schafft Ordnung und Hygiene in Ihrem Bad, indem er Handtücher stets griffbereit und optimal belüftet hält. Seine bohrfreie Anbringung schont Ihre Wände und ermöglicht ein schnelles, hygienisches Trocknen dank der drei geräumigen Stufen.Gefertigt aus robustem Metall in elegantem Schwarz, garantiert dieser Handtuchhalter Langlebigkeit und eine stilvolle Optik in jedem Badezimmer. Mit Maßen von 42x22x68.5 cm bietet er großzügigen Platz für mehrere Handtücher und lässt sich flexibel an Türen oder Duschwänden einhängen.Der Handtuchhalter wird vormontiert geliefert und ist sofort einsatzbereit, sodass keine aufwendige Montage nötig ist. Für die Pflege genügt ein feuchtes Tuch, und seine flexible Einhängefunktion erlaubt jederzeit ein spurloses Umplatzieren.;;;;;https://storage.googleapis.com/prodsandjobs/products/449821560/studio_front_6c99420dc7e3691604a94f66c17db13b.png;https://storage.googleapis.com/prodsandjobs/products/449821560/studio_detail_0e4fcccc8c6a2f5ccab7f2b1ff6da502.png;https://storage.googleapis.com/prodsandjobs/products/449821560/lifestyle_front_be8fd7362e3240417839cd9674cf5968.png;https://storage.googleapis.com/prodsandjobs/products/449821560/lifestyle_inuse_29a4ed94b1cfe9a2c03a04c61fbb78fe.png;;;;;;;;;;;;;MSV
449821792;NEOLYMP Yogamatte 183x61cm Lime - Rutschfest & Biologisch Abbaubar;1;4260623660043;SKU-7627745924;Yogamatten;14.99;19 %;0;"Die NEOLYMP Yogamatte in leuchtendem Limegrün ist Ihr idealer Begleiter für Yoga, Pilates und Fitness, sowohl im Studio als auch im Freien. Mit ihren großzügigen Maßen von 183 x 61 cm bietet sie ausreichend Platz für eine Vielzahl von Übungen und sorgt dank ihrer rutschfesten Oberfläche für maximale Stabilität bei jeder Bewegung. Die zweilagige Matte besitzt eine griffig strukturierte Oberfläche und ein weiches, gelenkschonendes Trägermaterial.

Diese Matte zeichnet sich durch ihre umweltfreundlichen Materialeigenschaften aus: Sie ist laut Hersteller zu 100 % biologisch abbaubar und frei von PVC, Latex, Gummi, Toxinen sowie giftigen Weichmachern. Dies macht sie besonders hautfreundlich und sicher für den täglichen Gebrauch. Der zweilagige Aufbau mit farblich abgesetzter Unterseite sorgt zudem für zusätzliche Dämpfung und Langlebigkeit.

Die Pflege der Matte ist denkbar einfach, da ihre wasserabweisende Oberfläche leicht mit handwarmem Seifenwasser und einem weichen Tuch oder einer Bürste zu reinigen ist. Nach dem Training einfach abwischen und vollständig trocknen lassen, um die Langlebigkeit zu gewährleisten. Ihre robuste Bauweise macht sie zur perfekten Wahl für den täglichen Einsatz und intensive Trainingseinheiten, egal ob zu Hause, im Studio oder im Freien.";;;;;https://storage.googleapis.com/avycloud-genai-images/products/4260623660043/gemini_render_studio_1764686375001_0_62fd9542638f9f91fac9732409fdd263.png;https://storage.googleapis.com/avycloud-genai-images/products/4260623660043/gemini_render_studio_1764686376742_1_b170cc38d5ee3f9a8a28cf041ac859e2.png;https://storage.googleapis.com/avycloud-genai-images/products/4260623660043/gemini_render_lifestyle_1764686396417_0_827a7d803673ec07abff1d837b0377e2.png;https://storage.googleapis.com/avycloud-genai-images/products/4260623660043/gemini_render_lifestyle_1764686397980_1_3bb77613cf4e4dc60ac225cda7eb3294.png;;;;;;;;;;;;;NEOLYMP
449821915;WOLTU Sitzhocker mit Stauraum, faltbar, dunkelgrau;1;;SKU-6847456474;Sitzmöbel;17.95;19 %;0;Faltbarer Sitzhocker/Sitzwürfel mit gepolstertem, samtähnlichem Bezug und verstecktem Stauraum. Maße ca. 37,5 x 37,5 x 38 cm, belastbar bis ca. 150 kg. Dunkelgrau/Anthrazit, werkzeuglos zusammenklappbar und vielseitig als Sitz, Fußbank oder Aufbewahrungswürfel einsetzbar.;;;;;https://storage.googleapis.com/trendocean/products/image_001/other_fba574aced96f4387418c51681c48489.png;https://storage.googleapis.com/trendocean/products/image_001/other_e0a763054af53b40ea6a12c647b22062.png;https://storage.googleapis.com/trendocean/products/image_001/other_27a95326ba867213bc3a52608448b683.png;https://storage.googleapis.com/trendocean/products/image_001/other_d10bfcb16d739eab27972e69e5e91d74.png;https://storage.googleapis.com/trendocean/products/image_001/other_16cdb7d61c1c50a0171cc8c05ce63eab.png;https://storage.googleapis.com/trendocean/products/image_001/other_1a3087bcaf3193c418f01059680b7ad2.png;;;;;;;;;;;WOLTU
449821953;bremermann Nudelmaschine Manuell für frische, hausgemachte Pasta;1;4057993570030;SKU-9787450821;Haushalt & Küche;25.99;19 %;0;Entdecken Sie die Freude an frischer, hausgemachter Pasta mit der bremermann Nudelmaschine, die mühelos authentische Spezialitäten wie Lasagne und Tagliatelle kreiert. Ihre Liebsten werden von den selbstgemachten Nudeln begeistert sein, die Sie mit diesem vielseitigen Gerät zubereiten können.Stabile Edelstahlwalzen und ein hochwertiges, rot lackiertes Metallgehäuse garantieren eine langlebige und leicht zu reinigende Konstruktion für den regelmäßigen Einsatz. Dank der robusten Handkurbel und einer praktischen Tischklemme lässt sich das Gerät sicher am Arbeitstisch befestigen und komfortabel bedienen.Der Lieferumfang umfasst die Nudelmaschine, die Handkurbel, die Tischklemme sowie einen Reinigungsspatel für die einfache Pflege nach Gebrauch. Die ausschließliche Trockenreinigung gewährleistet die Langlebigkeit und erhält die optimale Funktion des Gerätes auf Dauer, sodass Sie lange Freude daran haben werden.;;;;;https://storage.googleapis.com/avycloud-product-images/products/4057993570030/other_215147fa09e0343375416c2f9e6b1e3c.png;https://storage.googleapis.com/avycloud-product-images/products/4057993570030/other_3abf5dc4f8ab5493fc3a266cb413cfe5.png;https://storage.googleapis.com/avycloud-product-images/products/4057993570030/other_bba31b7a4162013c71b07ebf166385f7.png;https://storage.googleapis.com/avycloud-product-images/products/4057993570030/other_a001a1f7a6c48f50970ec2222ada9333.png;https://storage.googleapis.com/avycloud-product-images/products/4057993570030/other_22e24ad5aba2a59b9a8ac87f98ef9505.png;;;;;;;;;;;;bremermann
449821992;Villa Grinario Spannbettlaken – Fester Sitz & weiche Baumwolle;1;;SKU-6928779778;Bettwäsche;14.99;19 %;0;"Das Villa Grinario Spannbettlaken sorgt mit festem Sitz und glatter Liegefläche für erholsame Nächte. Es passt ideal auf Einzelbetten im Schlafzimmer, Gästezimmer oder in Ferienunterkünften.

Die weiche Jersey-Qualität aus 100 % Baumwolle schmiegt sich hautfreundlich an. Die atmungsaktive Naturfaser unterstützt ein ausgeglichenes Schlafklima und reduziert störenden Wärmestau.

Ein elastischer Rundumgummizug erleichtert das Beziehen und hält das Laken passgenau auf Matratzen von etwa 90–100 x 200 cm. Im Lieferumfang enthalten ist ein weißes Spannbettlaken; für optimale Pflege bitte die Hinweise auf dem Etikett beachten.";;;;;https://storage.googleapis.com/avycloud-product-images/products/unknown/other_9a4324f70efeca7a1b9974d8bf97df3e.png;https://storage.googleapis.com/avycloud-product-images/products/unknown/other_925e0c7b9addd0c49883385c4c502844.png;https://storage.googleapis.com/avycloud-product-images/products/unknown/other_d6594f85e2be33710c08fd4a00b1ca2e.png;https://storage.googleapis.com/avycloud-product-images/products/unknown/other_bac58b0eb7c7adbabbcfe9e94f925d5f.png;https://storage.googleapis.com/avycloud-product-images/products/unknown/other_a1a73eddf93a10824806529d4b4ce97f.png;;;;;;;;;;;;Villa Grinario
449822031;Villa Grinario Jersey-Spannbettlaken 100x200 cm, Grün, 100% Baumwolle;1;;SKU-8640590578;Bettlaken;14.99;19 %;0;"Das Villa Grinario Jersey-Spannbettlaken bietet mit seinem weichen, elastischen Stoff einen hervorragenden Schlafkomfort. Es ist ideal für den täglichen Gebrauch und passt sich dank des dauerhaft elastischen Rundumgummis faltenarm und sicher jeder Matratze an. Gefertigt aus fein gekämmter 100 % Baumwolle in atmungsaktiver Jersey-Qualität, ist es besonders hautfreundlich und unterstützt ein trockenes, angenehmes Schlafklima. Das dehnbare Laken ist für Matratzen mit einer Liegefläche von etwa 90–100 x 200 cm geeignet und sorgt für einen festen Sitz. Dieses Spannbettlaken ist äußerst pflegeleicht, bügelfrei und kann gemäß Pflegeetikett problemlos in der Maschine gewaschen sowie im Trockner getrocknet werden. Im Lieferumfang ist ein Jersey-Spannbettlaken in der gewählten Größe und Farbe enthalten; bitte beachten Sie die Pflegehinweise und mögliche Farbabweichungen zum Bildschirmbild.";;;;;https://storage.googleapis.com/avycloud-product-images/products/villa-grinario-spannbetttuch-100x200-gruen/other_8edd78786d2cdcef4216c3d846241b81.png;https://storage.googleapis.com/avycloud-product-images/products/villa-grinario-spannbetttuch-100x200-gruen/other_bdb076e4ad06921c7373b382d713a8b2.png;https://storage.googleapis.com/avycloud-product-images/products/villa-grinario-spannbetttuch-100x200-gruen/other_ee8cdc04f4a2d04bba0080cfc14b6b14.png;https://storage.googleapis.com/avycloud-product-images/products/villa-grinario-spannbetttuch-100x200-gruen/other_2b53eb3c71cf90d0c5f9ae3065f08999.png;https://storage.googleapis.com/avycloud-product-images/products/villa-grinario-spannbetttuch-100x200-gruen/other_8ac5796413c51127b38f4abc6e8a3937.png;;;;;;;;;;;;Villa Grinario
449822072;Terry Regenschutz Small – Fahrradsattel wasserdicht schützen;1;4260012351552;SKU-6603765179;Fahrradzubehör;7.90;19 %;0;"Der Terry Rain Cover Small ist ein praktischer und wasserabweisender Regenschutz für Fahrradsättel. Er schützt Ihren Sattel zuverlässig vor Nässe, Schmutz und Beschädigungen bei schlechtem Wetter. So bleibt Ihr Sattel trocken und sauber, auch wenn es regnet.

Dieser Regenschutz ist aus hochwertigem 210D Nylon gefertigt, das wasserabweisend beschichtet ist. Er ist leicht und einfach zu verstauen, sodass Sie ihn problemlos auf jeder Fahrt mitnehmen können. Der Terry Rain Cover Small ist passend für Sättel mit einer Breite von bis zu 180 mm.

Mit dem Terry Rain Cover Small bleiben Sie und Ihr Fahrradsattel bei jedem Wetter geschützt. Er ist ein unverzichtbares Zubehör für alle Radfahrer, die Wert auf Komfort und Sauberkeit legen.";;;;;https://storage.googleapis.com/prodsandjobs/products/4260012351552/gemini_render_studio_front_1765308970941_0_dc7bc15a96b8126edd9f7737a778198f.png;https://storage.googleapis.com/prodsandjobs/products/4260012351552/gemini_render_studio_detail_1765308980535_0_a2e6d6304512083fb1de6cf3c2c95952.png;https://storage.googleapis.com/prodsandjobs/products/4260012351552/gemini_render_lifestyle_front_1765309003204_0_a37cc84c79f86d7f3d023e26b0aaa988.png;https://storage.googleapis.com/prodsandjobs/products/4260012351552/gemini_render_lifestyle_closeup_1765309010881_0_6294fa7eb8c0dcb70ba61b19cb6fb4d9.png;https://storage.googleapis.com/prodsandjobs/products/4260012351552/gemini_render_lifestyle_inuse_1765309018934_0_f495b6453e7291ff9b6327c5377b3daf.png;;;;;;;;;;;;Terry
449822125;Terry Fahrradsattel Exera Gel Herren – Ergonomisch für höchsten Komfort;1;4260477074874;SKU-0785869755;Fahrrad;75.90;19 %;0;Der Terry Exera Gel Herrensattel wurde speziell für anspruchsvolle Radfahrer entwickelt, die auch auf langen Strecken höchsten Komfort suchen. Sein ergonomisches Design minimiert effektiv Druckpunkte und fördert eine gesunde, entspannte Sitzposition für langanhaltenden Fahrspaß.Ausgestattet mit einer innovativen Gel-Polsterung, passt sich dieser Sattel optimal der individuellen Anatomie an und absorbiert Stöße zuverlässig auf unebenem Terrain. Die robusten und sorgfältig ausgewählten Materialien garantieren eine außergewöhnlich lange Lebensdauer und machen ihn zu einem verlässlichen Partner.Die unkomplizierte Montage an Standard-Sattelstützen sowie die pflegeleichte Oberfläche gewährleisten eine einfache Handhabung und dauerhafte Freude am Produkt. Genießen Sie jede Fahrt mit diesem Premium-Sattel, der für Ihre Zufriedenheit und unbeschwerte Touren konzipiert wurde.;;;;;https://storage.googleapis.com/avycloud-product-images/products/terry-fly-exera-gel-men-42300732/other_48c2bbf9f884afb2eee3a22d0e56c00f.png;https://storage.googleapis.com/avycloud-product-images/products/terry-fly-exera-gel-men-42300732/other_30cb116c755e561d670130261a38c944.png;https://storage.googleapis.com/avycloud-product-images/products/terry-fly-exera-gel-men-42300732/other_ee893eb7658ba403ce5eae7bd48c0cdc.png;;;;;;;;;;;;;;Terry
449822230;Nidec Sankyo Motorisierter Kartenleser – Präzision für Dauerbetrieb;1;;SKU-3149269291;Automaten;299.00;19 %;0;Der Nidec Sankyo 445-0765157A Kartenleser ist für professionellen Dauerbetrieb konzipiert und bietet höchste Zuverlässigkeit in anspruchsvollen Umgebungen. Seine präzise Mechanik gewährleistet einen sicheren und schonenden Kartentransport, ideal für Zahlungsterminals und Zutrittskontrollen.Dieses robuste Einbaumodul verfügt über ein langlebiges Metallchassis, das optimalen Schutz und eine lange Lebensdauer sichert. Ein integriertes Shutter-System an der Karteneinführung erhöht zudem den Manipulations- und Fremdkörperschutz erheblich.Ausgelegt für eine stabile 24V DC-Versorgung, unterstützt dieser Leser HiCo-Magnetstreifenkarten sowie kontaktbasierte Smartcards für vielfältige Anwendungen. Der Lieferumfang umfasst das hochwertige motorisierte Kartenlesermodul, das eine einfache Integration ermöglicht und minimale Wartung erfordert.;;;;;https://storage.googleapis.com/avycloud-genai-images/products/nidec-445-0765157A/gemini_render_studio_1764677787881_1_675db67509823f2cbb868e16f642327d.png;https://storage.googleapis.com/avycloud-genai-images/products/nidec-445-0765157A/gemini_render_lifestyle_1764683537510_1_81b2b94095da290183c0b3ef2f459e34.png;;;;;;;;;;;;;;;Nidec Sankyo
449822362;FIREFIX Ofenrohr DN 180, 1000mm, Senotherm Schwarz für sichere Abführung;1;4017537302565;SKU-6830410442;Heimwerker;31.90;19 %;0;"Dieses FIREFIX Ofenrohr DN 180 mit 1000 mm Länge schafft eine sichere, rauchdichte Verbindung zwischen Ihrem Kaminofen und dem Schornstein. Es gewährleistet eine effiziente Rauchgasabführung und optimiert so die Sicherheit und Funktion Ihrer gesamten Heizanlage.Gefertigt aus robustem Stahl mit 2 mm Wandstärke, bietet dieses Ofenrohr höchste Formstabilität und beeindruckende Langlebigkeit. Die hochwertige Senotherm UHT-HYDRO Beschichtung in elegantem Mattschwarz schützt zuverlässig vor Korrosion und integriert sich stilvoll in jedes Ambiente.Die Montage erfolgt dank des passgenauen Stecksystems mit Einzug denkbar einfach und schnell, was eine dauerhaft dichte Verbindung garantiert. Der Lieferumfang umfasst ein Ofenrohr; für eine lange Lebensdauer wird regelmäßige Reinigung empfohlen, um die Funktionalität und Optik zu erhalten.";;;;;https://storage.googleapis.com/avycloud-product-images/products/4017537302565/other_073d98940201089588cd52bed0ac1939.png;https://storage.googleapis.com/avycloud-product-images/products/4017537302565/other_30ca9e14a904635fcba3eb3e5eaa7de4.png;https://storage.googleapis.com/avycloud-product-images/products/4017537302565/other_8348f33a8cecc20b076b90cf4a719783.png;https://storage.googleapis.com/avycloud-product-images/products/4017537302565/other_bf5ab5e2806a2c6bd1c01c78c49f69e9.png;https://storage.googleapis.com/avycloud-product-images/products/4017537302565/other_edfaf40c1f4daa209da7d3016aa7e3d6.png;https://storage.googleapis.com/avycloud-product-images/products/4017537302565/other_b816b00c431143fc8670a61234554641.png;;;;;;;;;;;FIREFIX
449822440;Topeak JoeBlow Urban EX Standpumpe für präzisen Druck bei Urban & E-Bikes;1;4710069708088;SKU-7237772440;Fahrradzubehör;43.85;19 %;0;Die Topeak JoeBlow Urban EX Standpumpe ist der ideale Begleiter für alle Stadt-, Trekking- und E-Bikes. Sie gewährleistet stets optimalen Reifendruck für erhöhte Fahrsicherheit und ein müheloses Fahrerlebnis.Ausgestattet mit einem vielseitigen TwinHead-Pumpenkopf, ist sie kompatibel mit Presta- und Schrader-Ventilen ohne zusätzliche Adapter. Der robuste Metallzylinder und das widerstandsfähige Kunststoffgehäuse garantieren dabei eine lange Haltbarkeit und zuverlässige Leistung.Im Lieferumfang ist die Topeak JoeBlow Urban EX Standpumpe enthalten, bereit für den sofortigen Einsatz. Beachten Sie bitte stets den zulässigen Reifendruck Ihrer Reifen und die Herstellerhinweise vor dem Gebrauch.;;;;;https://storage.googleapis.com/avycloud-product-images/products/4710069708088/other_28e48170e82216ffb0a21a28b38bf9b1.png;https://storage.googleapis.com/avycloud-product-images/products/4710069708088/other_b1b58811dd271992ac2de8685541adb6.png;https://storage.googleapis.com/avycloud-product-images/products/4710069708088/other_c5832b6526d657606cef90418d6375b9.png;https://storage.googleapis.com/avycloud-product-images/products/4710069708088/other_a9fb8d8be5ef926d9a6c5a9698d9350b.png;;;;;;;;;;;;;Topeak
449822551;IKEA Pendelleuchte mit blendfreiem Licht für Esstisch und Küche;1;;SKU-8310896573;Pendel;104.05;19 %;0;"Die IKEA Pendelleuchte RANARP erzeugt blendfreies, gerichtetes Licht über Esstisch oder Kücheninsel. Ihr zeitloses skandinavisches Design sorgt für eine warme, einladende Atmosphäre im ganzen Raum.

Der weiße Metallschirm mit 38 cm Durchmesser bündelt das Licht optimal nach unten. Eine E27-Fassung ermöglicht die Nutzung moderner LED-Leuchtmittel bis 11 Watt in Wunschhelligkeit und Farbtemperatur.

Im Lieferumfang enthalten sind die Pendelleuchte mit textilummanteltem Kabel, Deckenbaldachin und passendem Montagezubehör für die Deckeninstallation. Zur Pflege genügt ein trockenes oder leicht feuchtes Tuch, aggressive Reiniger und scharfe Gegenstände sollten vermieden werden.";;;;;https://storage.googleapis.com/avycloud-product-images/products/60256494/other_816ef93956198c7de3f1cc4feecadfa4.png;https://storage.googleapis.com/avycloud-product-images/products/60256494/other_dea5431f13a85e21f5afc4606fb294c6.png;https://storage.googleapis.com/avycloud-product-images/products/60256494/other_6596c69a200c319e81a43cb681d8f7b4.png;https://storage.googleapis.com/avycloud-product-images/products/60256494/other_e5e07fb21e9e380457eacc2be87fc2ba.png;https://storage.googleapis.com/avycloud-product-images/products/60256494/other_c5daa5750e8d3e81f71badc82805ecfd.png;https://storage.googleapis.com/avycloud-product-images/products/60256494/other_504c91c234cb5f84fe5af9c729e78e74.png;;;;;;;;;;;IKEA
449822798;Bellabino Kinderregal Towy Mobil: Fördert spielerisch Ordnung & Selbstständigkeit;1;;SKU-2638580995;Kinder;44.99;19 %;0;Das Bellabino Kinderregal Towy Mobil fördert spielerisch die Selbstständigkeit und eine positive Aufräumroutine im Kinderzimmer. Es unterstützt Kinder dabei, frühzeitig Verantwortung zu übernehmen und ihre Umgebung eigenständig zu gestalten.Gefertigt aus hochwertigem, robustem Holz, bietet dieses mobile Regal drei leicht zugängliche Fächer für Bücher und Spielzeug. Integrierte, stabile Holzrollen ermöglichen eine mühelose Mobilität und flexible Raumnutzung, während die moderne weiße Oberfläche pflegeleicht und hygienisch ist.Der Lieferumfang beinhaltet das zerlegte Regal sowie alle notwendigen Montageteile für eine einfache Selbstmontage. Für eine lange Lebensdauer und optimale Nutzung empfehlen wir die regelmäßige Reinigung der Oberflächen mit einem feuchten Tuch und die Prüfung der Rollenfunktion.;;;;;https://storage.googleapis.com/avycloud-product-images/products/BB-0046-03-01/other_2977be78c33c4682322e0876a5395c78.png;https://storage.googleapis.com/avycloud-product-images/products/BB-0046-03-01/other_15bf49dc259b6f6c23b7e69a0abebcbc.png;https://storage.googleapis.com/avycloud-product-images/products/BB-0046-03-01/other_6ae64c6e9801af2d3aa10e1ed2bce386.png;https://storage.googleapis.com/avycloud-product-images/products/BB-0046-03-01/other_ffd19beb9bce466f0595bcffee7f89ff.png;https://storage.googleapis.com/avycloud-product-images/products/BB-0046-03-01/other_181ac146a7d52ede08cbf333054e97fc.png;https://storage.googleapis.com/avycloud-product-images/products/BB-0046-03-01/other_83b148594e98112e8a83ea42df34daea.png;;;;;;;;;;;Bellabino
449822902;UBRAVOO Kindersitzerhöhung Booster – mobil sicher sitzen;1;;SKU-0362404564;Kindersitze;35.99;19 %;0;"Die UBRAVOO Kindersitzerhöhung ACE1013 bietet Ihrem Kind eine sichere, erhöhte Sitzposition am Esstisch zuhause oder unterwegs. Dank integriertem 3-Punkt-Gurt sitzt Ihr Nachwuchs stabil und gut gehalten während der Mahlzeiten.

Das leichte, klappbare Design mit weich gepolsterter Sitzschale und robustem Kunststoff sorgt für hohen Komfort und einfache Handhabung. Ein abnehmbares Tablett erleichtert das Füttern und lässt sich zur Reinigung schnell abnehmen und abwischen.

Im Lieferumfang enthalten sind Kindersitzerhöhung, Tablett, Sicherheitsgurt sowie eine ausführliche Montage- und Bedienungsanleitung. Bitte verwenden Sie den Sitz nur entsprechend der Anleitung, beachten Sie die Altersempfehlung und lassen Sie Ihr Kind niemals unbeaufsichtigt sitzen.";;;;;https://storage.googleapis.com/avycloud-product-images/products/UBRAVOO-ACE1013-1/other_d79b90fc28a343826b8ac4ef67ecc89d.png;https://storage.googleapis.com/avycloud-product-images/products/UBRAVOO-ACE1013-1/other_104affac051ab5289724a3391eddaee1.png;https://storage.googleapis.com/avycloud-product-images/products/UBRAVOO-ACE1013-1/other_c318b0414e2c87690d1b15f76f0bbc7b.png;https://storage.googleapis.com/avycloud-product-images/products/UBRAVOO-ACE1013-1/other_caab3a535167b490750a3edac2442a77.png;https://storage.googleapis.com/avycloud-product-images/products/UBRAVOO-ACE1013-1/other_54181c38be36d78c40ab5ff1416c6018.png;https://storage.googleapis.com/avycloud-product-images/products/UBRAVOO-ACE1013-1/other_f804953a7c963dc60cafb89bf45d9b16.png;;;;;;;;;;;UBRAVOO
449823072;BBQ-Toro Gusseisen Wok Ø35,5cm für authentische & krosse Bratergebnisse;1;4260532291215;SKU-4990478200;Kochen & Backen;39.95;19 %;0;Der BBQ-Toro Gusseisen Wok mit 35,5 cm Durchmesser ist Ihr idealer Partner für authentische Wok-Gerichte und perfekt krosse Bratergebnisse. Gefertigt aus massivem Gusseisen, speichert er extreme Hitze und gewährleistet eine gleichmäßige Wärmeverteilung für intensivste Geschmackserlebnisse.Dieser vielseitige Wok eignet sich hervorragend für große Familienportionen und ist kompatibel mit allen Herdarten, inklusive Gas, Elektro, Induktion, sowie für Grill und Backofen. Die vorgewürzte Oberfläche bietet nach kurzem Einbrennen eine natürliche Antihaftwirkung und macht ihn besonders pflegeleicht, während zwei stabile Seitengriffe eine sichere Handhabung ermöglichen.Die robuste Gusseisen-Bauweise garantiert eine extrem lange Haltbarkeit und macht diesen Wok zu einer wertvollen Investition für jede Küche. Der Lieferumfang umfasst einen Gusseisen Wok Ø 35,5 cm ohne Deckel, bereit für Ihre kulinarischen Abenteuer.;;;;;https://storage.googleapis.com/trendocean/products/4260532291215/other_381711cf2b8a21a2f945f6c5e34591d3.png;https://storage.googleapis.com/trendocean/products/4260532291215/other_9b1b255d7de72235fcc9282fbdbb6665.png;https://storage.googleapis.com/trendocean/products/4260532291215/other_43f29c4c29dcf695ad75a21392ba34ca.png;https://storage.googleapis.com/trendocean/products/4260532291215/other_4047331509b205f1cb3de09ba89b33c9.png;;;;;;;;;;;;;BBQ-Toro
449823262;LLIVEKIT Dual-Zone Heißluftfritteuse 9L – Gesund & Schnell Kochen;1;20001500;SKU-3093460977;Heißluftfritteuse;109.99;19 %;0;Die LLIVEKIT Dual-Zone Heißluftfritteuse revolutioniert Ihre Küche und ermöglicht gesundes sowie schnelles Zubereiten vielfältiger Gerichte mit minimalem Öl. Genießen Sie knusprige Pommes, saftiges Hähnchen oder perfekt gegartes Gemüse und erweitern Sie Ihre kulinarischen Möglichkeiten.Dank der innovativen Dual-Zone-Technologie können Sie zwei unterschiedliche Speisen gleichzeitig mit individuellen Einstellungen zubereiten, unterstützt durch eine intuitive digitale Bedienung mit praktischen Voreinstellungen. Dieses moderne Gerät ist aus robusten, langlebigen Materialien wie Kunststoff und Metall gefertigt, um eine lange Lebensdauer zu gewährleisten.Der Lieferumfang umfasst die leistungsstarke Heißluftfritteuse inklusive zwei separaten Garkörben, bereit für den sofortigen Einsatz in Ihrer Küche. Für eine einfache Pflege sind die antihaftbeschichteten Körbe spülmaschinenfest, was die Reinigung nach dem Kochen erheblich vereinfacht und Ihnen mehr Zeit für Genuss lässt.;;;;;https://storage.googleapis.com/prodsandjobs/products/KDF-5517DTW/other_8ac029b34dfd934c621f9cf4309e1e22.png;https://storage.googleapis.com/prodsandjobs/products/KDF-5517DTW/other_29cd6136e556d7b43078a1bd2155bd1b.png;https://storage.googleapis.com/prodsandjobs/products/KDF-5517DTW/other_024203206dd02c2ae29e88bf307a4cc1.png;https://storage.googleapis.com/trendocean/products/KDF-5517DTW/other_29cd6136e556d7b43078a1bd2155bd1b.png;https://storage.googleapis.com/trendocean/products/KDF-5517DTW/other_e4f3fbe709d63d36376422bae8f32685.png;;;;;;;;;;;;LLIVEKIT
449823462;Classic Flyer Hörnerschlitten Davos 110cm – TÜV-geprüft für sicheren Rodelspaß;1;4011739058220;SKU-5633394973;Schlitten & Bobs;89.90;19 %;0;Der Classic Flyer Davos Hörnerschlitten garantiert unvergesslichen Winterspaß für die ganze Familie und überzeugt durch seine außergewöhnliche Langlebigkeit. Seine stahlverstärkten Rundkufen ermöglichen eine stets laufruhige Fahrt auf jedem Schneeuntergrund und sorgen für optimale Spurtreue.Gefertigt aus massivem, nachhaltigem Buchenholz, bietet dieser Schlitten höchste Stabilität und Sicherheit für Rodler ab 3 Jahren bis 90 kg. Das ergonomische Hörnerdesign sorgt dabei für maximalen Sitzkomfort und eine sichere Führung bei jeder Abfahrt.Der Schlitten wird komplett vormontiert geliefert und ist dank des integrierten Zugbandes sofort einsatzbereit für spontane Rodelpartien. Er ist GS- und TÜV Rheinland-zertifiziert sowie aus FSC-zertifiziertem Holz gefertigt, was für geprüfte Sicherheit und Nachhaltigkeit steht.;;;;;https://storage.googleapis.com/avycloud-product-images/products/alpinefun-holzschlitten/other_dc321bb098696a538c1a3b4e4c042cbb.png;https://storage.googleapis.com/avycloud-product-images/products/alpinefun-holzschlitten/other_368a896000ea50421c4b4688a3fd47c3.png;https://storage.googleapis.com/avycloud-product-images/products/alpinefun-holzschlitten/other_f7c26ab6049e66d0fb450e778774da61.png;https://storage.googleapis.com/avycloud-product-images/products/alpinefun-holzschlitten/other_7fabf61a672dce14b2fb691e6f11c316.png;https://storage.googleapis.com/avycloud-product-images/products/alpinefun-holzschlitten/other_e5a376d04059c468f3bcc97cb864e16c.png;;;;;;;;;;;;Classic Flyer
449823557;ADVENTURE Pop-Up Strandmuschel – Blitzschneller UV 50+ Schutz für Strand & Garten;1;;SKU-5795572847;Strandmuscheln;34.99;19 %;0;Die ADVENTURE Pop-Up Strandmuschel bietet sofortigen UV 50+ Schutz und ist Ihr idealer Begleiter für unbeschwerte Stunden im Freien. Sie schützt zuverlässig vor intensiver Sonneneinstrahlung, Wind und leichtem Regen, perfekt für entspannte Tage am Strand, im Park oder im eigenen Garten.Gefertigt aus robustem, hochwertigem und UV-beständigem Material, garantiert diese Strandmuschel einen hervorragenden UV 50+ Sonnenschutz für die gesamte Familie. Der innovative Pop-Up-Mechanismus ermöglicht einen blitzschnellen Aufbau in nur wenigen Sekunden, ganz ohne komplizierte Stangen oder Werkzeuge.Profitieren Sie von maximaler Flexibilität dank des geringen Gewichts und des kompakten Packmaßes, ideal für den mühelosen Transport in der mitgelieferten Tragetasche. Die einfache Pflege durch Abwischen sorgt zudem für langanhaltende Freude an Ihrem Outdoor-Begleiter und macht sie sofort einsatzbereit.;;;;;https://storage.googleapis.com/prodsandjobs/products/449823557/other_7bc5638ff41c8bf0e6bbf6d619945c17.webp;https://storage.googleapis.com/prodsandjobs/products/449823557/studio_front_93fa6ec8269a9c7f3996ff1961798440.png;https://storage.googleapis.com/prodsandjobs/products/449823557/studio_detail_d122443bff69721ddb71a0af7aa6a5cc.png;https://storage.googleapis.com/prodsandjobs/products/449823557/studio_topdown_4cf5b34aea7a3f93df1c90aa35c75c86.png;https://storage.googleapis.com/prodsandjobs/products/449823557/lifestyle_front_e001495c91e828d41f2efb80ea64dd11.png;https://storage.googleapis.com/prodsandjobs/products/449823557/lifestyle_inuse_6b77f16d4e8d87517727e9559bc1d53c.png;;;;;;;;;;;ADVENTURE
449823623;Walser Perma Protect Hagelschutzplane S – Optimaler 4mm Hagelschutz;1;9001778309730;SKU-2633108165;Autoabdeckung;92.95;19 %;0;Die WALSER Perma Protect Hagelschutzplane S schützt Ihr Fahrzeug zuverlässig vor Hagelschlag und extremen Witterungseinflüssen. Sie bewahrt effektiv den Lack sowie den Wiederverkaufswert Ihres Autos und ist ideal für den ganzjährigen Einsatz.Die 4 mm starke Polsterung minimiert das Risiko von Hageldellen und schützt den Fahrzeuglack zuverlässig vor Beschädigungen. Gleichzeitig verhindert das atmungsaktive Material Schwitzwasserbildung und Korrosion, während elastischer Saum und Spanngurte für sicheren Halt sorgen.Die Montage der Plane ist schnell und unkompliziert, sodass Ihr Fahrzeug jederzeit spontan geschützt werden kann. Im Lieferumfang sind die Hagelschutzplane, Befestigungsgurte und eine praktische Aufbewahrungstasche enthalten, um alles ordentlich zu verstauen.;;;;;https://storage.googleapis.com/avycloud-product-images/products/walser-30973/other_e8a2ca71eae651389ff447c846f9c1dd.jpeg;https://storage.googleapis.com/avycloud-product-images/products/walser-30973/other_7401cc59174cde46af19dfbbd553e543.png;https://storage.googleapis.com/avycloud-product-images/products/walser-30973/other_e86ee5d387c79c99ac8c7eec61143791.png;https://storage.googleapis.com/avycloud-product-images/products/walser-30973/other_dbf3d6a6e2d226311a7ab1a7eecb3909.png;https://storage.googleapis.com/avycloud-product-images/products/walser-30973/other_4de1a6b977c6da814ed0976e1792b3b0.png;https://storage.googleapis.com/avycloud-product-images/products/walser-30973/other_869019ab08e79c4008bdd938df09e587.png;;;;;;;;;;;WALSER
449823903;Beliani Beistelltisch CAORIA: Eleganter Terrazzo-Blickfang für Innen & Außen;1;;SKU-2965430996;Möbel & Wohnen;79.99;19 %;8;Der Beliani Beistelltisch CAORIA besticht durch sein einzigartiges Sanduhr-Design und die moderne Terrazzo-Optik, die ihn zu einem stilvollen Blickfang macht. Er fügt sich nahtlos in diverse Einrichtungsstile ein und bereichert jeden Raum mit seiner skulpturalen Form.Gefertigt aus einer robusten Mischung aus Leichtbeton (MgO) und Glasfaser, ist dieser Tisch nicht nur ästhetisch ansprechend, sondern auch äußerst langlebig und pflegeleicht. Seine vielseitige Einsetzbarkeit macht ihn zum idealen Beistell-, Nacht- oder dekorativen Pflanzentisch für Innen- und Außenbereiche.Mit einer Höhe von 46 cm und einem Durchmesser von 40 cm bietet der CAORIA ausreichend Ablagefläche bei kompakter Größe. Er wird komplett vormontiert geliefert, ist sofort einsatzbereit und überzeugt mit einer beeindruckenden Belastbarkeit von bis zu 100 kg.;;;;;https://storage.googleapis.com/trendocean/products/beliani-side-table-28049-image-1/other_ff01e9cb0ad72400c3b310b3a8281302.png;https://storage.googleapis.com/trendocean/products/beliani-side-table-28049-image-1/other_0c81812938e37de5143def134721c59c.png;https://storage.googleapis.com/trendocean/products/beliani-side-table-28049-image-1/other_5049a92dca203cfb2ff630a4efd561bc.png;https://storage.googleapis.com/trendocean/products/beliani-side-table-28049-image-1/other_40924ebc69dffcfc0a14126849d9e598.png;https://storage.googleapis.com/trendocean/products/beliani-side-table-28049-image-1/other_6cd2aa2107ddfdfceabb6fdf995121e2.png;;;;;;;;;;;;Beliani
449823978;House Nordic Servierwagen Noel;1;5713917008889;SKU-1738034075;Servierwagen;89.00;19 %;0;"Der House Nordic Servierwagen Beja/Vita ist ein kompakter, mobiler Barwagen mit zwei Ablagen auf vier leichtgängigen Rollen. Maße: B 68 cm x H 79 cm x T 40 cm. Belastbarkeit: je Ablage 5 kg. Farbe Gestell und Ablageflächen: Schwarz. Material: Metallgestell, beschichtet; Ablagen: mitteldichte Holzfaserplatte (MDF). Lieferung flach verpackt (Paket 1: B 72 cm x H 7 cm x T 42 cm; Gewicht Paket 1: 8 kg). Zerlegt geliefert; vollständiger Aufbau durch Endkunde notwendig. Pflegehinweis: mit weichem, leicht feuchtem Tuch reinigen, keine aggressiven Reiniger.";;;;;https://storage.googleapis.com/trendocean/products/5713917008889/other_e38e95dd35222dc62990c02295a1e072.png;https://storage.googleapis.com/trendocean/products/5713917008889/other_ecc4f725f76987ad576d69d53057096c.png;https://storage.googleapis.com/trendocean/products/5713917008889/other_27ba56896380391abce57a601f5fe8e1.png;https://storage.googleapis.com/trendocean/products/5713917008889/other_e32aa1182dd812c2d16ef04ba1ded465.png;;;;;;;;;;;;;House Nordic
449824067;YOLEO Kinderroller 931: 3-Rad Scooter mit LED-Rädern & höhenverstellbarem Lenker – Stabil & Sicher für Kinder ab 3 Jahren;1;;SKU-9820031170;Roller;39.99;19 %;0;Der YOLEO Kinderroller 931 ist der ideale Begleiter für kleine Entdecker ab 3 Jahren. Mit seinem farbenfrohen Design und den leuchtenden LED-Rädern sorgt er für jede Menge Spaß und Aufmerksamkeit, besonders bei Dämmerung. Er fördert spielerisch die motorischen Fähigkeiten und das Gleichgewicht Ihres Kindes.Der höhenverstellbare Lenker ermöglicht eine individuelle Anpassung an die Größe des Kindes und gewährleistet eine ergonomische Haltung. Das robuste 3-Rad-Design bietet zusätzliche Stabilität und Sicherheit, was ihn besonders für Fahranfänger geeignet macht und das Vertrauen stärkt.Gefertigt aus hochwertigen Materialien, verspricht der Roller Langlebigkeit und Widerstandsfähigkeit im täglichen Gebrauch. Die einfache Montage und intuitive Bedienung machen ihn zu einem unkomplizierten Spielgerät und einem ausgezeichneten Geschenk für aktive Kinder, die gerne draußen unterwegs sind.;;;;;https://storage.googleapis.com/trendocean/products/unknown-931/other_b9a4791c4fd446c0c1cfb6ca183da6b1.png;https://storage.googleapis.com/trendocean/products/unknown-931/other_9cd2ead70b023e488dad85f9093a6c22.png;https://storage.googleapis.com/trendocean/products/unknown-931/other_95f1bdac2ee4ec1f7575e70f59b63b45.png;https://storage.googleapis.com/trendocean/products/unknown-931/other_a4e2ef2495444d93820196247b2c1747.png;https://storage.googleapis.com/trendocean/products/unknown-931/other_0bcf8fd1f4ff8b0b14237ec1aec381c5.png;;;;;;;;;;;;YOLEO
449824232;QKIDS Tretroller Kinder Faltbar & Höhenverstellbar für sicheren Fahrspaß;1;5900495862228;SKU-8747609895;Roller;49.99;19 %;0;"Der QKIDS Kinderroller ermöglicht aktiven Kindern ab ca. 6 Jahren eine dynamische Erkundung ihrer Umgebung. Sein leichter Aluminiumrahmen und die großen 200-mm-Räder sorgen für ein komfortables und agiles Fahrerlebnis auf verschiedensten Untergründen. Die 3-fach höhenverstellbare Lenksäule wächst mit dem Kind mit und sorgt für eine stets ergonomische Fahrposition, während die integrierte Hinterradbremse jederzeit ein sicheres und schnelles Anhalten ermöglicht. Ein rutschfestes Trittbrett in stylischem Pink bietet zudem einen stabilen Stand und eine verstärkte Struktur für zusätzliche Langlebigkeit. Dank des praktischen Klappmechanismus und eines geringen Gewichts von nur ca. 3,5 kg lässt sich der QKIDS Roller mühelos transportieren und platzsparend verstauen. Die hohe Belastbarkeit von bis zu 100 kg garantiert langanhaltenden Fahrspaß über viele Jahre; der Lieferumfang umfasst den vollständig montierten Roller und eine Anleitung.";;;;;https://storage.googleapis.com/trendocean/products/5900495862228/other_39932edec0d2c3f3e1b2dc59fde015b4.png;https://storage.googleapis.com/trendocean/products/5900495862228/other_cc156a3597685aee1f30e81c6dbd312a.png;https://storage.googleapis.com/trendocean/products/5900495862228/other_0c4b440d94685a876804eea335cd41aa.png;https://storage.googleapis.com/trendocean/products/5900495862228/other_25aea8abff73ea5ed03c06c1273aa882.png;;;;;;;;;;;;;QKIDS
449824580;FUVSHU UV-Matratzenstaubsauger BT-Y02 für Tiefenreinigung & Milbenschutz;1;;SKU-8151275535;Staubsauger;53.24;19 %;0;Der FUVSHU BT-Y02 UV-Matratzenstaubsauger bietet eine spezialisierte Tiefenreinigung für Matratzen und Polstermöbel, indem er Milben, Allergene und Feinstaub effektiv reduziert. Seine Kombination aus UV-C-Licht, kräftiger Vibration und 13 kPa Saugkraft schafft eine hygienisch saubere Umgebung, ideal für Allergiker und anspruchsvolle Haushalte.Das leichte und ergonomische Design ermöglicht eine komfortable Einhandbedienung und maximale Bewegungsfreiheit dank des 4 Meter langen Netzkabels. Ein fortschrittliches mehrstuiges HEPA-Filtersystem und der Doppel-Staubbehälter trennen Schmutzpartikel hygienisch und verbessern spürbar die Raumluftqualität.Im Lieferumfang sind der Matratzenstaubsauger mit integriertem UV-C-Modul, der Dual-Staubbehälter und der HEPA-Filter enthalten. Für optimale Leistung und Langlebigkeit sind eine regelmäßige Filterreinigung und die korrekte Anwendung des UV-Lichts essenziell, um stets beste Reinigungsergebnisse zu erzielen.;;;;;https://storage.googleapis.com/trendocean/products/FUVSHU-BT-Y02/other_304bbb820954c220e23a241e279bfc5b.png;https://storage.googleapis.com/trendocean/products/FUVSHU-BT-Y02/other_d8689e3d7c28b36af3eca66320a7f67e.png;https://storage.googleapis.com/trendocean/products/FUVSHU-BT-Y02/other_5ddf38b54855e14cff8aa3fdc4ed0674.png;https://storage.googleapis.com/trendocean/products/FUVSHU-BT-Y02/other_269a10d92fbd7f71359c0de2e85297e8.png;;;;;;;;;;;;;FUVSHU
449824682;Trotec Standventilator TVE 16 S: Sofortige Erfrischung & angenehmes Raumklima;1;4052138013946;SKU-8004480244;Haushaltsartikel;35.69;19 %;0;Der Trotec TVE 16 S Standventilator bietet an heißen Tagen sofortige Erleichterung und schafft ein spürbar angenehmes Raumklima in jedem Zuhause oder Büro. Sein leistungsstarker 50W Motor ermöglicht drei einstellbare Geschwindigkeitsstufen für eine individuell anpassbare, erfrischende Brise.Eine automatische 90°-Oszillation verteilt die Luft effizient und gleichmäßig im gesamten Raum, während die flexible Höhenverstellbarkeit eine präzise Ausrichtung des Luftstroms gewährleistet. Das robuste und standsichere Design mit glatten Oberflächen garantiert einen kippfesten Betrieb und eine einfache, hygienische Reinigung.Dieser Standventilator ist sofort einsatzbereit und wird Ihnen komplett geliefert, um Ihr Wohn- oder Arbeitsumfeld umgehend zu verbessern. Für alle Fragen zu Installation, Nutzung oder Pflege steht Ihnen unser engagiertes Kundenserviceteam jederzeit gerne mit Rat und Tat zur Seite.;;;;;https://storage.googleapis.com/trendocean/products/4052138013946/other_86a3008dfd524f00ff9de01ce6f00495.png;https://storage.googleapis.com/trendocean/products/4052138013946/other_eaaa2c5f0fcd0ae7e698f2c08abb564f.png;https://storage.googleapis.com/trendocean/products/4052138013946/other_fc9683f9285d8a910dfa223fda2551e9.png;https://storage.googleapis.com/trendocean/products/4052138013946/other_941ec5f70e6a078948db144483c1d1a8.png;https://storage.googleapis.com/trendocean/products/4052138013946/other_4efdd376afa0ac9c8f213f6b16ae78e8.png;;;;;;;;;;;;TROTEC
449825443;Tineco Akku-Hartbodenreiniger Floor One S5: Saugt & Wischt gleichzeitig;1;6972200196132;SKU-3046032177;Akku-Hartbodenreiniger;239.00;19 %;0;Der Tineco Floor One S5 revolutioniert Ihre Bodenpflege, indem er Saugen und Wischen in einem effizienten Schritt kombiniert. Dieser intelligente Akku-Hartbodenreiniger spart Ihnen wertvolle Zeit und sorgt für strahlend saubere Ergebnisse auf allen versiegelten Hartböden.Ausgestattet mit dem innovativen iLoop-Sensor passt der Floor One S5 die Reinigungsleistung automatisch an den Verschmutzungsgrad an, um stets optimale und streifenfreie Sauberkeit zu gewährleisten. Das hygienische Zwei-Tank-System trennt Frisch- und Schmutzwasser konsequent, während die hochwertige Konstruktion Langlebigkeit und eine effektive Kantenreinigung garantiert.Die automatische Selbstreinigungsfunktion der Bürstenrolle minimiert den Wartungsaufwand erheblich und sorgt für eine stets einsatzbereite Reinigungskraft. Der umfangreiche Lieferumfang ermöglicht einen sofortigen Start, ergänzt durch den zuverlässigen Tineco Kundenservice und eine umfassende Garantie für Ihre Zufriedenheit.;;;;;https://storage.googleapis.com/prodsandjobs/products/SKU-3046032177/studio_front_d004d9dbffffd5282d2bbd98b1a1c994.png;https://storage.googleapis.com/prodsandjobs/products/SKU-3046032177/studio_detail_c11f03d845a9769682d3c706efe26210.png;https://storage.googleapis.com/prodsandjobs/products/SKU-3046032177/lifestyle_front_a2c0464b1ec00ad7bf548972f60c41ff.png;https://storage.googleapis.com/prodsandjobs/products/SKU-3046032177/lifestyle_closeup_1ae2e9133a56dba359cf93f0e0d16cdd.png;https://storage.googleapis.com/trendocean/products/6972200196132/other_f48fec7ed36f984432cd0a0d9cd6ee60.png;https://storage.googleapis.com/prodsandjobs/products/SKU-3046032177/lifestyle_inuse_ebd4402d0b83c0a211b8d93e01adcd78.png;;;;;;;;;;;Tineco
449825783;Brandson Standventilator: Leise Kühlung, Höhenverstellbar & Oszillierend;1;4061474039602;SKU-2789683373;Elektrische Ventilatoren;69.95;19 %;0;Der Brandson Standventilator sorgt für effektive und leise Kühlung in jedem Raum. Mit drei Geschwindigkeitsstufen und zuschaltbarer Oszillation passt er sich perfekt Ihren Bedürfnissen an.Gefertigt aus robustem Kunststoff und Metall, garantiert das Gerät Langlebigkeit und einen sicheren Stand. Der höhenverstellbare Standfuß und neigbare Kopf ermöglichen eine flexible und gezielte Luftstromausrichtung.Im Lieferumfang sind alle Komponenten für eine schnelle Montage enthalten, inklusive Ventilatorkopf und Standfuß. Die intuitive Bedienung und unkomplizierte Pflege machen den Ventilator zum idealen Begleiter für heiße Tage.;;;;;https://storage.googleapis.com/trendocean/products/brandson-wdp-301480/other_fbf301dc025fdd8d19e089344e84928d.png;https://storage.googleapis.com/trendocean/products/brandson-wdp-301480/other_2a715a72b8471d125322a03aee5084ad.png;https://storage.googleapis.com/trendocean/products/brandson-wdp-301480/other_0ee460e6302b858dbacfbc7964786809.png;https://storage.googleapis.com/trendocean/products/brandson-wdp-301480/other_fac7744e34f1c8cf28627e36f37aab4e.png;;;;;;;;;;;;;Brandson
449826140;Brandson Tischventilator 30cm – Kraftvolle Kühlung für Zuhause & Büro;1;4062861006757;SKU-2621538468;Stand- & Tischventilatoren;29.99;19 %;0;Der Brandson Tischventilator mit 30 cm Rotordurchmesser schafft ein angenehm kühles Raumklima und ist ideal für Büros, Schlaf- oder Wohnräume. Seine kraftvolle Brise sorgt für spürbare Abkühlung und erhöht den Komfort an warmen Tagen erheblich.Das robuste Vollmetallgehäuse gewährleistet eine außergewöhnliche Langlebigkeit und Stabilität, während der flexibel neigbare Kopf eine präzise Ausrichtung des Luftstroms ermöglicht. Drei einstellbare Geschwindigkeitsstufen erlauben eine individuelle Anpassung der Kühlintensität an Ihre persönlichen Bedürfnisse.Dieser hochwertige Ventilator wird vollständig montiert und betriebsbereit geliefert, sodass Sie ihn sofort nutzen können. Für eine langanhaltend hygienische und effiziente Nutzung lässt sich das Gerät zudem mühelos reinigen und pflegen.;;;;;https://storage.googleapis.com/trendocean/products/brandson-windmaschine-30cm-unknown-ean/other_c06816f37c517efc3d1cf39db1e61288.png;https://storage.googleapis.com/trendocean/products/brandson-windmaschine-30cm-unknown-ean/other_a8fad8bd10bfff7a229d93caf7359f83.png;https://storage.googleapis.com/trendocean/products/brandson-windmaschine-30cm-unknown-ean/other_59abcc81b1700ee15ecd1b92281b25fd.png;https://storage.googleapis.com/trendocean/products/brandson-windmaschine-30cm-unknown-ean/other_20670ef5e5a64b7e33c47d2ce4a7b735.png;;;;;;;;;;;;;Brandson
454979099;CampFeuer Campingliege mit Sonnendach – Klappbar, leicht & UV-Schutz;1;4067673005776;SKU-1937479862;Liegen;59.95;19 %;7.3;Die CampFeuer Campingliege CALI13A bietet optimalen Komfort und zuverlässigen UV-Schutz für entspannte Stunden im Freien. Genießen Sie erholsame Momente beim Camping, am Strand oder im eigenen Garten dank ihrer vielseitigen Einsatzmöglichkeiten.Das robuste Aluminiumgestell und die strapazierfähige Textilbespannung garantieren hohe Langlebigkeit sowie exzellenten Liegekomfort. Ein integriertes, verstellbares Sonnendach und ein abnehmbares Kopfkissen ergänzen die durchdachte Ausstattung dieser praktischen Sonnenliege.Die Liege wird komplett mit Sonnendach und Kopfkissen geliefert und ist dank klappbarem Design schnell aufgebaut sowie platzsparend verstaubar. Die pflegeleichte Oberfläche ermöglicht eine einfache Reinigung, sodass Sie lange Freude an diesem hochwertigen Outdoor-Möbelstück haben werden.;;;;;https://storage.googleapis.com/prodsandjobs/products/CALI13A/gemini_render_studio_front_1765311079393_0_31986aa7ed5fa4efb47fca0c07650543.png;https://storage.googleapis.com/prodsandjobs/products/CALI13A/gemini_render_studio_detail_1765311089471_0_a91f05e6c8d7bda8f316bf4d916f37ab.png;https://storage.googleapis.com/prodsandjobs/products/CALI13A/gemini_render_studio_topdown_1765311103615_0_7415423f6213cc96922ba804d7472d8f.png;https://storage.googleapis.com/prodsandjobs/products/CALI13A/gemini_render_lifestyle_front_1765311112598_0_76b11b450c42df186c8bcccf05698fc6.png;https://storage.googleapis.com/prodsandjobs/products/CALI13A/gemini_render_lifestyle_closeup_1765311120529_0_c66cb6ed47e2e48c962a58d2cf685514.png;https://storage.googleapis.com/prodsandjobs/products/CALI13A/gemini_render_lifestyle_inuse_1765311130151_0_41517afdffb0935a9125936274b0dc50.png;;;;;;;;;;;CampFeuer
458452967;Polo Ralph Lauren Kinder Sneaker Theron V: Zeitloser Stil & Komfort;1;196382334601;SKU-7680238839;Sneaker;50.15;19 %;0;Die Polo Ralph Lauren Theron V Sneaker bieten Kindern und Jugendlichen zeitlosen Stil sowie höchsten Tragekomfort für jeden Tag. Sie sind die perfekte Wahl für den Schulalltag, die Freizeit und leichte sportliche Aktivitäten, wo Langlebigkeit und ein ansprechendes Design gefragt sind.Gefertigt aus robustem Synthetik-Obermaterial, garantieren diese Sneaker beeindruckende Langlebigkeit und sind dabei besonders pflegeleicht im täglichen Gebrauch. Die präzise Schnürung ermöglicht eine individuelle Anpassung an den Fuß, wodurch ein sicherer Halt und ganztägiger Tragekomfort gewährleistet wird.Dank ihrer vielseitigen Weiß/Navy-Farbkombination sind diese Sneaker ganzjährig einsetzbar und lassen sich mühelos mit verschiedenen Outfits kombinieren. Der Lieferumfang umfasst ein Paar Sneaker im Originalkarton, bereit für den sofortigen Einsatz und langanhaltende Freude, unterstützt durch unseren zuverlässigen Kundenservice.;;;;;https://storage.googleapis.com/prodsandjobs/products/0000184164619/gemini_render_studio_detail_1765301561131_0_e17cb730907cafb34e2ce2d62645751a.png;https://storage.googleapis.com/prodsandjobs/products/0000184164619/gemini_render_studio_front_1765301546345_0_f103424b1e535bfe21145a39715714b5.png;https://storage.googleapis.com/prodsandjobs/products/0000184164619/gemini_render_studio_topdown_1765301572081_0_a8626df84d132c249d76c9f3536c74d7.png;https://storage.googleapis.com/prodsandjobs/products/0000184164619/gemini_render_lifestyle_front_1765301582993_0_ff1250fe955f6b7dddb6401e742fa646.png;https://storage.googleapis.com/prodsandjobs/products/0000184164619/gemini_render_lifestyle_closeup_1765301595896_0_c7fe2aa80a335eb416508fb66c0668d0.png;https://storage.googleapis.com/prodsandjobs/products/0000184164619/gemini_render_lifestyle_inuse_1765301606951_0_0e520094d1dfac8dbc7f132990653891.png;;;;;;;;;;;Polo Ralph Lauren
458452983;Cretacolor Pastellkreiden Hart Braun 12er Set für präzise Linien;1;9002592484122;SKU-8035511646;Pastell;22.90;19 %;0;Das Cretacolor Pastellkreiden Hart Set in 12 Brauntönen ermöglicht präzise Linien und sanfte Übergänge für ausdrucksstarke Kunstwerke. Diese hochwertigen, ölfreien Kreiden sind ideal für detaillierte Skizzen und verleihen Ihren Werken beeindruckende Tiefe.Die wasserlöslichen Eigenschaften eröffnen innovative Mischtechniken und Lavierungen, um einzigartige Effekte und Texturen zu schaffen. Dank ihrer besonderen Lichtechtheit bewahren Ihre Kunstwerke dauerhaft ihre brillante Farbintensität und lassen sich hervorragend verblenden.Im Lieferumfang enthalten ist ein Set von 12 bruchfesten und ungiftigen Pastellkreiden, die ein sicheres und langanhaltendes Arbeiten garantieren. Für optimale Haltbarkeit und Schutz vor Abrieb wird nach dem Auftragen eine Fixierung empfohlen, um Ihre kreativen Ergebnisse zu bewahren.;;;;;https://storage.googleapis.com/prodsandjobs/products/0002592484122/studio_topdown_9ec5a00724487530e5694eb88ad25af4.png;https://storage.googleapis.com/prodsandjobs/products/0002592484122/gemini_render_lifestyle_closeup_1765046353876_0_d7a1f65d51cc75c2ace1d95ad25d6fb9.png;https://storage.googleapis.com/prodsandjobs/products/0002592484122/lifestyle_front_e94442ad4546d74dceb4d45af5bf1e20.png;https://storage.googleapis.com/prodsandjobs/products/0002592484122/lifestyle_closeup_7bbad9b158648a41d6156460b1ff545b.png;https://storage.googleapis.com/prodsandjobs/products/0002592484122/lifestyle_inuse_0d437018c72aa09da142734e691d0729.png;;;;;;;;;;;;Cretacolor
458453008;Paul Green Damen Schnürschuhe: Eleganz & Komfort für Business & Freizeit;1;10095498867;SKU-8857013241;Damenschuhe;159.90;19 %;0;Diese Paul Green Schnürschuhe aus edlem Softlack in Schwarz sind die ideale Wahl für stilbewusste Damen, die Wert auf zeitlose Eleganz legen. Sie eignen sich hervorragend für anspruchsvolle Business-Anlässe, festliche Events und veredeln ebenso stilvoll Ihre Alltagsgarderobe.Das exquisite Lackleder und die präzise Verarbeitung garantieren einen herausragenden Tragekomfort sowie eine luxuriöse Ästhetik. Eine moderne, robuste Profilsohle gewährleistet dabei stets sicheren Halt und ergänzt das klassische Design perfekt.Im Lieferumfang ist ein Paar dieser hochwertigen Schnürschuhe enthalten, die Ihnen von Anfang an höchsten Komfort bieten. Bitte beachten Sie die Pflegehinweise für Lackleder, um den eleganten Glanz langfristig zu bewahren.;;;;;https://storage.googleapis.com/prodsandjobs/products/010095498867/studio_front_cb75b40bb34a2e51225185716d694bae.png;https://storage.googleapis.com/prodsandjobs/products/010095498867/studio_detail_b7aaf71ee0c92eb3c44a721b1c00b5d3.png;https://storage.googleapis.com/prodsandjobs/products/010095498867/studio_topdown_1ea04ad06b78e1561f83f74f379692d8.png;https://storage.googleapis.com/prodsandjobs/products/010095498867/lifestyle_front_de8070c3f9a3e2d82fcb3d139b28bc2d.png;https://storage.googleapis.com/prodsandjobs/products/010095498867/lifestyle_closeup_36355e2624bbd999177b7aa10aca307a.png;https://storage.googleapis.com/prodsandjobs/products/010095498867/lifestyle_inuse_fdfa50cd080451b5772efa9895220880.png;;;;;;;;;;;Paul Green
458453019;Altra Laufschuh Herren Escalante Racer 2: Agilität & natürliches Laufgefühl;1;197642799963;SKU-5740515403;Fitness- & Laufschuhe;114.90;19 %;0;Der Altra Escalante Racer 2 Herren-Laufschuh wurde für ambitionierte Läufer entwickelt, die maximale Agilität und ein natürliches Laufgefühl bei Wettkämpfen und intensivem Training suchen. Er kombiniert bewährten Altra-Komfort mit effizienter Performance, um sportliche Ziele optimal zu unterstützen.Ausgestattet mit einem hoch atmungsaktiven Mesh-Obermaterial sorgt dieser Schuh für ein optimales Fußklima, selbst bei hoher Belastung. Die reaktionsfreudige Altra EGO™ Zwischensohle gewährleistet dabei eine beeindruckende Energierückgabe, während die FootShape™ Zehenbox und Zero Drop-Plattform eine natürliche Laufhaltung fördern.Der Lieferumfang umfasst ein Paar Altra Escalante Racer 2 Laufschuhe, bereit für Ihr nächstes Abenteuer. Für langanhaltende Freude und die Erhaltung der sportlichen Optik empfiehlt sich eine einfache Reinigung mit einem feuchten Tuch.;;;;;https://storage.googleapis.com/prodsandjobs/products/0197642799963/gemini_render_studio_front_1764958582867_0_5638fa1d9d94dc81a934b6710e33096e.png;https://storage.googleapis.com/prodsandjobs/products/0197642799963/gemini_render_studio_detail_1764958593967_0_9fb3622a304a8e3d9ccf310ed466b3fd.png;https://storage.googleapis.com/prodsandjobs/products/0197642799963/gemini_render_studio_topdown_1764958603771_0_e03a98ee8ddf1c315e58edcec09b664a.png;https://storage.googleapis.com/prodsandjobs/products/0197642799963/gemini_render_lifestyle_front_1764958615614_0_05ccf86db873f1f496daed69f98b7c77.png;https://storage.googleapis.com/prodsandjobs/products/0197642799963/gemini_render_lifestyle_closeup_1764958623516_0_85382cce6513b2e5676af3ce2b7ebcaf.png;https://storage.googleapis.com/prodsandjobs/products/0197642799963/gemini_render_lifestyle_inuse_1764958631307_0_ee334e0c4b2eb853d4c30033b446f828.png;;;;;;;;;;;Altra
458453020;New Balance Damen Sneaker 9060 – Eleganter Komfort & Stil in Rosa/Beige;1;197967813450;SKU-2384804976;Sneaker;159.95;19 %;0;Erleben Sie unvergleichlichen Stil und Komfort mit dem New Balance 9060 Damen Sneaker, der ikonisches Laufschuh-Design mit futuristischen Akzenten vereint. Er ist die ideale Wahl für modebewusste Damen, die im Alltag und in der Freizeit höchste Ansprüche an Optik und Tragegefühl stellen.Das hochwertige Obermaterial aus edlem Wildleder und atmungsaktivem Mesh sorgt für Langlebigkeit sowie ein stets angenehmes Fußklima. Die innovative ABZORB- und SBS-Dämpfung in der markanten Zwischensohle bietet bei jedem Schritt unvergleichlichen Komfort und optimale Unterstützung.Die robuste Gummilaufsohle gewährleistet sicheren Halt und optimale Traktion auf verschiedenen Untergründen. Ein Paar New Balance 9060 Damen Sneaker ist im Lieferumfang enthalten, und für die langfristige Bewahrung der hochwertigen Optik wird die regelmäßige Pflege mit geeigneten Produkten empfohlen.;;;;;https://storage.googleapis.com/prodsandjobs/products/0197967813450/gemini_render_studio_detail_1764957304311_0_ee32a729306dea83412c5344e473bfc4.png;https://storage.googleapis.com/prodsandjobs/products/0197967813450/gemini_render_studio_front_1764957291388_0_4258d7fdb85703782d08860b9fa722ff.png;https://storage.googleapis.com/prodsandjobs/products/0197967813450/gemini_render_studio_topdown_1764957319129_0_7b2fa3e3a4ed568ebeb779907e0dc439.png;https://storage.googleapis.com/prodsandjobs/products/0197967813450/gemini_render_lifestyle_front_1764957331099_0_b01013bf585c27602d900fc885873412.png;https://storage.googleapis.com/prodsandjobs/products/0197967813450/gemini_render_lifestyle_closeup_1764957340789_0_bfb5129ad3bae2dca4bbf6b6ef93a8a1.png;https://storage.googleapis.com/prodsandjobs/products/0197967813450/gemini_render_lifestyle_inuse_1764957351898_0_27e02a75a1d1dc9271e40e2345ff5c00.png;;;;;;;;;;;New Balance
458453023;Skechers Herren Sneaker Street UNO: Maximaler Air-Cooled Komfort & Stil;1;198739801378;SKU-3132130051;Sneaker;58.95;19 %;0;Der Skechers Street UNO Sneaker bietet exzellenten Tragekomfort für den modernen Alltag und vereint sportlichen Streetstyle mit höchster Funktionalität. Er ist der ideale Begleiter für Freizeitaktivitäten und Städtetrips, wo Stil und Bequemlichkeit gleichermaßen gefragt sind. Ausgestattet mit dem bewährten Air-Cooled Memory Foam Fußbett garantiert dieser Sneaker eine weiche Dämpfung bei jedem Schritt. Die stoßdämpfende Zwischensohle entlastet Ihre Gelenke effektiv und sorgt für langanhaltenden Komfort, selbst an langen Tagen. Das hochwertige Obermaterial in glatter Lederoptik ist nicht nur stilvoll, sondern auch pflegeleicht und strapazierfähig. Eine robuste Gummiaußensohle gewährleistet sicheren Halt, während die klassische Schnürung und perforierte Einsätze eine optimale Passform und ein angenehmes Fußklima sicherstellen. Sie erhalten ein Paar Skechers Street UNO Sneaker, die sofort einsatzbereit sind. Für umfassenden Service und weitere Informationen stehen wir Ihnen jederzeit gerne zur Verfügung.;;;;;https://storage.googleapis.com/prodsandjobs/products/02591620/gemini_render_studio_front_1764959864429_0_77d3dc0ec6cb690cd21796196970ebd3.png;https://storage.googleapis.com/prodsandjobs/products/02591620/gemini_render_studio_detail_1764959873590_0_17266c0a2b999de9d3a64b77a82d3933.png;https://storage.googleapis.com/prodsandjobs/products/02591620/gemini_render_studio_topdown_1764959883715_0_cc868b8511aa2253db86e4dc6498a514.png;https://storage.googleapis.com/prodsandjobs/products/02591620/gemini_render_lifestyle_front_1764959891908_0_c0b1fd7f1b2e6e3d1b39ce6ce16a878d.png;https://storage.googleapis.com/prodsandjobs/products/02591620/gemini_render_lifestyle_inuse_1764959907124_0_b9bf1416b22b5756a5e7890b25c2af3d.png;;;;;;;;;;;;Skechers
458453024;SETEX Matratzenschoner Noppen 140x200cm – Optimaler Schutz & Belüftung;1;4038473870772;SKU-8317603092;Matratzenschoner & -auflagen;29.99;19 %;0;Der SETEX Noppen-Matratzenschoner in der Größe 140 x 200 cm bietet zuverlässigen Schutz für Ihre Matratze. Er bewahrt sie effektiv vor Abrieb und Druckstellen, wodurch die Lebensdauer Ihrer Matratze signifikant verlängert wird. Die spezielle offene Noppenstruktur fördert zudem eine optimale Luftzirkulation unter der Matratze, was die Ansammlung von Feuchtigkeit reduziert und der Bildung von Stockflecken wirksam vorbeugt, für ein stets frisches Schlafklima. Der Matratzenschoner ist aus strapazierfähigem 100 % Polyester-Nadelvlies gefertigt und verfügt über eine rutschfeste Latex-Punktbeschichtung. Diese sorgt dafür, dass der Schoner sicher und stabil zwischen Lattenrost und Matratze liegt, ohne zu verrutschen. Die Qualität des Materials ist nach OEKO-TEX STANDARD 100 schadstoffgeprüft (Prüfnummer 22.0.03768 Hohenstein), was einen beruhigenden Schlafkomfort garantiert. Die Herstellung erfolgt in Deutschland, was für hohe Qualitätsstandards spricht. Im Lieferumfang ist ein Noppen-Matratzenschoner in der Größe 140 x 200 cm enthalten, dessen Anwendung denkbar einfach ist: Er wird lediglich aufgelegt, ohne komplizierte Befestigungen oder Bänder. Für eine lange Haltbarkeit und Funktionalität des Schoners wird eine schonende Reinigung gemäß den Herstellerangaben empfohlen. Bitte beachten Sie hierfür die spezifischen Pflegehinweise auf dem Produktetikett, um die Materialeigenschaften optimal zu erhalten.;;;;;https://storage.googleapis.com/avycloud-genai-images/products/038473870772/gemini_render_studio_1764789796882_0_a7ff1dab3c3e2e81e93d63701a795601.png;https://storage.googleapis.com/avycloud-genai-images/products/038473870772/gemini_render_studio_1764789798687_1_ffdd1cffac66002e51617d1b898d4b04.png;https://storage.googleapis.com/avycloud-genai-images/products/038473870772/gemini_render_lifestyle_1764789821253_0_c1100e97362cda1384a4124d9eb8a0a0.png;https://storage.googleapis.com/avycloud-genai-images/products/038473870772/gemini_render_lifestyle_1764789822913_1_8b72d52db33d18694fc53922775019ad.png;;;;;;;;;;;;;Setex
458453027;B423K Toner für Brother – Gestochen scharfe & kostengünstige Drucke;1;8718891115599;SKU-5091393302;Toner;16.40;19 %;0;Diese B423K Laser-Tonerkartusche liefert gestochen scharfe Schwarzweißdrucke für professionelle Dokumente. Sie bietet eine kostengünstige Alternative zu Originaltonern und sichert dabei stets exzellente Qualität. Die Installation dieser hochwertigen Kartusche ist denkbar einfach und ermöglicht einen schnellen Austausch. Sie ist perfekt kompatibel mit Brother HL-L8260CDW, HL-L8360CDW, MFC-L8690CDW, MFC-L8900CDW und DCP-L8410CDW Druckermodellen. Profitieren Sie von zuverlässiger Leistung und konsistenten Druckergebnissen, die Ihre Produktivität steigern. Wir garantieren anhaltende Zufriedenheit und bieten Ihnen einen erstklassigen Service für alle Fragen.;;;;;https://storage.googleapis.com/prodsandjobs/products/09158136-7837-4a23-90d6-1543b48ce027/studio_topdown_a91a2564b415f3f4f98a7e02d7513c51.png;https://storage.googleapis.com/prodsandjobs/products/09158136-7837-4a23-90d6-1543b48ce027/studio_detail_2bc87361dbdb76ed9709a801b3bccdf6.png;https://storage.googleapis.com/prodsandjobs/products/09158136-7837-4a23-90d6-1543b48ce027/lifestyle_front_b069a6741f54edfcc47fa5f154889baf.png;https://storage.googleapis.com/prodsandjobs/products/09158136-7837-4a23-90d6-1543b48ce027/lifestyle_closeup_266c797ccb048f12a087553e0db1fc08.png;https://storage.googleapis.com/prodsandjobs/products/09158136-7837-4a23-90d6-1543b48ce027/lifestyle_inuse_faebdfb18d92b30dcbf74988a28f40a6.png;;;;;;;;;;;;JOIDWAY
458453028;TOPTREK Fahrradabdeckung – Ganzjahresschutz für 1 Fahrrad, wasserdicht;1;313030022097;SKU-7926913408;Fahrradzubehör;17.65;19 %;0;Die TOPTREK Fahrradabdeckung aus robustem 210D Oxford-Gewebe bietet Ihrem Fahrrad optimalen Schutz bei jeder Witterung. Sie bewahrt Ihr wertvolles Zweirad zuverlässig vor Regen, Wind, Schnee und UV-Strahlung, sodass es stets neuwertig bleibt.Praktische Ösen ermöglichen eine effektive Diebstahlsicherung mit einem optionalen Schloss, während die einfache Handhabung eine schnelle Anbringung und Abnahme garantiert. Diese Premium-Schutzhülle ist ideal für die ganzjährige Lagerung im Freien und schützt Ihr Fahrrad umfassend vor Umwelteinflüssen.Mit Abmessungen von 200 x 110 x 70 cm passt die Abdeckung für die meisten Standardfahrräder und wird inklusive einer kompakten Aufbewahrungstasche geliefert. Das strapazierfähige Material gewährleistet eine lange Lebensdauer und bietet Ihnen sorgenfreien Schutz für Ihr Fahrrad.;;;;;https://storage.googleapis.com/prodsandjobs/products/1400a930-65f8-4363-8402-af31839e4d42/gemini_render_studio_front_1765289880567_0_021efa60b2f28baccf2ce1be8ad32fbb.png;https://storage.googleapis.com/prodsandjobs/products/1400a930-65f8-4363-8402-af31839e4d42/gemini_render_studio_detail_1765289896621_0_86146d81bc8bf5c3ba4d0fc781b991bc.png;https://storage.googleapis.com/prodsandjobs/products/1400a930-65f8-4363-8402-af31839e4d42/gemini_render_lifestyle_closeup_1765289935305_0_4c25908f477c85ed5009f304b9206871.png;https://storage.googleapis.com/prodsandjobs/products/1400a930-65f8-4363-8402-af31839e4d42/gemini_render_lifestyle_inuse_1765289946717_0_339ab3cafa22a9150fe80dcdb31fa206.png;;;;;;;;;;;;;TOPTREK
458453029;H&M Damen Strickjacke Hellblau Eleganter Komfort für vielseitige Outfits;1;9766310601055;SKU-7049665224;Pullover & Strickjacken;29.99;19 %;0;Die H&M Damen Strickjacke in Hellblau bietet eleganten Komfort für stilvolle Auftritte und höchste Vielseitigkeit. Sie ist der ideale Begleiter für unterschiedlichste Anlässe, von Freizeit bis Business, und bereichert jede Garderobe.Gefertigt aus einem hochwertigen, weichen Strickmaterialmix, überzeugt diese Strickjacke durch ihre sanfte Haptik und hervorragende Qualität. Der zeitlose Cardigan-Schnitt mit dezenter Knopfleiste ermöglicht vielseitige Kombinationsmöglichkeiten und betont eine feminine Silhouette.Im Lieferumfang ist eine H&M Damen Strickjacke in Größe XL und der Farbe Hellblau enthalten, die Ihre Outfits stilvoll ergänzt. Beachten Sie bitte die beiliegenden Pflegehinweise, um die Langlebigkeit und Qualität Ihrer neuen Lieblingsstrickjacke zu gewährleisten.;;;;;https://storage.googleapis.com/prodsandjobs/products/1626175215014/studio_front_084d47c725d15e554e8784a0bb74497e.png;https://storage.googleapis.com/prodsandjobs/products/1626175215014/studio_detail_5f3fc4352c2067638bb7fb68deed33bc.png;https://storage.googleapis.com/prodsandjobs/products/1626175215014/lifestyle_front_7d258a615f9839bfdb022c2ebd3a6c5d.png;https://storage.googleapis.com/prodsandjobs/products/1626175215014/lifestyle_closeup_cd28b0f546e1321c6e4257af6cd1cb7d.png;https://storage.googleapis.com/prodsandjobs/products/1626175215014/lifestyle_inuse_30378b032a01e6c2a84412065ffe7abe.png;;;;;;;;;;;;H&M
458453030;H&M Damen Strickpullover: Zeitloser Komfort für jeden Anlass;1;9700310601067;SKU-0280699295;Pullover & Strick;17.99;19 %;0;Dieser H&M Damen Strickpullover in klassischem Rot bietet zeitlosen Stil und höchsten Tragekomfort für jede Garderobe. Er ist die ideale Wahl für diverse Anlässe, von entspannten Freizeitmomenten bis hin zu eleganten Büro-Outfits, und lässt sich mühelos kombinieren.Gefertigt aus hochwertiger, hautfreundlicher Baumwolle, gewährleistet dieser Rundhals-Pullover optimale Atmungsaktivität und ein stets angenehmes Gefühl auf der Haut. Das weiche Material schmiegt sich sanft an und sorgt den ganzen Tag für exzellenten Tragekomfort.Der Lieferumfang umfasst ausschließlich den eleganten H&M Damen Strickpullover, bereit zum sofortigen Tragen und vielseitigen Kombinieren. Dank seiner strapazierfähigen Qualität ist er besonders pflegeleicht, formbeständig und behält auch nach vielen Wäschen seine brillante Farbe.;;;;;https://storage.googleapis.com/prodsandjobs/products/1646142246381/studio_topdown_4daf24120f7f1568cb0719e3d44151f1.png;https://storage.googleapis.com/prodsandjobs/products/1646142246381/studio_detail_36805f86b7fa560b160be6105169e3a2.png;https://storage.googleapis.com/prodsandjobs/products/1646142246381/lifestyle_front_21617a9e5e1298be7a4b509ae05db0af.png;https://storage.googleapis.com/prodsandjobs/products/1646142246381/lifestyle_closeup_1744f30800f9facf74a70f694286af33.png;https://storage.googleapis.com/prodsandjobs/products/1646142246381/lifestyle_inuse_40fd513e76d4a8d6b6a7ca95ae704401.png;;;;;;;;;;;;H&M
458453033;Skechers Golfschuhe Damen GO GOLF MAX-FAIRWAY 3: Optimaler Komfort;1;195969554562;SKU-3095199472;Golfschuhe;59.95;19 %;0;Die Skechers GO GOLF MAX-FAIRWAY 3 Damen Golfschuhe bieten optimalen Komfort und herausragende Leistung auf dem Golfplatz. Ihr leichtes Design und die innovative Dämpfung garantieren ein angenehmes Tragegefühl über die gesamte Runde, während das Arch Fit-System für podologisch zertifizierte Fußgewölbeunterstützung sorgt.Ausgestattet mit einer Ortholite-Komfortschaum-Einlegesohle für lang anhaltende Dämpfung und hohe Atmungsaktivität, halten diese Schuhe Ihre Füße dank des wasserabweisenden Obermaterials trocken. Das atmungsaktive Mesh und Synthetik-Obermaterial in Kombination mit der spikeless Gummi-Außensohle bietet hervorragende Traktion und Flexibilität auf jedem Terrain.Im Lieferumfang enthalten ist ein Paar dieser hochwertigen Golfschuhe, die für Golferinnen entwickelt wurden, die Funktionalität und Stil schätzen. Genießen Sie die bewährte Skechers-Qualität bei jeder Golfrunde und beachten Sie die beiliegenden Pflegehinweise für eine lange Lebensdauer Ihres Produkts.;;;;;https://storage.googleapis.com/prodsandjobs/products/195969554562/other_87c415a5f8cf596e7e4390c6ec12d1e1.jpeg;;;;;;;;;;;;;;;;Skechers
458453056;Divasya Yoga Yogamatte Profi-Grip für sichere & stabile Praxis;1;4262403770898;SKU-4008377248;Yoga & Pilates;98.00;19 %;0;"Die Divasya Yoga Yogamatte bietet professionellen Grip und höchsten Komfort für eine sichere und stabile Yoga-Praxis. Ihre großzügigen Maße von 185 x 68 x 0,45 cm gewährleisten ausreichend Platz für alle Übungen und Positionen.Gefertigt aus hochwertigem, rutschfestem Material, garantiert diese Matte maximale Stabilität und Langlebigkeit für den täglichen Gebrauch. Sie ist vielseitig einsetzbar für Yoga, Pilates und diverse Fitnessübungen, um Ihre Flexibilität und Balance zu verbessern.Die Matte ist leicht zu reinigen und einfach zu transportieren, was sie ideal für Studio, Zuhause oder unterwegs macht. Im Lieferumfang ist eine Divasya Yoga Yogamatte enthalten; bei Fragen steht unser Kundenservice jederzeit zur Verfügung.";;;;;https://storage.googleapis.com/prodsandjobs/products/315ecb79-6893-4245-8804-265ddd68e97f/studio_detail_8e6ffd4f358dad07121329ed04bc34b1.png;https://storage.googleapis.com/prodsandjobs/products/315ecb79-6893-4245-8804-265ddd68e97f/studio_topdown_d6298ac98f28e5332b97dc20419a4547.png;https://storage.googleapis.com/prodsandjobs/products/315ecb79-6893-4245-8804-265ddd68e97f/lifestyle_front_74ba228fc979879ba6dd3ad2cefd6785.png;https://storage.googleapis.com/prodsandjobs/products/315ecb79-6893-4245-8804-265ddd68e97f/lifestyle_closeup_5fbdf2eea4abf708bfea8f371e5bb59f.png;https://storage.googleapis.com/prodsandjobs/products/315ecb79-6893-4245-8804-265ddd68e97f/lifestyle_inuse_4da752134376125bbe7e07908dae016d.png;;;;;;;;;;;;Divasya Yoga
458453376;Leonardo Schalen-Set 5-tlg. Glas – Spülmaschinenfest & vielseitig einsetzbar;1;4002541666529;SKU-5740939127;Schalen;19.95;19 %;0;Das Leonardo Schalen-Set bietet eine elegante und äußerst praktische Lösung zum stilvollen Servieren und Aufbewahren Ihrer Speisen. Sein zeitloses Design fügt sich nahtlos in jede Küchen- und Tischdekoration ein, ideal für den täglichen Gebrauch sowie besondere Anlässe. Gefertigt aus hochwertigem, robustem Glas, sind diese Schalen äußerst funktional und langlebig. Sie sind spülmaschinenfest für mühelose Reinigung, stapelbar zur platzsparenden Aufbewahrung und hitzebeständig bis 80°C, perfekt für warme und kalte Speisen. Dieses umfassende Set beinhaltet eine große Schale mit 1900 ml Fassungsvermögen und vier kleinere Schälchen mit je 300 ml Volumen, ideal für vielfältige kulinarische Kreationen. Vertrauen Sie auf die bewährte Leonardo-Qualität, die Ihnen langanhaltende Freude und Funktionalität in Ihrer Küche garantiert.;;;;;https://storage.googleapis.com/prodsandjobs/products/4002541666529/studio_front_b0ed06699a0f69f9981dd0051cd433d3.png;https://storage.googleapis.com/prodsandjobs/products/4002541666529/studio_detail_c6f335867f2e6279c601fb2a943558fc.png;https://storage.googleapis.com/prodsandjobs/products/4002541666529/lifestyle_front_37c3a4db2939e4245a7a0b6e7cc13eac.png;https://storage.googleapis.com/prodsandjobs/products/4002541666529/lifestyle_closeup_728ad35cbc70e4965c050cee37a97ff7.png;https://storage.googleapis.com/prodsandjobs/products/4002541666529/lifestyle_inuse_2d52f4d1af74e11913ff27bbd3b2511f.png;;;;;;;;;;;;Leonardo
458454058;VIDEX Garden Winterschutzhaus PALM-PROTECT: Optimaler Frostschutz für Pflanzen;1;4007114298916;SKU-2636479706;Garten & Terrasse;88.99;19 %;0;Das VIDEX Garden PALM-PROTECT Winterschutzhaus bietet Ihren empfindlichen Kübelpflanzen zuverlässigen Schutz vor Frost, Wind und starkem Regen. Es schafft einen mobilen Wintergarten, der ideal für Balkon, Terrasse und Garten ist, um Ihre Pflanzen gesund durch die kalte Jahreszeit zu bringen.Gefertigt aus UV-stabiler Gitterfolie, garantiert das Schutzhaus Langlebigkeit und optimalen Lichtdurchlass für ein gesundes Pflanzenklima. Der praktische Zwei-Wege-Reißverschluss ermöglicht jederzeit komfortablen Zugang zur Pflanze und erleichtert die Pflege auch im Winter erheblich.Die robuste Konstruktion mit Bögen und vier Bodenankern sorgt für einen sicheren und stabilen Stand, selbst bei windigem Wetter. Der Lieferumfang umfasst das Schutzhaus mit allen notwendigen Befestigungsmaterialien.;;;;;https://storage.googleapis.com/prodsandjobs/products/4007114298916/gemini_render_studio_detail_1765047300097_0_ca4cb0bd2ec34e474fa65672d42de5a0.png;https://storage.googleapis.com/prodsandjobs/products/4007114298916/gemini_render_lifestyle_closeup_1765047329509_0_f0f556503ae6b455d98d358d7069d65b.png;https://storage.googleapis.com/prodsandjobs/products/4007114298916/gemini_render_lifestyle_inuse_1765047340451_0_08a6036a73d3eb3560f89944fb70802f.png;;;;;;;;;;;;;;VIDEX Garden
458455660;LICO Hallenschuhe Boulder V für Kinder: Sicherer Halt & Komfort;1;4019335589544;SKU-8245288059;Schuhe;22.99;19 %;0;"Die LICO Boulder V Hallenschuhe wurden speziell für aktive Kinder entwickelt und bieten optimalen Komfort sowie sicheren Halt bei allen Indoor-Sportarten. Ihre praktischen Doppel-Klettverschlüsse ermöglichen ein kinderleichtes An- und Ausziehen, was die Selbstständigkeit fördert.Eine Kombination aus atmungsaktiven Textil-Einsätzen und robusten Synthetik-Materialien sorgt für ein stets angenehmes Fußklima und beeindruckende Langlebigkeit. Die helle, nicht abfärbende Indoor-Laufsohle garantiert dabei hervorragenden Grip auf allen Hallenböden, ohne Spuren zu hinterlassen.Das moderne Design in Pink mit türkisfarbenen Akzenten macht diese Schuhe zum idealen Begleiter für Schulsport, Hallenfußball und diverse Hallenaktivitäten. Verlassen Sie sich auf die bewährte LICO-Qualität, die junge Sportler optimal bei jeder Bewegung unterstützt; der Lieferumfang umfasst ein Paar LICO Boulder V Hallenschuhe.";;;;;https://storage.googleapis.com/prodsandjobs/products/4019336589644/gemini_render_studio_front_1765301594279_0_067bffc13ef886291687081bd2b6e0ee.png;https://storage.googleapis.com/prodsandjobs/products/4019336589644/gemini_render_studio_detail_1765301606834_0_63abe22ee0483a73960df2b713494d72.png;https://storage.googleapis.com/prodsandjobs/products/4019336589644/gemini_render_studio_topdown_1765301615972_0_b2e237391b493b2b472fefab91283025.png;https://storage.googleapis.com/prodsandjobs/products/4019336589644/gemini_render_lifestyle_front_1765301626160_0_1754220dfdc53e38bd4d07ea65a09add.png;https://storage.googleapis.com/prodsandjobs/products/4019336589644/gemini_render_lifestyle_inuse_1765301643861_0_45703b4b563b1eb9297b1ed8689bf494.png;;;;;;;;;;;;LICO
458455688;PLANAM Kinder Outdoorhose NORIT – Robust, bequem & sicher für Abenteuer;1;4030913982243;SKU-8919591829;Bekleidung;24.50;19 %;0;Die PLANAM NORIT Kinder Outdoorhose ist der ideale Begleiter für junge Abenteurer, die bei ihren Entdeckungstouren höchste Funktionalität und zuverlässigen Schutz benötigen. Sie bietet optimalen Komfort und Sicherheit bei jedem Spiel und jeder Erkundung in der Natur.Gefertigt aus einer hochwertigen Materialmischung von 65% Polyester und 35% Baumwolle, garantiert diese Hose hervorragende Atmungsaktivität und angenehmen Tragekomfort. Robuste Knie- und Gesäßverstärkungen aus 100% Nylon sowie elastische Einsätze sichern maximale Langlebigkeit und uneingeschränkte Bewegungsfreiheit.Für zusätzliche Sicherheit bei schlechten Lichtverhältnissen sorgen reflektierende Applikationen, die die Sichtbarkeit erhöhen, während die Hose zudem besonders pflegeleicht und maschinenwaschbar ist. Der Lieferumfang umfasst eine PLANAM NORIT Kinder Outdoorhose, bereit für jedes Abenteuer.;;;;;https://storage.googleapis.com/prodsandjobs/products/4030913982243/gemini_render_studio_front_1765295195090_0_158c4b90489db9cf987b1d573df03019.png;https://storage.googleapis.com/prodsandjobs/products/4030913982243/gemini_render_studio_detail_1765295205302_0_13f26ebf9df08e7e3c5626c9a16b03c9.png;https://storage.googleapis.com/prodsandjobs/products/4030913982243/gemini_render_lifestyle_front_1765295231378_0_138c0fe7066c07ec38fc54f9299d9c25.png;https://storage.googleapis.com/prodsandjobs/products/4030913982243/gemini_render_lifestyle_closeup_1765295240617_0_cd6c103ae8839897b92467c743cd4016.png;https://storage.googleapis.com/prodsandjobs/products/4030913982243/gemini_render_lifestyle_inuse_1765295251144_0_10455f0fb8963f17dec42b41e6a4e72e.png;;;;;;;;;;;;PLANAM
458455710;VCM Aufsatzwaschbecken Keramik – Kompakt für Gäste-WC & kleine Bäder;1;4051814369841;SKU-6537574821;Waschbecken;64.99;19 %;0;Dieses VCM Aufsatzwaschbecken aus hochwertiger Keramik ist die ideale Lösung für moderne Gäste-WCs und kleine Bäder. Sein kompaktes, rechteckiges Design maximiert den verfügbaren Raum und bietet dabei vollen Komfort.Die glasierte Oberfläche ist nicht nur ästhetisch ansprechend, sondern auch besonders pflegeleicht und widerstandsfähig gegen alltägliche Abnutzung. Gefertigt aus robuster Keramik, garantiert das Waschbecken eine lange Lebensdauer und behält seine strahlend weiße Optik über Jahre hinweg.Das Becken ist speziell für die Aufsatzmontage auf Waschtischen oder Badmöbeln konzipiert und für handelsübliche Standardanschlüsse vorbereitet. Für eine fachgerechte Installation wird die Unterstützung eines Installateurs empfohlen, um optimale Funktion und Langlebigkeit zu gewährleisten.;;;;;https://storage.googleapis.com/prodsandjobs/products/4051814369841/studio_front_b664905929667f3df918b85b27c7eea3.png;https://storage.googleapis.com/prodsandjobs/products/4051814369841/studio_detail_7e7c05a915d02c445957d10a18e72337.png;https://storage.googleapis.com/prodsandjobs/products/4051814369841/other_4550badbb5693cc23862f1d7624fa0d1.png;;;;;;;;;;;;;;VCM
458456175;Seltmann Weiden Kaffeeservice Lido Solid Black 18-tlg. Elegantes Porzellan;1;4052212121253;SKU-2384085318;Kochen & Genießen;89.00;19 %;0;Das Seltmann Weiden Kaffeeservice Lido Solid Black schafft stilvolle Kaffeemomente für bis zu sechs Personen, perfekt für den Alltag und besondere Anlässe. Es ist aus edlem, langlebigem Porzellan gefertigt und besticht durch zeitlose Eleganz sowie höchste Funktionalität. Dieses 18-teilige Set im modernen, schwarzen Design umfasst jeweils sechs perfekt geformte Kaffeetassen, passende Untertassen und praktische Frühstücksteller. Damit ist Ihr Tisch komplett ausgestattet für ein harmonisches Kaffeeerlebnis mit Familie und Freunden. Für maximalen Komfort ist das gesamte Service spülmaschinen- und mikrowellengeeignet, was die tägliche Pflege erheblich vereinfacht und wertvolle Zeit spart. Dieses Qualitätsprodukt 'Made in Germany' garantiert Ihnen Langlebigkeit und beständige Freude an jedem Kaffeemoment.;;;;;https://storage.googleapis.com/prodsandjobs/products/4052212121253/gemini_render_studio_topdown_1765291204601_0_9d99e33abd93927215b9322d10cb3643.png;https://storage.googleapis.com/prodsandjobs/products/4052212121253/gemini_render_studio_detail_1765291191889_0_b7279ac66304b0cd61ed466625f7c3d3.png;https://storage.googleapis.com/prodsandjobs/products/4052212121253/gemini_render_lifestyle_front_1765291215674_0_ad1e3d80ac611a5fa4cce37edfc2db4b.png;https://storage.googleapis.com/prodsandjobs/products/4052212121253/gemini_render_lifestyle_closeup_1765291226806_0_d523747e2a4ada926f836977a1a64842.png;https://storage.googleapis.com/prodsandjobs/products/4052212121253/gemini_render_lifestyle_inuse_1765291235274_0_927d6c3a3db6f7f34a4d6431f6fcb52a.png;;;;;;;;;;;;Seltmann Weiden
458456261;Puma Damen Sneaker Smash v2 L - Stilvoller Komfort & Vielseitigkeit;1;4059505053796;SKU-8462375603;Damenschuhe;32.57;19 %;0;Der Puma Smash v2 L Damen Sneaker ist der ideale Begleiter für einen dynamischen Lebensstil, der zeitloses Design mit herausragendem Tragekomfort vereint. Er eignet sich perfekt für urbane Erkundungen, den täglichen Einsatz im Büro oder entspannte Stunden in der Freizeit, stets mit einem Hauch von Stil.Gefertigt aus hochwertigem Kunstleder, bietet dieses Modell eine ansprechende Ästhetik und gewährleistet zugleich beeindruckende Strapazierfähigkeit für den täglichen Gebrauch. Die profilierte Gummisohle sorgt für sicheren Halt auf verschiedenen Untergründen, während das weiche Textil-Innenfutter den Fuß sanft umschließt und für angenehmen Komfort sorgt.Der optimal gepolsterte Schaftbereich unterstützt den Fuß zusätzlich und trägt maßgeblich zum erhöhten Komfort bei jedem Schritt bei. Die pflegeleichte Materialbeschaffenheit sichert ein dauerhaft frisches Erscheinungsbild und garantiert langanhaltende Freude an diesem Qualitätsprodukt.;;;;;https://storage.googleapis.com/prodsandjobs/products/4059505053796/studio_detail_99a323e6b49a142fc28d0bae0fed806f.png;https://storage.googleapis.com/prodsandjobs/products/4059505053796/studio_front_66ee2404221cfeeb975209dc7551bb02.png;https://storage.googleapis.com/prodsandjobs/products/4059505053796/studio_topdown_4f76f66b134fc5b3a61792bb4a87eb80.png;;;;;;;;;;;;;;Puma
458456447;Birkenstock Arizona Pantoletten Herren – Komfort mit anatomischem Fußbett;1;4061418025265;SKU-7151143475;Sandalen;79.90;19 %;0;"Die Birkenstock Arizona Split Pantoletten für Herren bieten eine perfekte Kombination aus zeitlosem Design und funktionalem Komfort. Sie sind die ideale Wahl für entspannte Stunden und vielfältige Freizeitaktivitäten, die Ihren Alltag bereichern.Das Herzstück bildet das anatomisch geformte Naturkork-Fußbett, welches optimalen Halt und unvergleichliche Bequemlichkeit bei jedem Schritt gewährleistet. Das strapazierfähige Birko-Flor-Obermaterial und die leichte EVA-Laufsohle garantieren langanhaltende Qualität sowie exzellente Dämpfung für ein angenehmes Laufgefühl.Dank der zwei individuell verstellbaren Riemen lassen sich diese Pantoletten präzise an Ihre Fußform anpassen und bieten somit stets eine sichere Passform. Der Lieferumfang umfasst ein Paar Pantoletten; für eine lange Lebensdauer empfehlen wir die regelmäßige Pflege des Obermaterials.";;;;;https://storage.googleapis.com/prodsandjobs/products/4061418025265/other_e8184f67043b6cabd0df27691d32e5d1.jpeg;;;;;;;;;;;;;;;;Birkenstock
458456580;Marco Tozzi Damen Pumps Vegan Nude Gr. 37 – Eleganz & Komfort;1;4064232428991;SKU-7290912165;Damenschuhe;39.99;19 %;0;"Diese eleganten Marco Tozzi Damen Pumps in zeitlosem Nude vereinen mühelos Stil und höchsten Tragekomfort für jeden Anlass. Ihr klassisches Design mit runder Schuhspitze macht sie zur idealen Wahl für Business-Meetings, festliche Anlässe oder einen stilvollen Freizeit-Look.Gefertigt aus hochwertigem, 100% veganem Synthetikmaterial, bieten diese Pumps nicht nur eine angenehme Haptik, sondern sind auch eine bewusste, tierfreundliche Wahl. Der stabile Blockabsatz gewährleistet einen sicheren Stand und ermöglicht langanhaltenden Tragekomfort den ganzen Tag über.Das robuste und pflegeleichte Obermaterial garantiert neben der ansprechenden Optik auch die bemerkenswerte Langlebigkeit dieser Schuhe. Der Lieferumfang umfasst ein Paar Pumps; für die einfache Pflege genügt ein feuchtes Tuch, um die Schönheit und den Glanz dauerhaft zu bewahren.";;;;;https://storage.googleapis.com/prodsandjobs/products/4064232428991/gemini_render_studio_front_1764957261680_0_4622bb00ed67047e775e79f8185b984e.png;https://storage.googleapis.com/prodsandjobs/products/4064232428991/gemini_render_studio_detail_1764957269697_0_29af3bf223eedb368a55ddae99cdce8f.png;https://storage.googleapis.com/prodsandjobs/products/4064232428991/gemini_render_studio_topdown_1764957278143_0_03112a998a59a5588e7ce600de0b4ee7.png;https://storage.googleapis.com/prodsandjobs/products/4064232428991/gemini_render_lifestyle_front_1764957288210_0_6d9e3b6b06f457c24d10068994ad82fd.png;https://storage.googleapis.com/prodsandjobs/products/4064232428991/gemini_render_lifestyle_closeup_1764957299894_0_bcb84953ef37548a7ca66b4a73253e9a.png;https://storage.googleapis.com/prodsandjobs/products/4064232428991/gemini_render_lifestyle_inuse_1764957308855_0_84c34cd2eb872a47cc5fd15b00f0ddbd.png;;;;;;;;;;;Marco Tozzi
458456583;Adidas Campus 00s Sneaker – Ikonischer Retro-Stil & höchster Komfort;1;4066748539567;SKU-0114729665;Sneaker;75.00;19 %;0;Der Adidas Campus 00s Sneaker vereint ikonischen Retro-Stil mit modernem Komfort für Ihren Alltag. Er unterstreicht Ihren individuellen Look mit einer perfekten Mischung aus authentischem Charme und aktuellen Modetrends, ideal für vielfältige Gelegenheiten.Gefertigt aus hochwertigem Wildleder, bietet das Obermaterial eine luxuriöse Haptik und beeindruckende Strapazierfähigkeit. Die ikonischen 3-Streifen setzen einen markanten Kontrast und betonen das unverwechselbare Adidas-Design, während die robuste Gummisohle zuverlässigen Halt bietet.Dieser vielseitige Sneaker wird selbstverständlich als Paar geliefert und ergänzt mühelos lässige Jeans sowie sportlich-elegante Outfits. Für langanhaltende Freude am Produkt empfiehlt sich die regelmäßige Pflege mit einer speziellen Wildlederbürste und einem Imprägnierspray.;;;;;https://storage.googleapis.com/prodsandjobs/products/4066748539567/studio_detail_5e4a04adb7890a9ac1b2c874f4d483b2.png;https://storage.googleapis.com/prodsandjobs/products/4066748539567/studio_front_fa771699b61899b1908d6710935329c1.png;https://storage.googleapis.com/prodsandjobs/products/4066748539567/studio_topdown_dce763e088b81d582e15b3939e186db5.png;https://storage.googleapis.com/prodsandjobs/products/4066748539567/lifestyle_closeup_5fdd8d676aabc82f23040fbdcfc64cdc.png;https://storage.googleapis.com/prodsandjobs/products/4066748539567/lifestyle_inuse_5b7842b4d30c1226f2089017c859263f.png;;;;;;;;;;;;Adidas
458456584;Adidas Kinder Sneaker VS Switch 3 CF C – Einfaches Anziehen mit Klettverschluss;1;4066755796946;SKU-1419839651;Sneaker;29.99;19 %;0;"Diese Adidas VS Switch 3 CF C Kinder Sneaker bieten aktiven Kids den ganzen Tag zuverlässigen Halt und eine angenehme Passform. Dank praktischer Klettverschlüsse ermöglichen sie ein kinderleichtes An- und Ausziehen, ideal für Spielplatz, Schule und den täglichen Gebrauch. Das strapazierfähige Synthetik-Obermaterial gewährleistet beeindruckende Langlebigkeit und ist zugleich besonders pflegeleicht. Eine dämpfende Laufsohle garantiert optimalen Grip und maximale Sicherheit bei jedem Schritt, unterstützt durch einen weich gepolsterten Schaftrand für höchsten Tragekomfort. Diese Sneaker präsentieren sich im klassischen Adidas-Design mit ikonischen 3-Streifen in Weiß/Schwarz und sind somit ein stilvoller Blickfang. Im Lieferumfang ist ein Paar Adidas VS Switch 3 CF C Kinder Sneaker enthalten; für langanhaltende Freude wird eine regelmäßige Reinigung empfohlen.";;;;;https://storage.googleapis.com/prodsandjobs/products/4066755796946/gemini_render_studio_front_1764958509075_0_d54b01d84f2f481de4b5ae36efb4282f.png;https://storage.googleapis.com/prodsandjobs/products/4066755796946/gemini_render_studio_detail_1764958519935_0_7c9181c8df8d58bcb0e455f6670bc1f6.png;https://storage.googleapis.com/prodsandjobs/products/4066755796946/gemini_render_studio_topdown_1764958531580_0_a3713019e0e801b4fb2305a1db85367b.png;https://storage.googleapis.com/prodsandjobs/products/4066755796946/gemini_render_lifestyle_front_1764958543181_0_a59b9c248d81d72dbf3d19c6a7d22fc8.png;https://storage.googleapis.com/prodsandjobs/products/4066755796946/gemini_render_lifestyle_inuse_1764958563724_0_fe74138f575f4a37d25a0b8b261af1d1.png;;;;;;;;;;;;Adidas
458456585;Adidas Damen Sneaker Samba LT W: Ikonischer Stil & Höchster Komfort;1;4067888237931;SKU-9146759920;Damenschuhe;70.00;19 %;0;Der Adidas Samba LT W Damen Sneaker vereint ikonisches Design mit herausragendem Tragekomfort für den modernen Alltag. Er integriert sich mühelos in jedes Outfit und bietet sowohl Stil als auch Vielseitigkeit für urbane Erkundungen und entspannte Freizeitaktivitäten. Dieses Modell ist aus einer luxuriösen Kombination von erstklassigem Leder und geschmeidigem Wildleder gefertigt, was langlebige Qualität und ein luxuriöses Tragegefühl gewährleistet. Die strapazierfähige Gummisohle sorgt für exzellenten Grip und optimale Traktion, während die traditionelle Schnürung eine individuelle Passform ermöglicht. Die charakteristische umklappbare Zunge setzt ein unverwechselbares Design-Statement und unterstreicht die Authentizität dieses Klassikers. Um die hochwertige Materialqualität und die ansprechende Ästhetik langfristig zu erhalten, wird eine regelmäßige und sachgemäße Pflege des Obermaterials dringend empfohlen.;;;;;https://storage.googleapis.com/prodsandjobs/products/4067888237931/gemini_render_studio_front_1764958478278_0_b694f92d47be907803e7aebc8ee3d298.png;https://storage.googleapis.com/prodsandjobs/products/4067888237931/gemini_render_studio_topdown_1764958500131_0_2270ab29f8bbb1b4352e0b4366d926e5.png;https://storage.googleapis.com/prodsandjobs/products/4067888237931/gemini_render_lifestyle_closeup_1764958519212_0_b163893e9c2a7bb37c70862d0539caa7.png;https://storage.googleapis.com/prodsandjobs/products/4067888237931/gemini_render_lifestyle_inuse_1764958526885_0_40521794f07f6e3c3780023432ea163d.png;;;;;;;;;;;;;Adidas
458456586;Adidas Herren Sneaker NY 90 – Zeitloser Stil & optimaler Komfort;1;4067897661963;SKU-4660262942;Sneaker;54.00;19 %;0;Der Adidas NY 90 Herren Sneaker bietet eine perfekte Kombination aus zeitlosem Design und modernem Tragekomfort für den Alltag. Sein klassischer Low-Cut-Lederlook, inspiriert von den Archiven, fügt sich nahtlos in jede Garderobe ein und wertet sowohl lässige als auch sportlich-elegante Outfits auf. Gefertigt aus hochwertigem Leder, garantiert das Obermaterial Langlebigkeit und eine edle Optik, während die robuste Gummisohle exzellenten Halt und zuverlässige Traktion bietet. Die individuelle Schnürung sorgt für eine optimale Passform, und das ikonische Trefoil-Logo betont die authentische Markenqualität. Sie erhalten ein Paar Adidas NY 90 Sneaker, die neu und originalverpackt geliefert werden, um höchste Zufriedenheit zu gewährleisten. Für eine langanhaltend ansprechende Optik und maximale Lebensdauer sind diese Schuhe besonders pflegeleicht und einfach zu reinigen.;;;;;https://storage.googleapis.com/prodsandjobs/products/4067897661963/gemini_render_studio_front_1764958552279_0_20164bed904ff8d0a906ab706b8d5256.png;https://storage.googleapis.com/prodsandjobs/products/4067897661963/gemini_render_studio_topdown_1764958577521_0_ee31160306ce2f76ee5419864cccddf2.png;https://storage.googleapis.com/prodsandjobs/products/4067897661963/gemini_render_lifestyle_front_1764958590204_0_f3e38454727d9ed8a4c97b0907dd6aaf.png;https://storage.googleapis.com/prodsandjobs/products/4067897661963/gemini_render_lifestyle_closeup_1764958599097_0_fc3cf51ffd78e356040ece0466b29b23.png;https://storage.googleapis.com/prodsandjobs/products/4067897661963/gemini_render_lifestyle_inuse_1764958607617_0_64872197a8c33a6af2812e9a7e1d9c5c.png;;;;;;;;;;;;Adidas
458456587;Adidas Damen Sneaker SL 72 OG W: Ikonischer Retro-Stil & Komfort;1;4067904005667;SKU-0989494543;Sneaker;89.90;19 %;0;Der Adidas SL 72 OG W Damen Sneaker vereint ikonischen Retro-Stil mit herausragendem Tragekomfort für den modernen Alltag. Er ist die ideale Wahl für Frauen, die einen sportlichen und zugleich stilvollen Look schätzen.Das leichte Obermaterial aus atmungsaktivem Textil und stilvollen Wildleder-Overlays sorgt für eine hochwertige Ästhetik und Strapazierfähigkeit. Eine innovativ gedämpfte Laufsohle und robuste Gummisohle garantieren ganztägigen Komfort sowie zuverlässigen Halt auf unterschiedlichsten Untergründen.Im Lieferumfang ist ein Paar dieser hochwertigen Sneaker enthalten, bereit, Ihren Alltag stilvoll zu bereichern. Für eine optimale Werterhaltung empfiehlt sich eine regelmäßige und sanfte Reinigung mit geeigneten Schuhpflegeprodukten.;;;;;https://storage.googleapis.com/prodsandjobs/products/4067904005667/gemini_render_studio_front_1764958493684_0_54966caaa4f85b22772cd0a330f20ce5.png;https://storage.googleapis.com/prodsandjobs/products/4067904005667/gemini_render_studio_topdown_1764958515637_0_f9f7c475f9b023048a4f4aafa6e179a4.png;https://storage.googleapis.com/prodsandjobs/products/4067904005667/gemini_render_lifestyle_closeup_1764958533492_0_524f12c8cd30cb378938c669f4176ab5.png;https://storage.googleapis.com/prodsandjobs/products/4067904005667/gemini_render_lifestyle_front_1764958523450_0_def8d7922e083c63c0b68b9b315ab213.png;https://storage.googleapis.com/prodsandjobs/products/4067904005667/gemini_render_lifestyle_inuse_1764958544512_0_a5f6c6ab381e7024633013d7e055c446.png;;;;;;;;;;;;Adidas
458456589;Adidas Handball Spezial W Sneaker Damen - Ikonisches Design & Komfort;1;4067904336044;SKU-2391228513;Sneaker;91.19;19 %;0;Der Adidas Handball Spezial W Sneaker für Damen vereint ikonisches Design mit erstklassigem Tragekomfort und ist die ideale Wahl für stilbewusste Frauen. Dieser vielseitige Schuh verleiht jedem Outfit eine besondere Note und eignet sich perfekt für den aktiven Alltag sowie entspannte Freizeitmomente.Das hochwertige Obermaterial aus Wildleder sorgt nicht nur für eine edle Optik, sondern auch für außergewöhnliche Strapazierfähigkeit und Langlebigkeit. Eine optimale Passform, exzellente Dämpfung und die robuste Gummi-Außensohle garantieren ganztägigen Komfort sowie hervorragenden Halt auf verschiedensten Untergründen.Im Lieferumfang ist ein Paar dieser exklusiven Adidas Sneaker enthalten, die sich mühelos in jede Garderobe integrieren lassen. Für eine lange Freude an diesem langlebigen und funktionalen Modell beachten Sie bitte die beiliegenden Herstellerpflegehinweise zur optimalen Pflege.;;;;;https://storage.googleapis.com/prodsandjobs/products/4067904336044/gemini_render_studio_front_1765290764455_0_4795264608e282d83f975611ede667bd.png;https://storage.googleapis.com/prodsandjobs/products/4067904336044/gemini_render_studio_detail_1765290777129_0_876d1b03ac1e5b37a38d99e53cb47024.png;https://storage.googleapis.com/prodsandjobs/products/4067904336044/gemini_render_studio_topdown_1765290790173_0_95d0b69c5fb2ff963d941522e3e11678.png;https://storage.googleapis.com/prodsandjobs/products/4067904336044/gemini_render_lifestyle_front_1765290802304_0_03cf48a4e8a79d3d5ec3542be3b3b8e6.png;https://storage.googleapis.com/prodsandjobs/products/4067904336044/gemini_render_lifestyle_closeup_1765290814008_0_82a21f362d19adc4363ca66857106052.png;https://storage.googleapis.com/prodsandjobs/products/4067904336044/gemini_render_lifestyle_inuse_1765290823720_0_84be339b76c2deccb44befba206c130d.png;;;;;;;;;;;Adidas
458456590;adidas Samba OG J Kindersneaker: Zeitloser Stil & Komfort für Kinder;1;4067904610731;SKU-9804667250;Schuhe;79.90;19 %;0;Der adidas Samba OG J Kindersneaker vereint ikonischen Stil mit herausragendem Tragekomfort und ist der ideale Begleiter für aktive Kinder und Jugendliche. Er eignet sich perfekt für sportliche Aktivitäten, den Schulalltag und entspannte Freizeitmomente, stets mit einem zeitlosen Look.Gefertigt aus einem hochwertigen Obermaterialmix aus robustem Leder und Synthetik, ergänzt durch stilvolle Wildleder-Overlays, garantiert dieser Sneaker außergewöhnliche Langlebigkeit. Die bewährte Gummilaufsohle bietet dabei jederzeit sicheren Halt und zuverlässige Traktion auf unterschiedlichsten Untergründen.Sie erhalten diesen hochwertigen Sneaker in makellosem Zustand, neu und originalverpackt, bereit für den sofortigen Einsatz. Um die brillante Optik und die Langlebigkeit des Schuhs langfristig zu bewahren, wird eine regelmäßige Pflege mit empfohlenen Schuhpflegeprodukten angeraten.;;;;;https://storage.googleapis.com/prodsandjobs/products/4067904610731/gemini_render_studio_front_1764958500625_0_7e83ba388fc89c168eea21f11e20c99c.png;https://storage.googleapis.com/prodsandjobs/products/4067904610731/gemini_render_studio_topdown_1764958520496_0_747cf975481eb70490f9ea0d7a24acae.png;https://storage.googleapis.com/prodsandjobs/products/4067904610731/gemini_render_studio_detail_1764958512949_0_74a71a656fba96a04d088cd3f2cf4eab.png;https://storage.googleapis.com/prodsandjobs/products/4067904610731/gemini_render_lifestyle_closeup_1764958542279_0_87d788c7c68d5db7dc913892ae1150bd.png;https://storage.googleapis.com/prodsandjobs/products/4067904610731/gemini_render_lifestyle_front_1764958530386_0_7fdea86ff8f0ce5148162ccaf5017709.png;https://storage.googleapis.com/prodsandjobs/products/4067904610731/gemini_render_lifestyle_inuse_1764958554676_0_0c00d4ac4c7223e257058a2f8ea42dea.png;;;;;;;;;;;Adidas
458456592;PUMA Sneaker Road Rider SD Unisex – Stil, Komfort & Vielseitigkeit;1;4067983276613;SKU-5722168408;Sneaker;66.99;19 %;0;"Der PUMA Road Rider SD Unisex Sneaker kombiniert gekonnt Retro-Charme mit modernem Komfort und ist die ideale Wahl für stilbewusste Erwachsene. Seine auffällige Farbkombination macht ihn zu einem echten Blickfang, der im Alltag und bei Freizeitaktivitäten überzeugt.Dieser Sneaker ist aus einer hochwertigen Mischung aus Mesh, Wildleder und Synthetik gefertigt, was für Atmungsaktivität und Strapazierfähigkeit sorgt. Eine dämpfende Sohle und die klassische Schnürung garantieren optimalen Tragekomfort sowie eine individuelle Passform den ganzen Tag über.Mit seiner robusten Gummisohle bietet der Road Rider SD zuverlässigen Halt und lässt sich mühelos in jede Garderobe integrieren. Im Lieferumfang ist ein Paar PUMA Road Rider SD Sneaker enthalten; bitte beachten Sie die Pflegehinweise für langanhaltende Freude.";;;;;https://storage.googleapis.com/prodsandjobs/products/4067983276613/gemini_render_studio_front_1764958547760_0_c663d50698ff96fd00eccdabe164d762.png;https://storage.googleapis.com/prodsandjobs/products/4067983276613/gemini_render_studio_detail_1764958559178_0_6c3a0bea1645792f0870a7cea5d5cb92.png;https://storage.googleapis.com/prodsandjobs/products/4067983276613/gemini_render_studio_topdown_1764958572707_0_f5f60cc8801439e8f97196a2367c3456.png;https://storage.googleapis.com/prodsandjobs/products/4067983276613/gemini_render_lifestyle_front_1764958584511_0_abd3e4750095423e7b844ed17d8493be.png;https://storage.googleapis.com/prodsandjobs/products/4067983276613/gemini_render_lifestyle_inuse_1764958603515_0_b21b069006861258c909a4699f4b50f3.png;;;;;;;;;;;;Puma
458456593;Puma Court Classico Sneaker: Zeitloser Stil für optimalen Komfort;1;4067983746314;SKU-6673544963;Sneaker;54.99;19 %;0;"Die Puma Court Classico Sneaker vereinen zeitloses Design mit modernem Tragekomfort für anspruchsvolle Alltagslooks. Sie verleihen jedem Outfit eine stilvolle Note und sind ideal für Freizeitaktivitäten oder entspannte Büro-Looks.Gefertigt aus hochwertigem, strapazierfähigem Leder, garantieren diese Sneaker exzellente Langlebigkeit und eine ansprechende Optik. Das weiche Textil-Innenfutter sorgt für durchgehend angenehmen Tragekomfort, während die robuste Gummisohle optimalen Halt und hervorragende Dämpfung bietet.Der klassische Schnürverschluss ermöglicht eine individuelle Passform und sicheren Halt bei jedem Schritt. Im Lieferumfang ist ein Paar Puma Court Classico Sneaker enthalten; zur langfristigen Bewahrung der Qualität empfehlen wir die regelmäßige Pflege mit geeigneten Lederprodukten.";;;;;https://storage.googleapis.com/prodsandjobs/products/4067983746314/gemini_render_studio_detail_1764957300296_0_7b104f54c28798998653a641c47449c3.png;https://storage.googleapis.com/prodsandjobs/products/4067983746314/gemini_render_studio_front_1764957286495_0_d42391db84b6597dd4a6b505034da4c5.png;https://storage.googleapis.com/prodsandjobs/products/4067983746314/gemini_render_studio_topdown_1764957318619_0_66a5da6ae80da3eef35c450dc50554c9.png;https://storage.googleapis.com/prodsandjobs/products/4067983746314/gemini_render_lifestyle_front_1764957330594_0_f1bdf22409c78601835929eedb0ac143.png;https://storage.googleapis.com/prodsandjobs/products/4067983746314/gemini_render_lifestyle_closeup_1764957340332_0_d7d0daabf378951d12b13fa39d6b9398.png;https://storage.googleapis.com/prodsandjobs/products/4067983746314/gemini_render_lifestyle_inuse_1764957349144_0_d2a85101ce47812ddd701d8c1695faaa.png;;;;;;;;;;;Puma
458456653;Glossyautoparts Nockenwelle: Optimiert Motorleistung & Kraftstoffeffizienz;1;4071003351342;SKU-2611077541;Nockenwellen;79.99;19 %;0;Die Glossyautoparts Nockenwelle optimiert präzise die Ventilsteuerung Ihres Motors, was Leistung und Kraftstoffeffizienz spürbar verbessert. Sie stellt die volle Motorfunktionalität langfristig wieder her und sorgt für eine reibungslosere Fahrzeugperformance.Gefertigt aus erstklassigen, robusten Metallen, garantiert diese Nockenwelle außergewöhnliche Langlebigkeit und höchste Zuverlässigkeit unter allen Bedingungen. Die CE-Zertifizierung bestätigt die Einhaltung strengster europäischer Qualitäts- und Sicherheitsstandards für dieses Premium Aftermarket-Produkt.Im Lieferumfang ist eine passgenaue Nockenwelle enthalten, die für einen unkomplizierten Direkteinbau konzipiert wurde. Bitte überprüfen Sie vor dem Kauf sorgfältig die Kompatibilität mit Ihrem spezifischen Fahrzeugmodell, um optimale Leistung und perfekte Passform zu gewährleisten.;;;;;https://storage.googleapis.com/prodsandjobs/products/4071003351342/other_49ac1cf0854b1c0f943fc77ea4fc8c96.jpeg;;;;;;;;;;;;;;;;Glossyautoparts
458456918;Casey Stehleuchte Modern: Stilvolles Leselicht & Behagliches Ambiente;1;4099983384487;SKU-8380347833;Stehleuchten;329.00;19 %;0;Die Casey Stehleuchte schafft eine unvergleichlich behagliche Atmosphäre und verwandelt jeden Raum in eine Oase der Ruhe und des Stils. Sie bietet die ideale Balance aus gezieltem Leselicht für konzentrierte Momente und sanfter Umgebungsbeleuchtung für entspannte Stunden.Ihr exquisites Design besticht durch einen hochwertigen Materialmix aus goldfarbenem Metall, robustem Eisen und elegantem champagnerfarbenem Glas, stilvoll veredelt mit gebürstetem Messing. Die schlanke, moderne Silhouette fügt sich nahtlos in zeitgemäße Einrichtungen ein und setzt edle Akzente in Ihrem Wohnzimmer, Lesezimmer oder Empfangsbereich.Der Lieferumfang beinhaltet die hochwertige Stehleuchte, fünf Leuchtenschirme (Glaskugeln) sowie das benötigte Montagematerial mit detaillierter Anleitung. Die unkomplizierte Endmontage ist im Handumdrehen erledigt, und die pflegeleichten Oberflächen garantieren eine dauerhaft strahlende Optik bei minimalem Reinigungsaufwand.;;;;;https://storage.googleapis.com/prodsandjobs/products/SKU-8380347833/studio_front_410620698f0f8b4e082f03f50c46af3b.png;https://storage.googleapis.com/prodsandjobs/products/SKU-8380347833/studio_detail_762559209f2e24b550e68ad247796f4e.png;https://storage.googleapis.com/prodsandjobs/products/SKU-8380347833/lifestyle_closeup_f061c4109ee0c12395b9f574c4ed7f3c.png;https://storage.googleapis.com/prodsandjobs/products/SKU-8380347833/lifestyle_inuse_ed147ea788540f27946f6478a9aabd46.png;https://storage.googleapis.com/prodsandjobs/products/SKU-8380347833/lifestyle_front_ffa970a1ec31edd309104656f9474744.png;https://storage.googleapis.com/prodsandjobs/products/4099983384487/lifestyle_inuse_299a1dd11fff69d33c99f71520363bfd.png;;;;;;;;;;;Casey
458457459;Police WALDO Echtleder-Geldbörse für Herren mit stilvoller Ordnung;1;4260566841011;SKU-0698797502;Geldbörsen & Etuis;34.95;19 %;0;Die Police WALDO Geldbörse aus edlem Echtleder bietet stilbewussten Herren eine luxuriöse Haptik und außergewöhnliche Langlebigkeit im Alltag. Ihr kompaktes Bifold-Design ermöglicht eine bequeme Unterbringung in jeder Tasche und sorgt gleichzeitig für perfekte Ordnung. Im Inneren überzeugt diese Brieftasche mit einer durchdachten Fächeraufteilung, die optimalen Platz für Kreditkarten, Scheine und Münzen bietet. Das integrierte Münzfach mit Druckknopfverschluss und mehrere Kartenfächer gewährleisten eine übersichtliche und sichere Aufbewahrung Ihrer Wertsachen. Sie erhalten die Police WALDO Geldbörse in einer ansprechenden Geschenkbox, ideal als Präsent oder zur sicheren Aufbewahrung. Bitte beachten Sie die beiliegenden Pflegehinweise für Echtleder, um die Schönheit und Langlebigkeit dieses hochwertigen Accessoires zu bewahren.;;;;;https://storage.googleapis.com/prodsandjobs/products/4250056064101/gemini_render_studio_front_1765291403828_0_455cfbf3038a39b35a991dab572a1cb4.png;https://storage.googleapis.com/prodsandjobs/products/4250056064101/gemini_render_studio_detail_1765291415112_0_f95f0b8a3a1848a86ba3ee2f005eea80.png;https://storage.googleapis.com/prodsandjobs/products/4250056064101/gemini_render_lifestyle_front_1765291440022_0_ff96ffd61a0b98124085f900e9cc4fb7.png;https://storage.googleapis.com/prodsandjobs/products/4250056064101/gemini_render_lifestyle_closeup_1765291453755_0_c3928f766e5ff44d37c4284d36b1a202.png;https://storage.googleapis.com/prodsandjobs/products/4250056064101/gemini_render_lifestyle_inuse_1765291463807_0_9dac892afdf4746bc8d03f51aac294cc.png;;;;;;;;;;;;Police
458458663;Terry Sattelbezug Rain Cover Small: Optimaler Regenschutz & Werterhalt;1;4260012351552;SKU-0595529606;Fahrradzubehör;7.90;19 %;0;Der Terry Rain Cover Small schützt Ihren Fahrradsattel zuverlässig vor Regen, Schmutz und Abnutzung, sodass er stets trocken und sauber bleibt. Dieser unverzichtbare Sattelschutz bewahrt den Wert Ihres Fahrrads und steigert Ihren Fahrkomfort bei jeder Witterung.Gefertigt aus robustem 210D Nylon mit wasserabweisender Beschichtung, garantiert dieser Bezug maximale Langlebigkeit und ist dabei federleicht. Er ist speziell für Sättel bis 180 mm Breite konzipiert und lässt sich in Sekundenschnelle anbringen.Im Lieferumfang ist ein Terry Rain Cover Small Sattelbezug enthalten, der sich kompakt zusammenfalten und mühelos verstauen lässt. Für eine lange Lebensdauer empfehlen wir die regelmäßige Reinigung mit einem feuchten Tuch und die Lagerung an einem trockenen Ort.;;;;;https://storage.googleapis.com/prodsandjobs/products/4260012351552/gemini_render_studio_front_1765308970941_0_dc7bc15a96b8126edd9f7737a778198f.png;https://storage.googleapis.com/prodsandjobs/products/4260012351552/gemini_render_studio_detail_1765308980535_0_a2e6d6304512083fb1de6cf3c2c95952.png;https://storage.googleapis.com/prodsandjobs/products/4260012351552/gemini_render_lifestyle_front_1765309003204_0_a37cc84c79f86d7f3d023e26b0aaa988.png;https://storage.googleapis.com/prodsandjobs/products/4260012351552/gemini_render_lifestyle_closeup_1765309010881_0_6294fa7eb8c0dcb70ba61b19cb6fb4d9.png;https://storage.googleapis.com/prodsandjobs/products/4260012351552/gemini_render_lifestyle_inuse_1765309018934_0_f495b6453e7291ff9b6327c5377b3daf.png;;;;;;;;;;;;Terry
458460825;ASICS EX89 Sneaker  Gr. 41.5 – Ikonischer Retro-Stil & Komfort für jeden Tag;1;4550457733175;SKU-7234186083;Sneaker;65.00;19 %;0;"Der ASICS EX89 Sneaker vereint ikonischen Retro-Stil mit modernem Tragekomfort und ist die ideale Wahl für modebewusste Träger. Er eignet sich perfekt für Freizeitaktivitäten und den täglichen Gebrauch, indem er Ästhetik und Funktionalität harmonisch verbindet.Das hochwertige Wildleder-Obermaterial in eleganter Cremeweiß/Weiß-Farbgebung verleiht diesem Schuh einen anspruchsvollen und vielseitig kombinierbaren Look. Dank der innovativen FF BLAST™-Dämpfung in der Ferse genießen Sie reaktionsfreudige Energierückgabe und außergewöhnlichen Komfort bei jedem Schritt.Eine robuste Gum-Außensohle gewährleistet exzellente Traktion und langanhaltende Haltbarkeit auf verschiedenen Untergründen, was diesen Sneaker zu einem zuverlässigen Begleiter macht. Der Lieferumfang umfasst ein Paar ASICS EX89 Sneaker; zur optimalen Werterhaltung des Wildleder-Obermaterials empfehlen wir die Beachtung spezieller Pflegehinweise.";;;;;https://storage.googleapis.com/prodsandjobs/products/4550457733144/gemini_render_studio_detail_1764957270622_0_41b43d78981d9b10b048d4c9f0e482f2.png;https://storage.googleapis.com/prodsandjobs/products/4550457733144/gemini_render_studio_topdown_1764957281628_0_2ee1f31047cf390f1a9eeacf75d488be.png;https://storage.googleapis.com/prodsandjobs/products/4550457733144/gemini_render_lifestyle_front_1764957289133_0_45bbe9e50e36107a3b29d1bfcd52b5ef.png;https://storage.googleapis.com/prodsandjobs/products/4550457733144/gemini_render_lifestyle_closeup_1764957305702_0_5697470bf64bfc5cd7cac84920db3cc1.png;https://storage.googleapis.com/prodsandjobs/products/4550457733144/gemini_render_lifestyle_inuse_1764957319279_0_d79d2e85d90b2598d513b8be8b19125c.png;;;;;;;;;;;;Asics
458460887;ASICS EX89 Sneaker Gr. 42 – Zeitloser Stil & Premium-Komfort für Alltag;1;4550457733144;SKU-0808524453;Sneaker;69.90;19 %;0;Der ASICS EX89 Sneaker in strahlendem Weiß bietet zeitlosen Stil und höchste Vielseitigkeit für jeden Anlass. Er integriert sich nahtlos in jede Garderobe und garantiert dank seiner durchdachten Konstruktion ganztägigen Tragekomfort.Gefertigt aus erstklassigem Wildleder im Obermaterial, überzeugt dieser Sneaker mit luxuriöser Haptik und außergewöhnlicher Strapazierfähigkeit. Die robuste Gummi-Außensohle gewährleistet exzellente Traktion und Langlebigkeit, während die klassische Schnürung einen sicheren, individuell anpassbaren Halt bietet.Sie erhalten ein Paar dieser vielseitigen Unisex-Sneaker, die sich mühelos mit verschiedenen Outfits kombinieren lassen. Für die optimale Pflege des hochwertigen Wildleders wird die Verwendung spezieller Bürsten und Sprays empfohlen, um die Optik und Lebensdauer zu erhalten.;;;;;https://storage.googleapis.com/prodsandjobs/products/4550457733175/studio_front_f44f340774059033a16c3faeddfe1c46.png;https://storage.googleapis.com/prodsandjobs/products/4550457733175/studio_detail_43022ff06efebf1990e44cdf1f733d7f.png;https://storage.googleapis.com/prodsandjobs/products/4550457733175/studio_topdown_cd3fe4f7dfd32999801306c23dce04c6.png;https://storage.googleapis.com/prodsandjobs/products/4550457733175/lifestyle_front_477dfbb4d1fee57c9bcd9eb92b3b5b42.png;https://storage.googleapis.com/prodsandjobs/products/4550457733175/lifestyle_closeup_d5a73056fa470b4bd6462ff806add379.png;https://storage.googleapis.com/prodsandjobs/products/4550457733175/lifestyle_inuse_d902fab24ed4c2dab3c4d73d7dff081e.png;;;;;;;;;;;Asics
458461774;MSI Mainboard PRO B650M-P für Gaming & Workstations mit AM5 & DDR5;1;4711377100953;SKU-5869700759;Mainboards;111.40;19 %;0;Das MSI PRO B650M-P Micro-ATX Mainboard bietet eine herausragende Basis für anspruchsvolle Gaming-Systeme und professionelle Workstations. Es unterstützt die neuesten AMD Ryzen 7000/8000 Prozessoren und sichert so eine zukunftssichere und leistungsstarke Systemarchitektur.Ausgestattet mit blitzschnellem DDR5-Speicher bis 6400+ MHz (OC) und PCIe 4.0, ermöglicht dieses Mainboard extrem schnelle Datenübertragungsraten für Grafikkarten und NVMe-SSDs. Die hochwertige Verarbeitung und das durchdachte Layout der Komponenten gewährleisten außergewöhnliche Stabilität und Langlebigkeit, selbst unter intensiver Belastung.Der kompakte Micro-ATX Formfaktor erlaubt eine mühelose Installation in verschiedenen Gehäusetypen und ist ideal für platzsparende PC-Builds. Im Lieferumfang sind das Mainboard, alle notwendigen Montageelemente und Verbindungskabel enthalten, um eine schnelle Inbetriebnahme zu gewährleisten.;;;;;https://storage.googleapis.com/prodsandjobs/products/4711377100953/gemini_render_studio_front_1765288678569_0_ea7dd095e46a6fa34fb30ae360ef784f.png;https://storage.googleapis.com/prodsandjobs/products/4711377100953/gemini_render_studio_detail_1765288687774_0_d3fa78d0ef32ac5d5eea3ad46d066be2.png;https://storage.googleapis.com/prodsandjobs/products/4711377100953/gemini_render_lifestyle_front_1765288707696_0_99621cd329220dc338007de8f69bf933.png;https://storage.googleapis.com/prodsandjobs/products/4711377100953/gemini_render_lifestyle_closeup_1765288717231_0_9ee35a1308914db860326a01279de55e.png;https://storage.googleapis.com/prodsandjobs/products/4711377100953/gemini_render_lifestyle_inuse_1765288727593_0_7847171d58f51dfba5adb644c45c51ca.png;;;;;;;;;;;;MSI
458462471;JURID Bremsbelagsatz – Maximale Sicherheit & präzise Kontrolle;1;3306437238014;SKU-0411747828;Bremsbeläge;43.96;19 %;0;JURID Bremsbeläge sind präzise für ausgewählte Fahrzeugmodelle entwickelt und garantieren eine herausragende, zuverlässige Bremsleistung. Sie sichern optimale Sicherheit und präzise Fahrzeugkontrolle in jeder Fahrsituation, von entspannten Stadtfahrten bis zu dynamischen Herausforderungen.Diese Bremsbeläge werden in strenger Erstausrüsterqualität gefertigt und zeichnen sich durch eine fortschrittliche Materialzusammensetzung sowie präzise Verarbeitung aus. Dies gewährleistet minimierten Verschleiß, eine lange Lebensdauer der Bremskomponenten und konstant zuverlässige Funktion unter allen Bedingungen.Der Lieferumfang beinhaltet einen vollständigen Satz Bremsbeläge für eine Achse, was eine direkte und unkomplizierte Installation ermöglicht. Für die dauerhafte Funktionalität Ihrer Bremsanlage wird eine regelmäßige Überprüfung und fachgerechte Wartung durch qualifiziertes Personal dringend empfohlen.;;;;;https://storage.googleapis.com/prodsandjobs/products/4733dbc5-7297-4287-92b0-051f706467d9/gemini_render_studio_detail_1765277968434_0_9603be7a63ec8854b173183581274a1a.png;https://storage.googleapis.com/prodsandjobs/products/4733dbc5-7297-4287-92b0-051f706467d9/gemini_render_lifestyle_front_1765277986030_0_e124b555fc5131baed335fa47fa3e09c.png;https://storage.googleapis.com/prodsandjobs/products/4733dbc5-7297-4287-92b0-051f706467d9/gemini_render_lifestyle_inuse_1765278007258_0_bf0c6388fa0b098c20b7b215fd6cf402.png;;;;;;;;;;;;;;JURID
458463095;Mountain Guide Herren Wanderschuh Cuando - Wasserdicht & Griffig;1;5054142498336;SKU-5017039989;Wanderschuhe;69.95;19 %;0;Der Mountain Guide Cuando Herren Wanderschuh ist Ihr idealer Begleiter für anspruchsvolle Outdoor-Abenteuer, indem er zuverlässigen Schutz und herausragenden Tragekomfort vereint. Seine wasserdichte Konstruktion hält Ihre Füße bei jedem Wetter trocken und sorgt für anhaltendes Wohlbefinden auf langen Touren.Ausgestattet mit einer griffigen Profilsohle bietet dieser Schuh optimalen Halt auf vielfältigen Untergründen, während das atmungsaktive Mesh/Synthetik-Obermaterial ein exzellentes Fußklima gewährleistet. Ein gepolsterter Schaft und eine robuste Zehenschutzkappe runden die hochwertige Ausstattung ab und bieten zusätzlichen Schutz sowie Komfort.Sie erhalten ein Paar Mountain Guide Cuando Wanderschuhe, die sofort einsatzbereit sind und Ihnen unvergessliche Naturerlebnisse ermöglichen. Für eine dauerhafte Funktionalität und Langlebigkeit empfehlen wir die regelmäßige Pflege des Obermaterials und der Sohle, um die Lebensdauer zu maximieren.;;;;;https://storage.googleapis.com/prodsandjobs/products/5054142498336/gemini_render_studio_detail_1765302060264_0_f8692bd6aa8cf9a3277b70c1eed2dc03.png;https://storage.googleapis.com/prodsandjobs/products/5054142498336/gemini_render_studio_topdown_1765302071273_0_4f5f1e4befe0c1a28f51ca9cb64fb078.png;https://storage.googleapis.com/prodsandjobs/products/5054142498336/gemini_render_lifestyle_front_1765302081867_0_2b4e22609c1d2e016be301faf15dd18e.png;https://storage.googleapis.com/prodsandjobs/products/5054142498336/gemini_render_lifestyle_closeup_1765302091245_0_c40ba0e130a0c74d3b40c509d09294d1.png;https://storage.googleapis.com/prodsandjobs/products/5054142498336/gemini_render_lifestyle_inuse_1765302101654_0_1732814ae43699b1c8db31322deebbc0.png;;;;;;;;;;;;Mountain Guide
458464475;DESKTRONIC Kabelmanagement Set für aufgeräumten Schreibtisch & mehr Sicherheit;1;5060826162363;SKU-8835594725;Kabel;26.63;19 %;0;Das DESKTRONIC Kabelmanagement Set verwandelt jeden Arbeitsplatz in eine aufgeräumte und hochfunktionale Umgebung. Es beseitigt effektiv Kabelsalat, steigert die Sicherheit und fördert eine professionelle Ästhetik in Büro und Home-Office.Dieses umfassende Set beinhaltet zwei robuste, pulverbeschichtete Metall-Kabelkanäle in elegantem Schwarz. Die offene Konstruktion bietet ausreichend Platz für Netzteile und Kabel, während sie eine hervorragende Belüftung Ihrer elektronischen Geräte gewährleistet.Neben den hochwertigen Metallkanälen umfasst der Lieferumfang zehn praktische Kabelbinder für eine optimale Organisation der Verkabelung. Die einfache und schnelle Montage unter jeder gängigen Schreibtischplatte vereinfacht zudem die Bodenreinigung und schafft dauerhaft einen ordentlichen Arbeitsbereich.;;;;;https://storage.googleapis.com/prodsandjobs/products/SKU-8835594725/studio_topdown_b136e089ac5533b630bed75ce944b542.png;https://storage.googleapis.com/prodsandjobs/products/SKU-8835594725/studio_detail_d7f2e8110a09a3769533f47e0caad0a9.png;https://storage.googleapis.com/prodsandjobs/products/SKU-8835594725/lifestyle_closeup_19f557ff065c99a8f870a45612340362.png;https://storage.googleapis.com/prodsandjobs/products/SKU-8835594725/lifestyle_inuse_f8a514d1e3b44d1a92168687f796d452.png;;;;;;;;;;;;;DESKTRONIC
458465245;ARKK Copenhagen Visuklass Leather Sneaker für stilvollen Komfort;1;5712929568831;SKU-0110888325;Sneaker;84.00;19 %;0;Der ARKK Copenhagen Visuklass Leather Sneaker bietet stilbewussten Damen exzellenten Komfort und zeitlose Eleganz für den Alltag. Sein vielseitiges Design in Weiß mit frischen grünen Akzenten macht ihn zum idealen Begleiter für jede Garderobe und urbane Abenteuer.Gefertigt aus erstklassigem Leder, besticht dieser Schuh durch seine Premium-Qualität und außergewöhnliche Langlebigkeit. Das hochwertige Lederobermaterial und die innovative Gummisohle garantieren optimalen Tragekomfort und eine angenehme Dämpfung bei jedem Schritt.Im Lieferumfang enthalten ist ein Paar dieser exklusiven Sneaker, bereit für Ihre täglichen Aktivitäten. Die einfache Pflege des Leders sichert eine dauerhaft ansprechende Optik, sodass Sie lange Freude an diesem exklusiven Schuh haben werden.;;;;;https://storage.googleapis.com/prodsandjobs/products/5712929568831/gemini_render_studio_front_1765290819399_0_ae9c4b340e904bb7d9724b8d2e52e34c.png;https://storage.googleapis.com/prodsandjobs/products/5712929568831/gemini_render_studio_detail_1765290830513_0_87face8961f3491cd7aeeca8fed4d5d9.png;https://storage.googleapis.com/prodsandjobs/products/5712929568831/gemini_render_studio_topdown_1765290841717_0_0569408bf730a8fbe3d9c465a43ac558.png;https://storage.googleapis.com/prodsandjobs/products/5712929568831/gemini_render_lifestyle_front_1765290853538_0_0bd69519812dfce42ef98b4d3ca97ce5.png;https://storage.googleapis.com/prodsandjobs/products/5712929568831/gemini_render_lifestyle_closeup_1765290862292_0_3638b7bce2bba25e2587f8b43906f6b2.png;https://storage.googleapis.com/prodsandjobs/products/5712929568831/gemini_render_lifestyle_inuse_1765290872802_0_26fa5d592c173588f658290c7e6d2144.png;;;;;;;;;;;ARKK Copenhagen
458466308;Engelbert Strauss Bundhose e.s. motion 2020 Winter: Optimaler Kälteschutz;1;5907455902611;SKU-7961309823;Schutzkleidung;89.13;19 %;0;Die Engelbert Strauss e.s. motion 2020 Winter Bundhose bietet Herren optimalen Kälteschutz und maximale Bewegungsfreiheit für anspruchsvolle Wintereinsätze. Ihr robustes Mischgewebe aus 65% Polyester und 35% Baumwolle garantiert dabei höchste Strapazierfähigkeit und eine lange Lebensdauer.Zahlreiche, strategisch platzierte Taschen bieten großzügigen Stauraum für Werkzeuge und persönliche Utensilien, was die Effizienz im Arbeitsalltag deutlich steigert. Das moderne Schwarz/Platin-Design mit Kontrastnähten macht sie zudem vielseitig einsetzbar für Arbeit und Outdoor-Aktivitäten.Im Lieferumfang ist eine Engelbert Strauss e.s. motion 2020 Winter Bundhose enthalten, die sich durch ihre besondere Pflegeleichtigkeit auszeichnet. Für Fragen zur Pflege oder weiteren Anliegen steht unser engagierter Kundenservice jederzeit gerne zur Verfügung.;;;;;https://storage.googleapis.com/prodsandjobs/products/65.56.544/gemini_render_studio_front_1765304281366_0_64582a3c6d2551be425c7c2ba98f1e3d.png;https://storage.googleapis.com/prodsandjobs/products/65.56.544/gemini_render_studio_detail_1765304290890_0_2f7a769e646285d3a278f3f26200000e.png;https://storage.googleapis.com/prodsandjobs/products/65.56.544/gemini_render_studio_topdown_1765304301416_0_8b7203b4b2426562461a3d48cf329a21.png;https://storage.googleapis.com/prodsandjobs/products/65.56.544/gemini_render_lifestyle_closeup_1765304325872_0_c5b21e2e36f15f5301d813efc0ae4197.png;https://storage.googleapis.com/prodsandjobs/products/65.56.544/gemini_render_lifestyle_inuse_1765304335654_0_cda63078fecc79d1e5ec6b30a3b4047b.png;;;;;;;;;;;;Engelbert Strauss
458466968;Bad-Hochschrank Weiß – Platzsparend für kleine Bäder;1;6941123909198;SKU-5032047149;Badschrank;39.99;19 %;0;"Der Goldhof Logistik ESITuro Bad-Hochschrank bietet eine ideale Stauraumlösung für kleine Bäder und Gäste-WCs. Seine schlanke Bauweise nutzt den vorhandenen Raum optimal aus und schafft mühelos Ordnung.Dieser praktische Schubladenschrank verfügt über vier leichtgängige Schubladen, die ausreichend Platz für Pflegeprodukte und Handtücher bieten. Die robuste Konstruktion aus hochwertigen Holzwerkstoffen gewährleistet Langlebigkeit und Stabilität im täglichen Gebrauch.Der Lieferumfang umfasst den Bad-Hochschrank; Befestigungsmaterial ist nicht enthalten, um eine individuelle Anpassung an Ihre Wand zu ermöglichen. Die pflegeleichte, feuchtigkeitsbeständige Oberfläche sorgt zudem für hygienische Sauberkeit und einfache Reinigung.";;;;;https://storage.googleapis.com/prodsandjobs/products/6941123909198/gemini_render_studio_front_1764944527558_0_faad1bcb14049ab82f2d385d55c8204a.png;https://storage.googleapis.com/prodsandjobs/products/6941123909198/gemini_render_lifestyle_front_1764944564055_0_4da3405b0ed02ba43f0dd5cddbd716c1.png;https://storage.googleapis.com/prodsandjobs/products/6941123909198/gemini_render_lifestyle_closeup_1764944574582_0_10ae2499db4617ff282e0c056acd9750.png;https://storage.googleapis.com/prodsandjobs/products/6941123909198/gemini_render_lifestyle_inuse_1764944583217_0_cdc22862306b8497f897a8efdebe6e7d.png;;;;;;;;;;;;;Goldhof Logistik GmbH
458467756;LEONARDO Trinkgläser Swing Set – Modernes Design für stilvolle Momente;1;4002541707024;SKU-9091395294;Gläser;7.50;19 %;0;Das LEONARDO Swing Trinkgläser-Set verleiht jedem Tisch eine moderne und stilvolle Eleganz, ideal für den täglichen Gebrauch oder besondere Anlässe. Diese hochwertigen Gläser aus robustem Glas sind für ihre Langlebigkeit und ansprechende Ästhetik bekannt, was sie zu einer Bereicherung für jeden Haushalt macht. Jeder Tumbler bietet ein optimales Fassungsvermögen von 35,5 cl bei einer Höhe von 9 cm, perfekt für Wasser, Säfte oder Softdrinks. Ihre ergonomische Form sorgt für eine angenehme Haptik und liegt stets komfortabel in der Hand, was den Trinkgenuss erheblich steigert. Der Lieferumfang umfasst zwei dieser vielseitigen Trinkgläser, die jede Tischdekoration stilvoll ergänzen und eine frische Note verleihen. Vertrauen Sie auf die bewährte LEONARDO Glasexpertise für langlebige und ästhetische Produkte, die Ihren Alltag nachhaltig bereichern.;;;;;https://storage.googleapis.com/prodsandjobs/products/724e63e8-7ef6-4c6e-88f6-579cf80a1e61/other_0606093abc1a54592f0a028029715176.webp;https://storage.googleapis.com/prodsandjobs/products/724e63e8-7ef6-4c6e-88f6-579cf80a1e61/studio_topdown_122af168e02e752c4c032baf58402871.png;https://storage.googleapis.com/prodsandjobs/products/724e63e8-7ef6-4c6e-88f6-579cf80a1e61/lifestyle_front_e340a36aed78432c9cf8340cb8534f16.png;https://storage.googleapis.com/prodsandjobs/products/724e63e8-7ef6-4c6e-88f6-579cf80a1e61/lifestyle_closeup_82f0b536e9ce09a47448d0209e7f9ff7.png;https://storage.googleapis.com/prodsandjobs/products/724e63e8-7ef6-4c6e-88f6-579cf80a1e61/lifestyle_inuse_d4e24c65850eab10a77e74808f54a65e.png;;;;;;;;;;;;Leonardo
458468329;Hawkers Sonnenbrille Romaj: Eleganter UV400 Schutz & Zeitloser Stil;1;8436579110321;SKU-2114384722;Sonnenbrillen;32.95;19 %;0;Die Hawkers Romaj Sonnenbrille vereint zeitlose Eleganz mit optimalem Augenschutz für sonnige Tage. Ihr stilvolles Design schützt zuverlässig vor schädlicher UV-Strahlung und setzt dabei einen modischen Akzent für jeden Anlass.Gefertigt aus einem robusten goldfarbenen Metallrahmen mit edlen Havana-Akzenten an den Bügeln, bietet diese Sonnenbrille höchsten Tragekomfort und außergewöhnliche Langlebigkeit. Die hochwertigen dunklen Gläser garantieren eine angenehme Sicht und verfügen über einen effektiven UV400-Schutz.Zum Lieferumfang gehören die Sonnenbrille, ein schützendes Etui sowie ein praktisches Reinigungstuch für die Gläser. Für langanhaltende Freude und klare Sicht empfehlen wir die regelmäßige Pflege mit einem weichen Tuch und speziellem Brillenreiniger.;;;;;https://storage.googleapis.com/prodsandjobs/products/8436579110321/gemini_render_studio_front_1765277954030_0_f304b049f3459be324dd800dff89727f.png;https://storage.googleapis.com/prodsandjobs/products/8436579110321/gemini_render_studio_detail_1765277964836_0_f2f22a722fcbc7432d4e05e4c0a59940.png;https://storage.googleapis.com/prodsandjobs/products/8436579110321/gemini_render_studio_topdown_1765277976263_0_59c84fb67dd6428f18f8421d3a4669f5.png;https://storage.googleapis.com/prodsandjobs/products/8436579110321/gemini_render_lifestyle_front_1765277986505_0_5bc9e6df390222de20d6d6cea5658e4c.png;https://storage.googleapis.com/prodsandjobs/products/8436579110321/gemini_render_lifestyle_closeup_1765277995894_0_34287fe5ef8286df08b03208d2068a10.png;https://storage.googleapis.com/prodsandjobs/products/8436579110321/gemini_render_lifestyle_inuse_1765278009536_0_551c6577308d8718c1dc81d7304c7185.png;;;;;;;;;;;Hawkers
458468368;CMP Kinder Schneestiefel Rae WP – Warm, trocken und sicher durch den Winter;1;8056381903395;SKU-7543211550;Stiefel;47.87;19 %;0;Die CMP Rae WP Kinder Schneestiefel halten kleine Füße zuverlässig warm und trocken, selbst bei Schnee und Matsch. Sie bieten optimalen Schutz für winterliche Abenteuer, egal ob im Kindergarten, in der Schule oder bei Outdoor-Erkundungen.Gefertigt aus einer robusten Kombination von Textil, Leder und Synthetik, widerstehen diese Stiefel den Herausforderungen der kalten Jahreszeit. Das kuschelige Innenfutter aus Textil, Kunstpelz und Polyester sorgt für wohlige Wärme und eine griffige Profilsohle für sicheren Halt auf glatten Untergründen.Ein Paar dieser hochwertigen CMP Rae WP Schneestiefel ist sofort einsatzbereit für alle Winteraktivitäten und verspricht langanhaltende Freude. Bitte beachten Sie für eine optimale Passform und zur Werterhaltung die Hersteller-Größentabelle sowie die beiliegenden Pflegehinweise.;;;;;https://storage.googleapis.com/prodsandjobs/products/8056381903395/studio_topdown_0bc0e5a0753b6d7bc196e1ebc42581fe.png;https://storage.googleapis.com/prodsandjobs/products/8056381903395/other_9db7ff13c59618a5d68d96f3a47c69ca.jpeg;https://storage.googleapis.com/prodsandjobs/products/8056381903395/studio_front_7a9d39a4fd2b18b6662843dc6f1a2cf4.png;https://storage.googleapis.com/prodsandjobs/products/8056381903395/lifestyle_front_4a25737ccdca86d2e5e8a1a3fd99f4a8.png;https://storage.googleapis.com/prodsandjobs/products/8056381903395/lifestyle_closeup_dbe40ff29e7f29463d6605c953c023ed.png;https://storage.googleapis.com/prodsandjobs/products/8056381903395/lifestyle_inuse_5f9cc868ec51434a60ea90221fc6936a.png;;;;;;;;;;;CMP
458468605;Desigual Damen Sweatshirt AZRIEL: Stilvoll, bequem, 100% Baumwolle;1;8445110446065;SKU-8112287411;Sweatshirts & Kapuzenpullover;79.95;19 %;0;Das Desigual Damen Sweatshirt AZRIEL in leuchtendem Rosa vereint stilvolles Design mit höchstem Tragekomfort für jede Gelegenheit. Es ist die ideale Wahl, um Ihre Individualität auszudrücken und entspannte Stunden oder aktive Tage stilvoll zu genießen.Gefertigt aus 100% weicher, atmungsaktiver Baumwolle, bietet dieses Sweatshirt ein angenehmes Hautgefühl und optimale Bewegungsfreiheit. Die bequeme Regular Fit Passform sorgt für einen modernen Look und ist dabei besonders robust und langlebig.Sie erhalten ein hochwertiges Desigual Damen Sweatshirt AZRIEL in der Farbe Rosa und Größe XXL, perfekt für den täglichen Einsatz. Für langanhaltende Freude beachten Sie bitte die allgemeinen Pflegehinweise für Baumwolltextilien, um Farbbrillanz und Form zu erhalten.;;;;;https://storage.googleapis.com/prodsandjobs/products/SKU-8112287411/studio_front_5430b3f33afa1e0ef1b828f7c3f76e4b.png;https://storage.googleapis.com/prodsandjobs/products/SKU-8112287411/studio_detail_e570377948753c64f9173adffbb70e26.png;https://storage.googleapis.com/prodsandjobs/products/SKU-8112287411/lifestyle_front_6d6e6b4b05a22ab802c9dec6a8a040ee.png;https://storage.googleapis.com/prodsandjobs/products/SKU-8112287411/lifestyle_inuse_5b39ec0e10543228492f52bc3ba35010.png;;;;;;;;;;;;;Desigual
458468907;Pepe Jeans London Damen Sneaker London W Albal: Stilvoller Komfort & Glitzer-Look;1;8445866051810;SKU-9988960743;Sneaker;94.99;19 %;0;Der Pepe Jeans London London W Albal Damen Sneaker vereint stilvolles Design mit höchstem Tragekomfort für den Alltag. Er ist der ideale Begleiter für entspannte Stadtbummel und lässige Freizeitaktivitäten, stets mit einem modischen Glitzer-Akzent.Das hochwertige Obermaterial aus Synthetik und Textil gewährleistet Atmungsaktivität sowie Langlebigkeit. Eine präzise Schnürung ermöglicht eine individuelle Passform und sicheren Halt, ergänzt durch eine profilierte Gummilaufsohle für zuverlässigen Grip auf verschiedenen Untergründen.Im Lieferumfang ist ein Paar dieser exklusiven Sneaker enthalten, die Ihre Garderobe stilvoll ergänzen. Für eine langanhaltend ansprechende Optik und Freude am Schuh wird die regelmäßige Pflege gemäß Herstellerempfehlung dringend empfohlen.;;;;;https://storage.googleapis.com/prodsandjobs/products/SKU-9988960743/studio_detail_ec4492e7e959972097ff1d7bd4151099.png;https://storage.googleapis.com/prodsandjobs/products/SKU-9988960743/studio_front_aeb467042e3d25f2790d989b0b718f4e.png;https://storage.googleapis.com/prodsandjobs/products/SKU-9988960743/studio_topdown_a383fd46c28c2145bbb264a88c5ac05a.png;https://storage.googleapis.com/prodsandjobs/products/SKU-9988960743/lifestyle_closeup_6584acc65196459e214008a8b7775a24.png;https://storage.googleapis.com/prodsandjobs/products/SKU-9988960743/lifestyle_inuse_152623872e3fa22fefaacd68528f7d6b.png;;;;;;;;;;;;Pepe Jeans London
458468908;Altra Escalante 4 Herren Laufschuh – Dynamik & Komfort für schnelle Läufe;1;197642799444;SKU-2638568297;Laufschuhe;129.95;19 %;0;Der Altra Escalante 4 Herren Laufschuh ist Ihr idealer Partner für dynamisches Training und schnelle Einheiten auf der Straße, indem er ein direktes, reaktionsfreudiges Laufgefühl für persönliche Bestleistungen bietet. Seine innovative Altra EGO™ Zwischensohle liefert herausragende Energierückgabe und ein geschmeidiges Abrollverhalten bei jedem Schritt.Das atmungsaktive Mesh-Obermaterial sorgt für exzellente Belüftung, während die einzigartige FootShape™ Passform maximale Zehenfreiheit und dauerhaften Komfort gewährleistet. Diese Kombination aus hochwertigen Materialien und durchdachtem Design unterstützt ein natürliches und effizientes Lauferlebnis.Ein Paar dieser leistungsstarken Altra Escalante 4 Laufschuhe ist im Lieferumfang enthalten und sofort bereit für Ihr nächstes Lauferlebnis. Für optimale Performance und Langlebigkeit lüften Sie die Schuhe nach jedem Gebrauch gut und reinigen Sie sie stets schonend.;;;;;https://storage.googleapis.com/prodsandjobs/products/85010130/gemini_render_studio_front_1764958557102_0_181b077ea9344a3a7b845683e11222c2.png;https://storage.googleapis.com/prodsandjobs/products/85010130/gemini_render_studio_detail_1764958569947_0_581f0ad1bfe7124d799cb9e740afec37.png;https://storage.googleapis.com/prodsandjobs/products/85010130/gemini_render_studio_topdown_1764958579703_0_51d38c67ec9288c3af6ea8a0e4883582.png;https://storage.googleapis.com/prodsandjobs/products/85010130/gemini_render_lifestyle_front_1764958591844_0_5389cc7ba7f6ebe1c6da000cf829c2e1.png;https://storage.googleapis.com/prodsandjobs/products/85010130/gemini_render_lifestyle_closeup_1764958602171_0_e6ce58142ed0cfb0dec3887bfea414e5.png;https://storage.googleapis.com/prodsandjobs/products/85010130/gemini_render_lifestyle_inuse_1764958610632_0_948ed03ed61dea1e07057103415a14ca.png;;;;;;;;;;;Altra
458469209;GardenGrill Gas-Tischgrill Plancha Challenger III – 3 Brenner, 7,5 kW, kompakt;1;8712024095246;SKU-0982370040;Luft- & Kraftstoffversorgung;119.00;19 %;0;Der GardenGrill Challenger III Gas-Plancha bietet Ihnen flexibles Grillvergnügen für jeden Anlass, sei es auf dem Balkon, der Terrasse oder beim Camping. Genießen Sie spontane Grillabende und zaubern Sie mühelos köstliche Gerichte für Familie und Freunde.Ausgestattet mit drei leistungsstarken Brennern und einer hochwertigen emaillierten Grillplatte, gewährleistet dieser Plancha eine schnelle und gleichmäßige Hitzeverteilung. Die robuste Konstruktion aus Edelstahl und emailliertem Material sichert eine lange Lebensdauer sowie zuverlässige Performance bei einer Gesamtleistung von 7,5 kW.Die glatte emaillierte Oberfläche der Plancha ermöglicht nicht nur hervorragende Bratergebnisse, sondern auch eine besonders einfache und schnelle Reinigung nach dem Gebrauch. Dieses effiziente Grillgerät wird gebrauchsfertig geliefert und bietet Ihnen unkomplizierten Grillspaß mit minimalem Wartungsaufwand.;;;;;https://storage.googleapis.com/prodsandjobs/products/8712024095246/other_6018c13b70931f21a9a2a24183a005b7.jpeg;https://storage.googleapis.com/prodsandjobs/products/8712024095246/other_1fc342cd7189170f9a5708b5540cb32b.jpeg;;;;;;;;;;;;;;;GardenGrill
458469510;Lasertoner B423K Schwarz für Brother Drucker - Hohe Seitenleistung;1;8718891015547;SKU-2388529978;Drucker;15.20;19 %;0;Dieser SAD B423K Lasertoner in Schwarz liefert gestochen scharfe Textdokumente und detailreiche Grafiken, ideal für professionelle Ergebnisse im Büro oder Home-Office. Er wurde als hochwertige und kostengünstige Alternative zu Originalprodukten entwickelt, um Ihre Druckkosten signifikant zu senken.Die kompatible Tonerkartusche ist aus sorgfältig ausgewählten Materialien gefertigt und gewährleistet eine optimale Funktionalität sowie perfekte Passform für diverse Brother HL- und MFC-Druckermodelle. Profitieren Sie von einer beeindruckenden Seitenleistung von ca. 6.500 Seiten, die eine hohe Effizienz und Wirtschaftlichkeit im täglichen Gebrauch sicherstellt.Im Lieferumfang ist eine SAD B423K Tonerkartusche enthalten, die sich mühelos installieren lässt, sodass Sie Ihre Druckaufgaben schnell wieder aufnehmen können. Vertrauen Sie auf diesen Toner für konsistente, exzellente Ausdrucke und eine zuverlässige Performance, die Ihren professionellen Anforderungen stets gerecht wird.;;;;;https://storage.googleapis.com/prodsandjobs/products/8718309101547/other_3246dd5878fb3e62c2e574a0d0aedbd7.jpeg;https://storage.googleapis.com/prodsandjobs/products/8718309101547/other_6e139392619f193d307811d332eda85f.jpeg;;;;;;;;;;;;;;;Lasertoner B423K
458470093;Tommy Hilfiger Damen Sneaker Essential Runner Metallics – Stilvoll & Komfortabel;1;8720637479520;SKU-6307001376;Sneaker;75.33;19 %;0;"Die Tommy Hilfiger Essential Runner Metallics Sneaker vereinen elegantes Design mit höchstem Tragekomfort für Ihren Alltag. Sie sind die ideale Ergänzung für jedes Outfit, von lässiger Jeans bis zum eleganten Rock, und bieten vielseitige Kombinationsmöglichkeiten.Gefertigt aus hochwertigem Lederimitat, garantieren diese Schuhe einen edlen Look und langlebige Qualität. Eine gepolsterte Innensohle sowie die flexible Gummilaufsohle sorgen für optimalen Halt und ein angenehmes Laufgefühl den ganzen Tag.Die praktische Schnürung ermöglicht eine individuelle Anpassung an Ihren Fuß, während das dezente Tommy Hilfiger Logo eine exklusive Marken-Note verleiht. Der Lieferumfang umfasst ein Paar dieser stilvollen Sneaker; bitte beachten Sie die beiliegenden Pflegehinweise für langanhaltende Freude am Produkt.";;;;;https://storage.googleapis.com/prodsandjobs/products/8720637479520/gemini_render_studio_front_1765301700779_0_2e81c33dac35e11e4d94a2efea0f926b.png;https://storage.googleapis.com/prodsandjobs/products/8720637479520/gemini_render_studio_detail_1765301712647_0_934d02b80e7ec3f1c9ded8af9ef9ef97.png;https://storage.googleapis.com/prodsandjobs/products/8720637479520/gemini_render_studio_topdown_1765301725352_0_0505f9966a56cdab61f95a559b0e8737.png;https://storage.googleapis.com/prodsandjobs/products/8720637479520/gemini_render_lifestyle_front_1765301741784_0_b98f118c10fdde52584b944ed0047a39.png;https://storage.googleapis.com/prodsandjobs/products/8720637479520/gemini_render_lifestyle_closeup_1765301750138_0_843178be82c9c583df41cf6aadaf7b0f.png;https://storage.googleapis.com/prodsandjobs/products/8720637479520/gemini_render_lifestyle_inuse_1765301758371_0_47cbcef0d3cd977d36e9c326247c763b.png;;;;;;;;;;;Tommy Hilfiger
458470102;Cretacolor Harte Graupastelle 12er Set für präzise Linien & feine Schattierungen;1;9002592485129;SKU-2151943751;Pastell;27.92;19 %;0;Das Cretacolor Harte Graupastelle 12er Set bietet anspruchsvollen Künstlern eine herausragende Qualität für detaillierte Skizzen und ausdrucksstarke Kunstwerke. Diese hochwertigen Zeichenkreiden ermöglichen präzise Linienführungen und feine Schattierungen, um Ihre kreativen Visionen optimal umzusetzen.Die öl- und wachsfreie Formulierung dieser Pastelle gewährleistet staubarmes Arbeiten und eine leichte Verblendbarkeit, was nahtlose Farbübergänge ermöglicht. Zudem sind die Kreiden lichtecht und bruchsicher, was langanhaltende Ergebnisse und eine komfortable Handhabung bei jeder Anwendung garantiert.Dieses Set wird in Österreich unter höchsten Qualitätsstandards gefertigt und ist AP-zertifiziert sowie non-toxic für eine sichere Anwendung. Der Lieferumfang umfasst 12 hochwertige Pastellkreiden, die professionelle Ergebnisse für Künstler aller Altersgruppen ermöglichen.;;;;;https://storage.googleapis.com/prodsandjobs/products/9002592485129/gemini_render_studio_front_1765044751645_0_f95041c685f6879bfb915b2f249d1395.png;https://storage.googleapis.com/prodsandjobs/products/9002592485129/gemini_render_studio_detail_1765044762711_0_e563c671117f118ad0f48607df35c747.png;https://storage.googleapis.com/prodsandjobs/products/9002592485129/gemini_render_studio_topdown_1765044775813_0_3452f20528a60c1247d301e186582357.png;https://storage.googleapis.com/prodsandjobs/products/9002592485129/gemini_render_lifestyle_front_1765044785216_0_74c506db4129e2294aef4e23d1c30f74.png;https://storage.googleapis.com/prodsandjobs/products/9002592485129/gemini_render_lifestyle_closeup_1765044794586_0_0f025e40a33367f85da7f223097e30cc.png;https://storage.googleapis.com/prodsandjobs/products/9002592485129/gemini_render_lifestyle_inuse_1765044802684_0_250f73fde533d826242ff009b92c9eb4.png;;;;;;;;;;;Cretacolor
458470733;Kitchen Sink Einbauspüle: Robuste Edelstahl-Spüle mit praktischem Abtropfgitter;1;42033111000765;SKU-7270723982;Küche;49.99;19 %;0;"Die Kitchen Sink Einbauspüle aus gebürstetem Edelstahl ist eine robuste und pflegeleichte Lösung für Ihre moderne Küche. Ihre hochwertige Verarbeitung und das elegante Design mit R10-Ecken garantieren Langlebigkeit und eine stilvolle Optik, die sich nahtlos in jede Arbeitsplatte einfügt.Diese Spüle überzeugt mit einem durchdachten rechteckigen Überlauf und einer widerstandsfähigen Oberfläche, die Gebrauchsspuren mühelos widersteht. Die unkomplizierte Topmount-Montage ermöglicht eine schnelle und einfache Integration in Ihre Küchenumgebung.Der Lieferumfang beinhaltet eine komplette 1½""-Ablaufgarnitur mit Siphon und Flexschlauch sowie ein praktisches Roll-Up-Abtropfgitter für zusätzliche Flexibilität. Genießen Sie den Komfort und die Funktionalität dieser Spüle, die für den täglichen Gebrauch konzipiert wurde.";;;;;https://storage.googleapis.com/prodsandjobs/products/913258-06-CJW0603/gemini_render_studio_front_1764945860140_0_f684ec8725adeb8d5fac945aa8749e50.png;https://storage.googleapis.com/prodsandjobs/products/913258-06-CJW0603/gemini_render_studio_detail_1764945871744_0_1f1bc251010e94c5d96711eae2b020f4.png;https://storage.googleapis.com/prodsandjobs/products/913258-06-CJW0603/gemini_render_studio_topdown_1764945888533_0_d8c446cff0ca0f42c83a0319c190600f.png;https://storage.googleapis.com/prodsandjobs/products/913258-06-CJW0603/gemini_render_lifestyle_front_1764945897915_0_868be21451b0e0c63cce42b4ef43c77e.png;https://storage.googleapis.com/prodsandjobs/products/913258-06-CJW0603/gemini_render_lifestyle_closeup_1764945912606_0_9f82e71ab8183e8ae52f78cbb07b85b5.png;https://storage.googleapis.com/prodsandjobs/products/913258-06-CJW0603/gemini_render_lifestyle_inuse_1764945921654_0_9139454f20c1d62225fa6d78480a5615.png;https://storage.googleapis.com/prodsandjobs/products/913258-06-CJW0603/other_aaded20730079092fe225b7f48f3cf20.jpeg;https://storage.googleapis.com/prodsandjobs/products/913258-06-CJW0603/other_ce6ac4ae4693c008cf0df25d3fc46c57.jpeg;https://storage.googleapis.com/prodsandjobs/products/913258-06-CJW0603/other_417253f3f575697231cd2821e43df008.jpeg;;;;;;;;Kitchen Sink
458472538;Kein & Aber Bilderbuch: Hundert – Zeitlose Lebensweisheiten für die Familie;1;9783036957814;SKU-1566313678;Kinder- & Jugendliteratur;19.95;19 %;0;Entdecken Sie mit dem Kein & Aber Bilderbuch 'Hundert' eine inspirierende Reise durch 100 Lebensjahre, die wertvolle Lektionen und Erfahrungen für alle Generationen bereithält. Dieses einzigartige Werk von Heike Faller und Valerio Vidali fördert tiefgründige Gespräche und stärkt familiäre Bindungen auf besondere Weise.Die liebevollen Illustrationen und tiefgründigen Texte dieser gebundenen Ausgabe bereichern jedes Leseerlebnis und regen zum gemeinsamen Nachdenken an. Im Lieferumfang ist das hochwertige Bilderbuch 'Hundert' enthalten, das durch seine beständige Qualität lange Freude bereitet.Dieses zeitlose Geschenk ist ideal für Familien, die gemeinsam wachsen und lernen möchten, und ein Muss für jede Familienbibliothek. Genießen Sie unvergessliche Lesemomente und entdecken Sie die Weisheit des Lebens, die Jung und Alt gleichermaßen begeistert.;;;;;https://doyoureadme.de/cdn/shop/files/8004-25092-Hundert_Was-du-im-Leben-lernen-wirst-1.jpg?v=1736952578&width=3000;https://www.kulturkaufhaus.de/annotstream/9783036957814/COPL/Faller-Heike/Hundert.jpg?sq=1;https://www.keinundaber.ch//media/PDP_Bilderkarussell/Bildmaterial-Hardcover/Faller_Vidali_Hundert/IMG_0830.jpg;https://www.keinundaber.ch//media/PDP_Bilderkarussell/Bildmaterial-Hardcover/Faller_Vidali_Hundert/IMG_0804_7.jpg;;;;;;;;;;;;;Kein & Aber
458473855;SCM Bilderbuch: Mut & Freundschaft ab 3 Jahren – Stärkt soziale Kompetenzen;1;9783417288889;SKU-1040274599;Kinder- & Jugendliteratur;14.95;19 %;0;"Tauchen Sie mit dem SCM Bilderbuch ""Vom kleinen Waschbären, der sich traute, mutig zu sein"" in eine Welt voller Abenteuer und Herzenswärme ein. Dieses liebevoll gestaltete Hardcover-Buch ist ideal für Kinder ab 3 Jahren und stärkt die Eltern-Kind-Bindung durch wertvolle gemeinsame Vorlesestunden. Begleiten Sie den kleinen Waschbären Henry auf seiner mutigen Reise, um das Eichhörnchenbaby Ben zu retten und dabei wichtige Werte wie Mut, Freundschaft und Zusammenhalt zu entdecken. Die bezaubernden, detailreichen Illustrationen von Kerstin Toepel auf hochwertigem Papier machen jede Seite zu einem visuellen und emotionalen Erlebnis, das die Fantasie anregt. Dieses besondere Bilderbuch vermittelt spielerisch die Bedeutung von gegenseitiger Hilfe und fördert somit die Entwicklung sozialer Kompetenzen bei jungen Lesern. Sie erhalten ein wunderschönes, gebundenes Bilderbuch, das sofort bereit ist, unvergessliche Lesemomente zu schaffen und zu inspirierenden Gesprächen anzuregen.";;;;;https://storage.googleapis.com/prodsandjobs/products/serpapi-free/v2_1765042724779_0_b03f4fda0e480494cc6f362de0428da0.jpeg;https://storage.googleapis.com/prodsandjobs/products/serpapi-free/v2_1765042726863_1_e321943ff5af21f85cc5065777520437.jpeg;;;;;;;;;;;;;;;SCM
458475277;Oetinger Kinderbuch Madita: Weihnachtsferien für magische Vorlesestunden;1;9783789141256;SKU-5729537867;Kinder- & Jugendliteratur;4.89;19 %;0;Tauchen Sie ein in Astrid Lindgrens herzerwärmende Weihnachtsgeschichte 'Wie gut, dass es Weihnachtsferien gibt, sagte Madita', die festliche Stimmung in jedes Zuhause bringt. Dieses bezaubernde Kinderbuch ist ideal für besinnliche Vorlesestunden und schafft unvergessliche magische Momente für die ganze Familie.Die liebevollen Illustrationen von Ilon Wikland erwecken Maditas winterliche Abenteuer lebendig und fördern spielerisch die kindliche Fantasie. Als hochwertige gebundene Ausgabe des renommierten Oetinger Verlags, gefertigt aus robustem Papier, garantiert das Buch beständigen Lesegenuss.Der Lieferumfang umfasst diese sorgfältig geprüfte Ausgabe, die bereit für neue Abenteuer ist. Bitte beachten Sie, dass es sich um einen gebrauchten Artikel in gutem Zustand handelt, der dennoch viel Freude bereiten wird.;;;;;https://storage.googleapis.com/prodsandjobs/products/9783789141256/studio_detail_f6dee484c8ec3d0ce1f0a56a767aa28d.png;https://storage.googleapis.com/prodsandjobs/products/9783789141256/lifestyle_front_794146feef83a2aee4dda4dd9645c99c.png;https://storage.googleapis.com/prodsandjobs/products/9783789141256/lifestyle_closeup_f6d102df18af8c08e8e76dea8627bc0c.png;https://storage.googleapis.com/prodsandjobs/products/9783789141256/lifestyle_inuse_7a6e99286278d891fd6b00bccd8f68ee.png;;;;;;;;;;;;;Oetinger
458475940;Disney Kinderbuch: Olaf-Geschichte für Freundschaft & Fantasie;1;9783845118116;SKU-9876441475;Kinderbuch;5.99;19 %;0;"Entdecken Sie mit dem Disney Kinderbuch ""Es war einmal ein Schneemann"" eine herzerwärmende Geschichte über Freundschaft und Selbstfindung. Dieses bezaubernde Bilderbuch begeistert Kinder von 3 bis 6 Jahren und fördert spielerisch ihre Fantasie. Die robuste, gebundene Ausgabe ist ideal für kleine Kinderhände und garantiert langanhaltenden Lesespaß. Hochwertiges, strapazierfähiges Papier präsentiert lebendige Illustrationen, die die Sprachkenntnisse Ihres Kindes spielerisch entwickeln. Sie erhalten eine erstklassige, deutschsprachige Ausgabe des Nelson Verlags, perfekt zum Vorlesen oder für erste Leseversuche. Dieses liebevoll gestaltete Buch ist ein ideales Geschenk für kleine Disney-Fans und bereichert jede Kinderbuchsammlung um unzählige magische Lesestunden.";;;;;https://images.booklooker.de/x/9783845118116/Disney-Eisk%C3%B6nigin-Olaf-Es-war-einmal-ein-Schneemann-Das-Buch-zum-Eisk%C3%B6nigin-Animationskurzfilm-auf.jpg;https://storage.googleapis.com/prodsandjobs/products/9783845118116/lifestyle_front_d64dd9185b9d87498cdf352f6b729f7a.png;https://storage.googleapis.com/prodsandjobs/products/9783845118116/lifestyle_inuse_809ec101139728f00766bbe710f6e0dd.png;;;;;;;;;;;;;;Disney
458476579;Südpol Verlag Bilderbuch: Freundschaft & Teilen lernen ab 3 Jahren;1;9783965940628;SKU-2841208491;Bücher;14.00;19 %;0;"Tauchen Sie mit dem Bilderbuch ""Meiner! Hilfst du mir? Dann teilen wir!"" in eine herzerwärmende Geschichte ein. Dieses liebevoll gestaltete Buch vom Südpol Verlag lehrt Kinder ab 3 Jahren spielerisch die essenziellen Werte von Freundschaft, Kooperation und dem Teilen.Die charmante Erzählung von Hase, Maus und Bär, untermalt von farbenfrohen Illustrationen, zeigt auf einfache Weise, wie gemeinsame Anstrengung zum Erfolg führt. Gefertigt als robustes Hardcover aus strapazierfähigem Papier, ist es perfekt für kleine Kinderhände und verspricht langanhaltende Vorlesefreude.Der Lieferumfang beinhaltet ein Exemplar dieses hochwertigen Bilderbuchs, das eine wertvolle Ergänzung für jede Kinderbibliothek darstellt. Es ist eine Investition in die soziale Entwicklung Ihres Kindes und garantiert unvergessliche gemeinsame Lesemomente.";;;;;https://storage.googleapis.com/prodsandjobs/products/serpapi-free/v2_1765042700584_0_b9cbf145056a3cdd2a99d0b2254c3a63.jpeg;https://storage.googleapis.com/prodsandjobs/products/serpapi-free/v2_1765042701492_1_23335fbd64c5496f666faa7ecb234a36.jpeg;;;;;;;;;;;;;;;Südpol Verlag
458477182;JURID Bremsbelagsatz – Optimale Bremsleistung & Sicherheit;1;3306437248600;SKU-3086033338;Bremsbeläge;64.77;19 %;0;Der JURID Bremsbelagsatz 573602J gewährleistet optimale Bremsleistung und maximale Fahrsicherheit für Ihre BMW 1er, 3er und 4er Modelle. Diese Beläge sind präzise für Brembo-Bremssysteme an der Vorderachse konzipiert, um in jeder Fahrsituation eine zuverlässige Bremswirkung zu garantieren.Gefertigt aus hochwertigen Materialien, bieten die JURID Bremsbeläge herausragende Langlebigkeit und exzellente Wärmeableitung. Dies verhindert effektiv Bremsfading unter hoher Beanspruchung und verlängert die Lebensdauer der Bremsanlage signifikant.Der komplette Bremsbelagsatz enthält alle erforderlichen Komponenten für einen schnellen und unkomplizierten Austausch. Bitte prüfen Sie vor dem Kauf die Kompatibilität mit Ihrem Fahrzeugmodell und Bremssystem, um eine perfekte Passform zu gewährleisten.;;;;;https://storage.googleapis.com/prodsandjobs/products/9900201693232/gemini_render_studio_detail_1765277962474_0_f2d2dbdc6fdd2620ae5b0118d6452081.png;https://storage.googleapis.com/prodsandjobs/products/9900201693232/gemini_render_lifestyle_closeup_1765277991414_0_62866c9d85ef372d0ac6db8993576b6e.png;https://storage.googleapis.com/prodsandjobs/products/9900201693232/gemini_render_studio_front_1765277952396_0_0f647dc43c54411201dd0cce063b4c0d.png;https://storage.googleapis.com/prodsandjobs/products/9900201693232/gemini_render_lifestyle_front_1765277981874_0_9ed5241027e1db6f8f828329f8734b61.png;https://storage.googleapis.com/prodsandjobs/products/9900201693232/gemini_render_lifestyle_inuse_1765278002561_0_23baa9684a5556f232f5e42501abce97.png;;;;;;;;;;;;JURID
458477722;db-tronic Raspberry Pi 5 Starter-Set 8GB RAM – Leistungsstark für Projekte;1;613192999;SKU-7721659409;Keine Daten verfügbar;145.90;19 %;0;Das db-tronic Raspberry Pi 5 8GB RAM Starter-Set bietet die ideale Grundlage für den schnellen Einstieg in die Welt der Einplatinencomputer. Es ermöglicht Hobbyisten, Studenten und professionellen Entwicklern, anspruchsvolle Projekte mühelos zu realisieren und innovative Ideen umzusetzen.Im Zentrum dieses Sets steht der leistungsstarke Raspberry Pi 5 mit 8GB Arbeitsspeicher, dessen hochwertige Komponenten eine zuverlässige Funktion und Langlebigkeit gewährleisten. Der Lieferumfang umfasst neben dem Pi 5 ein umfassendes Zubehörpaket, das einen sofortigen und unkomplizierten Start ermöglicht.Dieses Set ist perfekt für vielfältige Anwendungen in IoT, Elektronik und Smart-Home-Lösungen geeignet und unterstützt Sie bei der Umsetzung Ihrer kreativen Visionen. Für Fragen oder Unterstützung steht Ihnen unser engagierter Kundenservice jederzeit gerne zur Verfügung.;;;;;https://storage.googleapis.com/prodsandjobs/products/B0CKPF47RG/studio_topdown_6402ea0448b134d7b77006eac95d9fa4.png;https://storage.googleapis.com/prodsandjobs/products/B0CKPF47RG/studio_detail_0f8045c8e90183a0965591efea276ae3.png;https://storage.googleapis.com/prodsandjobs/products/B0CKPF47RG/lifestyle_inuse_d94349275e01d15f4462f5312ab30bee.png;;;;;;;;;;;;;;db-tronic
458478956;Fashion Herren Flanellhemd: Kariert, Weich & Komfortabel;1;;SKU-4919757592;Freizeithemden;35.99;19 %;0;Dieses Clockhouse Fashion Herren Flanellhemd vereint höchsten Tragekomfort mit einem lässig-eleganten Stil für den modernen Mann. Es ist die ideale Wahl für entspannte Stunden und verleiht jedem Outfit eine zeitlose, modische Ausstrahlung.Gefertigt aus 100% reiner, weicher Baumwolle, garantiert dieses Hemd eine angenehme Haptik und optimale Atmungsaktivität. Das klassische blau-graue Karomuster und die langen Ärmel machen es zu einem vielseitigen Begleiter für unterschiedlichste Anlässe.Das Flanellhemd ist besonders pflegeleicht und maschinenwaschbar, was eine unkomplizierte Handhabung im Alltag sicherstellt. Der Lieferumfang umfasst ein hochwertiges Clockhouse Fashion Flanellhemd in Größe L, bereit für langanhaltende Freude und einen stilvollen Auftritt.;;;;;https://storage.googleapis.com/prodsandjobs/products/OM0028-502-L/gemini_render_studio_front_1765304156370_0_97e7397bf9044e9c435fe463e244b24a.png;https://storage.googleapis.com/prodsandjobs/products/OM0028-502-L/gemini_render_lifestyle_front_1765304191648_0_49924aed07bd7f00db87b6ec5530e6a1.png;https://storage.googleapis.com/prodsandjobs/products/OM0028-502-L/gemini_render_lifestyle_closeup_1765304200281_0_4afb1c77f0296b4b968a4e583468f0cf.png;https://storage.googleapis.com/prodsandjobs/products/OM0028-502-L/gemini_render_lifestyle_inuse_1765304210108_0_04b9db0b9f7099bd32c8054175fd7b8b.png;;;;;;;;;;;;;Flanellhemd
458494137;JOLLY Füllfederhalter Superinky Start - Ergonomisch für Schreibanfänger;1;9014400100650;SKU-9552245537;Füllfederhalter;10.90;19 %;0;Der JOLLY Superinky START Füllhalter ist die ideale Wahl für Schreibanfänger und Schüler, die eine zuverlässige Unterstützung beim Erlernen des Schreibens benötigen. Seine durchdachte Konstruktion mit stabiler Feder sorgt für ein gleichmäßiges Schriftbild und fördert schnelle Lernfortschritte.Die ergonomische Griffzone ist gummiert und rutschfest, was einen sicheren Halt sowie ermüdungsfreies Schreiben gewährleistet. Dieser robuste Füllhalter ist auf Langlebigkeit ausgelegt und begleitet zuverlässig durch den gesamten Schulalltag.Im Lieferumfang sind drei blaue Tintenpatronen enthalten, die einen sofortigen Schreibstart ermöglichen und die Handhabung unkompliziert gestalten. Für optimalen Service und weitere Hinweise zur Nutzung steht Ihnen unser engagierter Kundendienst jederzeit zur Verfügung.;;;;;https://storage.googleapis.com/prodsandjobs/products/f5b8eda0-9388-4c2b-91b7-dd605a0e511e/studio_detail_b794999b2d1cd6ee7529d4ae2e2e9f45.png;https://storage.googleapis.com/prodsandjobs/products/f5b8eda0-9388-4c2b-91b7-dd605a0e511e/studio_front_b4c05a193f028ed5fa9e401d514d53aa.png;https://storage.googleapis.com/prodsandjobs/products/f5b8eda0-9388-4c2b-91b7-dd605a0e511e/lifestyle_front_8add1591bcd28796ed5a418ba98d772f.png;https://storage.googleapis.com/prodsandjobs/products/f5b8eda0-9388-4c2b-91b7-dd605a0e511e/lifestyle_closeup_1be61825254935dc5441f488474b5ab4.png;https://storage.googleapis.com/prodsandjobs/products/f5b8eda0-9388-4c2b-91b7-dd605a0e511e/lifestyle_inuse_386fc99bb8a13eb533463b92ff81df9a.png;;;;;;;;;;;;Jolly
458497701;NEXTCOVER Faltschloss ART-zertifiziert für höchsten Diebstahlschutz;1;8720648699382;SKU-6427883146;Fahrradschlösser;39.99;19 %;0;Das NEXTCOVER Faltschloss bietet ART-zertifizierte Sicherheit und gewährleistet so maximalen Diebstahlschutz für Ihr Fahrrad. Seine 100 cm Länge ermöglicht flexible Anschließmöglichkeiten, ideal für den Einsatz in der Stadt oder auf Reisen.Gefertigt aus gehärtetem Stahl mit schützender Kunststoffummantelung, garantiert dieses Schloss höchste Langlebigkeit und bewahrt Ihren Fahrradrahmen vor Kratzern. Der zuverlässige Schlüsselmechanismus sorgt für eine einfache und sichere Bedienung im Alltag und gibt Ihnen stets ein beruhigendes Gefühl.Im Lieferumfang enthalten sind das Faltschloss sowie eine praktische Halterung für den bequemen Transport am Fahrrad. Für eine langanhaltende Funktion und Sicherheit empfehlen wir die regelmäßige Pflege des Schließzylinders, um optimale Leistung zu gewährleisten.;;;;;https://storage.googleapis.com/prodsandjobs/products/YY-4RPW-M2TR/gemini_render_studio_front_1765207975349_0_2ce21a87ad1a54392a8947499b193f31.png;https://storage.googleapis.com/prodsandjobs/products/YY-4RPW-M2TR/gemini_render_studio_topdown_1765208003668_0_6f888b2d2bd7b1ae908c651c599d0f34.png;https://storage.googleapis.com/prodsandjobs/products/YY-4RPW-M2TR/gemini_render_lifestyle_front_1765208015623_0_ea97aadbd22f1cddcb16f8eeec5f1986.png;https://storage.googleapis.com/prodsandjobs/products/YY-4RPW-M2TR/gemini_render_lifestyle_closeup_1765208025954_0_92efaa8b654529477ad41a44723dbc07.png;https://storage.googleapis.com/prodsandjobs/products/YY-4RPW-M2TR/gemini_render_lifestyle_inuse_1765208035586_0_0738c4879014bec8c13059ef0022f5cf.png;;;;;;;;;;;;NEXTCOVER
458503880;TATONKA Handle Mug 600 Campingbecher - Robust, platzsparend & vielseitig;1;4013236948097;SKU-8779940575;Tassen & Becher;12.99;19 %;0;Der TATONKA Handle Mug 600 ist der unverzichtbare Begleiter für alle Outdoor-Abenteuer, von ausgedehnten Trekkingtouren bis zum entspannten Camping. Er ermöglicht die mühelose Zubereitung von heißen Getränken oder kleinen Mahlzeiten direkt über dem Kocher und garantiert dabei stets ungetrübten Genuss in der Natur.Gefertigt aus hochwertigem, geschmacksneutralem 18/8-Edelstahl, garantiert dieser Becher Langlebigkeit, Robustheit und hygienische Reinigung unter allen Bedingungen. Seine intelligent klappbaren Drahtgriffe sorgen zudem für einen äußerst platzsparenden Transport und bieten einen sicheren, hitzegeschützten Halt.Im Lieferumfang ist ein TATONKA Handle Mug 600 enthalten, der sofort einsatzbereit für Ihr nächstes Erlebnis ist. Für eine mühelose Pflege und langanhaltende Freude an diesem Qualitätsprodukt ist der Becher selbstverständlich spülmaschinengeeignet.;;;;;https://storage.googleapis.com/prodsandjobs/products/f7213c35-e77b-4d51-8684-776eceb8a002/gemini_render_studio_detail_1765210717722_0_d6bd8ac5359a532e4aa32f158702ec59.png;https://storage.googleapis.com/prodsandjobs/products/f7213c35-e77b-4d51-8684-776eceb8a002/gemini_render_lifestyle_front_1765210747400_0_11bfcd2760208f4aa965074b78186eb7.png;https://storage.googleapis.com/prodsandjobs/products/f7213c35-e77b-4d51-8684-776eceb8a002/gemini_render_lifestyle_closeup_1765210760968_0_a48874f459fa8587bdbd6a0b52767e97.png;https://storage.googleapis.com/prodsandjobs/products/f7213c35-e77b-4d51-8684-776eceb8a002/gemini_render_lifestyle_inuse_1765210771585_0_5b45760b74eb7b4e3e3d2620570f8429.png;;;;;;;;;;;;;TATONKA
458506064;UnionSine Externe Festplatte HD2510 500GB - Ultraschnell & Kompakt;1;353212066339;SKU-5127373339;Computer, Tablets & Netzwerk;30.99;19 %;0;Die UnionSine DataPocket HD2510 externe Festplatte bietet eine zuverlässige und ultraschnelle Speicherlösung für all Ihre digitalen Daten. Erweitern Sie mühelos den Speicherplatz Ihres PCs, Macs oder Linux-Systems und transportieren Sie wichtige Dateien sicher und bequem.Dank der USB 3.0 Schnittstelle profitieren Sie von ultraschnellen Datenübertragungsraten, während die Plug-and-Play-Funktionalität eine sofortige Nutzung ohne Softwareinstallation ermöglicht. Die robuste Bauweise gewährleistet dabei eine stabile Leistung und eine lange Lebensdauer Ihrer tragbaren 500 GB Festplatte.Im Lieferumfang ist die externe Festplatte HD2510 enthalten, bereit für den sofortigen Einsatz. Profitieren Sie von einer 3-jährigen eingeschränkten Herstellergarantie, die Ihnen zusätzliche Sicherheit und Vertrauen in Ihr Produkt gibt.;;;;;https://storage.googleapis.com/prodsandjobs/products/ac6dce27-8e53-4702-841a-bec5dfb18e52/studio_topdown_ce17cd65d65bd1d79c03d8595d7d849d.png;https://storage.googleapis.com/prodsandjobs/products/ac6dce27-8e53-4702-841a-bec5dfb18e52/lifestyle_front_b882cfcccd4466750ea57dd8872105a6.png;https://storage.googleapis.com/prodsandjobs/products/ac6dce27-8e53-4702-841a-bec5dfb18e52/lifestyle_closeup_d455e13e56d74d1527166066495a878a.png;https://storage.googleapis.com/prodsandjobs/products/ac6dce27-8e53-4702-841a-bec5dfb18e52/lifestyle_inuse_036732200f74ee6b3ebbb8835278f67e.png;;;;;;;;;;;;;UnionSine
458513307;Wera Maul-Ringschlüssel 6003 Joker 6mm mit schneller Ringratschenfunktion;1;4013288218780;SKU-1618101796;Schraubenschlüssel;6.89;19 %;0;Der Wera 6003 Joker Maul-Ringschlüssel 6mm revolutioniert Ihre Arbeit durch seine innovative Ringratschenfunktion. Diese ermöglicht ein extrem zügiges Anziehen und Lösen von Schrauben und Muttern, selbst unter beengten Platzverhältnissen. Gefertigt aus robustem Chrom-Molybdän-Stahl, garantiert dieses hochwertige Werkzeug eine außergewöhnlich lange Lebensdauer und höchste Zuverlässigkeit. Der geringe Rückschwenkwinkel von nur 15° erlaubt einen effektiven Einsatz auch dort, wo herkömmliche Werkzeuge an ihre Grenzen stoßen. Im Lieferumfang ist ein Wera 6003 Joker Maul-Ringschlüssel der Größe 6 mm enthalten, der sofort einsatzbereit ist. Vertrauen Sie auf die bewährte Wera-Qualität für präzise Ergebnisse und höchste Ansprüche, unterstützt durch unseren zuverlässigen Kundenservice.;;;;;https://storage.googleapis.com/prodsandjobs/products/4013288218780/gemini_render_studio_front_1765302001444_0_16e8040a0e78044df08a15f0f93f4f3c.png;https://storage.googleapis.com/prodsandjobs/products/4013288218780/gemini_render_studio_detail_1765302013238_0_137f26796b2851e2575a8a333e440c77.png;https://storage.googleapis.com/prodsandjobs/products/4013288218780/gemini_render_studio_topdown_1765302022012_0_a00a6e7abbb16c59f5ed7e6e58faf248.png;https://storage.googleapis.com/prodsandjobs/products/4013288218780/gemini_render_lifestyle_front_1765302030137_0_c6deec96f542f8e07ce3c040f5e80a11.png;https://storage.googleapis.com/prodsandjobs/products/4013288218780/gemini_render_lifestyle_closeup_1765302037635_0_4207e1aa5e34522b0acaabfda13bf799.png;https://storage.googleapis.com/prodsandjobs/products/4013288218780/gemini_render_lifestyle_inuse_1765302047580_0_fd04a24ad4e07989da6a3754aae418b3.png;;;;;;;;;;;Wera
458515696;Cretacolor Farbstifte 250er Set: Brillante Farben für grenzenlose Kreativität;1;9014400193201;SKU-5943400007;Farbstifte & Zeichenkohle;109.99;19 %;0;Das Cretacolor Studio Line Farbstifte-Set mit 250 brillanten Farben eröffnet Künstlern und Hobbyisten eine Welt unbegrenzter kreativer Möglichkeiten. Diese unübertroffene Farbvielfalt erweckt jede Nuance Ihrer Vorstellungskraft zum Leben und verleiht Ihren Kunstwerken beeindruckende Tiefe. Jeder Farbstift besticht durch hervorragende Farbbrillanz und außergewöhnliche Mischbarkeit, was fließende Übergänge und lebendige Kompositionen ermöglicht. Die ergonomisch geformten Stifte aus hochwertigem Holz garantieren präzises und ermüdungsfreies Arbeiten über Stunden hinweg. Das umfassende Set enthält 250 hochwertige Farbstifte, die eine komplette Palette für alle kreativen Projekte bieten. Verlassen Sie sich auf die Premium-Qualität 'Made in Austria' und unseren jederzeit verfügbaren Kundenservice für Unterstützung bei Fragen.;;;;;https://storage.googleapis.com/prodsandjobs/products/9014400193201/studio_front_66a5eca38bcf34fdec68df908021d1a9.png;https://storage.googleapis.com/prodsandjobs/products/9014400193201/studio_front_fad41d0b8370633e662b4cc262748c87.png;https://storage.googleapis.com/prodsandjobs/products/9014400193201/lifestyle_inuse_4b175dc5ca7b2dea297c465a5a4f7568.png;https://storage.googleapis.com/prodsandjobs/products/9014400193201/lifestyle_front_5b5c803f8be094ba7c254f4f4f4e7ccd.png;https://storage.googleapis.com/prodsandjobs/products/9014400193201/lifestyle_closeup_e627d53b1f7e30111b3422878ad565c9.png;https://storage.googleapis.com/prodsandjobs/products/9014400193201/lifestyle_closeup_0ee3917bfcbaa11253ed815c68d686e4.png;https://storage.googleapis.com/prodsandjobs/products/9014400193201/lifestyle_front_9b75236173485fa33c2099a059879da0.png;https://storage.googleapis.com/prodsandjobs/products/9014400193201/lifestyle_inuse_d5377bf3ab8b6fb6fd02d7fb7f12737e.png;https://storage.googleapis.com/prodsandjobs/products/9014400193201/other_75d463fbde80f0324ad8769435708845.jpeg;https://storage.googleapis.com/prodsandjobs/products/9014400193201/other_d56095afdd5af9c6dcd46ea9ca5ec0f6.jpeg;;;;;;;Cretacolor
458516052;Reader's Digest Sachbuch: Weltgeschichte verstehen – Fundiertes Wissen;1;9783956195242;SKU-8483173682;Sachbuch;39.99;19 %;0;Tauchen Sie mit diesem umfassenden Sachbuch von Reader's Digest tief in die fesselnde Weltgeschichte ein und erweitern Sie Ihr Wissen fundiert. Es vermittelt essenzielle Einblicke in prägende Epochen und einflussreiche Persönlichkeiten, um globale Zusammenhänge klar zu verstehen.Die exquisite Hardcover-Ausgabe ist auf strapazierfähigem Papier gedruckt und sichert langanhaltende Lesefreude sowie einen bleibenden Wert in Ihrer Sammlung. Detaillierte Illustrationen, übersichtliche Karten und über 600 klar definierte Schlüsselbegriffe visualisieren komplexe historische Zusammenhänge auf verständliche Weise.Als hochinformative und zugleich unterhaltsame Lektüre verkörpert dieses Werk die bewährte Qualität von Reader's Digest. Es stellt ein ideales Geschenk dar und bereichert jede Bibliothek als unverzichtbare Quelle für fundiertes historisches Wissen.;;;;;https://storage.googleapis.com/prodsandjobs/products/9783956193242/studio_detail_38c83c0471518aa98911103a696501f4.png;https://storage.googleapis.com/prodsandjobs/products/9783956193242/studio_topdown_8728bcea3e9490c50401d7ac62a7579f.png;https://storage.googleapis.com/prodsandjobs/products/9783956193242/lifestyle_front_2a276dcd027434f6449cbd7c92f35002.png;https://storage.googleapis.com/prodsandjobs/products/9783956193242/lifestyle_closeup_f368a9b835c5049286d478ad14106db1.png;https://storage.googleapis.com/prodsandjobs/products/9783956193242/lifestyle_inuse_4ddf388e3db25ec430a692e8cbf89d54.png;;;;;;;;;;;;Reader's Digest
458516641;Biologika Sachbuch: Organ Atlas für ganzheitliche Gesundheit & Naturgesetze;1;9786158181617;SKU-5582443660;Sachbuch;99.90;19 %;0;Der Biologika Organ Atlas entschlüsselt die fünf biologischen Naturgesetze umfassend, um Ihnen ein klares Verständnis komplexer Zusammenhänge zu ermöglichen. Dieses tiefgreifende Sachbuch befähigt Sie, Ihre Gesundheit proaktiv zu gestalten und bio-logische Lösungsformeln für ein ganzheitliches Wohlbefinden zu finden.Tauchen Sie ein in detaillierte Erklärungen, die aufzeigen, wie emotionale Zustände organische Reaktionen beeinflussen und welche biologischen Zwecke dahinterstecken. Die hochwertige gebundene Ausgabe ist reich bebildert und dient als umfassendes Nachschlagewerk für Laien und Fachleute gleichermaßen.Dieser Atlas liefert eine fundierte Basis, um die Funktionsweise des menschlichen Körpers aus einer neuen Perspektive zu betrachten und fördert eine berechenbare Gesundheit durch präventives Wissen. Er ist das ideale Werkzeug für jeden, der sein Wissen über die menschliche Biologie vertiefen und praktische Anwendungen für ein gesünderes Leben sucht.;;;;;https://storage.googleapis.com/prodsandjobs/products/9786158181617/gemini_render_studio_detail_1765318601014_0_51b8023bbd0b063ccf4a6d8419a37f71.png;https://storage.googleapis.com/prodsandjobs/products/9786158181617/gemini_render_lifestyle_front_1765318621122_0_a6bca17404e3fd31d54ab5b3d7520dec.png;https://storage.googleapis.com/prodsandjobs/products/9786158181617/gemini_render_lifestyle_closeup_1765318629360_0_339b7a9ea38ca6d8ee6576b547c84321.png;https://storage.googleapis.com/prodsandjobs/products/9786158181617/gemini_render_lifestyle_inuse_1765318637057_0_08406942e8604855da307a0dca86cc3b.png;;;;;;;;;;;;;Biologika
458974880;Engelbert Strauss Herren T-Shirt Regular Fit Baumwolle Anthrazit;1;;SKU-1789286937;Bekleidung;10.59;19 %;0;Das Engelbert Strauss e.s. T-Shirt aus hochwertiger Baumwolle in Anthrazit bietet optimalen Tragekomfort für den Arbeitsalltag und die Freizeit. Seine Regular Fit Passform sorgt für Bewegungsfreiheit und eine angenehme Haptik auf der Haut.Dieses vielseitige T-Shirt ist ideal für Handwerker, Heimwerker oder einfach als bequemes Basic für jeden Tag. Es lässt sich hervorragend mit Arbeitskleidung kombinieren oder als lässiges Oberteil tragen.Gefertigt aus 100% Baumwolle, ist das Shirt atmungsaktiv und pflegeleicht. Es behält auch nach häufigem Waschen seine Form und Farbe, was es zu einem langlebigen Begleiter macht.;;;;;https://storage.googleapis.com/prodsandjobs/products/22.30.243/gemini_render_studio_front_1765285684638_0_c2285b0b2582a8dc18d268c52571e862.png;https://storage.googleapis.com/prodsandjobs/products/22.30.243/gemini_render_studio_detail_1765285692889_0_78e9abcff9406d31057c59889b0df196.png;https://storage.googleapis.com/prodsandjobs/products/22.30.243/gemini_render_lifestyle_front_1765285710981_0_ad8498baf8f0d3ae7b0bff5f80f21002.png;https://storage.googleapis.com/prodsandjobs/products/22.30.243/gemini_render_lifestyle_closeup_1765285721339_0_668d9863fb4216544cefb33660a09ab7.png;https://storage.googleapis.com/prodsandjobs/products/22.30.243/gemini_render_lifestyle_inuse_1765285729157_0_1038e3fbd037d69848ec8fcc324230b0.png;;;;;;;;;;;;Engelbert Strauss
458974924;Lacoste Herren Hoodie SH9623 - Classic Fit - Marineblau - Größe M;1;3666394875564;SKU-0611814591;Hoodie;98.00;19 %;0;Der Lacoste Herren Hoodie SH9623 im Classic Fit ist ein vielseitiger Kapuzenpullover, der Komfort und Stil perfekt vereint. Er ist ideal für den täglichen Gebrauch, sei es für entspannte Stunden zu Hause oder als lässiger Begleiter für unterwegs. Das zeitlose Design mit dem ikonischen Krokodil-Logo macht ihn zu einem unverzichtbaren Basic in jeder Herrengarderobe.Gefertigt aus einem hochwertigen Baumwollmischgewebe, bietet dieser Hoodie ein angenehmes Tragegefühl auf der Haut und ist gleichzeitig strapazierfähig. Die verstellbare Kapuze mit Kordelzug schützt bei Bedarf vor Wind und Wetter, während die praktische Kängurutasche auf der Vorderseite Platz für kleine Essentials bietet oder die Hände wärmt.Der Hoodie besteht aus 84% Baumwolle und 16% Polyester, was eine optimale Kombination aus Weichheit und Formbeständigkeit gewährleistet. Er ist pflegeleicht und behält auch nach häufigem Waschen seine Passform und Farbe. Kombinieren Sie ihn mühelos mit Jeans, Sporthosen oder Shorts für einen entspannten, aber stilvollen Look.;;;;;https://storage.googleapis.com/prodsandjobs/products/3666354875564/gemini_render_studio_front_1765280866691_0_4a4af37b9bf8381765442515f2ff9e85.png;https://storage.googleapis.com/prodsandjobs/products/3666354875564/gemini_render_studio_topdown_1765280885933_0_a162298a52b06b6586e6a19b7e7cd330.png;https://storage.googleapis.com/prodsandjobs/products/3666354875564/gemini_render_studio_detail_1765280876254_0_2f7d45b6e7df231b539836ab6913c59e.png;https://storage.googleapis.com/prodsandjobs/products/3666354875564/gemini_render_lifestyle_closeup_1765280910625_0_ca8cad9e360ffa2d7a698e8b757161fa.png;https://storage.googleapis.com/prodsandjobs/products/3666354875564/gemini_render_lifestyle_inuse_1765280922231_0_4a58c9bebbe1408d6c4b8efcd2c4dc1f.png;;;;;;;;;;;;Lacoste
458974939;MJCM SARL Sana Tango Chacita Damen Tanzschuhe Schwarz Gr. 41;1;;SKU-9933881904;Handschuhe & Fäustlinge;34.90;19 %;0;"Die schwarzen MJCM SARL Sana Tango Chacita Tanzschuhe sind ideal für Damen und Mädchen, die Tango, Salsa oder Gesellschaftstanz lieben. Diese eleganten Tanzsandalen in Größe 41 EU bieten Komfort und Stabilität sowohl beim Training als auch bei Auftritten. Die Tanzschuhe zeichnen sich durch eine offene Zehenpartie mit gekreuzten Riemchen und eine geschlossene Fersenkappe aus. Der verstellbare Knöchelriemen mit Schnalle sorgt für einen sicheren und individuellen Halt.

Der niedrige Blockabsatz bietet zusätzliche Stabilität und Komfort. Die hochwertigen Materialien bieten eine optimale Balance zwischen Flexibilität und Unterstützung. Die MJCM Sana Tango Chacita Tanzschuhe sind die perfekten Begleiter für alle Tanzbegeisterten.

Die Tanzschuhe werden mit einem Schuhkarton geliefert. Sie sind ideal für Training und Auftritte geeignet. Die offene Zehenpartie mit gekreuzten Riemchen sorgt für einen guten Halt. Geeignet für Damen, Mädchen und Jugendliche.";;;;;https://storage.googleapis.com/prodsandjobs/products/4523e3f3-ba12-4d17-a2af-26af72a8a36e/gemini_render_studio_front_1765301730119_0_d55c5fb293d80b5c3d0856cc85dfba0f.png;https://storage.googleapis.com/prodsandjobs/products/4523e3f3-ba12-4d17-a2af-26af72a8a36e/gemini_render_studio_detail_1765301743014_0_926a3a450c86ab5416d184fdd96e501f.png;https://storage.googleapis.com/prodsandjobs/products/4523e3f3-ba12-4d17-a2af-26af72a8a36e/gemini_render_studio_topdown_1765301753665_0_14b6547fe1f02fb9acf6b6154b1b530d.png;https://storage.googleapis.com/prodsandjobs/products/4523e3f3-ba12-4d17-a2af-26af72a8a36e/gemini_render_lifestyle_front_1765301766689_0_5632855e13208cdae875a00d05373faa.png;https://storage.googleapis.com/prodsandjobs/products/4523e3f3-ba12-4d17-a2af-26af72a8a36e/gemini_render_lifestyle_inuse_1765301780160_0_033b9e0c478b8e5b39f0e5b6fd390389.png;;;;;;;;;;;;MJCM SARL
458974941;molino Bilderbuch Hannelore: Zauberhaftes Zirkusabenteuer, fördert Fantasie;1;9783982023113;SKU-4743695203;Bücher & Zeitschriften;17.50;19 %;0;Entdecken Sie mit dem molino Kinderbuch 'Hannelore: Zirkus auf dem Waldspielplatz' ein zauberhaftes Abenteuer, das die Fantasie kleiner Leser beflügelt. Dieses herzerwärmende Werk von Frieder Stöckle und Andrea Deininger ist ideal für gemeinsame Vorlesestunden und schafft unvergessliche Momente. Begleiten Sie Zwerg Lukullus, Huhn Gack und weitere liebenswerte Waldbewohner durch ihre aufregenden Erlebnisse, die durch liebevolle Illustrationen lebendig werden. Das Buch ist hochwertig aus strapazierfähigem Papier gefertigt und bietet somit langanhaltenden Lesespaß für Ihr Kind. Spielerisch werden Fantasie, Kreativität sowie wichtige Werte wie Freundschaft und Hilfsbereitschaft gefördert, was die Entwicklung Ihres Kindes bereichert. Mit jedem Kauf dieses Buches unterstützen Sie zudem aktiv Kinderspielplätze, da ein Euro des Erlöses gespendet wird.;;;;;https://storage.googleapis.com/prodsandjobs/products/9783982023113/gemini_render_studio_detail_1765303070987_0_1b0e3a6b357521e334f1979c1ea9f3fd.png;https://storage.googleapis.com/prodsandjobs/products/9783982023113/gemini_render_lifestyle_front_1765303091303_0_ec44e7e517a29b16346b68a38698f4ba.png;https://storage.googleapis.com/prodsandjobs/products/9783982023113/gemini_render_lifestyle_closeup_1765303102885_0_87edc7c520f5e96ea7e5e99a6f14d86a.png;https://storage.googleapis.com/prodsandjobs/products/9783982023113/gemini_render_lifestyle_inuse_1765303113023_0_ccaa9ca87aa9623ce18689acb65a8f5f.png;;;;;;;;;;;;;molino
458974947;New Balance 515 ML515AGR Herren Sneaker schwarz EU 43 (US 9,5);1;197967919923;SKU-8197874459;Sportschuhe;135.00;19 %;0;Die New Balance ML515AGR sind klassische Retro-Sneaker für Herren. Das schwarze Obermaterial aus Textil und Wildleder sorgt für guten Halt und Atmungsaktivität, die dämpfende Zwischensohle bietet angenehmen Komfort im Alltag. Ideal für Freizeit, Stadt und leichte sportliche Aktivitäten.;;;;;https://storage.googleapis.com/prodsandjobs/products/197967919923/gemini_render_studio_front_1764958559127_0_667b439f2d105026d770ea7ed23cf592.png;https://storage.googleapis.com/prodsandjobs/products/197967919923/gemini_render_studio_detail_1764958571105_0_6bf41d853aff7660256379824c14113f.png;https://storage.googleapis.com/prodsandjobs/products/197967919923/gemini_render_studio_topdown_1764958582273_0_c1c2dcdcaab0310b0c7ca0a1e512081f.png;https://storage.googleapis.com/prodsandjobs/products/197967919923/gemini_render_lifestyle_front_1764958592333_0_bc8d740efe5ef813355f14a49391e8ce.png;https://storage.googleapis.com/prodsandjobs/products/197967919923/gemini_render_lifestyle_inuse_1764958609096_0_20eaa44c74eefb14009ab731d3dee2d8.png;;;;;;;;;;;;New Balance
458974953;New Balance IZ740WM Kinder Sneaker;1;;SKU-8742112863;Kinderschuhe & -boots;59.99;19 %;0;Der New Balance IZ740WM Kinder-Sneaker ist der ideale Begleiter für aktive Kids, die Komfort und Stil im Alltag schätzen. Er kombiniert sportliches Design mit praktischer Funktionalität, perfekt für Schule, Spielplatz und Freizeitaktivitäten.Gefertigt aus atmungsaktivem Mesh-Material mit stabilen Synthetik-Overlays, bietet dieser Schuh eine optimale Belüftung und gleichzeitig die nötige Strapazierfähigkeit. Die leichte, weich gedämpfte Zwischensohle sorgt für ein angenehmes Laufgefühl und schützt die kleinen Füße bei jedem Schritt.Die profilierte Gummi-Außensohle gewährleistet hervorragenden Grip auf verschiedenen Untergründen und minimiert das Rutschrisiko. In der ansprechenden Farbkombination Silber/Weiß lässt sich der Sneaker vielseitig kombinieren und ist ein echter Hingucker.;;;;;https://storage.googleapis.com/prodsandjobs/products/8f973329-18be-4898-aef7-5359c6b0c136/gemini_render_studio_front_1764958578307_0_fa83241b386d758a7e0ae47393431afe.png;https://storage.googleapis.com/prodsandjobs/products/8f973329-18be-4898-aef7-5359c6b0c136/gemini_render_studio_detail_1764958588279_0_15222aee95890300337705af232b3584.png;https://storage.googleapis.com/prodsandjobs/products/8f973329-18be-4898-aef7-5359c6b0c136/gemini_render_studio_topdown_1764958598802_0_ecc54f3c83f33679f3d94c7ae81543d9.png;https://storage.googleapis.com/prodsandjobs/products/8f973329-18be-4898-aef7-5359c6b0c136/gemini_render_lifestyle_front_1764958609724_0_d071fe7677bb30d00f160fd8043b3f55.png;https://storage.googleapis.com/prodsandjobs/products/8f973329-18be-4898-aef7-5359c6b0c136/gemini_render_lifestyle_closeup_1764958617534_0_cf8358142571a75f5eae00e518d98416.png;https://storage.googleapis.com/prodsandjobs/products/8f973329-18be-4898-aef7-5359c6b0c136/gemini_render_lifestyle_inuse_1764958625698_0_0442945120852e45fc4764e1601ffec2.png;;;;;;;;;;;New Balance
458974959;Nike Defy All Day Damen Sportschuhe weiß/schwarz/rot - Sneaker EU 39;1;9523709033415;SKU-3992211748;Sportschuhe;49.99;19 %;0;Der Nike Defy All Day (Stylecode DJ1196-101) ist ein bequemer Damen-Trainingssneaker in Weiß/Schwarz/Rot. Obermaterial aus Leder/Synthetik, dämpfende Zwischensohle und griffige Gummiaußensohle bieten Halt und Komfort im Alltag und beim Training.;;;;;https://storage.googleapis.com/prodsandjobs/products/9523709033415/gemini_render_studio_detail_1764957314946_0_2209940b73f44ba029cef961adb6bf6d.png;https://storage.googleapis.com/prodsandjobs/products/9523709033415/gemini_render_studio_front_1764957297990_0_408de78f4fe6df1a00e2e55575258b9b.png;https://storage.googleapis.com/prodsandjobs/products/9523709033415/gemini_render_studio_topdown_1764957327861_0_8633738adfab244f326b310e5f5481a5.png;https://storage.googleapis.com/prodsandjobs/products/9523709033415/gemini_render_lifestyle_front_1764957337038_0_4af182163785770fce34416b293a084f.png;https://storage.googleapis.com/prodsandjobs/products/9523709033415/gemini_render_lifestyle_inuse_1764957346503_0_c5ebda3c06fb887e1b6b61e257388374.png;;;;;;;;;;;;Nike
458974961;Nike Zoom Vapor 12 CLY Tennisschuhe Herren Clay schwarz/weiß Größe EU 48.5;1;19760256779314;SKU-3213392901;Sportschuhe;109.95;19 %;0;Die Nike M Zoom Vapor 12 CLY Tennisschuhe für Herren bieten optimalen Halt und Komfort auf dem Sandplatz. Das atmungsaktive Obermaterial sorgt für ein angenehmes Tragegefühl, während die Zoom Air-Dämpfung reaktionsfreudige Schritte ermöglicht. Farbe: Black/White-Dk Smoke Grey, Größe EU 48.5 (US 14).;;;;;https://storage.googleapis.com/prodsandjobs/products/19760256779314/gemini_render_studio_front_1764957249829_0_bd2509b8e9f904e93a9f143c2aeab3c4.png;https://storage.googleapis.com/prodsandjobs/products/19760256779314/gemini_render_studio_detail_1764957260216_0_e892274e73f931b9448ba2e732da8036.png;https://storage.googleapis.com/prodsandjobs/products/19760256779314/gemini_render_studio_topdown_1764957270342_0_2d6670b8580998d0e98ffa71f7044c1a.png;https://storage.googleapis.com/prodsandjobs/products/19760256779314/gemini_render_lifestyle_front_1764957283799_0_9c4edc7f9952735c17bc6030d9996c5b.png;https://storage.googleapis.com/prodsandjobs/products/19760256779314/gemini_render_lifestyle_closeup_1764957292581_0_f4ec054e18c0087d04667e0424afe868.png;https://storage.googleapis.com/prodsandjobs/products/19760256779314/gemini_render_lifestyle_inuse_1764957306206_0_d13e68b9364784c46309f3fadac5e3fb.png;;;;;;;;;;;Nike
458974976;Puma Damen Sneaker Clyde Palais Artisan – Stilvoll, Bequem, Langlebig;1;4067983135699;SKU-3368481451;Sneaker;119.90;19 %;0;Der Puma Clyde Palais Artisan Sneaker bietet stilbewussten Damen luxuriösen Komfort und ein zeitloses Design für den Alltag. Dieser vielseitige Schuh ist die ideale Wahl für Stadtbummel, Büro oder andere Casual-Anlässe und verleiht jedem Outfit eine exklusive Note. Gefertigt aus hochwertigem Leder, überzeugt dieser Sneaker mit einer anspruchsvollen Haptik und beeindruckender Langlebigkeit. Die robuste Gummisohle gewährleistet optimalen Grip sowie Stabilität und sorgt den ganzen Tag für angenehmen Tragekomfort. Im Lieferumfang ist ein Paar Puma Clyde Palais Artisan Sneaker enthalten, bereit für Ihren stilvollen Auftritt. Für langanhaltende Freude wird die regelmäßige Pflege mit geeigneten Lederpflegemitteln empfohlen, um Material und Schönheit zu bewahren.;;;;;https://storage.googleapis.com/prodsandjobs/products/4067983135699/studio_detail_be7563b5448d9cd75f07321823ca9a5e.png;https://storage.googleapis.com/prodsandjobs/products/4067983135699/studio_topdown_84846c8a1433a9413c8f57a4acf47500.png;https://storage.googleapis.com/prodsandjobs/products/4067983135699/lifestyle_front_ee800029a6ef38914572c6ef66556f24.png;https://storage.googleapis.com/prodsandjobs/products/4067983135699/lifestyle_closeup_c9174c346699d7862554b9e8a6500553.png;https://storage.googleapis.com/prodsandjobs/products/4067983135699/lifestyle_inuse_f1fcd437d2283f502f1d2cdd4954fea7.png;;;;;;;;;;;;Puma
458974981;Puma Fusion Crush Sport Herren-Golfschuhe, Weiß/Grau mit Rot, Fusion Foam, Gr. 44 (US 10.5);1;4099685332441;SKU-9436640030;Sportschuhe;62.00;19 %;0;Die Puma Fusion Crush Sport Golfschuhe bieten komfortable Fusion Foam Dämpfung, leichtes Design und sportlichen Look – perfekt für Golfer, die Wert auf Komfort und Stil legen.;;;;;https://storage.googleapis.com/prodsandjobs/products/4099685332441/gemini_render_studio_front_1764958516298_0_892367f16241fe56ba7272c33b43c842.png;https://storage.googleapis.com/prodsandjobs/products/4099685332441/gemini_render_lifestyle_closeup_1764958563890_0_98c069fd6f9148ea00ce79c2a791bb7e.png;https://storage.googleapis.com/prodsandjobs/products/4099685332441/gemini_render_studio_topdown_1764958540976_0_9eed0f001e3dfa070684313e8665e6b6.png;https://storage.googleapis.com/prodsandjobs/products/4099685332441/gemini_render_lifestyle_front_1764958555185_0_4f61f5a29b3229dc91020ae8457820d5.png;https://storage.googleapis.com/prodsandjobs/products/4099685332441/gemini_render_lifestyle_inuse_1764958575635_0_35aa6197c4d08f9bd6037476abfd79e4.png;;;;;;;;;;;;Puma
458975006;Tamaris Slingpumps M2940642 schwarz, Damen, Leder, Größe 41;1;;SKU-7800997883;Damenschuhe;39.51;19 %;0;Diese eleganten Tamaris Sling-Ballerinas in klassischem Schwarz sind die perfekte Ergänzung für jede Garderobe. Sie bieten eine stilvolle Option für den Alltag, das Büro oder besondere Anlässe und lassen sich vielseitig kombinieren. Das weiche Obermaterial und die bequeme Passform sorgen für angenehmen Tragekomfort den ganzen Tag über. Das spitz zulaufende Design und der dezente Slingback-Riemen verleihen dem Schuh eine feminine und moderne Ästhetik. Die Pflege dieser Ballerinas ist unkompliziert, sodass sie lange Freude bereiten. Geliefert wird ein Paar dieser zeitlosen und komfortablen Damenschuhe.;;;;;https://storage.googleapis.com/prodsandjobs/products/da73cdf7-cc76-4f6e-bcbd-d6f8a5582665/gemini_render_studio_detail_1764957310779_0_e3306f757621e753a60c270f3769883b.png;https://storage.googleapis.com/prodsandjobs/products/da73cdf7-cc76-4f6e-bcbd-d6f8a5582665/gemini_render_studio_front_1764957295888_0_feb4c76309eaffcb93dfa7c702a47d9c.png;https://storage.googleapis.com/prodsandjobs/products/da73cdf7-cc76-4f6e-bcbd-d6f8a5582665/gemini_render_studio_topdown_1764957321883_0_62de7b5d689fa21e3325051b9f4f6b03.png;https://storage.googleapis.com/prodsandjobs/products/da73cdf7-cc76-4f6e-bcbd-d6f8a5582665/gemini_render_lifestyle_front_1764957331616_0_87fcce58d3be226cd298879b9a38c1c7.png;https://storage.googleapis.com/prodsandjobs/products/da73cdf7-cc76-4f6e-bcbd-d6f8a5582665/gemini_render_lifestyle_closeup_1764957339490_0_7d1b7fe6cc19d8fdc21425a3c3f7a79a.png;https://storage.googleapis.com/prodsandjobs/products/da73cdf7-cc76-4f6e-bcbd-d6f8a5582665/gemini_render_lifestyle_inuse_1764957347662_0_a44696a44bc7c8e0dde17530cf051dee.png;;;;;;;;;;;Tamaris
458975013;TPE Yoga Yogamatte Grün - Rutschfest & Komfortabel für Fitness & Pilates;1;;SKU-6148008788;Yogamatten;29.90;19 %;0;"Die TPE Yoga Yogamatte in elegantem Grün ist Ihr idealer Begleiter für Yoga, Pilates und Fitness, indem sie stets eine zuverlässig rutschfeste Oberfläche bietet. Ihre spezielle Struktur garantiert exzellenten Grip und maximale Stabilität bei jeder Übung.Hergestellt aus hautfreundlichem und umweltfreundlichem TPE-Material, gewährleistet sie optimale Sicherheit und Nachhaltigkeit. Die gelenkschonende Dämpfung sorgt zudem für höchsten Komfort und schützt Ihre Gelenke während intensiver Trainingseinheiten.Diese Matte ist äußerst pflegeleicht und lässt sich nach dem Training mühelos reinigen, was eine hygienische Nutzung sicherstellt. Sie ist leicht transportierbar und platzsparend verstaubar, ideal für zu Hause oder unterwegs; der Lieferumfang umfasst eine Yogamatte.";;;;;https://storage.googleapis.com/prodsandjobs/products/b3c3d282-2b8a-4db8-b8a4-db96fa96a4d1/gemini_render_studio_topdown_1765045645462_0_49bb53f1d2d74539a07363d3e5910356.png;https://storage.googleapis.com/prodsandjobs/products/b3c3d282-2b8a-4db8-b8a4-db96fa96a4d1/gemini_render_studio_detail_1765045635971_0_238a2ffd8154e3e22580461b799d07a3.png;https://storage.googleapis.com/prodsandjobs/products/b3c3d282-2b8a-4db8-b8a4-db96fa96a4d1/gemini_render_lifestyle_front_1765045654422_0_f5f2f8cc76287fd39bbdbc7ffb1ddf49.png;https://storage.googleapis.com/prodsandjobs/products/b3c3d282-2b8a-4db8-b8a4-db96fa96a4d1/gemini_render_lifestyle_closeup_1765045669272_0_bb6c4f05a56f19139a71c2352d86a874.png;https://storage.googleapis.com/prodsandjobs/products/b3c3d282-2b8a-4db8-b8a4-db96fa96a4d1/gemini_render_lifestyle_inuse_1765045677245_0_f9484a38134484753f051bed5748efcd.png;;;;;;;;;;;;TPE Yoga
459736332;Hansgrohe Waschtischarmatur Vernis Blend 100 Chrom – Spart Wasser mit EcoSmart;1;4059625316207;SKU-3734657776;Bad & Küche;61.89;19 %;0;Die Hansgrohe Vernis Blend 100 Waschtischarmatur in Chrom bereichert Ihr Badezimmer mit modernem Design und herausragender Funktionalität. Genießen Sie eine komfortable Bedienung und eine stilvolle Aufwertung, die sich nahtlos in jedes Badambiente einfügt.Diese Armatur ist mit der innovativen EcoSmart-Technologie ausgestattet, die den Wasserverbrauch um bis zu 60% reduziert und somit Umwelt sowie Betriebskosten schont. Ihre hochwertige Metallkonstruktion, die integrierte Zugstangen-Ablaufgarnitur und der um 10° rotierbare Auslauf garantieren zusätzliche Flexibilität und einfache Handhabung.Der Lieferumfang umfasst die Armatur, eine Zugstangen-Ablaufgarnitur sowie flexible G 3/8 Anschlussschläuche für eine unkomplizierte Installation. Hansgrohe steht für bewährte Qualität, die durch eine 5-jährige Herstellergarantie unterstrichen wird und zudem für Durchlauferhitzer geeignet ist.;;;;;https://storage.googleapis.com/prodsandjobs/products/4059625316207/studio_detail_74b4c445ff05661af3655ab61b5eabb3.png;https://storage.googleapis.com/prodsandjobs/products/4059625316207/studio_front_b1e17abc21eb351f659d4b7171049777.png;https://storage.googleapis.com/prodsandjobs/products/4059625316207/studio_topdown_f4f6911b4e20ee788887d340dc5602a7.png;https://storage.googleapis.com/prodsandjobs/products/4059625316207/lifestyle_front_0c0f862a6d891c981071e8275f0a642a.png;https://storage.googleapis.com/prodsandjobs/products/4059625316207/lifestyle_closeup_9c5fd28034af580d44fa4052500ddcb0.png;https://storage.googleapis.com/prodsandjobs/products/4059625316207/lifestyle_inuse_8c5cfb459590ef007d2f5078c1d05ef7.png;;;;;;;;;;;Hansgrohe
459737337;Einhell Akku-Bohrschrauber TC-CD 18/35 Li Solo – 35 Nm Power X-Change;1;4006825642452;SKU-0522930788;Elektrowerkzeuge;29.99;19 %;0;"Der Einhell Akku-Bohrschrauber TC-CD 18/35 Li Solo ist Ihr vielseitiger Partner für präzise Schraub- und Bohrarbeiten in Haus, Werkstatt und Garten. Als Mitglied der Power X-Change Familie bietet er maximale Flexibilität und leistungsstarke 18V-Performance für unterschiedlichste Projekte. Die elektronische Drehzahlregelung ermöglicht stets material- und anwendungsgerechtes Arbeiten, wodurch Sie stets optimale Ergebnisse erzielen. Sein ergonomisches Design mit Softgrip gewährleistet dabei höchsten Bedienkomfort und einen sicheren Halt, selbst bei längeren Einsätzen. Eine integrierte LED-Beleuchtung sorgt für beste Sicht in dunklen Arbeitsbereichen, ergänzt durch ein robustes ABS-System für erhöhte Langlebigkeit und Zuverlässigkeit. Bitte beachten Sie, dass dieses ""Solo""-Modell ohne Akku und Ladegerät geliefert wird und ideal für bestehende Power X-Change Nutzer ist.";;;;;https://storage.googleapis.com/prodsandjobs/products/4006825642452/studio_topdown_9125514b5ed7a4eceddae24b9b6ccdf1.png;https://storage.googleapis.com/prodsandjobs/products/4006825642452/studio_front_4dc445d05f9017718f0efb58972723c0.png;https://storage.googleapis.com/prodsandjobs/products/4006825642452/lifestyle_front_688ee091b60252d3ff5858d5ba85761e.png;https://storage.googleapis.com/prodsandjobs/products/4006825642452/lifestyle_inuse_7f794308deb59ab07673fbece372a22d.png;;;;;;;;;;;;;Einhell
459794734;WMF Elektrische Mühle Ceramill: Präzise Würze auf Knopfdruck;1;4000530685841;SKU-2152217706;Salz- & Pfeffermühlen;64.99;19 %;0;Die WMF Ceramill elektrische Mühle revolutioniert Ihre Küchenroutine, indem sie auf Knopfdruck frische Würze für jedes Gericht liefert. Genießen Sie müheloses Mahlen von Salz, Pfeffer oder getrockneten Kräutern mit höchstem Bedienkomfort und präzisen Ergebnissen. Das Herzstück bildet ein hochwertiges Keramikmahlwerk, das härter als Stahl ist und eine stufenlose Einstellung des Mahlgrades von grob bis fein ermöglicht. Gefertigt aus robustem Kunststoff und Keramik, fügt sich diese langlebige Mühle mit ihrem eleganten schwarzen Design nahtlos in jede moderne Küche ein. Im Lieferumfang sind sechs langlebige AAA Alkaline Batterien enthalten, sodass die Mühle sofort nach dem Auspacken einsatzbereit ist. Die umfassende 10-jährige WMF-Garantie auf das Keramikmahlwerk sichert Ihnen langfristige Zuverlässigkeit und höchste Qualität zu.;;;;;https://storage.googleapis.com/prodsandjobs/products/4000530685841/studio_front_b49b559fc7ea3d09365a8ea2a845f052.png;https://storage.googleapis.com/prodsandjobs/products/4000530685841/lifestyle_front_379b618b1648b3617fd596a6d99f663a.png;https://storage.googleapis.com/prodsandjobs/products/4000530685841/lifestyle_inuse_4146305483801bf4a3cf7a78e75964ef.png;;;;;;;;;;;;;;WMF
459966535;Mackie HM-4 Kopfhörerverstärker für professionelles 4-Kanal Monitoring;1;663961054064;SKU-3622017850;Verstärker;32.00;19 %;0;"Der Mackie HM-4 Kopfhörerverstärker ermöglicht Musikern und Produzenten, eine einzelne Stereoquelle präzise auf bis zu vier Kopfhörer zu verteilen. Er bietet individuelles Monitoring für jede Person, ideal für Studio, Bühne oder Heim-Audio-Setups.Jeder der vier unabhängigen Ausgänge verfügt über eine präzise Pegelregelung, die ein optimal angepasstes Hörerlebnis sicherstellt. Die extrem robuste ""Built-Like-A-Tank""-Konstruktion aus hochwertigen Materialien garantiert außergewöhnliche Langlebigkeit und Zuverlässigkeit im professionellen Einsatz.Das kompakte und platzsparende Design des HM-4 integriert sich nahtlos in jedes Setup, ohne wertvollen Raum zu beanspruchen. Zum sofortigen Betrieb ist ein passendes 12V DC Netzteil im Lieferumfang enthalten, sodass Sie umgehend von der bewährten Mackie-Qualität profitieren können.";;;;;https://storage.googleapis.com/prodsandjobs/products/0c0d0689-9ec6-44eb-b215-9e0256b1ea13/studio_detail_0009f8bdc4db27d195cf57c097231d76.png;https://storage.googleapis.com/prodsandjobs/products/0c0d0689-9ec6-44eb-b215-9e0256b1ea13/studio_front_4b35674d236492002992132a1adb3044.png;https://storage.googleapis.com/prodsandjobs/products/0c0d0689-9ec6-44eb-b215-9e0256b1ea13/studio_topdown_2257b5f4f279b5fcd9cf287e409a3de0.png;https://storage.googleapis.com/prodsandjobs/products/0c0d0689-9ec6-44eb-b215-9e0256b1ea13/lifestyle_inuse_600c1484e74c46fb90851fa3777c37ff.png;;;;;;;;;;;;;Mackie
459967606;McDavid Kniebandage 421 für Sport & Reha – Gezielte Unterstützung Gr. S;1;29369421134;SKU-2417212434;Freizeit;55.00;19 %;0;"Die McDavid 421 Kniebandage bietet gezielte moderate Unterstützung zur Linderung von Symptomen und effektiven Förderung der Genesung bei Kniebeschwerden. Sie ist ideal für fortgeschrittene Anwender, die verbesserte Stabilität und hohen Komfort bei Sport und Rehabilitation suchen.Ausgestattet mit gepolsterten Patella-Stützen und verstärkten Federstahlstreben, garantiert diese Bandage erhöhte mediale und laterale Sicherheit für Ihr Knie. Das hochwertige CR-Neoprenmaterial sorgt für überlegene Kompression und therapeutische Wärme, ergänzt durch ein perforiertes Rückenteil für optimales Feuchtigkeitsmanagement.Die integrierten, verstellbaren Riemen ermöglichen eine personalisierte und sichere Passform, passend für linkes oder rechtes Knie. Der Lieferumfang umfasst eine McDavid 421 Kniebandage; detaillierte Pflegehinweise zur Langlebigkeit finden Sie auf der Verpackung.";;;;;https://storage.googleapis.com/prodsandjobs/products/2121005642022/studio_detail_a3abaa9803514d4facc9f904b0e1a853.png;https://storage.googleapis.com/prodsandjobs/products/2121005642022/studio_topdown_265debf55c4bf4184ab8b881d3e81cf1.png;https://storage.googleapis.com/prodsandjobs/products/2121005642022/lifestyle_front_2fccb6c55019e8043a78ab22e23265ac.png;https://storage.googleapis.com/prodsandjobs/products/2121005642022/lifestyle_closeup_8785d7c3f7c4e09d9b561cb1761228fb.png;https://storage.googleapis.com/prodsandjobs/products/2121005642022/lifestyle_inuse_98e712d6aa98563915e95847d361ad66.png;;;;;;;;;;;;McDavid
459968749;reviMED TENS-Gerät Revi Tens für effektive Schmerzlinderung & Muskelstimulation;1;6971763600575;SKU-5946216503;Medizinische Geräte;69.95;19 %;0;Das reviMED Revi Tens TENS-Gerät bietet eine hochwirksame Methode zur gezielten Schmerzlinderung und effektiven Muskelstimulation, um Ihr allgemeines Wohlbefinden nachhaltig zu steigern. Es nutzt die bewährte TENS-Technologie, um chronische und akute Beschwerden gezielt zu mindern und die Muskeln sanft zu entspannen.Gefertigt aus hochwertigem Kunststoff, gewährleistet dieses kompakte und tragbare Gerät Langlebigkeit sowie eine angenehme Handhabung für den täglichen Gebrauch. Die intuitive Bedienung ermöglicht eine einfache Anpassung der vielseitigen Programme und Intensitätsstufen, um Ihre Therapie optimal zu gestalten.Im Lieferumfang sind das TENS-Gerät, Anschlusskabel, hochwertige Elektroden und eine ausführliche Bedienungsanleitung enthalten, sodass Sie sofort mit Ihrer Therapie beginnen können. Als zertifiziertes Medizinprodukt mit CE 2400 Kennzeichnung garantiert das Revi Tens höchste Sicherheitsstandards und maximale Zuverlässigkeit für Ihre Anwendung.;;;;;https://storage.googleapis.com/prodsandjobs/products/6971763600575/studio_front_3d904bef48acd06cb6f15765f7094415.png;https://storage.googleapis.com/prodsandjobs/products/6971763600575/studio_detail_37f473a6812df67e8b02504189cce767.png;https://storage.googleapis.com/prodsandjobs/products/6971763600575/lifestyle_front_4f0e69459bb99001fe86faf053a82fcc.png;https://storage.googleapis.com/prodsandjobs/products/6971763600575/lifestyle_closeup_ebc57df0e57762ebfafa3b50b3116117.png;https://storage.googleapis.com/prodsandjobs/products/6971763600575/lifestyle_inuse_4d7800f438a1ffa81a993c6d2439a9ee.png;;;;;;;;;;;;reviMED
449821041;Villa Grinario Jersey-Spannbettuch 100/200 Rot;2;;SKU-8133187753;Spannbettlaken;14.99;19 %;0;Rotes Jersey-Spannbettuch von Villa Grinario für Standard-Matratzen in der Größe 100 x 200 cm aus 100 % gekämmter Baumwolle.;;;;;https://storage.googleapis.com/avycloud-genai-images/products/villa-grinario-spannbettuch-100x200-rot/gemini_render_studio_1764715151562_1_0f7d2d876fce644a1519cac115bf6b7a.png;https://storage.googleapis.com/trendocean/products/villa-grinario-spannbettuch-100x200-rot/other_daf08a224853baef72679c12f9953002.png;https://storage.googleapis.com/avycloud-genai-images/products/villa-grinario-spannbettuch-100x200-rot/other_6b3cc9fd6974a22f97384a4d2c4d3b10.png;;;;;;;;;;;;;;Villa Grinario
449821521;Blumtal Doppelrollo Klemmfix Lila 85x155cm: Präzise Lichtregulierung ohne Bohren;2;4251897512916;SKU-6558668236;Accessoires;19.99;19 %;0;Das Blumtal Doppelrollo in elegantem Lila bietet eine stilvolle und hochfunktionale Lösung für Ihre Fenstergestaltung. Sein innovatives Design mit abwechselnd transparenten und blickdichten Streifen ermöglicht eine präzise Lichtregulierung, um die gewünschte Atmosphäre und Privatsphäre in jedem Raum zu schaffen.Gefertigt aus strapazierfähigem 100% Polyester, ist dieses Doppelrollo besonders langlebig, pflegeleicht und widerstandsfähig gegenüber täglicher Beanspruchung. Mit seinen Maßen von 85 x 155 cm bietet es effektiven Sicht-, Blend- und zuverlässigen Sonnenschutz und passt ideal für viele Standardfenster.Die Montage ist dank des innovativen Klemmfix-Systems denkbar einfach und schnell, da sie komplett ohne Bohren oder Schrauben auskommt. Im Lieferumfang sind das Doppelrollo, alle benötigten Klemmträger und eine leicht verständliche Anleitung für eine sofortige Installation enthalten, was es auch für Mietwohnungen perfekt macht.;;;;;https://storage.googleapis.com/avycloud-genai-images/products/4251897512916/gemini_render_studio_1764686266166_0_87353d32d012af81ccb94f9c4bab241d.png;https://storage.googleapis.com/avycloud-genai-images/products/4251897512916/gemini_render_studio_1764686267821_1_6d0c540a8c436063aaf8a046bece4afe.png;https://storage.googleapis.com/avycloud-genai-images/products/4251897512916/gemini_render_lifestyle_1764686287363_0_55f4d15847afedcd659bb6ca45b027ae.png;https://storage.googleapis.com/avycloud-genai-images/products/4251897512916/gemini_render_lifestyle_1764686289014_1_1f19544a8214d783320540000ff2afca.png;;;;;;;;;;;;;Blumtal
449821878;Villa Grinario Jersey Spannbettlaken 100x200 Grau Kiesel – 100% gekämmte Baumwolle, weich, atmungsaktiv & bügelfrei;2;;SKU-1230781227;Bettlaken;14.99;19 %;0;"Das Villa Grinario Spannbettlaken aus feinem Jersey bietet eine weiche und anschmiegsame Liegefläche für erholsamen Schlaf. Die atmungsaktive Qualität aus 100 % gekämmter Baumwolle sorgt das ganze Jahr über für ein angenehmes Schlafklima. Dieses Spannbettlaken ist ideal für Matratzen mit einer Breite von 90–100 cm und einer Länge von 200 cm im Standardformat 100 x 200 cm.

Dank des dauerelastischen Rundumgummis sitzt das Laken rutschfest und nahezu faltenfrei auf der Matratze. Das Material ist besonders pflegeleicht, maschinenwaschbar, bügelfrei und trocknergeeignet, wodurch es sich mühelos in den Alltag integrieren lässt.

Im Lieferumfang enthalten ist ein Jersey-Spannbettlaken in der Farbe Grau Kiesel. Bitte beachten Sie die Pflegehinweise auf dem Etikett, um die Langlebigkeit und Qualität des Lakens zu erhalten.";;;;;https://storage.googleapis.com/avycloud-product-images/products/villa-grinario-spannbettuch-100x200-grau-kiesel/other_8944f3d16ae586d459070ebd8ff43dda.png;https://storage.googleapis.com/trendocean/products/villa-grinario-spannbettuch-100x200-grau-kiesel/other_0dad71d2430f75bb1934755f3e3eac16.png;https://storage.googleapis.com/avycloud-product-images/products/villa-grinario-spannbettuch-100x200-grau-kiesel/other_8dc72e1e60a865fe00a4d844782edf76.png;https://storage.googleapis.com/avycloud-product-images/products/villa-grinario-spannbettuch-100x200-grau-kiesel/other_2126b668b5427975ea263c61a31373c3.png;;;;;;;;;;;;;Villa Grinario
449823796;Walser Hagelschutzplane Gr. M – Optimaler Schutz für Ihr Auto;2;9001778309747;SKU-9142845763;Hagelschutzplane;92.95;19 %;3.75;Die Walser Perma Protect Hagelschutzplane in Größe M bietet Ihrem Fahrzeug zuverlässigen Schutz vor Hagel, Witterungseinflüssen und Verschmutzung. Ihre innovative mehrlagige Konstruktion mit 4 mm Neopren-Schaumstoff absorbiert effektiv Hagelschläge und minimiert das Risiko von Lackschäden. Gefertigt aus einer robusten Kombination von EVA, Nitril, Polyester und PP, gewährleistet die Plane höchste Widerstandsfähigkeit. Eine wasserabweisende Außenschicht hält Nässe und Schmutz fern, während das lackschonende Soft-Fleece-Innenvlies Kratzer zuverlässig verhindert. Für einen sicheren Halt sorgen elastische Nähte, ein Gummizug und drei Befestigungsgurte, ergänzt durch reflektierende Elemente für bessere Sichtbarkeit. Im Lieferumfang enthalten sind die Hagelschutzplane, drei Befestigungsgurte und eine praktische Transporttasche für einfache Lagerung und Transport.;;;;;https://storage.googleapis.com/avycloud-product-images/products/9001778309747/other_6a712780b6b83ccb5c3d069c23c6b482.jpeg;https://storage.googleapis.com/avycloud-product-images/products/9001778309747/other_7401cc59174cde46af19dfbbd553e543.png;https://storage.googleapis.com/avycloud-product-images/products/9001778309747/other_869019ab08e79c4008bdd938df09e587.png;https://storage.googleapis.com/avycloud-product-images/products/9001778309747/other_e86ee5d387c79c99ac8c7eec61143791.png;https://storage.googleapis.com/avycloud-product-images/products/9001778309747/other_dbf3d6a6e2d226311a7ab1a7eecb3909.png;;;;;;;;;;;;WALSER
449824000;Blivrig LED Strahler 300W IP66 – Hell für Außenbereiche;2;;SKU-4017783375;LED Strahler;47.99;19 %;0;Der Blivrig LED Strahler mit 300W Leistung ist ideal für die großflächige und effiziente Beleuchtung von Außenbereichen. Er sorgt für beeindruckende Helligkeit und erhöht die Sicherheit auf Parkplätzen, Höfen oder Baustellen. Dank des robusten Aluminiumgehäuses und der IP66-Schutzart ist der Strahler extrem widerstandsfähig gegen Regen, Staub und Strahlwasser. Die hochwertige Verarbeitung gewährleistet eine lange Lebensdauer und zuverlässige Funktion unter anspruchsvollen Bedingungen. Der verstellbare Montagebügel ermöglicht eine flexible Ausrichtung an Wänden oder am Boden, was die Installation vereinfacht. Die wartungsarme LED-Technik reduziert den Betriebsaufwand und die Folgekosten nachhaltig, sodass Sie lange Freude an diesem Produkt haben werden.;;;;;https://storage.googleapis.com/trendocean/products/DQTGD01300W-300W-LED-FLOOD-1/other_2ec9cac8bbfbf5e725461be1370997d8.png;https://storage.googleapis.com/trendocean/products/DQTGD01300W-300W-LED-FLOOD-1/other_11263c9c04bb0c41010f131a5243b527.png;https://storage.googleapis.com/trendocean/products/DQTGD01300W-300W-LED-FLOOD-1/other_e21747531f3083b9189ff93cc68be891.png;https://storage.googleapis.com/trendocean/products/DQTGD01300W-300W-LED-FLOOD-1/other_e90b9565f7b076b6322a63fa7aab93d7.png;;;;;;;;;;;;;Blivrig
458453032;Canon Toner 718 Schwarz Original für gestochen scharfe Laserdrucke;2;4960999628639;SKU-6099130668;Toner;99.90;19 %;0;Die originale Canon 718 Tonerkartusche liefert professionelle Druckergebnisse für Ihr Büro oder Homeoffice. Sie sorgt mit gestochen scharfen Texten und brillanten Schwarztönen für hochwertige Ausdrucke bei jedem Einsatz. Diese Tonerkartusche ist speziell für Canon i-SENSYS Farblaserdrucker entwickelt und optimiert für perfekte Zusammenarbeit. Hochwertige Verarbeitung und feine Tonerpartikel garantieren eine gleichmäßige Farbverteilung sowie detailreiche und langlebige Ergebnisse. Im Lieferumfang befindet sich eine sofort einsatzbereite, originale Canon 718 Tonerkartusche für professionelle Qualität. Vertrauen Sie auf die bewährte Canon-Qualität und unseren zuverlässigen Kundenservice für eine reibungslose Nutzung.;;;;;https://storage.googleapis.com/prodsandjobs/products/18c83b9d-eb7b-478b-a5de-388c2f9aa63c/studio_front_decbbfd0ca4c03b43e5e6402a77847d3.png;https://storage.googleapis.com/prodsandjobs/products/18c83b9d-eb7b-478b-a5de-388c2f9aa63c/studio_detail_e9a6d2c9d49c3baf3c62e6f47fcc9e14.png;https://storage.googleapis.com/prodsandjobs/products/18c83b9d-eb7b-478b-a5de-388c2f9aa63c/studio_topdown_2358a50896b62932bc75181988de9926.png;https://storage.googleapis.com/prodsandjobs/products/18c83b9d-eb7b-478b-a5de-388c2f9aa63c/lifestyle_front_bc0e2bb4dcf489c8741c018e4c7038dc.png;https://storage.googleapis.com/prodsandjobs/products/18c83b9d-eb7b-478b-a5de-388c2f9aa63c/lifestyle_closeup_ad1dbd8708c59d61bb6d27ac0708213e.png;https://storage.googleapis.com/prodsandjobs/products/18c83b9d-eb7b-478b-a5de-388c2f9aa63c/lifestyle_inuse_51cef0c2d0e7d3e5f63833defbc82ebb.png;;;;;;;;;;;Canon
458460263;GREELUE Aufbewahrungskörbe 3er Set - Stapelbar für maximale Ordnung;2;4262409580118;SKU-3190070125;Aufbewahrung;10.99;19 %;0;Verwandeln Sie Ihr Zuhause in eine Oase der Ordnung mit den GREELUE SNK3T-WH Aufbewahrungskörben. Dieses praktische 3er-Set bietet eine effiziente Lösung, um Gegenstände in jedem Raum systematisch zu organisieren und Unordnung zu beseitigen.Gefertigt aus robustem und langlebigem PP-Kunststoff, garantieren diese Körbe hohe Widerstandsfähigkeit und sind kinderleicht zu reinigen. Das innovative perforierte Design sichert zudem eine optimale Luftzirkulation, ideal für Textilien oder Badutensilien.Im Lieferumfang sind drei stapelbare Aufbewahrungskörbe enthalten, die vielseitige Organisationsmöglichkeiten für Kleidung, Spielzeug oder Badutensilien bieten. Profitieren Sie von einer maßgeschneiderten Aufbewahrungslösung, die sich nahtlos in jede moderne Einrichtung einfügt und maximalen Nutzen verspricht.;;;;;https://storage.googleapis.com/prodsandjobs/products/4262168680118/studio_front_01aa78c86581ab87c065467723a9079f.png;https://storage.googleapis.com/prodsandjobs/products/4262168680118/studio_detail_a699958bf7746b75c7d4c486f2dde835.png;https://storage.googleapis.com/prodsandjobs/products/4262168680118/studio_topdown_024095d882824963446aa9efa865a8fb.png;https://storage.googleapis.com/prodsandjobs/products/4262168680118/lifestyle_front_04b92ea840a87787d1c746ce214dba3d.png;https://storage.googleapis.com/prodsandjobs/products/4262168680118/lifestyle_closeup_e2b784cbf173d6caaef23c38f82cf348.png;https://storage.googleapis.com/prodsandjobs/products/4262168680118/lifestyle_inuse_f559a01bd66696fa036a2f14b624f588.png;;;;;;;;;;;GREELUE
458467745;Shelly Smart Switch mit präziser Leistungsmessung für Ihr Smart Home;2;3800235261590;SKU-1066852367;Schalter;13.99;19 %;0;Der Shelly 1PM Mini Gen3 ist ein extrem kompakter WLAN-Smart-Switch, der eine präzise Leistungsmessung integriert. Er ermöglicht die intelligente Steuerung Ihrer elektrischen Geräte und hilft, versteckte Stromfresser zu identifizieren, um Energieverbrauch und Kosten effizient zu optimieren.Dieser Smart Switch ist aus hochwertigen Materialien gefertigt und garantiert eine zuverlässige sowie langlebige Leistung für Ihr Zuhause oder Büro. Dank integrierter WLAN- und Bluetooth-Konnektivität lässt er sich nahtlos in bestehende Smart-Home-Systeme einbinden und ermöglicht eine komfortable Steuerung per App oder Sprachbefehl.Der Lieferumfang beinhaltet den Shelly 1PM Mini Gen3 Smart Switch, der für eine schnelle und unkomplizierte Installation vorbereitet ist. Für eine optimale Nutzung und Sicherheit beachten Sie bitte die beiliegende Anleitung und lassen Sie die Installation gegebenenfalls von einem Fachmann durchführen.;;;;;https://storage.googleapis.com/prodsandjobs/products/SKU-1066852367/studio_detail_21a3c8f5d4e36f46b28b62138bf7d926.png;https://storage.googleapis.com/prodsandjobs/products/SKU-1066852367/lifestyle_front_3e6062821df978eda617374f869b4846.png;https://storage.googleapis.com/prodsandjobs/products/SKU-1066852367/lifestyle_closeup_3d1d2e72de2a64f7aded256a680ab02e.png;https://storage.googleapis.com/prodsandjobs/products/SKU-1066852367/lifestyle_inuse_546c3ffaf798087a94ef4b3d09b7efe9.png;https://storage.googleapis.com/prodsandjobs/products/7188eabc-0712-4bc6-9998-5967b1c08eb0/gemini_render_lifestyle_inuse_1765303885027_0_fe0754a8327634b7c606ada223c47474.png;;;;;;;;;;;;Shelly
458469804;Kompatibel Tonerpatrone Schwarz für Brother – Gestochen scharfe Texte;2;8718891015578;SKU-7948301538;Tinte, Toner & Papier;45.99;19 %;0;Diese kompatible Tonerpatrone in Schwarz liefert gestochen scharfe Texte und brillante Grafiken für Ihre Brother Laserdrucker. Sie wurde speziell für zuverlässige Leistung und professionelle Druckergebnisse entwickelt, um Ihre Erwartungen stets zu übertreffen.Hergestellt aus hochwertigen Komponenten, garantiert diese Patrone eine lange Lebensdauer und schützt Ihren Drucker effektiv vor Verschleiß. Im Lieferumfang ist eine gebrauchsfertige Tonerpatrone enthalten, die eine einfache und schnelle Installation ermöglicht.Profitieren Sie von einer kostengünstigen Drucklösung ohne Kompromisse bei der Qualität und reduzieren Sie gleichzeitig Ihre Betriebskosten erheblich. Diese Patrone ist mit einer Vielzahl von Brother HL- und MFC-Druckermodellen kompatibel und bietet eine umweltfreundliche Alternative zu Originalprodukten.;;;;;https://kontorikaubad.ee/sites/default/files/styles/large/public/product-images/bro/bro-chtn423m-0-b7fcb088-bc8f-48b7-82d0-0f7a3af913f1.jpg?itok=YNpbV87x;https://www.voordeeltoners.nl/wp-content/uploads/2021/12/tmpE811.jpg;https://tonerlux.dk/wp-content/uploads/2021/05/komp_brother_tn326.jpg;;;;;;;;;;;;;;Kompatibel
458470419;Jolly Füllhalter Superinky Start: Ergonomisch für Schreibanfänger;2;9014400100650;SKU-0403766178;Füllhalter & Schreibgeräte;11.99;19 %;0;Der Jolly Superinky Start Füllhalter wurde speziell für Schreibanfänger entwickelt, um eine optimale Stifthaltung zu fördern. Seine ergonomische Form ermöglicht ein entspanntes und flüssiges Schreiberlebnis von der ersten Linie an.Gefertigt aus robustem Kunststoff, garantiert dieser Füllhalter Langlebigkeit und zuverlässige Leistung im Schulalltag. Die widerstandsfähige Feder gleitet sanft über das Papier und sorgt für ein gleichmäßiges, sauberes Schriftbild.Für den sofortigen Start sind passende Tintenpatronen bereits im Lieferumfang enthalten, sodass keine zusätzlichen Anschaffungen nötig sind. Die unkomplizierte Reinigung und Pflege unterstützt die Entwicklung einer klaren Handschrift und macht ihn zu einem verlässlichen Begleiter.;;;;;https://storage.googleapis.com/prodsandjobs/products/9014400100650/studio_topdown_f6fc1bc6299de2d077a824e0852a80b4.png;https://storage.googleapis.com/prodsandjobs/products/9014400100650/studio_detail_020a3554483a22424b38295b17b4dbc9.png;https://storage.googleapis.com/prodsandjobs/products/9014400100650/lifestyle_front_829a0c9094be9c849f30190d2b881d82.png;https://storage.googleapis.com/prodsandjobs/products/9014400100650/lifestyle_closeup_2cdd2b4a0538d386e50d671ede25dd6b.png;https://storage.googleapis.com/prodsandjobs/products/9014400100650/lifestyle_inuse_97e645426ff8c3636ef2ad86f583ed54.png;;;;;;;;;;;;Jolly
458512998;Rohema Drumsticks Premium Holz für Präzision & Langlebigkeit;2;;SKU-7998641824;Schlaginstrumente;0.00;19 %;0;Diese Rohema Premium Holz Drumsticks bieten Schlagzeugern aller Stilrichtungen eine herausragende Balance und ein äußerst angenehmes Spielgefühl. Sie sind perfekt für anspruchsvolle Proben, intensive Studio-Sessions und mitreißende Live-Auftritte geeignet.Gefertigt aus sorgfältig ausgewähltem Premium-Holz, garantieren diese in Deutschland hergestellten Sticks eine außergewöhnliche Langlebigkeit und stets konsistente Performance. Die präzise Verarbeitung und die Verwendung erstklassiger Materialien gewährleisten höchste Zuverlässigkeit und einen unvergleichlichen Klang bei jedem Einsatz.Sie erhalten ein Paar dieser hochwertigen Drumsticks, die sofort einsatzbereit sind und Ihr Schlagzeugset optimal ergänzen. Für eine maximale Lebensdauer empfiehlt sich die Lagerung bei Raumtemperatur und der Schutz vor extremer Feuchtigkeit.;;;;;https://storage.googleapis.com/prodsandjobs/products/2d04e11c-2c30-40e4-958d-b0ec03de0da5/gemini_render_studio_front_1765046116935_0_e4bbcf8c04ad84bd2d12df7c0a42585e.png;https://storage.googleapis.com/prodsandjobs/products/2d04e11c-2c30-40e4-958d-b0ec03de0da5/gemini_render_lifestyle_closeup_1765046155073_0_41af699260d3856782c750c102dde0fc.png;https://storage.googleapis.com/prodsandjobs/products/2d04e11c-2c30-40e4-958d-b0ec03de0da5/gemini_render_lifestyle_front_1765046147004_0_9e1675244e2dbf7774b5696533e1262f.png;https://storage.googleapis.com/prodsandjobs/products/2d04e11c-2c30-40e4-958d-b0ec03de0da5/gemini_render_lifestyle_inuse_1765046165318_0_70a8ead2a0c537b4682b247a925cdbaf.png;;;;;;;;;;;;;Rohema
458514311;Success Courier Pumpensteuerung DSK-1 für konstanten Wasserdruck & Trockenlaufschutz;2;6431619024;SKU-3963918245;Pumpensteuerungen;45.00;19 %;0;Die Success Courier Pumpensteuerung DSK-1 gewährleistet stets optimalen Wasserdruck und schützt Ihre Pumpe effektiv vor Trockenlauf. Dies steigert den Wohnkomfort erheblich und verlängert gleichzeitig die Lebensdauer Ihrer gesamten Anlage spürbar.Das robuste Kunststoffgehäuse mit IP65-Schutzart ermöglicht einen sicheren und langlebigen Einsatz in anspruchsvollen Umgebungen. Die einfache Installation erfolgt über genormte 1-Zoll-Anschlüsse sowie eine praktische Schuko-Stecker- und -Kupplungsverbindung.Im Lieferumfang ist die Success Courier Pumpensteuerung DSK-1 enthalten, bereit für den sofortigen Einsatz. Für alle weiteren Fragen oder bei Bedarf steht Ihnen unser engagierter Kundenservice jederzeit gerne zur Verfügung.;;;;;https://storage.googleapis.com/prodsandjobs/products/6431619024/other_aa7bc8ee83820a1cf39c31f03610f65d.jpeg;https://storage.googleapis.com/prodsandjobs/products/6431619024/other_548b11a1b4d4a58cd2eb4e3b98f0dad5.jpeg;;;;;;;;;;;;;;;Success Courier
458515360;Jolly Kreidehalter Set – Hygienischer Schutz & Bruchschutz für Kreide;2;9014400124540;SKU-9035689627;Schulbedarf;9.15;19 %;0;Das Jolly Kreidehalter Set schützt Ihre Hände zuverlässig vor Kreidestaub und verlängert die Lebensdauer Ihrer Tafelkreide erheblich. Gefertigt aus hochwertigem, strapazierfähigem Kunststoff, bietet es eine hygienische und bruchsichere Lösung für den täglichen Gebrauch.Diese langlebigen Kreidehalter sind mühelos zu reinigen und verfügen über ein ergonomisches Design für einen komfortablen und sicheren Griff. Der intuitive Mechanismus ermöglicht zudem einen schnellen und unkomplizierten Kreidewechsel, was die Handhabung optimiert.Im Lieferumfang enthalten sind sechs erstklassige Kreidehalter in leuchtendem Gelb, ideal passend für Standard-Tafelkreide. Unser engagierter Kundenservice steht Ihnen jederzeit für Fragen und Unterstützung zur Verfügung, um ein optimales Nutzungserlebnis zu gewährleisten.;;;;;https://storage.googleapis.com/prodsandjobs/products/9014400124540/studio_front_ccf3eecfa6dad7014d1a18de6c8b3bd8.png;https://storage.googleapis.com/prodsandjobs/products/9014400124540/studio_detail_93e0aa1a128a09f11ab284699bff48ac.png;https://storage.googleapis.com/prodsandjobs/products/9014400124540/lifestyle_front_e3f4ad08cb86e62727f37f6ef611371a.png;https://storage.googleapis.com/prodsandjobs/products/9014400124540/lifestyle_closeup_db86fe6fa314ceb28a7a753be8abef8b.png;https://storage.googleapis.com/prodsandjobs/products/9014400124540/lifestyle_inuse_00aa9f9ad76fd6ec0f0b505f095ec650.png;;;;;;;;;;;;Jolly
458518756;Kiepenheuer & Witsch Sachbuch: Angela Merkels 'Freiheit' – Signierte Ausgabe;2;9783462005134;SKU-5638382329;Sachbuch;42.00;19 %;0;Tauchen Sie ein in Angela Merkels wegweisende Autobiografie 'Freiheit' und erhalten Sie einzigartige Einblicke in ihre prägende Kanzlerschaft. Dieses umfassende Sachbuch beleuchtet entscheidende Momente deutscher und europäischer Politik aus erster Hand und bietet eine persönliche Perspektive auf historische Ereignisse. Die hochwertige Hardcover-Ausgabe des renommierten Kiepenheuer & Witsch Verlags garantiert Langlebigkeit und ein angenehmes Leseerlebnis über 736 Seiten. Gefertigt aus strapazierfähigem Papier, stellt dieses Werk eine wertvolle Ergänzung für jede Bibliothek dar und besticht durch seine robuste Verarbeitung. Sie erwerben die exklusive, persönlich signierte Sammlerausgabe, welche dieses Werk zu einem einzigartigen Zeitdokument für anspruchsvolle Leser macht. Der Lieferumfang umfasst ein Exemplar des signierten Hardcovers, das lediglich eine sorgfältige Aufbewahrung für den langfristigen Werterhalt benötigt.;;;;;https://storage.googleapis.com/prodsandjobs/products/a99a4149-8b94-4560-91be-df6545d1a5ef/other_f0a14d563ee69f7534de37b348bb385f.webp;;;;;;;;;;;;;;;;Kiepenheuer & Witsch
458519090;Canon Toner 057H Schwarz für professionelle Druckergebnisse & 10.000 Seiten;2;4549292136302;SKU-7892887285;Toner;128.98;19 %;0;Die originale Canon 057H Tonerkartusche in Schwarz liefert stets professionelle Druckergebnisse mit gestochen scharfen Texten und präzisen Grafiken. Sie ist die ideale Lösung für anspruchsvolle Büroumgebungen und Homeoffices, die höchste Qualität und maximale Effizienz fordern.Diese High-Capacity-Tonerkartusche wurde speziell für Canon i-SENSYS LBP220/230 und MF440/450 Serien entwickelt, um optimale Druckqualität und absolute Zuverlässigkeit zu gewährleisten. Mit einer beeindruckenden Reichweite von bis zu 10.000 Seiten minimieren Sie Tonerwechsel und optimieren Ihre Betriebskosten erheblich.Die Installation der Original Canon 057H Tonerkartusche ist denkbar einfach und schnell erledigt, sodass Sie umgehend mit Ihren Druckaufgaben fortfahren können. Durch die Verwendung von Original Canon Verbrauchsmaterialien schützen Sie Ihren Drucker effektiv vor Beschädigungen und tragen maßgeblich zur Verlängerung seiner Lebensdauer bei.;;;;;https://storage.googleapis.com/prodsandjobs/products/bbb77d85-7a8f-40b4-a3e2-e8ea469fe7cb/studio_front_0507a984485299a55d28181632d9d7ba.png;https://storage.googleapis.com/prodsandjobs/products/bbb77d85-7a8f-40b4-a3e2-e8ea469fe7cb/studio_detail_6f7d0a1378f61f76f85ffd20a538b210.png;https://storage.googleapis.com/prodsandjobs/products/bbb77d85-7a8f-40b4-a3e2-e8ea469fe7cb/studio_topdown_e5fd97d3f2da2d721c23d78121a03d33.png;https://storage.googleapis.com/prodsandjobs/products/bbb77d85-7a8f-40b4-a3e2-e8ea469fe7cb/lifestyle_front_5d1d3b41d16a131b47e5b05ecf0b6884.png;https://storage.googleapis.com/prodsandjobs/products/bbb77d85-7a8f-40b4-a3e2-e8ea469fe7cb/lifestyle_closeup_4a8b0f22400ce596030fc1a493426db0.png;https://storage.googleapis.com/prodsandjobs/products/bbb77d85-7a8f-40b4-a3e2-e8ea469fe7cb/lifestyle_inuse_0aeda89707c37f4d26742f0d52b61d5a.png;;;;;;;;;;;Canon
449821228;RAVENOL Sägekettenöl S-85 5 l;3;4014835742154;SKU-9073986145;Sägekettenöl;29.95;19 %;0;RAVENOL Sägekettenöl S-85 ist ein mineralisches Sägekettenöl im 5-Liter-Kanister für Motor-, Elektro- und Rettungssägen. Es bietet eine haftstarke Schmierung, reduziert Verschleiß an Kette und Schwert und ist für den privaten wie professionellen Einsatz im Forst- und Gartenbereich geeignet.;;;;;https://storage.googleapis.com/trendocean/products/4014835742154/other_6528e38a810953923e174ff156439565.png;https://storage.googleapis.com/trendocean/products/4014835742154/other_cb65ca8df994a33378ce81463b0ea395.png;https://storage.googleapis.com/trendocean/products/4014835742154/other_ef4bff136c0aadf28735c756999d7af9.png;https://storage.googleapis.com/trendocean/products/4014835742154/other_4df0af225727e655d946a3b06c131083.png;;;;;;;;;;;;;Ravenol
449821704;Villa Grinario Jersey-Spannbettlaken: Faltenfreier Sitz & optimaler Schlafkomfort;3;2060004998275;SKU-0310087435;Bettwaren, -wäsche & Matratzen;14.99;19 %;0;Erleben Sie unvergleichlichen Schlafkomfort mit dem Villa Grinario Jersey-Spannbettlaken, gefertigt aus 100% hochwertiger, weicher Baumwolle, die sanft Ihre Haut umschmeichelt für erholsame Nächte. Der innovative Rundumgummizug gewährleistet einen stets faltenfreien und sicheren Sitz auf Ihrer Matratze, was das Beziehen mühelos gestaltet. Dank des elastischen Jersey-Gewebes passt sich dieses Spannbettlaken optimal an Matratzen von 90-100 x 200 cm an und bewahrt dabei stets seine perfekte Form. Dieses Qualitätsprodukt ist bei 60°C maschinenwaschbar und trocknergeeignet, was höchste Hygiene und Komfort sicherstellt. Der Lieferumfang umfasst ein hochwertiges Spannbettlaken, das langlebige Qualität und ein dauerhaft frisches Schlafambiente garantiert.;;;;;https://storage.googleapis.com/prodsandjobs/products/2060004998275/other_2a341713c96e9bfa889558564e506a13.webp;https://storage.googleapis.com/prodsandjobs/products/2060004998275/gemini_render_studio_topdown_1765302046267_0_f74ea07d7d31d6875d42a6d78c80c28e.png;https://storage.googleapis.com/prodsandjobs/products/2060004998275/gemini_render_lifestyle_closeup_1765302071829_0_f093b93fb518c5d508b0dcc55f74e124.png;https://storage.googleapis.com/prodsandjobs/products/2060004998275/gemini_render_lifestyle_inuse_1765302082653_0_7a6418b1b0acbae2fac732f249179c1d.png;;;;;;;;;;;;;Villa Grinario
449821837;Villa Grinario Jersey-Spannbettuch 100x200 cm, Blau – 100% gekämmte Baumwolle, bügelfrei;3;;SKU-4204090012;Bettlaken;14.99;19 %;0;Das Villa Grinario Jersey-Spannbettuch in klassischem Blau ist die ideale Wahl für Standardmatratzen der Größe 100 x 200 cm. Es bietet dank seines weichen Materials und des perfekten Sitzes einen hohen Schlafkomfort und trägt zu einer entspannten Nachtruhe bei. Gefertigt aus 100 % gekämmter Baumwolle, fühlt sich das Laken besonders angenehm auf der Haut an und ist zudem atmungsaktiv. Der umlaufende Gummizug sorgt dafür, dass das Spannbettuch stets faltenfrei und sicher auf der Matratze sitzt, ohne zu verrutschen. Dieses hochwertige Spannbettuch ist äußerst pflegeleicht und kann problemlos in der Maschine gewaschen sowie im Trockner getrocknet werden. Es ist bügelfrei und behält auch nach vielen Wäschen seine Form und Farbe, was es zu einem langlebigen Begleiter macht.;;;;;https://storage.googleapis.com/avycloud-product-images/products/villa-grinario-spannbettuch-100x200-blau/other_3dc55b022429a3c71a86113204355fc8.png;https://storage.googleapis.com/avycloud-product-images/products/villa-grinario-spannbettuch-100x200-blau/other_0956945ea672d8fddee1e27c46581263.png;https://storage.googleapis.com/avycloud-product-images/products/villa-grinario-spannbettuch-100x200-blau/other_355b7ba6badf900fd63cd38149731a9d.png;https://storage.googleapis.com/avycloud-product-images/products/villa-grinario-spannbettuch-100x200-blau/other_165d4aa84f3de8e1588f3b80575fdc20.png;https://storage.googleapis.com/avycloud-product-images/products/villa-grinario-spannbettuch-100x200-blau/other_165d4aa84f3de8e1588f3b80575fdc20.png;;;;;;;;;;;;Villa Grinario
449822177;Philips LED Hallenleuchte 200W, 35000lm, Extrem Hell & Energieeffizient;3;8720707001286;SKU-5799111421;Hallenleuchte;64.90;19 %;0;Die Philips LED Hallenleuchte 200W revolutioniert die Beleuchtung in Lager-, Industrie- und Produktionsbereichen durch ihre außergewöhnliche Leistung. Mit 35.000 Lumen und tageslichtweißem 6500 K Licht sorgt sie für eine extrem helle und gleichmäßige Ausleuchtung, die den Sichtkomfort und die Produktivität signifikant steigert.Das robuste Aluminiumgehäuse im kompakten UFO-Design gewährleistet dank effizientem Wärmemanagement eine außergewöhnlich lange Lebensdauer von bis zu 50.000 Stunden. Ausgestattet mit hochwertigen Lumileds-LED-Chips und einem zuverlässigen Philips-Treiber, bietet diese Leuchte flackerfreies Licht, eine Energieeffizienz von 175 lm/W und einen breiten 120°-Abstrahlwinkel.Im Lieferumfang enthalten ist die schwarze LED-Hallenleuchte mit einer vormontierten Aufhängeöse für eine schnelle und unkomplizierte Hängemontage, geeignet für 220–240 V Netzspannung. Für die sichere elektrische Installation und optimale Funktion wird die Beauftragung einer qualifizierten Fachkraft dringend empfohlen, um höchste Sicherheit zu gewährleisten.;;;;;https://storage.googleapis.com/avycloud-product-images/products/8720707001286/other_edb19f2657730f37faf63002d6fd76a2.png;https://storage.googleapis.com/avycloud-product-images/products/8720707001286/other_eb776cd94ffd354a2176289cba5809cd.png;https://storage.googleapis.com/avycloud-product-images/products/8720707001286/other_0660f027dae8fa7eab4d1b4cdbd60f2a.png;https://storage.googleapis.com/avycloud-product-images/products/8720707001286/other_7c236d90099df4ca33d5788b6c3ce0d0.png;https://storage.googleapis.com/avycloud-product-images/products/8720707001286/other_5dcca2a81310b23f5df56b2a7c188398.png;;;;;;;;;;;;Philips
449824370;Aqua Marina SUP Board Breeze Set – Allround, Stabil, Komplett für Einsteiger;3;;SKU-8605082485;Ausrüstung;224.00;19 %;0;Das Aqua Marina Breeze SUP Board ist der ideale Begleiter für Einsteiger und fortgeschrittene Paddler, die ein vielseitiges Allround-Erlebnis auf dem Wasser suchen. Seine stabile und benutzerfreundliche Konstruktion garantiert ein hervorragendes Fahrerlebnis auf ruhigen Gewässern wie Seen, Flüssen und Küstengewässern.Dieses hochwertige, aufblasbare SUP-Board besticht durch seine robuste Drop-Stitch-Technologie, die für extreme Steifigkeit und außergewöhnliche Langlebigkeit sorgt. Ein komfortables, rutschfestes EVA-Deckpad gewährleistet zudem sicheren Stand und zusätzlichen Komfort während jeder Paddeltour.Der umfangreiche Lieferumfang beinhaltet ein komplettes Zubehör-Set für den sofortigen Start ins Paddelvergnügen, bestehend aus Paddel, Pumpe, Finne, Leash und Rucksack. Dank des geringen Gewichts und der kompakten Packmaße ist das Board mühelos zu transportieren und platzsparend zu lagern, wobei unser engagierter Kundenservice Ihnen bei Fragen jederzeit gerne zur Verfügung steht.;;;;;https://storage.googleapis.com/trendocean/products/AquaMarina-Breeze-300x76-unknown-GTIN/other_54434464e315a561660bca00134c5e28.png;https://storage.googleapis.com/trendocean/products/AquaMarina-Breeze-300x76-unknown-GTIN/other_1d7fd18ba1c5350e6fc847bef33b5fb4.png;https://storage.googleapis.com/trendocean/products/AquaMarina-Breeze-300x76-unknown-GTIN/other_ad1fe06299330150482b6252fb38708f.png;https://storage.googleapis.com/trendocean/products/AquaMarina-Breeze-300x76-unknown-GTIN/other_888f2ddfd8220b423cd0ca9d6b8d4c70.png;https://storage.googleapis.com/trendocean/products/AquaMarina-Breeze-300x76-unknown-GTIN/other_608a9aa0c06719adcd49a029ecb935ad.png;;;;;;;;;;;;Aqua Marina
458470427;Jolly Graphit Bleistifte Kinderfest – Robust & Sicher für Kinder;3;9014400105389;SKU-4679981655;Schreibwaren;6.77;19 %;0;Die Jolly Graphit Bleistifte Kinderfest sind speziell für junge Künstler und Schüler entwickelt, um sichere und kreative Schreib- und Zeichenerlebnisse zu ermöglichen. Ihre robuste Konstruktion fördert spielerisch die Feinmotorik und Kreativität, was sie zum idealen Begleiter im Schulalltag macht.Dieses umfassende 12er Set bietet eine extrem robuste 3,8 mm Graphitmine, die auch intensivem Gebrauch standhält und langanhaltende Freude am kreativen Schaffen garantiert. Gefertigt aus nachhaltigem Holz und hochwertigem Graphit, sind diese Bleistifte eine zuverlässige Ausstattung für alle kreativen Projekte.Die Bleistifte erfüllen strenge CE EN 71/3 Sicherheitsstandards und sind somit eine sichere Wahl für Kinder ab 5 Jahren, was Eltern beruhigt. Vertrauen Sie auf die bewährte Jolly Markenqualität, hergestellt von Brevillier in Österreich, für höchste Zuverlässigkeit und Langlebigkeit.;;;;;https://storage.googleapis.com/prodsandjobs/products/9014400105389/lifestyle_closeup_49dcf2ab956377346e308e25d4363f5f.png;https://storage.googleapis.com/prodsandjobs/products/9014400105389/studio_front_c50b56c584e57fd20bf283c6952453d7.png;https://storage.googleapis.com/prodsandjobs/products/9014400105389/lifestyle_front_b6eee02c36875f7733ebb1631191c8af.png;https://storage.googleapis.com/prodsandjobs/products/9014400105389/lifestyle_inuse_af81ce792801c16a6a7b526d2ed8b3ae.png;;;;;;;;;;;;;Jolly
458514654;Dexcom G6 Sensoren 3er-Pack: Echtzeit-Glukose für präzises Diabetes;3;;SKU-2135446963;Medizinische Geräte;184.77;19 %;0;Das Dexcom G6 System bietet präzise Glukosewerte in Echtzeit, was Ihre Sicherheit und Flexibilität im Alltag verbessert. Diese kontinuierliche Überwachung ermöglicht proaktives Handeln und erleichtert Ihren Alltag spürbar. Jeder Dexcom G6 Sensor ist für eine einfache, nahezu schmerzfreie Anbringung mittels eines sterilen, latexfreien Einweg-Applikators konzipiert. Dieses Angebot umfasst drei hochwertige Sensoren, die jeweils eine Tragedauer von bis zu zehn Tagen ermöglichen und sich nahtlos in Ihr bestehendes Dexcom G6 System integrieren. Für eine optimale und sichere Nutzung ist es unerlässlich, die detaillierte Gebrauchsanweisung sorgfältig zu beachten, um die volle Funktionalität des Systems zu gewährleisten. Bei spezifischen Fragen zur Anwendung oder zu medizinischen Aspekten konsultieren Sie bitte stets Ihren Arzt oder Apotheker für eine individuelle Beratung.;;;;;https://storage.googleapis.com/prodsandjobs/products/7e83322c-3ad7-4210-bcfb-8069ae09aa03/gemini_render_studio_detail_1765289712295_0_7109c9119718dabb88fe979ade34b24e.png;https://storage.googleapis.com/prodsandjobs/products/7e83322c-3ad7-4210-bcfb-8069ae09aa03/gemini_render_lifestyle_front_1765289738128_0_ccd4a4c9b966951f4235b5c2367d4fc1.png;https://storage.googleapis.com/prodsandjobs/products/7e83322c-3ad7-4210-bcfb-8069ae09aa03/gemini_render_lifestyle_closeup_1765289748620_0_ad18234f07a24d41d0b4a6994c5af662.png;https://storage.googleapis.com/prodsandjobs/products/7e83322c-3ad7-4210-bcfb-8069ae09aa03/gemini_render_lifestyle_inuse_1765289757670_0_e90c3129056fa3fe25403ba712ca6387.png;;;;;;;;;;;;;Dexcom
449821438;Topeak Bento Pack, Oberrohrtasche 0,85 L (TC2333B);4;;SKU-0651722148;Fahrradtasche / Oberrohrtasche;19.99;19 %;0;Kompakte Oberrohrtasche Topeak Bento Pack (Art.-Nr. TC2333B) zur Montage am Vorbau/Oberrohr mit Innenorganisation und zusätzlichem Fach für Powerbank oder Zubehör.;;;;;https://storage.googleapis.com/avycloud-product-images/products/topeak-tc2333b/other_3d9f14b394c8384c04844e375778d696.png;https://storage.googleapis.com/avycloud-product-images/products/topeak-tc2333b/other_fcd1e4c1c97a97c3498591b00b3f5c4c.png;https://storage.googleapis.com/avycloud-product-images/products/topeak-tc2333b/other_e29522d64847b3ebf09e8d11805069fb.png;;;;;;;;;;;;;;Topeak
458453073;CENTA-STAR Bettdecke Royal Classic für ganzjährigen, erholsamen Schlaf;4;4001969182901;SKU-6586579725;Bettdecken;299.00;19 %;0;"Erleben Sie unvergleichlichen Schlafkomfort mit der CENTA-STAR Royal Classic Bettdecke, die für tiefen, erholsamen Schlaf konzipiert wurde. Sie schafft eine kuschelig-warme Wohlfühltemperatur und ist ideal für ganzjährigen Schlafgenuss.Das Herzstück bildet eine innovative Füllung aus High-Tech-Faser und Primaloft Bio, die exzellente Isolation und ein stets trockenes Schlafklima gewährleistet. Die atmungsaktive Materialzusammensetzung transportiert Feuchtigkeit effizient ab und garantiert so ein behagliches und hygienisches Schlafumfeld.Diese Bettdecke überzeugt zudem durch ihre herausragende Pflegeleichtigkeit und ist problemlos in der Waschmaschine reinigbar. Sie ist dank ihrer hypoallergenen Eigenschaften eine ausgezeichnete Wahl für Allergiker; der Lieferumfang umfasst eine hochwertige Bettdecke in der Größe 135 x 200 cm.";;;;;https://storage.googleapis.com/prodsandjobs/products/4001969182901/studio_detail_30772db51be7006bcef11fc536ba9042.png;https://storage.googleapis.com/prodsandjobs/products/4001969182901/studio_front_50b02aa4bb011baa65a53254cf90ed9b.png;https://storage.googleapis.com/prodsandjobs/products/4001969182901/lifestyle_front_1081f4841fdd5d4fadd16398cd543867.png;https://storage.googleapis.com/prodsandjobs/products/4001969182901/lifestyle_closeup_c413f5703c764154bca73a862c4aa2fc.png;https://storage.googleapis.com/prodsandjobs/products/4001969182901/lifestyle_inuse_86ba96ed52c73efd3b36f08e8ed2557f.png;;;;;;;;;;;;CENTA-STAR
449821266;Topeak Weatherproof DynaWedge Strap Mount - Large (0.6 L);6;4710069709269;SKU-4996518676;Satteltasche / Fahrrad-Zubehör;25.95;19 %;0;Wetterfeste Satteltasche Topeak Weatherproof DynaWedge - Large, Volumen ca. 0,6 L, Strap-Montage unter dem Sattel, aerodynamische Form.;;;;;https://storage.googleapis.com/trendocean/products/4710069709269/other_c6ba3dd04a767eb4525d63ae68d52a39.png;https://storage.googleapis.com/trendocean/products/4710069709269/other_0f84ae38698794ab2111477ff622710a.png;https://images.bike24.com/i/mb/3a/df/db/15000056-weatherproof-dynawedge-strap-mount-large-satteltasche-4-1618986.jpg;https://images.bike24.com/i/mb/ac/cf/b7/15000056-weatherproof-dynawedge-strap-mount-large-satteltasche-5-1618987.jpg;;;;;;;;;;;;;Topeak
458453067;Hermès Terre d'Hermès Eau de Toilette – Zeitlos eleganter Herrenduft;6;3346130009603;SKU-3818412905;Herren;69.49;19 %;0;Das Hermès Terre d'Hermès Eau de Toilette verkörpert eine zeitlose Eleganz für den modernen, selbstbewussten Mann. Dieser markante Duft hinterlässt bei jedem Anlass einen unvergesslichen Eindruck und unterstreicht Ihre natürliche Präsenz.Die holzig-würzige Duftkomposition vereint erfrischende Zitrusnoten mit mineralischen Akzenten, abgerundet durch tiefgründiges Zedernholz und Vetiver. Seine langanhaltende Formulierung sorgt für eine subtile, aber beständige Präsenz über viele Stunden hinweg.Sie erhalten ein Original Hermès Eau de Toilette in der 100 ml Sprühflasche, welches höchste Parfümkunst aus Frankreich repräsentiert. Der integrierte Zerstäuber gewährleistet eine feine und gleichmäßige Anwendung für eine optimale Duftentfaltung.;;;;;https://storage.googleapis.com/prodsandjobs/products/3346130009603/studio_detail_1867f5c63774d0198bc6b75d50ee66e7.png;https://storage.googleapis.com/prodsandjobs/products/3346130009603/lifestyle_front_7571ae0fe4f228e7a0a3973139194350.png;https://storage.googleapis.com/prodsandjobs/products/3346130009603/lifestyle_closeup_942b22b98bd9768f9a48e7e5fefa9bd8.png;https://storage.googleapis.com/prodsandjobs/products/3346130009603/lifestyle_inuse_4fc3b2ab4252090a71c68762c2bf01ed.png;;;;;;;;;;;;;Hermès
458470425;Jolly Superstars One Fasermaler 12 Farben auswaschbar für Kinder Made in Austria;6;9014400105341;SKU-5658638116;Filzstifte;7.38;19 %;0;Die Jolly Superstars One Fasermaler sind die perfekte Wahl für junge Künstler, um Kreativität und Feinmotorik spielerisch zu fördern. Ideal für Schule, Kindergarten und Zuhause, bieten sie eine sichere und inspirierende Malumgebung. Die innovative, auswaschbare Tinte ermöglicht eine mühelose Reinigung von Textilien und Oberflächen, was Eltern im Alltag spürbar entlastet. Gefertigt in Österreich unter höchsten Qualitätsstandards, garantieren diese Filzstifte langanhaltenden Malspaß und Sicherheit. Das Set enthält 12 brillante, sofort einsatzbereite Farben, die vielfältige Gestaltungsmöglichkeiten eröffnen und die Fantasie anregen. Die ergonomische Form und robuste Spitze sorgen für komfortablen Halt sowie einen gleichmäßigen Farbauftrag, stets unter Einhaltung strengster Sicherheitsstandards.;;;;;https://storage.googleapis.com/prodsandjobs/products/9014400105341/studio_front_3ce7968bfe96a6c765997ca55280a0eb.png;https://storage.googleapis.com/prodsandjobs/products/9014400105341/studio_detail_e9237435effac288c8dc7124ce5f42d6.png;https://storage.googleapis.com/prodsandjobs/products/9014400105341/lifestyle_front_9777f079c61bf44cb7b4ecc22bcce4ba.png;https://storage.googleapis.com/prodsandjobs/products/9014400105341/lifestyle_closeup_b05ba8f8cf44472722a2a326536f8113.png;https://storage.googleapis.com/prodsandjobs/products/9014400105341/lifestyle_inuse_687dbb5027b843c45a7a5f5152d25ccb.png;;;;;;;;;;;;Jolly
458470428;Jolly Schulpinsel-Set 6-teilig – Ergonomisch, für kreatives Malen;6;9014400281687;SKU-5320447988;Malen & Zeichnen;13.29;19 %;0;Das Jolly Neon Schulpinsel-Set fördert den Spaß am Malen und kreativen Gestalten für junge Künstler in Schule und Freizeit. Die ergonomisch geformten Griffe in leuchtenden Neonfarben liegen optimal in Kinderhänden und unterstützen präzises Arbeiten.Dieses vielseitige 6-teilige Set wurde speziell für den Schulalltag entwickelt und bietet drei flache sowie drei runde Pinsel in verschiedenen Größen für diverse Maltechniken. Die robusten Synthetikborsten sind langlebig und behalten ihre Form, während die farbigen Kunststoffgriffe eine einfache Unterscheidung ermöglichen.Der Lieferumfang umfasst sechs hochwertige Pinsel, die sich perfekt für Wasserfarben, Tempera und Acrylfarben eignen. Nach Gebrauch lassen sich die Pinsel mühelos reinigen, was eine einfache Pflege und langanhaltende Freude am Malen garantiert.;;;;;https://storage.googleapis.com/prodsandjobs/products/9014400281687/studio_front_d1bb819c96658e86ca7c6a3ced1661d9.png;https://storage.googleapis.com/prodsandjobs/products/9014400281687/lifestyle_front_67a2dfc0df5d7ffc646311191967514d.png;https://storage.googleapis.com/prodsandjobs/products/9014400281687/lifestyle_closeup_f590917f3ce02db48afe77026cc8f7a9.png;https://storage.googleapis.com/prodsandjobs/products/9014400281687/lifestyle_inuse_4b1ec4d1f8997d9e9fe88f139505b624.png;;;;;;;;;;;;;Jolly
458470408;Jolly Superwaxies Aqua Wachsmalstifte, wasservermalbar, 10 Farben;7;9014400035983;SKU-9454243198;Basteln & Kreativität;9.55;19 %;0;Die Jolly Superwaxies Aqua Wachsmalstifte eröffnen Kindern und Erwachsenen eine Welt voller kreativer Entfaltung. Sie sind ideal für zu Hause, die Schule oder unterwegs und bieten vielseitigen Malspaß durch brillante Farben und Wasservermalbarkeit.Diese hochwertigen Wachsmalstifte aus robustem Wachs ermöglichen nach dem Auftragen faszinierende Aquarelleffekte mit einem feuchten Pinsel. Der Lieferumfang umfasst 10 leuchtende Farben in einem praktischen Metalletui, die langlebigen Malgenuss garantieren.Als Qualitätsprodukt aus Österreich fördern diese Stifte spielerisch die Feinmotorik und Kreativität bei jungen Künstlern. Für Fragen oder Unterstützung steht Ihnen unser engagierter Kundenservice jederzeit gerne zur Verfügung.;;;;;https://storage.googleapis.com/prodsandjobs/products/9014400035983/studio_detail_3005b679f6ec659ec99389ba16a39e07.png;https://storage.googleapis.com/prodsandjobs/products/9014400035983/lifestyle_front_370e2298b29c602a1097d4927ea5bce0.png;https://storage.googleapis.com/prodsandjobs/products/9014400035983/lifestyle_closeup_78d3c95d779363d714bb4979c4d5e30b.png;https://storage.googleapis.com/prodsandjobs/products/9014400035983/lifestyle_inuse_79a0fc2735184cdf9919390091d1a1e0.png;;;;;;;;;;;;;Jolly
458470429;JOLLY Tempera Malkasten, 14 brillante Farben inkl. Gold & Silber, deckend;9;9014400293437;SKU-6965414859;Malen & Zeichnen;9.90;19 %;0;Das JOLLY Temperafarben Set bietet 14 brillante Farbtöne, darunter schimmerndes Gold und Silber, um grenzenlose Kreativität zu entfalten. Es ist die perfekte Wahl für Kinder, Schüler und Hobbykünstler, die ihre Ideen in lebendige Kunstwerke verwandeln möchten.Diese hochwertigen Temperafarben überzeugen durch exzellente Deckkraft und leichte Mischbarkeit, wodurch unzählige neue Nuancen kreiert werden können. Die wasserlösliche Zusammensetzung ermöglicht eine einfache Reinigung von Händen und Arbeitsflächen, was das Malen besonders angenehm macht.Im Lieferumfang ist ein praktisches Kunststoffetui enthalten, das alle 14 Farben sicher aufbewahrt und ideal für unterwegs ist. Für optimale Malergebnisse und eine lange Haltbarkeit der Farben beachten Sie bitte die Anwendungshinweise auf der Verpackung.;;;;;https://storage.googleapis.com/prodsandjobs/products/9014400293437/studio_topdown_902dc51ba26c6bfc0a0fb08c24a2eaba.png;https://storage.googleapis.com/prodsandjobs/products/9014400293437/lifestyle_front_585b3cb389cffe7789ba8f3accaf6d79.png;https://storage.googleapis.com/prodsandjobs/products/9014400293437/lifestyle_closeup_ecb1ce85f29e6a20218c6834694f96e6.png;https://storage.googleapis.com/prodsandjobs/products/9014400293437/lifestyle_inuse_4f7f897adb86711d66270cfbe9452b0c.png;;;;;;;;;;;;;Jolly
458474714;Loewe Kinderbuch Lola Löwenherz – Fesselnde Abenteuer für junge Leser;10;9783785556740;SKU-9289261489;Kinder- & Jugendliteratur;5.95;19 %;0;Tauchen Sie ein in die bezaubernde Welt von Lola Löwenherz, einem fesselnden Kinderbuch aus dem renommierten Loewe Verlag. Es entführt junge Leser in spannende Abenteuer und fördert dabei spielerisch Fantasie sowie Lesekompetenz.Liebevoll erzählte Geschichten und ansprechende Illustrationen vermitteln wichtige Werte auf unterhaltsame Weise. Diese robuste gebundene Ausgabe ist ideal für aktive Kinderhände und garantiert langanhaltenden Lesespaß.Im Lieferumfang ist das hochwertige Kinderbuch 'Lola Löwenherz' enthalten, welches eine dauerhafte Bereicherung für jedes Kinderzimmer darstellt. Dank seiner strapazierfähigen Verarbeitung ist es besonders pflegeleicht und bereit für unzählige spannende Vorlese- oder Selbstlese-Momente.;;;;;https://storage.googleapis.com/prodsandjobs/products/9783785556740/studio_front_2d22d90c0f55e3b4c3b1898d5404dac2.png;https://storage.googleapis.com/prodsandjobs/products/9783785556740/lifestyle_front_d53b55e7ffc717663608fe0ba68b5cc5.png;https://storage.googleapis.com/prodsandjobs/products/9783785556740/lifestyle_closeup_ebe573d5fb0b7abde5436c27e91458ba.png;https://storage.googleapis.com/prodsandjobs/products/9783785556740/lifestyle_inuse_5dd8d6eb5318a24c6e136c20959a9919.png;;;;;;;;;;;;;Loewe
458453025;Derby Rasierklingen Premium Professional für sanfte, gründliche Rasur;13;8690885205328;SKU-9428729031;Herren Rasierklingen;169.00;19 %;0;Die Derby Premium Professional Rasierklingen garantieren eine außergewöhnlich gründliche und zugleich sanfte Nassrasur. Sie sind aus hochwertigem schwedischem Stahl gefertigt, um Hautirritationen effektiv zu minimieren und ein angenehmes Hautgefühl zu gewährleisten.Diese korrosionsbeständigen Doppelklingen sind vielseitig in klassischen Double Edge Rasierhobeln sowie geteilt in Shavettes einsetzbar. Ihre robuste Verarbeitung gewährleistet eine hygienische und langanhaltend sichere Anwendung für stets professionelle Rasurergebnisse.Der umfangreiche Lieferumfang umfasst eine Großpackung mit 5000 Rasierklingen, ideal für Barbershops und anspruchsvolle Vielrasierer. Für optimale Langlebigkeit und Hygiene wird nach jeder Anwendung eine einfache Reinigung empfohlen, um stets beste Ergebnisse zu erzielen.;;;;;https://storage.googleapis.com/avycloud-genai-images/products/08690885205328/gemini_render_studio_1764787305244_0_16238b38a95666cd00d48750cfb2b271.png;https://storage.googleapis.com/avycloud-genai-images/products/08690885205328/gemini_render_studio_1764787306943_1_a111d7b96ca7718357b1fcc6cfce9864.png;https://storage.googleapis.com/avycloud-genai-images/products/08690885205328/gemini_render_lifestyle_1764787324581_0_9b72f246aecef4df068606e39de24a2d.png;https://storage.googleapis.com/avycloud-genai-images/products/08690885205328/gemini_render_lifestyle_1764787326076_1_6db8201cd98ff8b1efcaf9bee6f07f01.png;;;;;;;;;;;;;Derby
458470423;Jolly Doppelfasermaler Superstars Duo: 24 brillante Farben, auswaschbar;15;9014400103538;SKU-4069701323;Basteln & Kreativität;17.47;19 %;0;Die Jolly Superstars Duo Doppelfasermaler bieten doppelten Malspaß und maximale Vielseitigkeit für all Ihre kreativen Projekte. Jeder Stift verfügt über eine dünne Spitze für präzise Details und eine dicke Spitze für schnelles Ausmalen größerer Flächen.Dieses hochwertige Set aus Österreich überzeugt mit 24 leuchtenden Farben und intensiver Pigmentierung für brillante Ergebnisse auf Papier. Der umfassende Lieferumfang garantiert unzählige Stunden kreativen Vergnügens ohne Wünsche offen zu lassen.Ein besonderes Merkmal ist die einfache Auswaschbarkeit aus den meisten Textilien, was kleine Malunfälle problemlos beseitigt und Eltern entlastet. Die Stifte eignen sich hervorragend für Kinder ab 3 Jahren sowie für Erwachsene, die ihre Kreativität entfalten möchten.;;;;;https://storage.googleapis.com/prodsandjobs/products/9014400103538/other_44bb76a31ba0c9f730c1eb6bfde84bfa.jpeg;https://storage.googleapis.com/prodsandjobs/products/9014400103538/other_449d9f3bdd77faa1d846a58fa37bd894.jpeg;;;;;;;;;;;;;;;Jolly
449821110;d-c-fix Energiespar Fensterfolie 90x200cm für optimales Raumklima;18;4007386251480;SKU-9627368343;Fensterfolien;29.99;19 %;0;Die d-c-fix Energiespar Fensterfolie optimiert ganzjährig Ihr Raumklima, indem sie im Winter Wärmeverluste reduziert und im Sommer die Hitze um ca. 45% mindert. Dies führt zu spürbaren Energieeinsparungen und schützt gleichzeitig Ihre Einrichtung effektiv vor dem Ausbleichen durch Blockierung von bis zu 95% der schädlichen UV-Strahlung.Diese hochwertige, selbstklebende Kunststofffolie ist speziell für die einfache Innenmontage auf einfach verglasten Fenstern konzipiert und misst 90 x 200 cm. Ihre klare, unauffällige Oberfläche fügt sich nahtlos in jede Raumgestaltung ein und lässt sich bei Bedarf mühelos reinigen, um dauerhaft eine klare Sicht zu gewährleisten.Im Lieferumfang ist eine Rolle der d-c-fix Energiespar Fensterfolie enthalten, die sofort einsatzbereit ist. Für eine optimale Anbringung und maximale Energieeffizienz beachten Sie bitte die beiliegende Montageanleitung, um die volle Wirkung der Folie zu entfalten.;;;;;https://storage.googleapis.com/avycloud-genai-images/products/4007386251480/other_4865e539485f3456777056791d1a4531.png;https://storage.googleapis.com/avycloud-genai-images/products/4007386251480/other_a938d80bdc0c114e242b09264e496eff.png;https://storage.googleapis.com/avycloud-genai-images/products/4007386251480/other_aa5d88bf23bc1f1f95c1d49011a0f4aa.png;https://storage.googleapis.com/avycloud-genai-images/products/4007386251480/other_d22932caf0bd687407a2b57de7038d50.png;;;;;;;;;;;;;d-c-fix
449821480;TAN.TOMI Rolltop Rucksack – Flexibel, wasserabweisend & Laptopfach – Daypack für Alltag & Uni;19;4255700108594;SKU-4820097368;Rucksäcke & Taschen;19.99;19 %;0;Der TAN.TOMI Rolltop Rucksack ist Ihr idealer Begleiter für den Alltag, die Universität oder kurze Reisen. Sein flexibles Rolltop-Design ermöglicht eine variable Volumenerweiterung und schützt den Inhalt zuverlässig vor leichtem Regen. Im Inneren finden Sie ein gepolstertes Laptopfach sowie diverse Innen- und Außentaschen, die für Ordnung und schnellen Zugriff auf Ihre Essentials sorgen. Gefertigt aus robustem, wasserabweisendem Polyester, ist dieser Rucksack langlebig und pflegeleicht. Hoher Tragekomfort wird durch das atmungsaktive Mesh-Rückenteil, die gepolsterte Rückenfläche und die verstellbaren Schultergurte mit Brustgurt gewährleistet, selbst bei längeren Wegen. Eine einfache Reinigung mit einem feuchten Tuch genügt, um den Rucksack stets sauber zu halten.;;;;;https://storage.googleapis.com/prodsandjobs/products/SKU-4820097368/studio_front_b287d9d79471014d3b07ba1dea69eb8e.png;https://storage.googleapis.com/prodsandjobs/products/SKU-4820097368/lifestyle_front_8fa92b24059212ffc11627cf8fc2699f.png;https://storage.googleapis.com/prodsandjobs/products/SKU-4820097368/lifestyle_closeup_712c3c7ca6b08df2b76619153db6e01c.png;;;;;;;;;;;;;;TAN.TOMI
458479465;Upgrade4cars X2 Sitzauflagen Universal – Optimaler Schutz für Vordersitze;24;301729237;SKU-3475457190;Sitzauflagen;23.60;19 %;0;Die Upgrade4cars X2 Auto-Sitzauflagen schützen Ihre Vordersitze effektiv vor Schmutz, Nässe und täglicher Abnutzung. Dieses universell passende 2er Set ist ideal für den Alltag, Reisen und Outdoor-Aktivitäten, wodurch der Wert Ihres Fahrzeugs langfristig erhalten bleibt.Gefertigt aus robustem, wasserdichtem und schmutzabweisendem Oxford-Polyester, garantieren diese Schonbezüge höchste Langlebigkeit und eine mühelose Reinigung. Das strapazierfähige Material widersteht den Anforderungen des Alltags und schützt die Originalsitze Ihres Fahrzeugs dauerhaft vor Verschleiß.Die einfache und schnelle Montage ermöglicht einen sofortigen Schutz Ihrer Sitze ohne Werkzeug. Im Lieferumfang sind zwei hochwertige Sitzauflagen enthalten, wobei wir Ihnen empfehlen, die beiliegenden Pflegehinweise für dauerhafte Freude zu beachten.;;;;;https://storage.googleapis.com/prodsandjobs/products/X00173R33T/gemini_render_studio_front_1765012275610_0_5c9864998afc9f5a5a7ac97ddc993a0e.png;https://storage.googleapis.com/prodsandjobs/products/X00173R33T/gemini_render_studio_detail_1765012287762_0_c659eee6aeb0f0c1c63001639b2657bf.png;https://storage.googleapis.com/prodsandjobs/products/X00173R33T/gemini_render_lifestyle_front_1765012308506_0_5bcf2a7fed73f167dfcacb15d48eca4e.png;https://storage.googleapis.com/prodsandjobs/products/X00173R33T/gemini_render_lifestyle_closeup_1765012318379_0_0b581f6e778f12aa6c71224b8d2295dc.png;https://storage.googleapis.com/prodsandjobs/products/X00173R33T/gemini_render_lifestyle_inuse_1765012326961_0_c63dc669fa036b4292aec3dc5ccb3656.png;;;;;;;;;;;;Upgrade4cars
449821653;Homerella Badewanneneinlage rutschfest sicherer Stand 88x39 cm;25;;SKU-5687802687;Badewannen;17.99;19 %;0;"Die Homerella Badewanneneinlage UNIFLOW sorgt dank dicht gesetzter Saugnäpfe auf der Unterseite und rutschhemmender Gitterstruktur für sicheren Stand beim Duschen und Baden. Mit Maßen von 88 x 39 cm passt sie in gängige Standardbadewannen, die vielen Öffnungen lassen Wasser schnell ablaufen und erleichtern das Trocknen. Das wasserabweisende, pflegeleichte Material wird einfach abgespült und bleibt bei regelmäßiger Reinigung hygienisch sauber; nach Gebrauch kann die Matte mit dem beiliegenden Haken zum Trocknen aufgehängt werden.";;;;;https://storage.googleapis.com/avycloud-product-images/products/homerella-badewanneneinlage-88x39-1/other_80fb6bde6a55041a962f2bda36d88d83.png;https://storage.googleapis.com/avycloud-product-images/products/homerella-badewanneneinlage-88x39-1/other_95a961fc9d88e41a0d43b6d46de688b7.png;https://storage.googleapis.com/avycloud-product-images/products/homerella-badewanneneinlage-88x39-1/other_052a694fbbb27b8164fddf97548730d2.png;https://storage.googleapis.com/avycloud-product-images/products/homerella-badewanneneinlage-88x39-1/other_1e0d5e5390ea01c982ac98f1f797891f.png;https://storage.googleapis.com/avycloud-product-images/products/homerella-badewanneneinlage-88x39-1/other_ec04781116b685b9d2fe9d3150dd5fbb.jpeg;;;;;;;;;;;;Homerella
458470397;Jolly Bleistifte HB 12er Set – Präzises Schreiben & Zeichnen;35;9014400001384;SKU-6315915149;Büro & Schreibwaren;4.69;19 %;0;Die Jolly HB Bleistifte sind die ideale Wahl für Schüler, Studenten und Berufstätige, die Wert auf Präzision und Zuverlässigkeit legen. Sie ermöglichen präzises Schreiben und detailliertes Zeichnen für alle täglichen Anforderungen in Schule, Universität und Büro.Der vielseitige HB-Härtegrad bietet eine optimale Balance zwischen Härte und Schwärze, ideal für detaillierte Notizen, präzise Skizzen und technische Zeichnungen. Die hochwertige Holzummantelung sorgt dabei für eine angenehme Haptik, außergewöhnliche Langlebigkeit und hohe Bruchfestigkeit.Dieses Set umfasst zwölf erstklassige Bleistifte, die eine sofortige Einsatzbereitschaft und konstante Leistung garantieren. Sie sind ein unverzichtbarer Begleiter für eine stets klare und gut leserliche Schrift und bieten langanhaltende Freude bei jeder Anwendung.;;;;;https://storage.googleapis.com/prodsandjobs/products/9014400001384/studio_front_236ba79b63d90085036907c3b70dfc6e.png;https://storage.googleapis.com/prodsandjobs/products/9014400001384/lifestyle_front_7c52df48ced1e16772f3c43e5696bf3e.png;https://storage.googleapis.com/prodsandjobs/products/9014400001384/lifestyle_closeup_f6294723bcc731345507ef1e1bb24bee.png;https://storage.googleapis.com/prodsandjobs/products/9014400001384/lifestyle_inuse_06f18700428778b2afd7fecdf4f8c172.png;;;;;;;;;;;;;Jolly
458459208;Hodalump Herren Geldbörse: Vintage Leder, RFID Schutz & 12 Kartenfächer;100;4260325431309;SKU-2561166298;Geldbörsen & Etuis;39.95;19 %;0;"Diese Hodalump Herren Geldbörse vereint zeitlose Eleganz mit robuster Funktionalität, gefertigt aus hochwertigem echtem Vintage-Leder. Sie ist das perfekte Accessoire für den stilbewussten Mann, ideal für Business und Freizeit.Die durchdachte Innenaufteilung ermöglicht optimale Organisation mit 12 Kartenfächern, einem geräumigen Geldscheinfach und zusätzlichen Steckfächern für Belege. Ein integriertes Münzfach mit Reißverschluss hält Kleingeld sicher und jederzeit zugänglich.Effektiver RFID-Schutz bewahrt Ihre sensiblen Daten zuverlässig vor unbefugtem Auslesen und bietet somit zusätzliche Sicherheit. Das strapazierfähige Hunter-Vintage-Leder entwickelt eine individuelle Patina, die jede Geldbörse zum Unikat macht; zur Pflege wird ein spezielles Lederpflegemittel empfohlen.";;;;;https://storage.googleapis.com/prodsandjobs/products/4260325431309/gemini_render_studio_detail_1765208167242_0_986561a206bd013e9889c73ff741a1a5.png;https://storage.googleapis.com/prodsandjobs/products/4260325431309/gemini_render_studio_detail_1765208400540_0_9a3d27ce081bf7d6e192fa381bbf1706.png;https://storage.googleapis.com/prodsandjobs/products/4260325431309/gemini_render_studio_topdown_1765208414069_0_b2c0219ed664a3180e4f5f7fb37f1252.png;https://storage.googleapis.com/prodsandjobs/products/4260325431309/gemini_render_lifestyle_closeup_1765208436849_0_c27f7eb533732c41e1b62ad8b1277738.png;https://storage.googleapis.com/prodsandjobs/products/4260325431309/gemini_render_lifestyle_inuse_1765208205257_0_715d92a98d064503364353fdcda74d5b.png;https://storage.googleapis.com/prodsandjobs/products/4260325431309/gemini_render_lifestyle_inuse_1765208449566_0_5c7ebd27c4c75da2cbc26936c7db4b62.png;;;;;;;;;;;Hodalump