canonical_category_id,canonical_breadcrumb,depth,merged_count,merged_category_ids,source_roots
6406743,Auto & Motorrad,1,1,6406743,Auto & Motorrad
6488175,Auto & Motorrad > Abdeckplanen,2,1,6488175,Auto & Motorrad
6488178,Auto & Motorrad > Auto-Anbau- & -Zubehörteile,2,1,6488178,Auto & Motorrad
6488179,Auto & Motorrad > Auto-Anbau- & -Zubehörteile > Autopflege & Aufbereitung,3,1,6488179,Auto & Motorrad
6488230,Auto & Motorrad > Auto-Anbau- & -Zubehörteile > Autopflege & Aufbereitung > Eiskratzer & Schneebürste,4,1,6488230,Auto & Motorrad
6488231,Auto & Motorrad > Auto-Anbau- & -Zubehörteile > Autopflege & Aufbereitung > Lufterfrischer,4,1,6488231,Auto & Motorrad
6488232,Auto & Motorrad > Auto-Anbau- & -Zubehörteile > Dachträger & Dachboxen,3,1,6488232,Auto & Motorrad
6488233,Auto & Motorrad > Auto-Anbau- & -Zubehörteile > Dachträger & Dachboxen > Dachträger-Zubehör,4,1,6488233,Auto & Motorrad
6488234,Auto & Motorrad > Auto-Ersatz- & -Reparaturteile,2,1,6488234,Auto & Motorrad
6488235,Auto & Motorrad > Auto-Ersatz- & -Reparaturteile > Karosserie & Exterieur,3,1,6488235,Auto & Motorrad
6488236,Auto & Motorrad > Auto-Ersatz- & -Reparaturteile > Karosserie & Exterieur > Außenspiegel,4,1,6488236,Auto & Motorrad
6488237,Auto & Motorrad > Auto-Ersatz- & -Reparaturteile > Kühlung,3,1,6488237,Auto & Motorrad
6488238,Auto & Motorrad > Auto-Ersatz- & -Reparaturteile > Kühlung > Frostschutzmittel,4,1,6488238,Auto & Motorrad
6488239,Auto & Motorrad > Auto-Tuning & -Styling,2,1,6488239,Auto & Motorrad
6488240,Auto & Motorrad > Auto-Tuning & -Styling > Sport-Getriebe,3,1,6488240,Auto & Motorrad
6488241,Auto & Motorrad > Auto-Tuning & -Styling > Sport-Getriebe > Antriebswellen,4,1,6488241,Auto & Motorrad
6488242,Auto & Motorrad > Auto-Tuning & -Styling > Sportfederung,3,1,6488242,Auto & Motorrad
6488243,Auto & Motorrad > Auto-Tuning & -Styling > Sportfederung > Domlager,4,1,6488243,Auto & Motorrad
6488244,"Auto & Motorrad > Autoelektronik, GPS & Sicherheitstechnik",2,1,6488244,Auto & Motorrad
6488245,"Auto & Motorrad > Autoelektronik, GPS & Sicherheitstechnik > Autoentertainment",3,1,6488245,Auto & Motorrad
6488246,"Auto & Motorrad > Autoelektronik, GPS & Sicherheitstechnik > Autoentertainment > Auto DVD Player",4,1,6488246,Auto & Motorrad
6488247,"Auto & Motorrad > Autoelektronik, GPS & Sicherheitstechnik > Autoentertainment > Autoradios",4,1,6488247,Auto & Motorrad
6488180,Auto & Motorrad > Autoteile & Zubehör,2,1,6488180,Auto & Motorrad
6488248,Auto & Motorrad > Autoteile & Zubehör > Auspuff- & Abgassysteme,3,1,6488248,Auto & Motorrad
6488249,Auto & Motorrad > Autoteile & Zubehör > Auspuff- & Abgassysteme > Lambdasonden & O2-Sensoren,4,1,6488249,Auto & Motorrad
6488250,Auto & Motorrad > Autoteile & Zubehör > Autoelektrik,3,1,6488250,Auto & Motorrad
6488251,Auto & Motorrad > Autoteile & Zubehör > Autoelektrik > Anlasser,4,1,6488251,Auto & Motorrad
6488252,Auto & Motorrad > Autoteile & Zubehör > Autoelektrik > Batterien,4,1,6488252,Auto & Motorrad
6488253,Auto & Motorrad > Autoteile & Zubehör > Bremsen & Bremsenteile,3,1,6488253,Auto & Motorrad
6488254,Auto & Motorrad > Autoteile & Zubehör > Bremsen & Bremsenteile > Bremsbeläge,4,1,6488254,Auto & Motorrad
6488255,Auto & Motorrad > Autoteile & Zubehör > Bremsen & Bremsenteile > Bremsscheiben,4,1,6488255,Auto & Motorrad
6488181,Auto & Motorrad > Autoteile & Zubehör > Federung & Lenkung,3,1,6488181,Auto & Motorrad
6488256,Auto & Motorrad > Autoteile & Zubehör > Federung & Lenkung > Lenkgetriebe & -gehäuse,4,1,6488256,Auto & Motorrad
6488257,Auto & Motorrad > Autoteile & Zubehör > Federung & Lenkung > Lenksäulen,4,1,6488257,Auto & Motorrad
6488258,"Auto & Motorrad > Autoteile & Zubehör > Federung & Lenkung > Radlager, -naben & Buchsen",4,1,6488258,Auto & Motorrad
6488259,Auto & Motorrad > Autoteile & Zubehör > Federung & Lenkung > Stoßdämpfer- & Federbeinhalterungen,4,1,6488259,Auto & Motorrad
6488260,Auto & Motorrad > Autoteile & Zubehör > Getriebe & Antriebstechnik,3,1,6488260,Auto & Motorrad
6488261,"Auto & Motorrad > Autoteile & Zubehör > Getriebe & Antriebstechnik > Antriebswellengelenke, Achsmanschetten & Teile",4,1,6488261,Auto & Motorrad
6488319,Auto & Motorrad > Autoteile & Zubehör > Getriebe & Antriebstechnik > Kupplungsteile & -sätze,4,1,6488319,Auto & Motorrad
6488322,Auto & Motorrad > Autoteile & Zubehör > Getriebe & Antriebstechnik > Kupplungsteile & -sätze > Kupplungssätze,5,1,6488322,Auto & Motorrad
6488182,Auto & Motorrad > Autoteile & Zubehör > Innenausstattung,3,1,6488182,Auto & Motorrad
6488262,"Auto & Motorrad > Autoteile & Zubehör > Innenausstattung > Fußmatten, Teppiche & Laderaumwannen",4,1,6488262,Auto & Motorrad
6488263,Auto & Motorrad > Autoteile & Zubehör > Innenausstattung > Sonnen- & Sichtschutze,4,1,6488263,Auto & Motorrad
6488324,"Auto & Motorrad > Autoteile & Zubehör > Karosserie-, Anbauteile & Zubehör",3,1,6488324,Auto & Motorrad
6488326,"Auto & Motorrad > Autoteile & Zubehör > Karosserie-, Anbauteile & Zubehör > Außenspiegel & Teile",4,1,6488326,Auto & Motorrad
6488328,"Auto & Motorrad > Autoteile & Zubehör > Karosserie-, Anbauteile & Zubehör > Außenspiegel & Teile > Außenspiegel",5,1,6488328,Auto & Motorrad
6488330,"Auto & Motorrad > Autoteile & Zubehör > Karosserie-, Anbauteile & Zubehör > Schutzvorrichtungen & Schmutzfänger",4,1,6488330,Auto & Motorrad
6488331,"Auto & Motorrad > Autoteile & Zubehör > Karosserie-, Anbauteile & Zubehör > Schutzvorrichtungen & Schmutzfänger > Weitere Schutzvorrichtungen & Protektoren",5,1,6488331,Auto & Motorrad
6488264,Auto & Motorrad > Autoteile & Zubehör > Luft- & Kraftstoffversorgung,3,1,6488264,Auto & Motorrad
6488265,Auto & Motorrad > Autoteile & Zubehör > Luft- & Kraftstoffversorgung > Lufteinlass- & Kraftstoffsensoren,4,1,6488265,Auto & Motorrad
6488183,Auto & Motorrad > Autoteile & Zubehör > Motoren & Motorenteile,3,1,6488183,Auto & Motorrad
6488333,Auto & Motorrad > Autoteile & Zubehör > Motoren & Motorenteile > Dichtungen & Montageteile,4,1,6488333,Auto & Motorrad
6488335,Auto & Motorrad > Autoteile & Zubehör > Motoren & Motorenteile > Dichtungen & Montageteile > Dichtungen & Dichtungsringe,5,1,6488335,Auto & Motorrad
6488337,Auto & Motorrad > Autoteile & Zubehör > Motoren & Motorenteile > Dichtungen & Montageteile > Dichtungssätze,5,1,6488337,Auto & Motorrad
6488266,Auto & Motorrad > Autoteile & Zubehör > Motoren & Motorenteile > Inspektionspakete & -kits,4,1,6488266,Auto & Motorrad
6488267,Auto & Motorrad > Autoteile & Zubehör > Motoren & Motorenteile > Ölfilter,4,1,6488267,Auto & Motorrad
6488467,Auto & Motorrad > Autoteile & Zubehör > Motoren & Motorenteile > Ölpumpen & Teile,4,1,6488467,Auto & Motorrad
6488339,Auto & Motorrad > Autoteile & Zubehör > Motoren & Motorenteile > Ventilsteuerungsteile,4,1,6488339,Auto & Motorrad
6488342,Auto & Motorrad > Autoteile & Zubehör > Motoren & Motorenteile > Ventilsteuerungsteile > Nockenwellen,5,1,6488342,Auto & Motorrad
6488268,Auto & Motorrad > Autoteile & Zubehör > Motorkühlung,3,1,6488268,Auto & Motorrad
6488269,Auto & Motorrad > Autoteile & Zubehör > Motorkühlung > Ausgleichsbehälter,4,1,6488269,Auto & Motorrad
6488184,Auto & Motorrad > Erste Hilfe- & Notfallausrüstungen,2,1,6488184,Auto & Motorrad
6488185,Auto & Motorrad > Erste Hilfe- & Notfallausrüstungen > Sicherheit,3,1,6488185,Auto & Motorrad
6467208,Auto & Motorrad > KFZ-Ersatzteile,2,1,6467208,Auto & Motorrad
6470665,"Auto & Motorrad > KFZ-Ersatzteile > Antrieb, Motoren & Getriebe",3,1,6470665,Auto & Motorrad
6470666,"Auto & Motorrad > KFZ-Ersatzteile > Antrieb, Motoren & Getriebe > Luft- & Kraftstoffversorgung",4,1,6470666,Auto & Motorrad
6467351,Auto & Motorrad > KFZ-Ersatzteile > Karosserieteile,3,1,6467351,Auto & Motorrad
6467477,Auto & Motorrad > KFZ-Ersatzteile > Karosserieteile > Außenspiegel & Zubehör,4,1,6467477,Auto & Motorrad
6467352,Auto & Motorrad > KFZ-Ersatzteile > Karosserieteile > Kraftrad-Verkleidungen,4,1,6467352,Auto & Motorrad
6467250,Auto & Motorrad > KFZ-Ersatzteile > KFZ-Federungen & Dämpfungen,3,1,6467250,Auto & Motorrad
6467251,Auto & Motorrad > KFZ-Ersatzteile > KFZ-Federungen & Dämpfungen > Federbeine & Stoßdämpfer,4,1,6467251,Auto & Motorrad
6467209,Auto & Motorrad > KFZ-Ersatzteile > KFZ-Klimaanlagen & Zubehör,3,1,6467209,Auto & Motorrad
6407096,Auto & Motorrad > KFZ-Pflege & -Wartung,2,1,6407096,Auto & Motorrad
6467371,Auto & Motorrad > KFZ-Pflege & -Wartung > KFZ-Außenreinigung & -pflege,3,1,6467371,Auto & Motorrad
6467372,Auto & Motorrad > KFZ-Pflege & -Wartung > KFZ-Außenreinigung & -pflege > Farben & Autolacke,4,1,6467372,Auto & Motorrad
6407097,Auto & Motorrad > KFZ-Pflege & -Wartung > Motorreinigung & -pflege,3,1,6407097,Auto & Motorrad
6407098,Auto & Motorrad > KFZ-Pflege & -Wartung > Motorreinigung & -pflege > Motoröle,4,1,6407098,Auto & Motorrad
6467422,Auto & Motorrad > KFZ-Werkzeuge,2,1,6467422,Auto & Motorrad
6467423,Auto & Motorrad > KFZ-Werkzeuge > Diagnosegeräte,3,1,6467423,Auto & Motorrad
6467425,Auto & Motorrad > KFZ-Zubehör,2,1,6467425,Auto & Motorrad
6467426,Auto & Motorrad > KFZ-Zubehör > Auto-Grundausstattungen,3,1,6467426,Auto & Motorrad
6467427,Auto & Motorrad > KFZ-Zubehör > Auto-Grundausstattungen > Wagenheber,4,1,6467427,Auto & Motorrad
6467479,Auto & Motorrad > KFZ-Zubehör > KFZ-Gepäckträger & -boxen,3,1,6467479,Auto & Motorrad
6467480,Auto & Motorrad > KFZ-Zubehör > KFZ-Gepäckträger & -boxen > Dachboxen,4,1,6467480,Auto & Motorrad
6488186,"Auto & Motorrad > Kleidung, Schutzausrüstung & Merchandise",2,1,6488186,Auto & Motorrad
6488187,"Auto & Motorrad > Kleidung, Schutzausrüstung & Merchandise > Helme & Zubehör",3,1,6488187,Auto & Motorrad
6488270,"Auto & Motorrad > Kleidung, Schutzausrüstung & Merchandise > Helme & Zubehör > Motorrad- & Motorsporthelme",4,1,6488270,Auto & Motorrad
6488271,Auto & Motorrad > Klein- & Leichtkraftradteile,2,1,6488271,Auto & Motorrad
6488272,Auto & Motorrad > Klein- & Leichtkraftradteile > Leichtkraftradteile,3,1,6488272,Auto & Motorrad
6488273,Auto & Motorrad > Klein- & Leichtkraftradteile > Leichtkraftradteile > Elektrik & Zündung,4,1,6488273,Auto & Motorrad
6488188,Auto & Motorrad > Motorrad- & Rollerteile & -zubehör,2,1,6488188,Auto & Motorrad
6488274,Auto & Motorrad > Motorrad- & Rollerteile & -zubehör > Elektrik & Zündungen,3,1,6488274,Auto & Motorrad
6488275,Auto & Motorrad > Motorrad- & Rollerteile & -zubehör > Elektrik & Zündungen > Batterien,4,1,6488275,Auto & Motorrad
6488344,Auto & Motorrad > Motorrad- & Rollerteile & -zubehör > Getriebe & Antriebstechnik,3,1,6488344,Auto & Motorrad
6488346,Auto & Motorrad > Motorrad- & Rollerteile & -zubehör > Getriebe & Antriebstechnik > Endantriebsriemen & -ketten & Zahnriemensätze,4,1,6488346,Auto & Motorrad
6488348,Auto & Motorrad > Motorrad- & Rollerteile & -zubehör > Getriebe & Antriebstechnik > Endantriebsriemen & -ketten & Zahnriemensätze > Endantriebsriemen & -ketten,5,1,6488348,Auto & Motorrad
6488372,Auto & Motorrad > Motorrad- & Rollerteile & -zubehör > Getriebe & Antriebstechnik > Endantriebsriemen & -ketten & Zahnriemensätze > Primärzahnriemen & -ketten,5,1,6488372,Auto & Motorrad
6488189,Auto & Motorrad > Motorrad- & Rollerteile & -zubehör > Spiegel,3,1,6488189,Auto & Motorrad
6488176,Auto & Motorrad > Motorräder,2,1,6488176,Auto & Motorrad
6488177,Auto & Motorrad > Motorräder > Roller,3,1,6488177,Auto & Motorrad
6488190,"Auto & Motorrad > Öl, Pflege- & Schmiermittel",2,1,6488190,Auto & Motorrad
6488191,"Auto & Motorrad > Öl, Pflege- & Schmiermittel > Automatikgetriebeöl",3,1,6488191,Auto & Motorrad
6488192,"Auto & Motorrad > Öl, Pflege- & Schmiermittel > Getriebeöl",3,1,6488192,Auto & Motorrad
6488193,"Auto & Motorrad > Öl, Pflege- & Schmiermittel > Motoröl",3,1,6488193,Auto & Motorrad
6406744,Auto & Motorrad > Öle & Flüssigkeiten,2,1,6406744,Auto & Motorrad
6406745,Auto & Motorrad > Öle & Flüssigkeiten > Motoröle,3,1,6406745,Auto & Motorrad
6488194,"Auto & Motorrad > Quad-, SSV- & UTV-Teile & -Zubehör",2,1,6488194,Auto & Motorrad
6488195,"Auto & Motorrad > Quad-, SSV- & UTV-Teile & -Zubehör > Ansaug- & Kraftstoffsysteme",3,1,6488195,Auto & Motorrad
6488350,"Auto & Motorrad > Quad-, SSV- & UTV-Teile & -Zubehör > Verkleidungen & Rahmen",3,1,6488350,Auto & Motorrad
6488352,"Auto & Motorrad > Quad-, SSV- & UTV-Teile & -Zubehör > Verkleidungen & Rahmen > Verkleidungen, Türen & Kotflügel",4,1,6488352,Auto & Motorrad
6488354,"Auto & Motorrad > Quad-, SSV- & UTV-Teile & -Zubehör > Verkleidungen & Rahmen > Verkleidungen, Türen & Kotflügel > Windschutz- & Fensterscheiben",5,1,6488354,Auto & Motorrad
6488276,Auto & Motorrad > Spezielle Fahrzeug-Teile,2,1,6488276,Auto & Motorrad
6488277,Auto & Motorrad > Spezielle Fahrzeug-Teile > Pkw-Anhänger Ersatzteile,3,1,6488277,Auto & Motorrad
6488278,Auto & Motorrad > Spezielle Fahrzeug-Teile > Pkw-Anhänger Ersatzteile > Karosserie & Fahrwerk,4,1,6488278,Auto & Motorrad
6488279,Auto & Motorrad > Spezielle Fahrzeug-Teile > Pkw-Anhänger Ersatzteile > Stützen & Keile,4,1,6488279,Auto & Motorrad
6488356,Auto & Motorrad > Spezielle Fahrzeug-Teile > Wohnmobil- & Wohnwagenteile & Zubehör,3,1,6488356,Auto & Motorrad
6488358,Auto & Motorrad > Spezielle Fahrzeug-Teile > Wohnmobil- & Wohnwagenteile & Zubehör > Wasser- & Sanitärsysteme,4,1,6488358,Auto & Motorrad
6488360,Auto & Motorrad > Spezielle Fahrzeug-Teile > Wohnmobil- & Wohnwagenteile & Zubehör > Wasser- & Sanitärsysteme > Wasserpumpen,5,1,6488360,Auto & Motorrad
6488228,Auto & Motorrad > Verkleidungen & Rahmen,2,1,6488228,Auto & Motorrad
6488229,Auto & Motorrad > Verkleidungen & Rahmen > Windschutzscheiben,3,1,6488229,Auto & Motorrad
6488196,Auto & Motorrad > Werkzeuge,2,1,6488196,Auto & Motorrad
6488280,Auto & Motorrad > Werkzeuge & Werkstattbedarf,2,1,6488280,Auto & Motorrad
6488281,Auto & Motorrad > Werkzeuge & Werkstattbedarf > Motorwerkzeuge & -geräte,3,1,6488281,Auto & Motorrad
6488282,Auto & Motorrad > Werkzeuge & Werkstattbedarf > Motorwerkzeuge & -geräte > Motor-Einstellwerkzeuge,4,1,6488282,Auto & Motorrad
6488197,Auto & Motorrad > Werkzeuge > Hebezeuge & Wagenheber,3,1,6488197,Auto & Motorrad
6488283,Auto & Motorrad > Werkzeuge > Reparatur-Sets & Teile,3,1,6488283,Auto & Motorrad
6488284,Auto & Motorrad > Werkzeuge > Reparatur-Sets & Teile > Reifenreparatur,4,1,6488284,Auto & Motorrad
6488285,Auto & Motorrad > Werkzeuge > Werkstattausstattung & -bedarf,3,1,6488285,Auto & Motorrad
6488286,Auto & Motorrad > Werkzeuge > Werkstattausstattung & -bedarf > Federspanner,4,1,6488286,Auto & Motorrad
6406746,Auto & Motorrad > Wohnmobil- & Caravan-Teile & Zubehör,2,1,6406746,Auto & Motorrad
6488287,Auto & Motorrad > Wohnmobil- & Caravan-Teile & Zubehör > Heizungen & Klimaanlagen,3,1,6488287,Auto & Motorrad
6488288,Auto & Motorrad > Wohnmobil- & Caravan-Teile & Zubehör > Heizungen & Klimaanlagen > Standheizungen,4,1,6488288,Auto & Motorrad
6406747,Auto & Motorrad > Wohnmobil- & Caravan-Teile & Zubehör > Kühlboxen & Kühlschränke,3,1,6406747,Auto & Motorrad
6406772,Baby & Kind,1,1,6406772,Baby & Kind
6488164,Baby & Kind > Auto-Kindersitze & Zubehör,2,1,6488164,Baby & Kind
6467160,Baby & Kind > Babyartikel,2,1,6467160,Baby & Kind
6467373,Baby & Kind > Babyartikel > Baby- & Kindermöbel,3,1,6467373,Baby & Kind
6467478,Baby & Kind > Babyartikel > Baby- & Kindermöbel > Kindergarderoben,4,1,6467478,Baby & Kind
6467413,Baby & Kind > Babyartikel > Baby- & Kleinkinderspielzeuge,3,1,6467413,Baby & Kind
6467414,Baby & Kind > Babyartikel > Baby- & Kleinkinderspielzeuge > Holzspielzeuge,4,1,6467414,Baby & Kind
6467415,Baby & Kind > Babyartikel > Baby- & Kleinkinderspielzeuge > Holzspielzeuge > Bauklötze,5,1,6467415,Baby & Kind
6467161,Baby & Kind > Babyartikel > Babykleidung,3,1,6467161,Baby & Kind
6467472,Baby & Kind > Babyartikel > Babykleidung > Babyregenbekleidung,4,1,6467472,Baby & Kind
6467294,Baby & Kind > Babyartikel > Babykleidung > Babyschuhe,4,1,6467294,Baby & Kind
6467295,Baby & Kind > Babyartikel > Babykleidung > Babyschuhe > Babysneakers,5,1,6467295,Baby & Kind
6467162,Baby & Kind > Babyartikel > Babykleidung > Babystrumpfhosen,4,1,6467162,Baby & Kind
6467259,Baby & Kind > Babyartikel > Kinderautositze & Zubehör,3,1,6467259,Baby & Kind
6467260,Baby & Kind > Babyartikel > Kinderautositze & Zubehör > Babyschalen & Kindersitze,4,1,6467260,Baby & Kind
6467461,Baby & Kind > Babyartikel > Kinderwagen & Babytragen,3,1,6467461,Baby & Kind
6467462,Baby & Kind > Babyartikel > Kinderwagen & Babytragen > Kinderwagen & Zubehör,4,1,6467462,Baby & Kind
6467463,Baby & Kind > Babyartikel > Kinderwagen & Babytragen > Kinderwagen & Zubehör > Kinderwagen,5,1,6467463,Baby & Kind
6467464,Baby & Kind > Babyartikel > Kinderwagen & Babytragen > Kinderwagen & Zubehör > Kinderwagen > Sportkinderwagen,6,1,6467464,Baby & Kind
6467378,Baby & Kind > Babyartikel > Pflege & Entwicklung,3,1,6467378,Baby & Kind
6467379,Baby & Kind > Babyartikel > Pflege & Entwicklung > Wickelauflagen & -bezüge,4,1,6467379,Baby & Kind
6488198,Baby & Kind > Badezubehör,2,1,6488198,Baby & Kind
6488199,Baby & Kind > Badezubehör > Kinderwaschbecken,3,1,6488199,Baby & Kind
6488200,Baby & Kind > Bettausstattung,2,1,6488200,Baby & Kind
6488201,Baby & Kind > Bettausstattung > Matratzenschoner & -auflagen,3,1,6488201,Baby & Kind
6488203,Baby & Kind > Bücher & Zeitschriften,2,1,6488203,Baby & Kind
6488204,Baby & Kind > Bücher & Zeitschriften > Bücher,3,1,6488204,Baby & Kind
6488205,Baby & Kind > Ernährung,2,1,6488205,Baby & Kind
6488206,Baby & Kind > Ernährung > Kindergeschirr & -besteck,3,1,6488206,Baby & Kind
6488289,Baby & Kind > Ernährung > Kindergeschirr & -besteck > Kinderbesteck,4,1,6488289,Baby & Kind
6406773,Baby & Kind > Kindersitze & Zubehör,2,1,6406773,Baby & Kind
6406774,Baby & Kind > Kindersitze & Zubehör > Kindersitze,3,1,6406774,Baby & Kind
6488165,Baby & Kind > Kinderwagen & Zubehör,2,1,6488165,Baby & Kind
6488290,Baby & Kind > Kinderwagen & Zubehör > Kinderwagenzubehör,3,1,6488290,Baby & Kind
6488292,Baby & Kind > Kinderwagen & Zubehör > Kinderwagenzubehör > Sitzauflagen,4,1,6488292,Baby & Kind
6488207,Baby & Kind > Möbel,2,1,6488207,Baby & Kind
6488208,Baby & Kind > Möbel > Laufgitter,3,1,6488208,Baby & Kind
6488166,Baby & Kind > Pflege,2,1,6488166,Baby & Kind
6467252,Baby & Kind > Spielwaren,2,1,6467252,Baby & Kind
6467341,Baby & Kind > Spielwaren > Kinder Spielwelten,3,1,6467341,Baby & Kind
6467342,Baby & Kind > Spielwaren > Kinder Spielwelten > Kinder-Gartengeräte,4,1,6467342,Baby & Kind
6467404,Baby & Kind > Spielwaren > Kreativspielzeuge,3,1,6467404,Baby & Kind
6467405,Baby & Kind > Spielwaren > Kreativspielzeuge > 3D Stifte,4,1,6467405,Baby & Kind
6467253,Baby & Kind > Spielwaren > Musikinstrumente,3,1,6467253,Baby & Kind
6467254,Baby & Kind > Spielwaren > Musikinstrumente > Gitarren & Zubehör,4,1,6467254,Baby & Kind
6467349,Baby & Kind > Spielwaren > Musikinstrumente > Gitarren & Zubehör > Gitarren,5,1,6467349,Baby & Kind
6467350,Baby & Kind > Spielwaren > Musikinstrumente > Gitarren & Zubehör > Gitarren > Konzertgitarren,6,1,6467350,Baby & Kind
6467255,Baby & Kind > Spielwaren > Musikinstrumente > Gitarren & Zubehör > Gitarrenzubehör,5,1,6467255,Baby & Kind
6467256,Baby & Kind > Spielwaren > Musikinstrumente > Gitarren & Zubehör > Gitarrenzubehör > Gitarren-Effekte,6,1,6467256,Baby & Kind
6488209,Baby & Kind > Spielzeug,2,1,6488209,Baby & Kind
6488210,Baby & Kind > Spielzeug > Badespielzeug,3,1,6488210,Baby & Kind
6488211,Baby & Kind > Spielzeug > Holzspielzeug,3,1,6488211,Baby & Kind
6406775,Baby & Kind > Wickeln & Baden,2,1,6406775,Baby & Kind
6406776,Baby & Kind > Wickeln & Baden > Wickelauflagen & Wickeltische,3,1,6406776,Baby & Kind
6407167,Bad & Sanitär,1,1,6407167,Bad & Sanitär
6407168,Bad & Sanitär > Armaturen,2,1,6407168,Bad & Sanitär
6407169,Bad & Sanitär > Armaturen > Duscharmaturen,3,1,6407169,Bad & Sanitär
6407170,Bad & Sanitär > Armaturen > Duscharmaturen > Duschthermostate,4,1,6407170,Bad & Sanitär
6407171,Bastel- & Künstlerbedarf,1,1,6407171,Bastel- & Künstlerbedarf
6406790,Baumarkt,1,1,6406790,Baumarkt
6406793,Baumarkt > Bauelemente,2,1,6406793,Baumarkt
6406791,Baumarkt > Bauelemente & Treppen,2,1,6406791,Baumarkt
6406792,Baumarkt > Bauelemente & Treppen > Revisionsklappen,3,1,6406792,Baumarkt
6406794,Baumarkt > Bauelemente > Revision,3,1,6406794,Baumarkt
6406655,Beauty & Gesundheit,1,1,6406655,Beauty & Gesundheit
6407178,Beauty & Gesundheit > Enthaarung & Rasur,2,1,6407178,Beauty & Gesundheit
6407179,Beauty & Gesundheit > Enthaarung & Rasur > Rasierer & Rasierklingen,3,1,6407179,Beauty & Gesundheit
6407180,Beauty & Gesundheit > Enthaarung & Rasur > Rasierer & Rasierklingen > Herren Rasierklingen,4,1,6407180,Beauty & Gesundheit
6406657,Beauty & Gesundheit > Haarpflege & Haarstyling,2,1,6406657,Beauty & Gesundheit
6406658,Beauty & Gesundheit > Hautpflege,2,1,6406658,Beauty & Gesundheit
6406795,Beauty & Gesundheit > Hautpflege > Anti-Faltenprodukte,3,1,6406795,Beauty & Gesundheit
6406796,Beauty & Gesundheit > Hautpflege > Gesichtspflegegeräte,3,1,6406796,Beauty & Gesundheit
6407181,Beauty & Gesundheit > Hautpflege > Körperpflege,3,1,6407181,Beauty & Gesundheit
6407182,Beauty & Gesundheit > Hautpflege > Körperpflege > Körpercremes & -lotionen,4,1,6407182,Beauty & Gesundheit
6406659,Beauty & Gesundheit > Hilfsmittel,2,1,6406659,Beauty & Gesundheit
6407183,Beauty & Gesundheit > Hilfsmittel > Alltagshilfen,3,1,6407183,Beauty & Gesundheit
6407184,Beauty & Gesundheit > Hilfsmittel > Alltagshilfen > Inkontinenzhilfen,4,1,6407184,Beauty & Gesundheit
6407185,Beauty & Gesundheit > Hilfsmittel > Mobilitäts- & Gehhilfen,3,1,6407185,Beauty & Gesundheit
6407187,Beauty & Gesundheit > Hilfsmittel > Mobilitäts- & Gehhilfen > Rollstühle,4,1,6407187,Beauty & Gesundheit
6406660,Beauty & Gesundheit > Körperpflege,2,1,6406660,Beauty & Gesundheit
6406797,Beauty & Gesundheit > Medikamente von Apothekern,2,1,6406797,Beauty & Gesundheit
6406798,Beauty & Gesundheit > Medikamente von Apothekern > Tiergesundheit,3,1,6406798,Beauty & Gesundheit
6406799,Beauty & Gesundheit > Parfums,2,1,6406799,Beauty & Gesundheit
6406800,Beauty & Gesundheit > Parfums > Herren,3,1,6406800,Beauty & Gesundheit
6406661,Beauty & Gesundheit > Pflege- & Medizinischer Bedarf,2,1,6406661,Beauty & Gesundheit
6407188,Beauty & Gesundheit > Pflege- & Medizinischer Bedarf > Kälte- & Wärmetherapie,3,1,6407188,Beauty & Gesundheit
6407189,Beauty & Gesundheit > Pflege- & Medizinischer Bedarf > Kälte- & Wärmetherapie > Infrarot- & Wärmegeräte,4,1,6407189,Beauty & Gesundheit
6407190,Beauty & Gesundheit > Tattoo & Body Art,2,1,6407190,Beauty & Gesundheit
6407191,Beauty & Gesundheit > Tattoo & Body Art > Tattoo-Zubehör,3,1,6407191,Beauty & Gesundheit
6407192,Beauty & Gesundheit > Tattoo & Body Art > Tattoo-Zubehör > Tattoo-Armlehnen & -Ständer,4,1,6407192,Beauty & Gesundheit
6406813,Briefmarken,1,1,6406813,Briefmarken
6406814,Briefmarken > Afrika,2,1,6406814,Briefmarken
6406815,Briefmarken > Afrika > Niger,3,1,6406815,Briefmarken
6406816,Briefmarken > Motive,2,1,6406816,Briefmarken
6406817,Briefmarken > Motive > Geschichte,3,1,6406817,Briefmarken
6406668,Bücher & Zeitschriften,1,1,6406668,Bücher & Zeitschriften
6406669,Bücher & Zeitschriften > Bücher,2,1,6406669,Bücher & Zeitschriften
6406670,"Bücher & Zeitschriften > Fachbücher, Lernen & Nachschlagen",2,1,6406670,Bücher & Zeitschriften
6406671,Büro & Schreibwaren,1,1,6406671,Büro & Schreibwaren
6406818,Büro & Schreibwaren > Büromöbel,2,1,6406818,Büro & Schreibwaren
6407205,Büro & Schreibwaren > Büromöbel > Leuchten & Leuchtmittel,3,1,6407205,Büro & Schreibwaren
6407206,Büro & Schreibwaren > Büromöbel > Leuchten & Leuchtmittel > Stehleuchten,4,1,6407206,Büro & Schreibwaren
6407207,Büro & Schreibwaren > Büromöbel > Schränke & Regale,3,1,6407207,Büro & Schreibwaren
6407208,Büro & Schreibwaren > Büromöbel > Schränke & Regale > Aktenschränke,4,1,6407208,Büro & Schreibwaren
6406819,Büro & Schreibwaren > Büromöbel > Sitzmöbel,3,1,6406819,Büro & Schreibwaren
6406820,Büro & Schreibwaren > Bürotechnik,2,1,6406820,Büro & Schreibwaren
6406821,Büro & Schreibwaren > Bürotechnik > Schreibmaschinen-Zubehör,3,1,6406821,Büro & Schreibwaren
6407209,"Büro & Schreibwaren > Papier, Büro- & Schreibwaren",2,1,6407209,Büro & Schreibwaren
6407210,"Büro & Schreibwaren > Papier, Büro- & Schreibwaren > Papier, Hefte & Blöcke",3,1,6407210,Büro & Schreibwaren
6407211,"Büro & Schreibwaren > Papier, Büro- & Schreibwaren > Papier, Hefte & Blöcke > Briefpapier & Karten",4,1,6407211,Büro & Schreibwaren
6407212,"Büro & Schreibwaren > Papier, Büro- & Schreibwaren > Schreiben & Korrigieren",3,1,6407212,Büro & Schreibwaren
6407213,"Büro & Schreibwaren > Papier, Büro- & Schreibwaren > Schreiben & Korrigieren > Bleistifte & Druckbleistifte",4,1,6407213,Büro & Schreibwaren
6407214,"Büro & Schreibwaren > Papier, Büro- & Schreibwaren > Schreiben & Korrigieren > Filzstifte",4,1,6407214,Büro & Schreibwaren
6407215,"Büro & Schreibwaren > Papier, Büro- & Schreibwaren > Schreiben & Korrigieren > Füllfederhalter",4,1,6407215,Büro & Schreibwaren
6406672,Büro & Schreibwaren > Schulbedarf,2,1,6406672,Büro & Schreibwaren
6407216,Büro & Schreibwaren > Schulbedarf > Schul- & Jugendschreibgeräte,3,1,6407216,Büro & Schreibwaren
6407217,Büro & Schreibwaren > Schulbedarf > Schul- & Jugendschreibgeräte > Bleistifte,4,1,6407217,Büro & Schreibwaren
6406822,Business & Industrie,1,1,6406822,Business & Industrie
6406823,Business & Industrie > 3D-Druck & Prototypen,2,1,6406823,Business & Industrie
6406824,Business & Industrie > 3D-Druck & Prototypen > 3D-Drucker-Filamente,3,1,6406824,Business & Industrie
6407218,Business & Industrie > 3D-Druck & Prototyping,2,1,6407218,Business & Industrie
6407219,Business & Industrie > 3D-Druck & Prototyping > 3D-Drucker-Teile & Zubehör,3,1,6407219,Business & Industrie
6407220,Business & Industrie > 3D-Druck & Prototyping > 3D-Drucker-Teile & Zubehör > 3D-Drucker-Filament,4,1,6407220,Business & Industrie
6467444,"Business & Industrie > Agrar, Forst & Kommune",2,1,6467444,Business & Industrie
6467445,"Business & Industrie > Agrar, Forst & Kommune > Ersatzteile, Teile & Zubehör",3,1,6467445,Business & Industrie
6467446,"Business & Industrie > Agrar, Forst & Kommune > Ersatzteile, Teile & Zubehör > Teile & Zubehör Traktoren",4,1,6467446,Business & Industrie
6467447,"Business & Industrie > Agrar, Forst & Kommune > Ersatzteile, Teile & Zubehör > Teile & Zubehör Traktoren > Antrieb, Motor & Getriebe",5,1,6467447,Business & Industrie
6467448,"Business & Industrie > Agrar, Forst & Kommune > Ersatzteile, Teile & Zubehör > Teile & Zubehör Traktoren > Antrieb, Motor & Getriebe > Dichtungen",6,1,6467448,Business & Industrie
6467455,"Business & Industrie > Automation, Antriebe & Motoren",2,1,6467455,Business & Industrie
6407510,Business & Industrie > Elektronik & Messtechnik,2,1,6407510,Business & Industrie
6407511,Business & Industrie > Elektronik & Messtechnik > Kabel & Leitungen,3,1,6407511,Business & Industrie
6407512,Business & Industrie > Elektronik & Messtechnik > Kabel & Leitungen > Kabelverbinder & Anschlussklemmen,4,1,6407512,Business & Industrie
6407513,Business & Industrie > Elektronik & Messtechnik > Kabel & Leitungen > Kabelverbinder & Anschlussklemmen > Leitungs- & Kabelverbinder,5,1,6407513,Business & Industrie
6407514,Business & Industrie > Großhandel & Sonderposten,2,1,6407514,Business & Industrie
6407515,Business & Industrie > Großhandel & Sonderposten > Kleidung & Accessoires(Posten),3,1,6407515,Business & Industrie
6407516,Business & Industrie > Großhandel & Sonderposten > Kleidung & Accessoires(Posten) > Herrenbekleidung,4,1,6407516,Business & Industrie
6407517,Business & Industrie > Großhandel & Sonderposten > Kleidung & Accessoires(Posten) > Herrenbekleidung > Unterwäsche,5,1,6407517,Business & Industrie
6407221,Business & Industrie > Sicherheit & Gebäudeinstandhaltung,2,1,6407221,Business & Industrie
6407222,Business & Industrie > Sicherheit & Gebäudeinstandhaltung > Persönliche Schutzausrüstung,3,1,6407222,Business & Industrie
6467410,Business & Industrie > Sicherheit & Gebäudeinstandhaltung > Persönliche Schutzausrüstung > Arbeitshandschuhe,4,1,6467410,Business & Industrie
6407223,Business & Industrie > Sicherheit & Gebäudeinstandhaltung > Persönliche Schutzausrüstung > Sicherheitswesten,4,1,6407223,Business & Industrie
6406673,"Computer, Tablets & Netzwerk",1,1,6406673,"Computer, Tablets & Netzwerk"
6406825,"Computer, Tablets & Netzwerk > 3D-Druck & -Scan",2,1,6406825,"Computer, Tablets & Netzwerk"
6406826,"Computer, Tablets & Netzwerk > 3D-Druck & -Scan > 3D-Drucker-Filamente",3,1,6406826,"Computer, Tablets & Netzwerk"
6406674,"Computer, Tablets & Netzwerk > Computer-Komponenten & -Teile",2,1,6406674,"Computer, Tablets & Netzwerk"
6406827,"Computer, Tablets & Netzwerk > Computer-Komponenten & -Teile > Arbeitsspeicher (RAM)",3,1,6406827,"Computer, Tablets & Netzwerk"
6406828,"Computer, Tablets & Netzwerk > Computer-Komponenten & -Teile > Mainboards",3,1,6406828,"Computer, Tablets & Netzwerk"
6406675,"Computer, Tablets & Netzwerk > Drucker, Scanner & Zubehör",2,1,6406675,"Computer, Tablets & Netzwerk"
6406829,"Computer, Tablets & Netzwerk > Drucker, Scanner & Zubehör > Drucker",3,1,6406829,"Computer, Tablets & Netzwerk"
6406830,"Computer, Tablets & Netzwerk > Drucker, Scanner & Zubehör > Tinte, Toner & Papier",3,1,6406830,"Computer, Tablets & Netzwerk"
6407224,"Computer, Tablets & Netzwerk > Drucker, Scanner & Zubehör > Tinte, Toner & Papier > Tintenpatronen",4,1,6407224,"Computer, Tablets & Netzwerk"
6406831,"Computer, Tablets & Netzwerk > Heimnetzwerke & Zubehör",2,1,6406831,"Computer, Tablets & Netzwerk"
6406832,"Computer, Tablets & Netzwerk > Heimnetzwerke & Zubehör > Kabelgebundene Router",3,1,6406832,"Computer, Tablets & Netzwerk"
6406677,"Computer, Tablets & Netzwerk > Kabel & Steckverbinder",2,1,6406677,"Computer, Tablets & Netzwerk"
6407225,"Computer, Tablets & Netzwerk > Kabel & Steckverbinder > Netzwerkkabel & Adapter",3,1,6407225,"Computer, Tablets & Netzwerk"
6407226,"Computer, Tablets & Netzwerk > Kabel & Steckverbinder > Netzwerkkabel & Adapter > Splitter, Koppler & Adapter",4,1,6407226,"Computer, Tablets & Netzwerk"
6406833,"Computer, Tablets & Netzwerk > Kabel & Steckverbinder > USB-Kabel, -Hubs & -Adapter",3,1,6406833,"Computer, Tablets & Netzwerk"
6407227,"Computer, Tablets & Netzwerk > Laufwerke & Speichermedien",2,1,6407227,"Computer, Tablets & Netzwerk"
6407228,"Computer, Tablets & Netzwerk > Laufwerke & Speichermedien > Festplatten (HDD, SSD & NAS)",3,1,6407228,"Computer, Tablets & Netzwerk"
6407229,"Computer, Tablets & Netzwerk > Laufwerke & Speichermedien > Festplatten (HDD, SSD & NAS) > Solid State Drives (SSD)",4,1,6407229,"Computer, Tablets & Netzwerk"
6406834,"Computer, Tablets & Netzwerk > Laufwerke, Speichermedien & Rohlinge",2,1,6406834,"Computer, Tablets & Netzwerk"
6406835,"Computer, Tablets & Netzwerk > Laufwerke, Speichermedien & Rohlinge > Interne Solid State Drives (SSDs)",3,1,6406835,"Computer, Tablets & Netzwerk"
6406836,"Computer, Tablets & Netzwerk > Laufwerke, Speichermedien & Rohlinge > Interne SSDs",3,1,6406836,"Computer, Tablets & Netzwerk"
6406837,"Computer, Tablets & Netzwerk > Notebook- & Desktop-Zubehör",2,1,6406837,"Computer, Tablets & Netzwerk"
6406838,"Computer, Tablets & Netzwerk > Notebook- & Desktop-Zubehör > Mauspads & Handgelenkauflagen",3,1,6406838,"Computer, Tablets & Netzwerk"
6406839,"Computer, Tablets & Netzwerk > Notebook- & Desktop-Zubehör > Ständer, Halter & Autohalterungen",3,1,6406839,"Computer, Tablets & Netzwerk"
6406678,"Computer, Tablets & Netzwerk > Tastaturen, Mäuse & Pointing",2,1,6406678,"Computer, Tablets & Netzwerk"
6406680,Damen Unterwäsche,1,1,6406680,Damen Unterwäsche
6406681,Damen Unterwäsche > Slips,2,1,6406681,Damen Unterwäsche
6406685,Damenunterwäsche,1,1,6406685,Damenunterwäsche
6406686,Damenunterwäsche > BHs,2,1,6406686,Damenunterwäsche
6406687,Damenunterwäsche > String,2,1,6406687,Damenunterwäsche
6488362,Damenunterwäsche > Strings & Tangas,2,1,6488362,Damenunterwäsche
6406843,Elektronik & Computer,1,1,6406843,Elektronik & Computer
6406844,Elektronik & Computer > Audio & Hi-Fi,2,1,6406844,Elektronik & Computer
6406845,Elektronik & Computer > Audio & Hi-Fi > Kopfhörer,3,1,6406845,Elektronik & Computer
6467148,Elektronik & Computer > Computer,2,1,6467148,Elektronik & Computer
6467279,Elektronik & Computer > Computer > Drucken & Scannen,3,1,6467279,Elektronik & Computer
6467280,Elektronik & Computer > Computer > Drucken & Scannen > Druckerzubehör,4,1,6467280,Elektronik & Computer
6467281,Elektronik & Computer > Computer > Drucken & Scannen > Druckerzubehör > 3D Druckerzubehör,5,1,6467281,Elektronik & Computer
6467149,Elektronik & Computer > Computer > Hardware,3,1,6467149,Elektronik & Computer
6467150,Elektronik & Computer > Computer > Hardware > Speichermedien,4,1,6467150,Elektronik & Computer
6467151,Elektronik & Computer > Computer > Hardware > Speichermedien > Festplatten & Zubehör,5,1,6467151,Elektronik & Computer
6467152,Elektronik & Computer > Computer > Hardware > Speichermedien > Festplatten & Zubehör > Festplatten,6,1,6467152,Elektronik & Computer
6467153,Elektronik & Computer > Computer > Hardware > Speichermedien > Festplatten & Zubehör > Festplatten > Externe Solid State Drives,7,1,6467153,Elektronik & Computer
6467236,Elektronik & Computer > Elektronik,2,1,6467236,Elektronik & Computer
6467237,Elektronik & Computer > Elektronik > Heimkino & Audio,3,1,6467237,Elektronik & Computer
6467238,Elektronik & Computer > Elektronik > Heimkino & Audio > Hifi & Soundsysteme,4,1,6467238,Elektronik & Computer
6467239,Elektronik & Computer > Elektronik > Heimkino & Audio > Hifi & Soundsysteme > Kopfhörer-Zubehör,5,1,6467239,Elektronik & Computer
6467434,Elektronik & Computer > Kabel & Kabelzubehör,2,1,6467434,Elektronik & Computer
6467435,Elektronik & Computer > Kabel & Kabelzubehör > Kabel,3,1,6467435,Elektronik & Computer
6467436,Elektronik & Computer > Kabel & Kabelzubehör > Kabel > Handykabel,4,1,6467436,Elektronik & Computer
6406690,Erotikartikel,1,1,6406690,Erotikartikel
6406691,Erotikartikel > Vibratoren,2,1,6406691,Erotikartikel
6406847,Filme & Serien,1,1,6406847,Filme & Serien
6406848,Filme & Serien > Film-Fanartikel,2,1,6406848,Filme & Serien
6406849,Filme & Serien > Film-Fanartikel > Bücher & Skripte,3,1,6406849,Filme & Serien
6406874,Garten,1,1,6406874,Garten
6467135,Garten & Heimwerken,1,1,6467135,Garten & Heimwerken
6467213,Garten & Heimwerken > Baumarkt,2,1,6467213,Garten & Heimwerken
6467214,Garten & Heimwerken > Baumarkt > Badausstattung,3,1,6467214,Garten & Heimwerken
6467215,Garten & Heimwerken > Baumarkt > Badausstattung > Badkeramik,4,1,6467215,Garten & Heimwerken
6467216,Garten & Heimwerken > Baumarkt > Badausstattung > Badkeramik > Waschtische,5,1,6467216,Garten & Heimwerken
6467453,Garten & Heimwerken > Baumarkt > Badausstattung > Duschen,4,1,6467453,Garten & Heimwerken
6467308,Garten & Heimwerken > Baumarkt > Badausstattung > Handtuchhalter & -haken,4,1,6467308,Garten & Heimwerken
6467330,Garten & Heimwerken > Baumarkt > Bauelemente,3,1,6467330,Garten & Heimwerken
6467353,Garten & Heimwerken > Baumarkt > Umzugsmaterial,3,1,6467353,Garten & Heimwerken
6467354,Garten & Heimwerken > Baumarkt > Umzugsmaterial > Transporthilfsmittel,4,1,6467354,Garten & Heimwerken
6467430,Garten & Heimwerken > Baumarkt > Werkzeuge,3,1,6467430,Garten & Heimwerken
6467456,Garten & Heimwerken > Baumarkt > Werkzeuge > Elektrowerkzeuge,4,1,6467456,Garten & Heimwerken
6467457,Garten & Heimwerken > Baumarkt > Werkzeuge > Elektrowerkzeuge > Bohrmaschinen & Zubehör,5,1,6467457,Garten & Heimwerken
6467458,Garten & Heimwerken > Baumarkt > Werkzeuge > Elektrowerkzeuge > Bohrmaschinen & Zubehör > Bohrmaschinenzubehör,6,1,6467458,Garten & Heimwerken
6467459,Garten & Heimwerken > Baumarkt > Werkzeuge > Elektrowerkzeuge > Bohrmaschinen & Zubehör > Bohrmaschinenzubehör > Allzweckbohrer,7,1,6467459,Garten & Heimwerken
6473389,Garten & Heimwerken > Baumarkt > Werkzeuge > Elektrowerkzeuge > Schleifmaschinen & Zubehör,5,1,6473389,Garten & Heimwerken
6467431,Garten & Heimwerken > Baumarkt > Werkzeuge > Handwerkzeuge,4,1,6467431,Garten & Heimwerken
6467302,Garten & Heimwerken > Garten,2,1,6467302,Garten & Heimwerken
6467380,Garten & Heimwerken > Garten > Außen- & Gartenbeleuchtung,3,1,6467380,Garten & Heimwerken
6467381,Garten & Heimwerken > Garten > Außen- & Gartenbeleuchtung > Lampenöle,4,1,6467381,Garten & Heimwerken
6467316,Garten & Heimwerken > Garten > Gartengeräte,3,1,6467316,Garten & Heimwerken
6467317,Garten & Heimwerken > Garten > Gartengeräte > Motor-Gartengeräte,4,1,6467317,Garten & Heimwerken
6467318,Garten & Heimwerken > Garten > Gartenmöbel & Zubehör,3,1,6467318,Garten & Heimwerken
6467319,Garten & Heimwerken > Garten > Gartenmöbel & Zubehör > Gartenmöbel,4,1,6467319,Garten & Heimwerken
6467320,Garten & Heimwerken > Garten > Gartenmöbel & Zubehör > Gartenmöbel > Gartenliegen,5,1,6467320,Garten & Heimwerken
6467303,Garten & Heimwerken > Garten > Grills & Zubehör,3,1,6467303,Garten & Heimwerken
6467384,Garten & Heimwerken > Garten > Grills & Zubehör > Grills,4,1,6467384,Garten & Heimwerken
6467385,Garten & Heimwerken > Garten > Grills & Zubehör > Grills > Holzkohlegrills,5,1,6467385,Garten & Heimwerken
6467304,Garten & Heimwerken > Garten > Grills & Zubehör > Grillzubehör,4,1,6467304,Garten & Heimwerken
6467305,Garten & Heimwerken > Garten > Grills & Zubehör > Grillzubehör > Kohleschalen,5,1,6467305,Garten & Heimwerken
6467136,Garten & Heimwerken > Tierbedarf,2,1,6467136,Garten & Heimwerken
6467157,Garten & Heimwerken > Tierbedarf > Hundezubehör,3,1,6467157,Garten & Heimwerken
6467158,Garten & Heimwerken > Tierbedarf > Hundezubehör > Hundebekleidung,4,1,6467158,Garten & Heimwerken
6467368,Garten & Heimwerken > Tierbedarf > Hundezubehör > Hundebekleidung > Hundemäntel,5,1,6467368,Garten & Heimwerken
6467179,Garten & Heimwerken > Tierbedarf > Hundezubehör > Hundebekleidung > Hundeschutzhosen,5,1,6467179,Garten & Heimwerken
6467159,Garten & Heimwerken > Tierbedarf > Hundezubehör > Hundebekleidung > Sicherheitswesten,5,1,6467159,Garten & Heimwerken
6467137,Garten & Heimwerken > Tierbedarf > Vogelbedarf,3,1,6467137,Garten & Heimwerken
6467138,Garten & Heimwerken > Tierbedarf > Vogelbedarf > Vogelzubehör,4,1,6467138,Garten & Heimwerken
6467139,Garten & Heimwerken > Tierbedarf > Vogelbedarf > Vogelzubehör > Vogelkäfige,5,1,6467139,Garten & Heimwerken
6406692,Garten & Terrasse,1,1,6406692,Garten & Terrasse
6406850,Garten & Terrasse > Beleuchtung,2,1,6406850,Garten & Terrasse
6406851,Garten & Terrasse > Beleuchtung > Garten- & Terrassenfackeln,3,1,6406851,Garten & Terrasse
6406853,Garten & Terrasse > Beleuchtung > Solarleuchten,3,1,6406853,Garten & Terrasse
6406854,Garten & Terrasse > Beleuchtung > Strahler & Flutlichter,3,1,6406854,Garten & Terrasse
6406856,Garten & Terrasse > Gartenbauten & Sonnenschutz,2,1,6406856,Garten & Terrasse
6406857,Garten & Terrasse > Gartenbauten & Sonnenschutz > Sonnenschirmzubehör,3,1,6406857,Garten & Terrasse
6407230,Garten & Terrasse > Gartengeräte,2,1,6407230,Garten & Terrasse
6407231,Garten & Terrasse > Gartengeräte > Motor- & Elektrogeräte,3,1,6407231,Garten & Terrasse
6407232,Garten & Terrasse > Gartengeräte > Motor- & Elektrogeräte > Multifunktionsgeräte,4,1,6407232,Garten & Terrasse
6406858,Garten & Terrasse > Gartenmöbel,2,1,6406858,Garten & Terrasse
6406859,Garten & Terrasse > Gartenmöbel > Gartenliegen,3,1,6406859,Garten & Terrasse
6406693,Garten & Terrasse > Gartenmöbel-Sets,2,1,6406693,Garten & Terrasse
6407233,"Garten & Terrasse > Grills, Heizstrahler & Picknick",2,1,6407233,Garten & Terrasse
6407234,"Garten & Terrasse > Grills, Heizstrahler & Picknick > Grillzubehör",3,1,6407234,Garten & Terrasse
6407235,"Garten & Terrasse > Grills, Heizstrahler & Picknick > Grillzubehör > Grillkörbe & -schalen",4,1,6407235,Garten & Terrasse
6406860,"Garten & Terrasse > Grills, Heizstrahler & Picknickzubehör",2,1,6406860,Garten & Terrasse
6406862,"Garten & Terrasse > Grills, Heizstrahler & Picknickzubehör > Grills",3,1,6406862,Garten & Terrasse
6406863,"Garten & Terrasse > Grills, Heizstrahler & Picknickzubehör > Grillzubehör",3,1,6406863,Garten & Terrasse
6406865,"Garten & Terrasse > Grills, Heizstrahler & Picknickzubehör > Servierwagen",3,1,6406865,Garten & Terrasse
6406866,Garten & Terrasse > Möbel,2,1,6406866,Garten & Terrasse
6406867,Garten & Terrasse > Möbel > Möbelschutzhüllen,3,1,6406867,Garten & Terrasse
6406868,Garten & Terrasse > Möbel > Tische,3,1,6406868,Garten & Terrasse
6406694,Garten & Terrasse > Motor-Gartengeräte & -zubehör,2,1,6406694,Garten & Terrasse
6406869,Garten & Terrasse > Motor-Gartengeräte & -zubehör > Kettensägen-Ersatzteile,3,1,6406869,Garten & Terrasse
6406870,Garten & Terrasse > Motor-Gartengeräte & -zubehör > Kettensägen-Zubehör,3,1,6406870,Garten & Terrasse
6406872,"Garten & Terrasse > Pflanzenpflege, Boden & Zubehör",2,1,6406872,Garten & Terrasse
6406873,"Garten & Terrasse > Pflanzenpflege, Boden & Zubehör > Frostschutz",3,1,6406873,Garten & Terrasse
6406875,Garten > Grills,2,1,6406875,Garten
6406876,Garten > Grills > Holzkohlegrill,3,1,6406876,Garten
6406877,Gastronomie & Hotellerie,1,1,6406877,Gastronomie & Hotellerie
6406878,Gastronomie & Hotellerie > Küchengeräte & Ausstattung,2,1,6406878,Gastronomie & Hotellerie
6406879,Gastronomie & Hotellerie > Küchengeräte & Ausstattung > Speisewärmer & Chafing Dishes,3,1,6406879,Gastronomie & Hotellerie
6406881,Gastronomie & Hotellerie > Küchentechnik & -geräte,2,1,6406881,Gastronomie & Hotellerie
6406882,Gastronomie & Hotellerie > Küchentechnik & -geräte > Gastronormbehälter,3,1,6406882,Gastronomie & Hotellerie
6406884,Gesundheit & Körperpflege,1,1,6406884,Gesundheit & Körperpflege
6406885,Gesundheit & Körperpflege > Mundpflege,2,1,6406885,Gesundheit & Körperpflege
6406886,Gesundheit & Körperpflege > Mundpflege > Interdentalbürsten,3,1,6406886,Gesundheit & Körperpflege
6406887,Gesundheit & Schönheit,1,1,6406887,Gesundheit & Schönheit
6407236,Gesundheit & Schönheit > Körperpflege,2,1,6407236,Gesundheit & Schönheit
6407237,Gesundheit & Schönheit > Körperpflege > Nagelpflege,3,1,6407237,Gesundheit & Schönheit
6407238,Gesundheit & Schönheit > Körperpflege > Nagelpflege > Nagelpilzbehandlung,4,1,6407238,Gesundheit & Schönheit
6407239,Gesundheit & Schönheit > Mobilität & Alltagshilfen,2,1,6407239,Gesundheit & Schönheit
6407240,Gesundheit & Schönheit > Mobilität & Alltagshilfen > Rollstuhl-Zubehör,3,1,6407240,Gesundheit & Schönheit
6407241,Gesundheit & Schönheit > Mobilität & Alltagshilfen > Rollstuhl-Zubehör > Rollstuhl-Sitzkissen,4,1,6407241,Gesundheit & Schönheit
6406888,Gesundheit & Schönheit > Mobilitätshilfen,2,1,6406888,Gesundheit & Schönheit
6406889,Gesundheit & Schönheit > Mobilitätshilfen > Rollatoren,3,1,6406889,Gesundheit & Schönheit
6406695,Handy-Zubehör,1,1,6406695,Handy-Zubehör
6406890,Handy-Zubehör > Halterungen & Ständer,2,1,6406890,Handy-Zubehör
6406891,Handy-Zubehör > Halterungen & Ständer > KFZ-Halterungen,3,1,6406891,Handy-Zubehör
6406696,Handy-Zubehör > Powerbanks,2,1,6406696,Handy-Zubehör
6406892,Handys & Kommunikation,1,1,6406892,Handys & Kommunikation
6407242,Handys & Kommunikation > Funktechnik,2,1,6407242,Handys & Kommunikation
6407243,Handys & Kommunikation > Funktechnik > Antennen,3,1,6407243,Handys & Kommunikation
6407244,Handys & Kommunikation > Funktechnik > Antennen > Amateurfunkantennen,4,1,6407244,Handys & Kommunikation
6407245,Handys & Kommunikation > Funktechnik > Teile & Zubehör,3,1,6407245,Handys & Kommunikation
6407246,Handys & Kommunikation > Funktechnik > Teile & Zubehör > Filter,4,1,6407246,Handys & Kommunikation
6406893,Handys & Kommunikation > Handy-Zubehör,2,1,6406893,Handys & Kommunikation
6406894,Handys & Kommunikation > Handy-Zubehör > Ladegeräte & Dockingstationen,3,1,6406894,Handys & Kommunikation
6406895,Handys & Kommunikation > Handy-Zubehör > Taschen & Schutzhüllen,3,1,6406895,Handys & Kommunikation
6406896,Haus & Garten,1,1,6406896,Haus & Garten
6407518,Haus & Garten > Bad & Küche,2,1,6407518,Haus & Garten
6407519,Haus & Garten > Bad & Küche > Bad,3,1,6407519,Haus & Garten
6407520,Haus & Garten > Bad & Küche > Bad > Duschen & Duschzubehör,4,1,6407520,Haus & Garten
6407521,Haus & Garten > Bad & Küche > Bad > Duschen & Duschzubehör > Duschschläuche,5,1,6407521,Haus & Garten
6407248,Haus & Garten > Badezimmer,2,1,6407248,Haus & Garten
6407249,Haus & Garten > Badezimmer > Duschen & Duschzubehör,3,1,6407249,Haus & Garten
6407250,Haus & Garten > Badezimmer > Duschen & Duschzubehör > Duschschläuche,4,1,6407250,Haus & Garten
6406897,Haus & Garten > Beleuchtung,2,1,6406897,Haus & Garten
6407251,Haus & Garten > Beleuchtung > Lampen,3,1,6407251,Haus & Garten
6407252,Haus & Garten > Beleuchtung > Lampen > Tischleuchten,4,1,6407252,Haus & Garten
6406898,Haus & Garten > Beleuchtung > LED-Streifen & -Leisten,3,1,6406898,Haus & Garten
6406899,Haus & Garten > Möbel,2,1,6406899,Haus & Garten
6407253,Haus & Garten > Möbel > Betten & Matratzen,3,1,6407253,Haus & Garten
6407254,Haus & Garten > Möbel > Betten & Matratzen > Matratzenauflagen & Topper,4,1,6407254,Haus & Garten
6406900,Haus & Garten > Möbel > Garderoben & Kleiderständer,3,1,6406900,Haus & Garten
6407255,"Haus, Garten & Baumarkt",1,1,6407255,"Haus, Garten & Baumarkt"
6407256,"Haus, Garten & Baumarkt > Bad & Küche",2,1,6407256,"Haus, Garten & Baumarkt"
6407257,"Haus, Garten & Baumarkt > Bad & Küche > Badarmaturen",3,1,6407257,"Haus, Garten & Baumarkt"
6407258,"Haus, Garten & Baumarkt > Bad & Küche > Badarmaturen > Waschtischarmaturen",4,1,6407258,"Haus, Garten & Baumarkt"
6407259,"Haus, Garten & Baumarkt > Garten & Terrasse",2,1,6407259,"Haus, Garten & Baumarkt"
6407260,"Haus, Garten & Baumarkt > Garten & Terrasse > Beleuchtung",3,1,6407260,"Haus, Garten & Baumarkt"
6407261,"Haus, Garten & Baumarkt > Garten & Terrasse > Beleuchtung > Solarleuchten",4,1,6407261,"Haus, Garten & Baumarkt"
6406697,Haushalt,1,1,6406697,Haushalt
6481830,Haushalt & Wohnen,1,1,6481830,Haushalt & Wohnen
6481841,"Haushalt & Wohnen > Küche, Haushalt & Wohnen",2,1,6481841,Haushalt & Wohnen
6481847,"Haushalt & Wohnen > Küche, Haushalt & Wohnen > Mülleimer & Abfallsammler",3,1,6481847,Haushalt & Wohnen
6481853,"Haushalt & Wohnen > Küche, Haushalt & Wohnen > Mülleimer & Abfallsammler > Einbau-Abfallsammler",4,1,6481853,Haushalt & Wohnen
6406901,Haushalt > Kleine Küchengeräte,2,1,6406901,Haushalt
6406902,Haushalt > Kleine Küchengeräte > Kühlboxen & Mini-Kühlschränke,3,1,6406902,Haushalt
6407262,Haushalt > Küche,2,1,6407262,Haushalt
6407263,Haushalt > Küche > Küchengeräte Zubehör,3,1,6407263,Haushalt
6407264,Haushalt > Küche > Küchengeräte Zubehör > Wassersprudler Zubehör,4,1,6407264,Haushalt
6407265,"Haushalt > Küche, Kochen & Genießen",2,1,6407265,Haushalt
6407267,"Haushalt > Küche, Kochen & Genießen > Küchengeräte",3,1,6407267,Haushalt
6407268,"Haushalt > Küche, Kochen & Genießen > Küchengeräte > Sodastream & Wassersprudler Zubehör",4,1,6407268,Haushalt
6406698,Haushalt > Reinigungsgeräte,2,1,6406698,Haushalt
6406699,Haushaltsgeräte,1,1,6406699,Haushaltsgeräte
6406700,Haushaltsgeräte > Geschirrspülmaschinen,2,1,6406700,Haushaltsgeräte
6406903,"Haushaltsgeräte > Kaffee-, Tee- & Espressomaschinen",2,1,6406903,Haushaltsgeräte
6406904,"Haushaltsgeräte > Kaffee-, Tee- & Espressomaschinen > Filter-Kaffeemaschinen",3,1,6406904,Haushaltsgeräte
6406905,"Haushaltsgeräte > Kaffee-, Tee- & Espressomaschinen > Kaffeevollautomaten",3,1,6406905,Haushaltsgeräte
6406906,Haushaltsgeräte > Kleingeräte Haushalt,2,1,6406906,Haushaltsgeräte
6406907,Haushaltsgeräte > Kleingeräte Haushalt > Dampfreiniger,3,1,6406907,Haushaltsgeräte
6406908,Haushaltsgeräte > Kleingeräte Küche,2,1,6406908,Haushaltsgeräte
6406909,Haushaltsgeräte > Kleingeräte Küche > Entsafter & Saftpressen,3,1,6406909,Haushaltsgeräte
6406910,Haushaltsgeräte > Kleingeräte Küche > Fritteusen,3,1,6406910,Haushaltsgeräte
6406911,Haushaltsgeräte > Kleingeräte Küche > Nudelmaschinen,3,1,6406911,Haushaltsgeräte
6406912,Haushaltsgeräte > Kleingeräte Küche > Standmixer,3,1,6406912,Haushaltsgeräte
6406701,Haushaltsgeräte > Klimaanlagen & Heizgeräte,2,1,6406701,Haushaltsgeräte
6407269,Haushaltsgeräte > Klimaanlagen & Heizgeräte > Ventilatoren & Luftbehandlung,3,1,6407269,Haushaltsgeräte
6407270,Haushaltsgeräte > Klimaanlagen & Heizgeräte > Ventilatoren & Luftbehandlung > Stand- & Tischventilatoren,4,1,6407270,Haushaltsgeräte
6406913,Haushaltsgeräte > Staubsauger & Zubehör,2,1,6406913,Haushaltsgeräte
6406914,Haushaltsgeräte > Staubsauger & Zubehör > Staubsauger,3,1,6406914,Haushaltsgeräte
6406915,Haushaltsgeräte > Staubsauger & Zubehör > Staubsaugerzubehör,3,1,6406915,Haushaltsgeräte
6406916,Haushaltsgeräte > Waschmaschinen & Trockner,2,1,6406916,Haushaltsgeräte
6406917,Haushaltsgeräte > Waschmaschinen & Trockner > Waschmaschinen- & Trocknerteile,3,1,6406917,Haushaltsgeräte
6406702,Haustierbedarf,1,1,6406702,Haustierbedarf
6406703,Haustierbedarf > Fische & Aquarien,2,1,6406703,Haustierbedarf
6406918,Haustierbedarf > Hunde,2,1,6406918,Haustierbedarf
6406919,Haustierbedarf > Hunde > Hundeboxen & -käfige,3,1,6406919,Haustierbedarf
6406920,Haustierbedarf > Katzen,2,1,6406920,Haustierbedarf
6406921,Haustierbedarf > Katzen > Kratzbäume & Möbel,3,1,6406921,Haustierbedarf
6406922,Haustierbedarf > Katzen > Näpfe & Trinkbrunnen,3,1,6406922,Haustierbedarf
6406704,Haustierbedarf > Vogelkäfige & Volieren,2,1,6406704,Haustierbedarf
6406705,Heimwerker,1,1,6406705,Heimwerker
6406706,Heimwerker > Bad & Küche,2,1,6406706,Heimwerker
6407271,Heimwerker > Bad & Küche > Armaturen,3,1,6407271,Heimwerker
6407272,Heimwerker > Bad & Küche > Armaturen > Waschtischarmaturen,4,1,6407272,Heimwerker
6406923,Heimwerker > Bad & Küche > Bad,3,1,6406923,Heimwerker
6407273,Heimwerker > Bad & Küche > Badaccessoires,3,1,6407273,Heimwerker
6407274,Heimwerker > Bad & Küche > Badaccessoires > Handtuchhalter,4,1,6407274,Heimwerker
6407275,Heimwerker > Bad & Küche > Badarmaturen,3,1,6407275,Heimwerker
6407276,Heimwerker > Bad & Küche > Badarmaturen > Waschtischarmaturen,4,1,6407276,Heimwerker
6406924,Heimwerker > Bad & Küche > Küche,3,1,6406924,Heimwerker
6407277,Heimwerker > Bad & Küche > Küche > Küchenarmaturen,4,1,6407277,Heimwerker
6406925,Heimwerker > Elektromaterial,2,1,6406925,Heimwerker
6406926,"Heimwerker > Elektromaterial > Steckdosen, Schalter & Zubehör",3,1,6406926,Heimwerker
6407522,"Heimwerker > Elektromaterial > Steckdosen, Schalter & Zubehör > Smart-Steckdosen, -Wandschalter & -Zwischenstecker",4,1,6407522,Heimwerker
6407523,"Heimwerker > Elektromaterial > Steckdosen, Schalter & Zubehör > Smart-Steckdosen, -Wandschalter & -Zwischenstecker > Smart-Wandschalter",5,1,6407523,Heimwerker
6407278,Heimwerker > Erneuerbare Energie,2,1,6407278,Heimwerker
6407279,Heimwerker > Erneuerbare Energie > Solarenergie,3,1,6407279,Heimwerker
6407280,Heimwerker > Erneuerbare Energie > Solarenergie > Solarmodule,4,1,6407280,Heimwerker
6406927,"Heimwerker > Farben, Lasuren & Lacke",2,1,6406927,Heimwerker
6406928,"Heimwerker > Farben, Lasuren & Lacke > Holzschutzmittel",3,1,6406928,Heimwerker
6406929,"Heimwerker > Farben, Tapeten & Zubehör",2,1,6406929,Heimwerker
6406930,"Heimwerker > Farben, Tapeten & Zubehör > Tapeten, Werkzeuge & Zubehör",3,1,6406930,Heimwerker
6407281,"Heimwerker > Heizen, Klima & Sanitär",2,1,6407281,Heimwerker
6407282,"Heimwerker > Heizen, Klima & Sanitär > Heizungs-, Klima- & Sanitärprüfgeräte",3,1,6407282,Heimwerker
6407283,"Heimwerker > Heizen, Klima & Sanitär > Heizungs-, Klima- & Sanitärprüfgeräte > Rohrinstallations-Sets",4,1,6407283,Heimwerker
6407284,"Heimwerker > Heizen, Klima & Sanitär > Wasser",3,1,6407284,Heimwerker
6407285,"Heimwerker > Heizen, Klima & Sanitär > Wasser > Pumpen & Wasserfiltersysteme",4,1,6407285,Heimwerker
6407286,"Heimwerker > Heizen, Klima & Sanitär > Wasser > Ventile",4,1,6407286,Heimwerker
6406931,Heimwerker > Schrankbeschläge & -teile,2,1,6406931,Heimwerker
6406932,Heimwerker > Schrankbeschläge & -teile > Schubladenschienen,3,1,6406932,Heimwerker
6406933,"Heimwerker > Schwimmbecken, Saunen & Außenwhirlpools",2,1,6406933,Heimwerker
6406934,"Heimwerker > Schwimmbecken, Saunen & Außenwhirlpools > Schwimmbeckenbedarf",3,1,6406934,Heimwerker
6406935,Heimwerker > Werkzeuge,2,1,6406935,Heimwerker
6406936,Heimwerker > Werkzeuge > Elektrowerkzeug- & Druckluftgerät-Zubehör,3,1,6406936,Heimwerker
6407287,Heimwerker > Werkzeuge > Elektrowerkzeug- & Druckluftgerät-Zubehör > Bohrer-Bits,4,1,6407287,Heimwerker
6406937,Heimwerker > Werkzeuge > Elektrowerkzeuge,3,1,6406937,Heimwerker
6407288,Heimwerker > Werkzeuge > Elektrowerkzeuge > Schleifmaschinen,4,1,6407288,Heimwerker
6406938,Heimwerker > Werkzeuge > Handwerkzeuge,3,1,6406938,Heimwerker
6407289,Heimwerker > Werkzeuge > Handwerkzeuge > Messer,4,1,6407289,Heimwerker
6407290,Heimwerker > Werkzeuge > Handwerkzeuge > Schraubenschlüssel,4,1,6407290,Heimwerker
6407524,Heimwerker > Werkzeuge > Handwerkzeuge > Schraubenschlüssel > Steckschlüssel,5,1,6407524,Heimwerker
6407291,Heimwerker > Werkzeuge > Handwerkzeuge > Seilzüge & Winden,4,1,6407291,Heimwerker
6406939,Heimwerker > Werkzeuge > Messwerkzeuge & Messgeräte,3,1,6406939,Heimwerker
6407292,Heimwerker > Werkzeuge > Messwerkzeuge & Messgeräte > Messschieber,4,1,6407292,Heimwerker
6406943,Kleidung & Accessoires,1,1,6406943,Kleidung & Accessoires
6488402,Kleidung & Accessoires > Bademäntel,2,1,6488402,Kleidung & Accessoires
6488437,Kleidung & Accessoires > Bademoden,2,1,6488437,Kleidung & Accessoires
6488439,Kleidung & Accessoires > Bademoden > Bikinis,3,1,6488439,Kleidung & Accessoires
6488450,Kleidung & Accessoires > Bademoden > Bikinis > Bikini-Oberteile,4,1,6488450,Kleidung & Accessoires
6488463,Kleidung & Accessoires > Berufsbekleidung,2,1,6488463,Kleidung & Accessoires
6488383,Kleidung & Accessoires > Businesskleidungen,2,1,6488383,Kleidung & Accessoires
6488456,Kleidung & Accessoires > Businesskleidungen > Blazer,3,1,6488456,Kleidung & Accessoires
6488385,Kleidung & Accessoires > Businesskleidungen > Hosenanzüge,3,1,6488385,Kleidung & Accessoires
6406944,Kleidung & Accessoires > Damen,2,1,6406944,Kleidung & Accessoires
6407525,Kleidung & Accessoires > Damen > Damen-Accessoires,3,1,6407525,Kleidung & Accessoires
6407526,Kleidung & Accessoires > Damen > Damen-Accessoires > Sonnenbrillen & Zubehör,4,1,6407526,Kleidung & Accessoires
6407527,Kleidung & Accessoires > Damen > Damen-Accessoires > Sonnenbrillen & Zubehör > Sonnenbrillen,5,1,6407527,Kleidung & Accessoires
6467276,Kleidung & Accessoires > Damen > Damenmode,3,1,6467276,Kleidung & Accessoires
6467277,Kleidung & Accessoires > Damen > Damenmode > Leggings,4,1,6467277,Kleidung & Accessoires
6406945,Kleidung & Accessoires > Damen > Damenschuhe,3,1,6406945,Kleidung & Accessoires
6407293,Kleidung & Accessoires > Damen > Damenschuhe > Halbschuhe & Ballerinas,4,1,6407293,Kleidung & Accessoires
6407294,Kleidung & Accessoires > Damen > Damenschuhe > Sneaker,4,1,6407294,Kleidung & Accessoires
6407295,Kleidung & Accessoires > Damen > Damenschuhe > Stiefel & Stiefeletten,4,1,6407295,Kleidung & Accessoires
6488213,Kleidung & Accessoires > Damen > Röcke,3,1,6488213,Kleidung & Accessoires
6407296,Kleidung & Accessoires > Damen > Unterwäsche,3,1,6407296,Kleidung & Accessoires
6488296,Kleidung & Accessoires > Damen > Unterwäsche & Nachtwäsche,3,1,6488296,Kleidung & Accessoires
6488298,Kleidung & Accessoires > Damen > Unterwäsche & Nachtwäsche > Schlafanzüge & Pyjamas,4,1,6488298,Kleidung & Accessoires
6407297,Kleidung & Accessoires > Damen > Unterwäsche > Slips & Strings,4,1,6407297,Kleidung & Accessoires
6418474,Kleidung & Accessoires > Damen-Accessoires,2,1,6418474,Kleidung & Accessoires
6418475,Kleidung & Accessoires > Damen-Accessoires > Gürtel,3,1,6418475,Kleidung & Accessoires
6406946,Kleidung & Accessoires > Damenbekleidung,2,1,6406946,Kleidung & Accessoires
6488172,Kleidung & Accessoires > Damenbekleidung > Blazer,3,1,6488172,Kleidung & Accessoires
6488224,Kleidung & Accessoires > Damenbekleidung > Hosen,3,1,6488224,Kleidung & Accessoires
6407298,"Kleidung & Accessoires > Damenbekleidung > Jacken, Mäntel & Westen",3,1,6407298,Kleidung & Accessoires
6407299,"Kleidung & Accessoires > Damenbekleidung > Jacken, Mäntel & Westen > Mäntel",4,1,6407299,Kleidung & Accessoires
6406947,Kleidung & Accessoires > Damenbekleidung > Jeans,3,1,6406947,Kleidung & Accessoires
6488370,Kleidung & Accessoires > Damenbekleidung > Leggings,3,1,6488370,Kleidung & Accessoires
6488173,Kleidung & Accessoires > Damenbekleidung > Mäntel,3,1,6488173,Kleidung & Accessoires
6407300,Kleidung & Accessoires > Damenbekleidung > Pullover & Strickjacken,3,1,6407300,Kleidung & Accessoires
6407301,Kleidung & Accessoires > Damenbekleidung > Pullover & Strickjacken > Pullover,4,1,6407301,Kleidung & Accessoires
6406948,Kleidung & Accessoires > Damenmode,2,1,6406948,Kleidung & Accessoires
6488462,Kleidung & Accessoires > Damenmode > Bodysuits,3,1,6488462,Kleidung & Accessoires
6406949,Kleidung & Accessoires > Damenmode > Hosen,3,1,6406949,Kleidung & Accessoires
6418459,Kleidung & Accessoires > Damenmode > Hosen & Leggings,3,1,6418459,Kleidung & Accessoires
6418460,Kleidung & Accessoires > Damenmode > Hosen & Leggings > Leggings,4,1,6418460,Kleidung & Accessoires
6407302,Kleidung & Accessoires > Damenmode > Jacken & Mäntel,3,1,6407302,Kleidung & Accessoires
6407303,Kleidung & Accessoires > Damenmode > Jacken & Mäntel > Daunenjacken,4,1,6407303,Kleidung & Accessoires
6407304,Kleidung & Accessoires > Damenmode > Unterwäsche & Nachtwäsche,3,1,6407304,Kleidung & Accessoires
6407305,Kleidung & Accessoires > Damenmode > Unterwäsche & Nachtwäsche > BHs,4,1,6407305,Kleidung & Accessoires
6488174,Kleidung & Accessoires > Damenmode > Unterwäsche & Nachtwäsche > BHs & Bustiers,4,1,6488174,Kleidung & Accessoires
6407306,Kleidung & Accessoires > Damenmode > Unterwäsche & Nachtwäsche > Shapewear,4,1,6407306,Kleidung & Accessoires
6488294,Kleidung & Accessoires > Damenmode > Unterwäsche & Nachtwäsche > Slips,4,1,6488294,Kleidung & Accessoires
6407528,Kleidung & Accessoires > Damenmode > Unterwäsche & Nachtwäsche > Unterwäsche,4,1,6407528,Kleidung & Accessoires
6407529,Kleidung & Accessoires > Damenmode > Unterwäsche & Nachtwäsche > Unterwäsche > Strings & Tangas,5,1,6407529,Kleidung & Accessoires
6488167,Kleidung & Accessoires > Hemden,2,1,6488167,Kleidung & Accessoires
6406950,Kleidung & Accessoires > Herren,2,1,6406950,Kleidung & Accessoires
6488311,Kleidung & Accessoires > Herren > Hemden & Oberteile,3,1,6488311,Kleidung & Accessoires
6488313,Kleidung & Accessoires > Herren > Hemden & Oberteile > Poloshirts,4,1,6488313,Kleidung & Accessoires
6407307,Kleidung & Accessoires > Herren > Herren-Accessoires,3,1,6407307,Kleidung & Accessoires
6407308,Kleidung & Accessoires > Herren > Herren-Accessoires > Geldbörsen & Etuis,4,1,6407308,Kleidung & Accessoires
6407309,Kleidung & Accessoires > Herren > Herren-Accessoires > Handschuhe & Fäustlinge,4,1,6407309,Kleidung & Accessoires
6406951,Kleidung & Accessoires > Herren > Herrenmode,3,1,6406951,Kleidung & Accessoires
6407310,Kleidung & Accessoires > Herren > Herrenmode > Pullover & Strick,4,1,6407310,Kleidung & Accessoires
6407530,Kleidung & Accessoires > Herren > Herrenmode > Shirts & Hemden,4,1,6407530,Kleidung & Accessoires
6407531,Kleidung & Accessoires > Herren > Herrenmode > Shirts & Hemden > Freizeithemden & Shirts,5,1,6407531,Kleidung & Accessoires
6407532,Kleidung & Accessoires > Herren > Herrenmode > Shirts & Hemden > Poloshirts,5,1,6407532,Kleidung & Accessoires
6407533,Kleidung & Accessoires > Herren > Herrenmode > Shirts & Hemden > T-Shirts,5,1,6407533,Kleidung & Accessoires
6407311,Kleidung & Accessoires > Herren > Herrenmode > Unterwäsche,4,1,6407311,Kleidung & Accessoires
6407312,Kleidung & Accessoires > Herren > Herrenschuhe,3,1,6407312,Kleidung & Accessoires
6407313,Kleidung & Accessoires > Herren > Herrenschuhe > Hausschuhe,4,1,6407313,Kleidung & Accessoires
6407314,Kleidung & Accessoires > Herren > Herrenschuhe > Sandalen,4,1,6407314,Kleidung & Accessoires
6407315,Kleidung & Accessoires > Herren > Herrenschuhe > Sneaker,4,1,6407315,Kleidung & Accessoires
6407316,Kleidung & Accessoires > Herren > Herrenschuhe > Stiefel,4,1,6407316,Kleidung & Accessoires
6488214,Kleidung & Accessoires > Herren > Hosen,3,1,6488214,Kleidung & Accessoires
6488299,Kleidung & Accessoires > Herren > Hosen > Cargohosen,4,1,6488299,Kleidung & Accessoires
6488301,Kleidung & Accessoires > Herren > Hosen > Jogginghosen,4,1,6488301,Kleidung & Accessoires
6488303,Kleidung & Accessoires > Herren > Hosen > Trainingshosen,4,1,6488303,Kleidung & Accessoires
6488305,Kleidung & Accessoires > Herren > Jacken & Mäntel,3,1,6488305,Kleidung & Accessoires
6488307,Kleidung & Accessoires > Herren > Jacken & Mäntel > Mäntel,4,1,6488307,Kleidung & Accessoires
6488215,Kleidung & Accessoires > Herren > Poloshirts,3,1,6488215,Kleidung & Accessoires
6488212,Kleidung & Accessoires > Herren > Socken,3,1,6488212,Kleidung & Accessoires
6488216,Kleidung & Accessoires > Herren > Sweatshirts & Hoodies,3,1,6488216,Kleidung & Accessoires
6407317,Kleidung & Accessoires > Herren > Unterwäsche,3,1,6407317,Kleidung & Accessoires
6407318,Kleidung & Accessoires > Herren > Unterwäsche > Boxershorts,4,1,6407318,Kleidung & Accessoires
6488309,Kleidung & Accessoires > Herren > Unterwäsche > Boxershorts & Slips,4,1,6488309,Kleidung & Accessoires
6406952,Kleidung & Accessoires > Herren-Accessoires,2,1,6406952,Kleidung & Accessoires
6406953,Kleidung & Accessoires > Herren-Accessoires > Gürtel,3,1,6406953,Kleidung & Accessoires
6488217,Kleidung & Accessoires > Herren-T-Shirts & Hemden,2,1,6488217,Kleidung & Accessoires
6488218,Kleidung & Accessoires > Herren-T-Shirts & Hemden > Poloshirts,3,1,6488218,Kleidung & Accessoires
6406954,Kleidung & Accessoires > Herrenmode,2,1,6406954,Kleidung & Accessoires
6407319,Kleidung & Accessoires > Herrenmode > Hemden,3,1,6407319,Kleidung & Accessoires
6407320,Kleidung & Accessoires > Herrenmode > Hemden > Freizeithemden,4,1,6407320,Kleidung & Accessoires
6406955,Kleidung & Accessoires > Herrenmode > Hosen,3,1,6406955,Kleidung & Accessoires
6407321,Kleidung & Accessoires > Herrenmode > Hosen > Cargohosen,4,1,6407321,Kleidung & Accessoires
6488366,Kleidung & Accessoires > Herrenmode > Jacken & Mäntel,3,1,6488366,Kleidung & Accessoires
6488368,Kleidung & Accessoires > Herrenmode > Jacken & Mäntel > Jeansjacken,4,1,6488368,Kleidung & Accessoires
6406956,Kleidung & Accessoires > Herrenmode > Jeans,3,1,6406956,Kleidung & Accessoires
6488227,Kleidung & Accessoires > Herrenmode > Pullover & Strickwaren,3,1,6488227,Kleidung & Accessoires
6488315,Kleidung & Accessoires > Herrenmode > Shirts & Hemden,3,1,6488315,Kleidung & Accessoires
6488471,Kleidung & Accessoires > Herrenmode > Shirts & Hemden > Langarmshirts,4,1,6488471,Kleidung & Accessoires
6488317,Kleidung & Accessoires > Herrenmode > Shirts & Hemden > Poloshirts,4,1,6488317,Kleidung & Accessoires
6406957,Kleidung & Accessoires > Herrenmode > T-Shirts,3,1,6406957,Kleidung & Accessoires
6407322,Kleidung & Accessoires > Herrenmode > Unterwäsche,3,1,6407322,Kleidung & Accessoires
6407323,Kleidung & Accessoires > Herrenmode > Unterwäsche > Boxershorts,4,1,6407323,Kleidung & Accessoires
6488168,Kleidung & Accessoires > Hosen,2,1,6488168,Kleidung & Accessoires
6488219,Kleidung & Accessoires > Hosen > Cargohosen,3,1,6488219,Kleidung & Accessoires
6488364,Kleidung & Accessoires > Hosen > Jeans,3,1,6488364,Kleidung & Accessoires
6488394,Kleidung & Accessoires > Hosen > Leggings,3,1,6488394,Kleidung & Accessoires
6488169,Kleidung & Accessoires > Jacken,2,1,6488169,Kleidung & Accessoires
6488170,Kleidung & Accessoires > Jacken & Mäntel,2,1,6488170,Kleidung & Accessoires
6488469,Kleidung & Accessoires > Jacken > Daunenjacken,3,1,6488469,Kleidung & Accessoires
6488388,Kleidung & Accessoires > Jacken > Jeansjacken,3,1,6488388,Kleidung & Accessoires
6407534,Kleidung & Accessoires > Kinder,2,1,6407534,Kleidung & Accessoires
6488220,Kleidung & Accessoires > Kinder > Hosen,3,1,6488220,Kleidung & Accessoires
6488221,Kleidung & Accessoires > Kinder > Hosen > Schneehosen,4,1,6488221,Kleidung & Accessoires
6407535,Kleidung & Accessoires > Kinder > Jungen,3,1,6407535,Kleidung & Accessoires
6407536,Kleidung & Accessoires > Kinder > Jungen > Mode für Jungen,4,1,6407536,Kleidung & Accessoires
6407537,"Kleidung & Accessoires > Kinder > Jungen > Mode für Jungen > T-Shirts, Polos & Hemden",5,1,6407537,Kleidung & Accessoires
6407538,Kleidung & Accessoires > Kinder > Unisex für Kinder,3,1,6407538,Kleidung & Accessoires
6407539,Kleidung & Accessoires > Kinder > Unisex für Kinder > Unisex-Mode,4,1,6407539,Kleidung & Accessoires
6407540,Kleidung & Accessoires > Kinder > Unisex für Kinder > Unisex-Mode > Kapuzenpullover & Sweatshirts,5,1,6407540,Kleidung & Accessoires
6488225,Kleidung & Accessoires > Kinderkleidung,2,1,6488225,Kleidung & Accessoires
6488226,Kleidung & Accessoires > Kinderkleidung > T-Shirts & Tops,3,1,6488226,Kleidung & Accessoires
6407324,Kleidung & Accessoires > Kostüme & Verkleidungen,2,1,6407324,Kleidung & Accessoires
6407325,Kleidung & Accessoires > Kostüme & Verkleidungen > Kostüme,3,1,6407325,Kleidung & Accessoires
6407326,Kleidung & Accessoires > Kostüme & Verkleidungen > Kostüme > 70er & 80er Jahre Kostüme,4,1,6407326,Kleidung & Accessoires
6488390,Kleidung & Accessoires > Nachtwäsche & Homewear,2,1,6488390,Kleidung & Accessoires
6488392,Kleidung & Accessoires > Nachtwäsche & Homewear > Nachthemden,3,1,6488392,Kleidung & Accessoires
6488465,Kleidung & Accessoires > Nachtwäsche & Homewear > Schlafanzüge,3,1,6488465,Kleidung & Accessoires
6488432,Kleidung & Accessoires > Pullover,2,1,6488432,Kleidung & Accessoires
6488434,Kleidung & Accessoires > Pullover > Sweatshirts,3,1,6488434,Kleidung & Accessoires
6488409,Kleidung & Accessoires > Schuhe & Zubehör,2,1,6488409,Kleidung & Accessoires
6488411,Kleidung & Accessoires > Schuhe & Zubehör > Schuhe,3,1,6488411,Kleidung & Accessoires
6488413,Kleidung & Accessoires > Schuhe & Zubehör > Schuhe > Stiefeletten,4,1,6488413,Kleidung & Accessoires
6488404,Kleidung & Accessoires > Shirts,2,1,6488404,Kleidung & Accessoires
6488445,Kleidung & Accessoires > Shirts > Langarmshirts,3,1,6488445,Kleidung & Accessoires
6488442,Kleidung & Accessoires > Shirts > Poloshirts,3,1,6488442,Kleidung & Accessoires
6488405,Kleidung & Accessoires > Shirts > T-Shirts,3,1,6488405,Kleidung & Accessoires
6407327,Kleidung & Accessoires > Spezielle Anlässe,2,1,6407327,Kleidung & Accessoires
6407328,Kleidung & Accessoires > Spezielle Anlässe > Erotik,3,1,6407328,Kleidung & Accessoires
6407329,Kleidung & Accessoires > Spezielle Anlässe > Erotik > Kostüme für Damen,4,1,6407329,Kleidung & Accessoires
6407541,Kleidung & Accessoires > Spezielle Anlässe > Kostüme & Verkleidungen,3,1,6407541,Kleidung & Accessoires
6407542,Kleidung & Accessoires > Spezielle Anlässe > Kostüme & Verkleidungen > Kostüme,4,1,6407542,Kleidung & Accessoires
6407543,Kleidung & Accessoires > Spezielle Anlässe > Kostüme & Verkleidungen > Kostüme > Baby- & Kleinkinderkostüme,5,1,6407543,Kleidung & Accessoires
6407544,Kleidung & Accessoires > Spezielle Anlässe > Vintage-Mode,3,1,6407544,Kleidung & Accessoires
6407545,Kleidung & Accessoires > Spezielle Anlässe > Vintage-Mode > Vintage-Accessoires,4,1,6407545,Kleidung & Accessoires
6407546,Kleidung & Accessoires > Spezielle Anlässe > Vintage-Mode > Vintage-Accessoires > Geldbörsen & Etuis,5,1,6407546,Kleidung & Accessoires
6407547,"Kleidung & Accessoires > Spezielle Anlässe > Vintage-Mode > Vintage-Accessoires > Krawatten, -schals & Fliegen",5,1,6407547,Kleidung & Accessoires
6407548,Kleidung & Accessoires > Spezielle Anlässe > Vintage-Mode > Vintage-Mode für Herren,4,1,6407548,Kleidung & Accessoires
6407549,Kleidung & Accessoires > Spezielle Anlässe > Vintage-Mode > Vintage-Mode für Herren > Pullover & Strickjacken,5,1,6407549,Kleidung & Accessoires
6488451,Kleidung & Accessoires > Strümpfe & Socken,2,1,6488451,Kleidung & Accessoires
6488453,Kleidung & Accessoires > Strümpfe & Socken > Strumpfhosen,3,1,6488453,Kleidung & Accessoires
6488222,Kleidung & Accessoires > Taschen,2,1,6488222,Kleidung & Accessoires
6488420,Kleidung & Accessoires > Taschen > Koffer & Reisegepäck,3,1,6488420,Kleidung & Accessoires
6488422,Kleidung & Accessoires > Taschen > Koffer & Reisegepäck > Koffer & Zubehör,4,1,6488422,Kleidung & Accessoires
6488424,Kleidung & Accessoires > Taschen > Koffer & Reisegepäck > Koffer & Zubehör > Koffer,5,1,6488424,Kleidung & Accessoires
6488426,Kleidung & Accessoires > Taschen > Koffer & Reisegepäck > Koffer & Zubehör > Koffer > Trolleys,6,1,6488426,Kleidung & Accessoires
6488428,Kleidung & Accessoires > Taschen > Koffer & Reisegepäck > Reisetaschen,4,1,6488428,Kleidung & Accessoires
6488223,Kleidung & Accessoires > Taschen > Reisetaschen & Weekender,3,1,6488223,Kleidung & Accessoires
6488374,Kleidung & Accessoires > Trachten,2,1,6488374,Kleidung & Accessoires
6488376,Kleidung & Accessoires > Trachten > Dirndl-BHs,3,1,6488376,Kleidung & Accessoires
6488415,Kleidung & Accessoires > Umstandsmoden,2,1,6488415,Kleidung & Accessoires
6488417,Kleidung & Accessoires > Umstandsmoden > Umstandsnachtwäsche,3,1,6488417,Kleidung & Accessoires
6488448,Kleidung & Accessoires > Umstandsmoden > Umstandsoberteile,3,1,6488448,Kleidung & Accessoires
6488378,Kleidung & Accessoires > Unterwäsche & Dessous,2,1,6488378,Kleidung & Accessoires
6488458,Kleidung & Accessoires > Unterwäsche & Dessous > BHs,3,1,6488458,Kleidung & Accessoires
6488459,Kleidung & Accessoires > Unterwäsche & Dessous > BHs > Bustiers,4,1,6488459,Kleidung & Accessoires
6488380,Kleidung & Accessoires > Unterwäsche & Dessous > Unterhosen,3,1,6488380,Kleidung & Accessoires
6488443,Kleidung & Accessoires > Unterwäsche & Dessous > Unterhosen > Boxershorts,4,1,6488443,Kleidung & Accessoires
6488435,Kleidung & Accessoires > Unterwäsche & Dessous > Unterhosen > Slips,4,1,6488435,Kleidung & Accessoires
6488382,Kleidung & Accessoires > Unterwäsche & Dessous > Unterhosen > Strings,4,1,6488382,Kleidung & Accessoires
6488396,Kleidung & Accessoires > Verkleidungen,2,1,6488396,Kleidung & Accessoires
6488407,Kleidung & Accessoires > Verkleidungen > Kostüme,3,1,6488407,Kleidung & Accessoires
6488398,Kleidung & Accessoires > Verkleidungen > Kostümzubehör,3,1,6488398,Kleidung & Accessoires
6488400,Kleidung & Accessoires > Verkleidungen > Kostümzubehör > Kostümgürtel,4,1,6488400,Kleidung & Accessoires
6488430,Kleidung & Accessoires > Verkleidungen > Kostümzubehör > Kostümstrumpfhosen,4,1,6488430,Kleidung & Accessoires
6488171,Kleidung & Accessoires > Westen,2,1,6488171,Kleidung & Accessoires
6406709,Koffer & Gepäck,1,1,6406709,Koffer & Gepäck
6406710,Koffer & Gepäck > Koffer,2,1,6406710,Koffer & Gepäck
6406711,Koffer & Reisegepäck,1,1,6406711,Koffer & Reisegepäck
6406712,Koffer & Reisegepäck > Koffer,2,1,6406712,Koffer & Reisegepäck
6406713,Koffer & Reisegepäck > Koffer & Trolleys,2,1,6406713,Koffer & Reisegepäck
6467126,Körperpflege & Gesundheit,1,1,6467126,Körperpflege & Gesundheit
6467407,Körperpflege & Gesundheit > Gehhilfen,2,1,6467407,Körperpflege & Gesundheit
6467408,Körperpflege & Gesundheit > Gehhilfen > Rollatoren,3,1,6467408,Körperpflege & Gesundheit
6467424,Körperpflege & Gesundheit > Gehhilfen > Rollstuhl-Zubehör,3,1,6467424,Körperpflege & Gesundheit
6467268,Körperpflege & Gesundheit > Hautpflege,2,1,6467268,Körperpflege & Gesundheit
6467441,Körperpflege & Gesundheit > Hygiene,2,1,6467441,Körperpflege & Gesundheit
6467442,Körperpflege & Gesundheit > Hygiene > Damenhygiene,3,1,6467442,Körperpflege & Gesundheit
6467443,Körperpflege & Gesundheit > Hygiene > Damenhygiene > Periodenunterwäsche,4,1,6467443,Körperpflege & Gesundheit
6467127,Körperpflege & Gesundheit > Nagelpflege,2,1,6467127,Körperpflege & Gesundheit
6467128,Körperpflege & Gesundheit > Nagelpflege > Nageltattoos,3,1,6467128,Körperpflege & Gesundheit
6467154,Körperpflege & Gesundheit > Rasierer & Rasierzubehör,2,1,6467154,Körperpflege & Gesundheit
6467155,Körperpflege & Gesundheit > Rasierer & Rasierzubehör > Rasierer,3,1,6467155,Körperpflege & Gesundheit
6467156,Körperpflege & Gesundheit > Rasierer & Rasierzubehör > Rasierer > Rasiermesser,4,1,6467156,Körperpflege & Gesundheit
6406714,Kostüme & Verkleidungen,1,1,6406714,Kostüme & Verkleidungen
6406715,Kostüme & Verkleidungen > Damen-Kostüme,2,1,6406715,Kostüme & Verkleidungen
6406958,Kostüme & Verkleidungen > Herrenkostüme,2,1,6406958,Kostüme & Verkleidungen
6406959,Kostüme & Verkleidungen > Herrenkostüme > Hemden & Oberteile,3,1,6406959,Kostüme & Verkleidungen
6406960,Kostüme & Verkleidungen > Historische & Fantasy-Kostüme,2,1,6406960,Kostüme & Verkleidungen
6406961,Kostüme & Verkleidungen > Historische & Fantasy-Kostüme > Piraten & Seefahrer,3,1,6406961,Kostüme & Verkleidungen
6406716,Kostüme & Verkleidungen > Kinder-Kostüme,2,1,6406716,Kostüme & Verkleidungen
6406717,Kostüme & Verkleidungen > Kinderkostüme,2,1,6406717,Kostüme & Verkleidungen
6406718,Kostüme & Verkleidungen > Kostümzubehör,2,1,6406718,Kostüme & Verkleidungen
6406719,Küche & Haushalt,1,1,6406719,Küche & Haushalt
6406962,Küche & Haushalt > Aufbewahrung & Organisation,2,1,6406962,Küche & Haushalt
6406963,Küche & Haushalt > Aufbewahrung & Organisation > Schubladenteiler,3,1,6406963,Küche & Haushalt
6406966,Küche & Haushalt > Geschirr,2,1,6406966,Küche & Haushalt
6406964,Küche & Haushalt > Geschirr & Besteck,2,1,6406964,Küche & Haushalt
6406965,Küche & Haushalt > Geschirr & Besteck > Gläser,3,1,6406965,Küche & Haushalt
6406967,Küche & Haushalt > Geschirr > Glas-Sets,3,1,6406967,Küche & Haushalt
6406968,Küche & Haushalt > Gläser,2,1,6406968,Küche & Haushalt
6406969,Küche & Haushalt > Gläser > Kaffeegläser,3,1,6406969,Küche & Haushalt
6407330,Küche & Haushalt > Kleingeräte Küche,2,1,6407330,Küche & Haushalt
6407331,Küche & Haushalt > Kleingeräte Küche > Wassersprudler & Zubehör,3,1,6407331,Küche & Haushalt
6407332,Küche & Haushalt > Kleingeräte Küche > Wassersprudler & Zubehör > CO2-Zylinder,4,1,6407332,Küche & Haushalt
6407333,Küche & Haushalt > Kochen & Genießen,2,1,6407333,Küche & Haushalt
6407334,Küche & Haushalt > Kochen & Genießen > Wasser-Aufbereitung,3,1,6407334,Küche & Haushalt
6407335,Küche & Haushalt > Kochen & Genießen > Wasser-Aufbereitung > Wassersprudler Zubehör,4,1,6407335,Küche & Haushalt
6406720,Küche & Haushalt > Kochgeschirr,2,1,6406720,Küche & Haushalt
6406970,Küche & Haushalt > Küchengeräte,2,1,6406970,Küche & Haushalt
6406971,Küche & Haushalt > Küchengeräte > Heißluftfritteusen,3,1,6406971,Küche & Haushalt
6406721,Küche & Haushalt > Mülleimer & Abfallsammler,2,1,6406721,Küche & Haushalt
6467129,Küchenartikel & Haushaltsartikel,1,1,6467129,Küchenartikel & Haushaltsartikel
6467332,Küchenartikel & Haushaltsartikel > Haushaltsgeräte,2,1,6467332,Küchenartikel & Haushaltsartikel
6467333,Küchenartikel & Haushaltsartikel > Haushaltsgeräte > Haushaltskleingeräte,3,1,6467333,Küchenartikel & Haushaltsartikel
6467334,Küchenartikel & Haushaltsartikel > Haushaltsgeräte > Haushaltskleingeräte > Reinigungsgeräte,4,1,6467334,Küchenartikel & Haushaltsartikel
6467335,Küchenartikel & Haushaltsartikel > Haushaltsgeräte > Haushaltskleingeräte > Reinigungsgeräte > Staubsauger & Zubehör,5,1,6467335,Küchenartikel & Haushaltsartikel
6467460,Küchenartikel & Haushaltsartikel > Haushaltsgeräte > Haushaltskleingeräte > Reinigungsgeräte > Staubsauger & Zubehör > Staubsaugerzubehör,6,1,6467460,Küchenartikel & Haushaltsartikel
6467393,Küchenartikel & Haushaltsartikel > Haushaltsgeräte > Haushaltskleingeräte > Thermometer,4,1,6467393,Küchenartikel & Haushaltsartikel
6467394,Küchenartikel & Haushaltsartikel > Haushaltsgeräte > Haushaltskleingeräte > Thermometer > Badethermometer,5,1,6467394,Küchenartikel & Haushaltsartikel
6467203,Küchenartikel & Haushaltsartikel > Haushaltswaren,2,1,6467203,Küchenartikel & Haushaltsartikel
6467306,Küchenartikel & Haushaltsartikel > Haushaltswaren > Eimer,3,1,6467306,Küchenartikel & Haushaltsartikel
6467307,Küchenartikel & Haushaltsartikel > Haushaltswaren > Eimer > Badezimmermülleimer,4,1,6467307,Küchenartikel & Haushaltsartikel
6467204,Küchenartikel & Haushaltsartikel > Haushaltswaren > Okulare & Optik,3,1,6467204,Küchenartikel & Haushaltsartikel
6467205,Küchenartikel & Haushaltsartikel > Haushaltswaren > Okulare & Optik > Ferngläser & Zubehör,4,1,6467205,Küchenartikel & Haushaltsartikel
6467163,Küchenartikel & Haushaltsartikel > Küchengeräte,2,1,6467163,Küchenartikel & Haushaltsartikel
6467164,Küchenartikel & Haushaltsartikel > Küchengeräte > Küchengroßgeräte,3,1,6467164,Küchenartikel & Haushaltsartikel
6467165,Küchenartikel & Haushaltsartikel > Küchengeräte > Küchengroßgeräte > Geschirrspüler & Zubehör,4,1,6467165,Küchenartikel & Haushaltsartikel
6467166,Küchenartikel & Haushaltsartikel > Küchengeräte > Küchengroßgeräte > Geschirrspüler & Zubehör > Spülmaschinenzubehör,5,1,6467166,Küchenartikel & Haushaltsartikel
6467167,Küchenartikel & Haushaltsartikel > Küchengeräte > Küchengroßgeräte > Geschirrspüler & Zubehör > Spülmaschinenzubehör > Besteckkörbe,6,1,6467167,Küchenartikel & Haushaltsartikel
6467266,Küchenartikel & Haushaltsartikel > Küchengeräte > Küchenkleingeräte,3,1,6467266,Küchenartikel & Haushaltsartikel
6467337,Küchenartikel & Haushaltsartikel > Küchengeräte > Küchenkleingeräte > Chafing Dishes,4,1,6467337,Küchenartikel & Haushaltsartikel
6467267,Küchenartikel & Haushaltsartikel > Küchengeräte > Küchenkleingeräte > Gastronomiebedarf,4,1,6467267,Küchenartikel & Haushaltsartikel
6467130,Küchenartikel & Haushaltsartikel > Küchenzubehör,2,1,6467130,Küchenartikel & Haushaltsartikel
6467131,Küchenartikel & Haushaltsartikel > Küchenzubehör > Barbedarf,3,1,6467131,Küchenartikel & Haushaltsartikel
6467132,Küchenartikel & Haushaltsartikel > Küchenzubehör > Barbedarf > Schank- & Zapfanlagen,4,1,6467132,Küchenartikel & Haushaltsartikel
6467133,Küchenartikel & Haushaltsartikel > Küchenzubehör > Barbedarf > Schank- & Zapfanlagen > Wassersprudler,5,1,6467133,Küchenartikel & Haushaltsartikel
6467499,Küchenartikel & Haushaltsartikel > Küchenzubehör > Geschirre,3,1,6467499,Küchenartikel & Haushaltsartikel
6467500,Küchenartikel & Haushaltsartikel > Küchenzubehör > Geschirre > Schüsseln & Schalen,4,1,6467500,Küchenartikel & Haushaltsartikel
6467233,Küchenartikel & Haushaltsartikel > Küchenzubehör > Kochgeschirr,3,1,6467233,Küchenartikel & Haushaltsartikel
6467234,Küchenartikel & Haushaltsartikel > Küchenzubehör > Kochgeschirr > Pfannen,4,1,6467234,Küchenartikel & Haushaltsartikel
6467452,Küchenartikel & Haushaltsartikel > Küchenzubehör > Kochgeschirr > Pfannen > Grillpfannen,5,1,6467452,Küchenartikel & Haushaltsartikel
6467235,Küchenartikel & Haushaltsartikel > Küchenzubehör > Kochgeschirr > Pfannen > Pfannensets,5,1,6467235,Küchenartikel & Haushaltsartikel
6467467,Küchenartikel & Haushaltsartikel > Küchenzubehör > Küchenaufbewahrung,3,1,6467467,Küchenartikel & Haushaltsartikel
6407172,Künstler- & Zeichenbedarf,1,1,6407172,Künstler- & Zeichenbedarf
6407173,Künstler- & Zeichenbedarf > Malen,2,1,6407173,Künstler- & Zeichenbedarf
6407174,Künstler- & Zeichenbedarf > Malen > Aquarell,3,1,6407174,Künstler- & Zeichenbedarf
6407175,Künstler- & Zeichenbedarf > Zeichnen,2,1,6407175,Künstler- & Zeichenbedarf
6407176,Künstler- & Zeichenbedarf > Zeichnen > Farbstifte & Zeichenkohle,3,1,6407176,Künstler- & Zeichenbedarf
6407177,Künstler- & Zeichenbedarf > Zeichnen > Pastell,3,1,6407177,Künstler- & Zeichenbedarf
6406997,Möbel,1,1,6406997,Möbel
6406722,Möbel & Wohnen,1,1,6406722,Möbel & Wohnen
6407336,Möbel & Wohnen > Badezimmer,2,1,6407336,Möbel & Wohnen
6407337,Möbel & Wohnen > Badezimmer > Badezimmerzubehör,3,1,6407337,Möbel & Wohnen
6407338,"Möbel & Wohnen > Badezimmer > Badezimmerzubehör > Badvorleger, Teppiche & Toilettensitzabdeckungen",4,1,6407338,Möbel & Wohnen
6407339,Möbel & Wohnen > Badezimmer > Badezimmerzubehör > Handtuchhalter,4,1,6407339,Möbel & Wohnen
6407340,Möbel & Wohnen > Badezimmer > Dusch- & Badewannenzubehör,3,1,6407340,Möbel & Wohnen
6407341,Möbel & Wohnen > Badezimmer > Dusch- & Badewannenzubehör > Anti-Rutsch-Lösungen,4,1,6407341,Möbel & Wohnen
6406723,Möbel & Wohnen > Beleuchtung,2,1,6406723,Möbel & Wohnen
6406972,Möbel & Wohnen > Betten & Matratzen,2,1,6406972,Möbel & Wohnen
6406973,Möbel & Wohnen > Betten & Matratzen > Matratzen,3,1,6406973,Möbel & Wohnen
6406724,"Möbel & Wohnen > Bettwaren, -wäsche & Matratzen",2,1,6406724,Möbel & Wohnen
6406974,"Möbel & Wohnen > Bettwaren, -wäsche & Matratzen > Bettlaken",3,1,6406974,Möbel & Wohnen
6406975,"Möbel & Wohnen > Bettwaren, -wäsche & Matratzen > Bettwäsche",3,1,6406975,Möbel & Wohnen
6406976,"Möbel & Wohnen > Bettwaren, -wäsche & Matratzen > Kopfkissen & Körperkissen",3,1,6406976,Möbel & Wohnen
6406977,Möbel & Wohnen > Dekoration,2,1,6406977,Möbel & Wohnen
6406978,Möbel & Wohnen > Dekoration > Deko-Accessoires,3,1,6406978,Möbel & Wohnen
6406979,"Möbel & Wohnen > Dekoration > Figuren, Skulpturen & Statuen",3,1,6406979,Möbel & Wohnen
6406980,Möbel & Wohnen > Feste & Besondere Anlässe,2,1,6406980,Möbel & Wohnen
6406981,Möbel & Wohnen > Feste & Besondere Anlässe > Party- & Eventdekoration,3,1,6406981,Möbel & Wohnen
6407342,Möbel & Wohnen > Haushalt,2,1,6407342,Möbel & Wohnen
6407343,Möbel & Wohnen > Haushalt > Putzgeräte,3,1,6407343,Möbel & Wohnen
6407344,Möbel & Wohnen > Haushalt > Putzgeräte > Reinigungshandschuhe,4,1,6407344,Möbel & Wohnen
6407345,Möbel & Wohnen > Haushalt > Wäsche,3,1,6407345,Möbel & Wohnen
6407346,Möbel & Wohnen > Haushalt > Wäsche > Wäscheständer,4,1,6407346,Möbel & Wohnen
6406982,Möbel & Wohnen > Hochzeitsdekoration,2,1,6406982,Möbel & Wohnen
6406983,Möbel & Wohnen > Hochzeitsdekoration > Gastgeschenke,3,1,6406983,Möbel & Wohnen
6406725,Möbel & Wohnen > Kindermöbel & Wohnen,2,1,6406725,Möbel & Wohnen
6406984,Möbel & Wohnen > Kindermöbel & Wohnen > Badzubehör & -textilien,3,1,6406984,Möbel & Wohnen
6407347,Möbel & Wohnen > Kindermöbel & Wohnen > Bettwaren & -wäsche,3,1,6407347,Möbel & Wohnen
6407348,Möbel & Wohnen > Kindermöbel & Wohnen > Bettwaren & -wäsche > Bettdecken,4,1,6407348,Möbel & Wohnen
6407349,Möbel & Wohnen > Kindermöbel & Wohnen > Kochen & Essen,3,1,6407349,Möbel & Wohnen
6407350,Möbel & Wohnen > Kindermöbel & Wohnen > Kochen & Essen > Schüsseln & Teller,4,1,6407350,Möbel & Wohnen
6406726,Möbel & Wohnen > Kochen & Genießen,2,1,6406726,Möbel & Wohnen
6406985,Möbel & Wohnen > Kochen & Genießen > Backbleche & -formen,3,1,6406985,Möbel & Wohnen
6407351,Möbel & Wohnen > Kochen & Genießen > Bar & Wein-Accessoires,3,1,6407351,Möbel & Wohnen
6407352,Möbel & Wohnen > Kochen & Genießen > Bar & Wein-Accessoires > Dekanter,4,1,6407352,Möbel & Wohnen
6407353,Möbel & Wohnen > Kochen & Genießen > Gedeckter Tisch,3,1,6407353,Möbel & Wohnen
6407354,Möbel & Wohnen > Kochen & Genießen > Gedeckter Tisch > Servierplatten & -schalen,4,1,6407354,Möbel & Wohnen
6407355,Möbel & Wohnen > Kochen & Genießen > Gedeckter Tisch > Tischsets,4,1,6407355,Möbel & Wohnen
6406986,Möbel & Wohnen > Kochen & Genießen > Gläser & Glaswaren,3,1,6406986,Möbel & Wohnen
6406987,Möbel & Wohnen > Kochen & Genießen > Küchenhelfer,3,1,6406987,Möbel & Wohnen
6407356,Möbel & Wohnen > Kochen & Genießen > Küchenhelfer > Gewürzmühlen & -streuer,4,1,6407356,Möbel & Wohnen
6406988,Möbel & Wohnen > Kochen & Genießen > Küchenmesser,3,1,6406988,Möbel & Wohnen
6407357,Möbel & Wohnen > Kochen & Genießen > Ordnung & Aufbewahrung,3,1,6407357,Möbel & Wohnen
6407358,Möbel & Wohnen > Kochen & Genießen > Ordnung & Aufbewahrung > Brotdosen,4,1,6407358,Möbel & Wohnen
6406989,Möbel & Wohnen > Kochen & Genießen > Töpfe & Pfannen,3,1,6406989,Möbel & Wohnen
6407359,Möbel & Wohnen > Kochen & Genießen > Töpfe & Pfannen > Gartöpfe & Bräter,4,1,6407359,Möbel & Wohnen
6407360,Möbel & Wohnen > Kochen & Genießen > Töpfe & Pfannen > Sets,4,1,6407360,Möbel & Wohnen
6407361,Möbel & Wohnen > Kochen & Genießen > Töpfe & Pfannen > Woks,4,1,6407361,Möbel & Wohnen
6407362,Möbel & Wohnen > Kochen & Genießen > Wasseraufbereitung & Trinkwassersprudler,3,1,6407362,Möbel & Wohnen
6407363,Möbel & Wohnen > Kochen & Genießen > Wasseraufbereitung & Trinkwassersprudler > Trinkwassersprudler,4,1,6407363,Möbel & Wohnen
6407364,Möbel & Wohnen > Kochen & Genießen > Wasseraufbereitung & Trinkwassersprudler > Wasserfilter-Kartuschen,4,1,6407364,Möbel & Wohnen
6406990,Möbel & Wohnen > Möbel,2,1,6406990,Möbel & Wohnen
6407365,Möbel & Wohnen > Möbel > Betten,3,1,6407365,Möbel & Wohnen
6407366,Möbel & Wohnen > Möbel > Betten > Lattenroste,4,1,6407366,Möbel & Wohnen
6406991,Möbel & Wohnen > Möbel > Regale & Aufbewahrung,3,1,6406991,Möbel & Wohnen
6407367,Möbel & Wohnen > Möbel > Stühle,3,1,6407367,Möbel & Wohnen
6407368,Möbel & Wohnen > Möbel > Stühle > Stuhlkissen & Auflagen,4,1,6407368,Möbel & Wohnen
6406992,Möbel & Wohnen > Möbel > Tische & Stehtische,3,1,6406992,Möbel & Wohnen
6406993,"Möbel & Wohnen > Rollos, Gardinen & Vorhänge",2,1,6406993,Möbel & Wohnen
6406994,"Möbel & Wohnen > Rollos, Gardinen & Vorhänge > Fensterfolien",3,1,6406994,Möbel & Wohnen
6406995,Möbel & Wohnen > Tische,2,1,6406995,Möbel & Wohnen
6406996,Möbel & Wohnen > Tische > Couchtische,3,1,6406996,Möbel & Wohnen
6406998,Möbel > Badmöbel,2,1,6406998,Möbel
6406999,Möbel > Badmöbel > Waschbeckenunterschränke,3,1,6406999,Möbel
6406727,Modellbau,1,1,6406727,Modellbau
6406728,Modellbau > Modellbausätze,2,1,6406728,Modellbau
6407550,"Modellbau > Modellbausätze > Werkzeuge, Zubehör & Motoren",3,1,6407550,Modellbau
6407551,"Modellbau > Modellbausätze > Werkzeuge, Zubehör & Motoren > Werkzeuge",4,1,6407551,Modellbau
6407552,"Modellbau > Modellbausätze > Werkzeuge, Zubehör & Motoren > Werkzeuge > Elektrowerkzeuge",5,1,6407552,Modellbau
6407014,Modellbau > Modelleisenbahn,2,1,6407014,Modellbau
6407015,Modellbau > Modelleisenbahn > Sachbücher & Ratgeber,3,1,6407015,Modellbau
6407376,Modellbau > RC-Modellbau,2,1,6407376,Modellbau
6407377,Modellbau > RC-Modellbau > RC Modellbau Teile & Zubehör,3,1,6407377,Modellbau
6407378,Modellbau > RC-Modellbau > RC Modellbau Teile & Zubehör > Fernsteuerung & Elektronik,4,1,6407378,Modellbau
6407379,Münzen,1,1,6407379,Münzen
6407380,Münzen > Historische Wertpapiere,2,1,6407380,Münzen
6407381,Münzen > Historische Wertpapiere > USA & Kanada,3,1,6407381,Münzen
6407382,Münzen > Historische Wertpapiere > USA & Kanada > Elektronik & Computer,4,1,6407382,Münzen
6407019,Musikinstrumente,1,1,6407019,Musikinstrumente
6407383,Musikinstrumente > Drums & Percussion,2,1,6407383,Musikinstrumente
6407384,Musikinstrumente > Drums & Percussion > Ersatzteile,3,1,6407384,Musikinstrumente
6407385,"Musikinstrumente > Drums & Percussion > Ersatzteile > Sticks, Besen & Schlägel",4,1,6407385,Musikinstrumente
6407386,Musikinstrumente > Drums & Percussion > Folklore & Welt,3,1,6407386,Musikinstrumente
6407387,Musikinstrumente > Drums & Percussion > Folklore & Welt > Handpans,4,1,6407387,Musikinstrumente
6407020,Musikinstrumente > Gitarren & Bässe,2,1,6407020,Musikinstrumente
6407021,Musikinstrumente > Gitarren & Bässe > E-Gitarren,3,1,6407021,Musikinstrumente
6407388,Musikinstrumente > Gitarren & Bässe > Effekte & Pedale,3,1,6407388,Musikinstrumente
6407389,Musikinstrumente > Gitarren & Bässe > Effekte & Pedale > Kompressoren & Sustainer,4,1,6407389,Musikinstrumente
6407390,Musikinstrumente > Gitarren & Bässe > Zubehör,3,1,6407390,Musikinstrumente
6407391,Musikinstrumente > Gitarren & Bässe > Zubehör > Kabel,4,1,6407391,Musikinstrumente
6407392,Musikinstrumente > Gitarren & Bässe > Zubehör > Saiten,4,1,6407392,Musikinstrumente
6407553,Musikinstrumente > Gitarren & Bässe > Zubehör > Teile,4,1,6407553,Musikinstrumente
6407554,Musikinstrumente > Gitarren & Bässe > Zubehör > Teile > Pickups,5,1,6407554,Musikinstrumente
6407022,Musikinstrumente > Pro-Audio Equipment,2,1,6407022,Musikinstrumente
6407023,Musikinstrumente > Pro-Audio Equipment > Vintage Pro-Audio Equipment,3,1,6407023,Musikinstrumente
6407024,Reisegepäck,1,1,6407024,Reisegepäck
6407025,Reisegepäck > Koffer & Trolleys,2,1,6407025,Reisegepäck
6407026,Reisegepäck > Koffer & Trolleys > Koffer,3,1,6407026,Reisegepäck
6407027,Reisen,1,1,6407027,Reisen
6407028,Reisen > Reiseaccessoires,2,1,6407028,Reisen
6407029,Reisen > Reiseaccessoires > Regenschirme,3,1,6407029,Reisen
6407030,Reisen > Reisegepäck,2,1,6407030,Reisen
6407031,Reisen > Reisegepäck > Koffer,3,1,6407031,Reisen
6407032,Reisen > Reisekoffer & -taschen,2,1,6407032,Reisen
6407033,Reisen > Reisekoffer & -taschen > Reisekoffer & Trolleys,3,1,6407033,Reisen
6407034,Sammeln & Seltenes,1,1,6407034,Sammeln & Seltenes
6407035,Sammeln & Seltenes > Rollenspiele & Tabletops,2,1,6407035,Sammeln & Seltenes
6407036,Sammeln & Seltenes > Rollenspiele & Tabletops > Kartenspiele,3,1,6407036,Sammeln & Seltenes
6407037,Sammeln & Seltenes > Sammelkartenspiele/TCGs,2,1,6407037,Sammeln & Seltenes
6407038,Sammeln & Seltenes > Sammelkartenspiele/TCGs > TCG OVP Decks & Starter,3,1,6407038,Sammeln & Seltenes
6407393,Sammeln & Seltenes > Sammelkartenspiele/TCGs > TCG Zubehör,3,1,6407393,Sammeln & Seltenes
6407394,"Sammeln & Seltenes > Sammelkartenspiele/TCGs > TCG Zubehör > TCG Deck-Boxen, Blechdosen & Kartentrenner",4,1,6407394,Sammeln & Seltenes
6407395,"Sammeln & Seltenes > Sammelkartenspiele/TCGs > TCG Zubehör > TCG Ordner, Sammelmappen & -hüllen",4,1,6407395,Sammeln & Seltenes
6407039,Schuhe,1,1,6407039,Schuhe
6407040,Schuhe > Damen,2,1,6407040,Schuhe
6407041,Schuhe > Damen > Stiefel & Stiefeletten,3,1,6407041,Schuhe
6467217,Sexspielzeuge,1,1,6467217,Sexspielzeuge
6467218,Sexspielzeuge > Vibratoren & Zubehör,2,1,6467218,Sexspielzeuge
6406731,Spielzeug,1,1,6406731,Spielzeug
6407042,Spielzeug > Action-Figuren & Zubehör,2,1,6407042,Spielzeug
6407043,Spielzeug > Action-Figuren & Zubehör > Action- & Spielfiguren,3,1,6407043,Spielzeug
6407044,"Spielzeug > Bären, -kleidung & Zubehör",2,1,6407044,Spielzeug
6407045,"Spielzeug > Bären, -kleidung & Zubehör > Bärenkleidung & Accessoires",3,1,6407045,Spielzeug
6406732,Spielzeug > Basteln & Kreativität,2,1,6406732,Spielzeug
6407046,Spielzeug > Basteln & Kreativität > Malen & Zeichnen,3,1,6407046,Spielzeug
6407396,Spielzeug > Baukästen & Konstruktionsspielzeug,2,1,6407396,Spielzeug
6407397,Spielzeug > Baukästen & Konstruktionsspielzeug > LEGO,3,1,6407397,Spielzeug
6407399,Spielzeug > Baukästen & Konstruktionsspielzeug > LEGO > LEGO Creator,4,1,6407399,Spielzeug
6407400,Spielzeug > Bausets & Konstruktion,2,1,6407400,Spielzeug
6407402,Spielzeug > Bausets & Konstruktion > LEGO (R) Konstruktionsspielzeuge,3,1,6407402,Spielzeug
6407403,Spielzeug > Bausets & Konstruktion > LEGO (R) Konstruktionsspielzeuge > LEGO (R) Komplette Sets & Packs,4,1,6407403,Spielzeug
6407047,Spielzeug > Elektrisches Spielzeug,2,1,6407047,Spielzeug
6407048,Spielzeug > Elektrisches Spielzeug > Roboter,3,1,6407048,Spielzeug
6407049,Spielzeug > Holzspielzeug,2,1,6407049,Spielzeug
6407050,Spielzeug > Holzspielzeug > Musikinstrumente,3,1,6407050,Spielzeug
6407051,Spielzeug > Holzspielzeug > Ritterburgen,3,1,6407051,Spielzeug
6406733,Spielzeug > Lernspielzeug,2,1,6406733,Spielzeug
6407052,Spielzeug > Musik & Instrumente,2,1,6407052,Spielzeug
6407053,Spielzeug > Musik & Instrumente > Trommeln & Co.,3,1,6407053,Spielzeug
6407054,Spielzeug > Playmobil,2,1,6407054,Spielzeug
6407055,Spielzeug > Playmobil > Freizeit,3,1,6407055,Spielzeug
6406734,Spielzeug > Puppen & Zubehör,2,1,6406734,Spielzeug
6407056,Spielzeug > Spiele,2,1,6407056,Spielzeug
6407405,Spielzeug > Spiele > Kartenspiele,3,1,6407405,Spielzeug
6407406,Spielzeug > Spiele > Kartenspiele > Moderne Kartenspiele,4,1,6407406,Spielzeug
6407057,Spielzeug > Spiele > Sonstige,3,1,6407057,Spielzeug
6406735,Sport,1,1,6406735,Sport
6407058,Sport & Freizeit,1,1,6407058,Sport & Freizeit
6407407,Sport & Freizeit > Camping & Outdoor,2,1,6407407,Sport & Freizeit
6407408,Sport & Freizeit > Camping & Outdoor > Zelte & Zubehör,3,1,6407408,Sport & Freizeit
6407409,Sport & Freizeit > Camping & Outdoor > Zelte & Zubehör > Zeltteppiche,4,1,6407409,Sport & Freizeit
6407059,Sport & Freizeit > Radsport,2,1,6407059,Sport & Freizeit
6407060,Sport & Freizeit > Radsport > Fahrradwerkzeuge,3,1,6407060,Sport & Freizeit
6407061,Sport & Freizeit > Sportbekleidung,2,1,6407061,Sport & Freizeit
6407410,Sport & Freizeit > Sportbekleidung > Herren,3,1,6407410,Sport & Freizeit
6418456,Sport & Freizeit > Sportbekleidung > Herren > T-Shirts & Tops,4,1,6418456,Sport & Freizeit
6407412,Sport & Freizeit > Sportbekleidung > Herren > Trainingsjacken,4,1,6407412,Sport & Freizeit
6407062,Sport & Freizeit > Sportbekleidung > Hosen,3,1,6407062,Sport & Freizeit
6407064,Sport & Freizeit > Wintersport,2,1,6407064,Sport & Freizeit
6407065,Sport & Freizeit > Wintersport > Schlitten,3,1,6407065,Sport & Freizeit
6407413,Sport & Freizeit > Wintersport > Skibekleidung,3,1,6407413,Sport & Freizeit
6407414,Sport & Freizeit > Wintersport > Skibekleidung > Skihosen,4,1,6407414,Sport & Freizeit
6467168,Sport & Outdoor,1,1,6467168,Sport & Outdoor
6467222,Sport & Outdoor > Outdoorausrüstung,2,1,6467222,Sport & Outdoor
6467223,Sport & Outdoor > Outdoorausrüstung > Camping Artikel,3,1,6467223,Sport & Outdoor
6467224,Sport & Outdoor > Outdoorausrüstung > Camping Artikel > Zelte,4,1,6467224,Sport & Outdoor
6467356,Sport & Outdoor > Outdoorausrüstung > Camping Artikel > Zelte > Vorzelte,5,1,6467356,Sport & Outdoor
6467225,Sport & Outdoor > Outdoorausrüstung > Camping Artikel > Zelte > Zeltzubehör,5,1,6467225,Sport & Outdoor
6467169,Sport & Outdoor > Sportausrüstung,2,1,6467169,Sport & Outdoor
6467272,Sport & Outdoor > Sportausrüstung > Ballsport,3,1,6467272,Sport & Outdoor
6467273,Sport & Outdoor > Sportausrüstung > Ballsport > Badminton Ausrüstung,4,1,6467273,Sport & Outdoor
6467274,Sport & Outdoor > Sportausrüstung > Ballsport > Badminton Ausrüstung > Badmintonnetze,5,1,6467274,Sport & Outdoor
6467170,Sport & Outdoor > Sportausrüstung > Fahrräder & Zubehör,3,1,6467170,Sport & Outdoor
6467171,Sport & Outdoor > Sportausrüstung > Fahrräder & Zubehör > Fahrradzubehör,4,1,6467171,Sport & Outdoor
6467475,Sport & Outdoor > Sportausrüstung > Fahrräder & Zubehör > Fahrradzubehör > Fahrradsicherheitsausstattung,5,1,6467475,Sport & Outdoor
6467476,Sport & Outdoor > Sportausrüstung > Fahrräder & Zubehör > Fahrradzubehör > Fahrradsicherheitsausstattung > Fahrradschlösser,6,1,6467476,Sport & Outdoor
6467172,Sport & Outdoor > Sportausrüstung > Fahrräder & Zubehör > Fahrradzubehör > Fahrradwerkzeuge,5,1,6467172,Sport & Outdoor
6467398,Sport & Outdoor > Sportausrüstung > Fitnessprodukte,3,1,6467398,Sport & Outdoor
6467399,Sport & Outdoor > Sportausrüstung > Fitnessprodukte > Fitnessgeräte,4,1,6467399,Sport & Outdoor
6467400,Sport & Outdoor > Sportausrüstung > Fitnessprodukte > Fitnessgeräte > Fitnesskleingeräte,5,1,6467400,Sport & Outdoor
6467175,Sport & Outdoor > Sportausrüstung > Multisportausrüstung,3,1,6467175,Sport & Outdoor
6467219,Sport & Outdoor > Sportausrüstung > Multisportausrüstung > Schienbeinschoner,4,1,6467219,Sport & Outdoor
6467176,Sport & Outdoor > Sportausrüstung > Multisportausrüstung > Sportbrillen,4,1,6467176,Sport & Outdoor
6467177,Sport & Outdoor > Sportausrüstung > Multisportausrüstung > Sportbrillen > Radsportbrillen,5,1,6467177,Sport & Outdoor
6467187,Sport & Outdoor > Sportausrüstung > Sonstige Sportausrüstung,3,1,6467187,Sport & Outdoor
6467343,Sport & Outdoor > Sportausrüstung > Sonstige Sportausrüstung > Laufsport Ausrüstung,4,1,6467343,Sport & Outdoor
6467344,Sport & Outdoor > Sportausrüstung > Sonstige Sportausrüstung > Laufsport Ausrüstung > Sportuhren & -messgeräte,5,1,6467344,Sport & Outdoor
6467345,Sport & Outdoor > Sportausrüstung > Sonstige Sportausrüstung > Laufsport Ausrüstung > Sportuhren & -messgeräte > Fitnesstracker,6,1,6467345,Sport & Outdoor
6467188,Sport & Outdoor > Sportausrüstung > Sonstige Sportausrüstung > Motorradausrüstung,4,1,6467188,Sport & Outdoor
6467189,Sport & Outdoor > Sportausrüstung > Sonstige Sportausrüstung > Motorradausrüstung > Motorradbekleidung,5,1,6467189,Sport & Outdoor
6467190,Sport & Outdoor > Sportausrüstung > Sonstige Sportausrüstung > Motorradausrüstung > Motorradbekleidung > Motorradhemden,6,1,6467190,Sport & Outdoor
6467285,Sport & Outdoor > Sportausrüstung > Sonstige Sportausrüstung > Motorradausrüstung > Motorradbekleidung > Motorradjacken,6,1,6467285,Sport & Outdoor
6467297,Sport & Outdoor > Sportausrüstung > Sonstige Sportausrüstung > Wassersport Ausrüstung,4,1,6467297,Sport & Outdoor
6467298,Sport & Outdoor > Sportausrüstung > Sonstige Sportausrüstung > Wassersport Ausrüstung > Schwimmflossen,5,1,6467298,Sport & Outdoor
6467173,Sport & Outdoor > Sportausrüstung > Sportbekleidung,3,1,6467173,Sport & Outdoor
6467174,Sport & Outdoor > Sportausrüstung > Sportbekleidung > Funktionsshirts,4,1,6467174,Sport & Outdoor
6467310,Sport & Outdoor > Sportausrüstung > Sportbekleidung > Sport-Shorts,4,1,6467310,Sport & Outdoor
6467283,Sport & Outdoor > Sportausrüstung > Sportbekleidung > Sporthosen,4,1,6467283,Sport & Outdoor
6467284,Sport & Outdoor > Sportausrüstung > Sportbekleidung > Sporthosen > Jogginghosen,5,1,6467284,Sport & Outdoor
6467339,Sport & Outdoor > Sportausrüstung > Sportbekleidung > Sportoberteile,4,1,6467339,Sport & Outdoor
6467340,Sport & Outdoor > Sportausrüstung > Sportbekleidung > Sportoberteile > Laufshirts,5,1,6467340,Sport & Outdoor
6467389,Sport & Outdoor > Sportausrüstung > Sportbekleidung > Sportröcke,4,1,6467389,Sport & Outdoor
6467482,Sport & Outdoor > Sportausrüstung > Wintersportausrüstung,3,1,6467482,Sport & Outdoor
6407416,Sport > Angelsport,2,1,6407416,Sport
6407417,Sport > Angelsport > Kleines Angelzubehör,3,1,6407417,Sport
6407418,Sport > Angelsport > Kleines Angelzubehör > Bleie,4,1,6407418,Sport
6407419,Sport > Angelsport > Zubehör,3,1,6407419,Sport
6407420,Sport > Angelsport > Zubehör > Räucheröfen & -utensilien,4,1,6407420,Sport
6407066,Sport > Camping & Outdoor,2,1,6407066,Sport
6407421,Sport > Camping & Outdoor > Bekleidung,3,1,6407421,Sport
6407422,Sport > Camping & Outdoor > Bekleidung > Kinder,4,1,6407422,Sport
6407423,Sport > Camping & Outdoor > Bekleidung > Wanderschuhe,4,1,6407423,Sport
6407424,Sport > Camping & Outdoor > Camping-Küchenbedarf,3,1,6407424,Sport
6407426,Sport > Camping & Outdoor > Camping-Küchenbedarf > Campinggeschirr,4,1,6407426,Sport
6407428,Sport > Camping & Outdoor > Camping-Küchenbedarf > Kochgeschirr,4,1,6407428,Sport
6407429,Sport > Camping & Outdoor > Markisen & Vorzelte,3,1,6407429,Sport
6407430,Sport > Camping & Outdoor > Markisen & Vorzelte > Markisen-Zubehör,4,1,6407430,Sport
6407431,Sport > Camping & Outdoor > Messer & Werkzeuge,3,1,6407431,Sport
6407432,Sport > Camping & Outdoor > Messer & Werkzeuge > Rettungsmesser,4,1,6407432,Sport
6407433,Sport > Camping & Outdoor > Outdoor Schlafausrüstung,3,1,6407433,Sport
6407434,Sport > Camping & Outdoor > Outdoor Schlafausrüstung > Luftmatratzen & Isomatten,4,1,6407434,Sport
6407436,Sport > Camping & Outdoor > Rucksäcke,3,1,6407436,Sport
6407438,Sport > Camping & Outdoor > Rucksäcke > Tagesrucksäcke,4,1,6407438,Sport
6407439,Sport > Camping & Outdoor > Rucksäcke > Trekkingrucksäcke,4,1,6407439,Sport
6407067,Sport > Camping & Outdoor > Sonstiges Camping & Outdoor,3,1,6407067,Sport
6418477,Sport > Camping & Outdoor > Werkzeuge,3,1,6418477,Sport
6407440,Sport > Camping & Outdoor > Zelte & Strandmuscheln,3,1,6407440,Sport
6407441,Sport > Camping & Outdoor > Zelte & Strandmuscheln > Strandmuscheln,4,1,6407441,Sport
6407068,Sport > Fitness & Jogging,2,1,6407068,Sport
6407555,Sport > Fitness & Jogging > Bekleidung,3,1,6407555,Sport
6407556,Sport > Fitness & Jogging > Bekleidung > Damen,4,1,6407556,Sport
6407557,Sport > Fitness & Jogging > Bekleidung > Damen > Sweatshirts & Kapuzenpullover,5,1,6407557,Sport
6407069,Sport > Fitness & Jogging > Fitness- & Laufschuhe,3,1,6407069,Sport
6407442,Sport > Fitness & Jogging > Kleingeräte & Zubehör,3,1,6407442,Sport
6407443,Sport > Fitness & Jogging > Kleingeräte & Zubehör > Fitnessbänder,4,1,6407443,Sport
6407444,Sport > Fitness & Jogging > Kleingeräte & Zubehör > Trinkflaschen,4,1,6407444,Sport
6407445,Sport > Fitness & Jogging > Krafttraining & Gewichte,3,1,6407445,Sport
6407446,Sport > Fitness & Jogging > Krafttraining & Gewichte > Gewichthebergürtel,4,1,6407446,Sport
6407447,Sport > Fitness & Jogging > Sportelektronik,3,1,6407447,Sport
6407448,Sport > Fitness & Jogging > Sportelektronik > Herzfrequenzmesser,4,1,6407448,Sport
6407070,Sport > Fitness & Jogging > Yoga & Pilates,3,1,6407070,Sport
6407449,Sport > Fitness & Jogging > Yoga & Pilates > Yogamatten,4,1,6407449,Sport
6407071,Sport > Funsport,2,1,6407071,Sport
6407558,Sport > Funsport > Airsoft,3,1,6407558,Sport
6407559,Sport > Funsport > Airsoft > Waffen,4,1,6407559,Sport
6407560,Sport > Funsport > Airsoft > Waffen > Pistolen,5,1,6407560,Sport
6407072,Sport > Funsport > Cityroller & Kickboards,3,1,6407072,Sport
6407073,Sport > Funsport > Elektro-Scooter,3,1,6407073,Sport
6407561,Sport > Funsport > Skateboarding,3,1,6407561,Sport
6407562,Sport > Funsport > Skateboarding > Boards,4,1,6407562,Sport
6407563,Sport > Funsport > Skateboarding > Boards > Lager,5,1,6407563,Sport
6407564,Sport > Golf,2,1,6407564,Sport
6407565,Sport > Golf > Golfbekleidung,3,1,6407565,Sport
6407566,Sport > Golf > Golfbekleidung > Herren-Golfbekleidung,4,1,6407566,Sport
6407567,Sport > Golf > Golfbekleidung > Herren-Golfbekleidung > Golfschuhe,5,1,6407567,Sport
6407450,Sport > Outdoorsport,2,1,6407450,Sport
6407451,Sport > Outdoorsport > Outdoorspiele,3,1,6407451,Sport
6407452,Sport > Outdoorsport > Outdoorspiele > Wurfspiele,4,1,6407452,Sport
6407074,Sport > Radsport,2,1,6407074,Sport
6407453,Sport > Radsport > Fahrradreparatur & Werkzeug,3,1,6407453,Sport
6407455,Sport > Radsport > Fahrradreparatur & Werkzeug > Werkzeug,4,1,6407455,Sport
6418457,Sport > Radsport > Fahrradteile,3,1,6418457,Sport
6407075,Sport > Radsport > Fahrradteile & -komponenten,3,1,6407075,Sport
6407456,Sport > Radsport > Fahrradteile & -komponenten > Bremsbeläge,4,1,6407456,Sport
6407457,Sport > Radsport > Fahrradteile & -komponenten > Bremsscheiben,4,1,6407457,Sport
6407458,Sport > Radsport > Fahrradteile & -komponenten > Sättel,4,1,6407458,Sport
6418458,Sport > Radsport > Fahrradteile > Naben,4,1,6418458,Sport
6407076,Sport > Radsport > Fahrradzubehör,3,1,6407076,Sport
6407461,Sport > Radsport > Fahrradzubehör > Beleuchtung & Reflektoren,4,1,6407461,Sport
6407463,Sport > Radsport > Fahrradzubehör > Fahrradanhänger,4,1,6407463,Sport
6407464,Sport > Radsport > Fahrradzubehör > Fahrradständer & Aufbewahrung,4,1,6407464,Sport
6407465,Sport > Radsport > Fahrradzubehör > Fahrradtaschen,4,1,6407465,Sport
6407467,Sport > Radsport > Fahrradzubehör > Schlösser & Sicherheit,4,1,6407467,Sport
6407468,Sport > Radsport > Fahrradzubehör > Transportkoffer/-taschen,4,1,6407468,Sport
6407469,Sport > Radsport > Helme & Protektoren,3,1,6407469,Sport
6407470,Sport > Radsport > Helme & Protektoren > Helme,4,1,6407470,Sport
6407077,Sport > Reit- & Fahrsport,2,1,6407077,Sport
6407078,Sport > Reit- & Fahrsport > Reithelme & Schutzkleidung,3,1,6407078,Sport
6407079,Sport > Sporttaschen & Rucksäcke,2,1,6407079,Sport
6407080,Sport > Sporttaschen & Rucksäcke > Rucksäcke,3,1,6407080,Sport
6407471,Sport > Tauchen,2,1,6407471,Sport
6407472,Sport > Tauchen > ABC & Blei,3,1,6407472,Sport
6407473,Sport > Tauchen > ABC & Blei > Schnorchelflossen,4,1,6407473,Sport
6407474,Sport > Tauchen > Instrumente & Uhren,3,1,6407474,Sport
6407475,Sport > Tauchen > Instrumente & Uhren > Konsolen,4,1,6407475,Sport
6407081,Sport > Weitere Ballsportarten,2,1,6407081,Sport
6407476,Sport > Weitere Ballsportarten > Football,3,1,6407476,Sport
6407477,Sport > Weitere Ballsportarten > Football > Fanartikel,4,1,6407477,Sport
6407082,Sport > Weitere Ballsportarten > Tennis,3,1,6407082,Sport
6407478,Sport > Weitere Ballsportarten > Tennis > Sonstige,4,1,6407478,Sport
6407083,Sport > Weitere Sportarten,2,1,6407083,Sport
6407084,Sport > Weitere Sportarten > Bogenschießen,3,1,6407084,Sport
6407479,Sport > Weitere Sportarten > Boxen,3,1,6407479,Sport
6407480,Sport > Weitere Sportarten > Boxen > Boxsets,4,1,6407480,Sport
6407481,Sport > Weitere Sportarten > Dart,3,1,6407481,Sport
6407482,Sport > Weitere Sportarten > Dart > Scheiben,4,1,6407482,Sport
6406736,Sport > Weitere Wintersportarten,2,1,6406736,Sport
6407483,Sport > Weiterer Wassersport,2,1,6407483,Sport
6407484,Sport > Weiterer Wassersport > Kitesurfen,3,1,6407484,Sport
6407485,Sport > Weiterer Wassersport > Kitesurfen > Sonstige,4,1,6407485,Sport
6407486,Sport > Wintersport,2,1,6407486,Sport
6407487,Sport > Wintersport > Bekleidung,3,1,6407487,Sport
6407488,Sport > Wintersport > Bekleidung > Hosen,4,1,6407488,Sport
6407568,"Sport > Wintersport > Skifahren, Snowboarden & Schneeschuhwandern",3,1,6407568,Sport
6407569,"Sport > Wintersport > Skifahren, Snowboarden & Schneeschuhwandern > Schuhe & Boots",4,1,6407569,Sport
6407570,"Sport > Wintersport > Skifahren, Snowboarden & Schneeschuhwandern > Schuhe & Boots > Herrenschuhe & -boots",5,1,6407570,Sport
6407571,"Sport > Wintersport > Skifahren, Snowboarden & Schneeschuhwandern > Schuhe & Boots > Kinderschuhe & -boots",5,1,6407571,Sport
6407085,Sportartikel,1,1,6407085,Sportartikel
6407086,Sportartikel > Badminton,2,1,6407086,Sportartikel
6407087,Sportartikel > Badminton > Netze,3,1,6407087,Sportartikel
6406737,Sportelektronik,1,1,6406737,Sportelektronik
6406738,Sportelektronik > Fitness-Tracker,2,1,6406738,Sportelektronik
6406739,"TV, Video & Audio",1,1,6406739,"TV, Video & Audio"
6407088,"TV, Video & Audio > DJ-Equipment",2,1,6407088,"TV, Video & Audio"
6407089,"TV, Video & Audio > DJ-Equipment > DJ-Kopfhörer",3,1,6407089,"TV, Video & Audio"
6407090,"TV, Video & Audio > DJ-Equipment > Mikrofone",3,1,6407090,"TV, Video & Audio"
6407091,"TV, Video & Audio > Heim-Audio & HiFi",2,1,6407091,"TV, Video & Audio"
6407092,"TV, Video & Audio > Heim-Audio & HiFi > Verstärker & Vorverstärker",3,1,6407092,"TV, Video & Audio"
6406740,"TV, Video & Audio > Tragbare Geräte & Kopfhörer",2,1,6406740,"TV, Video & Audio"
6407093,Uhren & Schmuck,1,1,6407093,Uhren & Schmuck
6407094,Uhren & Schmuck > Juwelierbedarf,2,1,6407094,Uhren & Schmuck
6407095,Uhren & Schmuck > Juwelierbedarf > Reinigungsgeräte & -materialien,3,1,6407095,Uhren & Schmuck
6406741,Wohnen & Einrichten,1,1,6406741,Wohnen & Einrichten
6467361,Wohnen & Einrichten > Möbel,2,1,6467361,Wohnen & Einrichten
6467363,Wohnen & Einrichten > Möbel > Betten & Zubehör,3,1,6467363,Wohnen & Einrichten
6467365,Wohnen & Einrichten > Möbel > Betten & Zubehör > Bettausstattungen,4,1,6467365,Wohnen & Einrichten
6467438,Wohnen & Einrichten > Möbel > Betten & Zubehör > Bettausstattungen > Matratzen,5,1,6467438,Wohnen & Einrichten
6467439,Wohnen & Einrichten > Möbel > Betten & Zubehör > Bettausstattungen > Matratzen > Topper,6,1,6467439,Wohnen & Einrichten
6467367,Wohnen & Einrichten > Möbel > Betten & Zubehör > Bettausstattungen > Matratzenschoner,5,1,6467367,Wohnen & Einrichten
6467362,Wohnen & Einrichten > Möbel > Tische & Zubehör,3,1,6467362,Wohnen & Einrichten
6467364,Wohnen & Einrichten > Möbel > Tische & Zubehör > Tische,4,1,6467364,Wohnen & Einrichten
6467366,Wohnen & Einrichten > Möbel > Tische & Zubehör > Tische > Couchtische,5,1,6467366,Wohnen & Einrichten
6406742,Wohnen & Einrichten > Spiegel,2,1,6406742,Wohnen & Einrichten
