category_id,breadcrumb,kaufland_category_id,match_method,match_key
6556134,Auto & Motorrad: Teile > Auto-Anbau- & -Zubehörteile > Autopflege & Aufbereitung > Lackschutzfolien,19081,suffix_1,Lackschutzfolien
6556135,Auto & Motorrad: Teile > Auto-Anbau- & -Zubehörteile > Autopflege & Aufbereitung > Lufterfrischer,37201,suffix_1,Lufterfrischer
6556148,Auto & Motorrad: Teile > Auto-Motorsport > MS-Teile ohne Straßenzulassung > Auspuffanlagen,16861,suffix_1,Auspuffanlagen
6561858,Auto & Motorrad: Teile > Auto-Motorsport > MS-Teile ohne Straßenzulassung > Fahrwerksteile > Domstreben,18281,suffix_1,Domstreben
6561859,Auto & Motorrad: Teile > Auto-Motorsport > MS-Teile ohne Straßenzulassung > Fahrwerksteile > Federn,41271,suffix_1,Federn
6561863,Auto & Motorrad: Teile > Auto-Motorsport > MS-Teile ohne Straßenzulassung > Innenausstattung > Feuerlöscher,29941,suffix_1,Feuerlöscher
6561866,Auto & Motorrad: Teile > Auto-Motorsport > MS-Teile ohne Straßenzulassung > Innenausstattung > Lenkräder,18031,suffix_1,Lenkräder
6556151,Auto & Motorrad: Teile > Auto-Motorsport > MS-Teile ohne Straßenzulassung > Karosserieteile,16911,suffix_1,Karosserieteile
6556152,Auto & Motorrad: Teile > Auto-Motorsport > MS-Teile ohne Straßenzulassung > Reifen & Felgen,16361,suffix_1,Reifen & Felgen
6561870,Auto & Motorrad: Teile > Auto-Motorsport > MS-Teile ohne Straßenzulassung > Reifen & Felgen > Felgen,16531,suffix_2,Reifen & Felgen > Felgen
6561871,Auto & Motorrad: Teile > Auto-Motorsport > MS-Teile ohne Straßenzulassung > Reifen & Felgen > Kompletträder,16551,suffix_2,Reifen & Felgen > Kompletträder
6556159,Auto & Motorrad: Teile > Auto-Tuning & -Styling > Autoelektrik > Lichtmaschinen,18601,suffix_1,Lichtmaschinen
6556166,Auto & Motorrad: Teile > Auto-Tuning & -Styling > Chiptuning & Motortuning > Drehzahlbegrenzer,18531,suffix_1,Drehzahlbegrenzer
6556184,Auto & Motorrad: Teile > Auto-Tuning & -Styling > Chiptuning & Motortuning > Steuergeräte,18671,suffix_1,Steuergeräte
6556190,Auto & Motorrad: Teile > Auto-Tuning & -Styling > Chiptuning & Motortuning > Zahnriemen,17131,suffix_1,Zahnriemen
6556192,Auto & Motorrad: Teile > Auto-Tuning & -Styling > Gokart Teile > Auspuffanlagen,16861,suffix_1,Auspuffanlagen
6556228,Auto & Motorrad: Teile > Auto-Tuning & -Styling > Innenausstattung > Armlehnen,19851,suffix_1,Armlehnen
6556239,Auto & Motorrad: Teile > Auto-Tuning & -Styling > Innenausstattung > Hupen,18541,suffix_1,Hupen
6556241,Auto & Motorrad: Teile > Auto-Tuning & -Styling > Innenausstattung > Lenkradbezüge,19901,suffix_1,Lenkradbezüge
6556253,Auto & Motorrad: Teile > Auto-Tuning & -Styling > Innenausstattung > Zigarettenanzünder,59521,suffix_1,Zigarettenanzünder
6556268,Auto & Motorrad: Teile > Auto-Tuning & -Styling > Karosserie & Exterieur Styling > Motorhauben,18261,suffix_1,Motorhauben
6556269,Auto & Motorrad: Teile > Auto-Tuning & -Styling > Karosserie & Exterieur Styling > Radläufe,66971,suffix_1,Radläufe
6556271,Auto & Motorrad: Teile > Auto-Tuning & -Styling > Karosserie & Exterieur Styling > Seitenschweller,18231,suffix_1,Seitenschweller
6556276,Auto & Motorrad: Teile > Auto-Tuning & -Styling > Karosserie & Exterieur Styling > Stoßstangen,66911,suffix_1,Stoßstangen
6556277,Auto & Motorrad: Teile > Auto-Tuning & -Styling > Karosserie & Exterieur Styling > Tankdeckel,61881,suffix_1,Tankdeckel
6556278,Auto & Motorrad: Teile > Auto-Tuning & -Styling > Karosserie & Exterieur Styling > Tönungsfolien,17521,suffix_1,Tönungsfolien
6556279,Auto & Motorrad: Teile > Auto-Tuning & -Styling > Karosserie & Exterieur Styling > Türen,43461,suffix_1,Türen
6556281,Auto & Motorrad: Teile > Auto-Tuning & -Styling > Karosserie & Exterieur Styling > Wind- & Regenabweiser,18361,suffix_1,Wind- & Regenabweiser
6556285,Auto & Motorrad: Teile > Auto-Tuning & -Styling > Kraftstoffversorgung > Drosselklappen,17341,suffix_1,Drosselklappen
6556287,Auto & Motorrad: Teile > Auto-Tuning & -Styling > Kraftstoffversorgung > Kraftstofffilter,17171,suffix_1,Kraftstofffilter
6556288,Auto & Motorrad: Teile > Auto-Tuning & -Styling > Kraftstoffversorgung > Kraftstoffpumpen,17391,suffix_1,Kraftstoffpumpen
6556300,Auto & Motorrad: Teile > Auto-Tuning & -Styling > Kühlung > Ölkühler,17241,suffix_1,Ölkühler
6556306,Auto & Motorrad: Teile > Auto-Tuning & -Styling > Kühlung > Wasserkühler,17261,suffix_1,Wasserkühler
6556311,Auto & Motorrad: Teile > Auto-Tuning & -Styling > Lichter & Leuchten > Blinker,18841,suffix_1,Blinker
6556314,Auto & Motorrad: Teile > Auto-Tuning & -Styling > Lichter & Leuchten > Frontscheinwerfer,18861,suffix_1,Frontscheinwerfer
6556317,Auto & Motorrad: Teile > Auto-Tuning & -Styling > Lichter & Leuchten > Kennzeichenleuchten,18871,suffix_1,Kennzeichenleuchten
6556320,Auto & Motorrad: Teile > Auto-Tuning & -Styling > Lichter & Leuchten > Rück- & Bremsleuchten,18901,suffix_1,Rück- & Bremsleuchten
6556330,Auto & Motorrad: Teile > Auto-Tuning & -Styling > Luftversorgung > Kompressoren,31131,suffix_1,Kompressoren
6556344,Auto & Motorrad: Teile > Auto-Tuning & -Styling > Luftversorgung > Turbolader,17111,suffix_1,Turbolader
6556345,Auto & Motorrad: Teile > Auto-Tuning & -Styling > Sport-Auspuffe > Abgaskrümmer,17561,suffix_1,Abgaskrümmer
6556349,Auto & Motorrad: Teile > Auto-Tuning & -Styling > Sport-Auspuffe > Katalysatoren,17601,suffix_1,Katalysatoren
6556356,Auto & Motorrad: Teile > Auto-Tuning & -Styling > Sport-Auspuffe > Zwischenrohre,17571,suffix_1,Zwischenrohre
6556360,Auto & Motorrad: Teile > Auto-Tuning & -Styling > Sport-Bremsenteile > Hauptbremszylinder,17841,suffix_1,Hauptbremszylinder
6556372,Auto & Motorrad: Teile > Auto-Tuning & -Styling > Sport-Getriebe > Kugellager,68932,suffix_1,Kugellager
6556373,Auto & Motorrad: Teile > Auto-Tuning & -Styling > Sport-Getriebe > Kupplungsscheiben,17301,suffix_1,Kupplungsscheiben
6556375,Auto & Motorrad: Teile > Auto-Tuning & -Styling > Sport-Getriebe > Kupplungszylinder,17321,suffix_1,Kupplungszylinder
6556383,Auto & Motorrad: Teile > Auto-Tuning & -Styling > Sportfederung > Domstreben,18281,suffix_1,Domstreben
6556397,Auto & Motorrad: Teile > Auto-Tuning & -Styling > Zünd- & Glühanlagen > Glühkerzen,69473,suffix_1,Glühkerzen
6556399,Auto & Motorrad: Teile > Auto-Tuning & -Styling > Zünd- & Glühanlagen > Zündkabel,18731,suffix_1,Zündkabel
6556400,Auto & Motorrad: Teile > Auto-Tuning & -Styling > Zünd- & Glühanlagen > Zündkerzen,18741,suffix_1,Zündkerzen
6556401,Auto & Motorrad: Teile > Auto-Tuning & -Styling > Zünd- & Glühanlagen > Zündschlösser,18761,suffix_1,Zündschlösser
6556402,Auto & Motorrad: Teile > Auto-Tuning & -Styling > Zünd- & Glühanlagen > Zündspulen,18771,suffix_1,Zündspulen
6556407,"Auto & Motorrad: Teile > Autoelektronik, GPS & Sicherheitstechnik > Autoentertainment > Autoradios",16641,suffix_1,Autoradios
6556413,"Auto & Motorrad: Teile > Autoelektronik, GPS & Sicherheitstechnik > Autoentertainment > Frequenzweichen",16741,suffix_1,Frequenzweichen
6556419,"Auto & Motorrad: Teile > Autoelektronik, GPS & Sicherheitstechnik > Autoentertainment > Subwoofer",35391,suffix_1,Subwoofer
6556428,"Auto & Motorrad: Teile > Autoelektronik, GPS & Sicherheitstechnik > Dashcams, Alarmanlagen & Sicherheitstechnik > Alarmanlagen",29911,suffix_1,Alarmanlagen
6556430,"Auto & Motorrad: Teile > Autoelektronik, GPS & Sicherheitstechnik > Dashcams, Alarmanlagen & Sicherheitstechnik > Dashcams",69264,suffix_1,Dashcams
6556442,"Auto & Motorrad: Teile > Autoelektronik, GPS & Sicherheitstechnik > Elektronikzubehör > Einbaurahmen & Radioblenden",16721,suffix_1,Einbaurahmen & Radioblenden
6556445,"Auto & Motorrad: Teile > Autoelektronik, GPS & Sicherheitstechnik > Elektronikzubehör > Kondensatoren",43191,suffix_1,Kondensatoren
6556446,"Auto & Motorrad: Teile > Autoelektronik, GPS & Sicherheitstechnik > Elektronikzubehör > Kopfhörer",35571,suffix_1,Kopfhörer
6556450,"Auto & Motorrad: Teile > Autoelektronik, GPS & Sicherheitstechnik > Elektronikzubehör > Spannungswandler",63381,suffix_1,Spannungswandler
6556453,"Auto & Motorrad: Teile > Autoelektronik, GPS & Sicherheitstechnik > GPS & Navigationsgeräte > Einbau-Navigationsgeräte",16801,suffix_1,Einbau-Navigationsgeräte
6561878,"Auto & Motorrad: Teile > Autoelektronik, GPS & Sicherheitstechnik > GPS & Navigationsgeräte > GPS- & Navigationszubehör > Konsolen & Halterungen",16791,suffix_1,Konsolen & Halterungen
6556465,"Auto & Motorrad: Teile > Autoelektronik, GPS & Sicherheitstechnik > Klemmen & Verkabelung > Relais",18641,suffix_1,Relais
6556469,Auto & Motorrad: Teile > Autoteile & Zubehör > Anhängerkupplungen & Abschleppteile > Abschleppstangen,19771,suffix_1,Abschleppstangen
6561882,Auto & Motorrad: Teile > Autoteile & Zubehör > Anhängerkupplungen & Abschleppteile > Anhängerzubehör > Abschleppseile,19761,suffix_1,Abschleppseile
6556478,Auto & Motorrad: Teile > Autoteile & Zubehör > Auspuff- & Abgassysteme > Abgaskrümmer,17561,suffix_1,Abgaskrümmer
6556486,Auto & Motorrad: Teile > Autoteile & Zubehör > Auspuff- & Abgassysteme > Katalysatoren,17601,suffix_1,Katalysatoren
6556498,Auto & Motorrad: Teile > Autoteile & Zubehör > Autoelektrik > Anlasser,18491,suffix_1,Anlasser
6556507,Auto & Motorrad: Teile > Autoteile & Zubehör > Autoelektrik > Relais,18641,suffix_1,Relais
6556513,Auto & Motorrad: Teile > Autoteile & Zubehör > Autoreifen & Felgen > Felgen,16531,suffix_1,Felgen
6556515,Auto & Motorrad: Teile > Autoteile & Zubehör > Autoreifen & Felgen > Kompletträder,16551,suffix_1,Kompletträder
6556525,Auto & Motorrad: Teile > Autoteile & Zubehör > Beleuchtung > Frontscheinwerfer,18861,suffix_1,Frontscheinwerfer
6556531,Auto & Motorrad: Teile > Autoteile & Zubehör > Beleuchtung > Nebelscheinwerfer,18891,suffix_1,Nebelscheinwerfer
6556533,Auto & Motorrad: Teile > Autoteile & Zubehör > Beleuchtung > Reflektoren,15751,suffix_1,Reflektoren
6556534,Auto & Motorrad: Teile > Autoteile & Zubehör > Beleuchtung > Rück- & Bremsleuchten,18901,suffix_1,Rück- & Bremsleuchten
6556542,Auto & Motorrad: Teile > Autoteile & Zubehör > Bremsen & Bremsenteile > ABS-Steuergeräte,17681,suffix_1,ABS-Steuergeräte
6556543,Auto & Motorrad: Teile > Autoteile & Zubehör > Bremsen & Bremsenteile > Bremsbacken,17711,suffix_1,Bremsbacken
6556544,Auto & Motorrad: Teile > Autoteile & Zubehör > Bremsen & Bremsenteile > Bremsbeläge,17721,suffix_1,Bremsbeläge
6556546,Auto & Motorrad: Teile > Autoteile & Zubehör > Bremsen & Bremsenteile > Bremsenkomplettsätze,17751,suffix_1,Bremsenkomplettsätze
6556551,Auto & Motorrad: Teile > Autoteile & Zubehör > Bremsen & Bremsenteile > Bremsscheiben,17801,suffix_1,Bremsscheiben
6556553,Auto & Motorrad: Teile > Autoteile & Zubehör > Bremsen & Bremsenteile > Bremstrommeln,17821,suffix_1,Bremstrommeln
6556554,Auto & Motorrad: Teile > Autoteile & Zubehör > Bremsen & Bremsenteile > Bremszüge,17861,suffix_1,Bremszüge
6556556,Auto & Motorrad: Teile > Autoteile & Zubehör > Bremsen & Bremsenteile > Hauptbremszylinder,17841,suffix_1,Hauptbremszylinder
6556558,Auto & Motorrad: Teile > Autoteile & Zubehör > Bremsen & Bremsenteile > Radbremszylinder,17851,suffix_1,Radbremszylinder
6556576,Auto & Motorrad: Teile > Autoteile & Zubehör > Elektro- & Hybridautoteile > Steuergeräte,18671,suffix_1,Steuergeräte
6556583,Auto & Motorrad: Teile > Autoteile & Zubehör > Fahrerassistenzsysteme > Steuergeräte,18671,suffix_1,Steuergeräte
6556584,Auto & Motorrad: Teile > Autoteile & Zubehör > Fahrerassistenzsysteme > Tempomaten,18681,suffix_1,Tempomaten
6561926,Auto & Motorrad: Teile > Autoteile & Zubehör > Getriebe & Antriebstechnik > Kupplungsteile & -sätze > Kupplungssätze,17291,suffix_1,Kupplungssätze
6556655,Auto & Motorrad: Teile > Autoteile & Zubehör > Innenausstattung > Lenkradbezüge,19901,suffix_1,Lenkradbezüge
6556663,Auto & Motorrad: Teile > Autoteile & Zubehör > Innenausstattung > Schaltknäufe,18051,suffix_1,Schaltknäufe
6561949,"Auto & Motorrad: Teile > Autoteile & Zubehör > Karosserie-, Anbauteile & Zubehör > Außenspiegel & Teile > Außenspiegel",18101,suffix_1,Außenspiegel
6556673,"Auto & Motorrad: Teile > Autoteile & Zubehör > Karosserie-, Anbauteile & Zubehör > Einstiegsleisten",17541,suffix_1,Einstiegsleisten
6556676,"Auto & Motorrad: Teile > Autoteile & Zubehör > Karosserie-, Anbauteile & Zubehör > Fahrzeugantennen",16731,suffix_1,Fahrzeugantennen
6561958,"Auto & Motorrad: Teile > Autoteile & Zubehör > Karosserie-, Anbauteile & Zubehör > Fenster-, Heck- & Windschutzscheibenteile > Tönungsfolien",17521,suffix_1,Tönungsfolien
6556684,"Auto & Motorrad: Teile > Autoteile & Zubehör > Karosserie-, Anbauteile & Zubehör > Hupen",18541,suffix_1,Hupen
6561966,"Auto & Motorrad: Teile > Autoteile & Zubehör > Karosserie-, Anbauteile & Zubehör > Motorhauben & Teile > Motorhauben",18261,suffix_1,Motorhauben
6561973,"Auto & Motorrad: Teile > Autoteile & Zubehör > Karosserie-, Anbauteile & Zubehör > Schutzvorrichtungen & Schmutzfänger > Schmutzfänger",18311,suffix_1,Schmutzfänger
6561975,"Auto & Motorrad: Teile > Autoteile & Zubehör > Karosserie-, Anbauteile & Zubehör > Schutzvorrichtungen & Schmutzfänger > Wind- & Regenabweiser",18361,suffix_1,Wind- & Regenabweiser
6556697,"Auto & Motorrad: Teile > Autoteile & Zubehör > Keil-, Keilrippenriemen & Teile > Keil- & Keilrippenriemen",17141,suffix_1,Keil- & Keilrippenriemen
6556713,Auto & Motorrad: Teile > Autoteile & Zubehör > Klima- & Heizungsanlagen > Kondensatoren,43191,suffix_1,Kondensatoren
6556719,Auto & Motorrad: Teile > Autoteile & Zubehör > Klima- & Heizungsanlagen > Wärmetauscher,17201,suffix_1,Wärmetauscher
6551564,Auto & Motorrad: Teile > Autoteile & Zubehör > Luft- & Kraftstoffversorgung,17101,suffix_1,Luft- & Kraftstoffversorgung
6556720,Auto & Motorrad: Teile > Autoteile & Zubehör > Luft- & Kraftstoffversorgung > Ansaugbrücken,16981,suffix_1,Ansaugbrücken
6556722,Auto & Motorrad: Teile > Autoteile & Zubehör > Luft- & Kraftstoffversorgung > Drosselklappen,17341,suffix_2,Luft- & Kraftstoffversorgung > Drosselklappen
6556725,Auto & Motorrad: Teile > Autoteile & Zubehör > Luft- & Kraftstoffversorgung > Kraftstofffilter,17171,suffix_1,Kraftstofffilter
6556731,Auto & Motorrad: Teile > Autoteile & Zubehör > Luft- & Kraftstoffversorgung > Luftfilter,17181,suffix_1,Luftfilter
6556732,Auto & Motorrad: Teile > Autoteile & Zubehör > Luft- & Kraftstoffversorgung > Luftfilterkästen,17411,suffix_2,Luft- & Kraftstoffversorgung > Luftfilterkästen
6556734,Auto & Motorrad: Teile > Autoteile & Zubehör > Luft- & Kraftstoffversorgung > Tankdeckel,61881,suffix_1,Tankdeckel
6556737,Auto & Motorrad: Teile > Autoteile & Zubehör > Luft- & Kraftstoffversorgung > Vergaser,17441,suffix_2,Luft- & Kraftstoffversorgung > Vergaser
6556742,Auto & Motorrad: Teile > Autoteile & Zubehör > Motoren & Motorenteile > Kurbelwellen,17091,suffix_1,Kurbelwellen
6556749,Auto & Motorrad: Teile > Autoteile & Zubehör > Motoren & Motorenteile > Ölfilter,17191,suffix_1,Ölfilter
6562000,"Auto & Motorrad: Teile > Autoteile & Zubehör > Motoren & Motorenteile > Steuerketten, Zahnriemen & Einbausätze > Kettenräder",18401,suffix_1,Kettenräder
6562005,"Auto & Motorrad: Teile > Autoteile & Zubehör > Motoren & Motorenteile > Steuerketten, Zahnriemen & Einbausätze > Zahnriemen",17131,suffix_1,Zahnriemen
6562006,Auto & Motorrad: Teile > Autoteile & Zubehör > Motoren & Motorenteile > Ventilsteuerungsteile > Hydro- & Ventilstößel,17461,suffix_1,Hydro- & Ventilstößel
6562009,Auto & Motorrad: Teile > Autoteile & Zubehör > Motoren & Motorenteile > Ventilsteuerungsteile > Nockenwellen,17481,suffix_1,Nockenwellen
6562012,Auto & Motorrad: Teile > Autoteile & Zubehör > Motoren & Motorenteile > Ventilsteuerungsteile > Ventile,43271,suffix_1,Ventile
6556757,Auto & Motorrad: Teile > Autoteile & Zubehör > Motoren & Motorenteile > Zylinderköpfe,17501,suffix_1,Zylinderköpfe
6556760,Auto & Motorrad: Teile > Autoteile & Zubehör > Motorkühlung > Kappen,27081,suffix_1,Kappen
6556762,Auto & Motorrad: Teile > Autoteile & Zubehör > Motorkühlung > Kühlwasserschläuche,17211,suffix_1,Kühlwasserschläuche
6556764,Auto & Motorrad: Teile > Autoteile & Zubehör > Motorkühlung > Lüfter- & Gebläsemotoren,17231,suffix_1,Lüfter- & Gebläsemotoren
6556771,Auto & Motorrad: Teile > Autoteile & Zubehör > Motorkühlung > Wasserkühler,17261,suffix_1,Wasserkühler
6556791,Auto & Motorrad: Teile > Autoteile & Zubehör > Zünd- & Glühanlagen > Glühkerzen,69473,suffix_1,Glühkerzen
6556795,Auto & Motorrad: Teile > Autoteile & Zubehör > Zünd- & Glühanlagen > Zündkerzen,18741,suffix_1,Zündkerzen
6556798,Auto & Motorrad: Teile > Autoteile & Zubehör > Zünd- & Glühanlagen > Zündspulen,18771,suffix_1,Zündspulen
6556811,Auto & Motorrad: Teile > Erste Hilfe- & Notfallausrüstungen > Sicherheit > Feuerlöscher,29941,suffix_1,Feuerlöscher
6556815,Auto & Motorrad: Teile > Erste Hilfe- & Notfallausrüstungen > Sicherheit > Warndreiecke,19831,suffix_1,Warndreiecke
6556862,"Auto & Motorrad: Teile > Kleidung, Schutzausrüstung & Merchandise > Helme & Zubehör > Brillen",27961,suffix_1,Brillen
6556868,"Auto & Motorrad: Teile > Kleidung, Schutzausrüstung & Merchandise > Helme & Zubehör > Ohrstöpsel",69602,suffix_1,Ohrstöpsel
6556874,"Auto & Motorrad: Teile > Kleidung, Schutzausrüstung & Merchandise > Motorrad- & Motorsportausrüstung > Handschuhe",27131,suffix_1,Handschuhe
6556879,"Auto & Motorrad: Teile > Kleidung, Schutzausrüstung & Merchandise > Motorrad- & Motorsportausrüstung > Motorradjacken",21801,suffix_1,Motorradjacken
6556883,"Auto & Motorrad: Teile > Kleidung, Schutzausrüstung & Merchandise > Motorrad- & Motorsportausrüstung > Socken",24061,suffix_1,Socken
6556888,"Auto & Motorrad: Teile > Kleidung, Schutzausrüstung & Merchandise > Motorrad- & Motorsportausrüstung > Westen",21221,suffix_1,Westen
6556899,"Auto & Motorrad: Teile > Kleidung, Schutzausrüstung & Merchandise > Schutzausrüstung > Nierengurte",16071,suffix_1,Nierengurte
6556904,"Auto & Motorrad: Teile > Kleidung, Schutzausrüstung & Merchandise > Schutzausrüstung > Rückenprotektoren",47361,suffix_1,Rückenprotektoren
6556919,Auto & Motorrad: Teile > Klein- & Leichtkraftradteile > Leichtkraftradteile > Verkleidungen,1761,suffix_1,Verkleidungen
6556924,Auto & Motorrad: Teile > Motorrad- & Rollerteile & -zubehör > Ansaug- & Kraftstoffsysteme > Drosselklappen,17341,suffix_1,Drosselklappen
6556927,Auto & Motorrad: Teile > Motorrad- & Rollerteile & -zubehör > Ansaug- & Kraftstoffsysteme > Kraftstofffilter,17171,suffix_1,Kraftstofffilter
6556928,Auto & Motorrad: Teile > Motorrad- & Rollerteile & -zubehör > Ansaug- & Kraftstoffsysteme > Kraftstoffhähne,17371,suffix_1,Kraftstoffhähne
6556929,Auto & Motorrad: Teile > Motorrad- & Rollerteile & -zubehör > Ansaug- & Kraftstoffsysteme > Kraftstoffleitungen,17381,suffix_1,Kraftstoffleitungen
6556930,Auto & Motorrad: Teile > Motorrad- & Rollerteile & -zubehör > Ansaug- & Kraftstoffsysteme > Kraftstoffpumpen,17391,suffix_1,Kraftstoffpumpen
6556931,Auto & Motorrad: Teile > Motorrad- & Rollerteile & -zubehör > Ansaug- & Kraftstoffsysteme > Kraftstofftanks,17431,suffix_1,Kraftstofftanks
6556933,Auto & Motorrad: Teile > Motorrad- & Rollerteile & -zubehör > Ansaug- & Kraftstoffsysteme > Luftfilter,17181,suffix_1,Luftfilter
6556934,Auto & Motorrad: Teile > Motorrad- & Rollerteile & -zubehör > Ansaug- & Kraftstoffsysteme > Luftfilterkästen,17411,suffix_1,Luftfilterkästen
6556938,Auto & Motorrad: Teile > Motorrad- & Rollerteile & -zubehör > Ansaug- & Kraftstoffsysteme > Vergaser,17441,suffix_1,Vergaser
6556950,"Auto & Motorrad: Teile > Motorrad- & Rollerteile & -zubehör > Audio, Kommunikation & Navigation > Soundbars",68012,suffix_1,Soundbars
6556952,Auto & Motorrad: Teile > Motorrad- & Rollerteile & -zubehör > Auspuff- & Abgassysteme > Abgaskrümmer,17561,suffix_1,Abgaskrümmer
6556957,Auto & Motorrad: Teile > Motorrad- & Rollerteile & -zubehör > Auspuff- & Abgassysteme > Katalysatoren,17601,suffix_1,Katalysatoren
6556964,Auto & Motorrad: Teile > Motorrad- & Rollerteile & -zubehör > Beleuchtung > Blinker,18841,suffix_1,Blinker
6556965,Auto & Motorrad: Teile > Motorrad- & Rollerteile & -zubehör > Beleuchtung > Frontscheinwerfer,18861,suffix_1,Frontscheinwerfer
6556971,Auto & Motorrad: Teile > Motorrad- & Rollerteile & -zubehör > Beleuchtung > Nebelscheinwerfer,18891,suffix_1,Nebelscheinwerfer
6556972,Auto & Motorrad: Teile > Motorrad- & Rollerteile & -zubehör > Beleuchtung > Reflektoren,15751,suffix_1,Reflektoren
6556973,Auto & Motorrad: Teile > Motorrad- & Rollerteile & -zubehör > Beleuchtung > Rück- & Bremsleuchten,18901,suffix_1,Rück- & Bremsleuchten
6556979,Auto & Motorrad: Teile > Motorrad- & Rollerteile & -zubehör > Bremsen & Bremsenteile > Bremsbacken,17711,suffix_1,Bremsbacken
6556980,Auto & Motorrad: Teile > Motorrad- & Rollerteile & -zubehör > Bremsen & Bremsenteile > Bremsbeläge,17721,suffix_1,Bremsbeläge
6556981,Auto & Motorrad: Teile > Motorrad- & Rollerteile & -zubehör > Bremsen & Bremsenteile > Bremsenkomplettsätze,17751,suffix_1,Bremsenkomplettsätze
6556984,Auto & Motorrad: Teile > Motorrad- & Rollerteile & -zubehör > Bremsen & Bremsenteile > Bremsscheiben,17801,suffix_1,Bremsscheiben
6556988,Auto & Motorrad: Teile > Motorrad- & Rollerteile & -zubehör > Bremsen & Bremsenteile > Bremstrommeln,17821,suffix_1,Bremstrommeln
6556990,Auto & Motorrad: Teile > Motorrad- & Rollerteile & -zubehör > Bremsen & Bremsenteile > Hauptbremszylinder,17841,suffix_1,Hauptbremszylinder
6556992,Auto & Motorrad: Teile > Motorrad- & Rollerteile & -zubehör > Bremsen & Bremsenteile > Radbremszylinder,17851,suffix_1,Radbremszylinder
6556998,Auto & Motorrad: Teile > Motorrad- & Rollerteile & -zubehör > Elektrik & Zündungen > Anlasser,18491,suffix_1,Anlasser
6562030,Auto & Motorrad: Teile > Motorrad- & Rollerteile & -zubehör > Elektrik & Zündungen > Elektro- & Zündungssensoren & -schalter > Zündschlösser,18761,suffix_1,Zündschlösser
6557008,Auto & Motorrad: Teile > Motorrad- & Rollerteile & -zubehör > Elektrik & Zündungen > Relais,18641,suffix_1,Relais
6557015,Auto & Motorrad: Teile > Motorrad- & Rollerteile & -zubehör > Elektrik & Zündungen > Zündkerzen,18741,suffix_1,Zündkerzen
6557016,Auto & Motorrad: Teile > Motorrad- & Rollerteile & -zubehör > Elektrik & Zündungen > Zündspulen,18771,suffix_1,Zündspulen
6557032,Auto & Motorrad: Teile > Motorrad- & Rollerteile & -zubehör > Elektromotorrad- & Elektrorollerteile & -zubehör > Steuergeräte,18671,suffix_1,Steuergeräte
6557044,Auto & Motorrad: Teile > Motorrad- & Rollerteile & -zubehör > Gepäck & Gepäckträger > Gepäckträger,15441,suffix_1,Gepäckträger
6557054,Auto & Motorrad: Teile > Motorrad- & Rollerteile & -zubehör > Getriebe & Antriebstechnik > Getriebe,17031,suffix_1,Getriebe
6562063,Auto & Motorrad: Teile > Motorrad- & Rollerteile & -zubehör > Getriebe & Antriebstechnik > Kupplungsteile & -sätze > Kupplungsscheiben,17301,suffix_1,Kupplungsscheiben
6557068,"Auto & Motorrad: Teile > Motorrad- & Rollerteile & -zubehör > Lenker, Griffe & Steuerungen > Kupplungshebel",67081,suffix_1,Kupplungshebel
6557069,"Auto & Motorrad: Teile > Motorrad- & Rollerteile & -zubehör > Lenker, Griffe & Steuerungen > Lenker",18831,suffix_1,Lenker
6557081,Auto & Motorrad: Teile > Motorrad- & Rollerteile & -zubehör > Motoren & Motorteile > Kurbelwellen,17091,suffix_1,Kurbelwellen
6557090,Auto & Motorrad: Teile > Motorrad- & Rollerteile & -zubehör > Motoren & Motorteile > Ölfilter,17191,suffix_1,Ölfilter
6562067,"Auto & Motorrad: Teile > Motorrad- & Rollerteile & -zubehör > Motoren & Motorteile > Steuerketten, Zahnriemen & Einbausätze > Kettenräder",18401,suffix_1,Kettenräder
6562071,Auto & Motorrad: Teile > Motorrad- & Rollerteile & -zubehör > Motoren & Motorteile > Ventile & Ventilsteuerungsteile > Hydro- & Ventilstößel,17461,suffix_1,Hydro- & Ventilstößel
6562073,Auto & Motorrad: Teile > Motorrad- & Rollerteile & -zubehör > Motoren & Motorteile > Ventile & Ventilsteuerungsteile > Nockenwellen,17481,suffix_1,Nockenwellen
6557100,Auto & Motorrad: Teile > Motorrad- & Rollerteile & -zubehör > Motoren & Motorteile > Zylinderköpfe,17501,suffix_1,Zylinderköpfe
6557108,Auto & Motorrad: Teile > Motorrad- & Rollerteile & -zubehör > Motorkühlung > Ölkühler,17241,suffix_1,Ölkühler
6551634,Auto & Motorrad: Teile > Motorrad- & Rollerteile & -zubehör > Reifen & Felgen,16361,suffix_1,Reifen & Felgen
6557146,Auto & Motorrad: Teile > Motorrad- & Rollerteile & -zubehör > Reifen & Felgen > Kompletträder,16551,suffix_2,Reifen & Felgen > Kompletträder
6551637,Auto & Motorrad: Teile > Motorrad- & Rollerteile & -zubehör > Spiegel,2441,suffix_1,Spiegel
6557164,Auto & Motorrad: Teile > Motorrad- & Rollerteile & -zubehör > Verkleidungen & Rahmen > Kotflügel,18251,suffix_1,Kotflügel
6557171,Auto & Motorrad: Teile > Motorrad- & Rollerteile & -zubehör > Verkleidungen & Rahmen > Verkleidungen,1761,suffix_1,Verkleidungen
6557183,Auto & Motorrad: Teile > Motorrad-Motorsport > Motocross-Teile > Verkleidungen,1761,suffix_1,Verkleidungen
6557187,"Auto & Motorrad: Teile > Motorradwartung, -ständer & -transport > Anhänger, Rampen & Transport > Abschleppseile",19761,suffix_1,Abschleppseile
6557203,"Auto & Motorrad: Teile > Motorradwartung, -ständer & -transport > Sicherheit > Alarmanlagen",29911,suffix_1,Alarmanlagen
6557212,"Auto & Motorrad: Teile > Motorradwartung, -ständer & -transport > Sicherheit > Vorhängeschlösser",30001,suffix_1,Vorhängeschlösser
6557214,"Auto & Motorrad: Teile > Motorradwartung, -ständer & -transport > Ständer & Heber > Hebebühnen",30941,suffix_1,Hebebühnen
6551659,"Auto & Motorrad: Teile > Öl, Pflege- & Schmiermittel > Bremsenreiniger",19011,suffix_1,Bremsenreiniger
6557218,"Auto & Motorrad: Teile > Quad-, SSV- & UTV-Teile & -Zubehör > Anhängerkupplungen, Abschlepp- & Bergungsteile > Abschleppseile",19761,suffix_1,Abschleppseile
6557228,"Auto & Motorrad: Teile > Quad-, SSV- & UTV-Teile & -Zubehör > Ansaug- & Kraftstoffsysteme > Drosselklappen",17341,suffix_1,Drosselklappen
6557231,"Auto & Motorrad: Teile > Quad-, SSV- & UTV-Teile & -Zubehör > Ansaug- & Kraftstoffsysteme > Kraftstofffilter",17171,suffix_1,Kraftstofffilter
6557232,"Auto & Motorrad: Teile > Quad-, SSV- & UTV-Teile & -Zubehör > Ansaug- & Kraftstoffsysteme > Kraftstoffhähne",17371,suffix_1,Kraftstoffhähne
6557233,"Auto & Motorrad: Teile > Quad-, SSV- & UTV-Teile & -Zubehör > Ansaug- & Kraftstoffsysteme > Kraftstoffleitungen",17381,suffix_1,Kraftstoffleitungen
6557234,"Auto & Motorrad: Teile > Quad-, SSV- & UTV-Teile & -Zubehör > Ansaug- & Kraftstoffsysteme > Kraftstoffpumpen",17391,suffix_1,Kraftstoffpumpen
6557235,"Auto & Motorrad: Teile > Quad-, SSV- & UTV-Teile & -Zubehör > Ansaug- & Kraftstoffsysteme > Kraftstofftanks",17431,suffix_1,Kraftstofftanks
6557237,"Auto & Motorrad: Teile > Quad-, SSV- & UTV-Teile & -Zubehör > Ansaug- & Kraftstoffsysteme > Luftfilter",17181,suffix_1,Luftfilter
6557238,"Auto & Motorrad: Teile > Quad-, SSV- & UTV-Teile & -Zubehör > Ansaug- & Kraftstoffsysteme > Luftfilterkästen",17411,suffix_1,Luftfilterkästen
6557242,"Auto & Motorrad: Teile > Quad-, SSV- & UTV-Teile & -Zubehör > Ansaug- & Kraftstoffsysteme > Vergaser",17441,suffix_1,Vergaser
6557255,"Auto & Motorrad: Teile > Quad-, SSV- & UTV-Teile & -Zubehör > Audio, Kommunikation & Navigation > Soundbars",68012,suffix_1,Soundbars
6557257,"Auto & Motorrad: Teile > Quad-, SSV- & UTV-Teile & -Zubehör > Auspuff- & Abgassysteme > Abgaskrümmer",17561,suffix_1,Abgaskrümmer
6557271,"Auto & Motorrad: Teile > Quad-, SSV- & UTV-Teile & -Zubehör > Beleuchtung > Blinker",18841,suffix_1,Blinker
6557272,"Auto & Motorrad: Teile > Quad-, SSV- & UTV-Teile & -Zubehör > Beleuchtung > Frontscheinwerfer",18861,suffix_1,Frontscheinwerfer
6557277,"Auto & Motorrad: Teile > Quad-, SSV- & UTV-Teile & -Zubehör > Beleuchtung > Nebelscheinwerfer",18891,suffix_1,Nebelscheinwerfer
6557278,"Auto & Motorrad: Teile > Quad-, SSV- & UTV-Teile & -Zubehör > Beleuchtung > Reflektoren",15751,suffix_1,Reflektoren
6557279,"Auto & Motorrad: Teile > Quad-, SSV- & UTV-Teile & -Zubehör > Beleuchtung > Rück- & Bremsleuchten",18901,suffix_1,Rück- & Bremsleuchten
6557284,"Auto & Motorrad: Teile > Quad-, SSV- & UTV-Teile & -Zubehör > Bremsen & Bremsenteile > Bremsbacken",17711,suffix_1,Bremsbacken
6557285,"Auto & Motorrad: Teile > Quad-, SSV- & UTV-Teile & -Zubehör > Bremsen & Bremsenteile > Bremsbeläge",17721,suffix_1,Bremsbeläge
6557287,"Auto & Motorrad: Teile > Quad-, SSV- & UTV-Teile & -Zubehör > Bremsen & Bremsenteile > Bremsenkomplettsätze",17751,suffix_1,Bremsenkomplettsätze
6557291,"Auto & Motorrad: Teile > Quad-, SSV- & UTV-Teile & -Zubehör > Bremsen & Bremsenteile > Bremsscheiben",17801,suffix_1,Bremsscheiben
6557294,"Auto & Motorrad: Teile > Quad-, SSV- & UTV-Teile & -Zubehör > Bremsen & Bremsenteile > Bremstrommeln",17821,suffix_1,Bremstrommeln
6557297,"Auto & Motorrad: Teile > Quad-, SSV- & UTV-Teile & -Zubehör > Bremsen & Bremsenteile > Hauptbremszylinder",17841,suffix_1,Hauptbremszylinder
6557301,"Auto & Motorrad: Teile > Quad-, SSV- & UTV-Teile & -Zubehör > Elektrik & Zündungen > Anlasser",18491,suffix_1,Anlasser
6562093,"Auto & Motorrad: Teile > Quad-, SSV- & UTV-Teile & -Zubehör > Elektrik & Zündungen > Elektro- & Zündungssensoren & -schalter > Zündschlösser",18761,suffix_1,Zündschlösser
6557312,"Auto & Motorrad: Teile > Quad-, SSV- & UTV-Teile & -Zubehör > Elektrik & Zündungen > Relais",18641,suffix_1,Relais
6557320,"Auto & Motorrad: Teile > Quad-, SSV- & UTV-Teile & -Zubehör > Elektrik & Zündungen > Zündspulen",18771,suffix_1,Zündspulen
6557334,"Auto & Motorrad: Teile > Quad-, SSV- & UTV-Teile & -Zubehör > Elektro-Quad-, Elektro-SSV- & Elektro-UTV-Teile > Steuergeräte",18671,suffix_1,Steuergeräte
6557371,"Auto & Motorrad: Teile > Quad-, SSV- & UTV-Teile & -Zubehör > Getriebe & Antriebstechnik > Getriebe",17031,suffix_1,Getriebe
6562126,"Auto & Motorrad: Teile > Quad-, SSV- & UTV-Teile & -Zubehör > Getriebe & Antriebstechnik > Kupplungsteile & -sätze > Kupplungsscheiben",17301,suffix_1,Kupplungsscheiben
6557380,"Auto & Motorrad: Teile > Quad-, SSV- & UTV-Teile & -Zubehör > Hand- & Fußhebel & -rasten > Kupplungshebel",67081,suffix_1,Kupplungshebel
6557389,"Auto & Motorrad: Teile > Quad-, SSV- & UTV-Teile & -Zubehör > Lenkräder, Lenker & Griffe > Lenker",18831,suffix_1,Lenker
6557392,"Auto & Motorrad: Teile > Quad-, SSV- & UTV-Teile & -Zubehör > Lenkräder, Lenker & Griffe > Lenkräder",18031,suffix_1,Lenkräder
6557400,"Auto & Motorrad: Teile > Quad-, SSV- & UTV-Teile & -Zubehör > Motoren & Motorteile > Kurbelwellen",17091,suffix_1,Kurbelwellen
6557409,"Auto & Motorrad: Teile > Quad-, SSV- & UTV-Teile & -Zubehör > Motoren & Motorteile > Ölfilter",17191,suffix_1,Ölfilter
6562130,"Auto & Motorrad: Teile > Quad-, SSV- & UTV-Teile & -Zubehör > Motoren & Motorteile > Steuerketten, Zahnriemen & Einbausätze > Kettenräder",18401,suffix_1,Kettenräder
6562134,"Auto & Motorrad: Teile > Quad-, SSV- & UTV-Teile & -Zubehör > Motoren & Motorteile > Ventile & Ventilsteuerungsteile > Hydro- & Ventilstößel",17461,suffix_1,Hydro- & Ventilstößel
6562136,"Auto & Motorrad: Teile > Quad-, SSV- & UTV-Teile & -Zubehör > Motoren & Motorteile > Ventile & Ventilsteuerungsteile > Nockenwellen",17481,suffix_1,Nockenwellen
6557419,"Auto & Motorrad: Teile > Quad-, SSV- & UTV-Teile & -Zubehör > Motoren & Motorteile > Zylinderköpfe",17501,suffix_1,Zylinderköpfe
6557427,"Auto & Motorrad: Teile > Quad-, SSV- & UTV-Teile & -Zubehör > Motorkühlung > Ölkühler",17241,suffix_1,Ölkühler
6557438,"Auto & Motorrad: Teile > Quad-, SSV- & UTV-Teile & -Zubehör > Protektoren & Schmutzfänger > Schmutzfänger",18311,suffix_1,Schmutzfänger
6551697,"Auto & Motorrad: Teile > Quad-, SSV- & UTV-Teile & -Zubehör > Reifen & Felgen",16361,suffix_1,Reifen & Felgen
6557443,"Auto & Motorrad: Teile > Quad-, SSV- & UTV-Teile & -Zubehör > Reifen & Felgen > Felgen",16531,suffix_2,Reifen & Felgen > Felgen
6557444,"Auto & Motorrad: Teile > Quad-, SSV- & UTV-Teile & -Zubehör > Reifen & Felgen > Kompletträder",16551,suffix_2,Reifen & Felgen > Kompletträder
6557451,"Auto & Motorrad: Teile > Quad-, SSV- & UTV-Teile & -Zubehör > Reifen & Felgen > Spurverbreiterungen",16581,suffix_2,Reifen & Felgen > Spurverbreiterungen
6551700,"Auto & Motorrad: Teile > Quad-, SSV- & UTV-Teile & -Zubehör > Spiegel",2441,suffix_1,Spiegel
6557459,"Auto & Motorrad: Teile > Quad-, SSV- & UTV-Teile & -Zubehör > Spiegel > Außenspiegel",18101,suffix_1,Außenspiegel
6557463,"Auto & Motorrad: Teile > Quad-, SSV- & UTV-Teile & -Zubehör > Verkleidungen & Rahmen > Einstiegsleisten",17541,suffix_1,Einstiegsleisten
6562147,"Auto & Motorrad: Teile > Quad-, SSV- & UTV-Teile & -Zubehör > Verkleidungen & Rahmen > Verkleidungen, Türen & Kotflügel > Kotflügel",18251,suffix_1,Kotflügel
6562148,"Auto & Motorrad: Teile > Quad-, SSV- & UTV-Teile & -Zubehör > Verkleidungen & Rahmen > Verkleidungen, Türen & Kotflügel > Motorhauben",18261,suffix_1,Motorhauben
6562151,"Auto & Motorrad: Teile > Quad-, SSV- & UTV-Teile & -Zubehör > Verkleidungen & Rahmen > Verkleidungen, Türen & Kotflügel > Verkleidungen",1761,suffix_1,Verkleidungen
6557479,Auto & Motorrad: Teile > Spezielle Fahrzeug-Teile > Nutzfahrzeugteile > Karosserieteile,16911,suffix_1,Karosserieteile
6562155,"Auto & Motorrad: Teile > Spezielle Fahrzeug-Teile > Nutzfahrzeugteile > Lichter, Leuchten & Blinker > Blinker",18841,suffix_1,Blinker
6562156,"Auto & Motorrad: Teile > Spezielle Fahrzeug-Teile > Nutzfahrzeugteile > Lichter, Leuchten & Blinker > Frontscheinwerfer",18861,suffix_1,Frontscheinwerfer
6562157,"Auto & Motorrad: Teile > Spezielle Fahrzeug-Teile > Nutzfahrzeugteile > Lichter, Leuchten & Blinker > Rückleuchten",43041,suffix_1,Rückleuchten
6562159,"Auto & Motorrad: Teile > Spezielle Fahrzeug-Teile > Nutzfahrzeugteile > Lichter, Leuchten & Blinker > Zusatzscheinwerfer",18921,suffix_1,Zusatzscheinwerfer
6557483,Auto & Motorrad: Teile > Spezielle Fahrzeug-Teile > Nutzfahrzeugteile > Reifen & Felgen,16361,suffix_1,Reifen & Felgen
6562161,Auto & Motorrad: Teile > Spezielle Fahrzeug-Teile > Pkw-Anhänger Ersatzteile > Anschluss & Kupplung > Diebstahlschutz,39391,suffix_1,Diebstahlschutz
6562164,Auto & Motorrad: Teile > Spezielle Fahrzeug-Teile > Pkw-Anhänger Ersatzteile > Aufbau & Ladefläche > Auffahrrampen,66061,suffix_1,Auffahrrampen
6562166,Auto & Motorrad: Teile > Spezielle Fahrzeug-Teile > Pkw-Anhänger Ersatzteile > Aufbau & Ladefläche > Seilwinden,62731,suffix_1,Seilwinden
6557491,Auto & Motorrad: Teile > Spezielle Fahrzeug-Teile > Pkw-Anhänger Ersatzteile > Reifen & Felgen,16361,suffix_1,Reifen & Felgen
6557495,Auto & Motorrad: Teile > Spezielle Fahrzeug-Teile > US-Car-Teile > Accessoires,1851,suffix_1,Accessoires
6557496,Auto & Motorrad: Teile > Spezielle Fahrzeug-Teile > US-Car-Teile > Auspuffanlagen,16861,suffix_1,Auspuffanlagen
6557501,Auto & Motorrad: Teile > Spezielle Fahrzeug-Teile > US-Car-Teile > Karosserieteile,16911,suffix_1,Karosserieteile
6557504,Auto & Motorrad: Teile > Spezielle Fahrzeug-Teile > US-Car-Teile > Reifen & Felgen,16361,suffix_1,Reifen & Felgen
6562177,"Auto & Motorrad: Teile > Spezielle Fahrzeug-Teile > Wohnmobil- & Wohnwagenteile & Zubehör > Aufstelldächer, Markisen & Vorzelte > Markisen",27101,suffix_1,Markisen
6562180,"Auto & Motorrad: Teile > Spezielle Fahrzeug-Teile > Wohnmobil- & Wohnwagenteile & Zubehör > Aufstelldächer, Markisen & Vorzelte > Vorzelte",15321,suffix_1,Vorzelte
6562186,Auto & Motorrad: Teile > Spezielle Fahrzeug-Teile > Wohnmobil- & Wohnwagenteile & Zubehör > Elektrogeräte > Kaffeemaschinen,34341,suffix_1,Kaffeemaschinen
6562187,Auto & Motorrad: Teile > Spezielle Fahrzeug-Teile > Wohnmobil- & Wohnwagenteile & Zubehör > Elektrogeräte > Kühlboxen,20371,suffix_1,Kühlboxen
6562188,Auto & Motorrad: Teile > Spezielle Fahrzeug-Teile > Wohnmobil- & Wohnwagenteile & Zubehör > Elektrogeräte > Kühlschränke,33781,suffix_1,Kühlschränke
6562189,Auto & Motorrad: Teile > Spezielle Fahrzeug-Teile > Wohnmobil- & Wohnwagenteile & Zubehör > Elektrogeräte > Mikrowellen,10411,suffix_1,Mikrowellen
6562190,Auto & Motorrad: Teile > Spezielle Fahrzeug-Teile > Wohnmobil- & Wohnwagenteile & Zubehör > Elektrogeräte > Wasserkocher,10311,suffix_1,Wasserkocher
6562201,"Auto & Motorrad: Teile > Spezielle Fahrzeug-Teile > Wohnmobil- & Wohnwagenteile & Zubehör > Fenster, Luken, Lüfter & Zubehör > Fensterzubehör",43451,suffix_1,Fensterzubehör
6562211,Auto & Motorrad: Teile > Spezielle Fahrzeug-Teile > Wohnmobil- & Wohnwagenteile & Zubehör > Klima- & Heizungsanlagen > Klimaanlagen,31851,suffix_1,Klimaanlagen
6557516,Auto & Motorrad: Teile > Spezielle Fahrzeug-Teile > Wohnmobil- & Wohnwagenteile & Zubehör > Küchenzubehör,9821,suffix_1,Küchenzubehör
6562214,Auto & Motorrad: Teile > Spezielle Fahrzeug-Teile > Wohnmobil- & Wohnwagenteile & Zubehör > Möbel & Umbaukits > Küchenzeilen,68771,suffix_1,Küchenzeilen
6562227,Auto & Motorrad: Teile > Spezielle Fahrzeug-Teile > Wohnmobil- & Wohnwagenteile & Zubehör > Türen & Türzubehör > Türen,43461,suffix_1,Türen
6562228,Auto & Motorrad: Teile > Spezielle Fahrzeug-Teile > Wohnmobil- & Wohnwagenteile & Zubehör > Türen & Türzubehör > Türzubehör,43471,suffix_1,Türzubehör
6562232,Auto & Motorrad: Teile > Spezielle Fahrzeug-Teile > Wohnmobil- & Wohnwagenteile & Zubehör > Wasser- & Sanitärsysteme > Duschwannen,28371,suffix_1,Duschwannen
6562242,"Auto & Motorrad: Teile > Spezielle Fahrzeug-Teile > Wohnmobil- & Wohnwagenteile & Zubehör > Wohnwagenreifen, -räder & -felgen > Felgen",16531,suffix_1,Felgen
6562243,"Auto & Motorrad: Teile > Spezielle Fahrzeug-Teile > Wohnmobil- & Wohnwagenteile & Zubehör > Wohnwagenreifen, -räder & -felgen > Kompletträder",16551,suffix_1,Kompletträder
6562252,Auto & Motorrad: Teile > Werkzeuge > Autolackierbedarf > Zusatzmittel > Verdünner,19321,suffix_1,Verdünner
6551711,Auto & Motorrad: Teile > Werkzeuge > Diagnosegeräte,64561,suffix_1,Diagnosegeräte
6557560,Auto & Motorrad: Teile > Werkzeuge > Druckluftwerkzeuge > Schlagschrauber,31321,suffix_1,Schlagschrauber
6551715,Auto & Motorrad: Teile > Werkzeuge > Handwerkzeuge,31041,suffix_2,Werkzeuge > Handwerkzeuge
6557563,Auto & Motorrad: Teile > Werkzeuge > Handwerkzeuge > Abzieher,64261,suffix_1,Abzieher
6557575,Auto & Motorrad: Teile > Werkzeuge > Handwerkzeuge > Schraubendreher,32521,suffix_3,Werkzeuge > Handwerkzeuge > Schraubendreher
6557579,Auto & Motorrad: Teile > Werkzeuge > Handwerkzeuge > Zangen,32541,suffix_3,Werkzeuge > Handwerkzeuge > Zangen
6557597,Auto & Motorrad: Teile > Werkzeuge > Werkstattausstattung & -bedarf > Federspanner,19481,suffix_1,Federspanner
6557602,Auto & Motorrad: Teile > Werkzeuge > Werkstattausstattung & -bedarf > Lackieranlagen,63951,suffix_1,Lackieranlagen
6557608,Auto & Motorrad: Teile > Werkzeuge > Werkstattausstattung & -bedarf > Schweißgeräte,43521,suffix_1,Schweißgeräte
6557620,Baby > Auto-Kindersitze & Zubehör > Zubehör > Autoaufkleber,17511,suffix_1,Autoaufkleber
6557622,Baby > Auto-Kindersitze & Zubehör > Zubehör > Fußsäcke,12061,suffix_1,Fußsäcke
6557624,Baby > Auto-Kindersitze & Zubehör > Zubehör > Rückenlehnenschutz,11031,suffix_1,Rückenlehnenschutz
6557627,Baby > Auto-Kindersitze & Zubehör > Zubehör > Sonnenschutz,231,suffix_1,Sonnenschutz
6551729,Baby > Badezubehör > Badethermometer,32571,suffix_1,Badethermometer
6551730,Baby > Badezubehör > Badewannen,43411,suffix_1,Badewannen
6551731,Baby > Badezubehör > Badezusätze,1011,suffix_1,Badezusätze
6551736,Baby > Badezubehör > Waschlappen,6821,suffix_1,Waschlappen
6551743,Baby > Bettausstattung > Dekokissen,45121,suffix_1,Dekokissen
6551744,Baby > Bettausstattung > Kopfkissen,45111,suffix_1,Kopfkissen
6551748,Baby > Bettausstattung > Nestchen,57761,suffix_1,Nestchen
6551749,Baby > Bettausstattung > Schlafsäcke,13271,suffix_1,Schlafsäcke
6551752,Baby > Bücher & Zeitschriften > Bücher,6261,suffix_1,Bücher
6557650,Baby > Ernährung > Stillzubehör > Stilleinlagen,69524,suffix_1,Stilleinlagen
6551123,Baby > Kinderwagen & Zubehör,8921,suffix_1,Kinderwagen & Zubehör
6551768,Baby > Kinderwagen & Zubehör > Kinderwagen,42771,suffix_2,Kinderwagen & Zubehör > Kinderwagen
6551769,Baby > Kinderwagen & Zubehör > Kinderwagenzubehör,10951,suffix_2,Kinderwagen & Zubehör > Kinderwagenzubehör
6557654,Baby > Kinderwagen & Zubehör > Kinderwagenzubehör > Fußsäcke,12061,suffix_3,Kinderwagen & Zubehör > Kinderwagenzubehör > Fußsäcke
6551124,Baby > Möbel,1961,suffix_1,Möbel
6557662,Baby > Möbel > Betten > Beistellbetten,5631,suffix_1,Beistellbetten
6557663,Baby > Möbel > Betten > Gitterbetten,5641,suffix_1,Gitterbetten
6557664,Baby > Möbel > Betten > Reisebetten,5611,suffix_1,Reisebetten
6551773,Baby > Möbel > Kommoden,2241,suffix_2,Möbel > Kommoden
6551776,Baby > Möbel > Laufgitter,42751,suffix_1,Laufgitter
6551778,Baby > Möbel > Nachtlichter,4471,suffix_1,Nachtlichter
6557672,Baby > Möbel > Wickeltische & Zubehör > Heizstrahler,45581,suffix_1,Heizstrahler
6551786,Baby > Möbel > Wiegen,5601,suffix_1,Wiegen
6551789,Baby > Pflege > Beißringe,8791,suffix_1,Beißringe
6551791,Baby > Pflege > Fieberthermometer,32531,suffix_1,Fieberthermometer
6551792,Baby > Pflege > Haarpflege,51,suffix_1,Haarpflege
6551793,Baby > Pflege > Hautpflege,41,suffix_1,Hautpflege
6551794,Baby > Pflege > Schnuller,8801,suffix_1,Schnuller
6551797,Baby > Pflege > Waagen,10971,suffix_1,Waagen
6551800,Baby > Pflege > Wickeltaschen,26371,suffix_1,Wickeltaschen
6551801,Baby > Pflege > Windeleimer,8881,suffix_1,Windeleimer
6551803,Baby > Pflege > Windeln,8871,suffix_1,Windeln
6551804,Baby > Pflege > Zahnpflege,81,suffix_1,Zahnpflege
6551808,Baby > Sicherheit > Kindersicherungen,8751,suffix_1,Kindersicherungen
6557675,Baby > Sicherheit > Kindersicherungen > Ecken- & Kantenschutz,10631,suffix_2,Kindersicherungen > Ecken- & Kantenschutz
6551816,Baby > Spielzeug > Handpuppen,9761,suffix_1,Handpuppen
6551821,Baby > Spielzeug > Puppen,42871,suffix_1,Puppen
6551823,Baby > Spielzeug > Schmusetücher,9051,suffix_1,Schmusetücher
6551830,Baby > Taufe > Kerzen,7071,suffix_1,Kerzen
6551831,Baby > Taufe > Kissen,4831,suffix_1,Kissen
6551832,Baby > Taufe > Schmuck,52561,suffix_1,Schmuck
6551837,Baby > Zwillinge > Möbel,1961,suffix_1,Möbel
6557681,Bastel- & Künstlerbedarf > Bastelmaterialien > Basismaterialien > Bänder,41321,suffix_1,Bänder
6557689,Bastel- & Künstlerbedarf > Bastelmaterialien > Basismaterialien > Federn,41271,suffix_1,Federn
6557691,Bastel- & Künstlerbedarf > Bastelmaterialien > Basismaterialien > Flaschenverschlüsse,35111,suffix_1,Flaschenverschlüsse
6557695,Bastel- & Künstlerbedarf > Bastelmaterialien > Basismaterialien > Knöpfe,56791,suffix_1,Knöpfe
6557697,Bastel- & Künstlerbedarf > Bastelmaterialien > Basismaterialien > Moosgummi,23551,suffix_1,Moosgummi
6557706,Bastel- & Künstlerbedarf > Bastelmaterialien > Basismaterialien > Wackelaugen,69536,suffix_1,Wackelaugen
6557707,Bastel- & Künstlerbedarf > Bastelmaterialien > Basismaterialien > Wäscheklammern,37541,suffix_1,Wäscheklammern
6557718,Bastel- & Künstlerbedarf > Bastelmaterialien > Bastelwerkzeug > Schablonen,58801,suffix_1,Schablonen
6562261,Bastel- & Künstlerbedarf > Bastelmaterialien > Bastelwerkzeug > Schneidewerkzeuge > Schneidematten,69486,suffix_1,Schneidematten
6551848,Bastel- & Künstlerbedarf > Bauern- & Dekorationsmalerei > Rohlinge,58901,suffix_1,Rohlinge
6551849,Bastel- & Künstlerbedarf > Bauern- & Dekorationsmalerei > Schablonen,58801,suffix_1,Schablonen
6562291,Bastel- & Künstlerbedarf > Handarbeit > Sticken & Kreuzsticken > Handsticken - Wkz. & Access. > Fingerhüte,69482,suffix_1,Fingerhüte
6557787,Bastel- & Künstlerbedarf > Kreatives Gestalten > Embossing > Schablonen,58801,suffix_1,Schablonen
6557789,Bastel- & Künstlerbedarf > Kreatives Gestalten > Embossing > Stempel,45471,suffix_1,Stempel
6557790,Bastel- & Künstlerbedarf > Kreatives Gestalten > Embossing > Stempelkissen,40851,suffix_1,Stempelkissen
6557810,Bastel- & Künstlerbedarf > Kreatives Gestalten > Kerzen- & Seifenherstellung > Kerzendochte,69570,suffix_1,Kerzendochte
6557812,Bastel- & Künstlerbedarf > Kreatives Gestalten > Kerzen- & Seifenherstellung > Kerzenwachs,69540,suffix_1,Kerzenwachs
6557829,Bastel- & Künstlerbedarf > Kreatives Gestalten > Mosaik-Technik > Bastelsets,23631,suffix_1,Bastelsets
6551879,Bastel- & Künstlerbedarf > Kreatives Gestalten > Stempel,45471,suffix_1,Stempel
6551883,Bastel- & Künstlerbedarf > Kreatives Gestalten > Window Color,23751,suffix_1,Window Color
6557841,Bastel- & Künstlerbedarf > Kreatives Gestalten > Window Color > Bilder,2421,suffix_1,Bilder
6557856,Bastel- & Künstlerbedarf > Künstler- & Zeichenbedarf > Malen > Leinwände & Keilrahmen,23641,suffix_1,Leinwände & Keilrahmen
6557857,Bastel- & Künstlerbedarf > Künstler- & Zeichenbedarf > Malen > Malen nach Zahlen,9471,suffix_1,Malen nach Zahlen
6557863,Bastel- & Künstlerbedarf > Künstler- & Zeichenbedarf > Malen > Staffeleien,69300,suffix_1,Staffeleien
6562359,Bastel- & Künstlerbedarf > Künstler- & Zeichenbedarf > Malen > Zubehör > Schablonen,58801,suffix_1,Schablonen
6551889,Bastel- & Künstlerbedarf > Künstler- & Zeichenbedarf > Window Color,23751,suffix_1,Window Color
6557873,Bastel- & Künstlerbedarf > Künstler- & Zeichenbedarf > Zeichnen > Zeichenbretter,63271,suffix_1,Zeichenbretter
6557882,Bastel- & Künstlerbedarf > Lederbearbeitung > Lederbearbeitung - Werkzeug > Locheisen,59081,suffix_1,Locheisen
6557905,Bastel- & Künstlerbedarf > Nähen > Anreißwerkzeuge > Nadelkissen,56731,suffix_1,Nadelkissen
6557907,Bastel- & Künstlerbedarf > Nähen > Anreißwerkzeuge > Stecknadeln,69491,suffix_1,Stecknadeln
6557916,Bastel- & Künstlerbedarf > Nähen > Handnähnadeln & Access. > Fingerhüte,69482,suffix_1,Fingerhüte
6557918,Bastel- & Künstlerbedarf > Nähen > Handnähnadeln & Access. > Nähnadeln,56751,suffix_1,Nähnadeln
6557925,Bastel- & Künstlerbedarf > Nähen > Messwerkzeuge > Schneiderpuppen,67241,suffix_1,Schneiderpuppen
6557937,Bastel- & Künstlerbedarf > Nähen > Schneiderwerkzeuge > Nahttrenner,69485,suffix_1,Nahttrenner
6551905,Bastel- & Künstlerbedarf > Nähen > Schnittmuster,69481,suffix_1,Schnittmuster
6551907,Bastel- & Künstlerbedarf > Nähen > Verschlüsse,68943,suffix_1,Verschlüsse
6557949,Bastel- & Künstlerbedarf > Nähen > Verschlüsse > Knöpfe,56791,suffix_1,Knöpfe
6557952,Bastel- & Künstlerbedarf > Nähen > Verschlüsse > Reißverschlüsse,69246,suffix_1,Reißverschlüsse
6557953,Bastel- & Künstlerbedarf > Nähen > Verschlüsse > Ringe,25271,suffix_1,Ringe
6557958,Bastel- & Künstlerbedarf > Nähen > Verzierungen > Etiketten,23121,suffix_1,Etiketten
6557984,Bastel- & Künstlerbedarf > Plastisches Gestalten > Steinbearbeitung > Rohlinge,58901,suffix_1,Rohlinge
6558005,Bastel- & Künstlerbedarf > Schmuckherstellung > Schmuck-Montagezubehör > Kappen,27081,suffix_1,Kappen
6558011,Bastel- & Künstlerbedarf > Schmuckherstellung > Schmuck-Montagezubehör > Sicherheitsnadeln,69492,suffix_1,Sicherheitsnadeln
6558014,Bastel- & Künstlerbedarf > Schmuckherstellung > Schmuck-Montagezubehör > Verschlüsse,68943,suffix_1,Verschlüsse
6551941,Bastel- & Künstlerbedarf > Textilmalerei & Dekorationen > Textilfarben,41201,suffix_1,Textilfarben
6551947,Beauty & Gesundheit > Augenoptik > Brillenetuis,68212,suffix_1,Brillenetuis
6551951,Beauty & Gesundheit > Augenoptik > Kontaktlinsen,42091,suffix_1,Kontaktlinsen
6551952,Beauty & Gesundheit > Augenoptik > Kontaktlinsenbehälter,42151,suffix_1,Kontaktlinsenbehälter
6551955,Beauty & Gesundheit > Augenoptik > Lesebrillen,28001,suffix_1,Lesebrillen
6551956,Beauty & Gesundheit > Augenoptik > Lupen,30361,suffix_1,Lupen
6558034,Beauty & Gesundheit > Enthaarung & Rasur > Elektrische Geräte Enthaarung & Rasur > Epilierer,31421,suffix_1,Epilierer
6551967,Beauty & Gesundheit > Enthaarung & Rasur > Pinzetten,2581,suffix_1,Pinzetten
6558048,Beauty & Gesundheit > Familienplanung & Erotik > Sexspielzeug > Sexspielzeugreiniger,61841,suffix_1,Sexspielzeugreiniger
6558049,Beauty & Gesundheit > Haarpflege & Haarstyling > Elektrische Haarstyling Geräte > Haartrockner,31231,suffix_1,Haartrockner
6551994,Beauty & Gesundheit > Haarpflege & Haarstyling > Wattestäbchen,3061,suffix_1,Wattestäbchen
6551152,Beauty & Gesundheit > Hautpflege,41,suffix_1,Hautpflege
6551999,Beauty & Gesundheit > Hautpflege > Gesichtsmasken,841,suffix_1,Gesichtsmasken
6552001,Beauty & Gesundheit > Hautpflege > Gesichtspeelings,771,suffix_1,Gesichtspeelings
6552014,Beauty & Gesundheit > Hautpflege > Wattestäbchen,3061,suffix_1,Wattestäbchen
6558063,Beauty & Gesundheit > Hilfsmittel > Alltagshilfen > Hörhilfen,69426,suffix_1,Hörhilfen
6558064,Beauty & Gesundheit > Hilfsmittel > Alltagshilfen > Inhalatoren,66871,suffix_1,Inhalatoren
6558087,Beauty & Gesundheit > Hilfsmittel > Messgeräte & Tests > Thermometer,10961,suffix_1,Thermometer
6558088,Beauty & Gesundheit > Hilfsmittel > Mobilitäts- & Gehhilfen > Elektromobile,70159,suffix_1,Elektromobile
6558091,Beauty & Gesundheit > Hilfsmittel > Mobilitäts- & Gehhilfen > Rollstühle,66601,suffix_1,Rollstühle
6551154,Beauty & Gesundheit > Körperpflege,211,suffix_1,Körperpflege
6552023,Beauty & Gesundheit > Körperpflege > Badeöle,3211,suffix_1,Badeöle
6552024,Beauty & Gesundheit > Körperpflege > Badesalze,3251,suffix_1,Badesalze
6552025,Beauty & Gesundheit > Körperpflege > Deodorants,181,suffix_2,Körperpflege > Deodorants
6552028,Beauty & Gesundheit > Körperpflege > Körperpuder,981,suffix_2,Körperpflege > Körperpuder
6552032,Beauty & Gesundheit > Körperpflege > Schaumbäder,3191,suffix_1,Schaumbäder
6558101,Beauty & Gesundheit > Körperpflege > Sexspielzeug > Sexspielzeugreiniger,61841,suffix_1,Sexspielzeugreiniger
6558105,Beauty & Gesundheit > Make-up > Augen > Lidschatten,1991,suffix_1,Lidschatten
6558116,Beauty & Gesundheit > Make-up > Lippen > Lippenstifte,1291,suffix_1,Lippenstifte
6558121,Beauty & Gesundheit > Make-up > Make-up-Utensilien > Spiegel,2441,suffix_1,Spiegel
6558130,Beauty & Gesundheit > Make-up > Teint > Puder,1901,suffix_1,Puder
6558131,Beauty & Gesundheit > Make-up > Teint > Rouge,1911,suffix_1,Rouge
6552049,Beauty & Gesundheit > Maniküre & Pediküre > Nagellackentferner,441,suffix_1,Nagellackentferner
6558153,Beauty & Gesundheit > Medikamente von Apothekern > Ohrenpflege > Ohrstöpsel,69602,suffix_1,Ohrstöpsel
6558156,Beauty & Gesundheit > Mund- & Zahnpflege > Elektrische Mund- & Zahnpflege > Elektrische Zahnbürsten,31711,suffix_1,Elektrische Zahnbürsten
6558157,Beauty & Gesundheit > Mund- & Zahnpflege > Elektrische Mund- & Zahnpflege > Ersatzbürsten,52571,suffix_1,Ersatzbürsten
6558158,Beauty & Gesundheit > Mund- & Zahnpflege > Elektrische Mund- & Zahnpflege > Mundduschen,69418,suffix_1,Mundduschen
6552090,Beauty & Gesundheit > Mund- & Zahnpflege > Handzahnbürsten,31601,suffix_1,Handzahnbürsten
6552099,Beauty & Gesundheit > Mund- & Zahnpflege > Zahnweiß,591,suffix_1,Zahnweiß
6552109,Beauty & Gesundheit > Natur- & Alternativheilmittel > Magnetfeldtherapie,68362,suffix_1,Magnetfeldtherapie
6558163,Beauty & Gesundheit > Pflege- & Medizinischer Bedarf > Blutzucker-Behandlung > Blutzuckermessgeräte,2621,suffix_1,Blutzuckermessgeräte
6552129,Beauty & Gesundheit > Pflege- & Medizinischer Bedarf > Damenhygiene,59591,suffix_1,Damenhygiene
6558173,Beauty & Gesundheit > Pflege- & Medizinischer Bedarf > Damenhygiene > Menstruationstassen,69317,suffix_2,Damenhygiene > Menstruationstassen
6558174,Beauty & Gesundheit > Pflege- & Medizinischer Bedarf > Damenhygiene > Slipeinlagen,661,suffix_2,Damenhygiene > Slipeinlagen
6558176,Beauty & Gesundheit > Pflege- & Medizinischer Bedarf > Damenhygiene > Tampons,651,suffix_2,Damenhygiene > Tampons
6558180,Beauty & Gesundheit > Pflege- & Medizinischer Bedarf > Erste Hilfe > Erste-Hilfe-Sets,60951,suffix_1,Erste-Hilfe-Sets
6552135,Beauty & Gesundheit > Pflege- & Medizinischer Bedarf > Pillendosen,62631,suffix_1,Pillendosen
6558197,Beauty & Gesundheit > Pflege- & Medizinischer Bedarf > Schlafhilfen > Schlafmasken,69531,suffix_1,Schlafmasken
6552149,Beauty & Gesundheit > Sonnenschutz & Solarium > Selbstbräuner,971,suffix_1,Selbstbräuner
6552151,Beauty & Gesundheit > Sonnenschutz & Solarium > Sonnenschutz,231,suffix_1,Sonnenschutz
6558211,Beauty & Gesundheit > Vitamine & Lifestyle Nahrungsergänzungsmittel > Diät & Gewichtsmanagement > Personenwaagen,32731,suffix_1,Personenwaagen
6552189,Beauty & Gesundheit > Vitamine & Lifestyle Nahrungsergänzungsmittel > Nahrungsergänzungsmittel,65991,suffix_1,Nahrungsergänzungsmittel
6551170,Bücher & Zeitschriften > Bücher,6261,suffix_1,Bücher
6552198,Bücher & Zeitschriften > Buchzubehör > Lesezeichen,40401,suffix_1,Lesezeichen
6552211,Büro & Schreibwaren > Buchzubehör > Lesezeichen,40401,suffix_1,Lesezeichen
6558224,Büro & Schreibwaren > Büromöbel > Kleinmöbel & Accessoires > Bodenschutzmatten,67331,suffix_1,Bodenschutzmatten
6558228,Büro & Schreibwaren > Büromöbel > Kleinmöbel & Accessoires > Schirmständer,5061,suffix_1,Schirmständer
6558230,Büro & Schreibwaren > Büromöbel > Kleinmöbel & Accessoires > Tresore,56741,suffix_1,Tresore
6558231,Büro & Schreibwaren > Büromöbel > Leuchten & Leuchtmittel > Deckenleuchten,4361,suffix_1,Deckenleuchten
6558236,Büro & Schreibwaren > Büromöbel > Leuchten & Leuchtmittel > Wandleuchten,4351,suffix_1,Wandleuchten
6558237,Büro & Schreibwaren > Büromöbel > Schränke & Regale > Aktenschränke,6121,suffix_1,Aktenschränke
6558243,Büro & Schreibwaren > Büromöbel > Schränke & Regale > Schubladenschränke,6141,suffix_1,Schubladenschränke
6558248,Büro & Schreibwaren > Büromöbel > Sitzmöbel > Hocker,4321,suffix_1,Hocker
6558253,Büro & Schreibwaren > Büromöbel > Tische > Schreibtische,5651,suffix_1,Schreibtische
6552221,Büro & Schreibwaren > Bürotechnik > Aktenvernichter,37661,suffix_2,Bürotechnik > Aktenvernichter
6552225,Büro & Schreibwaren > Bürotechnik > Bindegeräte,40891,suffix_1,Bindegeräte
6552231,Büro & Schreibwaren > Bürotechnik > Falz- & Kuvertiergeräte,37731,suffix_2,Bürotechnik > Falz- & Kuvertiergeräte
6552232,Büro & Schreibwaren > Bürotechnik > Faxgeräte,37701,suffix_2,Bürotechnik > Faxgeräte
6552233,Büro & Schreibwaren > Bürotechnik > Frankiermaschinen,37841,suffix_2,Bürotechnik > Frankiermaschinen
6558284,Büro & Schreibwaren > Bürotechnik > Kopiergeräte > Toner,39501,suffix_1,Toner
6552239,Büro & Schreibwaren > Bürotechnik > Laminiergeräte,37761,suffix_2,Bürotechnik > Laminiergeräte
6558288,Büro & Schreibwaren > Bürotechnik > Overhead- & LCD-Projektoren > Overheadprojektoren,37791,suffix_1,Overheadprojektoren
6552242,Büro & Schreibwaren > Bürotechnik > Schreibmaschinen,37781,suffix_2,Bürotechnik > Schreibmaschinen
6552247,Büro & Schreibwaren > Geschenk- & Werbeartikel > Feuerzeuge,23321,suffix_1,Feuerzeuge
6552249,Büro & Schreibwaren > Geschenk- & Werbeartikel > Schlüsselanhänger,27941,suffix_1,Schlüsselanhänger
6552253,Büro & Schreibwaren > Geschenk- & Werbeartikel > Tassen,22441,suffix_1,Tassen
6552259,"Büro & Schreibwaren > Papier, Büro- & Schreibwaren > Etiketten",23121,suffix_1,Etiketten
6552260,"Büro & Schreibwaren > Papier, Büro- & Schreibwaren > Fotoalben",23051,suffix_1,Fotoalben
6558305,"Büro & Schreibwaren > Papier, Büro- & Schreibwaren > Kleinmaterial > Büroklammern",40621,suffix_1,Büroklammern
6558306,"Büro & Schreibwaren > Papier, Büro- & Schreibwaren > Kleinmaterial > Gummibänder",40641,suffix_1,Gummibänder
6558307,"Büro & Schreibwaren > Papier, Büro- & Schreibwaren > Kleinmaterial > Heftklammern",40631,suffix_1,Heftklammern
6558308,"Büro & Schreibwaren > Papier, Büro- & Schreibwaren > Kleinmaterial > Heftstreifen",39061,suffix_1,Heftstreifen
6552264,"Büro & Schreibwaren > Papier, Büro- & Schreibwaren > Lesezeichen",40401,suffix_1,Lesezeichen
6558313,"Büro & Schreibwaren > Papier, Büro- & Schreibwaren > Locher & Hefter > Locher",23091,suffix_1,Locher
6562410,"Büro & Schreibwaren > Papier, Büro- & Schreibwaren > Ordnen & ablegen > Ablagen & Ablagesysteme > Karteikarten",39081,suffix_1,Karteikarten
6562411,"Büro & Schreibwaren > Papier, Büro- & Schreibwaren > Ordnen & ablegen > Ablagen & Ablagesysteme > Karteikästen",38841,suffix_1,Karteikästen
6562413,"Büro & Schreibwaren > Papier, Büro- & Schreibwaren > Ordnen & ablegen > Ablagen & Ablagesysteme > Stehsammler",39001,suffix_1,Stehsammler
6558319,"Büro & Schreibwaren > Papier, Büro- & Schreibwaren > Ordnen & ablegen > Ordner",39011,suffix_1,Ordner
6558323,"Büro & Schreibwaren > Papier, Büro- & Schreibwaren > Papier, Hefte & Blöcke > Adressbücher",40421,suffix_1,Adressbücher
6558324,"Büro & Schreibwaren > Papier, Büro- & Schreibwaren > Papier, Hefte & Blöcke > Blöcke",38131,suffix_1,Blöcke
6558328,"Büro & Schreibwaren > Papier, Büro- & Schreibwaren > Papier, Hefte & Blöcke > Fotopapiere",38011,suffix_1,Fotopapiere
6558331,"Büro & Schreibwaren > Papier, Büro- & Schreibwaren > Papier, Hefte & Blöcke > Hefte",38121,suffix_1,Hefte
6558335,"Büro & Schreibwaren > Papier, Büro- & Schreibwaren > Schreiben & Korrigieren > Filzstifte",38451,suffix_1,Filzstifte
6558336,"Büro & Schreibwaren > Papier, Büro- & Schreibwaren > Schreiben & Korrigieren > Fineliner",38201,suffix_1,Fineliner
6558337,"Büro & Schreibwaren > Papier, Büro- & Schreibwaren > Schreiben & Korrigieren > Füllfederhalter",38281,suffix_1,Füllfederhalter
6558340,"Büro & Schreibwaren > Papier, Büro- & Schreibwaren > Schreiben & Korrigieren > Kugelschreiber",38481,suffix_1,Kugelschreiber
6558342,"Büro & Schreibwaren > Papier, Büro- & Schreibwaren > Schreiben & Korrigieren > Schreibsets",58211,suffix_1,Schreibsets
6552270,"Büro & Schreibwaren > Papier, Büro- & Schreibwaren > Stempel",45471,suffix_1,Stempel
6552272,"Büro & Schreibwaren > Papier, Büro- & Schreibwaren > Visitenkarten",40991,suffix_1,Visitenkarten
6552275,Büro & Schreibwaren > Präsentationsbedarf > Pinnwände,40261,suffix_1,Pinnwände
6558346,Büro & Schreibwaren > Präsentationsbedarf > Präsentations-Zubehör > Karten,23201,suffix_1,Karten
6558351,Büro & Schreibwaren > Präsentationsbedarf > Präsentations-Zubehör > Namensschilder,23231,suffix_1,Namensschilder
6558354,Büro & Schreibwaren > Schulbedarf > Schreibtischzubehör > Schreibtischunterlagen,23181,suffix_1,Schreibtischunterlagen
6558357,Büro & Schreibwaren > Schulbedarf > Schul- & Jugendschreibgeräte > Bleistifte,45441,suffix_1,Bleistifte
6558358,Büro & Schreibwaren > Schulbedarf > Schul- & Jugendschreibgeräte > Buntstifte,38541,suffix_1,Buntstifte
6558367,Büro & Schreibwaren > Schulbedarf > Schulhefte & -blöcke > Blöcke,38131,suffix_1,Blöcke
6558368,Büro & Schreibwaren > Schulbedarf > Schulhefte & -blöcke > Heftboxen,62181,suffix_1,Heftboxen
6552288,Büro & Schreibwaren > Schulbedarf > Schultüten,41491,suffix_1,Schultüten
6552295,Büro & Schreibwaren > Technischer Zeichenbedarf > Lineale,38621,suffix_1,Lineale
6552297,Büro & Schreibwaren > Technischer Zeichenbedarf > Scheren,10751,suffix_1,Scheren
6552303,Büro & Schreibwaren > Technischer Zeichenbedarf > Zeichenkegel,65901,suffix_1,Zeichenkegel
6552305,Büro & Schreibwaren > Technischer Zeichenbedarf > Zirkel,38651,suffix_1,Zirkel
6558373,"Business & Industrie > Agrar, Forst & Kommune > Arbeitskleidung & -schutz > Handschuhe",27131,suffix_1,Handschuhe
6558376,"Business & Industrie > Agrar, Forst & Kommune > Arbeitskleidung & -schutz > Sicherheitshelme",33841,suffix_1,Sicherheitshelme
6562414,"Business & Industrie > Agrar, Forst & Kommune > Ersatzteile, Teile & Zubehör > Teile & Zubehör Anhänger > Anhängerkupplungen",19681,suffix_1,Anhängerkupplungen
6562417,"Business & Industrie > Agrar, Forst & Kommune > Ersatzteile, Teile & Zubehör > Teile & Zubehör Anhänger > Stützräder",15761,suffix_1,Stützräder
6562433,"Business & Industrie > Agrar, Forst & Kommune > Ersatzteile, Teile & Zubehör > Teile & Zubehör Motorsägen > Sägeketten",43561,suffix_1,Sägeketten
6564001,"Business & Industrie > Agrar, Forst & Kommune > Ersatzteile, Teile & Zubehör > Teile & Zubehör Traktoren > Anbaugeräte > Frontlader",34141,suffix_1,Frontlader
6564004,"Business & Industrie > Agrar, Forst & Kommune > Ersatzteile, Teile & Zubehör > Teile & Zubehör Traktoren > Antrieb, Motor & Getriebe > Anlasser",18491,suffix_1,Anlasser
6564011,"Business & Industrie > Agrar, Forst & Kommune > Ersatzteile, Teile & Zubehör > Teile & Zubehör Traktoren > Antrieb, Motor & Getriebe > Glühkerzen",69473,suffix_1,Glühkerzen
6564015,"Business & Industrie > Agrar, Forst & Kommune > Ersatzteile, Teile & Zubehör > Teile & Zubehör Traktoren > Antrieb, Motor & Getriebe > Lichtmaschinen",18601,suffix_1,Lichtmaschinen
6564027,"Business & Industrie > Agrar, Forst & Kommune > Ersatzteile, Teile & Zubehör > Teile & Zubehör Traktoren > Karosse, Fahrwerk & Elektrik > Karosserieteile",16911,suffix_1,Karosserieteile
6564036,"Business & Industrie > Agrar, Forst & Kommune > Ersatzteile, Teile & Zubehör > Teile & Zubehör Traktoren > Karosse, Fahrwerk & Elektrik > Spiegel",2441,suffix_1,Spiegel
6558385,"Business & Industrie > Agrar, Forst & Kommune > Forsttechnik > Äxte & Beile",26951,suffix_1,Äxte & Beile
6558388,"Business & Industrie > Agrar, Forst & Kommune > Forsttechnik > Holzspalter",33891,suffix_1,Holzspalter
6558393,"Business & Industrie > Agrar, Forst & Kommune > Gartenbau- & Kommunaltechnik > Häcksler",27431,suffix_1,Häcksler
6558394,"Business & Industrie > Agrar, Forst & Kommune > Gartenbau- & Kommunaltechnik > Heckenscheren",26991,suffix_1,Heckenscheren
6558400,"Business & Industrie > Agrar, Forst & Kommune > Gartenbau- & Kommunaltechnik > Rasenmäher",43381,suffix_1,Rasenmäher
6558401,"Business & Industrie > Agrar, Forst & Kommune > Gartenbau- & Kommunaltechnik > Räum- & Streugeräte",27271,suffix_1,Räum- & Streugeräte
6558403,"Business & Industrie > Agrar, Forst & Kommune > Gartenbau- & Kommunaltechnik > Vertikutierer",43391,suffix_1,Vertikutierer
6562443,"Business & Industrie > Agrar, Forst & Kommune > Hof- & Viehtechnik > Zäune & Pfähle > Weidezaungeräte",68918,suffix_1,Weidezaungeräte
6562469,"Business & Industrie > Agrar, Forst & Kommune > Spezial-Landwirtschaft > Imkerei > Gläser",22531,suffix_1,Gläser
6558455,"Business & Industrie > Automation, Antriebe & Motoren > Mechanische Antriebstechnik > Bremsen",16871,suffix_1,Bremsen
6562514,"Business & Industrie > Automation, Antriebe & Motoren > Mechanische Antriebstechnik > Ketten & Kettenräder > Kettenräder",18401,suffix_1,Kettenräder
6562515,"Business & Industrie > Automation, Antriebe & Motoren > Mechanische Antriebstechnik > Ketten & Kettenräder > Kettenspanner",18451,suffix_1,Kettenspanner
6562535,"Business & Industrie > Automation, Antriebe & Motoren > Mechanische Antriebstechnik > Riemen & Scheiben > Antriebsriemen",54781,suffix_1,Antriebsriemen
6558489,Business & Industrie > Baugewerbe > Arbeitskleidung & -schutz > Handschuhe,27131,suffix_1,Handschuhe
6558490,Business & Industrie > Baugewerbe > Arbeitskleidung & -schutz > Helme,47271,suffix_1,Helme
6562572,"Business & Industrie > Baugewerbe > Baumaschinenteile & Zubehör > Antrieb, Motor & Getriebe > Glühkerzen",69473,suffix_1,Glühkerzen
6562579,"Business & Industrie > Baugewerbe > Baumaschinenteile & Zubehör > Antrieb, Motor & Getriebe > Ventile",43271,suffix_1,Ventile
6562590,"Business & Industrie > Baugewerbe > Baumaschinenteile & Zubehör > Karosse, Fahrwerk & Elektrik > Spiegel",2441,suffix_1,Spiegel
6558515,Business & Industrie > Baugewerbe > Baustellengeräte & -ausrüstung > Kompressoren,31131,suffix_1,Kompressoren
6558516,Business & Industrie > Baugewerbe > Baustellengeräte & -ausrüstung > Kreissägen,32301,suffix_1,Kreissägen
6562603,Business & Industrie > Baugewerbe > Baustellengeräte & -ausrüstung > Laser- & Vermessungstechnik > Rotationslaser,30621,suffix_1,Rotationslaser
6558532,Business & Industrie > Baustoffe & Bauelemente > Bedachung & Dachrinnen > Dachziegel & -schindeln,62261,suffix_1,Dachziegel & -schindeln
6558547,Business & Industrie > Baustoffe & Bauelemente > Deckenplatten & Zubehör > Deckenplatten,69208,suffix_1,Deckenplatten
6558550,Business & Industrie > Baustoffe & Bauelemente > Fenster & Fensterbeschläge > Fensterbänke,29061,suffix_1,Fensterbänke
6558573,Business & Industrie > Baustoffe & Bauelemente > Industrielle Sanitärinstallation > Ventile,43271,suffix_1,Ventile
6558574,Business & Industrie > Baustoffe & Bauelemente > Industrielle Sanitärinstallation > Waschbecken,28421,suffix_1,Waschbecken
6558588,Business & Industrie > Baustoffe & Bauelemente > Leisten & Zierwerk > Stuckleisten,67091,suffix_1,Stuckleisten
6558603,Business & Industrie > Baustoffe & Bauelemente > Türen & Türbeschläge > Türen,43461,suffix_1,Türen
6558604,Business & Industrie > Baustoffe & Bauelemente > Türen & Türbeschläge > Türrahmen,29321,suffix_1,Türrahmen
6558622,"Business & Industrie > Befestigungsteile & Eisenwaren > Klemmen, Binder & Gummileinen > Kabelbinder",30091,suffix_1,Kabelbinder
6552358,Business & Industrie > Befestigungsteile & Eisenwaren > Magnete,38791,suffix_1,Magnete
6552359,Business & Industrie > Befestigungsteile & Eisenwaren > Muttern,29761,suffix_1,Muttern
6558632,Business & Industrie > Befestigungsteile & Eisenwaren > Nägel & Heftklammern > Tackerklammern,31221,suffix_1,Tackerklammern
6552361,Business & Industrie > Befestigungsteile & Eisenwaren > Nieten,29781,suffix_1,Nieten
6552363,Business & Industrie > Befestigungsteile & Eisenwaren > Schrauben,29811,suffix_1,Schrauben
6552367,Business & Industrie > Befestigungsteile & Eisenwaren > Unterlegscheiben,29871,suffix_1,Unterlegscheiben
6558717,Business & Industrie > Druckerei & Copyshop > Bindegeräte & Hefter > Bindegeräte,40891,suffix_1,Bindegeräte
6558728,Business & Industrie > Druckerei & Copyshop > Druckmaschinen & Plotter > Plotter,39461,suffix_1,Plotter
6552393,Business & Industrie > Druckerei & Copyshop > Frankiermaschinen,37841,suffix_1,Frankiermaschinen
6558742,Business & Industrie > Druckerei & Copyshop > Laminiergeräte & Folien > Laminiergeräte,37761,suffix_1,Laminiergeräte
6552398,Business & Industrie > Druckerei & Copyshop > Scanner,47751,suffix_1,Scanner
6552402,Business & Industrie > Druckerei & Copyshop > Visitenkarten,40991,suffix_1,Visitenkarten
6558751,Business & Industrie > Elektronik & Messtechnik > Elektronische Komponenten & Halbleiter > Kondensatoren,43191,suffix_1,Kondensatoren
6562649,Business & Industrie > Elektronik & Messtechnik > Elektronische Komponenten & Halbleiter > Wärmemanagement > Wärmetauscher,17201,suffix_1,Wärmetauscher
6558758,Business & Industrie > Elektronik & Messtechnik > Gehäuse & Schaltschränke > Schaltschränke,69850,suffix_1,Schaltschränke
6562719,Business & Industrie > Elektronik & Messtechnik > Mess- & Prüftechnik > Messgeräte & Detektoren > Metalldetektoren,69399,suffix_1,Metalldetektoren
6564063,Business & Industrie > Elektronik & Messtechnik > Mess- & Prüftechnik > Messgeräte & Detektoren > Stromkreisprüfer & Multimeter > Spannungsmessgeräte,30641,suffix_1,Spannungsmessgeräte
6564064,Business & Industrie > Elektronik & Messtechnik > Mess- & Prüftechnik > Messgeräte & Detektoren > Stromkreisprüfer & Multimeter > Strommessgeräte,64091,suffix_1,Strommessgeräte
6564066,Business & Industrie > Elektronik & Messtechnik > Mess- & Prüftechnik > Messgeräte & Detektoren > Thermometer & Hygrometer > Hygrometer,32511,suffix_1,Hygrometer
6564068,Business & Industrie > Elektronik & Messtechnik > Mess- & Prüftechnik > Messgeräte & Detektoren > Thermometer & Hygrometer > Sonstige Thermometer,66461,suffix_1,Sonstige Thermometer
6562729,Business & Industrie > Elektronik & Messtechnik > Mess- & Prüftechnik > Messgeräte & Detektoren > Vibrationsmessgeräte,30661,suffix_1,Vibrationsmessgeräte
6558773,Business & Industrie > Elektronik & Messtechnik > Mess- & Prüftechnik > Sonstige Messtechnik,65371,suffix_1,Sonstige Messtechnik
6552408,Business & Industrie > Elektronik & Messtechnik > Netzteile,39811,suffix_1,Netzteile
6552410,Business & Industrie > Elektronik & Messtechnik > Relais,18641,suffix_1,Relais
6552418,Business & Industrie > Fertighausbausätze > Visitenkarten,40991,suffix_1,Visitenkarten
6562773,Business & Industrie > Gastro & Nahrungsmittelgewerbe > Bar- & Ausschankausstattung > Bierausschanktechnik > Tropfbleche,35051,suffix_1,Tropfbleche
6562778,Business & Industrie > Gastro & Nahrungsmittelgewerbe > Bar- & Ausschankausstattung > Bierausschanktechnik > Zapfköpfe,35011,suffix_1,Zapfköpfe
6564077,Business & Industrie > Gastro & Nahrungsmittelgewerbe > Bar- & Ausschankausstattung > Gastronomie-Barausstattung > Barkeeperausstattung & Zubehör > Barlöffel,58931,suffix_1,Barlöffel
6564089,"Business & Industrie > Gastro & Nahrungsmittelgewerbe > Bar- & Ausschankausstattung > Gastronomie-Kaffee-, Kakao- & Teeausstattung > Kaffee- & Espressomaschinen > Kaffeevollautomaten",11171,suffix_1,Kaffeevollautomaten
6558849,Business & Industrie > Gastro & Nahrungsmittelgewerbe > Fun Food-Technik > Popcornmaschinen,9991,suffix_1,Popcornmaschinen
6558855,Business & Industrie > Gastro & Nahrungsmittelgewerbe > Fun Food-Technik > Zuckerwattemaschinen,68929,suffix_1,Zuckerwattemaschinen
6564096,Business & Industrie > Gastro & Nahrungsmittelgewerbe > Gastronomie-Küchenausstattung > Gastronomie-Kochgeschirr- & zubehör > Gastronomie-Backformen & -bleche > Backbleche,20641,suffix_1,Backbleche
6564101,Business & Industrie > Gastro & Nahrungsmittelgewerbe > Gastronomie-Küchenausstattung > Gastronomie-Kochgeschirr- & zubehör > Gastronomie-Backformen & -bleche > Pizzableche,20631,suffix_1,Pizzableche
6564106,Business & Industrie > Gastro & Nahrungsmittelgewerbe > Gastronomie-Küchenausstattung > Gastronomie-Kochgeschirr- & zubehör > Gastronomie-Küchenhelfer > Küchenzangen,35421,suffix_1,Küchenzangen
6564108,Business & Industrie > Gastro & Nahrungsmittelgewerbe > Gastronomie-Küchenausstattung > Gastronomie-Kochgeschirr- & zubehör > Gastronomie-Küchenhelfer > Pizzaschaufeln,63651,suffix_1,Pizzaschaufeln
6564110,Business & Industrie > Gastro & Nahrungsmittelgewerbe > Gastronomie-Küchenausstattung > Gastronomie-Kochgeschirr- & zubehör > Gastronomie-Küchenhelfer > Schaumlöffel,35491,suffix_1,Schaumlöffel
6564111,Business & Industrie > Gastro & Nahrungsmittelgewerbe > Gastronomie-Küchenausstattung > Gastronomie-Kochgeschirr- & zubehör > Gastronomie-Küchenhelfer > Schneebesen,35431,suffix_1,Schneebesen
6564112,Business & Industrie > Gastro & Nahrungsmittelgewerbe > Gastronomie-Küchenausstattung > Gastronomie-Kochgeschirr- & zubehör > Gastronomie-Küchenhelfer > Schneidebretter,20461,suffix_1,Schneidebretter
6558859,Business & Industrie > Gastro & Nahrungsmittelgewerbe > Gastronomie-Küchenausstattung > Küchengeräte,9781,suffix_1,Küchengeräte
6564126,Business & Industrie > Gastro & Nahrungsmittelgewerbe > Gastronomie-Küchenausstattung > Küchengeräte > Gastronomie-Kochherde > Kochplatten,45411,suffix_1,Kochplatten
6562853,Business & Industrie > Gastro & Nahrungsmittelgewerbe > Gastronomie-Küchenausstattung > Küchengeräte > Kochkessel,33201,suffix_1,Kochkessel
6558860,Business & Industrie > Gastro & Nahrungsmittelgewerbe > Gastronomie-Küchenausstattung > Lüftungsanlagen,69835,suffix_1,Lüftungsanlagen
6562863,Business & Industrie > Gastro & Nahrungsmittelgewerbe > Gastronomie-Küchenausstattung > Regale & Aufbewahrung > Vorratsdosen,20281,suffix_1,Vorratsdosen
6562866,Business & Industrie > Gastro & Nahrungsmittelgewerbe > Gastronomie-Küchenausstattung > Reinigungs- & Spültechnik > Durchlauferhitzer,66651,suffix_1,Durchlauferhitzer
6564166,Business & Industrie > Gastro & Nahrungsmittelgewerbe > Gastronomie-Küchenausstattung > Vorbereitungsgeräte > Gastronomie-Metzgereiausstattung > Fleischwölfe,61491,suffix_1,Fleischwölfe
6564172,Business & Industrie > Gastro & Nahrungsmittelgewerbe > Gastronomie-Küchenausstattung > Vorbereitungsgeräte > Gastronomie-Metzgereiausstattung > Wurstfüllmaschinen,69778,suffix_1,Wurstfüllmaschinen
6562889,Business & Industrie > Gastro & Nahrungsmittelgewerbe > Gedeckter Tisch & Servieren > Buffet & Catering > Chafing Dishes,10011,suffix_1,Chafing Dishes
6564182,Business & Industrie > Gastro & Nahrungsmittelgewerbe > Gedeckter Tisch & Servieren > Buffet & Catering > Wagen > Servierwagen,26531,suffix_1,Servierwagen
6564190,Business & Industrie > Gastro & Nahrungsmittelgewerbe > Gedeckter Tisch & Servieren > Gedeckter Tisch > Gedeckter Tischbedarf > Saucieren,57491,suffix_1,Saucieren
6564197,Business & Industrie > Gastro & Nahrungsmittelgewerbe > Gedeckter Tisch & Servieren > Gedeckter Tisch > Restaurant Bestecke > Gabeln,36301,suffix_1,Gabeln
6564198,Business & Industrie > Gastro & Nahrungsmittelgewerbe > Gedeckter Tisch & Servieren > Gedeckter Tisch > Restaurant Bestecke > Löffel,36291,suffix_1,Löffel
6564201,Business & Industrie > Gastro & Nahrungsmittelgewerbe > Gedeckter Tisch & Servieren > Gedeckter Tisch > Restaurant Geschirr > Schüsseln & Schalen,22511,suffix_1,Schüsseln & Schalen
6564204,Business & Industrie > Gastro & Nahrungsmittelgewerbe > Gedeckter Tisch & Servieren > Gedeckter Tisch > Restaurant Geschirr > Teller,22491,suffix_1,Teller
6564205,Business & Industrie > Gastro & Nahrungsmittelgewerbe > Gedeckter Tisch & Servieren > Gedeckter Tisch > Restaurant Gläser > Biergläser,36621,suffix_1,Biergläser
6564206,Business & Industrie > Gastro & Nahrungsmittelgewerbe > Gedeckter Tisch & Servieren > Gedeckter Tisch > Restaurant Gläser > Cocktailgläser,36631,suffix_1,Cocktailgläser
6564208,Business & Industrie > Gastro & Nahrungsmittelgewerbe > Gedeckter Tisch & Servieren > Gedeckter Tisch > Restaurant Gläser > Weingläser,36571,suffix_1,Weingläser
6564209,Business & Industrie > Gastro & Nahrungsmittelgewerbe > Gedeckter Tisch & Servieren > Gedeckter Tisch > Restaurant Tischwäsche > Servietten,22661,suffix_1,Servietten
6564211,Business & Industrie > Gastro & Nahrungsmittelgewerbe > Gedeckter Tisch & Servieren > Gedeckter Tisch > Restaurant Tischwäsche > Tischdecken,4871,suffix_1,Tischdecken
6562911,Business & Industrie > Gastro & Nahrungsmittelgewerbe > Gedeckter Tisch & Servieren > Restaurant Einwegartikel > Müllbeutel,22681,suffix_1,Müllbeutel
6562912,Business & Industrie > Gastro & Nahrungsmittelgewerbe > Gedeckter Tisch & Servieren > Restaurant Einwegartikel > Servietten,22661,suffix_1,Servietten
6562915,Business & Industrie > Gastro & Nahrungsmittelgewerbe > Gedeckter Tisch & Servieren > Restaurant Einwegartikel > Strohhalme,29791,suffix_1,Strohhalme
6558872,Business & Industrie > Gastro & Nahrungsmittelgewerbe > Kühltechnik > Eismaschinen,10051,suffix_1,Eismaschinen
6552431,Business & Industrie > Gastro & Nahrungsmittelgewerbe > Visitenkarten,40991,suffix_1,Visitenkarten
6558896,Business & Industrie > Gebäudereinigung > Boden- & Polsterreinigung > Kehrmaschinen,33981,suffix_1,Kehrmaschinen
6564218,"Business & Industrie > Gebäudereinigung > Boden- & Polsterreinigung > Staubsauger, Teile & Zubehör > Ersatzteile & Zubehör > Staubsaugerbeutel",22691,suffix_1,Staubsaugerbeutel
6564219,"Business & Industrie > Gebäudereinigung > Boden- & Polsterreinigung > Staubsauger, Teile & Zubehör > Ersatzteile & Zubehör > Staubsaugerfilter",60491,suffix_1,Staubsaugerfilter
6564221,"Business & Industrie > Gebäudereinigung > Boden- & Polsterreinigung > Staubsauger, Teile & Zubehör > Ersatzteile & Zubehör > Staubsaugerschläuche",32061,suffix_1,Staubsaugerschläuche
6562987,Business & Industrie > Gebäudereinigung > Manuelle Reinigungsgeräte > Besen & Kehrbleche > Besen,37261,suffix_1,Besen
6558913,Business & Industrie > Gebäudereinigung > Manuelle Reinigungsgeräte > Reinigungsbürsten,37431,suffix_1,Reinigungsbürsten
6552441,Business & Industrie > Gebäudereinigung > Schädlingsbekämpfung,24501,suffix_1,Schädlingsbekämpfung
6563022,"Business & Industrie > Gebäudereinigung > Wäschewagen, Beutel & Reiniger > Waschmittel & Weichspüler > Flüssigwaschmittel",36921,suffix_1,Flüssigwaschmittel
6551064,Computer,34421,suffix_1,Computer
6552445,Computer > 3D-Drucker & Zubehör > 3D-Drucker,69105,suffix_1,3D-Drucker
6552452,Computer > 3D-Drucker & Zubehör > Schädlingsbekämpfung,24501,suffix_1,Schädlingsbekämpfung
6558944,"Computer > Computer-Komponenten & -Teile > Lüfter, Kühlkörper & Kühlung > Gehäuselüfter",39891,suffix_1,Gehäuselüfter
6552465,Computer > Computer-Komponenten & -Teile > Mainboards,39761,suffix_1,Mainboards
6552466,Computer > Computer-Komponenten & -Teile > Netzteile,39811,suffix_1,Netzteile
6558962,Computer > Computer-Komponenten & -Teile > Schnittstellen-/Steckkarten > Netzwerkkarten,39791,suffix_1,Netzwerkkarten
6552475,"Computer > Drucker, Scanner & Zubehör > Drucker",39421,suffix_1,Drucker
6552476,"Computer > Drucker, Scanner & Zubehör > Scanner",47751,suffix_1,Scanner
6558971,"Computer > Drucker, Scanner & Zubehör > Teile & Zubehör > Netzteile",39811,suffix_1,Netzteile
6558977,"Computer > Drucker, Scanner & Zubehör > Tinte, Toner & Papier > Farbbänder",60471,suffix_1,Farbbänder
6558982,"Computer > Drucker, Scanner & Zubehör > Tinte, Toner & Papier > Tintenpatronen",38421,suffix_1,Tintenpatronen
6559004,"Computer > Firmennetzwerke & Server > Server, Clients & Terminals > Druckserver",40081,suffix_1,Druckserver
6559010,"Computer > Firmennetzwerke & Server > Server, Clients & Terminals > Thin Clients",40091,suffix_1,Thin Clients
6552499,Computer > Heimnetzwerke & Zubehör > Modems,40011,suffix_1,Modems
6552512,Computer > Kabel & Steckverbinder > Kabeltester,67111,suffix_1,Kabeltester
6552515,Computer > Kabel & Steckverbinder > KVM-Switches,64331,suffix_1,KVM-Switches
6559024,"Computer > Laufwerke & Speichermedien > Festplatten (HDD, SSD & NAS) > Externe Festplatten",39661,suffix_1,Externe Festplatten
6559025,"Computer > Laufwerke & Speichermedien > Festplatten (HDD, SSD & NAS) > Interne Festplatten",39671,suffix_1,Interne Festplatten
6559030,Computer > Laufwerke & Speichermedien > Leermedien & Zubehör > Datenkassetten,64491,suffix_1,Datenkassetten
6552536,"Computer > Monitore, Projektoren & Zubehör > Monitore",39581,suffix_1,Monitore
6552542,Computer > Notebook- & Desktop-Zubehör > Blickschutzfilter,39621,suffix_1,Blickschutzfilter
6552544,Computer > Notebook- & Desktop-Zubehör > Diebstahlschutz,39391,suffix_1,Diebstahlschutz
6552547,Computer > Notebook- & Desktop-Zubehör > Headsets,35611,suffix_1,Headsets
6552550,Computer > Notebook- & Desktop-Zubehör > Mikrofone,62481,suffix_1,Mikrofone
6552565,Computer > Notebook- & Desktop-Zubehör > Webcams,39291,suffix_1,Webcams
6552570,Computer > Software > Betriebssysteme,41661,suffix_2,Software > Betriebssysteme
6552587,Computer > Stromschutz & Stromverteilung > Wechselrichter,69682,suffix_1,Wechselrichter
6552599,Computer > Tablet & eBook-Zubehör > Tastaturen,39301,suffix_1,Tastaturen
6552603,Computer > Tablets & Netzwerk > Schädlingsbekämpfung,24501,suffix_1,Schädlingsbekämpfung
6551221,Feinschmecker > Alkoholfreie Getränke,2491,suffix_1,Alkoholfreie Getränke
6552616,Feinschmecker > Alkoholfreie Getränke > Softdrinks,6271,suffix_2,Alkoholfreie Getränke > Softdrinks
6552619,"Feinschmecker > Bier, Wein & Spirituosen > Absinth",69149,suffix_1,Absinth
6552620,"Feinschmecker > Bier, Wein & Spirituosen > Bier",2551,suffix_1,Bier
6552623,"Feinschmecker > Bier, Wein & Spirituosen > Gin",69148,suffix_1,Gin
6552626,"Feinschmecker > Bier, Wein & Spirituosen > Rum",69138,suffix_1,Rum
6552633,"Feinschmecker > Bier, Wein & Spirituosen > Whisky",69157,suffix_1,Whisky
6552634,"Feinschmecker > Bier, Wein & Spirituosen > Wodka",69132,suffix_1,Wodka
6559043,"Feinschmecker > Kaffee, Tee & Kakao > Kaffee > Kaffeebohnen",5801,suffix_1,Kaffeebohnen
6551225,Feinschmecker > Käse,1821,suffix_1,Käse
6559047,Feinschmecker > Lebensmittel > Backen & Desserts > Backmischungen,3921,suffix_1,Backmischungen
6559062,Feinschmecker > Lebensmittel > Backen & Desserts > Tortenböden,35321,suffix_1,Tortenböden
6559065,Feinschmecker > Lebensmittel > Backen & Desserts > Zucker,42171,suffix_1,Zucker
6559074,"Feinschmecker > Lebensmittel > Essig, Grill- & Würzsaucen > Marinaden",3681,suffix_1,Marinaden
6559084,Feinschmecker > Lebensmittel > Fertigspeisen & Fertiggerichte > Reis,2221,suffix_1,Reis
6559090,Feinschmecker > Lebensmittel > Knabbern & Naschen > Chips,1571,suffix_1,Chips
6559093,Feinschmecker > Lebensmittel > Knabbern & Naschen > Popcorn,1501,suffix_1,Popcorn
6559108,"Feinschmecker > Lebensmittel > Nudeln, Reis & Getreide > Reis",2221,suffix_1,Reis
6552664,Feinschmecker > Zigarren & Tabakwaren > E-Zigaretten & Zubehör,23381,suffix_1,E-Zigaretten & Zubehör
6559135,Feinschmecker > Zigarren & Tabakwaren > E-Zigaretten & Zubehör > E-Zigaretten Ersatzteile,68082,suffix_1,E-Zigaretten Ersatzteile
6552670,Feinschmecker > Zigarren & Tabakwaren > Zigarren,2691,suffix_1,Zigarren
6552693,Filme & Serien > Serien-Fanartikel > Poster,4761,suffix_1,Poster
6552710,Foto & Camcorder > Analoge Fotografie > Objektivplatten,37831,suffix_1,Objektivplatten
6552717,Foto & Camcorder > Blitzgeräte & Zubehör > Blitzgeräte,37251,suffix_1,Blitzgeräte
6551245,Foto & Camcorder > Camcorder,38351,suffix_1,Camcorder
6551246,Foto & Camcorder > Digitale Bilderrahmen,47731,suffix_1,Digitale Bilderrahmen
6551247,Foto & Camcorder > Digitalkameras,36671,suffix_1,Digitalkameras
6552736,Foto & Camcorder > Fotostudio-Zubehör > Lampenstative,38251,suffix_1,Lampenstative
6559206,Foto & Camcorder > Fotostudio-Zubehör > Lichtformer > Reflektoren,15751,suffix_1,Reflektoren
6552744,"Foto & Camcorder > Kamera, Drohnen & Fotozubehör > Akkus",38881,suffix_1,Akkus
6552754,"Foto & Camcorder > Kamera, Drohnen & Fotozubehör > Mikrofone",62481,suffix_1,Mikrofone
6552757,"Foto & Camcorder > Kamera, Drohnen & Fotozubehör > Speicherkarten",39721,suffix_1,Speicherkarten
6552762,"Foto & Camcorder > Kamera, Drohnen & Fotozubehör > Unterwassergehäuse",37381,suffix_1,Unterwassergehäuse
6552767,Foto & Camcorder > Objektive & Filter > Gegenlichtblenden,37721,suffix_1,Gegenlichtblenden
6552769,Foto & Camcorder > Objektive & Filter > Objektivdeckel,37751,suffix_1,Objektivdeckel
6552771,Foto & Camcorder > Objektive & Filter > Objektive,37551,suffix_1,Objektive
6559240,Foto & Camcorder > Photographica > Alte Kameras > Sofortbildkameras,36901,suffix_1,Sofortbildkameras
6559242,Foto & Camcorder > Photographica > Alte Kameras > Spiegelreflexkameras,36731,suffix_1,Spiegelreflexkameras
6552777,Foto & Camcorder > Photographica > Objektive,37551,suffix_1,Objektive
6552788,Foto & Camcorder > Teleskope & Ferngläser > Ferngläser,41771,suffix_1,Ferngläser
6552789,Foto & Camcorder > Teleskope & Ferngläser > Fernglaszubehör,30211,suffix_1,Fernglaszubehör
6552792,Foto & Camcorder > Teleskope & Ferngläser > Teleskope,41761,suffix_1,Teleskope
6552797,Garten & Terrasse > Beleuchtung > Lichterketten,6511,suffix_1,Lichterketten
6552804,Garten & Terrasse > Bewässern > Bewässerungssysteme,69668,suffix_1,Bewässerungssysteme
6552807,Garten & Terrasse > Bewässern > Gartenschläuche,25101,suffix_1,Gartenschläuche
6552811,Garten & Terrasse > Bewässern > Schlauchwagen & -halter,62961,suffix_1,Schlauchwagen & -halter
6552819,Garten & Terrasse > Dekoration > Regenmesser,30611,suffix_1,Regenmesser
6552823,Garten & Terrasse > Dekoration > Thermometer,10961,suffix_1,Thermometer
6552826,Garten & Terrasse > Dekoration > Wetterfahnen,59541,suffix_1,Wetterfahnen
6552828,Garten & Terrasse > Dekoration > Windspiele,5321,suffix_1,Windspiele
6552834,Garten & Terrasse > Garten- & Landschaftsbau > Kunstrasen,61411,suffix_1,Kunstrasen
6552846,Garten & Terrasse > Gartenbauten & Sonnenschutz > Mülltonnenboxen,68909,suffix_1,Mülltonnenboxen
6552850,Garten & Terrasse > Gartenbauten & Sonnenschutz > Sonnenschirme,27071,suffix_1,Sonnenschirme
6552851,Garten & Terrasse > Gartenbauten & Sonnenschutz > Sonnenschirmständer,27091,suffix_1,Sonnenschirmständer
6552853,Garten & Terrasse > Gartenbauten & Sonnenschutz > Sonnensegel,27111,suffix_1,Sonnensegel
6552865,"Garten & Terrasse > Gartenzäune, Sichtschutzwände & Gartentore > Gabionen",27631,suffix_1,Gabionen
6552866,"Garten & Terrasse > Gartenzäune, Sichtschutzwände & Gartentore > Gartentore",27601,suffix_1,Gartentore
6552869,"Garten & Terrasse > Gartenzäune, Sichtschutzwände & Gartentore > Gartenzäune",69544,suffix_1,Gartenzäune
6552879,"Garten & Terrasse > Gartenzäune, Sichtschutzwände & Gartentore > Zaunlatten",69211,suffix_1,Zaunlatten
6552882,"Garten & Terrasse > Gartenzäune, Sichtschutzwände & Gartentore > Zaunzubehör",69559,suffix_1,Zaunzubehör
6552887,"Garten & Terrasse > Grills, Heizstrahler & Picknickzubehör > Grill-Ersatzteile",64951,suffix_1,Grill-Ersatzteile
6552893,"Garten & Terrasse > Grills, Heizstrahler & Picknickzubehör > Heizstrahler",45581,suffix_1,Heizstrahler
6552897,"Garten & Terrasse > Grills, Heizstrahler & Picknickzubehör > Servierwagen",26531,suffix_1,Servierwagen
6552903,Garten & Terrasse > Hand-Gartengeräte & Zubehör > Astscheren,26941,suffix_1,Astscheren
6552904,Garten & Terrasse > Hand-Gartengeräte & Zubehör > Äxte & Beile,26951,suffix_1,Äxte & Beile
6552908,Garten & Terrasse > Hand-Gartengeräte & Zubehör > Gartenscheren,26961,suffix_1,Gartenscheren
6552935,Garten & Terrasse > Hand-Gartengeräte & Zubehör > Obstpflücker,59161,suffix_1,Obstpflücker
6552937,Garten & Terrasse > Hand-Gartengeräte & Zubehör > Rasenwalzen,27021,suffix_1,Rasenwalzen
6552939,Garten & Terrasse > Hand-Gartengeräte & Zubehör > Sägen,31101,suffix_1,Sägen
6552941,Garten & Terrasse > Hand-Gartengeräte & Zubehör > Schubkarren,27211,suffix_1,Schubkarren
6552942,Garten & Terrasse > Hand-Gartengeräte & Zubehör > Sensen & Sicheln,27231,suffix_1,Sensen & Sicheln
6552945,Garten & Terrasse > Hand-Gartengeräte & Zubehör > Streusalz,27301,suffix_1,Streusalz
6552946,Garten & Terrasse > Hand-Gartengeräte & Zubehör > Unkrautstecher,27251,suffix_1,Unkrautstecher
6552960,Garten & Terrasse > Kompostierung & Gartenabfälle > Gartenabfallsäcke,63761,suffix_1,Gartenabfallsäcke
6551277,Garten & Terrasse > Möbel,1961,suffix_1,Möbel
6552968,Garten & Terrasse > Möbel > Hängematten,25621,suffix_1,Hängematten
6552969,Garten & Terrasse > Möbel > Hollywoodschaukeln,25661,suffix_1,Hollywoodschaukeln
6552970,Garten & Terrasse > Möbel > Liegen,61251,suffix_1,Liegen
6554310,Garten & Terrasse > Möbel > Strandkörbe,25681,suffix_1,Strandkörbe
6554317,Garten & Terrasse > Motor-Gartengeräte & -zubehör > Häcksler,27431,suffix_1,Häcksler
6554319,Garten & Terrasse > Motor-Gartengeräte & -zubehör > Heckenscheren,26991,suffix_1,Heckenscheren
6554320,Garten & Terrasse > Motor-Gartengeräte & -zubehör > Hochdruckreiniger,33961,suffix_1,Hochdruckreiniger
6554322,Garten & Terrasse > Motor-Gartengeräte & -zubehör > Hochdruckreiniger-Zubehör,66391,suffix_1,Hochdruckreiniger-Zubehör
6554323,Garten & Terrasse > Motor-Gartengeräte & -zubehör > Holzspalter,33891,suffix_1,Holzspalter
6554324,Garten & Terrasse > Motor-Gartengeräte & -zubehör > Kehrmaschinen,33981,suffix_1,Kehrmaschinen
6554325,Garten & Terrasse > Motor-Gartengeräte & -zubehör > Kettensägen,43541,suffix_1,Kettensägen
6554334,Garten & Terrasse > Motor-Gartengeräte & -zubehör > Rasenkantenschneider,27011,suffix_1,Rasenkantenschneider
6554335,Garten & Terrasse > Motor-Gartengeräte & -zubehör > Rasentrimmer,27501,suffix_1,Rasentrimmer
6554339,Garten & Terrasse > Motor-Gartengeräte & -zubehör > Schneefräsen,68903,suffix_1,Schneefräsen
6554355,"Garten & Terrasse > Pflanzenpflege, Boden & Zubehör > Dünger",26621,suffix_1,Dünger
6554372,"Garten & Terrasse > Rasenmäher, Ersatzteile & Zubehör > Rasenmäher",43381,suffix_1,Rasenmäher
6554374,"Garten & Terrasse > Rasenmäher, Ersatzteile & Zubehör > Rasenmäher-Zubehör",60731,suffix_1,Rasenmäher-Zubehör
6554385,"Garten & Terrasse > Teiche, Bachläufe & Brunnen > Rasenmäher-Zubehör",60731,suffix_1,Rasenmäher-Zubehör
6554391,"Garten & Terrasse > Teiche, Bachläufe & Brunnen > Teichbeleuchtung",24831,suffix_1,Teichbeleuchtung
6554403,Garten & Terrasse > Unkraut- & Schädlingsschutz > Insektenschutz,27671,suffix_1,Insektenschutz
6559284,Garten & Terrasse > Unkraut- & Schädlingsschutz > Insektenschutz > Fliegenklatschen,62721,suffix_1,Fliegenklatschen
6559287,Garten & Terrasse > Unkraut- & Schädlingsschutz > Insektenschutz > Insektenlampen,4551,suffix_1,Insektenlampen
6559295,Garten & Terrasse > Unkraut- & Schädlingsschutz > Unkrautbekämpfung > Unkrautvlies,69445,suffix_1,Unkrautvlies
6554418,Garten & Terrasse > Vogel- & Wildtierzubehör > Vogelhäuser,25501,suffix_1,Vogelhäuser
6554419,Garten & Terrasse > Vogel- & Wildtierzubehör > Vogeltränken,25511,suffix_1,Vogeltränken
6554420,Handys & Kommunikation > Festnetztelefone & Zubehör > Akkus,38881,suffix_1,Akkus
6559323,Handys & Kommunikation > Funktechnik > Teile & Zubehör > Mikrofone,62481,suffix_1,Mikrofone
6559325,Handys & Kommunikation > Funktechnik > Teile & Zubehör > Netzteile,39811,suffix_1,Netzteile
6554450,Handys & Kommunikation > Handy-Zubehör > Akkus,38881,suffix_1,Akkus
6554451,Handys & Kommunikation > Handy-Zubehör > Armbänder,46031,suffix_1,Armbänder
6554453,Handys & Kommunikation > Handy-Zubehör > Eingabestifte,53241,suffix_1,Eingabestifte
6554457,Handys & Kommunikation > Handy-Zubehör > Headsets,35611,suffix_1,Headsets
6554467,Handys & Kommunikation > Handy-Zubehör > Speicherkarten,39721,suffix_1,Speicherkarten
6554488,Handys & Kommunikation > Smartwatch-Zubehör > Uhrenarmbänder,42621,suffix_1,Uhrenarmbänder
6551298,Handys & Kommunikation > Smartwatches,67942,suffix_1,Smartwatches
6551070,Haushaltsgeräte,9941,suffix_1,Haushaltsgeräte
6554495,Haushaltsgeräte > Backöfen & Herde > Backöfen,52121,suffix_2,Backöfen & Herde > Backöfen
6554498,Haushaltsgeräte > Backöfen & Herde > Dunstabzugshauben,33471,suffix_1,Dunstabzugshauben
6554500,Haushaltsgeräte > Backöfen & Herde > Kochfelder,33351,suffix_2,Backöfen & Herde > Kochfelder
6554504,Haushaltsgeräte > Gefriergeräte & Kühlschränke > Gefriergeräte,33801,suffix_1,Gefriergeräte
6554507,Haushaltsgeräte > Gefriergeräte & Kühlschränke > Kühlschränke,33781,suffix_1,Kühlschränke
6554508,Haushaltsgeräte > Gefriergeräte & Kühlschränke > Weinkühlschränke,33691,suffix_1,Weinkühlschränke
6554511,Haushaltsgeräte > Geschirrspülmaschinen > Geschirrspüler,33971,suffix_1,Geschirrspüler
6554519,"Haushaltsgeräte > Kaffee-, Tee- & Espressomaschinen > Kaffeebereiter",20601,suffix_1,Kaffeebereiter
6554520,"Haushaltsgeräte > Kaffee-, Tee- & Espressomaschinen > Kaffeemühlen",34371,suffix_1,Kaffeemühlen
6554524,"Haushaltsgeräte > Kaffee-, Tee- & Espressomaschinen > Kaffeevollautomaten",11171,suffix_1,Kaffeevollautomaten
6554527,"Haushaltsgeräte > Kaffee-, Tee- & Espressomaschinen > Milchaufschäumer",10201,suffix_1,Milchaufschäumer
6554529,"Haushaltsgeräte > Kaffee-, Tee- & Espressomaschinen > Teemaschinen",63011,suffix_1,Teemaschinen
6554534,Haushaltsgeräte > Kleingeräte Haushalt > Bügeleisen,10821,suffix_1,Bügeleisen
6554537,Haushaltsgeräte > Kleingeräte Haushalt > Dampfreiniger,31991,suffix_1,Dampfreiniger
6554540,Haushaltsgeräte > Kleingeräte Haushalt > Nähmaschinen,10911,suffix_1,Nähmaschinen
6554543,Haushaltsgeräte > Kleingeräte Haushalt > Schuhputzmaschinen,31981,suffix_1,Schuhputzmaschinen
6554547,Haushaltsgeräte > Kleingeräte Küche > Brotbackautomaten,10061,suffix_1,Brotbackautomaten
6554550,Haushaltsgeräte > Kleingeräte Küche > Eierkocher,10131,suffix_1,Eierkocher
6554553,Haushaltsgeräte > Kleingeräte Küche > Eiswürfelbereiter,10291,suffix_1,Eiswürfelbereiter
6554560,Haushaltsgeräte > Kleingeräte Küche > Fleischwölfe,61491,suffix_1,Fleischwölfe
6554567,Haushaltsgeräte > Kleingeräte Küche > Handmixer,11131,suffix_1,Handmixer
6554571,Haushaltsgeräte > Kleingeräte Küche > Kochplatten,45411,suffix_1,Kochplatten
6554575,Haushaltsgeräte > Kleingeräte Küche > Küchenmaschinen,10331,suffix_1,Küchenmaschinen
6554576,Haushaltsgeräte > Kleingeräte Küche > Mikrowellen,10411,suffix_1,Mikrowellen
6554580,Haushaltsgeräte > Kleingeräte Küche > Nudelmaschinen,10231,suffix_1,Nudelmaschinen
6554582,Haushaltsgeräte > Kleingeräte Küche > Popcornmaschinen,9991,suffix_1,Popcornmaschinen
6554583,Haushaltsgeräte > Kleingeräte Küche > Raclettes,10091,suffix_1,Raclettes
6554584,Haushaltsgeräte > Kleingeräte Küche > Reiskocher,10111,suffix_1,Reiskocher
6554587,Haushaltsgeräte > Kleingeräte Küche > Schnellkochtöpfe,11841,suffix_1,Schnellkochtöpfe
6554588,Haushaltsgeräte > Kleingeräte Küche > Schokoladenbrunnen,10041,suffix_1,Schokoladenbrunnen
6554592,Haushaltsgeräte > Kleingeräte Küche > Stabmixer,11111,suffix_1,Stabmixer
6554593,Haushaltsgeräte > Kleingeräte Küche > Standmixer,11101,suffix_1,Standmixer
6554594,Haushaltsgeräte > Kleingeräte Küche > Toaster,10071,suffix_1,Toaster
6554595,Haushaltsgeräte > Kleingeräte Küche > Waffeleisen,10101,suffix_1,Waffeleisen
6554597,Haushaltsgeräte > Kleingeräte Küche > Wasserkocher,10311,suffix_1,Wasserkocher
6554603,Haushaltsgeräte > Kleingeräte Küche > Zuckerwattemaschinen,68929,suffix_1,Zuckerwattemaschinen
6559346,Haushaltsgeräte > Klimaanlagen & Heizgeräte > Ventilatoren & Luftbehandlung > Deckenventilatoren,41871,suffix_1,Deckenventilatoren
6559349,Haushaltsgeräte > Klimaanlagen & Heizgeräte > Ventilatoren & Luftbehandlung > Luftbefeuchter,31951,suffix_1,Luftbefeuchter
6559351,Haushaltsgeräte > Klimaanlagen & Heizgeräte > Ventilatoren & Luftbehandlung > Luftreiniger,31971,suffix_1,Luftreiniger
6554610,Haushaltsgeräte > Sonstige > Rauchmelder,29981,suffix_1,Rauchmelder
6554616,Haushaltsgeräte > Sonstige > Zeitschaltuhren,58281,suffix_1,Zeitschaltuhren
6551310,Haushaltsgeräte > Staubsauger & Zubehör,32001,suffix_1,Staubsauger & Zubehör
6554622,Haushaltsgeräte > Staubsauger & Zubehör > Staubsaugerbeutel,22691,suffix_1,Staubsaugerbeutel
6554634,Haushaltsgeräte > Waschmaschinen & Trockner > Waschmaschinen,34101,suffix_1,Waschmaschinen
6554637,Haushaltsgeräte > Waschmaschinen & Trockner > Waschtrockner,69319,suffix_1,Waschtrockner
6554638,Haustierbedarf > Fische & Aquarien > Aquarien,44171,suffix_1,Aquarien
6554649,Haustierbedarf > Fische & Aquarien > Futterautomaten,69645,suffix_1,Futterautomaten
6554652,Haustierbedarf > Fische & Aquarien > Luftpumpen,15181,suffix_1,Luftpumpen
6554655,Haustierbedarf > Fische & Aquarien > Pflanzen,24421,suffix_1,Pflanzen
6554666,Haustierbedarf > Hunde > Decken,4861,suffix_1,Decken
6554672,Haustierbedarf > Hunde > Hundefutter,50221,suffix_1,Hundefutter
6554673,Haustierbedarf > Hunde > Hundehütten,50111,suffix_1,Hundehütten
6554682,Haustierbedarf > Hunde > Kostüme,20701,suffix_1,Kostüme
6559374,Haustierbedarf > Hunde > Training & Gehorsamkeit > Clicker,50081,suffix_1,Clicker
6559377,Haustierbedarf > Hunde > Training & Gehorsamkeit > Maulkörbe,50191,suffix_1,Maulkörbe
6559378,Haustierbedarf > Hunde > Training & Gehorsamkeit > Pfeifen,23361,suffix_1,Pfeifen
6559385,Haustierbedarf > Hunde > Transport & Reisen > Buggys,10871,suffix_1,Buggys
6554704,Haustierbedarf > Katzen > Katzenfutter,50601,suffix_1,Katzenfutter
6554706,Haustierbedarf > Katzen > Katzenklappen,50581,suffix_1,Katzenklappen
6554708,Haustierbedarf > Katzen > Katzensnacks,50641,suffix_1,Katzensnacks
6554709,Haustierbedarf > Katzen > Katzenstreu,51531,suffix_1,Katzenstreu
6554710,Haustierbedarf > Katzen > Katzentoiletten,50571,suffix_1,Katzentoiletten
6554735,Haustierbedarf > Reptilien > Luftbefeuchter,31951,suffix_1,Luftbefeuchter
6554738,Haustierbedarf > Reptilien > Pflanzen,24421,suffix_1,Pflanzen
6554741,Haustierbedarf > Reptilien > Terrarien,44191,suffix_1,Terrarien
6559434,Heimwerker > Bad & Küche > Bad > Dampfduschen,28321,suffix_1,Dampfduschen
6563042,"Heimwerker > Bad & Küche > Bad > Duschen, Badewannen & Teile > Badewannen",43411,suffix_1,Badewannen
6563052,"Heimwerker > Bad & Küche > Bad > Duschen, Badewannen & Teile > Duschschläuche",28351,suffix_1,Duschschläuche
6563054,"Heimwerker > Bad & Küche > Bad > Duschen, Badewannen & Teile > Duschwannen",28371,suffix_1,Duschwannen
6563060,Heimwerker > Bad & Küche > Bad > Waschbecken & Waschtische > Waschbecken,28421,suffix_1,Waschbecken
6563063,Heimwerker > Bad & Küche > Bad > Waschbecken & Waschtische > Waschtische,69207,suffix_1,Waschtische
6563065,"Heimwerker > Bad & Küche > Bad > WCs, Bidets & Teile > Bidets",28411,suffix_1,Bidets
6563066,"Heimwerker > Bad & Küche > Bad > WCs, Bidets & Teile > WC-Sitze",57311,suffix_1,WC-Sitze
6563068,"Heimwerker > Bad & Küche > Bad > WCs, Bidets & Teile > WCs",28431,suffix_1,WCs
6559439,Heimwerker > Bad & Küche > Küche > Küchenarmaturen,45831,suffix_1,Küchenarmaturen
6554760,Heimwerker > Baustoffe & Holz > Bauschaum,28581,suffix_1,Bauschaum
6559459,"Heimwerker > Baustoffe & Holz > Wandverkleidung, Leisten & Außenverkleidung > Vordächer",67251,suffix_1,Vordächer
6559461,"Heimwerker > Baustoffe & Holz > Wandverkleidung, Leisten & Außenverkleidung > Zierleisten",17531,suffix_1,Zierleisten
6554782,Heimwerker > Bodenbeläge & Fliesen > Parkett,29381,suffix_1,Parkett
6554793,Heimwerker > Eisenwaren > Briefkästen,5181,suffix_1,Briefkästen
6559484,"Heimwerker > Eisenwaren > Nägel, Schrauben & Befestigung > Dübel",29691,suffix_1,Dübel
6559486,"Heimwerker > Eisenwaren > Nägel, Schrauben & Befestigung > Muttern",29761,suffix_1,Muttern
6559487,"Heimwerker > Eisenwaren > Nägel, Schrauben & Befestigung > Nägel",29771,suffix_1,Nägel
6559488,"Heimwerker > Eisenwaren > Nägel, Schrauben & Befestigung > Nieten",29781,suffix_1,Nieten
6559489,"Heimwerker > Eisenwaren > Nägel, Schrauben & Befestigung > Schrauben",29811,suffix_1,Schrauben
6559492,"Heimwerker > Eisenwaren > Nägel, Schrauben & Befestigung > Unterlegscheiben",29871,suffix_1,Unterlegscheiben
6559498,"Heimwerker > Elektromaterial > Elektrische Kabel, Leitungen & Zubehör > Kabelbinder",30091,suffix_1,Kabelbinder
6559524,Heimwerker > Elektromaterial > Verlängerungskabel & Zubehör > Verlängerungskabel,58311,suffix_1,Verlängerungskabel
6559539,Heimwerker > Erneuerbare Energie > Windenergie > Windkraftanlagen,69756,suffix_1,Windkraftanlagen
6559548,"Heimwerker > Farben, Tapeten & Zubehör > Farben, Beizen & Lacke > Holzwachse",37071,suffix_1,Holzwachse
6559551,"Heimwerker > Farben, Tapeten & Zubehör > Farben, Beizen & Lacke > Lacke",28721,suffix_1,Lacke
6559560,"Heimwerker > Farben, Tapeten & Zubehör > Farbsprühsysteme & -Zubehör > Farbroller",28731,suffix_1,Farbroller
6559568,"Heimwerker > Farben, Tapeten & Zubehör > Farbsprühsysteme & -Zubehör > Schläuche",68900,suffix_1,Schläuche
6559583,"Heimwerker > Farben, Tapeten & Zubehör > Tapeten, Werkzeuge & Zubehör > Fototapeten",28881,suffix_1,Fototapeten
6559585,"Heimwerker > Farben, Tapeten & Zubehör > Tapeten, Werkzeuge & Zubehör > Tapeten",28771,suffix_1,Tapeten
6559589,"Heimwerker > Fenster, Türen & Treppen > Fenster & Fensterbeschläge > Fenster",43441,suffix_1,Fenster
6559590,"Heimwerker > Fenster, Türen & Treppen > Fenster & Fensterbeschläge > Fensterbänke",29061,suffix_1,Fensterbänke
6559597,"Heimwerker > Fenster, Türen & Treppen > Fenster & Fensterbeschläge > Kellerfenster",29111,suffix_1,Kellerfenster
6559607,"Heimwerker > Fenster, Türen & Treppen > Treppen & Geländer > Treppen",69204,suffix_1,Treppen
6559615,"Heimwerker > Fenster, Türen & Treppen > Türen & Türbeschläge > Türen",43461,suffix_1,Türen
6559616,"Heimwerker > Fenster, Türen & Treppen > Türen & Türbeschläge > Türklingelanlagen",43481,suffix_1,Türklingelanlagen
6559621,"Heimwerker > Fenster, Türen & Treppen > Türen & Türbeschläge > Türschließer",29331,suffix_1,Türschließer
6559625,"Heimwerker > Heizen, Klima & Sanitär > Heizungs- & Klimaanlagen-Teile & -Zubehör > Auffangwannen",35091,suffix_1,Auffangwannen
6559627,"Heimwerker > Heizen, Klima & Sanitär > Heizungs- & Klimaanlagen-Teile & -Zubehör > Druckregler",35061,suffix_1,Druckregler
6559640,"Heimwerker > Heizen, Klima & Sanitär > Heizungs- & Klimaanlagen-Teile & -Zubehör > Kreiselpumpen",69626,suffix_1,Kreiselpumpen
6559644,"Heimwerker > Heizen, Klima & Sanitär > Heizungs- & Klimaanlagen-Teile & -Zubehör > Luftreiniger",31971,suffix_1,Luftreiniger
6559645,"Heimwerker > Heizen, Klima & Sanitär > Heizungs- & Klimaanlagen-Teile & -Zubehör > Lüftungsgitter",67421,suffix_1,Lüftungsgitter
6559658,"Heimwerker > Heizen, Klima & Sanitär > Heizungs- & Klimakomponenten > Kondensatoren",43191,suffix_1,Kondensatoren
6559659,"Heimwerker > Heizen, Klima & Sanitär > Heizungs- & Klimakomponenten > Lüftungsanlagen",69835,suffix_1,Lüftungsanlagen
6559663,"Heimwerker > Heizen, Klima & Sanitär > Heizungs- & Klimasysteme > Fußbodenheizungen",69283,suffix_1,Fußbodenheizungen
6559664,"Heimwerker > Heizen, Klima & Sanitär > Heizungs- & Klimasysteme > Heizkörper",67011,suffix_1,Heizkörper
6559669,"Heimwerker > Heizen, Klima & Sanitär > Heizungs- & Klimasysteme > Wärmepumpen",70148,suffix_1,Wärmepumpen
6559683,"Heimwerker > Heizen, Klima & Sanitär > Kamine, Öfen & Zubehör > Kaminbestecke",34311,suffix_1,Kaminbestecke
6559684,"Heimwerker > Heizen, Klima & Sanitär > Kamine, Öfen & Zubehör > Kamine",47451,suffix_1,Kamine
6559694,"Heimwerker > Heizen, Klima & Sanitär > Warmwassergeräte > Durchlauferhitzer",66651,suffix_1,Durchlauferhitzer
6559696,"Heimwerker > Heizen, Klima & Sanitär > Warmwassergeräte > Tauchsieder",10181,suffix_1,Tauchsieder
6559697,"Heimwerker > Heizen, Klima & Sanitär > Warmwassergeräte > Warmwasserspeicher",69425,suffix_1,Warmwasserspeicher
6559700,"Heimwerker > Heizen, Klima & Sanitär > Wasser > Fittings",69662,suffix_1,Fittings
6559703,"Heimwerker > Heizen, Klima & Sanitär > Wasser > Rohre",66571,suffix_1,Rohre
6559705,"Heimwerker > Heizen, Klima & Sanitär > Wasser > Ventile",43271,suffix_1,Ventile
6554842,Heimwerker > Leisten & Zierwerk > Stuckleisten,67091,suffix_1,Stuckleisten
6554849,Heimwerker > Schrankbeschläge & -teile > Scharniere,58851,suffix_1,Scharniere
6554857,"Heimwerker > Schwimmbecken, Saunen & Außenwhirlpools > Gartenduschen",25941,suffix_1,Gartenduschen
6559731,"Heimwerker > Schwimmbecken, Saunen & Außenwhirlpools > Wasserpflegeprodukte & -tester > Thermometer",10961,suffix_1,Thermometer
6551347,Heimwerker > Sicherheitstechnik,27821,suffix_1,Sicherheitstechnik
6554873,Heimwerker > Sicherheitstechnik > Alarmanlagen,29911,suffix_2,Sicherheitstechnik > Alarmanlagen
6554879,Heimwerker > Sicherheitstechnik > Glasbruchmelder,29961,suffix_2,Sicherheitstechnik > Glasbruchmelder
6554895,Heimwerker > Sicherheitstechnik > Tresore,56741,suffix_2,Sicherheitstechnik > Tresore
6554898,Heimwerker > Sicherheitstechnik > Türsprechanlagen,30011,suffix_2,Sicherheitstechnik > Türsprechanlagen
6554899,Heimwerker > Sicherheitstechnik > Vorhängeschlösser,30001,suffix_1,Vorhängeschlösser
6554901,Heimwerker > Sicherheitstechnik > Zeitschaltuhren,58281,suffix_1,Zeitschaltuhren
6554907,Heimwerker > Überwachungstechnik > Überwachungskameras,30021,suffix_1,Überwachungskameras
6554910,Heimwerker > Werkstattausrüstung > Arbeitsleuchten,29591,suffix_1,Arbeitsleuchten
6554913,Heimwerker > Werkstattausrüstung > Leitern,27891,suffix_1,Leitern
6554914,Heimwerker > Werkstattausrüstung > Nass- & Trockensauger,33931,suffix_1,Nass- & Trockensauger
6554916,Heimwerker > Werkstattausrüstung > Schleifpapier,32241,suffix_1,Schleifpapier
6554919,Heimwerker > Werkstattausrüstung > Werkbänke,31011,suffix_1,Werkbänke
6554922,Heimwerker > Werkstattausrüstung > Werkstattwagen,30831,suffix_1,Werkstattwagen
6559751,Heimwerker > Werkstattausrüstung > Werkzeugkoffer & Lagersysteme > Werkzeugkoffer,30781,suffix_1,Werkzeugkoffer
6559752,Heimwerker > Werkstattausrüstung > Werkzeugkoffer & Lagersysteme > Werkzeugschränke,58301,suffix_1,Werkzeugschränke
6559755,Heimwerker > Werkzeuge > Arbeitskleidung & Arbeitsschutz > Feuerlöscher,29941,suffix_1,Feuerlöscher
6559759,Heimwerker > Werkzeuge > Arbeitskleidung & Arbeitsschutz > Schutzbrillen,33861,suffix_1,Schutzbrillen
6559776,Heimwerker > Werkzeuge > Druckluftgeräte & Kompressoren > Kompressoren,31131,suffix_1,Kompressoren
6559793,Heimwerker > Werkzeuge > Elektrowerkzeug- & Druckluftgerät-Zubehör > Sägeblätter,58881,suffix_1,Sägeblätter
6563103,Heimwerker > Werkzeuge > Elektrowerkzeug- & Druckluftgerät-Zubehör > Schleifmittel > Schleifbänder,32261,suffix_1,Schleifbänder
6563111,Heimwerker > Werkzeuge > Elektrowerkzeug- & Druckluftgerät-Zubehör > Schleifmittel > Topfbürsten,32231,suffix_1,Topfbürsten
6559800,Heimwerker > Werkzeuge > Elektrowerkzeuge > Akkuschrauber,31241,suffix_1,Akkuschrauber
6559802,Heimwerker > Werkzeuge > Elektrowerkzeuge > Bohrmaschinen,43501,suffix_1,Bohrmaschinen
6559807,Heimwerker > Werkzeuge > Elektrowerkzeuge > Heißklebepistolen,62331,suffix_1,Heißklebepistolen
6559808,Heimwerker > Werkzeuge > Elektrowerkzeuge > Heißluftpistolen,31121,suffix_3,Werkzeuge > Elektrowerkzeuge > Heißluftpistolen
6559809,Heimwerker > Werkzeuge > Elektrowerkzeuge > Hobel,61581,suffix_1,Hobel
6559813,Heimwerker > Werkzeuge > Elektrowerkzeuge > Rotationswerkzeuge,31151,suffix_3,Werkzeuge > Elektrowerkzeuge > Rotationswerkzeuge
6559815,Heimwerker > Werkzeuge > Elektrowerkzeuge > Sägen,31101,suffix_3,Werkzeuge > Elektrowerkzeuge > Sägen
6563112,Heimwerker > Werkzeuge > Elektrowerkzeuge > Sägen > Bandsägen,32361,suffix_3,Elektrowerkzeuge > Sägen > Bandsägen
6563113,Heimwerker > Werkzeuge > Elektrowerkzeuge > Sägen > Betonsägen,32371,suffix_3,Elektrowerkzeuge > Sägen > Betonsägen
6563114,Heimwerker > Werkzeuge > Elektrowerkzeuge > Sägen > Dekupiersägen,32381,suffix_3,Elektrowerkzeuge > Sägen > Dekupiersägen
6563117,Heimwerker > Werkzeuge > Elektrowerkzeuge > Sägen > Kappsägen,32401,suffix_3,Elektrowerkzeuge > Sägen > Kappsägen
6563118,Heimwerker > Werkzeuge > Elektrowerkzeuge > Sägen > Kreissägen,32301,suffix_3,Elektrowerkzeuge > Sägen > Kreissägen
6563119,Heimwerker > Werkzeuge > Elektrowerkzeuge > Sägen > Säbelsägen,32461,suffix_3,Elektrowerkzeuge > Sägen > Säbelsägen
6563120,Heimwerker > Werkzeuge > Elektrowerkzeuge > Sägen > Stichsägen,32471,suffix_3,Elektrowerkzeuge > Sägen > Stichsägen
6563121,Heimwerker > Werkzeuge > Elektrowerkzeuge > Sägen > Tischkreissägen,32351,suffix_1,Tischkreissägen
6559816,Heimwerker > Werkzeuge > Elektrowerkzeuge > Schlagbohrmaschinen,32051,suffix_1,Schlagbohrmaschinen
6559817,Heimwerker > Werkzeuge > Elektrowerkzeuge > Schlagschrauber,31321,suffix_1,Schlagschrauber
6559818,Heimwerker > Werkzeuge > Elektrowerkzeuge > Schleifmaschinen,43511,suffix_1,Schleifmaschinen
6559823,Heimwerker > Werkzeuge > Elektrowerkzeuge > Tacker,23101,suffix_1,Tacker
6559826,Heimwerker > Werkzeuge > Elektrowerkzeuge > Winkelschleifer,32211,suffix_1,Winkelschleifer
6554935,Heimwerker > Werkzeuge > Handwerkzeuge,31041,suffix_2,Werkzeuge > Handwerkzeuge
6559829,Heimwerker > Werkzeuge > Handwerkzeuge > Blechscheren,59241,suffix_3,Werkzeuge > Handwerkzeuge > Blechscheren
6559830,Heimwerker > Werkzeuge > Handwerkzeuge > Drahtbürsten,60011,suffix_3,Werkzeuge > Handwerkzeuge > Drahtbürsten
6559843,Heimwerker > Werkzeuge > Handwerkzeuge > Plattenheber,53371,suffix_1,Plattenheber
6559844,Heimwerker > Werkzeuge > Handwerkzeuge > Sägen,31101,suffix_1,Sägen
6559846,Heimwerker > Werkzeuge > Handwerkzeuge > Schraubendreher,32521,suffix_3,Werkzeuge > Handwerkzeuge > Schraubendreher
6563123,Heimwerker > Werkzeuge > Handwerkzeuge > Schraubenschlüssel > Drehmomentschlüssel,33561,suffix_1,Drehmomentschlüssel
6563131,Heimwerker > Werkzeuge > Handwerkzeuge > Schraubenschlüssel > Rollgabelschlüssel,33521,suffix_1,Rollgabelschlüssel
6563135,Heimwerker > Werkzeuge > Handwerkzeuge > Schraubenschlüssel > Steckschlüssel,33541,suffix_1,Steckschlüssel
6559852,Heimwerker > Werkzeuge > Handwerkzeuge > Tacker,23101,suffix_1,Tacker
6559854,Heimwerker > Werkzeuge > Handwerkzeuge > Zangen,32541,suffix_3,Werkzeuge > Handwerkzeuge > Zangen
6559857,Heimwerker > Werkzeuge > Messwerkzeuge & Messgeräte > Lasermessgeräte,30351,suffix_1,Lasermessgeräte
6559860,Heimwerker > Werkzeuge > Messwerkzeuge & Messgeräte > Messschieber,61561,suffix_1,Messschieber
6559863,Heimwerker > Werkzeuge > Messwerkzeuge & Messgeräte > Thermometer,10961,suffix_1,Thermometer
6559864,Heimwerker > Werkzeuge > Messwerkzeuge & Messgeräte > Waagen,10971,suffix_1,Waagen
6559865,Heimwerker > Werkzeuge > Messwerkzeuge & Messgeräte > Wasserwaagen,30671,suffix_1,Wasserwaagen
6559866,Heimwerker > Werkzeuge > Messwerkzeuge & Messgeräte > Winkelmesser,38631,suffix_1,Winkelmesser
6559867,Kleidung & Accessoires > Babys > Accessoires für Babys > Gürtel,42531,suffix_1,Gürtel
6559871,Kleidung & Accessoires > Babys > Accessoires für Babys > Krawatten,27811,suffix_1,Krawatten
6559872,Kleidung & Accessoires > Babys > Accessoires für Babys > Schals & Tücher,27371,suffix_1,Schals & Tücher
6559873,Kleidung & Accessoires > Babys > Accessoires für Babys > Sonnenbrillen,27981,suffix_1,Sonnenbrillen
6559874,Kleidung & Accessoires > Babys > Mode für Babys > Anzüge,23151,suffix_1,Anzüge
6559878,Kleidung & Accessoires > Babys > Mode für Babys > Kleider,21271,suffix_1,Kleider
6559883,Kleidung & Accessoires > Babys > Mode für Babys > Röcke,21261,suffix_1,Röcke
6559892,Kleidung & Accessoires > Damen > Damen-Accessoires > Gürtel,42531,suffix_1,Gürtel
6559893,Kleidung & Accessoires > Damen > Damen-Accessoires > Gürtelschnallen,27581,suffix_1,Gürtelschnallen
6559900,Kleidung & Accessoires > Damen > Damen-Accessoires > Schals & Tücher,27371,suffix_1,Schals & Tücher
6559902,Kleidung & Accessoires > Damen > Damen-Accessoires > Schlüsselanhänger,27941,suffix_1,Schlüsselanhänger
6563137,Kleidung & Accessoires > Damen > Damen-Accessoires > Sonnenbrillen & Zubehör > Sonnenbrillen,27981,suffix_1,Sonnenbrillen
6563139,Kleidung & Accessoires > Damen > Damenmode > Fitnessmode > Kurze Sporthosen,69413,suffix_1,Kurze Sporthosen
6563141,Kleidung & Accessoires > Damen > Damenmode > Fitnessmode > Sport-BHs,23621,suffix_1,Sport-BHs
6563143,Kleidung & Accessoires > Damen > Damenmode > Fitnessmode > Sportjacken,52661,suffix_1,Sportjacken
6563145,Kleidung & Accessoires > Damen > Damenmode > Fitnessmode > Sporttops,63881,suffix_1,Sporttops
6559911,Kleidung & Accessoires > Damen > Damenmode > Jeans,21911,suffix_1,Jeans
6559912,Kleidung & Accessoires > Damen > Damenmode > Kleider,21271,suffix_1,Kleider
6559913,Kleidung & Accessoires > Damen > Damenmode > Leggings,22031,suffix_1,Leggings
6559915,Kleidung & Accessoires > Damen > Damenmode > Overalls,21251,suffix_1,Overalls
6559917,Kleidung & Accessoires > Damen > Damenmode > Röcke,21261,suffix_1,Röcke
6563147,Kleidung & Accessoires > Damen > Damenmode > Socken & Strümpfe > Socken,24061,suffix_1,Socken
6563149,Kleidung & Accessoires > Damen > Damenmode > Socken & Strümpfe > Strumpfhosen,24091,suffix_1,Strumpfhosen
6563150,Kleidung & Accessoires > Damen > Damenmode > Socken & Strümpfe > Stulpen,24111,suffix_1,Stulpen
6563151,Kleidung & Accessoires > Damen > Damenmode > Trachtenmode > Accessoires,1851,suffix_1,Accessoires
6563152,Kleidung & Accessoires > Damen > Damenmode > Trachtenmode > Blusen,21301,suffix_1,Blusen
6563156,Kleidung & Accessoires > Damen > Damenmode > Trachtenmode > Röcke,21261,suffix_1,Röcke
6563159,Kleidung & Accessoires > Damen > Damenmode > Unterwäsche > Bodys,23861,suffix_1,Bodys
6563161,Kleidung & Accessoires > Damen > Damenmode > Unterwäsche > Mieder,23901,suffix_1,Mieder
6563165,Kleidung & Accessoires > Damen > Damenmode > Unterwäsche > Unterhemden,23841,suffix_1,Unterhemden
6559922,Kleidung & Accessoires > Damen > Damenschuhe > Gesundheitsschuhe,25151,suffix_1,Gesundheitsschuhe
6559924,Kleidung & Accessoires > Damen > Damenschuhe > Hausschuhe,24991,suffix_1,Hausschuhe
6559925,Kleidung & Accessoires > Damen > Damenschuhe > Pumps,24561,suffix_1,Pumps
6559926,Kleidung & Accessoires > Damen > Damenschuhe > Sandalen,24661,suffix_1,Sandalen
6559927,Kleidung & Accessoires > Damen > Damenschuhe > Sneaker,24261,suffix_1,Sneaker
6559933,Kleidung & Accessoires > Herren > Herren-Accessoires > Gürtel,42531,suffix_1,Gürtel
6559934,Kleidung & Accessoires > Herren > Herren-Accessoires > Gürtelschnallen,27581,suffix_1,Gürtelschnallen
6559936,Kleidung & Accessoires > Herren > Herren-Accessoires > Hosenträger,27641,suffix_1,Hosenträger
6559940,Kleidung & Accessoires > Herren > Herren-Accessoires > Schals & Tücher,27371,suffix_1,Schals & Tücher
6559942,Kleidung & Accessoires > Herren > Herren-Accessoires > Schlüsselanhänger,27941,suffix_1,Schlüsselanhänger
6563168,Kleidung & Accessoires > Herren > Herren-Accessoires > Sonnenbrillen & -zubehör > Sonnenbrillen,27981,suffix_1,Sonnenbrillen
6559945,Kleidung & Accessoires > Herren > Herren-Accessoires > Taschentücher,57441,suffix_1,Taschentücher
6559946,Kleidung & Accessoires > Herren > Herrenmode > Anzüge,23151,suffix_1,Anzüge
6563170,Kleidung & Accessoires > Herren > Herrenmode > Fitnessmode > Kurze Sporthosen,69413,suffix_1,Kurze Sporthosen
6563173,Kleidung & Accessoires > Herren > Herrenmode > Fitnessmode > Sportjacken,52661,suffix_1,Sportjacken
6563174,Kleidung & Accessoires > Herren > Herrenmode > Fitnessmode > Sporttops,63881,suffix_1,Sporttops
6559951,Kleidung & Accessoires > Herren > Herrenmode > Jeans,21911,suffix_1,Jeans
6563178,Kleidung & Accessoires > Herren > Herrenmode > Shirts & Hemden > Poloshirts,21411,suffix_1,Poloshirts
6563179,Kleidung & Accessoires > Herren > Herrenmode > Shirts & Hemden > T-Shirts,21391,suffix_1,T-Shirts
6559956,Kleidung & Accessoires > Herren > Herrenmode > Socken,24061,suffix_1,Socken
6563180,Kleidung & Accessoires > Herren > Herrenmode > Trachtenmode > Accessoires,1851,suffix_1,Accessoires
6563181,Kleidung & Accessoires > Herren > Herrenmode > Trachtenmode > Hemden,21311,suffix_1,Hemden
6559960,Kleidung & Accessoires > Herren > Herrenschuhe > Halbschuhe,56541,suffix_1,Halbschuhe
6559961,Kleidung & Accessoires > Herren > Herrenschuhe > Hausschuhe,24991,suffix_1,Hausschuhe
6559962,Kleidung & Accessoires > Herren > Herrenschuhe > Sandalen,24661,suffix_1,Sandalen
6559963,Kleidung & Accessoires > Herren > Herrenschuhe > Sneaker,24261,suffix_1,Sneaker
6559964,Kleidung & Accessoires > Herren > Herrenschuhe > Stiefel,24271,suffix_1,Stiefel
6551122,Kleidung & Accessoires > Herren > Shirts & Hemden > T-Shirts,21391,suffix_1,T-Shirts
6563188,Kleidung & Accessoires > Kinder > Jungen > Jungen-Accessoires > Hosenträger,27641,suffix_1,Hosenträger
6563190,Kleidung & Accessoires > Kinder > Jungen > Jungen-Accessoires > Krawatten,27811,suffix_1,Krawatten
6563191,Kleidung & Accessoires > Kinder > Jungen > Jungen-Accessoires > Schals,27401,suffix_1,Schals
6563193,Kleidung & Accessoires > Kinder > Jungen > Jungen-Accessoires > Schlüsselanhänger,27941,suffix_1,Schlüsselanhänger
6563194,Kleidung & Accessoires > Kinder > Jungen > Jungen-Accessoires > Sonnenbrillen,27981,suffix_1,Sonnenbrillen
6563195,Kleidung & Accessoires > Kinder > Jungen > Mode für Jungen > Anzüge,23151,suffix_1,Anzüge
6564229,Kleidung & Accessoires > Kinder > Jungen > Mode für Jungen > Fitnessmode > Kurze Sporthosen,69413,suffix_1,Kurze Sporthosen
6564232,Kleidung & Accessoires > Kinder > Jungen > Mode für Jungen > Fitnessmode > Sportjacken,52661,suffix_1,Sportjacken
6564233,Kleidung & Accessoires > Kinder > Jungen > Mode für Jungen > Fitnessmode > Sporttops,63881,suffix_1,Sporttops
6563199,Kleidung & Accessoires > Kinder > Jungen > Mode für Jungen > Jeans,21911,suffix_1,Jeans
6563200,Kleidung & Accessoires > Kinder > Jungen > Mode für Jungen > Kapuzenpullover,69009,suffix_1,Kapuzenpullover
6563205,Kleidung & Accessoires > Kinder > Jungen > Mode für Jungen > Shorts,21971,suffix_1,Shorts
6563206,Kleidung & Accessoires > Kinder > Jungen > Mode für Jungen > Socken,24061,suffix_1,Socken
6563217,Kleidung & Accessoires > Kinder > Mädchen > Mädchen-Accessoires > Schals & Tücher,27371,suffix_1,Schals & Tücher
6563219,Kleidung & Accessoires > Kinder > Mädchen > Mädchen-Accessoires > Schlüsselanhänger,27941,suffix_1,Schlüsselanhänger
6563221,Kleidung & Accessoires > Kinder > Mädchen > Mädchen-Accessoires > Sonnenbrillen,27981,suffix_1,Sonnenbrillen
6564235,Kleidung & Accessoires > Kinder > Mädchen > Mode für Mädchen > Fitnessmode > Kurze Sporthosen,69413,suffix_1,Kurze Sporthosen
6564238,Kleidung & Accessoires > Kinder > Mädchen > Mode für Mädchen > Fitnessmode > Sportjacken,52661,suffix_1,Sportjacken
6564240,Kleidung & Accessoires > Kinder > Mädchen > Mode für Mädchen > Fitnessmode > Sporttops,63881,suffix_1,Sporttops
6563225,Kleidung & Accessoires > Kinder > Mädchen > Mode für Mädchen > Jeans,21911,suffix_1,Jeans
6563226,Kleidung & Accessoires > Kinder > Mädchen > Mode für Mädchen > Kapuzenpullover,69009,suffix_1,Kapuzenpullover
6563227,Kleidung & Accessoires > Kinder > Mädchen > Mode für Mädchen > Kleider,21271,suffix_1,Kleider
6563228,Kleidung & Accessoires > Kinder > Mädchen > Mode für Mädchen > Leggings,22031,suffix_1,Leggings
6563231,Kleidung & Accessoires > Kinder > Mädchen > Mode für Mädchen > Overalls,21251,suffix_1,Overalls
6563235,Kleidung & Accessoires > Kinder > Mädchen > Mode für Mädchen > Shorts,21971,suffix_1,Shorts
6564242,Kleidung & Accessoires > Kinder > Unisex für Kinder > Unisex-Mode > Fitnessmode > Kurze Sporthosen,69413,suffix_1,Kurze Sporthosen
6564245,Kleidung & Accessoires > Kinder > Unisex für Kinder > Unisex-Mode > Fitnessmode > Sportjacken,52661,suffix_1,Sportjacken
6564246,Kleidung & Accessoires > Kinder > Unisex für Kinder > Unisex-Mode > Fitnessmode > Sporttops,63881,suffix_1,Sporttops
6563244,Kleidung & Accessoires > Kinder > Unisex für Kinder > Unisex-Mode > Jeans,21911,suffix_1,Jeans
6563249,Kleidung & Accessoires > Kinder > Unisex für Kinder > Unisex-Mode > Shorts,21971,suffix_1,Shorts
6563250,Kleidung & Accessoires > Kinder > Unisex für Kinder > Unisex-Mode > Socken,24061,suffix_1,Socken
6559974,Kleidung & Accessoires > Spezielle Anlässe > Accessoires für Babys > Sonnenbrillen,27981,suffix_1,Sonnenbrillen
6563262,Kleidung & Accessoires > Spezielle Anlässe > Hochzeit & Besondere Anlässe > Braut-Accessoires > Handschuhe,27131,suffix_1,Handschuhe
6559983,Kleidung & Accessoires > Spezielle Anlässe > Hochzeit & Besondere Anlässe > Brautjungfernkleider,22891,suffix_1,Brautjungfernkleider
6563271,Kleidung & Accessoires > Spezielle Anlässe > Hochzeit & Besondere Anlässe > Herren - Besondere Anlässe > Accessoires,1851,suffix_1,Accessoires
6563274,Kleidung & Accessoires > Spezielle Anlässe > Hochzeit & Besondere Anlässe > Herren - Besondere Anlässe > Jacken,21201,suffix_1,Jacken
6563277,Kleidung & Accessoires > Spezielle Anlässe > Hochzeit & Besondere Anlässe > Herren - Besondere Anlässe > Westen,21221,suffix_1,Westen
6560001,Kleidung & Accessoires > Spezielle Anlässe > Kostüme & Verkleidungen > Accessoires,1851,suffix_1,Accessoires
6563281,Kleidung & Accessoires > Spezielle Anlässe > Kostüme & Verkleidungen > Accessoires > Brillen,27961,suffix_1,Brillen
6563286,Kleidung & Accessoires > Spezielle Anlässe > Kostüme & Verkleidungen > Accessoires > Handschuhe,27131,suffix_2,Accessoires > Handschuhe
6560003,Kleidung & Accessoires > Spezielle Anlässe > Kostüme & Verkleidungen > Kostüme,20701,suffix_1,Kostüme
6563311,Kleidung & Accessoires > Spezielle Anlässe > Vintage-Mode > Vintage-Accessoires > Brillen,27961,suffix_1,Brillen
6563314,Kleidung & Accessoires > Spezielle Anlässe > Vintage-Mode > Vintage-Accessoires > Gürtel,42531,suffix_1,Gürtel
6563315,Kleidung & Accessoires > Spezielle Anlässe > Vintage-Mode > Vintage-Accessoires > Gürtelschnallen,27581,suffix_1,Gürtelschnallen
6563317,Kleidung & Accessoires > Spezielle Anlässe > Vintage-Mode > Vintage-Accessoires > Handschuhe,27131,suffix_1,Handschuhe
6563318,Kleidung & Accessoires > Spezielle Anlässe > Vintage-Mode > Vintage-Accessoires > Hosenträger,27641,suffix_1,Hosenträger
6563323,Kleidung & Accessoires > Spezielle Anlässe > Vintage-Mode > Vintage-Accessoires > Kleiderbügel,6051,suffix_1,Kleiderbügel
6563326,Kleidung & Accessoires > Spezielle Anlässe > Vintage-Mode > Vintage-Accessoires > Schals & Tücher,27371,suffix_1,Schals & Tücher
6563329,Kleidung & Accessoires > Spezielle Anlässe > Vintage-Mode > Vintage-Accessoires > Sonnenbrillen,27981,suffix_1,Sonnenbrillen
6563333,Kleidung & Accessoires > Spezielle Anlässe > Vintage-Mode > Vintage-Accessoires > Taschentücher,57441,suffix_1,Taschentücher
6563340,Kleidung & Accessoires > Spezielle Anlässe > Vintage-Mode > Vintage-Mode für Damen > Jeans,21911,suffix_1,Jeans
6563341,Kleidung & Accessoires > Spezielle Anlässe > Vintage-Mode > Vintage-Mode für Damen > Kleider,21271,suffix_1,Kleider
6563343,Kleidung & Accessoires > Spezielle Anlässe > Vintage-Mode > Vintage-Mode für Damen > Overalls,21251,suffix_1,Overalls
6563345,Kleidung & Accessoires > Spezielle Anlässe > Vintage-Mode > Vintage-Mode für Damen > Röcke,21261,suffix_1,Röcke
6563346,Kleidung & Accessoires > Spezielle Anlässe > Vintage-Mode > Vintage-Mode für Damen > Shorts,21971,suffix_1,Shorts
6564248,Kleidung & Accessoires > Spezielle Anlässe > Vintage-Mode > Vintage-Mode für Damen > Unterwäsche > BHs,23611,suffix_1,BHs
6564253,Kleidung & Accessoires > Spezielle Anlässe > Vintage-Mode > Vintage-Mode für Damen > Unterwäsche > Strumpfhosen,24091,suffix_1,Strumpfhosen
6564254,Kleidung & Accessoires > Spezielle Anlässe > Vintage-Mode > Vintage-Mode für Damen > Unterwäsche > Unterhemden,23841,suffix_1,Unterhemden
6563351,Kleidung & Accessoires > Spezielle Anlässe > Vintage-Mode > Vintage-Mode für Herren > Anzüge,23151,suffix_1,Anzüge
6563356,Kleidung & Accessoires > Spezielle Anlässe > Vintage-Mode > Vintage-Mode für Herren > Jeans,21911,suffix_1,Jeans
6563360,Kleidung & Accessoires > Spezielle Anlässe > Vintage-Mode > Vintage-Mode für Herren > Sakkos,21681,suffix_1,Sakkos
6563361,Kleidung & Accessoires > Spezielle Anlässe > Vintage-Mode > Vintage-Mode für Herren > Shorts,21971,suffix_1,Shorts
6563362,Kleidung & Accessoires > Spezielle Anlässe > Vintage-Mode > Vintage-Mode für Herren > Socken,24061,suffix_1,Socken
6563365,Kleidung & Accessoires > Spezielle Anlässe > Vintage-Mode > Vintage-Mode für Herren > T-Shirts,21391,suffix_1,T-Shirts
6563366,Kleidung & Accessoires > Spezielle Anlässe > Vintage-Mode > Vintage-Mode für Herren > Westen,21221,suffix_1,Westen
6563367,Kleidung & Accessoires > Spezielle Anlässe > Vintage-Mode > Vintage-Mode für Kinder > Anzüge,23151,suffix_1,Anzüge
6563372,Kleidung & Accessoires > Spezielle Anlässe > Vintage-Mode > Vintage-Mode für Kinder > Jeans,21911,suffix_1,Jeans
6563373,Kleidung & Accessoires > Spezielle Anlässe > Vintage-Mode > Vintage-Mode für Kinder > Kleider,21271,suffix_1,Kleider
6563374,Kleidung & Accessoires > Spezielle Anlässe > Vintage-Mode > Vintage-Mode für Kinder > Lätzchen,9011,suffix_1,Lätzchen
6563377,Kleidung & Accessoires > Spezielle Anlässe > Vintage-Mode > Vintage-Mode für Kinder > Overalls,21251,suffix_1,Overalls
6563379,Kleidung & Accessoires > Spezielle Anlässe > Vintage-Mode > Vintage-Mode für Kinder > Röcke,21261,suffix_1,Röcke
6563381,Kleidung & Accessoires > Spezielle Anlässe > Vintage-Mode > Vintage-Mode für Kinder > Shorts,21971,suffix_1,Shorts
6563387,Kleidung & Accessoires > Spezielle Anlässe > Vintage-Mode > Vintage-Mode für Kinder > Westen,21221,suffix_1,Westen
6551358,Möbel & Wohnen > Badezimmer,3461,suffix_1,Badezimmer
6554968,Möbel & Wohnen > Badezimmer > Badezimmerschränke,3901,suffix_1,Badezimmerschränke
6560023,Möbel & Wohnen > Badezimmer > Badezimmerzubehör > Personenwaagen,32731,suffix_1,Personenwaagen
6560031,Möbel & Wohnen > Badezimmer > Dusch- & Badewannenzubehör > Badewannenkissen,69669,suffix_1,Badewannenkissen
6560034,Möbel & Wohnen > Badezimmer > Dusch- & Badewannenzubehör > Duschvorhänge,57831,suffix_1,Duschvorhänge
6554980,Möbel & Wohnen > Beleuchtung > Lampenzubehör,66211,suffix_1,Lampenzubehör
6554983,Möbel & Wohnen > Beleuchtung > Nachtlichter,4471,suffix_1,Nachtlichter
6554985,Möbel & Wohnen > Beleuchtung > Wandleuchten,4351,suffix_1,Wandleuchten
6554986,"Möbel & Wohnen > Bettwaren, -wäsche & Matratzen > Bettdecken",4811,suffix_1,Bettdecken
6554993,"Möbel & Wohnen > Bettwaren, -wäsche & Matratzen > Kissenbezüge",4931,suffix_1,Kissenbezüge
6554995,"Möbel & Wohnen > Bettwaren, -wäsche & Matratzen > Lampenzubehör",66211,suffix_1,Lampenzubehör
6554996,"Möbel & Wohnen > Bettwaren, -wäsche & Matratzen > Luftmatratzen",15171,suffix_1,Luftmatratzen
6551362,Möbel & Wohnen > Dampfmaschinen,11461,suffix_1,Dampfmaschinen
6551363,Möbel & Wohnen > Dekokissen,45121,suffix_1,Dekokissen
6555009,Möbel & Wohnen > Dekoration > Bilderrahmen,4751,suffix_1,Bilderrahmen
6560047,Möbel & Wohnen > Dekoration > Deko-Accessoires > Aschenbecher,23341,suffix_1,Aschenbecher
6560049,Möbel & Wohnen > Dekoration > Deko-Accessoires > Buchstützen,38891,suffix_1,Buchstützen
6560052,Möbel & Wohnen > Dekoration > Deko-Accessoires > Dekokörbe,6911,suffix_1,Dekokörbe
6560056,Möbel & Wohnen > Dekoration > Deko-Accessoires > Globen,67191,suffix_1,Globen
6560057,Möbel & Wohnen > Dekoration > Deko-Accessoires > Masken,20891,suffix_1,Masken
6560060,Möbel & Wohnen > Dekoration > Deko-Accessoires > Paravents,4331,suffix_1,Paravents
6560067,Möbel & Wohnen > Dekoration > Deko-Accessoires > Türstopper,7401,suffix_1,Türstopper
6555017,Möbel & Wohnen > Dekoration > Spiegel,2441,suffix_1,Spiegel
6555023,Möbel & Wohnen > Feste & Besondere Anlässe > Geschenkkörbe,2201,suffix_1,Geschenkkörbe
6560069,Möbel & Wohnen > Feste & Besondere Anlässe > Geschenkverpackung > Geschenkboxen,40711,suffix_1,Geschenkboxen
6560070,Möbel & Wohnen > Feste & Besondere Anlässe > Geschenkverpackung > Geschenkpapier,40681,suffix_1,Geschenkpapier
6560071,Möbel & Wohnen > Feste & Besondere Anlässe > Geschenkverpackung > Geschenktaschen,26301,suffix_1,Geschenktaschen
6560077,Möbel & Wohnen > Feste & Besondere Anlässe > Jahreszeitliche Dekoration > Adventskalender,7551,suffix_1,Adventskalender
6560082,Möbel & Wohnen > Feste & Besondere Anlässe > Jahreszeitliche Dekoration > Kerzen,7071,suffix_1,Kerzen
6560084,Möbel & Wohnen > Feste & Besondere Anlässe > Jahreszeitliche Dekoration > Kissen,4831,suffix_1,Kissen
6560086,Möbel & Wohnen > Feste & Besondere Anlässe > Jahreszeitliche Dekoration > Krippen,7481,suffix_1,Krippen
6560087,Möbel & Wohnen > Feste & Besondere Anlässe > Jahreszeitliche Dekoration > Lichterketten,6511,suffix_1,Lichterketten
6560089,Möbel & Wohnen > Feste & Besondere Anlässe > Jahreszeitliche Dekoration > Nussknacker,7441,suffix_1,Nussknacker
6560092,Möbel & Wohnen > Feste & Besondere Anlässe > Jahreszeitliche Dekoration > Schneekugeln,7511,suffix_1,Schneekugeln
6560105,Möbel & Wohnen > Feste & Besondere Anlässe > Party- & Eventdekoration > Knicklichter,28791,suffix_1,Knicklichter
6560106,Möbel & Wohnen > Feste & Besondere Anlässe > Party- & Eventdekoration > Konfetti,29731,suffix_1,Konfetti
6560112,Möbel & Wohnen > Feste & Besondere Anlässe > Party- & Eventdekoration > Scherzartikel,29821,suffix_1,Scherzartikel
6560118,Möbel & Wohnen > Haushalt > Haushaltswaren > Feuerzeuge,23321,suffix_1,Feuerzeuge
6560121,Möbel & Wohnen > Haushalt > Haushaltswaren > Müllbeutel,22681,suffix_1,Müllbeutel
6560122,Möbel & Wohnen > Haushalt > Haushaltswaren > Taschentücher,57441,suffix_1,Taschentücher
6560123,Möbel & Wohnen > Haushalt > Haushaltswaren > Toilettenpapier,57451,suffix_1,Toilettenpapier
6563388,Möbel & Wohnen > Haushalt > Kleider- & Schuhpflege > Schuhpflege > Einlegesohlen,25211,suffix_1,Einlegesohlen
6563389,Möbel & Wohnen > Haushalt > Kleider- & Schuhpflege > Schuhpflege > Schnürsenkel,25191,suffix_1,Schnürsenkel
6563391,Möbel & Wohnen > Haushalt > Kleider- & Schuhpflege > Schuhpflege > Schuhbürsten,62041,suffix_1,Schuhbürsten
6563394,Möbel & Wohnen > Haushalt > Kleider- & Schuhpflege > Schuhpflege > Schuhlöffel,57141,suffix_1,Schuhlöffel
6555033,Möbel & Wohnen > Haushalt > Lufterfrischer,37201,suffix_1,Lufterfrischer
6560132,Möbel & Wohnen > Haushalt > Putzgeräte > Putztücher,37371,suffix_1,Putztücher
6560133,Möbel & Wohnen > Haushalt > Putzgeräte > Reinigungsbürsten,37431,suffix_1,Reinigungsbürsten
6560135,Möbel & Wohnen > Haushalt > Putzgeräte > Schwämme,37351,suffix_1,Schwämme
6560140,Möbel & Wohnen > Haushalt > Wäsche > Bügelbretter,37521,suffix_1,Bügelbretter
6560142,Möbel & Wohnen > Haushalt > Wäsche > Kleidersäcke,58101,suffix_1,Kleidersäcke
6560148,Möbel & Wohnen > Haushalt > Wäsche > Wäschekörbe,37531,suffix_1,Wäschekörbe
6560149,Möbel & Wohnen > Haushalt > Wäsche > Wäscheleinen,37471,suffix_1,Wäscheleinen
6560151,Möbel & Wohnen > Haushalt > Wäsche > Wäscheständer,37461,suffix_1,Wäscheständer
6555044,Möbel & Wohnen > Hochzeitsdekoration > Einwegkameras,36931,suffix_1,Einwegkameras
6555054,Möbel & Wohnen > Hochzeitsdekoration > Konfetti,29731,suffix_1,Konfetti
6560157,Möbel & Wohnen > Kindermöbel & Wohnen > Badzubehör & -textilien > Handtuchhalter & -haken,57251,suffix_1,Handtuchhalter & -haken
6560163,Möbel & Wohnen > Kindermöbel & Wohnen > Beleuchtung > Deckenleuchten,4361,suffix_1,Deckenleuchten
6560165,Möbel & Wohnen > Kindermöbel & Wohnen > Beleuchtung > Nachtlichter,4471,suffix_1,Nachtlichter
6560167,Möbel & Wohnen > Kindermöbel & Wohnen > Beleuchtung > Wandleuchten,4351,suffix_1,Wandleuchten
6560168,Möbel & Wohnen > Kindermöbel & Wohnen > Bettwaren & -wäsche > Bettdecken,4811,suffix_1,Bettdecken
6560174,Möbel & Wohnen > Kindermöbel & Wohnen > Bettwaren & -wäsche > Kissenbezüge,4931,suffix_1,Kissenbezüge
6560176,Möbel & Wohnen > Kindermöbel & Wohnen > Bettwaren & -wäsche > Schlafsäcke,13271,suffix_1,Schlafsäcke
6560180,Möbel & Wohnen > Kindermöbel & Wohnen > Dekoration & Kleinaufbewahrung > Messlatten,60791,suffix_1,Messlatten
6555071,Möbel & Wohnen > Kindermöbel & Wohnen > Möbel,1961,suffix_1,Möbel
6560198,Möbel & Wohnen > Kindermöbel & Wohnen > Möbel > Kleiderschränke,3891,suffix_1,Kleiderschränke
6560199,Möbel & Wohnen > Kindermöbel & Wohnen > Möbel > Kommoden,2241,suffix_2,Möbel > Kommoden
6560202,Möbel & Wohnen > Kindermöbel & Wohnen > Möbel > Schminktische,59691,suffix_1,Schminktische
6560204,Möbel & Wohnen > Kindermöbel & Wohnen > Möbel > Schreibtische,5651,suffix_1,Schreibtische
6555075,Möbel & Wohnen > Klein- & Hängeaufbewahrung > Kleiderbügel,6051,suffix_1,Kleiderbügel
6555077,Möbel & Wohnen > Klein- & Hängeaufbewahrung > Körbe,5071,suffix_1,Körbe
6555080,Möbel & Wohnen > Klein- & Hängeaufbewahrung > Möbel,1961,suffix_1,Möbel
6555081,Möbel & Wohnen > Klein- & Hängeaufbewahrung > Schirmständer,5061,suffix_1,Schirmständer
6555082,Möbel & Wohnen > Klein- & Hängeaufbewahrung > Schlüsselbretter,5081,suffix_1,Schlüsselbretter
6555083,Möbel & Wohnen > Klein- & Hängeaufbewahrung > Schlüsselkästen,5051,suffix_1,Schlüsselkästen
6560212,Möbel & Wohnen > Kochen & Genießen > Backbleche & -formen > Auflaufformen,11901,suffix_1,Auflaufformen
6560213,Möbel & Wohnen > Kochen & Genießen > Backbleche & -formen > Backbleche,20641,suffix_1,Backbleche
6560214,Möbel & Wohnen > Kochen & Genießen > Backbleche & -formen > Brotbackformen,35181,suffix_1,Brotbackformen
6560219,Möbel & Wohnen > Kochen & Genießen > Backbleche & -formen > Springformen,35331,suffix_1,Springformen
6563408,Möbel & Wohnen > Kochen & Genießen > Backzubehör & Kuchendekoration > Deko-Werkzeug > Spritzbeutel,20221,suffix_1,Spritzbeutel
6560223,Möbel & Wohnen > Kochen & Genießen > Backzubehör & Kuchendekoration > Gebäckpressen,20181,suffix_1,Gebäckpressen
6560232,Möbel & Wohnen > Kochen & Genießen > Bar & Wein-Accessoires > Dekanter,56501,suffix_1,Dekanter
6560235,Möbel & Wohnen > Kochen & Genießen > Bar & Wein-Accessoires > Eiswürfelformen,20061,suffix_1,Eiswürfelformen
6560236,Möbel & Wohnen > Kochen & Genießen > Bar & Wein-Accessoires > Flachmänner,20581,suffix_1,Flachmänner
6560244,Möbel & Wohnen > Kochen & Genießen > Bar & Wein-Accessoires > Weinregale,4161,suffix_1,Weinregale
6560246,Möbel & Wohnen > Kochen & Genießen > Besteck > Besteck-Einzelteile,22431,suffix_1,Besteck-Einzelteile
6560247,Möbel & Wohnen > Kochen & Genießen > Besteck > Bestecksets,22411,suffix_1,Bestecksets
6560248,Möbel & Wohnen > Kochen & Genießen > Besteck > Essstäbchen,56521,suffix_1,Essstäbchen
6560255,Möbel & Wohnen > Kochen & Genießen > Gedeckter Tisch > Butterdosen,20311,suffix_1,Butterdosen
6560256,Möbel & Wohnen > Kochen & Genießen > Gedeckter Tisch > Eierbecher,22471,suffix_1,Eierbecher
6560263,Möbel & Wohnen > Kochen & Genießen > Gedeckter Tisch > Saucieren,57491,suffix_1,Saucieren
6560264,Möbel & Wohnen > Kochen & Genießen > Gedeckter Tisch > Schüsseln,36511,suffix_1,Schüsseln
6560266,Möbel & Wohnen > Kochen & Genießen > Gedeckter Tisch > Servietten,22661,suffix_1,Servietten
6560271,Möbel & Wohnen > Kochen & Genießen > Gedeckter Tisch > Teekannen,20591,suffix_1,Teekannen
6560272,Möbel & Wohnen > Kochen & Genießen > Gedeckter Tisch > Teller,22491,suffix_1,Teller
6560273,Möbel & Wohnen > Kochen & Genießen > Gedeckter Tisch > Tischdecken,4871,suffix_1,Tischdecken
6560274,Möbel & Wohnen > Kochen & Genießen > Gedeckter Tisch > Tischläufer,4901,suffix_1,Tischläufer
6560275,Möbel & Wohnen > Kochen & Genießen > Gedeckter Tisch > Tischsets,20691,suffix_1,Tischsets
6560278,Möbel & Wohnen > Kochen & Genießen > Gedeckter Tisch > Untersetzer,22481,suffix_1,Untersetzer
6555099,Möbel & Wohnen > Kochen & Genießen > Küchenhelfer,10501,suffix_1,Küchenhelfer
6560288,Möbel & Wohnen > Kochen & Genießen > Küchenhelfer > Gewürzmühlen & -streuer,20431,suffix_2,Küchenhelfer > Gewürzmühlen & -streuer
6560291,Möbel & Wohnen > Kochen & Genießen > Küchenhelfer > Knoblauchpressen,35821,suffix_1,Knoblauchpressen
6560293,Möbel & Wohnen > Kochen & Genießen > Küchenhelfer > Küchenwaagen,32691,suffix_1,Küchenwaagen
6560298,Möbel & Wohnen > Kochen & Genießen > Küchenhelfer > Messerschärfer,22321,suffix_1,Messerschärfer
6560303,Möbel & Wohnen > Kochen & Genießen > Küchenhelfer > Nussknacker,7441,suffix_1,Nussknacker
6560306,Möbel & Wohnen > Kochen & Genießen > Küchenhelfer > Rührschüsseln,20211,suffix_1,Rührschüsseln
6560309,Möbel & Wohnen > Kochen & Genießen > Küchenhelfer > Scheren,10751,suffix_1,Scheren
6560310,Möbel & Wohnen > Kochen & Genießen > Küchenhelfer > Schneidebretter,20461,suffix_2,Küchenhelfer > Schneidebretter
6560314,Möbel & Wohnen > Kochen & Genießen > Küchenhelfer > Teesiebe,62771,suffix_1,Teesiebe
6560315,Möbel & Wohnen > Kochen & Genießen > Küchenhelfer > Trichter,61921,suffix_2,Küchenhelfer > Trichter
6555101,Möbel & Wohnen > Kochen & Genießen > Küchentextilien,10531,suffix_1,Küchentextilien
6560318,Möbel & Wohnen > Kochen & Genießen > Küchentextilien > Geschirrtücher,20681,suffix_2,Küchentextilien > Geschirrtücher
6560322,Möbel & Wohnen > Kochen & Genießen > Küchentextilien > Topflappen,20661,suffix_2,Küchentextilien > Topflappen
6560326,Möbel & Wohnen > Kochen & Genießen > Ordnung & Aufbewahrung > Brotkästen,20291,suffix_1,Brotkästen
6560327,Möbel & Wohnen > Kochen & Genießen > Ordnung & Aufbewahrung > Gefrierbeutel,22641,suffix_1,Gefrierbeutel
6560330,Möbel & Wohnen > Kochen & Genießen > Ordnung & Aufbewahrung > Küchenrollenhalter,20381,suffix_1,Küchenrollenhalter
6560331,Möbel & Wohnen > Kochen & Genießen > Ordnung & Aufbewahrung > Messerblöcke,22301,suffix_1,Messerblöcke
6560343,Möbel & Wohnen > Kochen & Genießen > Töpfe & Pfannen > Woks,11861,suffix_1,Woks
6560346,Möbel & Wohnen > Kochen & Genießen > Wasseraufbereitung & Trinkwassersprudler > Wasserfilter,62021,suffix_1,Wasserfilter
6555109,Möbel & Wohnen > Küche > Küchenschränke,4041,suffix_1,Küchenschränke
6551374,Möbel & Wohnen > Möbel,1961,suffix_1,Möbel
6560350,Möbel & Wohnen > Möbel > Betten > Lattenroste,5531,suffix_1,Lattenroste
6560351,Möbel & Wohnen > Möbel > Betten > Wasserbetten,2791,suffix_2,Betten > Wasserbetten
6555120,Möbel & Wohnen > Möbel > Kleiderschränke,3891,suffix_1,Kleiderschränke
6555121,Möbel & Wohnen > Möbel > Kommoden,2241,suffix_2,Möbel > Kommoden
6555129,Möbel & Wohnen > Möbel > Schminktische,59691,suffix_1,Schminktische
6555133,Möbel & Wohnen > Möbel > Servierwagen,26531,suffix_1,Servierwagen
6555134,Möbel & Wohnen > Möbel > Sitzbänke,2701,suffix_1,Sitzbänke
6555142,"Möbel & Wohnen > Rollos, Gardinen & Vorhänge > Fensterfolien",64081,suffix_1,Fensterfolien
6555143,"Möbel & Wohnen > Rollos, Gardinen & Vorhänge > Gardinen & Vorhänge",42661,suffix_1,Gardinen & Vorhänge
6555154,Möbel & Wohnen > Teppiche & Teppichböden > Stufenmatten,62051,suffix_1,Stufenmatten
6555157,Möbel & Wohnen > Teppiche & Teppichböden > Teppichböden,69501,suffix_1,Teppichböden
6555158,Möbel & Wohnen > Teppiche & Teppichböden > Teppiche,2411,suffix_1,Teppiche
6551379,Modellbau > Dampfmaschinen,11461,suffix_1,Dampfmaschinen
6551380,Modellbau > Modellbausätze,42791,suffix_1,Modellbausätze
6560375,Modellbau > Modelleisenbahn > Modelleisenbahnen & Züge > Gleismaterial,11491,suffix_1,Gleismaterial
6560377,Modellbau > Modelleisenbahn > Modelleisenbahnen & Züge > Lokomotiven,11471,suffix_1,Lokomotiven
6560382,Modellbau > Modelleisenbahn > Sachbücher & Ratgeber > Bücher,6261,suffix_1,Bücher
6560393,Modellbau > Modelleisenbahn > Steuerung > Trafos,62221,suffix_1,Trafos
6560395,Modellbau > RC-Modellbau > RC Modellbau Teile & Zubehör > Fernsteuerung & Elektronik,42851,suffix_1,Fernsteuerung & Elektronik
6563447,Modellbau > RC-Modellbau > RC Modellbau Teile & Zubehör > Fernsteuerung & Elektronik > Akkus,38881,suffix_1,Akkus
6563453,Modellbau > RC-Modellbau > RC Modellbau Teile & Zubehör > Fernsteuerung & Elektronik > Ladegeräte,39071,suffix_1,Ladegeräte
6555203,Modellbau > Rennbahnen & Slotcars > Autos,16421,suffix_1,Autos
6560453,Modellbau > Rennbahnen & Slotcars > Bahnen > Streckenteile,11581,suffix_1,Streckenteile
6551076,Musik,6221,suffix_1,Musik
6555219,Musik > Fanartikel & Merchandise > Jacken,21201,suffix_1,Jacken
6555221,Musik > Fanartikel & Merchandise > Poster,4761,suffix_1,Poster
6555222,Musik > Fanartikel & Merchandise > Schlüsselanhänger,27941,suffix_1,Schlüsselanhänger
6555225,Musik > Fanartikel & Merchandise > T-Shirts,21391,suffix_1,T-Shirts
6555233,Musikinstrumente > Allgemeines Zubehör > Gehörschutz,33791,suffix_1,Gehörschutz
6555235,Musikinstrumente > Allgemeines Zubehör > Notenständer,67361,suffix_1,Notenständer
6551395,Musikinstrumente > Blechblasinstrumente,54511,suffix_1,Blechblasinstrumente
6555242,Musikinstrumente > Blechblasinstrumente > Flügelhörner,54621,suffix_2,Blechblasinstrumente > Flügelhörner
6555243,Musikinstrumente > Blechblasinstrumente > Kornette,54641,suffix_2,Blechblasinstrumente > Kornette
6555246,Musikinstrumente > Blechblasinstrumente > Posaunen,54651,suffix_2,Blechblasinstrumente > Posaunen
6555251,Musikinstrumente > Blechblasinstrumente > Trompeten,54661,suffix_2,Blechblasinstrumente > Trompeten
6555252,Musikinstrumente > Blechblasinstrumente > Tuben,54671,suffix_2,Blechblasinstrumente > Tuben
6560458,Musikinstrumente > Blechblasinstrumente > Zubehör > Dämpfer,54531,suffix_1,Dämpfer
6560463,Musikinstrumente > Blechblasinstrumente > Zubehör > Tragegurte,16021,suffix_1,Tragegurte
6555255,Musikinstrumente > Drums & Percussion > Becken,54041,suffix_1,Becken
6560465,Musikinstrumente > Drums & Percussion > Drums > Bassdrums,53971,suffix_1,Bassdrums
6560468,Musikinstrumente > Drums & Percussion > Drums > Snaredrums,54011,suffix_1,Snaredrums
6560472,Musikinstrumente > Drums & Percussion > Ersatzteile > Felle,54061,suffix_1,Felle
6560478,Musikinstrumente > Drums & Percussion > Folklore & Welt > Bongos,60421,suffix_1,Bongos
6560497,Musikinstrumente > Drums & Percussion > Hand Percussion > Klangschalen,69371,suffix_1,Klangschalen
6555268,Musikinstrumente > Gitarren & Bässe > E-Gitarren,53671,suffix_1,E-Gitarren
6563492,Musikinstrumente > Gitarren & Bässe > Zubehör > Effektgeräte > Kompressoren,31131,suffix_1,Kompressoren
6563495,Musikinstrumente > Gitarren & Bässe > Zubehör > Effektgeräte > Netzteile,39811,suffix_1,Netzteile
6560514,Musikinstrumente > Gitarren & Bässe > Zubehör > Fußbänke,2641,suffix_1,Fußbänke
6560517,Musikinstrumente > Gitarren & Bässe > Zubehör > Kapodaster,53771,suffix_1,Kapodaster
6560524,Musikinstrumente > Gitarren & Bässe > Zubehör > Stimmgeräte,53801,suffix_1,Stimmgeräte
6563504,Musikinstrumente > Gitarren & Bässe > Zubehör > Teile > Knöpfe,56791,suffix_1,Knöpfe
6563505,Musikinstrumente > Gitarren & Bässe > Zubehör > Teile > Kondensatoren,43191,suffix_1,Kondensatoren
6551399,Musikinstrumente > Holzblasinstrumente,54561,suffix_1,Holzblasinstrumente
6560527,Musikinstrumente > Holzblasinstrumente > Band & Orchester > Blockflöten,54681,suffix_1,Blockflöten
6560528,Musikinstrumente > Holzblasinstrumente > Band & Orchester > Fagotte,54691,suffix_1,Fagotte
6560530,Musikinstrumente > Holzblasinstrumente > Band & Orchester > Klarinetten,54701,suffix_1,Klarinetten
6560531,Musikinstrumente > Holzblasinstrumente > Band & Orchester > Oboen,54711,suffix_1,Oboen
6560532,Musikinstrumente > Holzblasinstrumente > Band & Orchester > Piccoloflöten,54741,suffix_1,Piccoloflöten
6560534,Musikinstrumente > Holzblasinstrumente > Ersatzteile > Becher,22501,suffix_1,Becher
6560541,Musikinstrumente > Holzblasinstrumente > Folklore & Welt > Didgeridoos,54461,suffix_1,Didgeridoos
6560549,Musikinstrumente > Holzblasinstrumente > Folklore & Welt > Melodicas,54491,suffix_1,Melodicas
6560550,Musikinstrumente > Holzblasinstrumente > Folklore & Welt > Mundharmonikas,54501,suffix_1,Mundharmonikas
6560552,Musikinstrumente > Holzblasinstrumente > Folklore & Welt > Okarinas,54721,suffix_1,Okarinas
6560553,Musikinstrumente > Holzblasinstrumente > Folklore & Welt > Panflöten,54731,suffix_1,Panflöten
6560554,Musikinstrumente > Holzblasinstrumente > Folklore & Welt > Pfeifen,23361,suffix_1,Pfeifen
6560556,Musikinstrumente > Holzblasinstrumente > Zubehör > Dämpfer,54531,suffix_1,Dämpfer
6560561,Musikinstrumente > Holzblasinstrumente > Zubehör > Tragegurte,16021,suffix_1,Tragegurte
6555298,Musikinstrumente > Pro-Audio Equipment > Mikrofone,62481,suffix_1,Mikrofone
6555299,Musikinstrumente > Pro-Audio Equipment > Mixer,10361,suffix_1,Mixer
6551403,Musikinstrumente > Sonstige Musikinstrumente,59881,suffix_2,Musikinstrumente > Sonstige Musikinstrumente
6551404,Musikinstrumente > Streich- & Zupfinstrumente,53621,suffix_1,Streich- & Zupfinstrumente
6560570,Musikinstrumente > Streich- & Zupfinstrumente > Folklore & Welt > Banjos,54291,suffix_1,Banjos
6560575,Musikinstrumente > Streich- & Zupfinstrumente > Folklore & Welt > Harfen,54321,suffix_1,Harfen
6560576,Musikinstrumente > Streich- & Zupfinstrumente > Folklore & Welt > Mandolinen,54341,suffix_1,Mandolinen
6560585,Musikinstrumente > Streich- & Zupfinstrumente > Folklore & Welt > Ukulelen,54361,suffix_1,Ukulelen
6560586,Musikinstrumente > Streich- & Zupfinstrumente > Orchester > Celli,54301,suffix_1,Celli
6560587,Musikinstrumente > Streich- & Zupfinstrumente > Orchester > Kontrabässe,54181,suffix_1,Kontrabässe
6560589,Musikinstrumente > Streich- & Zupfinstrumente > Orchester > Violinen,54381,suffix_1,Violinen
6560590,Musikinstrumente > Streich- & Zupfinstrumente > Zubehör > Dämpfer,54531,suffix_1,Dämpfer
6551405,Musikinstrumente > Tasteninstrumente,53561,suffix_1,Tasteninstrumente
6560609,Musikinstrumente > Tasteninstrumente > Folklore & Welt > Akkordeons,53851,suffix_1,Akkordeons
6560614,Musikinstrumente > Tasteninstrumente > Klaviere & Flügel > Flügel,53871,suffix_1,Flügel
6560615,Musikinstrumente > Tasteninstrumente > Klaviere & Flügel > Klaviere,53891,suffix_1,Klaviere
6555327,Musikinstrumente > Tasteninstrumente > Orgeln,53901,suffix_2,Tasteninstrumente > Orgeln
6560619,Musikinstrumente > Vintage Musikinstrumente > Vintage Blasinstrumente > Blockflöten,54681,suffix_1,Blockflöten
6560620,Musikinstrumente > Vintage Musikinstrumente > Vintage Blasinstrumente > Fagotte,54691,suffix_1,Fagotte
6563514,Musikinstrumente > Vintage Musikinstrumente > Vintage Blasinstrumente > Folklore & Welt > Melodicas,54491,suffix_1,Melodicas
6563515,Musikinstrumente > Vintage Musikinstrumente > Vintage Blasinstrumente > Folklore & Welt > Mundharmonikas,54501,suffix_1,Mundharmonikas
6560624,Musikinstrumente > Vintage Musikinstrumente > Vintage Blasinstrumente > Klarinetten,54701,suffix_1,Klarinetten
6560625,Musikinstrumente > Vintage Musikinstrumente > Vintage Blasinstrumente > Kornette,54641,suffix_1,Kornette
6560628,Musikinstrumente > Vintage Musikinstrumente > Vintage Blasinstrumente > Oboen,54711,suffix_1,Oboen
6560629,Musikinstrumente > Vintage Musikinstrumente > Vintage Blasinstrumente > Piccoloflöten,54741,suffix_1,Piccoloflöten
6560630,Musikinstrumente > Vintage Musikinstrumente > Vintage Blasinstrumente > Posaunen,54651,suffix_1,Posaunen
6560631,Musikinstrumente > Vintage Musikinstrumente > Vintage Blasinstrumente > Saxophone,54761,suffix_1,Saxophone
6560635,Musikinstrumente > Vintage Musikinstrumente > Vintage Blasinstrumente > Trompeten,54661,suffix_1,Trompeten
6560637,Musikinstrumente > Vintage Musikinstrumente > Vintage Drums > Becken,54041,suffix_1,Becken
6563524,Musikinstrumente > Vintage Musikinstrumente > Vintage Drums > Hand Percussion > Klangschalen,69371,suffix_1,Klangschalen
6560647,Musikinstrumente > Vintage Musikinstrumente > Vintage Gitarren & Bässe > E-Gitarren,53671,suffix_1,E-Gitarren
6563533,Musikinstrumente > Vintage Musikinstrumente > Vintage Streich- & Zupfinstr. > Folklore & Welt > Banjos,54291,suffix_1,Banjos
6563534,Musikinstrumente > Vintage Musikinstrumente > Vintage Streich- & Zupfinstr. > Folklore & Welt > Harfen,54321,suffix_1,Harfen
6563536,Musikinstrumente > Vintage Musikinstrumente > Vintage Streich- & Zupfinstr. > Folklore & Welt > Mandolinen,54341,suffix_1,Mandolinen
6563537,Musikinstrumente > Vintage Musikinstrumente > Vintage Streich- & Zupfinstr. > Folklore & Welt > Ukulelen,54361,suffix_1,Ukulelen
6563538,Musikinstrumente > Vintage Musikinstrumente > Vintage Streich- & Zupfinstr. > Orchester > Celli,54301,suffix_1,Celli
6563539,Musikinstrumente > Vintage Musikinstrumente > Vintage Streich- & Zupfinstr. > Orchester > Kontrabässe,54181,suffix_1,Kontrabässe
6563541,Musikinstrumente > Vintage Musikinstrumente > Vintage Streich- & Zupfinstr. > Orchester > Violinen,54381,suffix_1,Violinen
6563542,Musikinstrumente > Vintage Musikinstrumente > Vintage Tasteninstrumente > Folklore & Welt > Akkordeons,53851,suffix_1,Akkordeons
6563545,Musikinstrumente > Vintage Musikinstrumente > Vintage Tasteninstrumente > Klaviere & Flügel > Flügel,53871,suffix_1,Flügel
6563546,Musikinstrumente > Vintage Musikinstrumente > Vintage Tasteninstrumente > Klaviere & Flügel > Klaviere,53891,suffix_1,Klaviere
6560662,Musikinstrumente > Vintage Musikinstrumente > Vintage Tasteninstrumente > Orgeln,53901,suffix_1,Orgeln
6551414,PC- & Videospiele > Sonstige Musikinstrumente,59881,suffix_1,Sonstige Musikinstrumente
6555349,PC- & Videospiele > Zubehör > Akkus,38881,suffix_1,Akkus
6555351,PC- & Videospiele > Zubehör > Controller,53091,suffix_1,Controller
6555353,PC- & Videospiele > Zubehör > Eingabestifte,53241,suffix_1,Eingabestifte
6555355,PC- & Videospiele > Zubehör > Festplatten,39651,suffix_1,Festplatten
6555358,PC- & Videospiele > Zubehör > Headsets,35611,suffix_1,Headsets
6555364,PC- & Videospiele > Zubehör > Speicherkarten,39721,suffix_1,Speicherkarten
6555366,PC- & Videospiele > Zubehör > Tastaturen,39301,suffix_1,Tastaturen
6551080,Reisen,53001,suffix_1,Reisen
6555381,Reisen > Reise- & Erlebnisgutscheine > Erlebnisgutscheine,69310,suffix_1,Erlebnisgutscheine
6555383,Reisen > Reise- & Erlebnisgutscheine > Hotelgutscheine,68122,suffix_1,Hotelgutscheine
6555384,Reisen > Reise- & Erlebnisgutscheine > Reisegutscheine,67562,suffix_1,Reisegutscheine
6555390,Reisen > Reiseaccessoires > Kleidersäcke,58101,suffix_1,Kleidersäcke
6555395,Reisen > Reiseaccessoires > Kulturbeutel,21131,suffix_1,Kulturbeutel
6555396,Reisen > Reiseaccessoires > Moskitonetze,16281,suffix_1,Moskitonetze
6555397,Reisen > Reiseaccessoires > Nackenkissen,58171,suffix_1,Nackenkissen
6555398,Reisen > Reiseaccessoires > Namensschilder,23231,suffix_1,Namensschilder
6555399,Reisen > Reiseaccessoires > Regenschirme,28131,suffix_1,Regenschirme
6555402,Reisen > Reiseaccessoires > Reisebügeleisen,41861,suffix_1,Reisebügeleisen
6555412,Reisen > Reisekoffer & -taschen > Reisetaschen,21101,suffix_1,Reisetaschen
6555413,Reisen > Reisekoffer & -taschen > Rucksäcke,25921,suffix_1,Rucksäcke
6560673,Spielzeug > Basteln & Kreativität > Creativsets > Karten,23201,suffix_1,Karten
6560675,Spielzeug > Basteln & Kreativität > Creativsets > Perlen,41311,suffix_1,Perlen
6563553,Spielzeug > Basteln & Kreativität > Creativsets > Perlen > Bügelperlen,9421,suffix_1,Bügelperlen
6555447,Spielzeug > Basteln & Kreativität > Laubsägen,32751,suffix_1,Laubsägen
6560678,Spielzeug > Basteln & Kreativität > Malen & Zeichnen > Buntstifte,38541,suffix_1,Buntstifte
6560679,Spielzeug > Basteln & Kreativität > Malen & Zeichnen > Fingerfarben,41221,suffix_1,Fingerfarben
6560680,Spielzeug > Basteln & Kreativität > Malen & Zeichnen > Kratzbilder,58111,suffix_1,Kratzbilder
6560683,Spielzeug > Basteln & Kreativität > Malen & Zeichnen > Malbücher,9461,suffix_1,Malbücher
6560684,Spielzeug > Basteln & Kreativität > Malen & Zeichnen > Malen nach Zahlen,9471,suffix_1,Malen nach Zahlen
6560690,Spielzeug > Basteln & Kreativität > Werkzeuge > Handwerkzeuge,31041,suffix_2,Werkzeuge > Handwerkzeuge
6560692,Spielzeug > Basteln & Kreativität > Werkzeuge > Werkbänke,31011,suffix_1,Werkbänke
6555458,Spielzeug > Blechspielzeug > Boote,14301,suffix_1,Boote
6555461,Spielzeug > Blechspielzeug > Dampfmaschinen,11461,suffix_1,Dampfmaschinen
6555468,Spielzeug > Blechspielzeug > Motorräder,16491,suffix_1,Motorräder
6560709,Spielzeug > Holzspielzeug > Bauernhof > Fahrzeuge,16351,suffix_1,Fahrzeuge
6555490,Spielzeug > Holzspielzeug > Bauklötze,9071,suffix_1,Bauklötze
6555491,Spielzeug > Holzspielzeug > Fahrzeuge,16351,suffix_1,Fahrzeuge
6560713,Spielzeug > Holzspielzeug > Fahrzeuge > Bollerwagen,25881,suffix_1,Bollerwagen
6555493,Spielzeug > Holzspielzeug > Haushaltsgeräte,9941,suffix_1,Haushaltsgeräte
6560721,Spielzeug > Holzspielzeug > Holzeisenbahn > Lokomotiven,11471,suffix_1,Lokomotiven
6560725,Spielzeug > Holzspielzeug > Holzeisenbahn > Waggons,11481,suffix_1,Waggons
6560727,Spielzeug > Holzspielzeug > Kugelbahnen & Zubehör > Kugelbahnen,9091,suffix_1,Kugelbahnen
6555498,Spielzeug > Holzspielzeug > Motorikspielzeug,9101,suffix_1,Motorikspielzeug
6560736,Spielzeug > Holzspielzeug > Motorikspielzeug > Steckspiele,62281,suffix_1,Steckspiele
6555512,Spielzeug > Kinderbadespaß > Luftmatratzen,15171,suffix_1,Luftmatratzen
6555513,Spielzeug > Kinderbadespaß > Planschbecken,26021,suffix_1,Planschbecken
6555514,Spielzeug > Kinderbadespaß > Schnorchel,43111,suffix_1,Schnorchel
6555515,Spielzeug > Kinderbadespaß > Schwimmflügel,15861,suffix_1,Schwimmflügel
6555520,Spielzeug > Kinderbadespaß > Taucherbrillen,43121,suffix_1,Taucherbrillen
6555521,Spielzeug > Kinderbadespaß > Wasserbahnen,61291,suffix_1,Wasserbahnen
6555525,Spielzeug > Kinderfahrzeuge > Dreiräder,11781,suffix_2,Kinderfahrzeuge > Dreiräder
6555527,Spielzeug > Kinderfahrzeuge > Laufräder,11801,suffix_2,Kinderfahrzeuge > Laufräder
6555534,Spielzeug > Kinderfahrzeuge > Tretfahrzeuge,11811,suffix_2,Kinderfahrzeuge > Tretfahrzeuge
6555537,Spielzeug > Kleinkindspielzeug > Bauklötze,9071,suffix_1,Bauklötze
6560739,Spielzeug > Kleinkindspielzeug > Eisenbahn > Lokomotiven,11471,suffix_1,Lokomotiven
6560743,Spielzeug > Kleinkindspielzeug > Eisenbahn > Waggons,11481,suffix_1,Waggons
6555539,Spielzeug > Kleinkindspielzeug > Fahrzeuge,16351,suffix_1,Fahrzeuge
6560745,Spielzeug > Kleinkindspielzeug > Fahrzeuge > Anhänger,19701,suffix_1,Anhänger
6555542,Spielzeug > Kleinkindspielzeug > Haushaltsgeräte,9941,suffix_1,Haushaltsgeräte
6560756,Spielzeug > Kleinkindspielzeug > Kaufläden & Zubehör > Kaufläden,45251,suffix_1,Kaufläden
6560763,Spielzeug > Kleinkindspielzeug > Küchen & Zubehör > Töpfe,11831,suffix_1,Töpfe
6555547,Spielzeug > Kleinkindspielzeug > Kugelbahnen,9091,suffix_1,Kugelbahnen
6555548,Spielzeug > Kleinkindspielzeug > Lauflernwagen,58261,suffix_1,Lauflernwagen
6555550,Spielzeug > Kleinkindspielzeug > Motorikspielzeug,9101,suffix_1,Motorikspielzeug
6560769,Spielzeug > Kleinkindspielzeug > Motorikspielzeug > Steckspiele,62281,suffix_1,Steckspiele
6560781,Spielzeug > Lernspielzeug > Natur & Wissenschaft > Mikroskope,30371,suffix_1,Mikroskope
6560785,Spielzeug > Lernspielzeug > Natur & Wissenschaft > Teleskope,41761,suffix_1,Teleskope
6555564,Spielzeug > Musik & Instrumente > Blasinstrumente,53641,suffix_1,Blasinstrumente
6551444,Spielzeug > Playmobil,10221,suffix_1,Playmobil
6563563,Spielzeug > Playmobil > Abenteuer > Piraten > Boote,14301,suffix_1,Boote
6560801,Spielzeug > Playmobil > Citylife > RC-Fahrzeuge,42841,suffix_1,RC-Fahrzeuge
6560810,Spielzeug > Playmobil > Eisenbahn > Waggons,11481,suffix_1,Waggons
6551445,Spielzeug > Puppen & Zubehör,8531,suffix_1,Puppen & Zubehör
6560811,Spielzeug > Puppen & Zubehör > Bücher & Anleitungen > Bücher,6261,suffix_1,Bücher
6560814,Spielzeug > Puppen & Zubehör > Puppenkleidung & Zubehör > Fahrzeuge,16351,suffix_1,Fahrzeuge
6560818,Spielzeug > Puppen & Zubehör > Puppenkleidung & Zubehör > Puppenwagen,12021,suffix_1,Puppenwagen
6555608,Spielzeug > Puzzles & Geduldspiele > Puzzles,42881,suffix_1,Puzzles
6551450,Spielzeug > Spiele,6241,suffix_1,Spiele
6555616,Spielzeug > Spiele > Kartenspiele,41991,suffix_1,Kartenspiele
6555630,Spielzeug > Spielzeug für draußen > Bollerwagen,25881,suffix_1,Bollerwagen
6555633,Spielzeug > Spielzeug für draußen > Hüpfburgen,58041,suffix_1,Hüpfburgen
6555637,Spielzeug > Spielzeug für draußen > Rasenmäher,43381,suffix_1,Rasenmäher
6555638,Spielzeug > Spielzeug für draußen > Rutschen,25871,suffix_1,Rutschen
6560837,Spielzeug > Spielzeug für draußen > Sandkasten & Spielzeug > Sandkästen,25911,suffix_1,Sandkästen
6555640,Spielzeug > Spielzeug für draußen > Schubkarren,27211,suffix_1,Schubkarren
6555642,Spielzeug > Spielzeug für draußen > Seifenblasen,9671,suffix_1,Seifenblasen
6560841,Spielzeug > Spielzeug für draußen > Spiel- & Gartenhäuser > Gartenhäuser,26081,suffix_1,Gartenhäuser
6555646,Spielzeug > Spielzeug für draußen > Spiele,6241,suffix_1,Spiele
6560847,Spielzeug > Spielzeug für draußen > Spieltürme & Schaukeln > Rutschen,25871,suffix_1,Rutschen
6560849,Spielzeug > Spielzeug für draußen > Spieltürme & Schaukeln > Schaukeln,25951,suffix_1,Schaukeln
6555649,Spielzeug > Spielzeug für draußen > Stelzen,9691,suffix_1,Stelzen
6555650,Spielzeug > Spielzeug für draußen > Trampoline,14781,suffix_1,Trampoline
6555653,Spielzeug > Spielzeugautos > Autos,16421,suffix_1,Autos
6555673,Sport > Angelsport > Angelrollen,12561,suffix_1,Angelrollen
6560872,Sport > Angelsport > Bekleidung > Anzüge,23151,suffix_1,Anzüge
6560873,Sport > Angelsport > Bekleidung > Handschuhe,27131,suffix_1,Handschuhe
6560879,Sport > Angelsport > Bekleidung > Shorts,21971,suffix_1,Shorts
6560880,Sport > Angelsport > Bekleidung > Sonnenbrillen,27981,suffix_1,Sonnenbrillen
6560889,Sport > Angelsport > Kleines Angelzubehör > Posen,13651,suffix_1,Posen
6560892,Sport > Angelsport > Kleines Angelzubehör > Wirbel,12651,suffix_1,Wirbel
6560905,Sport > Angelsport > Zubehör > Bissanzeiger,12611,suffix_1,Bissanzeiger
6560925,Sport > Angelsport > Zubehör > Unterwasserkameras,36771,suffix_1,Unterwasserkameras
6560926,Sport > Angelsport > Zubehör > Waagen,10971,suffix_1,Waagen
6560929,Sport > Bootsport > Bekleidung > Handschuhe,27131,suffix_1,Handschuhe
6560931,Sport > Bootsport > Bekleidung > Jacken,21201,suffix_1,Jacken
6560945,Sport > Bootsport > Ruder- & Paddelboote > Kajaks,43081,suffix_1,Kajaks
6560947,Sport > Bootsport > Ruder- & Paddelboote > Schlauchboote,43071,suffix_1,Schlauchboote
6563607,Sport > Camping & Outdoor > Bekleidung > Damen > Handschuhe,27131,suffix_1,Handschuhe
6563608,Sport > Camping & Outdoor > Bekleidung > Damen > Hemden,21311,suffix_1,Hemden
6563611,Sport > Camping & Outdoor > Bekleidung > Damen > Socken,24061,suffix_1,Socken
6563613,Sport > Camping & Outdoor > Bekleidung > Herren > Handschuhe,27131,suffix_1,Handschuhe
6563614,Sport > Camping & Outdoor > Bekleidung > Herren > Hemden,21311,suffix_1,Hemden
6563617,Sport > Camping & Outdoor > Bekleidung > Herren > Socken,24061,suffix_1,Socken
6563619,Sport > Camping & Outdoor > Bekleidung > Kinder > Handschuhe,27131,suffix_1,Handschuhe
6563620,Sport > Camping & Outdoor > Bekleidung > Kinder > Hemden,21311,suffix_1,Hemden
6563623,Sport > Camping & Outdoor > Bekleidung > Kinder > Socken,24061,suffix_1,Socken
6560958,Sport > Camping & Outdoor > Bekleidung > Mützen,27061,suffix_1,Mützen
6560960,Sport > Camping & Outdoor > Bekleidung > Wanderschuhe,69024,suffix_1,Wanderschuhe
6560965,Sport > Camping & Outdoor > Camping-Hygiene > Handtücher,6731,suffix_1,Handtücher
6563628,"Sport > Camping & Outdoor > Camping-Küchenbedarf > Gaskocher, Backöfen & BBQs > Backöfen",52121,suffix_1,Backöfen
6560974,Sport > Camping & Outdoor > Lampen & Laternen > Laternen,68948,suffix_1,Laternen
6560977,Sport > Camping & Outdoor > Lampen & Laternen > Stirnlampen,15951,suffix_1,Stirnlampen
6560978,Sport > Camping & Outdoor > Lampen & Laternen > Taschenlampen,56921,suffix_1,Taschenlampen
6560980,Sport > Camping & Outdoor > Outdoor Notfallausrüstung > Feuerzeuge,23321,suffix_1,Feuerzeuge
6560981,Sport > Camping & Outdoor > Outdoor Notfallausrüstung > Handwärmer,69416,suffix_1,Handwärmer
6560985,Sport > Camping & Outdoor > Outdoor Notfallausrüstung > Rettungsdecken,59201,suffix_1,Rettungsdecken
6560990,Sport > Camping & Outdoor > Outdoor Schlafausrüstung > Hängematten,25621,suffix_1,Hängematten
6560992,Sport > Camping & Outdoor > Outdoor Schlafausrüstung > Luftpumpen,15181,suffix_1,Luftpumpen
6560993,Sport > Camping & Outdoor > Outdoor Schlafausrüstung > Schlafsäcke,13271,suffix_1,Schlafsäcke
6555706,Sport > Camping & Outdoor > Rucksäcke,25921,suffix_1,Rucksäcke
6560998,Sport > Camping & Outdoor > Rucksäcke > Trekkingrucksäcke,26061,suffix_1,Trekkingrucksäcke
6561003,Sport > Camping & Outdoor > Trinkflaschen & Trinksysteme > Wasserbehälter,34601,suffix_1,Wasserbehälter
6561004,Sport > Camping & Outdoor > Trinkflaschen & Trinksysteme > Wasserfilter,62021,suffix_1,Wasserfilter
6561010,Sport > Camping & Outdoor > Werkzeuge > Multitools,32671,suffix_1,Multitools
6561011,Sport > Camping & Outdoor > Werkzeuge > Sägen,31101,suffix_1,Sägen
6561013,Sport > Camping & Outdoor > Werkzeuge > Sonstige Werkzeuge,47691,suffix_2,Werkzeuge > Sonstige Werkzeuge
6561014,Sport > Camping & Outdoor > Werkzeuge > Taschenmesser,56911,suffix_1,Taschenmesser
6561016,Sport > Camping & Outdoor > Zelte & Strandmuscheln > Strandmuscheln,15291,suffix_1,Strandmuscheln
6561020,Sport > Fitness & Jogging > Ausdauertraining > Crosstrainer,14701,suffix_1,Crosstrainer
6561021,Sport > Fitness & Jogging > Ausdauertraining > Fitnessbikes,12791,suffix_1,Fitnessbikes
6561022,Sport > Fitness & Jogging > Ausdauertraining > Laufbänder,14741,suffix_1,Laufbänder
6561023,Sport > Fitness & Jogging > Ausdauertraining > Rudergeräte,14751,suffix_1,Rudergeräte
6561026,Sport > Fitness & Jogging > Ausdauertraining > Stepper,14771,suffix_1,Stepper
6561028,Sport > Fitness & Jogging > Ausdauertraining > Vibrationsplatten,68925,suffix_1,Vibrationsplatten
6563636,Sport > Fitness & Jogging > Bekleidung > Damen > Socken,24061,suffix_1,Socken
6563637,Sport > Fitness & Jogging > Bekleidung > Damen > Sport-BHs,23621,suffix_1,Sport-BHs
6563640,Sport > Fitness & Jogging > Bekleidung > Damen > Trainingsanzüge,52671,suffix_1,Trainingsanzüge
6563645,Sport > Fitness & Jogging > Bekleidung > Herren > Socken,24061,suffix_1,Socken
6563648,Sport > Fitness & Jogging > Bekleidung > Herren > Trainingsanzüge,52671,suffix_1,Trainingsanzüge
6563653,Sport > Fitness & Jogging > Bekleidung > Kinder & Jugend > Socken,24061,suffix_1,Socken
6563654,Sport > Fitness & Jogging > Bekleidung > Kinder & Jugend > Sport-BHs,23621,suffix_1,Sport-BHs
6563657,Sport > Fitness & Jogging > Bekleidung > Kinder & Jugend > Trainingsanzüge,52671,suffix_1,Trainingsanzüge
6561033,Sport > Fitness & Jogging > Bekleidung > Laufhandschuhe,27281,suffix_1,Laufhandschuhe
6561038,Sport > Fitness & Jogging > Bekleidung > Sonnenbrillen,27981,suffix_1,Sonnenbrillen
6561050,Sport > Fitness & Jogging > Kleingeräte & Zubehör > Gymnastikbälle,16121,suffix_1,Gymnastikbälle
6561053,Sport > Fitness & Jogging > Kleingeräte & Zubehör > Medizinbälle,16111,suffix_1,Medizinbälle
6561057,Sport > Fitness & Jogging > Kleingeräte & Zubehör > Sporthandtücher,66501,suffix_1,Sporthandtücher
6561058,Sport > Fitness & Jogging > Kleingeräte & Zubehör > Springseile,14761,suffix_1,Springseile
6561062,Sport > Fitness & Jogging > Kleingeräte & Zubehör > Trinkflaschen,20571,suffix_1,Trinkflaschen
6561066,Sport > Fitness & Jogging > Krafttraining & Gewichte > Gewichthebergürtel,68372,suffix_1,Gewichthebergürtel
6561070,Sport > Fitness & Jogging > Krafttraining & Gewichte > Hantelbänke,16161,suffix_1,Hantelbänke
6561071,Sport > Fitness & Jogging > Krafttraining & Gewichte > Hantelscheiben,16181,suffix_1,Hantelscheiben
6561073,Sport > Fitness & Jogging > Krafttraining & Gewichte > Kraftstationen,14731,suffix_1,Kraftstationen
6561075,Sport > Fitness & Jogging > Krafttraining & Gewichte > Kugelhanteln,61211,suffix_1,Kugelhanteln
6561076,Sport > Fitness & Jogging > Krafttraining & Gewichte > Kurzhanteln,61201,suffix_1,Kurzhanteln
6561086,Sport > Fitness & Jogging > Sportelektronik > Schrittzähler,57151,suffix_1,Schrittzähler
6561088,Sport > Fitness & Jogging > Sportelektronik > Stoppuhren,58661,suffix_1,Stoppuhren
6561096,Sport > Fitness & Jogging > Yoga & Pilates > Yogataschen,59951,suffix_1,Yogataschen
6555725,Sport > Funsport > Dirt Bikes,13791,suffix_1,Dirt Bikes
6563667,Sport > Funsport > Gotcha > Bekleidung & Schutzausrüstung > Handschuhe,27131,suffix_1,Handschuhe
6563672,Sport > Funsport > Gotcha > Bekleidung & Schutzausrüstung > Westen,21221,suffix_1,Westen
6563673,Sport > Funsport > Gotcha > Markierer-Teile & - Zubehör > Bolzen,29681,suffix_1,Bolzen
6555728,Sport > Funsport > Pocket Bikes,13781,suffix_1,Pocket Bikes
6563686,Sport > Funsport > Skateboarding > Bekleidung > T-Shirts,21391,suffix_1,T-Shirts
6555735,Sport > Fußball > Armbänder,46031,suffix_1,Armbänder
6561119,Sport > Fußball > Bekleidung > Jacken,21201,suffix_1,Jacken
6561124,Sport > Fußball > Bekleidung > Trainingsanzüge,52671,suffix_1,Trainingsanzüge
6555740,Sport > Fußball > Luftpumpen,15181,suffix_1,Luftpumpen
6561130,Sport > Fußball > Torwartbekleidung > Handschuhe,27131,suffix_1,Handschuhe
6563717,Sport > Golf > Golfbekleidung > Damen-Golfbekleidung > Golfhandschuhe,60721,suffix_1,Golfhandschuhe
6563719,Sport > Golf > Golfbekleidung > Damen-Golfbekleidung > Gürtel,42531,suffix_1,Gürtel
6563721,Sport > Golf > Golfbekleidung > Damen-Golfbekleidung > Kleider,21271,suffix_1,Kleider
6563726,Sport > Golf > Golfbekleidung > Damen-Golfbekleidung > Shorts,21971,suffix_1,Shorts
6563727,Sport > Golf > Golfbekleidung > Damen-Golfbekleidung > Socken,24061,suffix_1,Socken
6563729,Sport > Golf > Golfbekleidung > Herren-Golfbekleidung > Golfhandschuhe,60721,suffix_1,Golfhandschuhe
6563731,Sport > Golf > Golfbekleidung > Herren-Golfbekleidung > Gürtel,42531,suffix_1,Gürtel
6563736,Sport > Golf > Golfbekleidung > Herren-Golfbekleidung > Shorts,21971,suffix_1,Shorts
6563737,Sport > Golf > Golfbekleidung > Herren-Golfbekleidung > Socken,24061,suffix_1,Socken
6561145,Sport > Golf > Golfbekleidung > Sonnenbrillen,27981,suffix_1,Sonnenbrillen
6561164,Sport > Golf > Golfzubehör > Handtücher,6731,suffix_1,Handtücher
6561172,Sport > Golf > Schläger & Ausrüstung > Golfbälle,42961,suffix_1,Golfbälle
6561173,Sport > Golf > Schläger & Ausrüstung > Golftaschen,26181,suffix_1,Golftaschen
6561179,Sport > Golf > Schläger & Ausrüstung > Tees,2481,suffix_1,Tees
6561180,Sport > Golf > Vintage & Sammlerstücke > Golfbälle,42961,suffix_1,Golfbälle
6561196,Sport > Hockey > Schutzausrüstung > Handschuhe,27131,suffix_1,Handschuhe
6561197,Sport > Hockey > Schutzausrüstung > Helme,47271,suffix_1,Helme
6561198,Sport > Hockey > Schutzausrüstung > Mundschutz,13101,suffix_1,Mundschutz
6555766,Sport > Hockey > Trikots,52631,suffix_1,Trikots
6561209,Sport > Inlineskating > Schutzausrüstung > Helme,47271,suffix_1,Helme
6561215,Sport > Inlineskating > Teile & Zubehör > Kugellager,68932,suffix_1,Kugellager
6555772,Sport > Radsport > E-Bikes,12771,suffix_1,E-Bikes
6561224,Sport > Radsport > Fahrradbekleidung > Jacken,21201,suffix_1,Jacken
6561226,Sport > Radsport > Fahrradbekleidung > Shorts,21971,suffix_1,Shorts
6561227,Sport > Radsport > Fahrradbekleidung > Socken,24061,suffix_1,Socken
6561228,Sport > Radsport > Fahrradbekleidung > Strumpfhosen,24091,suffix_1,Strumpfhosen
6561231,Sport > Radsport > Fahrradbekleidung > Westen,21221,suffix_1,Westen
6555776,Sport > Radsport > Fahrradrahmen,15451,suffix_1,Fahrradrahmen
6561249,Sport > Radsport > Fahrradteile & -komponenten > Bremsbeläge,17721,suffix_1,Bremsbeläge
6561250,Sport > Radsport > Fahrradteile & -komponenten > Bremsen,16871,suffix_1,Bremsen
6561251,Sport > Radsport > Fahrradteile & -komponenten > Bremshebel,59251,suffix_1,Bremshebel
6561252,Sport > Radsport > Fahrradteile & -komponenten > Bremsscheiben,17801,suffix_1,Bremsscheiben
6561253,Sport > Radsport > Fahrradteile & -komponenten > Dämpfer,54531,suffix_1,Dämpfer
6561255,Sport > Radsport > Fahrradteile & -komponenten > Felgen,16531,suffix_1,Felgen
6561256,Sport > Radsport > Fahrradteile & -komponenten > Gabeln,36301,suffix_1,Gabeln
6561262,Sport > Radsport > Fahrradteile & -komponenten > Kettenschutz,15471,suffix_1,Kettenschutz
6561263,Sport > Radsport > Fahrradteile & -komponenten > Kugellager,68932,suffix_1,Kugellager
6561265,Sport > Radsport > Fahrradteile & -komponenten > Lenker,18831,suffix_1,Lenker
6561269,Sport > Radsport > Fahrradteile & -komponenten > Sättel,45711,suffix_1,Sättel
6561271,Sport > Radsport > Fahrradteile & -komponenten > Sattelstützen,15641,suffix_1,Sattelstützen
6561274,Sport > Radsport > Fahrradteile & -komponenten > Schnellspanner,58811,suffix_1,Schnellspanner
6561280,Sport > Radsport > Fahrradteile & -komponenten > Umwerfer,69460,suffix_1,Umwerfer
6561283,Sport > Radsport > Fahrradzubehör > Fahrradanhänger,13941,suffix_2,Fahrradzubehör > Fahrradanhänger
6561284,Sport > Radsport > Fahrradzubehör > Fahrradspiegel,15741,suffix_1,Fahrradspiegel
6561285,Sport > Radsport > Fahrradzubehör > Fahrradtaschen,15721,suffix_1,Fahrradtaschen
6561286,Sport > Radsport > Fahrradzubehör > Gepäckträger,15441,suffix_1,Gepäckträger
6561287,Sport > Radsport > Fahrradzubehör > Kindersitze,8941,suffix_1,Kindersitze
6561289,Sport > Radsport > Fahrradzubehör > Körbe,5071,suffix_1,Körbe
6561294,Sport > Radsport > Fahrradzubehör > Schutzbleche,14001,suffix_2,Fahrradzubehör > Schutzbleche
6561298,Sport > Radsport > Fahrradzubehör > Stützräder,15761,suffix_1,Stützräder
6561301,Sport > Radsport > Fahrradzubehör > Trinkflaschen,20571,suffix_1,Trinkflaschen
6561303,Sport > Radsport > Helme & Protektoren > Helme,47271,suffix_1,Helme
6561307,"Sport > Radsport > Reifen, Schläuche & Laufräder > Laufräder",11801,suffix_1,Laufräder
6561309,"Sport > Radsport > Reifen, Schläuche & Laufräder > Schläuche",68900,suffix_1,Schläuche
6561322,Sport > Reit- & Fahrsport > Pferdeausstattung & Zubehör > Bandagen,13131,suffix_1,Bandagen
6561329,Sport > Reit- & Fahrsport > Pferdeausstattung & Zubehör > Pferdedecken,57181,suffix_1,Pferdedecken
6561336,Sport > Reit- & Fahrsport > Pferdefutter & Zusatzfutter > Pferdefutter,51301,suffix_1,Pferdefutter
6561341,Sport > Reit- & Fahrsport > Pferdepflege & Putzzeug > Hufkratzer,51381,suffix_1,Hufkratzer
6561347,Sport > Reit- & Fahrsport > Pferdepflege & Putzzeug > Putzsets,63181,suffix_1,Putzsets
6561352,Sport > Reit- & Fahrsport > Pferdepflege & Putzzeug > Striegel,51371,suffix_1,Striegel
6563740,Sport > Reit- & Fahrsport > Reitbekleidung > Damen-Reitbekleidung > Reithosen,69108,suffix_1,Reithosen
6563747,Sport > Reit- & Fahrsport > Reitbekleidung > Herren-Reitbekleidung > Reithosen,69108,suffix_1,Reithosen
6563754,Sport > Reit- & Fahrsport > Reitbekleidung > Kinder-Reitbekleidung > Reithosen,69108,suffix_1,Reithosen
6561356,Sport > Reit- & Fahrsport > Reitbekleidung > Reithandschuhe,57471,suffix_1,Reithandschuhe
6561363,Sport > Reit- & Fahrsport > Reithelme & Schutzkleidung > Reithelme,14951,suffix_1,Reithelme
6561365,Sport > Reit- & Fahrsport > Reithelme & Schutzkleidung > Sicherheitswesten,50091,suffix_1,Sicherheitswesten
6561367,Sport > Reit- & Fahrsport > Reitstiefel & Zubehör > Reitstiefel,69022,suffix_1,Reitstiefel
6561375,"Sport > Reit- & Fahrsport > Sättel, Trensen & Zubehör > Gebisse",69356,suffix_1,Gebisse
6561377,"Sport > Reit- & Fahrsport > Sättel, Trensen & Zubehör > Sättel",45711,suffix_1,Sättel
6561378,"Sport > Reit- & Fahrsport > Sättel, Trensen & Zubehör > Sattelgurte",51261,suffix_1,Sattelgurte
6561380,"Sport > Reit- & Fahrsport > Sättel, Trensen & Zubehör > Satteltaschen",19961,suffix_1,Satteltaschen
6561381,"Sport > Reit- & Fahrsport > Sättel, Trensen & Zubehör > Sattelunterlagen",69360,suffix_1,Sattelunterlagen
6561384,"Sport > Reit- & Fahrsport > Sättel, Trensen & Zubehör > Steigbügel",51251,suffix_1,Steigbügel
6561385,"Sport > Reit- & Fahrsport > Sättel, Trensen & Zubehör > Steigbügelriemen",69351,suffix_1,Steigbügelriemen
6561388,"Sport > Reit- & Fahrsport > Sättel, Trensen & Zubehör > Zügel",51231,suffix_1,Zügel
6561396,Sport > Reit- & Fahrsport > Stall- & Weidebedarf > Weidezaungeräte,68918,suffix_1,Weidezaungeräte
6561400,"Sport > Reit- & Fahrsport > Westernsättel, -zäume & Zubeh. > Gebisse",69356,suffix_1,Gebisse
6561404,"Sport > Reit- & Fahrsport > Westernsättel, -zäume & Zubeh. > Steigbügel",51251,suffix_1,Steigbügel
6555800,Sport > Sportpreise > Medaillen,13201,suffix_1,Medaillen
6555801,Sport > Sportpreise > Pokale,13211,suffix_1,Pokale
6555806,Sport > Sporttaschen & Rucksäcke > Rucksäcke,25921,suffix_1,Rucksäcke
6555807,Sport > Sporttaschen & Rucksäcke > Seesäcke,21111,suffix_1,Seesäcke
6561418,Sport > Tauchen > ABC & Blei > Masken,20891,suffix_1,Masken
6561419,Sport > Tauchen > ABC & Blei > Schnorchel,43111,suffix_1,Schnorchel
6561426,Sport > Tauchen > Anzüge & Anzugteile > Handschuhe,27131,suffix_1,Handschuhe
6555813,Sport > Tauchen > Atemregler,43151,suffix_1,Atemregler
6561437,Sport > Tauchen > Bekleidung > Shirts,21171,suffix_1,Shirts
6561441,Sport > Tauchen > Instrumente & Uhren > Kompasse,14451,suffix_1,Kompasse
6555819,Sport > Tauchen > Tauchcomputer,69212,suffix_1,Tauchcomputer
6555821,Sport > Tauchen > Tauchlampen,14391,suffix_1,Tauchlampen
6561451,Sport > Tauchen > Tauchlampen > Knicklichter,28791,suffix_1,Knicklichter
6561457,Sport > Tauchen > Unterwasserfotografie > Objektive,37551,suffix_1,Objektive
6561474,Sport > Weitere Ballsportarten > Baseball & Softball > Baseballschläger,13401,suffix_1,Baseballschläger
6561476,Sport > Weitere Ballsportarten > Baseball & Softball > Fanghandschuhe,13411,suffix_1,Fanghandschuhe
6564270,Sport > Weitere Ballsportarten > Baseball & Softball > Kleidung > Damen > Socken,24061,suffix_1,Socken
6564275,Sport > Weitere Ballsportarten > Baseball & Softball > Kleidung > Herren > Socken,24061,suffix_1,Socken
6564280,Sport > Weitere Ballsportarten > Baseball & Softball > Kleidung > Jugend > Socken,24061,suffix_1,Socken
6561484,Sport > Weitere Ballsportarten > Basketball > Armbänder,46031,suffix_1,Armbänder
6561488,Sport > Weitere Ballsportarten > Basketball > Luftpumpen,15181,suffix_1,Luftpumpen
6561489,Sport > Weitere Ballsportarten > Basketball > Mundschutz,13101,suffix_1,Mundschutz
6561496,Sport > Weitere Ballsportarten > Basketball > Trikots,52631,suffix_1,Trikots
6561498,Sport > Weitere Ballsportarten > Cricket > Handschuhe,27131,suffix_1,Handschuhe
6561499,Sport > Weitere Ballsportarten > Cricket > Helme,47271,suffix_1,Helme
6561500,Sport > Weitere Ballsportarten > Cricket > Mundschutz,13101,suffix_1,Mundschutz
6561502,Sport > Weitere Ballsportarten > Cricket > Schoner,13121,suffix_1,Schoner
6561513,Sport > Weitere Ballsportarten > Football > Handschuhe,27131,suffix_1,Handschuhe
6561514,Sport > Weitere Ballsportarten > Football > Helme,47271,suffix_1,Helme
6561515,Sport > Weitere Ballsportarten > Football > Luftpumpen,15181,suffix_1,Luftpumpen
6561516,Sport > Weitere Ballsportarten > Football > Mundschutz,13101,suffix_1,Mundschutz
6561517,Sport > Weitere Ballsportarten > Football > Schoner,13121,suffix_1,Schoner
6561523,Sport > Weitere Ballsportarten > Football > Trikots,52631,suffix_1,Trikots
6561525,Sport > Weitere Ballsportarten > Gälischer Sport > Handschuhe,27131,suffix_1,Handschuhe
6561526,Sport > Weitere Ballsportarten > Gälischer Sport > Helme,47271,suffix_1,Helme
6561527,Sport > Weitere Ballsportarten > Gälischer Sport > Mundschutz,13101,suffix_1,Mundschutz
6563799,Sport > Weitere Ballsportarten > Handball > Bekleidung > T-Shirts,21391,suffix_1,T-Shirts
6563800,Sport > Weitere Ballsportarten > Handball > Bekleidung > Trikots,52631,suffix_1,Trikots
6561533,Sport > Weitere Ballsportarten > Handball > Luftpumpen,15181,suffix_1,Luftpumpen
6561538,Sport > Weitere Ballsportarten > Lacrosse > Handschuhe,27131,suffix_1,Handschuhe
6561539,Sport > Weitere Ballsportarten > Lacrosse > Helme,47271,suffix_1,Helme
6563804,Sport > Weitere Ballsportarten > Lacrosse > Schläger > Strings,23601,suffix_1,Strings
6561548,Sport > Weitere Ballsportarten > Rugby > Handschuhe,27131,suffix_1,Handschuhe
6561549,Sport > Weitere Ballsportarten > Rugby > Luftpumpen,15181,suffix_1,Luftpumpen
6561550,Sport > Weitere Ballsportarten > Rugby > Mundschutz,13101,suffix_1,Mundschutz
6561557,Sport > Weitere Ballsportarten > Squash > Squashschläger,13511,suffix_1,Squashschläger
6563808,Sport > Weitere Ballsportarten > Tennis > Bekleidung > Shorts,21971,suffix_1,Shorts
6561561,Sport > Weitere Ballsportarten > Tennis > Griffbänder,45691,suffix_1,Griffbänder
6561568,Sport > Weitere Ballsportarten > Tennis > Tennisschläger,13571,suffix_1,Tennisschläger
6561577,Sport > Weitere Ballsportarten > Volleyball > Luftpumpen,15181,suffix_1,Luftpumpen
6561583,Sport > Weitere Ballsportarten > Volleyball > Trikots,52631,suffix_1,Trikots
6563812,Sport > Weitere Sportarten > Bergsteigen & Klettern > Zubehör > Helme,47271,suffix_1,Helme
6563814,Sport > Weitere Sportarten > Bergsteigen & Klettern > Zubehör > Karabiner,29721,suffix_1,Karabiner
6563816,Sport > Weitere Sportarten > Bergsteigen & Klettern > Zubehör > Klettergriffe,15901,suffix_1,Klettergriffe
6563818,Sport > Weitere Sportarten > Bergsteigen & Klettern > Zubehör > Seile,30881,suffix_1,Seile
6561589,Sport > Weitere Sportarten > Billard > Queues,14491,suffix_1,Queues
6555843,Sport > Weitere Sportarten > Bogenschießen,14581,suffix_1,Bogenschießen
6563836,Sport > Weitere Sportarten > Bogenschießen > Schutzbekleidung > Handschuhe,27131,suffix_1,Handschuhe
6561599,Sport > Weitere Sportarten > Bogenschießen > Zielscheiben,14651,suffix_1,Zielscheiben
6561604,Sport > Weitere Sportarten > Bowling & Kegeln > Handschuhe,27131,suffix_1,Handschuhe
6561610,Sport > Weitere Sportarten > Boxen > Boxhandschuhe,14401,suffix_1,Boxhandschuhe
6561611,Sport > Weitere Sportarten > Boxen > Boxsäcke,14411,suffix_1,Boxsäcke
6561612,Sport > Weitere Sportarten > Boxen > Boxsets,52411,suffix_1,Boxsets
6561616,Sport > Weitere Sportarten > Dart > Pfeile,15971,suffix_1,Pfeile
6561627,Sport > Weitere Sportarten > Fechten > Handschuhe,27131,suffix_1,Handschuhe
6561628,Sport > Weitere Sportarten > Fechten > Masken,20891,suffix_1,Masken
6561637,Sport > Weitere Sportarten > Flug- & Drachensport > Lenkdrachen,12711,suffix_1,Lenkdrachen
6563861,"Sport > Weitere Sportarten > Jagen & Schützensport > Holster, Gürtel & Beutel > Holster",16011,suffix_1,Holster
6563877,Sport > Weitere Sportarten > Jagen & Schützensport > Messer & Werkzeuge > Multitools,32671,suffix_1,Multitools
6563883,Sport > Weitere Sportarten > Jagen & Schützensport > Schießstand- & Schützensportausrüstung > Gehörschutz,33791,suffix_1,Gehörschutz
6563887,Sport > Weitere Sportarten > Jagen & Schützensport > Schießstand- & Schützensportausrüstung > Schutzbrillen,33861,suffix_1,Schutzbrillen
6563892,Sport > Weitere Sportarten > Jagen & Schützensport > Schießstand- & Schützensportausrüstung > Zielscheiben,14651,suffix_1,Zielscheiben
6563899,Sport > Weitere Sportarten > Jagen & Schützensport > Tierpräparation > Fische,1771,suffix_1,Fische
6563907,Sport > Weitere Sportarten > Jagen & Schützensport > Waffenbau & Wartung > Schraubstöcke,30961,suffix_1,Schraubstöcke
6561664,Sport > Weitere Sportarten > Jagen & Schützensport > Wildkameras,69665,suffix_1,Wildkameras
6563923,"Sport > Weitere Sportarten > Jagen & Schützensport > Zielfernrohre, Optik & Laser > Ferngläser",41771,suffix_1,Ferngläser
6561666,Sport > Weitere Sportarten > Jonglieren & Artistik > Diabolos,9221,suffix_1,Diabolos
6561667,Sport > Weitere Sportarten > Jonglieren & Artistik > Jonglierbälle,12731,suffix_1,Jonglierbälle
6563932,Sport > Weitere Sportarten > Kampfsport > Judo > Anzüge,23151,suffix_1,Anzüge
6563934,Sport > Weitere Sportarten > Kampfsport > Judo > Gürtel,42531,suffix_1,Gürtel
6563937,Sport > Weitere Sportarten > Kampfsport > Karate > Anzüge,23151,suffix_1,Anzüge
6563939,Sport > Weitere Sportarten > Kampfsport > Karate > Gürtel,42531,suffix_1,Gürtel
6564281,Sport > Weitere Sportarten > Kampfsport > Ringen > Schutzausrüstung > Kopfschutz,15041,suffix_1,Kopfschutz
6564282,Sport > Weitere Sportarten > Kampfsport > Ringen > Schutzausrüstung > Mundschutz,13101,suffix_1,Mundschutz
6564284,Sport > Weitere Sportarten > Kampfsport > Ringen > Schutzausrüstung > Tiefschutz,13111,suffix_1,Tiefschutz
6563949,Sport > Weitere Sportarten > Kampfsport > Taekwondo > Anzüge,23151,suffix_1,Anzüge
6561700,Sport > Weitere Sportarten > Nordic Walking > Stöcke,54071,suffix_1,Stöcke
6561711,Sport > Weitere Sportarten > Turnen & Gymnastik > Luftpumpen,15181,suffix_1,Luftpumpen
6561717,Sport > Weitere Wintersportarten > Curling & Eisstockschießen > Handschuhe,27131,suffix_1,Handschuhe
6555867,Sport > Weiterer Wassersport > Neoprenanzüge,14351,suffix_1,Neoprenanzüge
6561729,Sport > Weiterer Wassersport > Schwimmen > Schwimmbrillen,28061,suffix_1,Schwimmbrillen
6563972,Sport > Weiterer Wassersport > Windsurfen > Weiteres Zubehör > Windmesser,65031,suffix_1,Windmesser
6561754,Sport > Wintersport > Bekleidung > Ski- & Snowboardhelme,15021,suffix_1,Ski- & Snowboardhelme
6561755,Sport > Wintersport > Bekleidung > Skianzüge,69394,suffix_1,Skianzüge
6561759,Sport > Wintersport > Bekleidung > Socken,24061,suffix_1,Socken
6561760,Sport > Wintersport > Eislaufen > Kleider,21271,suffix_1,Kleider
6561761,Sport > Wintersport > Eislaufen > Schlittschuhe,14211,suffix_1,Schlittschuhe
6561765,Sport > Wintersport > Rodel & Schlitten > Schlitten & Bobs,12921,suffix_1,Schlitten & Bobs
6561769,"Sport > Wintersport > Skifahren, Snowboarden & Schneeschuhwandern > Schneeschuhe",14251,suffix_1,Schneeschuhe
6561771,"Sport > Wintersport > Skifahren, Snowboarden & Schneeschuhwandern > Skier",14071,suffix_1,Skier
6561772,"Sport > Wintersport > Skifahren, Snowboarden & Schneeschuhwandern > Skistöcke",14081,suffix_1,Skistöcke
6561773,"Sport > Wintersport > Skifahren, Snowboarden & Schneeschuhwandern > Snowboards",14121,suffix_1,Snowboards
6555886,TV > Bühnenbeleuchtung & -effekte > Effektmaschinen,63401,suffix_1,Effektmaschinen
6555907,TV > DJ-Equipment > Mikrofone,62481,suffix_1,Mikrofone
6555908,TV > DJ-Equipment > Mixer,10361,suffix_1,Mixer
6555914,"TV > DVD, Blu-ray & Heimkino > Beamer-Leinwände",34711,suffix_1,Beamer-Leinwände
6555916,"TV > DVD, Blu-ray & Heimkino > Festplatten-Recorder",34941,suffix_1,Festplatten-Recorder
6551480,TV > Fernseher,34501,suffix_1,Fernseher
6555928,TV > Haushaltsbatterien & Strom > Akkus,38881,suffix_1,Akkus
6555930,TV > Haushaltsbatterien & Strom > Einweg-Batterien,38871,suffix_1,Einweg-Batterien
6555936,TV > Heim-Audio & HiFi > Equalizer,43201,suffix_1,Equalizer
6555967,TV > Tragbare Geräte & Kopfhörer > Kopfhörer,35571,suffix_1,Kopfhörer
6555969,TV > Tragbare Geräte & Kopfhörer > Kopfhörer-Zubehör,66301,suffix_1,Kopfhörer-Zubehör
6561788,TV > Tragbare Geräte & Kopfhörer > Zubehör für tragbare Audiogeräte > Akkus,38881,suffix_1,Akkus
6561789,TV > Tragbare Geräte & Kopfhörer > Zubehör für tragbare Audiogeräte > Armbänder,46031,suffix_1,Armbänder
6561792,TV > Tragbare Geräte & Kopfhörer > Zubehör für tragbare Audiogeräte > Fernbedienungen,69221,suffix_1,Fernbedienungen
6555991,TV > TV- & Heim-Audio-Zubehör > Fernbedienungen,69221,suffix_1,Fernbedienungen
6561822,TV > TV- & Heim-Audio-Zubehör > TV-Werkzeug > Abisolierzangen,32991,suffix_1,Abisolierzangen
6556003,"TV > TV-, Video- & Audio-Raritäten > Fernseher",34501,suffix_1,Fernseher
6556005,"TV > TV-, Video- & Audio-Raritäten > Kassettenspieler",70167,suffix_1,Kassettenspieler
6556006,"TV > TV-, Video- & Audio-Raritäten > Kopfhörer",35571,suffix_1,Kopfhörer
6556010,"TV > TV-, Video- & Audio-Raritäten > Radios",35251,suffix_1,Radios
6561827,"TV > TV-, Video- & Audio-Raritäten > Teile & Zubehör > Kondensatoren",43191,suffix_1,Kondensatoren
6556023,TV > TV-Receiver & Set-Top-Boxen > Sat-Finder,69295,suffix_1,Sat-Finder
6556043,Uhren & Schmuck > Echtschmuck > Fußketten,25401,suffix_1,Fußketten
6556048,Uhren & Schmuck > Echtschmuck > Ringe,25271,suffix_1,Ringe
6556049,Uhren & Schmuck > Echtschmuck > Schmucksets,25411,suffix_1,Schmucksets
6556054,Uhren & Schmuck > Folkloreschmuck > Fußketten,25401,suffix_1,Fußketten
6556058,Uhren & Schmuck > Folkloreschmuck > Ringe,25271,suffix_1,Ringe
6556060,Uhren & Schmuck > Folkloreschmuck > Schmucksets,25411,suffix_1,Schmucksets
6556067,Uhren & Schmuck > Herrenschmuck > Krawattennadeln,27841,suffix_1,Krawattennadeln
6556068,Uhren & Schmuck > Herrenschmuck > Manschettenknöpfe,27901,suffix_1,Manschettenknöpfe
6556071,Uhren & Schmuck > Herrenschmuck > Ringe,25271,suffix_1,Ringe
6556072,Uhren & Schmuck > Herrenschmuck > Schmucksets,25411,suffix_1,Schmucksets
6556073,Uhren & Schmuck > Hochzeitsschmuck > Schmucksets,25411,suffix_1,Schmucksets
6556083,Uhren & Schmuck > Juwelierbedarf > Schmucksets,25411,suffix_1,Schmucksets
6556088,Uhren & Schmuck > Kinderschmuck > Ringe,25271,suffix_1,Ringe
6556089,Uhren & Schmuck > Kinderschmuck > Schmucksets,25411,suffix_1,Schmucksets
6556093,Uhren & Schmuck > Lose Diamanten & Edelsteine > Schmucksets,25411,suffix_1,Schmucksets
6556098,Uhren & Schmuck > Modeschmuck > Fußketten,25401,suffix_1,Fußketten
6556103,Uhren & Schmuck > Modeschmuck > Ringe,25271,suffix_1,Ringe
6556104,Uhren & Schmuck > Modeschmuck > Schmucksets,25411,suffix_1,Schmucksets
6561832,"Uhren & Schmuck > Uhren, -teile & -zubehör > Armband- & Taschenuhren > Armbanduhren",42601,suffix_1,Armbanduhren
6561834,"Uhren & Schmuck > Uhren, -teile & -zubehör > Armband- & Taschenuhren > Taschenuhren",57541,suffix_1,Taschenuhren
6563988,"Uhren & Schmuck > Uhren, -teile & -zubehör > Ersatzteile, Werkzeuge & Bücher > Einzelteile > Gläser",22531,suffix_1,Gläser
6561847,"Uhren & Schmuck > Uhren, -teile & -zubehör > Weitere Uhren > Standuhren",31021,suffix_1,Standuhren
6561848,"Uhren & Schmuck > Uhren, -teile & -zubehör > Weitere Uhren > Stoppuhren",58661,suffix_1,Stoppuhren
6561851,"Uhren & Schmuck > Uhren, -teile & -zubehör > Weitere Uhren > Wanduhren",31051,suffix_1,Wanduhren
6561853,"Uhren & Schmuck > Uhren, -teile & -zubehör > Zubehör > Armbänder",46031,suffix_1,Armbänder
6561857,"Uhren & Schmuck > Uhren, -teile & -zubehör > Zubehör > Uhrenbeweger",53261,suffix_1,Uhrenbeweger
6556121,Uhren & Schmuck > Unikate & Goldschmiedearbeiten > Fußketten,25401,suffix_1,Fußketten
6556126,Uhren & Schmuck > Unikate & Goldschmiedearbeiten > Ringe,25271,suffix_1,Ringe
6556127,Uhren & Schmuck > Unikate & Goldschmiedearbeiten > Schmucksets,25411,suffix_1,Schmucksets
