id,sku,name,brand,ean,inventory_quantity,storage_bin,storage_qty,storageBins_json,pending_intake
0060cdec-9193-411b-af64-4754ca0226bd,SKU-1844691476,"Thule Rucksack Darkest Blue – Robust, vielseitig & nachhaltig für Alltag",Thule,085854258548,1,XGA0201B,1,"[{""ebene"":""B"",""etage"":""GA"",""code"":""XGA0201B"",""regal"":1,""firstStoredAt"":""2025-12-21T16:15:54.883Z"",""zone"":""X"",""lastUpdatedAt"":""2025-12-21T16:15:54.883Z"",""quantity"":1,""gang"":2}]",0
0196214105119,SKU-4310621602,Pokémon Sammelordner-Kollektion: Optimaler Schutz & 5 Boosterpacks,Pokémon,0196214105119,1,XGA0201B,1,"[{""gang"":2,""firstStoredAt"":""2025-12-24T14:49:06.661Z"",""ebene"":""B"",""etage"":""GA"",""lastUpdatedAt"":""2025-12-24T14:49:06.661Z"",""regal"":1,""quantity"":1,""zone"":""X"",""code"":""XGA0201B""}]",0
03142017000003,SKU-9947386415,Weber Smokey Mountain Cooker 37cm Räucherofen für unvergleichlichen Rauchgenuss,Weber,77924021268,1,XGA0203E,1,"[{""lastUpdatedAt"":""2025-12-24T14:46:54.208Z"",""etage"":""GA"",""code"":""XGA0203E"",""ebene"":""E"",""quantity"":1,""firstStoredAt"":""2025-12-24T14:46:54.208Z"",""gang"":2,""regal"":3,""zone"":""X""}]",0
04052938000016,SKU-4641833225,Pierburg Luftmassenmesser – Optimiert Motorleistung & Kraftstoffeffizienz,Pierburg,04052938000016,1,XGA0106B,1,"[{""ebene"":""B"",""regal"":6,""firstStoredAt"":""2025-12-24T14:58:12.810Z"",""lastUpdatedAt"":""2025-12-24T14:58:12.810Z"",""code"":""XGA0106B"",""quantity"":1,""etage"":""GA"",""zone"":""X"",""gang"":1}]",0
0700153955478,SKU-2014012963,3rd Avenue Akustikgitarre Sunburst – Premium Set für Anfänger & Einsteiger,3rd Avenue,0700153955478,1,XGA0201A,1,"[{""zone"":""X"",""gang"":2,""code"":""XGA0201A"",""ebene"":""A"",""quantity"":1,""etage"":""GA"",""regal"":1,""lastUpdatedAt"":""2025-12-24T14:47:45.626Z"",""firstStoredAt"":""2025-12-24T14:47:45.626Z""}]",0
0810123671069,SKU-1890172110,"Levoit Luftbefeuchter Classic 160: Gesundes Raumklima, leise, Top-Fill",Levoit,0810123671069,1,XGA0301C,1,"[{""firstStoredAt"":""2025-12-21T16:22:56.615Z"",""etage"":""GA"",""zone"":""X"",""code"":""XGA0301C"",""gang"":3,""quantity"":1,""ebene"":""C"",""lastUpdatedAt"":""2025-12-21T16:22:56.615Z"",""regal"":1}]",0
09be7756-7b4f-4dda-bda0-799754052fff,SKU-3671103995,SACHS Federbeinlager Domlager: Optimale Fahrstabilität und Komfort,SACHS,4059923008019,1,XGA0106B,1,"[{""ebene"":""B"",""lastUpdatedAt"":""2025-12-24T14:58:50.514Z"",""quantity"":1,""firstStoredAt"":""2025-12-24T14:58:50.514Z"",""code"":""XGA0106B"",""etage"":""GA"",""regal"":6,""zone"":""X"",""gang"":1}]",0
14006633314036,SKU-7591395419,ATE Bremsscheibe 314x25mm – Maximale Bremskraft & Sicherheit für Audi,ATE,4006633314036,2,XGA0106C,2,"[{""lastUpdatedAt"":""2025-12-24T14:56:46.157Z"",""gang"":1,""quantity"":2,""firstStoredAt"":""2025-12-24T14:56:46.157Z"",""code"":""XGA0106C"",""regal"":6,""etage"":""GA"",""ebene"":""C"",""zone"":""X""}]",0
1472920275814,SKU-7995751556,IKEA KALLAX Standregal 77x77 cm – Vielseitige & stilvolle Ordnungslösung,IKEA,5905741720765,2,XGA0301C,2,"[{""ebene"":""C"",""zone"":""X"",""lastUpdatedAt"":""2025-12-24T14:51:34.765Z"",""firstStoredAt"":""2025-12-24T14:51:34.765Z"",""quantity"":2,""code"":""XGA0301C"",""etage"":""GA"",""regal"":1,""gang"":3}]",0
1900201900525,SKU-4873494474,TRW Bremsscheibe für Honda Accord – Optimale Bremsleistung & Sicherheit,TRW,322937952748,1,XGA0106C,1,"[{""ebene"":""C"",""etage"":""GA"",""zone"":""X"",""gang"":1,""regal"":6,""lastUpdatedAt"":""2025-12-24T14:55:35.062Z"",""firstStoredAt"":""2025-12-24T14:55:35.062Z"",""code"":""XGA0106C"",""quantity"":1}]",0
1e369bf5-e5e6-460c-b595-8a08a2bbaf2d,SKU-7736193220,RDINSCOS TC-100 Schichtdickenmessgerät für präzise Lackmessung & Beschichtung,RDINSCOS,075523001671,1,XGA0304B,1,"[{""regal"":4,""ebene"":""B"",""zone"":""X"",""gang"":3,""quantity"":1,""firstStoredAt"":""2025-12-24T14:52:55.492Z"",""lastUpdatedAt"":""2025-12-24T14:52:55.492Z"",""etage"":""GA"",""code"":""XGA0304B""}]",0
20221212000014,SKU-3806532980,SHARGE Powerbank Flow Mini 5000mAh – Kompakt mit integriertem USB-C Kabel,SHARGE,7649994068165,0,,,[],0
2074133001002,SKU-0922374624,"Magic: The Gathering Commander Deck – Sofort spielbar, epische Zombie-Horden",Magic: The Gathering,195166279855,1,XGA0202D,1,"[{""firstStoredAt"":""2025-12-21T16:19:04.529Z"",""lastUpdatedAt"":""2025-12-21T16:19:04.529Z"",""ebene"":""D"",""regal"":2,""quantity"":1,""code"":""XGA0202D"",""etage"":""GA"",""zone"":""X"",""gang"":2}]",0
2810449728013,SKU-3982672342,"Android Autoradio 6S9701P mit HD Touchscreen, GPS-Navigation, Bluetooth und DSP/RDS Sound",Unbekannt,2810449728013,1,XGA0106C,1,"[{""regal"":6,""gang"":1,""zone"":""X"",""ebene"":""C"",""quantity"":1,""etage"":""GA"",""code"":""XGA0106C"",""lastUpdatedAt"":""2025-12-24T15:41:11.353Z"",""firstStoredAt"":""2025-12-24T15:41:11.353Z""}]",0
3165143111321,SKU-6206509150,Bosch Zusatzwasserpumpe: Optimaler Motorschutz & lange Lebensdauer,Bosch,3165143111321,1,XGA0106B,1,"[{""ebene"":""B"",""gang"":1,""etage"":""GA"",""lastUpdatedAt"":""2025-12-24T14:58:56.040Z"",""quantity"":1,""code"":""XGA0106B"",""firstStoredAt"":""2025-12-24T14:58:56.040Z"",""regal"":6,""zone"":""X""}]",0
3322937241712,SKU-5868736484,TRW Bremsbeläge GDB1330: Erstausrüsterqualität für maximale Sicherheit,TRW,3322937241712,1,XGA0106B,1,"[{""etage"":""GA"",""lastUpdatedAt"":""2025-12-24T14:59:11.122Z"",""ebene"":""B"",""gang"":1,""code"":""XGA0106B"",""quantity"":1,""regal"":6,""firstStoredAt"":""2025-12-24T14:59:11.122Z"",""zone"":""X""}]",0
3662775243128,SKU-5896801162,KYOTO Motorradbatterie GTX5L-BS: Sofort startklar & absolut wartungsfrei,KYOTO,3662775243128,1,XGA0106B,1,"[{""regal"":6,""code"":""XGA0106B"",""zone"":""X"",""etage"":""GA"",""gang"":1,""ebene"":""B"",""lastUpdatedAt"":""2025-12-24T14:59:25.413Z"",""quantity"":1,""firstStoredAt"":""2025-12-24T14:59:25.413Z""}]",0
3770010398363,SKU-6722573428,Umami Bento Lunch Box 1.2L – Auslaufsicher & Mikrowellengeeignet,Umami,3770010398363,1,XGA0201B,1,"[{""code"":""XGA0201B"",""regal"":1,""quantity"":1,""etage"":""GA"",""zone"":""X"",""lastUpdatedAt"":""2025-12-24T14:45:49.493Z"",""gang"":2,""firstStoredAt"":""2025-12-24T14:45:49.493Z"",""ebene"":""B""}]",0
4003318620911,SKU-8850596846,ABUS Faltschloss BORDO 6000K BIG – Hohe Sicherheit & 120cm Flexibilität,ABUS,4003318620911,1,XGA0102B,1,"[{""firstStoredAt"":""2025-12-24T14:44:53.053Z"",""lastUpdatedAt"":""2025-12-24T14:44:53.053Z"",""quantity"":1,""regal"":2,""ebene"":""B"",""code"":""XGA0102B"",""etage"":""GA"",""zone"":""X"",""gang"":1}]",0
4004133669093,SKU-0200958470,APS Glas Trinkflasche 1L – Auslaufsicher & Nachhaltig für puren Genuss,APS,4004133669093,1,XGA0202D,1,"[{""gang"":2,""quantity"":1,""lastUpdatedAt"":""2025-12-21T16:18:39.816Z"",""etage"":""GA"",""zone"":""X"",""code"":""XGA0202D"",""regal"":2,""firstStoredAt"":""2025-12-21T16:18:39.816Z"",""ebene"":""D""}]",0
4006387029807,SKU-5978798764,BRITA Wasserfilter-Kartusche P 1000 für reinen Geschmack & Geräteschutz,BRITA,4006387029807,1,XGA0201C,1,"[{""firstStoredAt"":""2025-12-21T16:18:30.899Z"",""lastUpdatedAt"":""2025-12-21T16:18:30.899Z"",""regal"":1,""gang"":2,""zone"":""X"",""code"":""XGA0201C"",""etage"":""GA"",""quantity"":1,""ebene"":""C""}]",0
4006633310222,SKU-4616386559,ATE Bremsscheiben Set für Audi – Maximale Fahrsicherheit,ATE,4006633310222,1,XGA0106C,1,"[{""quantity"":1,""zone"":""X"",""lastUpdatedAt"":""2025-12-24T14:55:55.148Z"",""gang"":1,""ebene"":""C"",""firstStoredAt"":""2025-12-24T14:55:55.148Z"",""code"":""XGA0106C"",""regal"":6,""etage"":""GA""}]",0
4007123624386,4007123624386,,,,0,,,[],
4009384341071,SKU-2859032659,"MFLAX Außenspiegelflagge Deutschland – Extrem stabil, einfache Montage",MFLAX,4009384341071,24,XGA0204C,24,"[{""lastUpdatedAt"":""2025-12-21T16:26:45.263Z"",""code"":""XGA0204C"",""regal"":4,""firstStoredAt"":""2025-12-21T16:26:45.263Z"",""zone"":""X"",""quantity"":24,""gang"":2,""ebene"":""C"",""etage"":""GA""}]",0
4009384458304,SKU-4401248629,Fries GmbH Deutschland Fan Schal – Zeigen Sie Ihre Unterstützung stilvoll,Fries GmbH,4009384458304,17,XGA0202D,17,"[{""regal"":2,""etage"":""GA"",""firstStoredAt"":""2025-12-21T16:25:08.873Z"",""zone"":""X"",""lastUpdatedAt"":""2025-12-21T16:25:08.873Z"",""gang"":2,""ebene"":""D"",""quantity"":17,""code"":""XGA0202D""}]",0
4010886516256,SKU-0963183292,GEDORE Nusssteckleiste Federstahl - Sichere Werkzeugordnung & Halt,GEDORE,4010886516256,1,XGA0202D,1,"[{""firstStoredAt"":""2025-12-21T16:18:46.864Z"",""quantity"":1,""code"":""XGA0202D"",""ebene"":""D"",""etage"":""GA"",""gang"":2,""lastUpdatedAt"":""2025-12-21T16:18:46.864Z"",""zone"":""X"",""regal"":2}]",0
4013556577007,SKU-5410787453,acamp Hängesessel Schutzhülle: Ganzjähriger Premium Wetterschutz Ø110x200cm,acamp,4013556577007,2,XGA0302D,2,"[{""code"":""XGA0302D"",""firstStoredAt"":""2025-12-21T16:17:35.981Z"",""quantity"":2,""zone"":""X"",""etage"":""GA"",""ebene"":""D"",""regal"":2,""gang"":3,""lastUpdatedAt"":""2025-12-21T16:24:10.578Z""}]",0
4013556577076,SKU-2724878095,acamp Schutzhülle Cappa für ovale Tische - Wasserdicht & UV-beständig,acamp,4013556577076,3,XGA0302D,3,"[{""regal"":2,""code"":""XGA0302D"",""gang"":3,""lastUpdatedAt"":""2025-12-21T16:17:30.022Z"",""ebene"":""D"",""firstStoredAt"":""2025-12-21T16:17:30.022Z"",""zone"":""X"",""quantity"":3,""etage"":""GA""}]",0
4013556577120,SKU-7700165856,acamp Sonnenschirm Schutzhülle: Premium Ganzjahresschutz bis 400cm,acamp,4013556577120,11,XGA0302E,11,"[{""regal"":2,""code"":""XGA0302E"",""zone"":""X"",""etage"":""GA"",""quantity"":11,""lastUpdatedAt"":""2025-12-21T16:17:07.336Z"",""gang"":3,""firstStoredAt"":""2025-12-21T16:17:07.336Z"",""ebene"":""E""}]",0
4013556577144,SKU-0139597304,acamp Schutzhülle Cappa für Ampelschirme – Ganzjahresschutz bis 300cm,acamp,4013556577144,4,XGA0302E,4,"[{""ebene"":""E"",""gang"":3,""regal"":2,""code"":""XGA0302E"",""etage"":""GA"",""quantity"":4,""firstStoredAt"":""2025-12-21T16:16:53.823Z"",""zone"":""X"",""lastUpdatedAt"":""2025-12-21T16:16:53.823Z""}]",0
4013556592796,SKU-5928571392,acamp Strandkorb Schutzhülle Cappa – Optimaler Ganzjahresschutz,acamp,4013556592796,4,XGA0302E,4,"[{""etage"":""GA"",""regal"":2,""quantity"":4,""zone"":""X"",""ebene"":""E"",""gang"":3,""lastUpdatedAt"":""2025-12-21T16:16:37.641Z"",""code"":""XGA0302E"",""firstStoredAt"":""2025-12-21T16:16:37.641Z""}]",0
4016417025303,SKU-3586300359,EURO PART Ablaufschlauch 1.5m - Flexible Verlängerung für Wasch- & Spülmaschinen,EURO PART,4016417025303,6,XGA0303D,6,"[{""quantity"":6,""firstStoredAt"":""2025-12-21T16:19:54.916Z"",""etage"":""GA"",""code"":""XGA0303D"",""zone"":""X"",""ebene"":""D"",""lastUpdatedAt"":""2025-12-21T16:19:54.916Z"",""regal"":3,""gang"":3}]",0
4023103244009,SKU-9885764249,Vileda Wäscheständer King UNimate: 20m Trockenfläche für XXL Wäsche,Vileda,4023103244009,1,,,[],0
4027816273868,SKU-1137525213,febi bilstein Radlagersatz Opel PKW – Maximale Fahrsicherheit & Präzision,febi bilstein,4027816273868,1,XGA0106C,1,"[{""code"":""XGA0106C"",""lastUpdatedAt"":""2025-12-24T14:56:57.041Z"",""zone"":""X"",""regal"":6,""firstStoredAt"":""2025-12-24T14:56:57.041Z"",""etage"":""GA"",""gang"":1,""ebene"":""C"",""quantity"":1}]",0
4027816321033,SKU-1609202291,febi bilstein Ölfilter 32103: Maximaler Motorschutz für lange Lebensdauer,febi bilstein,4027816321033,1,XGA0106B,1,"[{""zone"":""X"",""regal"":6,""gang"":1,""lastUpdatedAt"":""2025-12-24T14:58:39.847Z"",""ebene"":""B"",""code"":""XGA0106B"",""quantity"":1,""etage"":""GA"",""firstStoredAt"":""2025-12-24T14:58:39.847Z""}]",0
4040074053454,SKU-0333689520,MEYLE Federbeinstützlager für Mercedes E-Klasse CLS – Maximale Fahrstabilität,MEYLE,4040074053454,2,XGA0106C,2,"[{""firstStoredAt"":""2025-12-24T15:53:19.222Z"",""zone"":""X"",""code"":""XGA0106C"",""regal"":6,""quantity"":2,""etage"":""GA"",""ebene"":""C"",""lastUpdatedAt"":""2025-12-24T15:53:19.222Z"",""gang"":1}]",0
4041248145418,SKU-8581934036,Elring Motordichtung 057.240 – Präzise Abdichtung für maximale Motorleistung,Elring,4041248145418,3,XGA0106C,3,"[{""lastUpdatedAt"":""2025-12-24T14:56:32.481Z"",""firstStoredAt"":""2025-12-24T14:56:32.481Z"",""regal"":6,""etage"":""GA"",""gang"":1,""quantity"":3,""ebene"":""C"",""zone"":""X"",""code"":""XGA0106C""}]",0
4041248434536,SKU-8529588380,Elring Motordichtungssatz 542.210 für maximale Motorzuverlässigkeit,Elring,4041248434536,1,XGA0106B,1,"[{""code"":""XGA0106B"",""ebene"":""B"",""etage"":""GA"",""firstStoredAt"":""2025-12-24T14:57:52.862Z"",""zone"":""X"",""quantity"":1,""regal"":6,""gang"":1,""lastUpdatedAt"":""2025-12-24T14:57:52.862Z""}]",0
4041248450864,SKU-7321712010,Elring Zylinderkopfdichtungssatz für maximale Motorleistung & Langlebigkeit,Elring,4041248450864,1,XGA0106B,1,"[{""ebene"":""B"",""etage"":""GA"",""quantity"":1,""code"":""XGA0106B"",""zone"":""X"",""lastUpdatedAt"":""2025-12-24T14:57:47.635Z"",""firstStoredAt"":""2025-12-24T14:57:47.635Z"",""gang"":1,""regal"":6}]",0
4041248450871,SKU-4780318569,Elring Zylinderkopfdichtung VW Motoren - Erstausrüsterqualität für Top-Leistung,Elring,4041248450871,1,XGA0106B,1,"[{""ebene"":""B"",""lastUpdatedAt"":""2025-12-24T14:57:41.738Z"",""firstStoredAt"":""2025-12-24T14:57:41.738Z"",""quantity"":1,""code"":""XGA0106B"",""regal"":6,""zone"":""X"",""gang"":1,""etage"":""GA""}]",0
4041248450888,SKU-1948960316,Elring Zylinderkopfdichtungssatz 150.172 für zuverlässige Motorabdichtung,Elring,4041248450888,1,XGA0106B,1,"[{""etage"":""GA"",""zone"":""X"",""regal"":6,""ebene"":""B"",""code"":""XGA0106B"",""firstStoredAt"":""2025-12-24T14:57:32.168Z"",""gang"":1,""lastUpdatedAt"":""2025-12-24T14:57:32.168Z"",""quantity"":1}]",0
4043962306996,SKU-8927251416,fischer Hammerbohrer SDS-plus Quattric II Ø 24mm für höchste Präzision,fischer,4043962306996,1,XGA0102B,1,"[{""ebene"":""B"",""lastUpdatedAt"":""2025-12-24T14:49:35.900Z"",""firstStoredAt"":""2025-12-24T14:49:35.900Z"",""etage"":""GA"",""zone"":""X"",""regal"":2,""code"":""XGA0102B"",""gang"":1,""quantity"":1}]",0
4046001447266,SKU-3016364513,VAICO Bremsscheibe V25-40006: Maximale Fahrsicherheit im 2er-Set,VAICO,4046001447266,1,XGA0106C,1,"[{""regal"":6,""zone"":""X"",""code"":""XGA0106C"",""firstStoredAt"":""2025-12-24T14:55:41.939Z"",""etage"":""GA"",""gang"":1,""quantity"":1,""ebene"":""C"",""lastUpdatedAt"":""2025-12-24T14:55:41.939Z""}]",0
4047059413104,SKU-6068074259,europet bernina Trinkbrunnen: Frisches & gefiltertes Wasser für gesunde Haustiere,europet bernina,4047059413104,1,XGA0201B,1,"[{""etage"":""GA"",""lastUpdatedAt"":""2025-12-21T16:18:14.094Z"",""gang"":2,""zone"":""X"",""ebene"":""B"",""quantity"":1,""code"":""XGA0201B"",""firstStoredAt"":""2025-12-21T16:18:14.094Z"",""regal"":1}]",0
4053479285122,SKU-0534200636,Würth Klingenschaber – Effiziente Rückstandsentfernung auf glatten Flächen,Würth,4053479285122,1,XGA0304A,1,"[{""firstStoredAt"":""2025-12-21T16:21:36.056Z"",""etage"":""GA"",""zone"":""X"",""quantity"":1,""ebene"":""A"",""lastUpdatedAt"":""2025-12-21T16:21:36.056Z"",""gang"":3,""regal"":4,""code"":""XGA0304A""}]",0
4063217299953,SKU-4885995332,Heidelberger BETTWAREN Bettdecke Grönland: Luxuriös warm & klimaregulierend,Heidelberger BETTWAREN,4063217299953,1,XGA0204A,1,"[{""lastUpdatedAt"":""2025-12-21T16:24:23.077Z"",""firstStoredAt"":""2025-12-21T16:24:23.077Z"",""zone"":""X"",""gang"":2,""etage"":""GA"",""regal"":4,""ebene"":""A"",""quantity"":1,""code"":""XGA0204A""}]",0
4069092282370,SKU-8382768165,Lawrence Grey Home Satin Bettwäsche-Set für luxuriösen Schlafkomfort,Lawrence Grey Home,4069092282370,1,XGA0201C,1,"[{""etage"":""GA"",""zone"":""X"",""firstStoredAt"":""2025-12-21T16:22:39.901Z"",""regal"":1,""code"":""XGA0201C"",""quantity"":1,""ebene"":""C"",""gang"":2,""lastUpdatedAt"":""2025-12-21T16:22:39.901Z""}]",0
4082300855241,SKU-1353005263,HELLA Anlasser 8EA 011 612-801 für zuverlässigen Motorstart 12V 1.2kW,HELLA,4082300855241,1,XGA0106C,1,"[{""firstStoredAt"":""2025-12-24T15:40:50.777Z"",""gang"":1,""regal"":6,""code"":""XGA0106C"",""quantity"":1,""lastUpdatedAt"":""2025-12-24T15:40:50.777Z"",""ebene"":""C"",""etage"":""GA"",""zone"":""X""}]",0
4250153617556,SKU-4649569251,Near Dark Metallpfeife Screen Prince – Eleganter Genuss für unterwegs,Near Dark,4250153617556,1,XGA0304A,1,"[{""zone"":""X"",""code"":""XGA0304A"",""regal"":4,""gang"":3,""etage"":""GA"",""quantity"":1,""lastUpdatedAt"":""2025-12-21T16:21:25.117Z"",""firstStoredAt"":""2025-12-21T16:21:25.117Z"",""ebene"":""A""}]",0
4250358601817,SKU-1964286581,Hofner HC504-7/8 Gitarren- & Bass-Zubehör für optimale Performance,Hofner,4250358601817,1,XGA0201A,1,"[{""regal"":1,""firstStoredAt"":""2025-12-24T14:47:25.139Z"",""lastUpdatedAt"":""2025-12-24T14:47:25.139Z"",""zone"":""X"",""code"":""XGA0201A"",""quantity"":1,""gang"":2,""etage"":""GA"",""ebene"":""A""}]",0
4250454729170,SKU-1784585629,adeo Verlag Kunstkarten-Set: Elegante Blumenmotive für herzliche Grüße,adeo Verlag,4250454729170,1,XGA0202D,1,"[{""zone"":""X"",""quantity"":1,""code"":""XGA0202D"",""firstStoredAt"":""2025-12-21T16:18:59.342Z"",""etage"":""GA"",""ebene"":""D"",""regal"":2,""gang"":2,""lastUpdatedAt"":""2025-12-21T16:18:59.342Z""}]",0
4251175827556,SKU-2902386366,EURO DRIVELINE Antriebswelle W135: Präzision & Langlebigkeit für Ihr Fahrzeug,EURO DRIVELINE,4251175821556,1,XGA0106D,1,"[{""regal"":6,""quantity"":1,""firstStoredAt"":""2025-12-24T15:53:29.826Z"",""ebene"":""D"",""etage"":""GA"",""gang"":1,""code"":""XGA0106D"",""zone"":""X"",""lastUpdatedAt"":""2025-12-24T15:53:29.826Z""}]",0
4260012351552,4260012351552,,,,0,,,[],
4260499852344,SKU-3933851468,BLAUPUNKT Autoradio VALENCIA 200 DAB+ BT – Digitalradio & Freisprechen,BLAUPUNKT,4260499852344,1,XGA0201B,1,"[{""firstStoredAt"":""2025-12-24T14:44:08.324Z"",""ebene"":""B"",""regal"":1,""gang"":2,""quantity"":1,""lastUpdatedAt"":""2025-12-24T14:44:08.324Z"",""code"":""XGA0201B"",""zone"":""X"",""etage"":""GA""}]",0
4260526472194,SKU-7139254013,DONBOLSO Slim Wallet Rome Herren Echtleder schlank mit Münzfach,DONBOLSO,4260526472194,1,XGA0102D,1,"[{""lastUpdatedAt"":""2025-12-24T14:45:29.228Z"",""quantity"":1,""ebene"":""D"",""zone"":""X"",""regal"":2,""etage"":""GA"",""gang"":1,""code"":""XGA0102D"",""firstStoredAt"":""2025-12-24T14:45:29.228Z""}]",0
4262405220148,SKU-2431535372,AZANO DESIGNS Katzentreppe 3er Set für sicheren Wandaufstieg,AZANO DESIGNS,4262405220148,1,XGA0301D,1,"[{""quantity"":1,""gang"":3,""code"":""XGA0301D"",""ebene"":""D"",""lastUpdatedAt"":""2025-12-21T16:23:07.594Z"",""firstStoredAt"":""2025-12-21T16:23:07.594Z"",""regal"":1,""etage"":""GA"",""zone"":""X""}]",0
4270001051905,SKU-9268872444,Spivo Topspin Trainer: Präzise Ballkontrolle & besseres Tennisspiel,Spivo,4270001051905,1,XGA0304B,1,"[{""lastUpdatedAt"":""2025-12-24T14:52:40.630Z"",""quantity"":1,""regal"":4,""gang"":3,""firstStoredAt"":""2025-12-24T14:52:40.630Z"",""ebene"":""B"",""etage"":""GA"",""zone"":""X"",""code"":""XGA0304B""}]",0
4710069708958,4710069708958,,,,0,,,[],
4806633149839,SKU-5619085780,ATE Bremsbeläge Original – Maximale Sicherheit & Zuverlässigkeit,ATE,14006633314036,1,XGA0106B,1,"[{""gang"":1,""etage"":""GA"",""quantity"":1,""firstStoredAt"":""2025-12-24T15:53:02.016Z"",""ebene"":""B"",""zone"":""X"",""lastUpdatedAt"":""2025-12-24T15:53:02.016Z"",""code"":""XGA0106B"",""regal"":6}]",0
4909500898543,SKU-2019632072,KYB Staubschutz-Kit 910158: Verlängert Stoßdämpfer-Lebensdauer effektiv,KYB,4909500898543,1,XGA0106B,1,"[{""gang"":1,""code"":""XGA0106B"",""firstStoredAt"":""2025-12-24T15:49:34.211Z"",""zone"":""X"",""quantity"":1,""regal"":6,""etage"":""GA"",""lastUpdatedAt"":""2025-12-24T15:49:34.211Z"",""ebene"":""B""}]",0
4960999610955,SKU-4090290612,Canon Toner 716 Schwarz Original für gestochen scharfe Laser-Ausdrucke,Canon,4960999610955,1,XGA0101B,1,"[{""lastUpdatedAt"":""2025-12-24T14:45:11.023Z"",""gang"":1,""ebene"":""B"",""quantity"":1,""zone"":""X"",""etage"":""GA"",""code"":""XGA0101B"",""firstStoredAt"":""2025-12-24T14:45:11.023Z"",""regal"":1}]",0
5060941713129,SKU-1031821522,Idea Factory Little Witch Nobeta Nintendo Switch Action-RPG Day One Edition,Idea Factory,5060941713129,1,XGA0202D,1,"[{""etage"":""GA"",""code"":""XGA0202D"",""firstStoredAt"":""2025-12-21T16:18:54.020Z"",""ebene"":""D"",""lastUpdatedAt"":""2025-12-21T16:18:54.020Z"",""regal"":2,""gang"":2,""zone"":""X"",""quantity"":1}]",0
56cdbf05-ce59-43c9-be15-6cc63c6dae93,SKU-0874304411,"Christian Ulbricht Wichtel Figur – Handgefertigt, zeitloser Charme für Ihr Zuhause",Christian Ulbricht,4016711018766,0,,,[],0
57380a89-b13c-470c-8167-aa51b43eb78e,SKU-5329605855,Ernie Ball E-Gitarrensaiten Regular Slinky 10-46: Ikonischer Slinky-Sound,Ernie Ball,4969913221,1,XGA0106B,1,"[{""lastUpdatedAt"":""2025-12-24T15:40:58.404Z"",""code"":""XGA0106B"",""regal"":6,""firstStoredAt"":""2025-12-24T15:40:58.404Z"",""quantity"":1,""zone"":""X"",""etage"":""GA"",""ebene"":""B"",""gang"":1}]",0
578c3341-658b-46d1-b419-b4ce60b534a5,SKU-9688561402,Oventrop Schrägsitzventil DN50 Totraumfrei für höchste Hygiene,Oventrop,,1,XGA0102D,1,"[{""etage"":""GA"",""zone"":""X"",""lastUpdatedAt"":""2025-12-24T17:48:27.870Z"",""ebene"":""D"",""regal"":2,""quantity"":1,""code"":""XGA0102D"",""gang"":1,""firstStoredAt"":""2025-12-24T17:48:27.870Z""}]",0
5900811829102,SKU-8404970287,Eurofirany Verdunkelungsvorhang Logan: Perfekte Verdunkelung & Privatsphäre,Eurofirany,5900811829102,1,XGA0201C,1,"[{""code"":""XGA0201C"",""lastUpdatedAt"":""2025-12-21T16:22:20.050Z"",""regal"":1,""zone"":""X"",""etage"":""GA"",""firstStoredAt"":""2025-12-21T16:22:20.050Z"",""quantity"":1,""ebene"":""C"",""gang"":2}]",0
5901532626087,SKU-1746174206,Polcar Außenspiegel Rechts Fiat Ducato 2006-2011 Elektrisch Beheizt,Polcar,5901532626087,1,XGA0106D,1,"[{""lastUpdatedAt"":""2025-12-24T14:55:27.204Z"",""gang"":1,""etage"":""GA"",""quantity"":1,""regal"":6,""zone"":""X"",""code"":""XGA0106D"",""ebene"":""D"",""firstStoredAt"":""2025-12-24T14:55:27.204Z""}]",0
5904270013775,SKU-5437386727,JPN Radlagersatz für KIA Sportage ix35 – Maximale Fahrsicherheit,JPN,5904270013775,1,XGA0106B,1,"[{""firstStoredAt"":""2025-12-24T14:59:37.016Z"",""zone"":""X"",""code"":""XGA0106B"",""regal"":6,""quantity"":1,""lastUpdatedAt"":""2025-12-24T14:59:37.016Z"",""gang"":1,""ebene"":""B"",""etage"":""GA""}]",0
5908242693453,SKU-6816251293,KAMOKA Radlagersatz für höchste Fahrsicherheit & optimalen Fahrkomfort,KAMOKA,5908242693453,1,XGA0106B,1,"[{""gang"":1,""ebene"":""B"",""firstStoredAt"":""2025-12-24T14:59:43.548Z"",""code"":""XGA0106B"",""lastUpdatedAt"":""2025-12-24T14:59:43.548Z"",""quantity"":1,""regal"":6,""zone"":""X"",""etage"":""GA""}]",0
6078c5f0-fb52-4c9c-b795-12a136ba6c79,SKU-2708761114,BITUXX Federspanner-Set Universal | Sicher & Präzise für Kfz-Wartung,BITUXX,4250394535152,1,XGA0101E,1,"[{""ebene"":""E"",""lastUpdatedAt"":""2025-12-24T14:53:31.058Z"",""gang"":1,""zone"":""X"",""etage"":""GA"",""quantity"":1,""regal"":1,""code"":""XGA0101E"",""firstStoredAt"":""2025-12-24T14:53:31.058Z""}]",0
61921411800024,SKU-6860111834,Qunsheng Haushaltshandschuhe: Robuster Naturlatex für optimalen Schutz,Qunsheng,61921411800024,0,,,[],0
6922738000364,SKU-9041995991,Latex Handschuhe 10 Stück: Optimaler Schutz für Haushalt & Garten,Nanyang NiuJin,6922738000364,5,XGA0302C,5,"[{""regal"":2,""etage"":""GA"",""quantity"":5,""code"":""XGA0302C"",""ebene"":""C"",""gang"":3,""firstStoredAt"":""2025-12-21T21:51:42.511Z"",""lastUpdatedAt"":""2025-12-21T21:51:42.511Z"",""zone"":""X""}]",0
6954850111741,SKU-0735099796,Latex Handschuhe 6 Stück - für optimalen Schutz & Komfort,Dong Fang Hong,6954850111741,21,XGA0302C,21,"[{""quantity"":21,""regal"":2,""zone"":""X"",""ebene"":""C"",""firstStoredAt"":""2025-12-21T21:47:02.379Z"",""code"":""XGA0302C"",""gang"":3,""etage"":""GA"",""lastUpdatedAt"":""2025-12-21T21:47:02.379Z""}]",0
6be95318-1354-4b38-9526-aab48b727982,SKU-6954275739,"SAGENSPEZI Sägekette .325"" 74 TG für präzise Schnitte & maximale Leistung",SAGENSPEZI,16567432516506316,2,XGA0106B,2,"[{""quantity"":2,""firstStoredAt"":""2025-12-24T14:58:30.377Z"",""lastUpdatedAt"":""2025-12-24T14:58:30.377Z"",""etage"":""GA"",""code"":""XGA0106B"",""regal"":6,""zone"":""X"",""ebene"":""B"",""gang"":1}]",0
7082024102510,SKU-1423771699,Piaggio Keilriemen Original 102C-510 für präzise Kraftübertragung,Piaggio,3615984567431,1,XGA0106B,1,"[{""etage"":""GA"",""lastUpdatedAt"":""2025-12-24T14:57:25.403Z"",""quantity"":1,""regal"":6,""ebene"":""B"",""gang"":1,""code"":""XGA0106B"",""zone"":""X"",""firstStoredAt"":""2025-12-24T14:57:25.403Z""}]",0
7290006780805,SKU-9905416565,"SodaStream Glaskaraffe 0,7L für CRYSTAL/PENGUIN - Spülmaschinenfest & Stilvoll",SodaStream,7290006780805,1,,,[],0
7290116742380,SKU-0225495136,SodaStream Crystal 3.0 Wassersprudler: Frisches Sprudelwasser auf Knopfdruck,SodaStream,7290116742380,1,XGA0301D,1,"[{""zone"":""X"",""ebene"":""D"",""quantity"":1,""regal"":1,""code"":""XGA0301D"",""lastUpdatedAt"":""2025-12-21T16:21:56.804Z"",""gang"":3,""etage"":""GA"",""firstStoredAt"":""2025-12-21T16:21:56.804Z""}]",0
7316577150929,SKU-8906682806,SKF Schrägkugellager 7315 BEGAP - Höchste Präzision für Langlebigkeit,SKF,7316577150929,2,XGA0106B,2,"[{""gang"":1,""etage"":""GA"",""zone"":""X"",""quantity"":2,""firstStoredAt"":""2025-12-24T15:40:41.586Z"",""ebene"":""B"",""regal"":6,""lastUpdatedAt"":""2025-12-24T15:40:41.586Z"",""code"":""XGA0106B""}]",0
7325549884427,SKU-6480044357,POC Fahrradhelm Axion Race MIPS – Premium MTB Schutz & Rotationsschutz,POC,7325549884427,1,XGA0301C,1,"[{""etage"":""GA"",""ebene"":""C"",""gang"":3,""firstStoredAt"":""2025-12-24T14:47:58.583Z"",""zone"":""X"",""code"":""XGA0301C"",""quantity"":1,""lastUpdatedAt"":""2025-12-24T14:47:58.583Z"",""regal"":1}]",0
74429111967912,SKU-6162434731,KOTO Dartständer Höhenverstellbar & Ultrastabil für perfektes Spiel,KOTO,74429111967912,1,XGA0106A,1,"[{""lastUpdatedAt"":""2025-12-24T15:53:36.826Z"",""code"":""XGA0106A"",""gang"":1,""ebene"":""A"",""zone"":""X"",""etage"":""GA"",""firstStoredAt"":""2025-12-24T15:53:36.826Z"",""regal"":6,""quantity"":1}]",0
7611916163227,SKU-1703368789,Weleda Tagescreme: Festigende Anti-Aging Pflege für reife Haut mit Kollagen-Boost,Weleda,7611916163227,1,XGA0304A,1,"[{""zone"":""X"",""quantity"":1,""lastUpdatedAt"":""2025-12-21T16:21:02.218Z"",""firstStoredAt"":""2025-12-21T16:21:02.218Z"",""regal"":4,""etage"":""GA"",""ebene"":""A"",""code"":""XGA0304A"",""gang"":3}]",0
7778bbb4-0a11-414b-a323-1573ab313f48,SKU-6044260478,MAHLE Ausgleichsbehälter VW Transporter: Optimale Kühlung & Langlebigkeit,MAHLE,4057635165101,1,XGA0106C,1,"[{""firstStoredAt"":""2025-12-24T15:41:19.139Z"",""etage"":""GA"",""regal"":6,""quantity"":1,""code"":""XGA0106C"",""zone"":""X"",""gang"":1,""lastUpdatedAt"":""2025-12-24T15:41:19.139Z"",""ebene"":""C""}]",0
8052694010041,SKU-2801069572,LEGAMI MILANO Federmäppchen Kawaii Pinguin – Stilvolle Organisation für Stifte,LEGAMI MILANO,8052694010041,1,,,[],0
85020cb2-38be-42d7-a2d1-bb5aa92d9e36,SKU-5952589845,Unbekant Oberfräse 3709 für präzise Kanten & Nuten in Holz,Unbekant,11203709,1,XGA0101C,1,"[{""ebene"":""C"",""code"":""XGA0101C"",""firstStoredAt"":""2025-12-24T16:37:46.485Z"",""zone"":""X"",""quantity"":1,""etage"":""GA"",""regal"":1,""lastUpdatedAt"":""2025-12-24T16:37:46.485Z"",""gang"":1}]",0
8718042150288,SKU-3341294632,NRF Ladeluftkühler BMW: Optimiert Leistung und Effizienz,NRF,8718042150288,1,XGA0106D,1,"[{""regal"":6,""quantity"":1,""code"":""XGA0106D"",""etage"":""GA"",""firstStoredAt"":""2025-12-24T14:55:20.482Z"",""lastUpdatedAt"":""2025-12-24T14:55:20.482Z"",""zone"":""X"",""ebene"":""D"",""gang"":1}]",0
8719076052258,SKU-9132277490,Victron Energy Batterieschalter 275A/48V für sichere DC-Systeme,Victron Energy,8719076052258,1,XGA0304A,1,"[{""lastUpdatedAt"":""2025-12-21T16:20:44.888Z"",""ebene"":""A"",""firstStoredAt"":""2025-12-21T16:20:44.888Z"",""regal"":4,""etage"":""GA"",""gang"":3,""zone"":""X"",""quantity"":1,""code"":""XGA0304A""}]",0
8720828172452,SKU-3692000771,Cloudpillo Kissen für individuellen Schlafkomfort & optimale Unterstützung,Cloudpillo,8720828172452,1,XGA0201B,1,"[{""firstStoredAt"":""2025-12-21T16:18:23.325Z"",""ebene"":""B"",""regal"":1,""gang"":2,""etage"":""GA"",""zone"":""X"",""code"":""XGA0201B"",""lastUpdatedAt"":""2025-12-21T16:18:23.325Z"",""quantity"":1}]",0
8bc07ed5-5cee-4d00-abb3-00dd4f20439d,SKU-2930571748,Bosch Hammerbohrer SDS max-4 30mm für Beton - Extreme Haltbarkeit & Präzision,Bosch,3165140564250,1,XGA0102B,1,"[{""firstStoredAt"":""2025-12-24T14:49:27.760Z"",""code"":""XGA0102B"",""ebene"":""B"",""regal"":2,""zone"":""X"",""lastUpdatedAt"":""2025-12-24T14:49:27.760Z"",""quantity"":1,""etage"":""GA"",""gang"":1}]",0
9132580602006,SKU-8036579486,CECIPA Küchenarmatur Schwarz mit Ausziehbrause für flexible Küchenarbeit,CECIPA,9132580602006,1,XGA0204B,1,"[{""code"":""XGA0204B"",""zone"":""X"",""firstStoredAt"":""2025-12-21T16:23:17.424Z"",""regal"":4,""ebene"":""B"",""gang"":2,""quantity"":1,""etage"":""GA"",""lastUpdatedAt"":""2025-12-21T16:23:17.424Z""}]",0
914f7e36-2a57-4a6c-94e3-441532afad65,SKU-3988740005,Offgridtec Sammelschiene M8 Heavy Duty für sichere Stromverteilung,Offgridtec,4250983259612,1,XGA0106B,1,"[{""lastUpdatedAt"":""2025-12-24T14:58:45.338Z"",""regal"":6,""ebene"":""B"",""zone"":""X"",""firstStoredAt"":""2025-12-24T14:58:45.338Z"",""gang"":1,""code"":""XGA0106B"",""quantity"":1,""etage"":""GA""}]",0
9aff4795-bed9-4a09-ba98-77c2e138b511,SKU-2439653897,Unbekannt A1Pro Kabelloses Ladegerät 15W Schnellladung für Qi-Geräte,Unbekannt,3738147686,0,,,[],0
SKU-0000524938,SKU-0000524938,Apple Magic Mouse 2 – Präzise Multi-Touch Maus für Mac & iPad,Apple,0195949655968,0,,,[],0
SKU-0058749943,SKU-0058749943,WMF Kinderbesteck Knuddel 4-tlg. – Fördert Selbstständigkeit & Freude am Essen,WMF,4000530351531,1,XGA0102B,1,"[{""lastUpdatedAt"":""2025-12-18T15:54:27.834Z"",""regal"":2,""ebene"":""B"",""zone"":""X"",""quantity"":1,""code"":""XGA0102B"",""firstStoredAt"":""2025-12-18T15:54:27.834Z"",""etage"":""GA"",""gang"":1}]",0
SKU-0110888325,SKU-0110888325,"ARKK Copenhagen Damen Sneaker – Stilvoll, bequem & langlebig",ARKK Copenhagen,5712929568831,1,XGA0302B,1,"[{""lastUpdatedAt"":""2025-12-05T19:08:29.694Z"",""ebene"":""B"",""etage"":""GA"",""gang"":3,""quantity"":1,""regal"":2,""firstStoredAt"":""2025-12-05T19:08:29.694Z"",""code"":""XGA0302B"",""zone"":""X""}]",0
SKU-0114729665,SKU-0114729665,Adidas Campus 00s Sneaker – Ikonischer Retro-Stil & höchster Komfort,Adidas,4066748539567,1,XGA0302A,1,"[{""quantity"":1,""gang"":3,""regal"":2,""firstStoredAt"":""2025-12-05T19:04:08.441Z"",""ebene"":""A"",""etage"":""GA"",""code"":""XGA0302A"",""zone"":""X"",""lastUpdatedAt"":""2025-12-05T19:04:08.441Z""}]",0
SKU-0152828115,SKU-0152828115,"STALESET Handtuchhalter Schwarz Matt | Robust, elegant & platzsparend",STALESET,20210522000074,1,XGA0102C,1,"[{""lastUpdatedAt"":""2025-12-18T16:04:33.873Z"",""gang"":1,""firstStoredAt"":""2025-12-18T16:04:33.873Z"",""code"":""XGA0102C"",""ebene"":""C"",""etage"":""GA"",""zone"":""X"",""quantity"":1,""regal"":2}]",0
SKU-0172791378,SKU-0172791378,lululemon Yogamatte Trainingsmatte: Maximaler Grip & Komfort für jedes Workout,lululemon,000144351296,0,XGA0202C,0,"[{""zone"":""X"",""regal"":2,""etage"":""GA"",""quantity"":1,""code"":""XGA0202C"",""firstStoredAt"":""2025-12-15T00:17:16.477Z"",""ebene"":""C"",""gang"":2,""lastUpdatedAt"":""2025-12-17T23:11:19.669Z""}]",0
SKU-0236764953,SKU-0236764953,Malossi Multivar 2000 Variator – Explosive Beschleunigung für Ihren Roller,Malossi,4250362479310,1,XGA0102B,1,"[{""lastUpdatedAt"":""2025-12-18T15:52:37.331Z"",""code"":""XGA0102B"",""gang"":1,""zone"":""X"",""etage"":""GA"",""ebene"":""B"",""firstStoredAt"":""2025-12-18T15:52:37.331Z"",""regal"":2,""quantity"":1}]",0
SKU-0280699295,SKU-0280699295,H&M Damen Strickpullover: Zeitloser Stil & Hoher Tragekomfort,H&M,09700310601067,1,XSGA0103A,1,"[{""lastUpdatedAt"":""2025-12-09T17:39:49.428Z"",""zone"":""XS"",""quantity"":1,""gang"":1,""code"":""XSGA0103A"",""regal"":3,""ebene"":""A"",""etage"":""GA"",""firstStoredAt"":""2025-12-09T17:39:49.428Z""}]",0
SKU-0310087435,SKU-0310087435,Villa Grinario Jersey-Spannbettlaken: Faltenfreier Sitz & optimaler Schlafkomfort,,2060004998275,0,XGA0201C,0,"[{""regal"":1,""gang"":2,""etage"":""GA"",""ebene"":""C"",""zone"":""X"",""firstStoredAt"":""2025-11-23T16:52:43.770Z"",""quantity"":3,""code"":""XGA0201C"",""lastUpdatedAt"":""2025-12-17T23:11:19.781Z""}]",0
SKU-0362404564,SKU-0362404564,UBRAVOO Kindersitzerhöhung mit Tablett – Sicher & Mobil für Mahlzeiten,UBRAVOO,,1,XGA0101C,1,"[{""firstStoredAt"":""2025-11-29T15:43:21.389Z"",""etage"":""GA"",""zone"":""X"",""gang"":1,""lastUpdatedAt"":""2025-11-29T15:43:21.389Z"",""code"":""XGA0101C"",""ebene"":""C"",""regal"":1,""quantity"":1}]",0
SKU-0403766178,SKU-0403766178,Jolly Füllhalter Superinky Start: Ergonomisch für Schreibanfänger,Jolly,9014400100650,2,XGA0204D,0,"[{""ebene"":""D"",""etage"":""GA"",""regal"":4,""gang"":2,""quantity"":3,""code"":""XGA0204D"",""zone"":""X"",""firstStoredAt"":""2025-12-06T19:37:47.828Z"",""lastUpdatedAt"":""2025-12-17T23:06:45.865Z""}]",0
SKU-0411747828,SKU-0411747828,JURID Bremsbelagsatz – Maximale Sicherheit & präzise Kontrolle,JURID,3306437238014,1,XGA0102B,1,"[{""regal"":2,""quantity"":1,""etage"":""GA"",""code"":""XGA0102B"",""lastUpdatedAt"":""2025-12-09T17:42:48.399Z"",""firstStoredAt"":""2025-12-09T17:42:48.399Z"",""gang"":1,""ebene"":""B"",""zone"":""X""}]",0
SKU-0522930788,SKU-0522930788,Einhell Akku-Bohrschrauber TC-CD 18/35 Li Solo – 35 Nm Power X-Change,Einhell,4006825642452,0,,,[],0
SKU-0611814591,SKU-0611814591,Lacoste Herren Hoodie Classic Fit – Zeitloser Komfort für jeden Tag,Lacoste,3666394875564,1,XSGA0103A,1,"[{""quantity"":1,""ebene"":""A"",""gang"":1,""etage"":""GA"",""lastUpdatedAt"":""2025-12-09T17:40:01.553Z"",""code"":""XSGA0103A"",""regal"":3,""zone"":""XS"",""firstStoredAt"":""2025-12-09T17:40:01.553Z""}]",0
SKU-0619911931,SKU-0619911931,Tesvor S7 Pro AES Saug- & Wischroboter mit 6000 Pa & Absaugstation,Tesvor,6973104880356,0,,,[],0
SKU-0651722148,SKU-0651722148,Topeak Oberrohrtasche mit Smartphone-Fach für sichere Navigation,Topeak,,4,XGA0102C,4,"[{""etage"":""GA"",""lastUpdatedAt"":""2025-11-21T23:19:51.974Z"",""zone"":""X"",""regal"":2,""gang"":1,""firstStoredAt"":""2025-11-21T23:19:51.974Z"",""quantity"":4,""ebene"":""C"",""code"":""XGA0102C""}]",0
SKU-0698797502,SKU-0698797502,Police WALDO Herren Geldbörse aus Echtleder – Elegant & Langlebig,Police,4260566841011,1,XSGA0103B,1,"[{""quantity"":1,""lastUpdatedAt"":""2025-12-09T17:38:13.282Z"",""zone"":""XS"",""regal"":3,""gang"":1,""firstStoredAt"":""2025-12-09T17:38:13.282Z"",""etage"":""GA"",""code"":""XSGA0103B"",""ebene"":""B""}]",0
SKU-0785869755,SKU-0785869755,Terry Exera Gel Fahrradsattel Herren – Ergonomisch für höchsten Komfort,Terry,4260477074874,1,XGA0102C,1,"[{""etage"":""GA"",""lastUpdatedAt"":""2025-11-23T16:55:32.860Z"",""gang"":1,""firstStoredAt"":""2025-11-23T16:55:32.860Z"",""quantity"":1,""regal"":2,""ebene"":""C"",""zone"":""X"",""code"":""XGA0102C""}]",0
SKU-0808524453,SKU-0808524453,ASICS Sneaker EX89: Zeitloser Stil & Premium-Komfort für Alltag,ASICS,4550457733144,0,,,[],0
SKU-0871959830,SKU-0871959830,Coffee Cup Automatischer Rührbecher USB-wiederaufladbar für perfekte Mischungen,,9331521033415,0,,,[],0
SKU-0874304411,SKU-0874304411,,,,0,,,[],
SKU-0974179694,SKU-0974179694,wolfcraft Eckzwingen-Set ES 22 für präzise 90°-Winkel & stabile Holzprojekte,wolfcraft,2230510001022,2,XSGA0103B,2,"[{""etage"":""GA"",""firstStoredAt"":""2025-12-18T15:49:18.372Z"",""ebene"":""B"",""regal"":3,""gang"":1,""zone"":""XS"",""code"":""XSGA0103B"",""quantity"":2,""lastUpdatedAt"":""2025-12-18T15:49:18.372Z""}]",0
SKU-0982370040,SKU-0982370040,"GardenGrill Gas Plancha Challenger III – 3 Brenner, 7,5kW, Tischgerät",GardenGrill,8712024095246,1,XGA0103E,1,"[{""regal"":3,""firstStoredAt"":""2025-12-05T14:46:29.392Z"",""gang"":1,""code"":""XGA0103E"",""quantity"":1,""zone"":""X"",""ebene"":""E"",""etage"":""GA"",""lastUpdatedAt"":""2025-12-05T14:46:29.392Z""}]",0
SKU-0989494543,SKU-0989494543,Adidas SL 72 OG W Damen Sneaker: Ikonischer Retro-Stil & Höchster Komfort,Adidas,4067904005667,1,XGA0302A,1,"[{""lastUpdatedAt"":""2025-12-05T19:03:41.747Z"",""quantity"":1,""regal"":2,""zone"":""X"",""firstStoredAt"":""2025-12-05T19:03:41.747Z"",""etage"":""GA"",""code"":""XGA0302A"",""gang"":3,""ebene"":""A""}]",0
SKU-1040274599,SKU-1040274599,SCM Bilderbuch: Mut & Freundschaft für Kinder – Stärkt Eltern-Kind-Bindung,SCM,9783417288889,1,XSGA0103A,1,"[{""ebene"":""A"",""lastUpdatedAt"":""2025-12-09T16:25:54.569Z"",""etage"":""GA"",""regal"":3,""code"":""XSGA0103A"",""firstStoredAt"":""2025-12-09T16:25:54.569Z"",""quantity"":1,""zone"":""XS"",""gang"":1}]",0
SKU-1066852367,SKU-1066852367,Shelly Smart Switch mit präziser Leistungsmessung für Ihr Smart Home,Shelly,3800235261590,0,,,[],0
SKU-1153910217,SKU-1153910217,Shure SM58-LCE Gesangsmikrofon für professionellen Live-Sound,Shure,042406071826,1,XGA0102C,1,"[{""ebene"":""C"",""gang"":1,""lastUpdatedAt"":""2025-12-18T15:46:39.163Z"",""code"":""XGA0102C"",""firstStoredAt"":""2025-12-18T15:46:39.163Z"",""etage"":""GA"",""zone"":""X"",""regal"":2,""quantity"":1}]",0
SKU-1181918814,SKU-1181918814,Kaweco Füllfederhalter Set GLOW Yellow für leuchtende Akzente,Kaweco,4250278616342,1,XSGA0103A,1,"[{""lastUpdatedAt"":""2025-12-18T15:58:19.783Z"",""etage"":""GA"",""zone"":""XS"",""gang"":1,""quantity"":1,""ebene"":""A"",""regal"":3,""firstStoredAt"":""2025-12-18T15:58:19.783Z"",""code"":""XSGA0103A""}]",0
SKU-1230781227,SKU-1230781227,"Villa Grinario Jersey Spannbettlaken: Weich, atmungsaktiv & bügelfrei",Villa Grinario,,2,XGA0201C,2,"[{""lastUpdatedAt"":""2025-11-23T16:54:27.281Z"",""gang"":2,""zone"":""X"",""firstStoredAt"":""2025-11-23T16:54:27.281Z"",""ebene"":""C"",""etage"":""GA"",""quantity"":2,""regal"":1,""code"":""XGA0201C""}]",0
SKU-1419839651,SKU-1419839651,Adidas Kinder Sneaker VS Switch 3 CF C: Einfaches Anziehen & sicherer Halt,Adidas,4066755796946,1,XGA0301B,1,"[{""gang"":3,""ebene"":""B"",""firstStoredAt"":""2025-12-05T19:12:48.196Z"",""regal"":1,""quantity"":1,""lastUpdatedAt"":""2025-12-05T19:12:48.196Z"",""code"":""XGA0301B"",""etage"":""GA"",""zone"":""X""}]",0
SKU-1483282001,SKU-1483282001,"DUO Collection Chefsessel Tiago XXL - Ergonomisch, Komfortabel & Robust",DUO Collection,4260590714022,0,,,[],0
SKU-1566313678,SKU-1566313678,Kein & Aber Bilderbuch Hundert: Zeitlose Lebenslektionen für die Familie,Kein & Aber,9783036957814,1,XGA0303C,1,"[{""ebene"":""C"",""zone"":""X"",""lastUpdatedAt"":""2025-12-09T16:23:14.269Z"",""quantity"":1,""firstStoredAt"":""2025-12-09T16:23:14.269Z"",""code"":""XGA0303C"",""regal"":3,""etage"":""GA"",""gang"":3}]",0
SKU-1612836881,SKU-1612836881,Wera Fahrrad Werkzeug-Set 6: Präzise Wartung mit T-Griff & Hex-Plus,Wera,4013288220592,1,XGA0103B,1,"[{""code"":""XGA0103B"",""zone"":""X"",""ebene"":""B"",""quantity"":1,""etage"":""GA"",""firstStoredAt"":""2025-12-18T16:05:44.219Z"",""regal"":3,""lastUpdatedAt"":""2025-12-18T16:05:44.219Z"",""gang"":1}]",0
SKU-1618101796,SKU-1618101796,Wera Maul-Ringschlüssel 6003 Joker 6mm mit schneller Ringratschenfunktion,,4013288218780,0,XGA0202C,0,"[{""quantity"":1,""zone"":""X"",""ebene"":""C"",""regal"":2,""lastUpdatedAt"":""2025-12-17T23:11:19.922Z"",""gang"":2,""etage"":""GA"",""firstStoredAt"":""2025-12-06T19:37:16.860Z"",""code"":""XGA0202C""}]",0
SKU-1782951292,SKU-1782951292,Wella Professionals Shampoo für Beruhigung & Sanfte Reinigung Empfindlicher Kopfhaut,Wella Professionals,4064666043425,6,XGA0103C,6,"[{""firstStoredAt"":""2025-12-18T16:00:09.551Z"",""code"":""XGA0103C"",""quantity"":6,""lastUpdatedAt"":""2025-12-18T16:00:09.551Z"",""ebene"":""C"",""gang"":1,""regal"":3,""etage"":""GA"",""zone"":""X""}]",0
SKU-1789286937,SKU-1789286937,"Engelbert Strauss T-Shirt: Robust, bequem & vielseitig für Arbeit & Freizeit",Engelbert Strauss,,0,XSGA0103A,0,"[{""firstStoredAt"":""2025-12-09T17:41:35.857Z"",""regal"":3,""etage"":""GA"",""gang"":1,""code"":""XSGA0103A"",""quantity"":1,""zone"":""XS"",""ebene"":""A"",""lastUpdatedAt"":""2025-12-17T23:11:20.021Z""}]",0
SKU-1825816304,SKU-1825816304,ZWILLING TWIN CHEF Universalmesser 130mm – Maximale Schärfe & Präzision,ZWILLING J.A. HENCKELS,4009839270970,1,XGA0102C,1,"[{""regal"":2,""lastUpdatedAt"":""2025-12-18T16:07:17.852Z"",""code"":""XGA0102C"",""ebene"":""C"",""etage"":""GA"",""quantity"":1,""zone"":""X"",""gang"":1,""firstStoredAt"":""2025-12-18T16:07:17.852Z""}]",0
SKU-1887574140,SKU-1887574140,GUSSKÖNIG Dutch Oven 9L – Perfekte Hitzeverteilung für Outdoor-Kochen,GUSSKÖNIG,4270003118781,0,,,[],0
SKU-1937479862,SKU-1937479862,"CampFeuer Campingliege mit Sonnendach – Klappbar, leicht & UV-Schutz",,4067673005776,0,XGA0104E,0,"[{""ebene"":""E"",""lastUpdatedAt"":""2025-12-17T23:11:20.119Z"",""code"":""XGA0104E"",""zone"":""X"",""quantity"":1,""firstStoredAt"":""2025-12-05T17:09:45.995Z"",""gang"":1,""regal"":4,""etage"":""GA""}]",0
SKU-1961998362,SKU-1961998362,KOENIC Zitruspresse – Frischer Saft schnell & mühelos genießen,KOENIC,4049011166479,1,XGA0103B,1,"[{""code"":""XGA0103B"",""etage"":""GA"",""firstStoredAt"":""2025-12-13T15:38:24.962Z"",""quantity"":1,""lastUpdatedAt"":""2025-12-13T15:38:24.962Z"",""gang"":1,""zone"":""X"",""regal"":3,""ebene"":""B""}]",0
SKU-2019125675,SKU-2019125675,"Derma Pen Germany Microneedling Pen für straffere, revitalisierte Haut",Derma Pen Germany,4065464002256,1,XGA0102B,1,"[{""lastUpdatedAt"":""2025-12-18T15:54:09.076Z"",""quantity"":1,""ebene"":""B"",""gang"":1,""firstStoredAt"":""2025-12-18T15:54:09.076Z"",""regal"":2,""etage"":""GA"",""zone"":""X"",""code"":""XGA0102B""}]",0
SKU-2114384722,SKU-2114384722,Hawkers Sonnenbrille Romaj: Eleganter UV400 Schutz & Zeitloser Stil,,8436579110321,0,XSGA0103B,0,"[{""etage"":""GA"",""zone"":""XS"",""code"":""XSGA0103B"",""quantity"":1,""firstStoredAt"":""2025-12-09T17:37:28.778Z"",""ebene"":""B"",""gang"":1,""lastUpdatedAt"":""2025-12-17T23:11:20.281Z"",""regal"":3}]",0
SKU-2123165909,SKU-2123165909,HLI Schubladenschienen Vollauszug für maximalen Zugriff & Komfort,HLI,6440891157249,6,XGA0102D,6,"[{""firstStoredAt"":""2025-12-18T16:08:17.117Z"",""ebene"":""D"",""code"":""XGA0102D"",""zone"":""X"",""regal"":2,""quantity"":6,""etage"":""GA"",""gang"":1,""lastUpdatedAt"":""2025-12-18T16:08:17.117Z""}]",0
SKU-2135446963,SKU-2135446963,Dexcom G6 Glukosesensoren: Präzise Echtzeit-Glukosewerte für Diabetiker,Dexcom,,0,,,[],0
SKU-2151943751,SKU-2151943751,Cretacolor Harte Graupastelle 12er Set für präzise Details,Cretacolor,9002592485129,1,XGA0204D,1,"[{""lastUpdatedAt"":""2025-12-06T19:38:38.275Z"",""regal"":4,""etage"":""GA"",""zone"":""X"",""code"":""XGA0204D"",""firstStoredAt"":""2025-12-06T19:38:38.275Z"",""gang"":2,""ebene"":""D"",""quantity"":1}]",0
SKU-2152217706,SKU-2152217706,WMF Elektrische Mühle Ceramill: Präzise Würze auf Knopfdruck,WMF,4000530685841,1,XGA0102B,1,"[{""regal"":2,""etage"":""GA"",""quantity"":1,""firstStoredAt"":""2025-12-18T15:51:48.336Z"",""zone"":""X"",""gang"":1,""code"":""XGA0102B"",""ebene"":""B"",""lastUpdatedAt"":""2025-12-18T15:51:48.336Z""}]",0
SKU-2384085318,SKU-2384085318,Seltmann Weiden Kaffeeservice Lido Solid Black 18-tlg. Spülmaschinenfest,Seltmann Weiden,4052212121253,1,XGA0203B,1,"[{""regal"":3,""lastUpdatedAt"":""2025-12-06T19:24:56.679Z"",""firstStoredAt"":""2025-12-06T19:24:56.679Z"",""etage"":""GA"",""gang"":2,""zone"":""X"",""quantity"":1,""ebene"":""B"",""code"":""XGA0203B""}]",0
SKU-2384804976,SKU-2384804976,New Balance Damen Sneaker 9060 – Maximaler Komfort & Stil,New Balance,0197967813450,0,,,[],0
SKU-2388529978,SKU-2388529978,SAD Toner B423K Schwarz für Brother Drucker – Hohe Seitenleistung,SAD,8718891015547,1,XGA0101B,1,"[{""lastUpdatedAt"":""2025-12-09T17:46:20.566Z"",""zone"":""X"",""quantity"":1,""etage"":""GA"",""regal"":1,""code"":""XGA0101B"",""firstStoredAt"":""2025-12-09T17:46:20.566Z"",""ebene"":""B"",""gang"":1}]",0
SKU-2391228513,SKU-2391228513,Adidas Handball Spezial W Sneaker Damen - Ikonisches Design & Komfort,Adidas,4067904336044,1,XGA0302A,1,"[{""quantity"":1,""gang"":3,""zone"":""X"",""ebene"":""A"",""firstStoredAt"":""2025-12-05T19:03:51.022Z"",""code"":""XGA0302A"",""lastUpdatedAt"":""2025-12-05T19:03:51.022Z"",""regal"":2,""etage"":""GA""}]",0
SKU-2417212434,SKU-2417212434,McDavid Kniebandage 421 für Sport & Reha – Gezielte Unterstützung Gr. S,,029369421134,2,XGA0102C,2,"[{""ebene"":""C"",""etage"":""GA"",""quantity"":2,""firstStoredAt"":""2025-12-18T15:46:10.997Z"",""lastUpdatedAt"":""2025-12-18T15:46:15.817Z"",""gang"":1,""code"":""XGA0102C"",""zone"":""X"",""regal"":2}]",0
SKU-2561166298,SKU-2561166298,Hodalump Herren Geldbörse: Vintage Leder mit RFID-Schutz & 12 Fächern,Hodalump,4260325431309,0,,,[],0
SKU-2566552410,SKU-2566552410,Wera Bit-Satz 61-tlg. Torx für präzise Schraubarbeiten & Langlebigkeit,Wera,4013288165657,0,,,[],0
SKU-2609353370,SKU-2609353370,PROGARDEN Gartenbank Genziana 2-Sitzer wetterfest & pflegeleicht,PROGARDEN,,0,,,[],0
SKU-2611077541,SKU-2611077541,Glossyautoparts Nockenwelle für optimierte Motorleistung & Effizienz,Glossyautoparts,4071003351342,1,XGA0102B,1,"[{""quantity"":1,""ebene"":""B"",""zone"":""X"",""gang"":1,""lastUpdatedAt"":""2025-12-09T17:42:39.562Z"",""firstStoredAt"":""2025-12-09T17:42:39.562Z"",""etage"":""GA"",""regal"":2,""code"":""XGA0102B""}]",0
SKU-2621538468,SKU-2621538468,Brandson Tischventilator 30cm – Starke Kühlung für Zuhause,Brandson,4062861006757,1,XGA0202E,1,"[{""ebene"":""E"",""regal"":2,""gang"":2,""zone"":""X"",""code"":""XGA0202E"",""firstStoredAt"":""2025-11-29T14:58:42.040Z"",""quantity"":1,""lastUpdatedAt"":""2025-11-29T14:58:42.040Z"",""etage"":""GA""}]",0
SKU-2633108165,SKU-2633108165,WALSER Hagelschutzplane Perma Protect S | Ultimativer Schutz vor Hagel & Ästen,WALSER,9001778309730,1,XGA0201E,1,"[{""code"":""XGA0201E"",""lastUpdatedAt"":""2025-12-17T15:04:43.058Z"",""gang"":2,""quantity"":1,""ebene"":""E"",""zone"":""X"",""firstStoredAt"":""2025-12-17T15:04:43.058Z"",""regal"":1,""etage"":""GA""}]",0
SKU-2636479706,SKU-2636479706,VIDEX Garden Winterschutzhaus PALM-PROTECT: Optimaler Frostschutz für Pflanzen,,4007114298916,0,,,[],0
SKU-2638568297,SKU-2638568297,Altra Escalante 4 Herren Laufschuh – Dynamik & Komfort für schnelle Läufe,Altra,0197642799444,1,XGA0301B,1,"[{""quantity"":1,""gang"":3,""zone"":""X"",""code"":""XGA0301B"",""lastUpdatedAt"":""2025-12-05T19:11:41.190Z"",""regal"":1,""etage"":""GA"",""ebene"":""B"",""firstStoredAt"":""2025-12-05T19:11:41.190Z""}]",0
SKU-2638580995,SKU-2638580995,Bellabino Kinderregal Towy Mobil: Fördert spielerisch Ordnung & Selbstständigkeit,Bellabino,,1,XGA0203E,1,"[{""ebene"":""E"",""firstStoredAt"":""2025-11-29T15:40:50.472Z"",""etage"":""GA"",""quantity"":1,""regal"":3,""zone"":""X"",""lastUpdatedAt"":""2025-12-15T00:34:03.594Z"",""code"":""XGA0203E"",""gang"":2}]",0
SKU-2690684566,SKU-2690684566,MANN-FILTER Ölfilter HU 720/3 x für optimalen Motorschutz,MANN-FILTER,4011558327507,1,XSGA0103B,1,"[{""gang"":1,""ebene"":""B"",""code"":""XSGA0103B"",""lastUpdatedAt"":""2025-12-18T15:51:13.963Z"",""firstStoredAt"":""2025-12-18T15:51:13.963Z"",""etage"":""GA"",""regal"":3,""quantity"":1,""zone"":""XS""}]",0
SKU-2789683373,SKU-2789683373,"Brandson Standventilator: Leise Kühlung, Höhenverstellbar & Oszillierend",Brandson,4061474039602,1,XGA0203E,1,"[{""regal"":3,""firstStoredAt"":""2025-11-23T17:40:04.046Z"",""quantity"":1,""etage"":""GA"",""code"":""XGA0203E"",""lastUpdatedAt"":""2025-11-23T17:40:04.046Z"",""zone"":""X"",""ebene"":""E"",""gang"":2}]",0
SKU-2801069572,SKU-2801069572,,,,0,,,[],
SKU-2804135383,SKU-2804135383,ERZEKRIM Ferritkern Set 40tlg. | RFI/EMI Entstörung | Klare Signale,ERZEKRIM,07445038719723,1,XGA0102B,1,"[{""firstStoredAt"":""2025-12-18T15:52:13.054Z"",""ebene"":""B"",""regal"":2,""quantity"":1,""code"":""XGA0102B"",""lastUpdatedAt"":""2025-12-18T15:52:13.054Z"",""etage"":""GA"",""gang"":1,""zone"":""X""}]",0
SKU-2841208491,SKU-2841208491,Südpol Verlag Bilderbuch für Kinder ab 3 Jahren: Freundschaft & Teilen lernen,Südpol Verlag,9783965940628,1,XSGA0103A,1,"[{""ebene"":""A"",""quantity"":1,""firstStoredAt"":""2025-12-09T16:28:24.233Z"",""regal"":3,""gang"":1,""lastUpdatedAt"":""2025-12-09T16:28:24.233Z"",""etage"":""GA"",""zone"":""XS"",""code"":""XSGA0103A""}]",0
SKU-2965430996,SKU-2965430996,Beliani Beistelltisch CAORIA: Eleganter Terrazzo-Blickfang für Innen & Außen,Beliani,,2,XGA0204D,1,"[{""regal"":4,""zone"":""X"",""ebene"":""D"",""gang"":2,""etage"":""GA"",""code"":""XGA0204D"",""lastUpdatedAt"":""2025-11-29T16:25:26.629Z"",""firstStoredAt"":""2025-11-29T16:25:26.629Z"",""quantity"":1}]",0
SKU-3046032177,SKU-3046032177,Tineco Akku-Hartbodenreiniger Floor One S5: Saugt & Wischt gleichzeitig,Tineco,6972200196132,1,XGA0202E,1,"[{""firstStoredAt"":""2025-11-28T18:37:43.373Z"",""regal"":2,""lastUpdatedAt"":""2025-11-28T18:37:43.373Z"",""quantity"":1,""code"":""XGA0202E"",""zone"":""X"",""ebene"":""E"",""etage"":""GA"",""gang"":2}]",0
SKU-3047799035,SKU-3047799035,ABUS Kettenschloss Iven Chain 7210/110 – Hoher Diebstahlschutz & Lackschonend,ABUS,4003318877841,1,XGA0102B,1,"[{""etage"":""GA"",""ebene"":""B"",""lastUpdatedAt"":""2025-12-18T15:55:34.938Z"",""code"":""XGA0102B"",""firstStoredAt"":""2025-12-18T15:55:34.938Z"",""regal"":2,""zone"":""X"",""gang"":1,""quantity"":1}]",0
SKU-3086033338,SKU-3086033338,JURID Bremsbelagsatz – Optimale Bremsleistung & Sicherheit,JURID,3306437248600,1,XGA0102B,1,"[{""lastUpdatedAt"":""2025-12-09T17:44:18.881Z"",""firstStoredAt"":""2025-12-09T17:44:18.881Z"",""code"":""XGA0102B"",""ebene"":""B"",""gang"":1,""etage"":""GA"",""regal"":2,""quantity"":1,""zone"":""X""}]",0
SKU-3093460977,SKU-3093460977,LLIVEKIT Heißluftfritteuse Dual-Zone 9L – Gesund & Schnell Kochen,LLIVEKIT,20001500,1,XGA0202A,1,"[{""ebene"":""A"",""zone"":""X"",""gang"":2,""lastUpdatedAt"":""2025-12-15T00:36:40.959Z"",""etage"":""GA"",""quantity"":1,""firstStoredAt"":""2025-11-29T14:58:09.421Z"",""code"":""XGA0202A"",""regal"":2}]",0
SKU-3095199472,SKU-3095199472,Skechers Golfschuhe Damen GO GOLF MAX-FAIRWAY 3: Optimaler Komfort,,195969554562,0,XGA0301B,0,"[{""quantity"":1,""firstStoredAt"":""2025-12-05T19:11:53.936Z"",""code"":""XGA0301B"",""gang"":3,""regal"":1,""ebene"":""B"",""lastUpdatedAt"":""2025-12-17T23:11:20.617Z"",""etage"":""GA"",""zone"":""X""}]",0
SKU-3132130051,SKU-3132130051,Skechers Herren Sneaker Street UNO: Air-Cooled Memory Foam Komfort,Skechers,0198739801378,1,XGA0301B,1,"[{""quantity"":1,""zone"":""X"",""lastUpdatedAt"":""2025-12-05T19:12:41.629Z"",""code"":""XGA0301B"",""ebene"":""B"",""etage"":""GA"",""gang"":3,""firstStoredAt"":""2025-12-05T19:12:41.629Z"",""regal"":1}]",0
SKU-3149269291,SKU-3149269291,Nidec Sankyo Motorisierter Kartenleser – Präzision für Dauerbetrieb,Nidec Sankyo,,1,XGA0204B,1,"[{""quantity"":1,""etage"":""GA"",""lastUpdatedAt"":""2025-12-02T15:20:20.235Z"",""firstStoredAt"":""2025-12-02T15:20:20.235Z"",""regal"":4,""ebene"":""B"",""gang"":2,""code"":""XGA0204B"",""zone"":""X""}]",0
SKU-3190070125,SKU-3190070125,GREELUE Aufbewahrungskörbe 3er Set – Stapelbar für perfekte Ordnung,GREELUE,4262409580118,0,,,[],0
SKU-3210037840,SKU-3210037840,Beautex Jersey Spannbettlaken 90x200cm Dunkelbraun für Boxspringbetten,Beautex,4058473411560,1,XGA0201C,1,"[{""quantity"":1,""firstStoredAt"":""2025-12-05T17:09:18.319Z"",""regal"":1,""etage"":""GA"",""ebene"":""C"",""code"":""XGA0201C"",""lastUpdatedAt"":""2025-12-15T00:14:25.970Z"",""zone"":""X"",""gang"":2}]",0
SKU-3213392901,SKU-3213392901,Nike Tennisschuh Zoom Vapor 12 CLY für Herren - Top Sandplatz-Performance,Nike,19760256779314,1,XGA0302B,1,"[{""code"":""XGA0302B"",""ebene"":""B"",""quantity"":1,""regal"":2,""etage"":""GA"",""zone"":""X"",""lastUpdatedAt"":""2025-12-05T19:08:37.530Z"",""firstStoredAt"":""2025-12-05T19:08:37.530Z"",""gang"":3}]",0
SKU-3226209432,SKU-3226209432,"WOLTU Standregal Weiß – Kompakt, vielseitig & platzsparend für jeden Raum",WOLTU,4063425163489,0,,,[],0
SKU-3368481451,SKU-3368481451,"Puma Damen Sneaker Clyde Palais Artisan – Stilvoll, Bequem, Langlebig",Puma,4067983135699,1,XGA0302A,1,"[{""lastUpdatedAt"":""2025-12-05T19:05:46.497Z"",""regal"":2,""code"":""XGA0302A"",""zone"":""X"",""firstStoredAt"":""2025-12-05T19:05:46.497Z"",""quantity"":1,""etage"":""GA"",""gang"":3,""ebene"":""A""}]",0
SKU-3475457190,SKU-3475457190,Upgrade4cars X2 Sitzauflagen Universal – Optimaler Schutz für Vordersitze,,301729237,0,XGA0302D,0,"[{""regal"":2,""zone"":""X"",""ebene"":""D"",""gang"":3,""etage"":""GA"",""firstStoredAt"":""2025-12-05T19:15:12.334Z"",""quantity"":24,""lastUpdatedAt"":""2025-12-17T23:11:20.741Z"",""code"":""XGA0302D""}]",0
SKU-3566484007,SKU-3566484007,Steambow Bodkinpfeile AR-Serie: 6er Set für höchste Präzision & Durchschlagskraft,Steambow,91120092210987,1,XSGA0103A,1,"[{""zone"":""XS"",""code"":""XSGA0103A"",""ebene"":""A"",""firstStoredAt"":""2025-12-18T15:57:30.345Z"",""regal"":3,""etage"":""GA"",""lastUpdatedAt"":""2025-12-18T15:57:30.345Z"",""quantity"":1,""gang"":1}]",0
SKU-3588671475,SKU-3588671475,Topeak Ratchet Rocket Essential Fahrradwerkzeugset für präzise Reparaturen,Topeak,4710069708958,0,,,[],0
SKU-3622017850,SKU-3622017850,Mackie HM-4 Kopfhörerverstärker für professionelles 4-Kanal Monitoring,Mackie,0663961054064,0,,,[],0
SKU-3734657776,SKU-3734657776,Hansgrohe Waschtischarmatur Vernis Blend 100 Chrom – Spart Wasser mit EcoSmart,Hansgrohe,4059625316207,0,,,[],0
SKU-3783198734,SKU-3783198734,HOLMENKOL Oxydstein für Ski & Snowboard - Max. Gleitfähigkeit,HOLMENKOL,4014701024414,1,XSGA0103B,1,"[{""lastUpdatedAt"":""2025-12-18T15:50:52.027Z"",""ebene"":""B"",""code"":""XSGA0103B"",""quantity"":1,""gang"":1,""firstStoredAt"":""2025-12-18T15:50:52.027Z"",""zone"":""XS"",""etage"":""GA"",""regal"":3}]",0
SKU-3818412905,SKU-3818412905,Hermès Terre d'Hermès EDT für zeitlose Eleganz Herren 100ml,Hermès,3346130009603,0,,,[],0
SKU-3963918245,SKU-3963918245,Success Courier Pumpensteuerung DSK-1: Konstanter Druck & Trockenlaufschutz,Success Courier,6431619024,2,XGA0101B,1,"[{""quantity"":1,""firstStoredAt"":""2025-12-13T15:47:02.209Z"",""regal"":1,""zone"":""X"",""gang"":1,""etage"":""GA"",""lastUpdatedAt"":""2025-12-13T15:47:02.209Z"",""ebene"":""B"",""code"":""XGA0101B""},{""regal"":2,""zone"":""X"",""code"":""XGA0202C"",""gang"":2,""etage"":""GA"",""firstStoredAt"":""2025-12-05T14:42:10.103Z"",""ebene"":""C"",""lastUpdatedAt"":""2025-12-05T14:42:10.103Z"",""quantity"":1}]",0
SKU-3992211748,SKU-3992211748,Nike Defy All Day Damen Sportschuh: Optimaler Komfort & Stabilität,Nike,1952370903315,1,XGA0301B,0,"[{""gang"":3,""lastUpdatedAt"":""2025-12-05T19:12:12.783Z"",""ebene"":""B"",""zone"":""X"",""etage"":""GA"",""code"":""XGA0301B"",""quantity"":1,""firstStoredAt"":""2025-12-05T19:12:12.783Z"",""regal"":1}]",0
SKU-4008377248,SKU-4008377248,Divasya Yoga Yogamatte Profi-Grip für sichere & stabile Praxis,Divasya Yoga,4262403770898,1,XGA0202C,1,"[{""gang"":2,""code"":""XGA0202C"",""lastUpdatedAt"":""2025-12-06T19:27:12.070Z"",""etage"":""GA"",""regal"":2,""zone"":""X"",""ebene"":""C"",""quantity"":1,""firstStoredAt"":""2025-12-06T19:27:12.070Z""}]",0
SKU-4017783375,SKU-4017783375,Blivrig LED Fluter 300W IP66 – Extrem Hell & Wetterfest für Außen,Blivrig,,2,XGA0202D,2,"[{""code"":""XGA0202D"",""quantity"":2,""regal"":2,""ebene"":""D"",""gang"":2,""lastUpdatedAt"":""2025-11-29T15:11:45.834Z"",""etage"":""GA"",""zone"":""X"",""firstStoredAt"":""2025-11-29T15:11:45.834Z""}]",0
SKU-4069701323,SKU-4069701323,"Jolly Doppelfasermaler Superstars Duo: 24 brillante, auswaschbare Farben",Jolly,9014400103538,15,XGA0204D,15,"[{""lastUpdatedAt"":""2025-12-06T19:34:22.891Z"",""firstStoredAt"":""2025-12-06T19:34:22.891Z"",""etage"":""GA"",""regal"":4,""zone"":""X"",""quantity"":15,""ebene"":""D"",""code"":""XGA0204D"",""gang"":2}]",0
SKU-4118229261,SKU-4118229261,ROCKBROS Minipumpe Fahrradpumpe mit Halterung – Leicht & Robust,ROCKBROS,6931915757670,1,XSGA0103A,1,"[{""regal"":3,""etage"":""GA"",""firstStoredAt"":""2025-12-18T15:57:12.616Z"",""lastUpdatedAt"":""2025-12-18T15:57:12.616Z"",""ebene"":""A"",""gang"":1,""quantity"":1,""zone"":""XS"",""code"":""XSGA0103A""}]",0
SKU-4204090012,SKU-4204090012,Villa Grinario Jersey-Spannbettuch 100x200 cm Blau – Bügelfrei & Hautfreundlich,Villa Grinario,,3,XGA0201C,3,"[{""zone"":""X"",""quantity"":3,""ebene"":""C"",""gang"":2,""code"":""XGA0201C"",""etage"":""GA"",""lastUpdatedAt"":""2025-11-21T23:26:35.678Z"",""regal"":1,""firstStoredAt"":""2025-11-21T23:26:35.678Z""}]",0
SKU-4212491486,SKU-4212491486,Unbekannt Handpan – Warmer Klang für Meditation & tiefe Entspannung,Unbekannt,,0,,,[],0
SKU-4264334297,SKU-4264334297,lionelo Laufgitter Willow: Sichere & faltbare Spieloase für Babys,lionelo,5903771709217,0,,,[],0
SKU-4304000683,SKU-4304000683,"LEONARDO SWING Trinkgläser Set – Bunt, Spülmaschinenfest & Langlebig",LEONARDO,4002541707024,1,XGA0202C,1,"[{""regal"":2,""quantity"":1,""zone"":""X"",""ebene"":""C"",""firstStoredAt"":""2025-12-13T15:40:05.604Z"",""etage"":""GA"",""gang"":2,""code"":""XGA0202C"",""lastUpdatedAt"":""2025-12-13T15:40:05.604Z""}]",0
SKU-4349960147,SKU-4349960147,WMF Topf-Set Provence Plus: Induktionsgeeignet & Langlebig,WMF,4000530650139,0,,,[],0
SKU-4358173575,SKU-4358173575,SEEK DISCOMFORT SPARK Kartenspiel – Komfortzone erweitern & Beziehungen stärken,SEEK DISCOMFORT,196852765508,1,XSGA0103B,1,"[{""lastUpdatedAt"":""2025-12-18T15:50:32.706Z"",""gang"":1,""ebene"":""B"",""etage"":""GA"",""regal"":3,""firstStoredAt"":""2025-12-18T15:50:32.706Z"",""code"":""XSGA0103B"",""quantity"":1,""zone"":""XS""}]",0
SKU-4391085581,SKU-4391085581,Lacoste Herren Sneaker T-Clip Set: Zeitloser Stil & Premium Komfort,Lacoste,5059862390069,0,,,[],0
SKU-4433223955,SKU-4433223955,Lululemon Yogamatte: Maximaler Halt & Gelenkschutz für Ihr Training,,000153151148,0,,,[],0
SKU-4434702791,SKU-4434702791,Lexar DDR4 SO-DIMM 8GB RAM für Laptops - 3200MHz Leistungssteigerung,Lexar,4895217904977,1,XSGA0103B,1,"[{""ebene"":""B"",""etage"":""GA"",""lastUpdatedAt"":""2025-12-18T15:58:56.235Z"",""code"":""XSGA0103B"",""zone"":""XS"",""regal"":3,""gang"":1,""firstStoredAt"":""2025-12-18T15:58:56.235Z"",""quantity"":1}]",0
SKU-4488972962,SKU-4488972962,"Gusskönig Dutch Oven Set 4,5L Gusseisen für vielseitiges Outdoor-Kochen",Gusskönig,4262448172770,1,XGA0201E,1,"[{""quantity"":1,""zone"":""X"",""firstStoredAt"":""2025-11-23T17:43:46.532Z"",""etage"":""GA"",""code"":""XGA0201E"",""gang"":2,""regal"":1,""ebene"":""E"",""lastUpdatedAt"":""2025-12-12T22:13:53.559Z""}]",0
SKU-4541378818,SKU-4541378818,Longking Selbstklebefliesen für Küche & Bad – Schnelle & stilvolle Wandgestaltung,Longking,4915224685061,2,XGA0103C,2,"[{""firstStoredAt"":""2025-12-18T15:45:42.991Z"",""quantity"":2,""code"":""XGA0103C"",""zone"":""X"",""ebene"":""C"",""regal"":3,""gang"":1,""lastUpdatedAt"":""2025-12-18T15:45:42.991Z"",""etage"":""GA""}]",0
SKU-4541440236,SKU-4541440236,LEQISMART E-Scooter A11 mit Straßenzulassung & 30km Reichweite,LEQISMART,0968149516786,0,,,[],0
SKU-4561934561,SKU-4561934561,GLOCK Pistolenkoffer: Robuster Hartschalenkoffer mit Schaumstoffschutz,GLOCK,,0,,,[],0
SKU-4607569519,SKU-4607569519,SONAX Scheinwerfer Aufbereitungsset: Klare Sicht & mehr Sicherheit,SONAX,4064700023765,0,,,[],0
SKU-4660262942,SKU-4660262942,Adidas Herren Sneaker NY 90 – Zeitloser Stil & optimaler Komfort,,4067897661963,0,XGA0302A,0,"[{""zone"":""X"",""gang"":3,""lastUpdatedAt"":""2025-12-17T23:11:20.961Z"",""quantity"":1,""code"":""XGA0302A"",""regal"":2,""ebene"":""A"",""firstStoredAt"":""2025-12-05T19:04:22.535Z"",""etage"":""GA""}]",0
SKU-4679981655,SKU-4679981655,Jolly Graphit Bleistifte Kinderfest – Robust & Sicher für Kinder,Jolly,9014400105389,0,,,[],0
SKU-4743695203,SKU-4743695203,molino Bilderbuch: Zauberhaftes Zirkusabenteuer für Kinder,molino,9783982023113,1,XGA0303B,1,"[{""quantity"":1,""firstStoredAt"":""2025-12-09T16:23:02.013Z"",""zone"":""X"",""regal"":3,""code"":""XGA0303B"",""lastUpdatedAt"":""2025-12-09T16:23:02.013Z"",""etage"":""GA"",""ebene"":""B"",""gang"":3}]",0
SKU-4802639881,SKU-4802639881,FITGRIFF Gewichthebergürtel: Maximale Stabilität & optimaler Rückenschutz,FITGRIFF,9050064005382,1,XGA0102B,1,"[{""ebene"":""B"",""firstStoredAt"":""2025-12-18T15:53:48.095Z"",""etage"":""GA"",""lastUpdatedAt"":""2025-12-18T15:53:48.095Z"",""quantity"":1,""zone"":""X"",""code"":""XGA0102B"",""regal"":2,""gang"":1}]",0
SKU-4820097368,SKU-4820097368,"TAN.TOMI Rolltop Rucksack – Flexibel, wasserabweisend & Laptopfach – Daypack für Alltag & Uni",TAN.TOMI,4255700108594,0,,,[],0
SKU-4846525236,SKU-4846525236,QinnFSIYANG E-Scooter F6 – Faltbar für agile und umweltfreundliche Stadtmobilität,QinnFSIYANG,,1,XGA0101A,1,"[{""regal"":1,""lastUpdatedAt"":""2025-12-13T15:32:55.057Z"",""zone"":""X"",""etage"":""GA"",""firstStoredAt"":""2025-12-13T15:32:55.057Z"",""code"":""XGA0101A"",""ebene"":""A"",""quantity"":1,""gang"":1}]",0
SKU-4919757592,SKU-4919757592,"Fashion Herren Flanellhemd: Kariert, Weich & Komfortabel",Flanellhemd,,1,,,[],0
SKU-4930006198,SKU-4930006198,tillvex Poolschlauch 38mm für klares Poolwasser und effiziente Zirkulation,,4260613494504,0,XGA0203B,0,"[{""ebene"":""B"",""lastUpdatedAt"":""2025-12-17T23:11:21.077Z"",""firstStoredAt"":""2025-11-23T17:44:54.138Z"",""quantity"":1,""regal"":3,""gang"":2,""code"":""XGA0203B"",""etage"":""GA"",""zone"":""X""}]",0
SKU-4949389854,SKU-4949389854,evoTrek Loop Fahrradabschleppsystem für entspannte Familienausflüge,evoTrek,4270004188707,1,XSGA0103B,1,"[{""etage"":""GA"",""lastUpdatedAt"":""2025-12-18T15:49:52.163Z"",""code"":""XSGA0103B"",""quantity"":1,""firstStoredAt"":""2025-12-18T15:49:52.163Z"",""regal"":3,""gang"":1,""zone"":""XS"",""ebene"":""B""}]",0
SKU-4990478200,SKU-4990478200,"BBQ-Toro Gusseisen Wok Ø35,5cm für authentische & krosse Bratergebnisse",BBQ-Toro,4260532291215,0,,,[],0
SKU-4996518676,SKU-4996518676,Topeak Satteltasche DynaWedge L - Wetterfest & Aerodynamisch,Topeak,4710069709269,6,XGA0102C,6,"[{""code"":""XGA0102C"",""quantity"":6,""ebene"":""C"",""zone"":""X"",""lastUpdatedAt"":""2025-11-21T23:27:56.419Z"",""etage"":""GA"",""regal"":2,""firstStoredAt"":""2025-11-21T23:27:56.419Z"",""gang"":1}]",0
SKU-5017039989,SKU-5017039989,Mountain Guide Herren Wanderschuh - Wasserdicht & Griffig für Outdoor,Mountain Guide,5054142498336,1,XGA0302B,1,"[{""ebene"":""B"",""code"":""XGA0302B"",""regal"":2,""etage"":""GA"",""firstStoredAt"":""2025-12-05T19:08:06.963Z"",""gang"":3,""lastUpdatedAt"":""2025-12-05T19:08:06.963Z"",""quantity"":1,""zone"":""X""}]",0
SKU-5032047149,SKU-5032047149,Goldhof Logistik Hochschrank Weiß – Platzsparend & Elegant für Ihr Bad,Goldhof Logistik GmbH,6941123909198,1,XGA0204C,1,"[{""lastUpdatedAt"":""2025-12-05T14:41:22.356Z"",""etage"":""GA"",""zone"":""X"",""code"":""XGA0204C"",""regal"":4,""firstStoredAt"":""2025-12-05T14:41:22.356Z"",""quantity"":1,""ebene"":""C"",""gang"":2}]",0
SKU-5037405516,SKU-5037405516,LOBERON Kräuterschere Magnoux: Präzise Ernte für frische Kräuter,LOBERON,4251887649042,1,XGA0102C,1,"[{""quantity"":1,""zone"":""X"",""firstStoredAt"":""2025-12-18T16:04:51.110Z"",""gang"":1,""code"":""XGA0102C"",""lastUpdatedAt"":""2025-12-18T16:04:51.110Z"",""etage"":""GA"",""regal"":2,""ebene"":""C""}]",0
SKU-5091393302,SKU-5091393302,JOIDWAY Toner für Brother – Gestochen scharfe & kostengünstige Drucke,JOIDWAY,8718891115599,1,XGA0101B,1,"[{""ebene"":""B"",""regal"":1,""zone"":""X"",""etage"":""GA"",""gang"":1,""firstStoredAt"":""2025-12-09T17:46:24.291Z"",""quantity"":1,""code"":""XGA0101B"",""lastUpdatedAt"":""2025-12-09T17:46:24.291Z""}]",0
SKU-5127373339,SKU-5127373339,UnionSine Externe Festplatte 500GB USB 3.0 – Ultraschnell & Kompakt,UnionSine,0630808446412,1,XGA0304B,1,"[{""zone"":""X"",""code"":""XGA0304B"",""ebene"":""B"",""firstStoredAt"":""2025-12-13T15:50:06.075Z"",""etage"":""GA"",""regal"":4,""gang"":3,""lastUpdatedAt"":""2025-12-13T15:50:06.075Z"",""quantity"":1}]",0
SKU-5320447988,SKU-5320447988,"Jolly Schulpinsel-Set 6-teilig – Ergonomisch, für kreatives Malen",Jolly,9014400281687,6,XGA0204D,6,"[{""regal"":4,""firstStoredAt"":""2025-12-06T19:35:47.186Z"",""lastUpdatedAt"":""2025-12-06T19:35:47.186Z"",""quantity"":6,""gang"":2,""zone"":""X"",""ebene"":""D"",""code"":""XGA0204D"",""etage"":""GA""}]",0
SKU-5392843955,SKU-5392843955,Brevillier's CRETACOLOR Artino Zeichenset - 10-tlg. für kreative Entfaltung,Brevillier's CRETACOLOR,9002592400207,2,XGA0204D,2,"[{""gang"":2,""zone"":""X"",""quantity"":2,""etage"":""GA"",""regal"":4,""lastUpdatedAt"":""2025-12-06T19:38:13.113Z"",""firstStoredAt"":""2025-12-06T19:38:13.113Z"",""ebene"":""D"",""code"":""XGA0204D""}]",0
SKU-5403685857,SKU-5403685857,"Brennenstuhl Steckdosenleiste 8-fach, 5m Kabel, Schalter, Made in Germany",Brennenstuhl,4007123624386,0,,,[],0
SKU-5427858806,SKU-5427858806,Shure MV6 USB Gaming Mikrofon für Kristallklaren Sound & Streaming ohne Störung,Shure,0042406863353,1,XGA0103B,1,"[{""code"":""XGA0103B"",""etage"":""GA"",""lastUpdatedAt"":""2025-12-18T16:01:58.984Z"",""ebene"":""B"",""regal"":3,""gang"":1,""zone"":""X"",""quantity"":1,""firstStoredAt"":""2025-12-18T16:01:58.984Z""}]",0
SKU-5462953053,SKU-5462953053,IPOZON Stunt-Scooter für maximale Kontrolle & sichere Tricks,IPOZON,,0,,,[],0
SKU-5582443660,SKU-5582443660,Biologika Sachbuch: Organ Atlas für proaktive Gesundheit & Wohlbefinden,Biologika,9786158181617,1,XGA0303C,1,"[{""quantity"":1,""gang"":3,""etage"":""GA"",""code"":""XGA0303C"",""ebene"":""C"",""lastUpdatedAt"":""2025-12-09T16:23:28.742Z"",""regal"":3,""zone"":""X"",""firstStoredAt"":""2025-12-09T16:23:28.742Z""}]",0
SKU-5598085433,SKU-5598085433,Samsung 870 QVO 1TB SSD: Blitzschnelle Leistung für PC & Laptop,Samsung,8806090396038,0,,,[],0
SKU-5633394973,SKU-5633394973,"Classic Flyer Hörnerschlitten Davos 110cm – TÜV-geprüft, sicher & langlebig",Classic Flyer,4011739058220,1,XGA0204E,1,"[{""lastUpdatedAt"":""2025-11-23T17:45:43.008Z"",""regal"":4,""firstStoredAt"":""2025-11-23T17:45:43.008Z"",""gang"":2,""etage"":""GA"",""code"":""XGA0204E"",""ebene"":""E"",""quantity"":1,""zone"":""X""}]",0
SKU-5638382329,SKU-5638382329,Kiepenheuer & Witsch Sachbuch: Angela Merkels 'Freiheit' – Signierte Ausgabe,Kiepenheuer & Witsch,9783462005134,2,XGA0303C,2,"[{""code"":""XGA0303C"",""quantity"":2,""etage"":""GA"",""firstStoredAt"":""2025-12-09T16:23:58.415Z"",""gang"":3,""zone"":""X"",""ebene"":""C"",""lastUpdatedAt"":""2025-12-09T16:23:58.415Z"",""regal"":3}]",0
SKU-5658638116,SKU-5658638116,Jolly Superstars One Fasermaler 12 Farben auswaschbar für Kinder Made in Austria,Jolly,9014400105341,6,XGA0204D,6,"[{""gang"":2,""zone"":""X"",""firstStoredAt"":""2025-12-06T19:34:50.125Z"",""ebene"":""D"",""regal"":4,""lastUpdatedAt"":""2025-12-06T19:34:50.125Z"",""code"":""XGA0204D"",""quantity"":6,""etage"":""GA""}]",0
SKU-5674295862,SKU-5674295862,RHINOWALK Transporttasche 26 Zoll Faltfahrrad – Optimaler Schutz,RHINOWALK,,1,XGA0103C,1,"[{""lastUpdatedAt"":""2025-12-18T16:03:26.909Z"",""zone"":""X"",""quantity"":1,""regal"":3,""ebene"":""C"",""gang"":1,""code"":""XGA0103C"",""firstStoredAt"":""2025-12-18T16:03:26.909Z"",""etage"":""GA""}]",0
SKU-5687802687,SKU-5687802687,Homerella UNIFLOW Badewanneneinlage für sicheren Halt & schnellen Ablauf,Homerella,,25,XGA0102C,25,"[{""etage"":""GA"",""regal"":2,""quantity"":25,""ebene"":""C"",""zone"":""X"",""firstStoredAt"":""2025-11-29T16:48:22.152Z"",""gang"":1,""code"":""XGA0102C"",""lastUpdatedAt"":""2025-11-29T16:48:22.152Z""}]",0
SKU-5701110636,SKU-5701110636,Siemens Entkalkungstabletten 2in1 für EQ Kaffeevollautomaten – Optimaler Schutz,Siemens,4242003870525,0,,,[],0
SKU-5722168408,SKU-5722168408,"PUMA Road Rider SD Sneaker: Stilvoll, Komfortabel & Atmungsaktiv",Puma,4067983276613,1,XGA0302A,1,"[{""gang"":3,""lastUpdatedAt"":""2025-12-05T19:06:03.418Z"",""ebene"":""A"",""etage"":""GA"",""zone"":""X"",""quantity"":1,""regal"":2,""firstStoredAt"":""2025-12-05T19:06:03.418Z"",""code"":""XGA0302A""}]",0
SKU-5729537867,SKU-5729537867,Oetinger Kinderbuch Madita: Weihnachtsferien – Magische Vorlesestunden,Oetinger,9783789141256,1,XGA0303B,1,"[{""ebene"":""B"",""gang"":3,""code"":""XGA0303B"",""quantity"":1,""lastUpdatedAt"":""2025-12-09T16:22:29.895Z"",""regal"":3,""zone"":""X"",""firstStoredAt"":""2025-12-09T16:22:29.895Z"",""etage"":""GA""}]",0
SKU-5740515403,SKU-5740515403,Altra Laufschuh Herren Escalante Racer 2: Agilität & natürliches Laufgefühl,Altra,0197642799963,1,XGA0301B,1,"[{""firstStoredAt"":""2025-12-05T19:11:47.903Z"",""ebene"":""B"",""code"":""XGA0301B"",""regal"":1,""etage"":""GA"",""lastUpdatedAt"":""2025-12-05T19:11:47.903Z"",""zone"":""X"",""quantity"":1,""gang"":3}]",0
SKU-5740939127,SKU-5740939127,Leonardo Schalen-Set 5-tlg. Glas – Spülmaschinenfest & vielseitig einsetzbar,Leonardo,4002541666529,1,XGA0202C,1,"[{""lastUpdatedAt"":""2025-12-13T15:40:14.878Z"",""zone"":""X"",""firstStoredAt"":""2025-12-13T15:40:14.878Z"",""ebene"":""C"",""regal"":2,""etage"":""GA"",""quantity"":1,""gang"":2,""code"":""XGA0202C""}]",0
SKU-5780092798,SKU-5780092798,SW-Stahl Ring-Maulschlüssel 38mm - Präzision für Profis & Heimwerker,SW-Stahl,4033592047524,1,XGA0102C,1,"[{""lastUpdatedAt"":""2025-12-18T16:06:53.371Z"",""quantity"":1,""firstStoredAt"":""2025-12-18T16:06:53.371Z"",""zone"":""X"",""gang"":1,""ebene"":""C"",""regal"":2,""etage"":""GA"",""code"":""XGA0102C""}]",0
SKU-5795572847,SKU-5795572847,ADVENTURE Pop-Up Strandmuschel: UV 50+ Schutz & Blitzaufbau,ADVENTURE,,1,XGA0202B,1,"[{""lastUpdatedAt"":""2025-12-15T00:38:55.336Z"",""code"":""XGA0202B"",""quantity"":1,""firstStoredAt"":""2025-11-29T15:31:18.700Z"",""ebene"":""B"",""gang"":2,""etage"":""GA"",""regal"":2,""zone"":""X""}]",0
SKU-5799111421,SKU-5799111421,Philips LED Hallenleuchte 200W | Extrem Hell & Energieeffizient,Philips,8720707001286,3,XGA0201E,3,"[{""zone"":""X"",""quantity"":3,""code"":""XGA0201E"",""regal"":1,""firstStoredAt"":""2025-11-29T15:45:38.719Z"",""ebene"":""E"",""gang"":2,""lastUpdatedAt"":""2025-11-29T15:45:38.719Z"",""etage"":""GA""}]",0
SKU-5814356347,SKU-5814356347,Tefal Ingenio Induktion Pfannenset - Platzsparend & Vielseitig Kochen,Tefal,3168430357914,0,,,[],0
SKU-5842899450,SKU-5842899450,Stahlia Teleskopschienen Vollauszug Sanft & Stabil,Stahlia,4251307247216,1,XGA0102B,1,"[{""regal"":2,""etage"":""GA"",""quantity"":1,""lastUpdatedAt"":""2025-12-09T17:46:44.289Z"",""firstStoredAt"":""2025-12-09T17:46:44.289Z"",""gang"":1,""ebene"":""B"",""code"":""XGA0102B"",""zone"":""X""}]",0
SKU-5869700759,SKU-5869700759,MSI Mainboard PRO B650M-P für Gaming & Workstation mit AM5 DDR5,MSI,4711377100953,1,XGA0103B,1,"[{""etage"":""GA"",""gang"":1,""firstStoredAt"":""2025-12-13T15:38:34.529Z"",""zone"":""X"",""code"":""XGA0103B"",""ebene"":""B"",""lastUpdatedAt"":""2025-12-13T15:38:34.529Z"",""regal"":3,""quantity"":1}]",0
SKU-5943400007,SKU-5943400007,Cretacolor Farbstifte 250er Set: Brillante Farben für grenzenlose Kreativität,Cretacolor,9014400193201,1,XGA0102B,1,"[{""firstStoredAt"":""2025-12-13T15:54:06.448Z"",""lastUpdatedAt"":""2025-12-13T15:54:06.448Z"",""quantity"":1,""regal"":2,""etage"":""GA"",""zone"":""X"",""code"":""XGA0102B"",""ebene"":""B"",""gang"":1}]",0
SKU-5946216503,SKU-5946216503,reviMED TENS-Gerät Revi Tens für effektive Schmerzlinderung & Muskelstimulation,reviMED,06971763600575,0,,,[],0
SKU-6099130668,SKU-6099130668,Canon Toner 718 Original Schwarz für gestochen scharfe Laserdrucke,Canon,4960999628639,2,XGA0101B,2,"[{""quantity"":2,""regal"":1,""lastUpdatedAt"":""2025-12-12T16:52:12.287Z"",""firstStoredAt"":""2025-12-12T16:52:12.287Z"",""gang"":1,""zone"":""X"",""ebene"":""B"",""code"":""XGA0101B"",""etage"":""GA""}]",0
SKU-6148008788,SKU-6148008788,TPE YOGA Yogamatte – Rutschfest & Gelenkschonend für Yoga & Pilates,TPE YOGA,,1,XGA0202C,1,"[{""lastUpdatedAt"":""2025-12-06T19:26:46.100Z"",""ebene"":""C"",""code"":""XGA0202C"",""regal"":2,""quantity"":1,""zone"":""X"",""firstStoredAt"":""2025-12-06T19:26:46.100Z"",""gang"":2,""etage"":""GA""}]",0
SKU-6307001376,SKU-6307001376,Tommy Hilfiger Damen Sneaker Essential Runner Metallics – Stilvoll & Komfortabel,Tommy Hilfiger,8720637479520,1,XGA0301B,1,"[{""gang"":3,""lastUpdatedAt"":""2025-12-05T19:12:02.427Z"",""ebene"":""B"",""firstStoredAt"":""2025-12-05T19:12:02.427Z"",""zone"":""X"",""code"":""XGA0301B"",""regal"":1,""etage"":""GA"",""quantity"":1}]",0
SKU-6315915149,SKU-6315915149,Jolly Bleistifte HB 12er Set für präzises Schreiben & Zeichnen,Jolly,9014400001384,35,XGA0303A,35,"[{""quantity"":35,""lastUpdatedAt"":""2025-12-06T19:49:11.609Z"",""ebene"":""A"",""etage"":""GA"",""gang"":3,""firstStoredAt"":""2025-12-06T19:49:11.609Z"",""regal"":3,""zone"":""X"",""code"":""XGA0303A""}]",0
SKU-6346907299,SKU-6346907299,GoveeLife Smart Thermo-Hygrometer H5100 für präzises Raumklima,GoveeLife,6974100521360,1,XSGA0103B,1,"[{""zone"":""XS"",""gang"":1,""etage"":""GA"",""firstStoredAt"":""2025-12-18T15:58:38.367Z"",""quantity"":1,""regal"":3,""ebene"":""B"",""lastUpdatedAt"":""2025-12-18T15:58:38.367Z"",""code"":""XSGA0103B""}]",0
SKU-6369067650,SKU-6369067650,Philips OneBlade 360 Ersatzklingen für präzise & hautschonende Rasur,Philips,8710103997177,1,XSGA0103B,1,"[{""code"":""XSGA0103B"",""ebene"":""B"",""lastUpdatedAt"":""2025-12-18T15:50:06.840Z"",""quantity"":1,""regal"":3,""firstStoredAt"":""2025-12-18T15:50:06.840Z"",""gang"":1,""zone"":""XS"",""etage"":""GA""}]",0
SKU-6427883146,SKU-6427883146,NEXTCOVER Faltschloss ART-zertifiziert für höchsten Diebstahlschutz,NEXTCOVER,8720648699382,1,XSGA0103B,1,"[{""quantity"":1,""zone"":""XS"",""code"":""XSGA0103B"",""ebene"":""B"",""gang"":1,""lastUpdatedAt"":""2025-12-09T17:38:35.335Z"",""etage"":""GA"",""firstStoredAt"":""2025-12-09T17:38:35.335Z"",""regal"":3}]",0
SKU-6537574821,SKU-6537574821,VCM Aufsatzwaschbecken Keramik – Platzsparend für Gäste-WC & kleine Bäder,VCM,4051814369841,1,XGA0204B,1,"[{""zone"":""X"",""gang"":2,""lastUpdatedAt"":""2025-12-05T14:42:59.030Z"",""quantity"":1,""regal"":4,""firstStoredAt"":""2025-12-05T14:42:59.030Z"",""code"":""XGA0204B"",""ebene"":""B"",""etage"":""GA""}]",0
SKU-6544112261,SKU-6544112261,Ninja Heißluftfritteuse AF451EU: Dual Zone für 2 Gerichte gleichzeitig,Ninja,0622356258388,0,,,[],0
SKU-6558668236,SKU-6558668236,Blumtal Doppelrollo Klemmfix: Präzise Lichtregulierung ohne Bohren,Blumtal,4251897512916,2,XGA0202D,2,"[{""zone"":""X"",""lastUpdatedAt"":""2025-11-23T18:10:03.441Z"",""firstStoredAt"":""2025-11-23T18:10:03.441Z"",""gang"":2,""code"":""XGA0202D"",""quantity"":2,""etage"":""GA"",""ebene"":""D"",""regal"":2}]",0
SKU-6586579725,SKU-6586579725,CENTA-STAR Bettdecke Die Atmungsaktive für ganzjährigen Schlafkomfort,CENTA-STAR,4001969182901,4,XGA0302A,3,"[{""regal"":1,""firstStoredAt"":""2025-12-07T10:32:05.762Z"",""zone"":""X"",""etage"":""GA"",""code"":""XGA0301D"",""lastUpdatedAt"":""2025-12-12T19:48:04.933Z"",""quantity"":1,""gang"":3,""ebene"":""D""},{""ebene"":""A"",""zone"":""X"",""gang"":3,""lastUpdatedAt"":""2025-12-05T18:52:37.711Z"",""code"":""XGA0302A"",""firstStoredAt"":""2025-12-05T18:52:37.711Z"",""etage"":""GA"",""regal"":2,""quantity"":3}]",0
SKU-6603765179,SKU-6603765179,Terry Sattel Regenschutz: Wasserdichter Schutz für trockene Fahrten,Terry,4260012351552,0,,,[],0
SKU-6614383452,SKU-6614383452,Leonardo Swing Karaffe 1.2L – Eleganz & tropffreies Servieren,Leonardo,,0,,,[],0
SKU-6673544963,SKU-6673544963,Puma Court Classico Sneaker: Zeitloser Stil für optimalen Komfort,,4067983746314,0,XGA0302A,0,"[{""gang"":3,""ebene"":""A"",""etage"":""GA"",""quantity"":1,""lastUpdatedAt"":""2025-12-17T23:11:21.253Z"",""firstStoredAt"":""2025-12-05T19:05:37.074Z"",""regal"":2,""zone"":""X"",""code"":""XGA0302A""}]",0
SKU-6830410442,SKU-6830410442,"FIREFIX Ofenrohr DN 180, 1000mm, Senotherm Schwarz für sichere Abführung",,4017537302565,0,XGA0102D,0,"[{""code"":""XGA0102D"",""ebene"":""D"",""gang"":1,""etage"":""GA"",""regal"":2,""lastUpdatedAt"":""2025-12-17T23:11:21.342Z"",""quantity"":1,""zone"":""X"",""firstStoredAt"":""2025-11-29T16:27:48.814Z""}]",0
SKU-6847456474,SKU-6847456474,"WOLTU Sitzhocker mit Stauraum, faltbar & bequem gepolstert",WOLTU,4063425115168,1,XGA0202D,1,"[{""zone"":""X"",""firstStoredAt"":""2025-11-29T15:03:56.421Z"",""gang"":2,""ebene"":""D"",""lastUpdatedAt"":""2025-11-29T15:03:56.421Z"",""etage"":""GA"",""quantity"":1,""regal"":2,""code"":""XGA0202D""}]",0
SKU-6965414859,SKU-6965414859,Jolly Tempera Malfarben Set 14 Farben - Brillante Deckkraft für Kreative,Jolly,9014400293437,9,XGA0204D,9,"[{""etage"":""GA"",""code"":""XGA0204D"",""gang"":2,""regal"":4,""ebene"":""D"",""zone"":""X"",""firstStoredAt"":""2025-12-06T19:36:15.836Z"",""quantity"":9,""lastUpdatedAt"":""2025-12-15T00:44:20.329Z""}]",0
SKU-7049665224,SKU-7049665224,H&M Damen Strickjacke: Eleganter Zopfmuster Cardigan für Stil & Komfort,H&M,09766310601055,1,XSGA0103A,1,"[{""lastUpdatedAt"":""2025-12-09T17:40:44.810Z"",""ebene"":""A"",""zone"":""XS"",""code"":""XSGA0103A"",""gang"":1,""quantity"":1,""regal"":3,""etage"":""GA"",""firstStoredAt"":""2025-12-09T17:40:44.810Z""}]",0
SKU-7151143475,SKU-7151143475,Birkenstock Arizona Herren Pantoletten – Komfortables Naturkork-Fußbett,Birkenstock,4061418025265,1,XGA0301B,1,"[{""lastUpdatedAt"":""2025-12-05T19:11:35.766Z"",""quantity"":1,""etage"":""GA"",""gang"":3,""ebene"":""B"",""zone"":""X"",""firstStoredAt"":""2025-12-05T19:11:35.766Z"",""regal"":1,""code"":""XGA0301B""}]",0
SKU-7209250640,SKU-7209250640,Tatonka Campingtopf 4L Edelstahl – Robust & Platzsparend für Outdoor,Tatonka,4013236393873,1,XGA0104C,1,"[{""lastUpdatedAt"":""2025-12-13T15:38:52.327Z"",""ebene"":""C"",""gang"":1,""zone"":""X"",""quantity"":1,""regal"":4,""etage"":""GA"",""firstStoredAt"":""2025-12-13T15:38:52.327Z"",""code"":""XGA0104C""}]",0
SKU-7234186083,SKU-7234186083,ASICS Herren Sneaker EX89: Ikonischer Retro-Stil & Höchster Komfort,ASICS,4550457733175,1,,,[],0
SKU-7237772440,SKU-7237772440,Topeak Standpumpe JoeBlow Urban EX für Urban & E-Bikes – Präziser Reifendruck,Topeak,4710069708088,1,XGA0104B,1,"[{""gang"":1,""zone"":""X"",""quantity"":1,""regal"":4,""etage"":""GA"",""code"":""XGA0104B"",""lastUpdatedAt"":""2025-11-23T17:45:51.445Z"",""firstStoredAt"":""2025-11-23T17:45:51.445Z"",""ebene"":""B""}]",0
SKU-7245071607,SKU-7245071607,DIGITAL REVOLUTION Tintenpatrone LC422 Gelb für 550 brillante Seiten,DIGITAL REVOLUTION,4050297119295,1,XSGA0103A,1,"[{""firstStoredAt"":""2025-12-18T15:58:01.212Z"",""quantity"":1,""lastUpdatedAt"":""2025-12-18T15:58:01.212Z"",""zone"":""XS"",""etage"":""GA"",""regal"":3,""code"":""XSGA0103A"",""ebene"":""A"",""gang"":1}]",0
SKU-7270723982,SKU-7270723982,Kitchen Sink Einbauspüle: Robuste Edelstahl-Spüle mit Abtropfgitter,Kitchen Sink,42033111000765,1,XGA0102E,1,"[{""quantity"":1,""regal"":2,""gang"":1,""firstStoredAt"":""2025-12-05T14:48:11.186Z"",""lastUpdatedAt"":""2025-12-05T14:48:11.186Z"",""ebene"":""E"",""etage"":""GA"",""zone"":""X"",""code"":""XGA0102E""}]",0
SKU-7290912165,SKU-7290912165,Marco Tozzi Damen Pumps Vegan Nude Gr. 37 – Eleganz & Komfort,Marco Tozzi,4064232428991,1,XGA0302B,1,"[{""quantity"":1,""ebene"":""B"",""lastUpdatedAt"":""2025-12-05T19:08:54.020Z"",""regal"":2,""firstStoredAt"":""2025-12-05T19:08:54.020Z"",""zone"":""X"",""code"":""XGA0302B"",""gang"":3,""etage"":""GA""}]",0
SKU-7350795017,SKU-7350795017,Primewire Antennenkabel 15m gewinkelt für optimale Signalqualität,Primewire,4061474124438,1,XGA0102B,1,"[{""zone"":""X"",""firstStoredAt"":""2025-12-18T15:55:09.300Z"",""regal"":2,""gang"":1,""ebene"":""B"",""quantity"":1,""code"":""XGA0102B"",""etage"":""GA"",""lastUpdatedAt"":""2025-12-18T15:55:09.300Z""}]",0
SKU-7473377331,SKU-7473377331,CORSAIR PC-Netzteil RM1000x 1000W ATX 3.1 PCIe 5.1 Zukunftssicher,CORSAIR,0840006667636,1,XGA0103B,1,"[{""code"":""XGA0103B"",""gang"":1,""etage"":""GA"",""quantity"":1,""zone"":""X"",""regal"":3,""lastUpdatedAt"":""2025-12-18T16:01:36.112Z"",""firstStoredAt"":""2025-12-18T16:01:36.112Z"",""ebene"":""B""}]",0
SKU-7499091535,SKU-7499091535,Ninja Plancha-Grillplatte XL: Schonendes Garen für perfekte Ergebnisse,Ninja,0622356278348,0,,,[],0
SKU-7543211550,SKU-7543211550,"CMP Kinder Schneestiefel Rae WP – Warm, trocken und sicher durch den Winter",CMP,8056381903395,1,XGA0301B,1,"[{""lastUpdatedAt"":""2025-12-05T19:12:33.769Z"",""ebene"":""B"",""code"":""XGA0301B"",""regal"":1,""gang"":3,""firstStoredAt"":""2025-12-05T19:12:33.769Z"",""etage"":""GA"",""quantity"":1,""zone"":""X""}]",0
SKU-7627745924,SKU-7627745924,NEOLYMP Yogamatte Rutschfest & Biologisch Abbaubar für Yoga & Pilates,NEOLYMP,4260623660043,0,,,[],0
SKU-7680238839,SKU-7680238839,Polo Ralph Lauren Kinder Sneaker: Zeitloser Stil & hoher Komfort,Polo Ralph Lauren,196382334601,1,XGA0302B,1,"[{""firstStoredAt"":""2025-12-05T19:08:47.414Z"",""etage"":""GA"",""gang"":3,""zone"":""X"",""code"":""XGA0302B"",""lastUpdatedAt"":""2025-12-05T19:08:47.414Z"",""quantity"":1,""regal"":2,""ebene"":""B""}]",0
SKU-7721659409,SKU-7721659409,db-tronic Raspberry Pi 5 Starter-Set 8GB RAM für anspruchsvolle Projekte,db-tronic,613192999,0,,,[],0
SKU-7800997883,SKU-7800997883,Tamaris Slingpumps Damen – Zeitloser Komfort für jeden Anlass,Tamaris,,1,XGA0301B,1,"[{""zone"":""X"",""quantity"":1,""gang"":3,""ebene"":""B"",""code"":""XGA0301B"",""etage"":""GA"",""regal"":1,""firstStoredAt"":""2025-12-05T19:12:20.144Z"",""lastUpdatedAt"":""2025-12-05T19:12:20.144Z""}]",0
SKU-7892887285,SKU-7892887285,Canon Toner 057H Schwarz für professionelle Druckergebnisse & 10.000 Seiten,Canon,4549292136302,2,XGA0101B,2,"[{""code"":""XGA0101B"",""zone"":""X"",""gang"":1,""ebene"":""B"",""lastUpdatedAt"":""2025-12-09T17:46:33.532Z"",""regal"":1,""etage"":""GA"",""firstStoredAt"":""2025-12-09T17:21:10.544Z"",""quantity"":2}]",0
SKU-7926913408,SKU-7926913408,"TOPTREK Fahrradabdeckung: Ganzjahresschutz, wasserdicht für 1 Fahrrad",TOPTREK,0313030022097,1,XSGA0103B,1,"[{""code"":""XSGA0103B"",""lastUpdatedAt"":""2025-12-09T17:41:51.906Z"",""quantity"":1,""etage"":""GA"",""firstStoredAt"":""2025-12-09T17:41:51.906Z"",""regal"":3,""ebene"":""B"",""gang"":1,""zone"":""XS""}]",0
SKU-7948301538,SKU-7948301538,Kompatibel Tonerpatrone Schwarz für Brother – Gestochen scharfe Texte,Kompatibel,8718891015578,2,XGA0101B,2,"[{""firstStoredAt"":""2025-12-09T17:20:32.353Z"",""code"":""XGA0101B"",""regal"":1,""lastUpdatedAt"":""2025-12-09T17:46:11.685Z"",""gang"":1,""etage"":""GA"",""zone"":""X"",""ebene"":""B"",""quantity"":2}]",0
SKU-7961309823,SKU-7961309823,Engelbert Strauss Bundhose e.s. motion 2020 Winter: Optimaler Kälteschutz,,5907455902611,0,XSGA0103A,0,"[{""gang"":1,""lastUpdatedAt"":""2025-12-17T23:11:21.464Z"",""regal"":3,""zone"":""XS"",""quantity"":1,""firstStoredAt"":""2025-12-09T17:41:24.325Z"",""code"":""XSGA0103A"",""ebene"":""A"",""etage"":""GA""}]",0
SKU-7998641824,SKU-7998641824,Rohema Drumsticks Premium Holz für Präzision & Langlebigkeit,Rohema,,2,XGA0202C,2,"[{""firstStoredAt"":""2025-12-06T19:36:36.137Z"",""regal"":2,""quantity"":2,""zone"":""X"",""code"":""XGA0202C"",""lastUpdatedAt"":""2025-12-06T19:36:36.137Z"",""ebene"":""C"",""gang"":2,""etage"":""GA""}]",0
SKU-8004480244,SKU-8004480244,Trotec Standventilator TVE 16 S: Sofortige Erfrischung & angenehmes Raumklima,,4052138013946,0,XGA0203E,0,"[{""regal"":3,""code"":""XGA0203E"",""gang"":2,""ebene"":""E"",""etage"":""GA"",""zone"":""X"",""quantity"":1,""lastUpdatedAt"":""2025-12-17T23:11:21.557Z"",""firstStoredAt"":""2025-11-23T18:07:35.541Z""}]",0
SKU-8035511646,SKU-8035511646,Cretacolor Harte Pastellkreiden Braun für präzise Linien & sanfte Übergänge,Brevillier's CRETACOLOR,9002592484122,1,XGA0204D,1,"[{""ebene"":""D"",""lastUpdatedAt"":""2025-12-06T19:38:30.727Z"",""regal"":4,""zone"":""X"",""code"":""XGA0204D"",""firstStoredAt"":""2025-12-06T19:38:30.727Z"",""gang"":2,""etage"":""GA"",""quantity"":1}]",0
SKU-8064565799,SKU-8064565799,UGG Tazz Damen Hausschuhe: Luxuriöser Komfort & stilvolle Wärme,UGG,197634001401,0,,,[],0
SKU-8112287411,SKU-8112287411,"Desigual Damen Sweatshirt AZRIEL: Stilvoll, bequem, 100% Baumwolle",Desigual,8445110446065,1,XSGA0103A,1,"[{""quantity"":1,""etage"":""GA"",""regal"":3,""lastUpdatedAt"":""2025-12-09T17:40:21.216Z"",""firstStoredAt"":""2025-12-09T17:40:21.216Z"",""ebene"":""A"",""gang"":1,""zone"":""XS"",""code"":""XSGA0103A""}]",0
SKU-8133187753,SKU-8133187753,GULNABIO Jersey-Spannbettlaken Rot 100x200 cm – Perfekte Passform & Komfort,GULNABIO,,2,XGA0201C,2,"[{""quantity"":2,""code"":""XGA0201C"",""lastUpdatedAt"":""2025-11-23T16:53:34.955Z"",""regal"":1,""ebene"":""C"",""gang"":2,""zone"":""X"",""firstStoredAt"":""2025-11-23T16:53:34.955Z"",""etage"":""GA""}]",0
SKU-8151275535,SKU-8151275535,FUVSHU UV-Matratzenstaubsauger BT-Y02 für Tiefenreinigung & Milbenschutz,FUVSHU,,1,XGA0203B,1,"[{""gang"":2,""firstStoredAt"":""2025-11-23T17:44:10.090Z"",""quantity"":1,""lastUpdatedAt"":""2025-11-23T17:44:10.090Z"",""etage"":""GA"",""regal"":3,""code"":""XGA0203B"",""ebene"":""B"",""zone"":""X""}]",0
SKU-8197874459,SKU-8197874459,"New Balance Herren Sneaker 515: Stilvoll, bequem und vielseitig",New Balance,197967919923,0,,,[],0
SKU-8236064906,SKU-8236064906,KNIPEX Zangenschlüssel 200mm – Präzises Greifen & Schrauben ohne Beschädigung,KNIPEX,4003773087571,1,XSGA0103A,1,"[{""ebene"":""A"",""regal"":3,""firstStoredAt"":""2025-12-18T15:59:30.161Z"",""zone"":""XS"",""quantity"":1,""etage"":""GA"",""lastUpdatedAt"":""2025-12-18T15:59:30.161Z"",""code"":""XSGA0103A"",""gang"":1}]",0
SKU-8245288059,SKU-8245288059,LICO Boulder V Kinder Hallenschuhe: Sicherer Halt & Komfort,LICO,4019335589544,1,XGA0302B,1,"[{""lastUpdatedAt"":""2025-12-05T19:08:42.460Z"",""quantity"":1,""gang"":3,""regal"":2,""ebene"":""B"",""etage"":""GA"",""zone"":""X"",""code"":""XGA0302B"",""firstStoredAt"":""2025-12-05T19:08:42.460Z""}]",0
SKU-8249181407,SKU-8249181407,Sony WH-CH720N Over-Ear Kopfhörer mit Aktiver Geräuschunterdrückung,Sony,4548736142428,1,XGA0103B,1,"[{""etage"":""GA"",""quantity"":1,""ebene"":""B"",""gang"":1,""code"":""XGA0103B"",""regal"":3,""firstStoredAt"":""2025-12-18T15:56:06.625Z"",""zone"":""X"",""lastUpdatedAt"":""2025-12-18T15:56:06.625Z""}]",0
SKU-8310896573,SKU-8310896573,"IKEA RANARP Pendelleuchte: Zeitloses Design für warmes, gezieltes Licht",IKEA,,1,XGA0201C,1,"[{""code"":""XGA0201C"",""firstStoredAt"":""2025-11-29T16:24:52.029Z"",""ebene"":""C"",""gang"":2,""etage"":""GA"",""quantity"":1,""lastUpdatedAt"":""2025-12-12T22:13:33.656Z"",""zone"":""X"",""regal"":1}]",0
SKU-8317603092,SKU-8317603092,SETEX Matratzenschoner Noppen 140x200cm – Optimaler Schutz & Belüftung,,4038473870772,1,,,[],0
SKU-8367978772,SKU-8367978772,"Pelikan Farbband Gr. 156 C Correctable für präzise, fehlerfreie Texte",Pelikan,4018474519634,3,XGA0304B,3,"[{""regal"":4,""firstStoredAt"":""2025-12-13T15:49:15.988Z"",""ebene"":""B"",""lastUpdatedAt"":""2025-12-13T15:49:15.988Z"",""code"":""XGA0304B"",""gang"":3,""zone"":""X"",""quantity"":3,""etage"":""GA""}]",0
SKU-8380347833,SKU-8380347833,Casey Stehleuchte Modern: Stilvolles Leselicht & Behagliches Ambiente,Casey,4099983384487,1,XGA0103D,1,"[{""quantity"":1,""lastUpdatedAt"":""2025-12-05T14:46:19.315Z"",""regal"":3,""firstStoredAt"":""2025-12-05T14:46:19.315Z"",""zone"":""X"",""code"":""XGA0103D"",""gang"":1,""ebene"":""D"",""etage"":""GA""}]",0
SKU-8462375603,SKU-8462375603,Puma Damen Sneaker Smash v2 L - Zeitloser Stil & höchster Komfort,Puma,4059505053796,1,XGA0302A,1,"[{""quantity"":1,""firstStoredAt"":""2025-12-05T19:05:54.965Z"",""lastUpdatedAt"":""2025-12-05T19:05:54.965Z"",""regal"":2,""gang"":3,""ebene"":""A"",""zone"":""X"",""etage"":""GA"",""code"":""XGA0302A""}]",0
SKU-8483173682,SKU-8483173682,Reader's Digest Sachbuch: Weltgeschichte verstehen – Fundiertes Wissen,Reader's Digest,9783956195242,1,XSGA0103A,1,"[{""ebene"":""A"",""regal"":3,""quantity"":1,""etage"":""GA"",""lastUpdatedAt"":""2025-12-09T16:25:47.183Z"",""firstStoredAt"":""2025-12-09T16:25:47.183Z"",""zone"":""XS"",""code"":""XSGA0103A"",""gang"":1}]",0
SKU-8605082485,SKU-8605082485,Aqua Marina SUP Board Set Breeze Allround für Stabilität & Paddelspaß,Aqua Marina,,3,XGA0104A,2,"[{""lastUpdatedAt"":""2025-12-15T00:33:28.955Z"",""ebene"":""A"",""gang"":1,""regal"":3,""quantity"":1,""etage"":""GA"",""code"":""XGA0103A"",""firstStoredAt"":""2025-11-23T17:04:30.115Z"",""zone"":""X""},{""lastUpdatedAt"":""2025-12-15T00:33:46.638Z"",""quantity"":2,""regal"":4,""etage"":""GA"",""code"":""XGA0104A"",""firstStoredAt"":""2025-11-23T17:01:11.057Z"",""zone"":""X"",""gang"":1,""ebene"":""A""}]",0
SKU-8640590578,SKU-8640590578,Villa Grinario Jersey-Spannbettlaken für höchsten Schlafkomfort,Villa Grinario,,1,XGA0201C,1,"[{""quantity"":1,""etage"":""GA"",""firstStoredAt"":""2025-11-23T16:53:58.223Z"",""lastUpdatedAt"":""2025-11-23T16:53:58.223Z"",""code"":""XGA0201C"",""zone"":""X"",""ebene"":""C"",""gang"":2,""regal"":1}]",0
SKU-8689351772,SKU-8689351772,Garmin HRM-Dual Herzfrequenzmesser mit Dual-Konnektivität für präzise Daten,Garmin,753759223137,0,,,[],0
SKU-8742112863,SKU-8742112863,New Balance Kindersneaker 408: Komfort & sicherer Halt für aktive Kinder,New Balance,,1,XGA0301B,1,"[{""regal"":1,""quantity"":1,""ebene"":""B"",""gang"":3,""code"":""XGA0301B"",""zone"":""X"",""firstStoredAt"":""2025-12-05T19:12:53.865Z"",""etage"":""GA"",""lastUpdatedAt"":""2025-12-05T19:12:53.865Z""}]",0
SKU-8747609895,SKU-8747609895,QKIDS Tretroller Kinder Faltbar & Höhenverstellbar für sicheren Fahrspaß,QKIDS,5900495862228,1,XGA0101E,1,"[{""lastUpdatedAt"":""2025-12-12T13:22:21.679Z"",""zone"":""X"",""quantity"":1,""ebene"":""E"",""etage"":""GA"",""code"":""XGA0101E"",""regal"":1,""firstStoredAt"":""2025-11-23T18:14:00.586Z"",""gang"":1}]",0
SKU-8779940575,SKU-8779940575,"TATONKA Campingbecher Handle Mug 600 - Robust, platzsparend & vielseitig",TATONKA,4013236948097,1,XSGA0103B,1,"[{""gang"":1,""quantity"":1,""zone"":""XS"",""lastUpdatedAt"":""2025-12-09T17:37:49.355Z"",""regal"":3,""etage"":""GA"",""ebene"":""B"",""firstStoredAt"":""2025-12-09T17:37:49.355Z"",""code"":""XSGA0103B""}]",0
SKU-8835594725,SKU-8835594725,DESKTRONIC Kabelmanagement Set für aufgeräumten Schreibtisch & mehr Sicherheit,DESKTRONIC,5060826162363,1,XGA0103B,1,"[{""ebene"":""B"",""code"":""XGA0103B"",""zone"":""X"",""regal"":3,""quantity"":1,""gang"":1,""firstStoredAt"":""2025-12-13T15:38:05.468Z"",""lastUpdatedAt"":""2025-12-13T15:38:05.468Z"",""etage"":""GA""}]",0
SKU-8843412443,SKU-8843412443,ONVAYA Verkehrsspiegel 70° Weitwinkel für optimale Verkehrssicherheit,ONVAYA,4053757472206,1,XGA0203B,1,"[{""regal"":3,""gang"":2,""code"":""XGA0203B"",""quantity"":1,""lastUpdatedAt"":""2025-12-06T19:24:50.148Z"",""zone"":""X"",""firstStoredAt"":""2025-12-06T19:24:50.148Z"",""ebene"":""B"",""etage"":""GA""}]",0
SKU-8857013241,SKU-8857013241,Paul Green Schnürschuhe Damen: Zeitlose Eleganz & höchster Komfort,Paul Green,010095498867,1,XGA0302A,1,"[{""gang"":3,""ebene"":""A"",""firstStoredAt"":""2025-12-05T19:11:17.397Z"",""zone"":""X"",""etage"":""GA"",""code"":""XGA0302A"",""regal"":2,""lastUpdatedAt"":""2025-12-05T19:11:17.397Z"",""quantity"":1}]",0
SKU-8919591829,SKU-8919591829,"PLANAM Kinder Outdoorhose NORIT – Robust, bequem & sicher für Abenteuer",PLANAM,4030913982243,1,XSGA0103A,1,"[{""gang"":1,""firstStoredAt"":""2025-12-09T17:40:12.392Z"",""code"":""XSGA0103A"",""lastUpdatedAt"":""2025-12-09T17:40:12.392Z"",""zone"":""XS"",""quantity"":1,""ebene"":""A"",""regal"":3,""etage"":""GA""}]",0
SKU-9031958971,SKU-9031958971,Ninja Standmixer BN750EU 2-in-1 für Smoothies & Eis-Crush,Ninja,622356240550,0,,,[],0
SKU-9035689627,SKU-9035689627,"Jolly Kreidehalter Set – Hygienisch, bruchsicher & saubere Hände",Jolly,9014400124540,2,XGA0204D,2,"[{""gang"":2,""firstStoredAt"":""2025-12-06T19:38:00.085Z"",""etage"":""GA"",""regal"":4,""zone"":""X"",""quantity"":2,""ebene"":""D"",""lastUpdatedAt"":""2025-12-15T00:41:11.918Z"",""code"":""XGA0204D""}]",0
SKU-9073986145,SKU-9073986145,RAVENOL Sägekettenöl S 85: Optimaler Verschleißschutz & Haftung,RAVENOL,4014835742154,0,,,[],0
SKU-9091395294,SKU-9091395294,LEONARDO Trinkgläser Set Swing – Modernes Design für Wasser & Saft,LEONARDO,4002541707024,1,XGA0202C,1,"[{""firstStoredAt"":""2025-12-13T15:39:57.708Z"",""etage"":""GA"",""zone"":""X"",""code"":""XGA0202C"",""ebene"":""C"",""regal"":2,""gang"":2,""lastUpdatedAt"":""2025-12-13T15:39:57.708Z"",""quantity"":1}]",0
SKU-9142845763,SKU-9142845763,WALSER Hagelschutzplane Perma Protect M – Premium Schutz vor Hagel & Wetter,WALSER,9001778309747,2,XGA0201E,2,"[{""ebene"":""E"",""etage"":""GA"",""regal"":1,""quantity"":2,""code"":""XGA0201E"",""gang"":2,""zone"":""X""}]",0
SKU-9146759920,SKU-9146759920,Adidas Damen Sneaker Samba LT W: Ikonischer Stil & Höchster Komfort,Adidas,4067888237931,1,XGA0302A,1,"[{""regal"":2,""lastUpdatedAt"":""2025-12-05T19:04:16.389Z"",""quantity"":1,""zone"":""X"",""ebene"":""A"",""code"":""XGA0302A"",""firstStoredAt"":""2025-12-05T19:04:16.389Z"",""etage"":""GA"",""gang"":3}]",0
SKU-9289261489,SKU-9289261489,Loewe Kinderbuch Lola Löwenherz – Fesselnde Abenteuer für junge Leser,Loewe,9783785556740,10,XGA0303B,10,"[{""lastUpdatedAt"":""2025-12-09T16:21:19.698Z"",""ebene"":""B"",""quantity"":10,""etage"":""GA"",""regal"":3,""firstStoredAt"":""2025-12-09T16:21:19.698Z"",""zone"":""X"",""gang"":3,""code"":""XGA0303B""}]",0
SKU-9317337160,SKU-9317337160,"PAUDIN Santokumesser N5 – Präzise Schnitte, mühelos & langanhaltend scharf",PAUDIN,,1,XGA0203B,1,"[{""etage"":""GA"",""regal"":3,""zone"":""X"",""quantity"":1,""code"":""XGA0203B"",""gang"":2,""firstStoredAt"":""2025-12-05T14:43:56.510Z"",""lastUpdatedAt"":""2025-12-05T14:43:56.510Z"",""ebene"":""B""}]",0
SKU-9335260557,SKU-9335260557,ABUS Kettenschloss IVERA Steel-O-Flex 7200 für maximalen Diebstahlschutz,ABUS,4003318551383,1,XGA0102B,1,"[{""lastUpdatedAt"":""2025-12-18T16:04:05.960Z"",""etage"":""GA"",""code"":""XGA0102B"",""firstStoredAt"":""2025-12-18T16:04:05.960Z"",""quantity"":1,""gang"":1,""ebene"":""B"",""zone"":""X"",""regal"":2}]",0
SKU-9428729031,SKU-9428729031,"Derby Rasierklingen Premium Professional für sanfte, gründliche Rasur",Derby,08690885205328,13,XGA0104D,13,"[{""regal"":4,""lastUpdatedAt"":""2025-12-03T18:52:57.526Z"",""zone"":""X"",""quantity"":13,""gang"":1,""code"":""XGA0104D"",""firstStoredAt"":""2025-12-03T18:52:57.526Z"",""etage"":""GA"",""ebene"":""D""}]",0
SKU-9431798499,SKU-9431798499,HP 305 Original Tintenpatronen Doppelpack für brillante Druckergebnisse,HP,0195161166969,0,,,[],0
SKU-9436640030,SKU-9436640030,Puma Herren Golfschuhe Fusion Crush Sport - Maximaler Komfort,Puma,4099685332441,1,XGA0302A,0,"[{""ebene"":""A"",""quantity"":1,""lastUpdatedAt"":""2025-12-15T00:32:56.231Z"",""regal"":2,""gang"":3,""etage"":""GA"",""zone"":""X"",""firstStoredAt"":""2025-12-05T19:06:11.723Z"",""code"":""XGA0302A""}]",0
SKU-9454243198,SKU-9454243198,Jolly Superwaxies Aqua Wachsmalstifte - Wasservermalbar für Aquarelleffekte,Jolly,9014400035983,7,XGA0204D,7,"[{""quantity"":7,""ebene"":""D"",""zone"":""X"",""gang"":2,""etage"":""GA"",""lastUpdatedAt"":""2025-12-06T19:35:08.980Z"",""firstStoredAt"":""2025-12-06T19:35:08.980Z"",""regal"":4,""code"":""XGA0204D""}]",0
SKU-9458628509,SKU-9458628509,Eureka E10s Saug- & Wischroboter mit Absaugstation für makellose Böden,Eureka,6956079723620,0,,,[],0
SKU-9564743151,SKU-9564743151,Knirps Taschenschirm AS.050 Navy: Extrem windstabil & kompakt,Knirps,9003034391442,1,XSGA0103A,1,"[{""regal"":3,""quantity"":1,""lastUpdatedAt"":""2025-12-18T15:56:49.831Z"",""zone"":""XS"",""ebene"":""A"",""etage"":""GA"",""code"":""XSGA0103A"",""firstStoredAt"":""2025-12-18T15:56:49.831Z"",""gang"":1}]",0
SKU-9603350817,SKU-9603350817,Universal Tablet-Bodenständer mit Schwenkarm & Höhenverstellung für alle Tablets, ,,0,,,[],0
SKU-9627368343,SKU-9627368343,d-c-fix Energiespar Fensterfolie 90x200cm für optimales Raumklima,d-c-fix,4007386251480,18,XGA0203C,18,"[{""firstStoredAt"":""2025-11-23T16:30:03.367Z"",""ebene"":""C"",""gang"":2,""lastUpdatedAt"":""2025-11-23T16:30:03.367Z"",""etage"":""GA"",""code"":""XGA0203C"",""quantity"":18,""regal"":3,""zone"":""X""}]",0
SKU-9671499764,SKU-9671499764,House Nordic Servierwagen: Eleganter Rollwagen für flexible Nutzung,House Nordic,5713917008889,1,XGA0202E,1,"[{""lastUpdatedAt"":""2025-11-25T07:15:22.966Z"",""zone"":""X"",""firstStoredAt"":""2025-11-25T07:15:22.966Z"",""etage"":""GA"",""code"":""XGA0202E"",""quantity"":1,""regal"":2,""ebene"":""E"",""gang"":2}]",0
SKU-9787450821,SKU-9787450821,"bremermann Nudelmaschine Manuell für frische, hausgemachte Pasta",bremermann,4057993570030,1,XGA0101C,1,"[{""etage"":""GA"",""gang"":1,""zone"":""X"",""firstStoredAt"":""2025-11-23T16:54:12.801Z"",""ebene"":""C"",""code"":""XGA0101C"",""regal"":1,""quantity"":1,""lastUpdatedAt"":""2025-11-23T16:54:12.801Z""}]",0
SKU-9804667250,SKU-9804667250,Adidas Samba OG J Kindersneaker: Ikonischer Stil & hoher Tragekomfort,Adidas,4067904610731,1,XGA0302A,1,"[{""lastUpdatedAt"":""2025-12-05T19:04:00.521Z"",""regal"":2,""quantity"":1,""ebene"":""A"",""etage"":""GA"",""gang"":3,""zone"":""X"",""firstStoredAt"":""2025-12-05T19:04:00.521Z"",""code"":""XGA0302A""}]",0
SKU-9820031170,SKU-9820031170,YOLEO Kinderroller 3-Rad mit LED-Rädern & höhenverstellbarem Lenker,YOLEO,,0,,,[],0
SKU-9834509499,SKU-9834509499,"MSV Handtuchhalter 3-stufig Schwarz, bohrfrei & platzsparend",MSV,3700703935148,1,XGA0202B,1,"[{""gang"":2,""firstStoredAt"":""2025-12-15T00:31:08.980Z"",""zone"":""X"",""code"":""XGA0202B"",""etage"":""GA"",""quantity"":1,""ebene"":""B"",""lastUpdatedAt"":""2025-12-15T00:31:08.980Z"",""regal"":2}]",0
SKU-9876441475,SKU-9876441475,Disney Kinderbuch: Olaf Freundschaftsgeschichte für Fantasie & Sprache,Disney,9783845118116,1,XSGA0103A,1,"[{""zone"":""XS"",""ebene"":""A"",""firstStoredAt"":""2025-12-09T16:37:58.896Z"",""quantity"":1,""code"":""XSGA0103A"",""lastUpdatedAt"":""2025-12-09T16:37:58.896Z"",""regal"":3,""gang"":1,""etage"":""GA""}]",0
SKU-9885764249,SKU-9885764249,,,,0,,,[],
SKU-9905416565,SKU-9905416565,,,,0,,,[],
SKU-9912977908,SKU-9912977908,Dexcom G7 Blutzuckermessgerät: Präzise Echtzeit-Glukoseüberwachung,Dexcom,00386270002273,1,XGA0101B,1,"[{""zone"":""X"",""etage"":""GA"",""quantity"":1,""code"":""XGA0101B"",""firstStoredAt"":""2025-12-18T16:05:13.647Z"",""ebene"":""B"",""gang"":1,""regal"":1,""lastUpdatedAt"":""2025-12-18T16:05:13.647Z""}]",0
SKU-9933881904,SKU-9933881904,SCENEX Damen Tanzschuhe – Elegant & Stabil für Tango & Salsa,SCENEX,,1,XGA0301B,1,"[{""quantity"":1,""regal"":1,""ebene"":""B"",""gang"":3,""code"":""XGA0301B"",""zone"":""X"",""firstStoredAt"":""2025-12-05T19:12:27.529Z"",""etage"":""GA"",""lastUpdatedAt"":""2025-12-05T19:12:27.529Z""}]",0
SKU-9968230318,SKU-9968230318,HOLA KIT Reifenreparaturset für schnelle & sichere Pannenbehebung unterwegs,HOLA KIT,0017158413901780,1,XGA0102B,1,"[{""zone"":""X"",""quantity"":1,""ebene"":""B"",""lastUpdatedAt"":""2025-12-18T15:54:45.337Z"",""etage"":""GA"",""firstStoredAt"":""2025-12-18T15:54:45.337Z"",""regal"":2,""code"":""XGA0102B"",""gang"":1}]",0
SKU-9979752242,SKU-9979752242,CCLIFE Lambdasonden-Steckschlüssel-Satz 3-tlg. für einfachen Sondenwechsel,CCLIFE,4251249417357,1,XGA0102B,1,"[{""firstStoredAt"":""2025-12-18T15:52:58.505Z"",""lastUpdatedAt"":""2025-12-18T15:52:58.505Z"",""gang"":1,""code"":""XGA0102B"",""etage"":""GA"",""ebene"":""B"",""quantity"":1,""regal"":2,""zone"":""X""}]",0
SKU-9988960743,SKU-9988960743,Pepe Jeans London Damen Sneaker London W Albal: Stilvoller Komfort & Glitzer-Look,Pepe Jeans London,8445866051810,1,XGA0301B,1,"[{""firstStoredAt"":""2025-12-05T19:12:58.237Z"",""zone"":""X"",""code"":""XGA0301B"",""regal"":1,""etage"":""GA"",""gang"":3,""lastUpdatedAt"":""2025-12-05T19:12:58.237Z"",""ebene"":""B"",""quantity"":1}]",0
a7fbf83a-10da-453f-974b-4d71c9e7e626,SKU-1848228084,Walex Porta-Pak Max Fäkalientank-Deo für 50 geruchsfreie Anwendungen,Walex,,9,XGA0104C,9,"[{""lastUpdatedAt"":""2025-12-21T16:14:12.724Z"",""code"":""XGA0104C"",""gang"":1,""quantity"":9,""zone"":""X"",""ebene"":""C"",""regal"":4,""firstStoredAt"":""2025-12-21T16:14:12.724Z"",""etage"":""GA""}]",0
b9682eb9-a9aa-415e-898f-7b9bf915e42f,SKU-8203474346,Sabeatex Nackenstützkissen – Optimale Stütze für erholsamen Schlaf,Sabeatex,0633585070122,14,XGA0101E,14,"[{""etage"":""GA"",""quantity"":14,""ebene"":""E"",""gang"":1,""code"":""XGA0101E"",""firstStoredAt"":""2025-12-21T16:13:59.723Z"",""zone"":""X"",""lastUpdatedAt"":""2025-12-21T16:13:59.723Z"",""regal"":1}]",0
c6d932e0-cd68-4d66-8212-d98f5d10e8d2,SKU-7957694387,"SIRUS Mikrofonständer Desktop, Höhenverstellung ca. 27 - 41 cm,  3/8-Zoll Gewinde",SIRUS,4047371128199,1,XGA0106B,1,"[{""zone"":""X"",""gang"":1,""ebene"":""B"",""firstStoredAt"":""2025-12-24T14:57:12.758Z"",""lastUpdatedAt"":""2025-12-24T14:57:12.758Z"",""etage"":""GA"",""code"":""XGA0106B"",""quantity"":1,""regal"":6}]",0
d2649d99-ae7a-4b45-bca9-e6c452843d93,SKU-3442148631,"ToMax Tintenpatrone TM-LC-223Y Gelb für brillante, langlebige Ausdrucke",ToMax,11805620,0,,,[],0
d26c1381-e411-4bd2-a9fd-fdd8e408a28a,SKU-3178068699,Hoover Wasserzulaufschlauch Original für zuverlässige Wasserzufuhr,Hoover,4045516002427,43,XGA0104C,43,"[{""ebene"":""C"",""quantity"":43,""firstStoredAt"":""2025-12-21T16:15:40.518Z"",""gang"":1,""zone"":""X"",""lastUpdatedAt"":""2025-12-21T16:15:40.518Z"",""code"":""XGA0104C"",""regal"":4,""etage"":""GA""}]",0
e29c131f-ec89-434c-b216-90f28330918d,SKU-6854747447,Vinz Jethelm Como ECE R22-06 | Kratzfestes Visier & UV-Schutz,Vinz,220653541150,1,XGA0101C,1,"[{""firstStoredAt"":""2025-12-24T16:42:21.369Z"",""code"":""XGA0101C"",""quantity"":1,""zone"":""X"",""etage"":""GA"",""ebene"":""C"",""regal"":1,""lastUpdatedAt"":""2025-12-24T16:42:21.369Z"",""gang"":1}]",0
f20fc23c-f6dc-476a-9070-d943caec409f,SKU-3481827893,Rolife Miniatur-Bausatz Gartenhaus mit LED für Bücherregal-Ecke DIY,Rolife,6946785119145,1,XGA0201B,1,"[{""firstStoredAt"":""2025-12-24T14:48:44.612Z"",""gang"":2,""quantity"":1,""code"":""XGA0201B"",""etage"":""GA"",""ebene"":""B"",""regal"":1,""zone"":""X"",""lastUpdatedAt"":""2025-12-24T14:48:44.612Z""}]",0
f7a5bb4a-9e13-4a67-8065-996f9a809f26,SKU-0107097519,Sontheimer Nockenschalter S06H | Robust & Zuverlässig für industrielle Steuerungen,Sontheimer,400690609473,2,XGA0106B,2,"[{""lastUpdatedAt"":""2025-12-24T14:58:22.845Z"",""regal"":6,""gang"":1,""ebene"":""B"",""etage"":""GA"",""quantity"":2,""code"":""XGA0106B"",""firstStoredAt"":""2025-12-24T14:58:22.845Z"",""zone"":""X""}]",0
fad41e15-2900-414a-b739-2ed02d4394fe,SKU-9297459968,febi bilstein Waschwasserpumpe für Mercedes-Benz – Klare Sicht,febi bilstein,4027816262596,1,XGA0106B,1,"[{""quantity"":1,""etage"":""GA"",""ebene"":""B"",""regal"":6,""firstStoredAt"":""2025-12-24T14:59:31.312Z"",""code"":""XGA0106B"",""gang"":1,""zone"":""X"",""lastUpdatedAt"":""2025-12-24T14:59:31.312Z""}]",0