id,productId,inventoryId,status,message,createdAt
001sddylmjh49rPjkqmk,08690885205328,,failed,Inventory ID fehlt,"{""_seconds"":1765414410,""_nanoseconds"":792000000}"
01ybJRNKaqqNLMRshCBF,4061418025265,84529,failed,"ERROR_BLOCKED_TOKEN: Query limit exceeded, token blocked until 2025-12-10 22:21:56","{""_seconds"":1765401240,""_nanoseconds"":874000000}"
06H4Z2N4eABbSVsUwmri,5054142498336,84529,success,Successfully synced to BaseLinker,"{""_seconds"":1765045587,""_nanoseconds"":311000000}"
09HZ4UxnGier4drumUDs,4260012351552,85403,failed,"ERROR_BLOCKED_TOKEN: Query limit exceeded, token blocked until 2025-12-11 23:56:37","{""_seconds"":1765492402,""_nanoseconds"":987000000}"
0AkE4rHeCc9AICDSdtQi,02591620,78659,success,Successfully synced to BaseLinker,"{""_seconds"":1765746189,""_nanoseconds"":23000000}"
0AwM0ntdAr0Y4aaLe9aq,0000184164619,85403,success,Successfully synced to BaseLinker,"{""_seconds"":1765732433,""_nanoseconds"":931000000}"
0BYQnt7se4asotawZzXv,SKU-4541378818,78659,success,Successfully synced to BaseLinker,"{""_seconds"":1766338303,""_nanoseconds"":346000000}"
0DHpuBqJ3eKgczaey6Lb,0002592484122,78659,success,Successfully synced to BaseLinker,"{""_seconds"":1765754616,""_nanoseconds"":481000000}"
0GLUnwOytFdLPxW4Kv0X,8806090396038,85403,failed,Kategorie konnte für Inventory 85403 nicht ermittelt werden (Produkt 8806090396038),"{""_seconds"":1765641491,""_nanoseconds"":65000000}"
0HOva1ljbLvjNL89JTFb,4013556577120,78659,success,Successfully synced to BaseLinker,"{""_seconds"":1766335357,""_nanoseconds"":833000000}"
0HXsX0WDb2xJiCygq2py,DQTGD01300W-300W-LED-FLOOD-1,78659,success,Successfully synced to BaseLinker,"{""_seconds"":1765358592,""_nanoseconds"":421000000}"
0MNjPlAy1rBPYPKGiQab,195969554562,78659,success,Successfully synced to BaseLinker,"{""_seconds"":1765753930,""_nanoseconds"":77000000}"
0QNYtHk1I5uyzbLzMGTK,0000184164619,85403,failed,"ENOENT: no such file or directory, open '/app/ebay/DE_New_Structure_(May2023).csv'","{""_seconds"":1765491977,""_nanoseconds"":765000000}"
0REuw6fGRIa1UtoQ8gi5,197634001401,85404,failed,"ERROR_BLOCKED_TOKEN: Query limit exceeded, token blocked until 2025-12-11 19:50:25","{""_seconds"":1765478475,""_nanoseconds"":474000000}"
0bSKETqR2RoQctzLSMSf,4007114298916,84529,failed,"ERROR_BLOCKED_TOKEN: Query limit exceeded, token blocked until 2025-12-11 13:20:09","{""_seconds"":1765455142,""_nanoseconds"":550000000}"
0cfGdT9F6Jg4AYRtHwDf,4013556577120,78659,success,Successfully synced to BaseLinker,"{""_seconds"":1766288927,""_nanoseconds"":502000000}"
0d7mp99BiN1Av7uotiOs,4067888237931,78659,success,Successfully synced to BaseLinker,"{""_seconds"":1765748933,""_nanoseconds"":456000000}"
0gZBwPE31LzwmPY8PKza,4260613494504,85404,failed,"ENOENT: no such file or directory, open '/app/kaufland/category_tree_int_all_languages - 📕 category_tree_all_languages.csv'","{""_seconds"":1765479647,""_nanoseconds"":644000000}"
0lGup1ntrJ7IW9tEYNoG,8445866051810,78659,success,Successfully synced to BaseLinker,"{""_seconds"":1765751315,""_nanoseconds"":763000000}"
0tss1GB8d2SCGM50wPwq,SKU-3046032177,78659,success,Successfully synced to BaseLinker,"{""_seconds"":1765939899,""_nanoseconds"":156000000}"
0u5nBtSWn5qEcGsaCJFB,paudin-santoku-n5-img-1,,failed,Inventory ID fehlt,"{""_seconds"":1765455026,""_nanoseconds"":68000000}"
0urvkXeSrnnKAgP1tphY,SKU-6369067650,78659,success,Successfully synced to BaseLinker,"{""_seconds"":1766339040,""_nanoseconds"":409000000}"
0zgPJD2n7LFv7WHl8EVm,8436579110321,78659,success,Successfully synced to BaseLinker,"{""_seconds"":1765755574,""_nanoseconds"":247000000}"
11lTGQUCtnNrOagNbtLI,A11-LEQISMART,85403,failed,"ENOENT: no such file or directory, open '/app/ebay/DE_New_Structure_(May2023).csv'","{""_seconds"":1765491952,""_nanoseconds"":544000000}"
13P0V11PbpQWLMFGbvuZ,A11-LEQISMART,85403,failed,"ENOENT: no such file or directory, open '/app/ebay/DE_New_Structure_(May2023).csv'","{""_seconds"":1765491954,""_nanoseconds"":342000000}"
14PSieodN5IP1Z8IxQ4t,4030913982243,78659,success,Successfully synced to BaseLinker,"{""_seconds"":1765748007,""_nanoseconds"":452000000}"
15HLsEsBWIEZbbWt7sco,8056381903395,78659,success,Successfully synced to BaseLinker,"{""_seconds"":1765751211,""_nanoseconds"":152000000}"
15sq2rXOcwfmFgxoXUNL,4711377100953,78659,success,Successfully synced to BaseLinker,"{""_seconds"":1765755471,""_nanoseconds"":776000000}"
17UTUTv3fjai70hcEyIT,195969554562,85403,success,Successfully synced to BaseLinker,"{""_seconds"":1765732777,""_nanoseconds"":810000000}"
1AllYHP2npAcL7z2nZb5,4099685332441,84529,success,Successfully synced to BaseLinker,"{""_seconds"":1765045593,""_nanoseconds"":142000000}"
1E0FgINa7Yv8kuwNY7DU,2b55a51a-0d21-4136-9fa4-89ca66c74a72,78659,success,Successfully synced to BaseLinker,"{""_seconds"":1765746833,""_nanoseconds"":558000000}"
1Eiif7zdOvZwakfGEvSx,SKU-1483282001,78659,failed,BaseLinker request failed after retries,"{""_seconds"":1766158425,""_nanoseconds"":312000000}"
1IvlChKKQ1zyVLbXoBF7,0002592484122,85403,success,Successfully synced to BaseLinker,"{""_seconds"":1765713165,""_nanoseconds"":69000000}"
1JyJAdZGYyWVIEZ8OsCl,9002592400207,85404,failed,"ERROR_BLOCKED_TOKEN: Query limit exceeded, token blocked until 2025-12-11 23:56:37","{""_seconds"":1765492492,""_nanoseconds"":909000000}"
1KXCyNIb4h4W1yUTlR8X,4007386251480,78659,success,Successfully synced to BaseLinker,"{""_seconds"":1765747648,""_nanoseconds"":853000000}"
1QQB5YS96cVTlXWD1A0h,8445866051810,84529,success,Successfully synced to BaseLinker,"{""_seconds"":1765414186,""_nanoseconds"":408000000}"
1RMx9KUnrbYQm7Ex7nvp,1646142246381,85403,success,Successfully synced to BaseLinker,"{""_seconds"":1765732735,""_nanoseconds"":431000000}"
1SIaHQwwXr0qtxnN0Etm,da73cdf7-cc76-4f6e-bcbd-d6f8a5582665,85404,failed,"ERROR_BLOCKED_TOKEN: Query limit exceeded, token blocked until 2025-12-11 19:50:25","{""_seconds"":1765478574,""_nanoseconds"":542000000}"
1UoENuqZT2XgisSrVi4E,18c83b9d-eb7b-478b-a5de-388c2f9aa63c,85403,success,Successfully synced to BaseLinker,"{""_seconds"":1765724458,""_nanoseconds"":398000000}"
1W3BxJg4a6C9xkJB22ov,4067983135699,78659,success,Successfully synced to BaseLinker,"{""_seconds"":1765755495,""_nanoseconds"":849000000}"
1ZbQhiGWAxT9OAUiSmzu,brandson-wdp-301480,78659,success,Successfully synced to BaseLinker,"{""_seconds"":1765755991,""_nanoseconds"":964000000}"
1gZnWtI2I0UdqFXzDqJV,4013288218780,85403,failed,"ERROR_BLOCKED_TOKEN: Query limit exceeded, token blocked until 2025-12-11 23:56:37","{""_seconds"":1765492129,""_nanoseconds"":949000000}"
1ghBa7l1aim2M4VyK2SU,5712929568831,78659,success,Successfully synced to BaseLinker,"{""_seconds"":1765755197,""_nanoseconds"":757000000}"
1k1VpwlLO1K0ks48cDlk,SKU-5037405516,78659,failed,BaseLinker request failed after retries,"{""_seconds"":1766088055,""_nanoseconds"":274000000}"
1kc88rkQKVTquNBctqc0,4067904005667,85403,success,Successfully synced to BaseLinker,"{""_seconds"":1765716274,""_nanoseconds"":665000000}"
1m1GShGNP6O4LuuiQiNY,5060826162363,78659,success,Successfully synced to BaseLinker,"{""_seconds"":1765750522,""_nanoseconds"":51000000}"
1oePHwaZ6WDtCLVjXZoL,4067897661963,78659,success,Successfully synced to BaseLinker,"{""_seconds"":1765748938,""_nanoseconds"":246000000}"
1pAqX4SOvE8bb51ru4hl,4067983746314,85403,success,Successfully synced to BaseLinker,"{""_seconds"":1765716292,""_nanoseconds"":971000000}"
1sMdAnKUQLWLvQ6pMQra,8436579110321,84529,success,Successfully synced to BaseLinker,"{""_seconds"":1765401094,""_nanoseconds"":415000000}"
1u3Dwj3GYuikb3yxNYNW,9014400103538,78659,success,Successfully synced to BaseLinker,"{""_seconds"":1765751579,""_nanoseconds"":908000000}"
1ylRJO9PW5s5kNjbkCna,4523e3f3-ba12-4d17-a2af-26af72a8a36e,84529,success,Successfully synced to BaseLinker,"{""_seconds"":1765045583,""_nanoseconds"":133000000}"
1zM0rdPX62ZNGn5U5ieI,paudin-santoku-n5-img-1,85403,failed,"ERROR_BLOCKED_TOKEN: Query limit exceeded, token blocked until 2025-12-11 23:56:37","{""_seconds"":1765492312,""_nanoseconds"":198000000}"
23e5EeYsfPugywI4bukW,4099983384487,85403,success,Successfully synced to BaseLinker,"{""_seconds"":1765716528,""_nanoseconds"":572000000}"
2AgASwNTsmJtHr69blJm,2b55a51a-0d21-4136-9fa4-89ca66c74a72,85403,success,Successfully synced to BaseLinker,"{""_seconds"":1765724677,""_nanoseconds"":891000000}"
2BPRrHHqUkCDVw1TuyLE,8436579110321,84529,failed,"ERROR_BLOCKED_TOKEN: Query limit exceeded, token blocked until 2025-12-10 10:34:55","{""_seconds"":1765358804,""_nanoseconds"":151000000}"
2ByThWkIS7abfEeIkVmv,4067904610731,78659,success,Successfully synced to BaseLinker,"{""_seconds"":1765748968,""_nanoseconds"":243000000}"
2Cr2IZMtFWw7hAQk5dNl,8712024095246,78659,success,Successfully synced to BaseLinker,"{""_seconds"":1765755679,""_nanoseconds"":310000000}"
2CrJNqhf7qMiPdRDU3uw,4030913982243,85403,success,Successfully synced to BaseLinker,"{""_seconds"":1765715320,""_nanoseconds"":165000000}"
2FeOsPL939JeJCVMvKri,9786158181617,84529,failed,"ERROR_BLOCKED_TOKEN: Query limit exceeded, token blocked until 2025-12-10 10:48:39","{""_seconds"":1765359627,""_nanoseconds"":699000000}"
2H9n8szJmbgY8862xquV,8720828172452,78659,failed,BaseLinker request failed after retries,"{""_seconds"":1766339995,""_nanoseconds"":633000000}"
2MtamYFIqDQlXiYvEcfM,4019336589644,84529,success,Successfully synced to BaseLinker,"{""_seconds"":1765045588,""_nanoseconds"":793000000}"
2OzzDk4UAqzPwSuL1Abj,4013556592796,78659,success,Successfully synced to BaseLinker,"{""_seconds"":1766338766,""_nanoseconds"":26000000}"
2Tp612lFuG67BM51ZVgd,85010130,85403,failed,"ERROR_BLOCKED_TOKEN: Query limit exceeded, token blocked until 2025-12-11 20:12:15","{""_seconds"":1765479866,""_nanoseconds"":484000000}"
2WUw6MA3xN42Gduvl1lL,SKU-9968230318,78659,failed,BaseLinker request failed after retries,"{""_seconds"":1766342767,""_nanoseconds"":202000000}"
2XwLTmDlO7FM3f1bk9vf,6431619024,78659,success,Successfully synced to BaseLinker,"{""_seconds"":1765758799,""_nanoseconds"":759000000}"
2avPlWKxhAWKOpuKBqc6,2d04e11c-2c30-40e4-958d-b0ec03de0da5,84529,success,Successfully synced to BaseLinker,"{""_seconds"":1765358636,""_nanoseconds"":670000000}"
2bZk3YkqogNMYxHkM5U2,8720707001286,85403,failed,"ERROR_BLOCKED_TOKEN: Query limit exceeded, token blocked until 2025-12-11 23:56:37","{""_seconds"":1765492494,""_nanoseconds"":273000000}"
2cJKJFnZ0sEsvyNtQJ76,02591620,85403,success,Successfully synced to BaseLinker,"{""_seconds"":1765723966,""_nanoseconds"":405000000}"
2e48TOMfjDDe5mOai7gh,9014400193201,78659,success,Successfully synced to BaseLinker,"{""_seconds"":1765759058,""_nanoseconds"":512000000}"
2j3sc6e0qesNaB7TzyaM,0197967813450,84529,success,Successfully synced to BaseLinker,"{""_seconds"":1765414243,""_nanoseconds"":997000000}"
2kRywMyoEUISz9qxktvV,SKU-4607569519,78659,failed,BaseLinker request failed after retries,"{""_seconds"":1766088965,""_nanoseconds"":259000000}"
2ms0Tu1pE35adauL5cyh,4066755796946,85403,success,Successfully synced to BaseLinker,"{""_seconds"":1765716262,""_nanoseconds"":676000000}"
2pbB8LjoJd78eDFY2i3z,nidec-445-0765157A,78659,success,Successfully synced to BaseLinker,"{""_seconds"":1765759762,""_nanoseconds"":862000000}"
2pct5GAFnDlePs3QhI2O,4099983384487,85403,failed,ERROR_CATEGORY_ID: Invalid category identifier provided (the category does not exist).,"{""_seconds"":1765583652,""_nanoseconds"":743000000}"
2xhzhsQFGkBlK7WyCFRk,2121005642022,78659,success,Successfully synced to BaseLinker,"{""_seconds"":1765926349,""_nanoseconds"":161000000}"
2yupO0QPwIXxMphRtsip,4052212121253,84529,failed,"ERROR_BLOCKED_TOKEN: Query limit exceeded, token blocked until 2025-12-10 10:48:39","{""_seconds"":1765359644,""_nanoseconds"":281000000}"
340sf8ZsPUiOfRSFZ6na,09158136-7837-4a23-90d6-1543b48ce027,85403,failed,"ERROR_BLOCKED_TOKEN: Query limit exceeded, token blocked until 2025-12-11 23:56:37","{""_seconds"":1765492137,""_nanoseconds"":974000000}"
391R4cQg0fMP3QzO9L83,4067904336044,84529,success,Successfully synced to BaseLinker,"{""_seconds"":1765358694,""_nanoseconds"":538000000}"
3AyaUHhap6p52mP3ZW9Y,SKU-1181918814,78659,success,Successfully synced to BaseLinker,"{""_seconds"":1766337946,""_nanoseconds"":760000000}"
3BV7CvaivAJ3nlnp9WaZ,197634001401,84529,failed,"ERROR_BLOCKED_TOKEN: Query limit exceeded, token blocked until 2025-12-10 10:48:39","{""_seconds"":1765359619,""_nanoseconds"":166000000}"
3CpTvb5S2ZyadbpsEvY1,4067897661963,78659,success,Successfully synced to BaseLinker,"{""_seconds"":1765754779,""_nanoseconds"":275000000}"
3IVYINgJgItr6sCMCv3l,brandson-windmaschine-30cm-unknown-ean,78659,success,Successfully synced to BaseLinker,"{""_seconds"":1765358598,""_nanoseconds"":431000000}"
3Izt9oaGnO7urcx6w8Yw,8f973329-18be-4898-aef7-5359c6b0c136,85404,failed,"ERROR_BLOCKED_TOKEN: Query limit exceeded, token blocked until 2025-12-11 23:56:37","{""_seconds"":1765492220,""_nanoseconds"":523000000}"
3JqlLa5aMZ1Sqf4Y31kY,4260613494504,85403,success,Successfully synced to BaseLinker,"{""_seconds"":1765734965,""_nanoseconds"":931000000}"
3LZMvnnZwG7flJc5VU01,4262168680118,78659,success,Successfully synced to BaseLinker,"{""_seconds"":1765755334,""_nanoseconds"":949000000}"
3Psn5N4W1E25782siiph,4052138013946,78659,failed,"ERROR_BLOCKED_TOKEN: Query limit exceeded, token blocked until 2025-12-11 02:02:15","{""_seconds"":1765414669,""_nanoseconds"":854000000}"
3SfQidQjC5ZRpDg2AQBm,SKU-1483282001,78659,success,Successfully synced to BaseLinker,"{""_seconds"":1766336038,""_nanoseconds"":498000000}"
3UXTQSxFZ0GjnmmTCWFl,4067983135699,84529,success,Successfully synced to BaseLinker,"{""_seconds"":1765045592,""_nanoseconds"":648000000}"
3Y4YYZpI67x2jp19cUZD,1626175215014,85403,success,Successfully synced to BaseLinker,"{""_seconds"":1765732734,""_nanoseconds"":982000000}"
3Z1bMBJefPp0HBiwiQ4V,9783785556740,84529,failed,"ERROR_BLOCKED_TOKEN: Query limit exceeded, token blocked until 2025-12-10 10:34:55","{""_seconds"":1765358962,""_nanoseconds"":843000000}"
3ZB0vjX8NqugxawvYZ4p,4710069708088,85404,failed,"ERROR_BLOCKED_TOKEN: Query limit exceeded, token blocked until 2025-12-11 20:12:15","{""_seconds"":1765479893,""_nanoseconds"":222000000}"
3aHWRRhVOIc4nvr7QfCN,4099983384487,85404,failed,Kategorie konnte für Inventory 85404 nicht ermittelt werden (Produkt 4099983384487),"{""_seconds"":1765497206,""_nanoseconds"":409000000}"
3dJlzwyhIckuvkLH0H8h,8806090396038,85404,failed,Kategorie konnte für Inventory 85404 nicht ermittelt werden (Produkt 8806090396038),"{""_seconds"":1765641471,""_nanoseconds"":872000000}"
3e2YURwFbcrNebKSZz1z,SKU-4820097368,78659,failed,BaseLinker request failed after retries,"{""_seconds"":1765926724,""_nanoseconds"":571000000}"
3ezFJKLcC8pvkeNMFG9h,FUVSHU-BT-Y02,78659,success,Successfully synced to BaseLinker,"{""_seconds"":1765044835,""_nanoseconds"":342000000}"
3rGqCDEITtxeNMkJNZDb,9014400035983,84529,success,Successfully synced to BaseLinker,"{""_seconds"":1765050885,""_nanoseconds"":214000000}"
3znfaiIC8OxYSSJ7VKOw,8436579110321,84529,failed,"ERROR_BLOCKED_TOKEN: Query limit exceeded, token blocked until 2025-12-10 10:48:39","{""_seconds"":1765359577,""_nanoseconds"":875000000}"
41lUQSvtjwllk81ROg3c,SKU-5842899450,78659,success,Successfully synced to BaseLinker,"{""_seconds"":1766338240,""_nanoseconds"":655000000}"
42Cq9nPUFnMIQpPdimKN,8056381903395,84529,success,Successfully synced to BaseLinker,"{""_seconds"":1765414233,""_nanoseconds"":329000000}"
451EiryS8Z8i0gdgjBpR,eafe8bc3-619c-41b9-9de5-05fb116e96e2,84529,failed,"ERROR_BLOCKED_TOKEN: Query limit exceeded, token blocked until 2025-12-11 02:02:15","{""_seconds"":1765414587,""_nanoseconds"":833000000}"
45NyA5O4vJ9ZqHoe53OG,038473870772,85404,failed,"ENOENT: no such file or directory, open '/app/kaufland/category_tree_int_all_languages - 📕 category_tree_all_languages.csv'","{""_seconds"":1765479659,""_nanoseconds"":459000000}"
4AAyb4s0cREUIyv0HCdc,SKU-0236764953,78659,success,Successfully synced to BaseLinker,"{""_seconds"":1766337520,""_nanoseconds"":262000000}"
4C5WnuAYh57zLKB6Ltic,197634001401,85403,failed,"ERROR_BLOCKED_TOKEN: Query limit exceeded, token blocked until 2025-12-11 23:56:37","{""_seconds"":1765492121,""_nanoseconds"":753000000}"
4F4AFUtZM4RePgcrD5lY,9783036957814,78659,success,Successfully synced to BaseLinker,"{""_seconds"":1765751975,""_nanoseconds"":163000000}"
4HGOiFvLhdx6Dut9dnWX,4099983384487,78659,success,Successfully synced to BaseLinker,"{""_seconds"":1765755103,""_nanoseconds"":416000000}"
4LUgoS1d6PgblFFimANc,4007386251480,85404,failed,"ERROR_BLOCKED_TOKEN: Query limit exceeded, token blocked until 2025-12-11 19:50:25","{""_seconds"":1765478458,""_nanoseconds"":873000000}"
4MyScgndyT8OUS4sUCM2,3666354875564,85403,failed,"ENOENT: no such file or directory, open '/app/ebay/DE_New_Structure_(May2023).csv'","{""_seconds"":1765491929,""_nanoseconds"":499000000}"
4OdfFgR5zbRmK6UZbh7c,SKU-9564743151,78659,failed,BaseLinker request failed after retries,"{""_seconds"":1766087711,""_nanoseconds"":871000000}"
4Omt0bSvMHrLbt5jbdf9,3cab2925-3136-4d57-b76a-c4ba5e886594,78659,success,Successfully synced to BaseLinker,"{""_seconds"":1765747189,""_nanoseconds"":251000000}"
4QVPW8v2nCpTZeyRKTqt,4250056064101,84529,success,Successfully synced to BaseLinker,"{""_seconds"":1765358632,""_nanoseconds"":676000000}"
4QtshTpn5gF7FgM8je35,4067888237931,84529,failed,"ERROR_BLOCKED_TOKEN: Query limit exceeded, token blocked until 2025-12-11 13:20:09","{""_seconds"":1765455283,""_nanoseconds"":432000000}"
4TEqAS84yIUkXP2BaeSt,SKU-5674295862,78659,success,Successfully synced to BaseLinker,"{""_seconds"":1766338156,""_nanoseconds"":802000000}"
4TIKjaS3JcWuS0vTEbDf,9783417288889,85404,failed,"ENOENT: no such file or directory, open '/app/kaufland/category_tree_int_all_languages - 📕 category_tree_all_languages.csv'","{""_seconds"":1765479622,""_nanoseconds"":857000000}"
4TN0KCtI5Jd8062Pn4gv,9783785556740,85403,failed,"ERROR_BLOCKED_TOKEN: Query limit exceeded, token blocked until 2025-12-11 23:56:37","{""_seconds"":1765492096,""_nanoseconds"":693000000}"
4UA3T531NsHddiaeTnEC,YY-4RPW-M2TR,84529,failed,"ERROR_BLOCKED_TOKEN: Query limit exceeded, token blocked until 2025-12-10 10:34:55","{""_seconds"":1765359079,""_nanoseconds"":617000000}"
4V4XifXcEcbhzk36zK1x,4710069708958,78659,success,Successfully synced to BaseLinker,"{""_seconds"":1765757334,""_nanoseconds"":491000000}"
4ZwMU3IIb3d7kMCnF7Rc,4030913982243,84529,failed,"ERROR_BLOCKED_TOKEN: Query limit exceeded, token blocked until 2025-12-10 22:21:56","{""_seconds"":1765401332,""_nanoseconds"":72000000}"
4bG0If1eoDEGzCmrTkDI,8718309101547,85403,failed,"ERROR_BLOCKED_TOKEN: Query limit exceeded, token blocked until 2025-12-11 23:56:37","{""_seconds"":1765492386,""_nanoseconds"":712000000}"
4cWiIQER0fvNwq4W3ppM,1400a930-65f8-4363-8402-af31839e4d42,84529,failed,"ERROR_BLOCKED_TOKEN: Query limit exceeded, token blocked until 2025-12-11 13:20:09","{""_seconds"":1765455267,""_nanoseconds"":363000000}"
4frjzCmgVAWpRIYdeoAu,8718891015578,85404,failed,"ERROR_BLOCKED_TOKEN: Query limit exceeded, token blocked until 2025-12-11 23:56:37","{""_seconds"":1765492294,""_nanoseconds"":484000000}"
4kPBI2I3L7DmkYmKs5wx,8f973329-18be-4898-aef7-5359c6b0c136,84529,failed,"ERROR_BLOCKED_TOKEN: Query limit exceeded, token blocked until 2025-12-11 02:02:15","{""_seconds"":1765414712,""_nanoseconds"":84000000}"
4mk4xoIwmukvV49gQR1n,1646142246381,85403,success,Successfully synced to BaseLinker,"{""_seconds"":1765737056,""_nanoseconds"":518000000}"
4nL9WhqZgwZ0XToztxQn,18c83b9d-eb7b-478b-a5de-388c2f9aa63c,78659,success,Successfully synced to BaseLinker,"{""_seconds"":1765754619,""_nanoseconds"":602000000}"
4qQbTIxcYcvGpe24ZFBB,9783965940628,85404,failed,"ERROR_BLOCKED_TOKEN: Query limit exceeded, token blocked until 2025-12-11 23:56:37","{""_seconds"":1765492392,""_nanoseconds"":793000000}"
4rkdDZaAwNnqdf5XplFY,18c83b9d-eb7b-478b-a5de-388c2f9aa63c,78659,success,Successfully synced to BaseLinker,"{""_seconds"":1765753925,""_nanoseconds"":680000000}"
4tYQRAwSyHN27Ay4whDF,SKU-1782951292,78659,success,Successfully synced to BaseLinker,"{""_seconds"":1766338188,""_nanoseconds"":785000000}"
4w0mE51AOD3eOwMWypAt,22.30.241,84529,failed,"ERROR_BLOCKED_TOKEN: Query limit exceeded, token blocked until 2025-12-11 02:02:15","{""_seconds"":1765414487,""_nanoseconds"":777000000}"
4xxrPmJuRRlK830LVNPK,3cab2925-3136-4d57-b76a-c4ba5e886594,84529,failed,"ERROR_BLOCKED_TOKEN: Query limit exceeded, token blocked until 2025-12-10 22:21:56","{""_seconds"":1765401340,""_nanoseconds"":542000000}"
4zdmSFMdZ22jG5GeZuzi,SKU-5674295862,78659,failed,BaseLinker request failed after retries,"{""_seconds"":1766089277,""_nanoseconds"":853000000}"
513DprYyTgjieo9AYvzb,0197642799963,84529,failed,"ERROR_BLOCKED_TOKEN: Query limit exceeded, token blocked until 2025-12-10 10:34:55","{""_seconds"":1765358704,""_nanoseconds"":272000000}"
51mFOxPsOYC0jKKfdOoV,4059625316207,78659,success,Successfully synced to BaseLinker,"{""_seconds"":1765913641,""_nanoseconds"":732000000}"
53AEbKIyiSVzOdoSdn5b,2060004998275,78659,success,Successfully synced to BaseLinker,"{""_seconds"":1765358595,""_nanoseconds"":872000000}"
53ji7h8wrBuQIfTtn3PX,SKU-4820097368,78659,success,Successfully synced to BaseLinker,"{""_seconds"":1766255395,""_nanoseconds"":605000000}"
56tXFN4hzNDZIzJXm4p8,4052138013946,78659,success,Successfully synced to BaseLinker,"{""_seconds"":1765748245,""_nanoseconds"":757000000}"
574OLpSDAmvotWMU7yEx,9786158181617,78659,success,Successfully synced to BaseLinker,"{""_seconds"":1765759236,""_nanoseconds"":728000000}"
59qCJ8nC3OzYpiI0rqaO,4013556577120,78659,success,Successfully synced to BaseLinker,"{""_seconds"":1766258827,""_nanoseconds"":512000000}"
5AO1uirThrT5fInLKdnp,SKU-1483282001,78659,failed,BaseLinker request failed after retries,"{""_seconds"":1766156623,""_nanoseconds"":157000000}"
5ASRJPzhvVDcRR5YLvYW,9783845118116,84529,failed,"ERROR_BLOCKED_TOKEN: Query limit exceeded, token blocked until 2025-12-10 22:21:56","{""_seconds"":1765401307,""_nanoseconds"":373000000}"
5Apks24VPfUMV1Oz9t5R,4067897661963,78659,success,Successfully synced to BaseLinker,"{""_seconds"":1765755099,""_nanoseconds"":8000000}"
5Iv2PlHohiTaWPFdmJMR,SKU-0000524938,78659,success,Successfully synced to BaseLinker,"{""_seconds"":1766082051,""_nanoseconds"":702000000}"
5MSWABuquA4khFzR4qdd,4067904336044,78659,success,Successfully synced to BaseLinker,"{""_seconds"":1765754780,""_nanoseconds"":466000000}"
5PPMTPOqz8P802oQqbl3,56cdbf05-ce59-43c9-be15-6cc63c6dae93,78659,success,Successfully synced to BaseLinker,"{""_seconds"":1766229354,""_nanoseconds"":810000000}"
5ToBBTd6dV2IiAMiRnG8,4710069708088,78659,success,Successfully synced to BaseLinker,"{""_seconds"":1765755387,""_nanoseconds"":820000000}"
5U41Jbe2B4EYvtN4u8WH,9014400293437,78659,success,Successfully synced to BaseLinker,"{""_seconds"":1765751583,""_nanoseconds"":326000000}"
5VmEinJgzsuAQiWvW9A3,SKU-1961998362,78659,success,Successfully synced to BaseLinker,"{""_seconds"":1766338766,""_nanoseconds"":532000000}"
5WtnCOPA1wpYY0TM4bJR,SKU-8249181407,78659,success,Successfully synced to BaseLinker,"{""_seconds"":1766346515,""_nanoseconds"":545000000}"
5j717OEJvx1lYAVkpGRH,brandson-windmaschine-30cm-unknown-ean,78659,success,Successfully synced to BaseLinker,"{""_seconds"":1765755992,""_nanoseconds"":667000000}"
5kBDM5S1N8ENEE4bj5kQ,4066755796946,78659,success,Successfully synced to BaseLinker,"{""_seconds"":1765755097,""_nanoseconds"":917000000}"
5kBIIbEcs0AFYvA29ui3,1400a930-65f8-4363-8402-af31839e4d42,78659,success,Successfully synced to BaseLinker,"{""_seconds"":1765756938,""_nanoseconds"":334000000}"
5uPMnFzb6gb2BXaR9Opc,A11-LEQISMART,78659,success,Successfully synced to BaseLinker,"{""_seconds"":1765358590,""_nanoseconds"":516000000}"
5yElG7gv3GzDZNP6AaHH,4067983276613,78659,success,Successfully synced to BaseLinker,"{""_seconds"":1765748978,""_nanoseconds"":742000000}"
60QOYJVHIPgnK8nfPiwt,5054142498336,84529,success,Successfully synced to BaseLinker,"{""_seconds"":1765414255,""_nanoseconds"":533000000}"
63Z5dRKYHk05xGFy9ik3,4710069708088,78659,success,Successfully synced to BaseLinker,"{""_seconds"":1765749975,""_nanoseconds"":323000000}"
65SLGtsPj2SzxxJI7eCK,eafe8bc3-619c-41b9-9de5-05fb116e96e2,84529,failed,"ERROR_BLOCKED_TOKEN: Query limit exceeded, token blocked until 2025-12-10 10:48:39","{""_seconds"":1765359527,""_nanoseconds"":901000000}"
65d1VIRdcfRmwJyxgRip,9014400293437,78659,success,Successfully synced to BaseLinker,"{""_seconds"":1765759265,""_nanoseconds"":154000000}"
67jrPkTSZzM9XMzbc8cA,9014400281687,78659,success,Successfully synced to BaseLinker,"{""_seconds"":1765755860,""_nanoseconds"":890000000}"
67rkjGQDemnTqJKqTHlK,6972200196132,78659,success,Successfully synced to BaseLinker,"{""_seconds"":1765044836,""_nanoseconds"":214000000}"
6DQsKKtzIN9uh9814A62,4550457733175,78659,success,Successfully synced to BaseLinker,"{""_seconds"":1765755094,""_nanoseconds"":151000000}"
6F3olFMLhIlt8KlDqxjS,9132580602006,78659,failed,BaseLinker request failed after retries,"{""_seconds"":1766341999,""_nanoseconds"":311000000}"
6IH0sLH70kbIoN9sHEC8,5054142498336,85403,failed,"ERROR_BLOCKED_TOKEN: Query limit exceeded, token blocked until 2025-12-11 23:56:37","{""_seconds"":1765492221,""_nanoseconds"":83000000}"
6IdaiOkkugZjGnOasXTj,9783965940628,84529,failed,"ERROR_BLOCKED_TOKEN: Query limit exceeded, token blocked until 2025-12-11 13:20:09","{""_seconds"":1765455051,""_nanoseconds"":57000000}"
6Jz3JcQsxeYiaRuabdJh,6941123909198,,failed,Inventory ID fehlt,"{""_seconds"":1765414222,""_nanoseconds"":532000000}"
6LaAM5Q9MAw77FMoKUmm,4052138013946,85403,failed,"ERROR_BLOCKED_TOKEN: Query limit exceeded, token blocked until 2025-12-11 23:56:37","{""_seconds"":1765492378,""_nanoseconds"":466000000}"
6Qb9OJmzgfwAI978Bjac,9783789141256,85404,failed,"ENOENT: no such file or directory, open '/app/kaufland/category_tree_int_all_languages - 📕 category_tree_all_languages.csv'","{""_seconds"":1765479683,""_nanoseconds"":568000000}"
6UrzO7WqG9VzmLqO1LKX,4099983384487,85403,failed,Kategorie konnte für Inventory 85403 nicht ermittelt werden (Produkt 4099983384487),"{""_seconds"":1765497999,""_nanoseconds"":22000000}"
6Uyh8JglNOFaEUaVBUDj,09158136-7837-4a23-90d6-1543b48ce027,84529,success,Successfully synced to BaseLinker,"{""_seconds"":1765358631,""_nanoseconds"":225000000}"
6WJCXl5DvyMichpvo1MR,SKU-8380347833,78659,success,Successfully synced to BaseLinker,"{""_seconds"":1765928189,""_nanoseconds"":659000000}"
6Z34szj78NWSktphVWDI,1646142246381,85403,success,Successfully synced to BaseLinker,"{""_seconds"":1765722288,""_nanoseconds"":109000000}"
6aty5SM4DQXRsZcG1k2o,b9682eb9-a9aa-415e-898f-7b9bf915e42f,78659,success,Successfully synced to BaseLinker,"{""_seconds"":1766343413,""_nanoseconds"":12000000}"
6e56o9qB2fne6gk7KCli,4066748539567,78659,success,Successfully synced to BaseLinker,"{""_seconds"":1765748923,""_nanoseconds"":58000000}"
6fayv58sIBSWuADGUGYO,02591620,78659,success,Successfully synced to BaseLinker,"{""_seconds"":1765756937,""_nanoseconds"":313000000}"
6gsvinqrjqFY33sSsT0f,SKU-5427858806,78659,success,Successfully synced to BaseLinker,"{""_seconds"":1766338304,""_nanoseconds"":402000000}"
6hdHnKVOWMBJCtHzCVQQ,4007386251480,78659,failed,"ERROR_BLOCKED_TOKEN: Query limit exceeded, token blocked until 2025-12-11 13:20:09","{""_seconds"":1765455075,""_nanoseconds"":734000000}"
6jOShmxrE1vKNzIVDBMt,4001969182901,84535,failed,"ERROR_BLOCKED_TOKEN: Query limit exceeded, token blocked until 2025-12-11 02:02:15","{""_seconds"":1765414661,""_nanoseconds"":607000000}"
6jvAlW8daeXw91uhlPNf,2060004998275,85403,failed,"ERROR_BLOCKED_TOKEN: Query limit exceeded, token blocked until 2025-12-11 23:56:37","{""_seconds"":1765492229,""_nanoseconds"":509000000}"
6k2v9Lpv5FT9In1wgIfm,8718309101547,85404,failed,"ERROR_BLOCKED_TOKEN: Query limit exceeded, token blocked until 2025-12-11 23:56:37","{""_seconds"":1765492434,""_nanoseconds"":417000000}"
6kpBHTIIYe2IaKcM2pka,4013288218780,85403,failed,"ERROR_BLOCKED_TOKEN: Query limit exceeded, token blocked until 2025-12-11 23:56:37","{""_seconds"":1765492129,""_nanoseconds"":854000000}"
6mizSF5WHhhSiEfknMnW,22.30.243,84529,success,Successfully synced to BaseLinker,"{""_seconds"":1765358679,""_nanoseconds"":870000000}"
6nreWBTxgB0v7AlxUbZi,4711377100953,85403,success,Successfully synced to BaseLinker,"{""_seconds"":1765738240,""_nanoseconds"":212000000}"
6o2CKofEWG8REIjOrgqT,65.56.544,84529,failed,"ERROR_BLOCKED_TOKEN: Query limit exceeded, token blocked until 2025-12-11 13:20:09","{""_seconds"":1765455151,""_nanoseconds"":46000000}"
6pTDy7C3Q6UychmLa4hu,4066755796946,85403,failed,"ENOENT: no such file or directory, open '/app/ebay/DE_New_Structure_(May2023).csv'","{""_seconds"":1765491987,""_nanoseconds"":576000000}"
6tHxym79jV0wHhcPcypN,villa-grinario-spannbettuch-100x200-grau-kiesel,85403,failed,"ERROR_BLOCKED_TOKEN: Query limit exceeded, token blocked until 2025-12-11 23:56:37","{""_seconds"":1765492204,""_nanoseconds"":556000000}"
6uYS4IbHw5lvnHXL8oJH,0000184164619,78659,success,Successfully synced to BaseLinker,"{""_seconds"":1765753330,""_nanoseconds"":874000000}"
6vBqOXJAG6ttPjetVpNZ,5712929568831,84529,success,Successfully synced to BaseLinker,"{""_seconds"":1765359493,""_nanoseconds"":726000000}"
6wMlrZFseagf4d1hZkX0,beliani-side-table-28049-image-1,85404,failed,"ERROR_BLOCKED_TOKEN: Query limit exceeded, token blocked until 2025-12-11 23:56:37","{""_seconds"":1765492021,""_nanoseconds"":946000000}"
6x3KwkxfcVex0lNmRFCr,c6d932e0-cd68-4d66-8212-d98f5d10e8d2,78659,failed,BaseLinker request failed after retries,"{""_seconds"":1766523213,""_nanoseconds"":100000000}"
73FMRztHkgNG1KmLNOIZ,SKU-0152828115,78659,success,Successfully synced to BaseLinker,"{""_seconds"":1766337439,""_nanoseconds"":542000000}"
75C2TofRXeacRdocFtmp,8056381903395,85403,failed,"ERROR_BLOCKED_TOKEN: Query limit exceeded, token blocked until 2025-12-11 23:56:37","{""_seconds"":1765492030,""_nanoseconds"":177000000}"
76zGWxqxXkYpbldTa5Zs,2d04e11c-2c30-40e4-958d-b0ec03de0da5,84529,failed,"ERROR_BLOCKED_TOKEN: Query limit exceeded, token blocked until 2025-12-11 02:02:15","{""_seconds"":1765414720,""_nanoseconds"":390000000}"
79VtU6I3QAM7km7Vx4EK,9783789141256,84529,success,Successfully synced to BaseLinker,"{""_seconds"":1765358654,""_nanoseconds"":502000000}"
7B1MiNeNhASdtMqa62Wq,038473870772,85403,success,Successfully synced to BaseLinker,"{""_seconds"":1765724029,""_nanoseconds"":296000000}"
7BQKMKttSWoyztnOEWYg,SKU-0974179694,78659,success,Successfully synced to BaseLinker,"{""_seconds"":1766335799,""_nanoseconds"":711000000}"
7CE1cXgelojfXrBKuyKP,11439b84-9171-4705-b423-18c9a2ccaa3b,84529,failed,"ERROR_BLOCKED_TOKEN: Query limit exceeded, token blocked until 2025-12-11 13:20:09","{""_seconds"":1765455250,""_nanoseconds"":884000000}"
7Eq0fWMw0Ehw3JQYUXbO,9001778309747,78659,success,Successfully synced to BaseLinker,"{""_seconds"":1765454998,""_nanoseconds"":281000000}"
7JGmI8WFrzkbBrb7ci4r,4017537302565,78659,failed,"ERROR_BLOCKED_TOKEN: Query limit exceeded, token blocked until 2025-12-11 13:20:09","{""_seconds"":1765455226,""_nanoseconds"":50000000}"
7S29bqzO1blLPstX1uLl,9014400100650,78659,success,Successfully synced to BaseLinker,"{""_seconds"":1765759488,""_nanoseconds"":299000000}"
7XtFwsE49qQ8Y72aq5SK,0197967813450,84529,failed,"ERROR_BLOCKED_TOKEN: Query limit exceeded, token blocked until 2025-12-10 10:34:55","{""_seconds"":1765358887,""_nanoseconds"":312000000}"
7Y06wTfmhtibvqUrqh1z,9002592485129,84529,failed,"ERROR_BLOCKED_TOKEN: Query limit exceeded, token blocked until 2025-12-10 10:34:55","{""_seconds"":1765358787,""_nanoseconds"":653000000}"
7YAyPEhAKYrVNMGPjhuB,1400a930-65f8-4363-8402-af31839e4d42,84529,failed,"ERROR_BLOCKED_TOKEN: Query limit exceeded, token blocked until 2025-12-10 22:21:56","{""_seconds"":1765401165,""_nanoseconds"":997000000}"
7aYJ7FppTFYQg6bucAjG,5054142498336,78659,success,Successfully synced to BaseLinker,"{""_seconds"":1765750280,""_nanoseconds"":447000000}"
7ggj39um0HdDhcS8x8l5,726121ea-fdad-41e5-859d-0e9e1b9c50b1,85404,failed,"ERROR_BLOCKED_TOKEN: Query limit exceeded, token blocked until 2025-12-11 23:56:37","{""_seconds"":1765492501,""_nanoseconds"":224000000}"
7ljiPXnpb3ofwag5ByTK,6431619024,85404,failed,"ERROR_BLOCKED_TOKEN: Query limit exceeded, token blocked until 2025-12-11 23:56:37","{""_seconds"":1765492212,""_nanoseconds"":376000000}"
7mKhVtBziChUe2lyqiKf,SKU-8689351772,78659,success,Successfully synced to BaseLinker,"{""_seconds"":1765927419,""_nanoseconds"":643000000}"
7nEDITUgG7w6Z6jx13H2,3666354875564,84529,success,Successfully synced to BaseLinker,"{""_seconds"":1765358634,""_nanoseconds"":355000000}"
7oHoWygirChOWyFU2MeN,4710069708088,78659,failed,"ERROR_BLOCKED_TOKEN: Query limit exceeded, token blocked until 2025-12-11 13:20:09","{""_seconds"":1765455275,""_nanoseconds"":156000000}"
7orkgqoK9nNdbwD3S1Ww,8436579110321,85404,failed,"ERROR_BLOCKED_TOKEN: Query limit exceeded, token blocked until 2025-12-11 20:12:15","{""_seconds"":1765479801,""_nanoseconds"":469000000}"
7qJ1eULI6y4jDhSoT6CO,SKU-0114729665,78659,success,Successfully synced to BaseLinker,"{""_seconds"":1765970805,""_nanoseconds"":567000000}"
7qWcCK5YBOOop56bjVuE,4251897512916,78659,success,Successfully synced to BaseLinker,"{""_seconds"":1765755155,""_nanoseconds"":648000000}"
7rTx9aYx5ZPiiThAbLt9,5060941713129,78659,success,Successfully synced to BaseLinker,"{""_seconds"":1766346209,""_nanoseconds"":452000000}"
7uoUSpQ2cZIkeIkNOU9Q,4017537302565,78659,success,Successfully synced to BaseLinker,"{""_seconds"":1765754673,""_nanoseconds"":365000000}"
7z6EiI5jiDS83E2BsfVq,4251307280879,85404,failed,"ERROR_BLOCKED_TOKEN: Query limit exceeded, token blocked until 2025-12-11 19:50:25","{""_seconds"":1765478549,""_nanoseconds"":421000000}"
7zWmNIehgU1rdE39aG53,SKU-9912977908,78659,failed,BaseLinker request failed after retries,"{""_seconds"":1766088052,""_nanoseconds"":160000000}"
86fNv3nnvN0OzwWzfUEo,4260012351552,85403,success,Successfully synced to BaseLinker,"{""_seconds"":1765716733,""_nanoseconds"":199000000}"
87PrL9Lw3sMvpnQ4ZVX2,walser-30973,78659,success,Successfully synced to BaseLinker,"{""_seconds"":1765454974,""_nanoseconds"":876000000}"
88iUcyMI1d3Y4ZIb2IxS,8436579110321,84529,failed,"ERROR_BLOCKED_TOKEN: Query limit exceeded, token blocked until 2025-12-11 13:20:09","{""_seconds"":1765455150,""_nanoseconds"":493000000}"
8AUKZcbu7ZHCTfsotv69,7188eabc-0712-4bc6-9998-5967b1c08eb0,78659,success,Successfully synced to BaseLinker,"{""_seconds"":1765755748,""_nanoseconds"":0}"
8F0W6nTmKBnLo47f8buh,9900201693232,85403,failed,"ENOENT: no such file or directory, open '/app/ebay/DE_New_Structure_(May2023).csv'","{""_seconds"":1765491919,""_nanoseconds"":569000000}"
8FontvSwaohl2diOG0Uo,8445866051810,78659,success,Successfully synced to BaseLinker,"{""_seconds"":1765751311,""_nanoseconds"":541000000}"
8I7EcgaY5PcPfAMJhxfk,010095498867,78659,success,Successfully synced to BaseLinker,"{""_seconds"":1765753436,""_nanoseconds"":201000000}"
8Je6vPUl8jpcuHKApfsE,8445866051810,85403,failed,"ENOENT: no such file or directory, open '/app/ebay/DE_New_Structure_(May2023).csv'","{""_seconds"":1765491919,""_nanoseconds"":602000000}"
8KIzeP2e9NcWidSMe3PD,4057993570030,85403,success,Successfully synced to BaseLinker,"{""_seconds"":1765733595,""_nanoseconds"":331000000}"
8LPwNIY5jG1nN9ni0RwS,4052138013946,85403,failed,"ERROR_BLOCKED_TOKEN: Query limit exceeded, token blocked until 2025-12-11 23:56:37","{""_seconds"":1765492378,""_nanoseconds"":176000000}"
8NkOwvxDu2WzzHhXruQ9,2b55a51a-0d21-4136-9fa4-89ca66c74a72,78659,success,Successfully synced to BaseLinker,"{""_seconds"":1765754119,""_nanoseconds"":77000000}"
8QjDgKoSwghUPx8PanmK,4067983135699,78659,success,Successfully synced to BaseLinker,"{""_seconds"":1765755101,""_nanoseconds"":204000000}"
8SIxub4oMVeMudwi4HdO,4260613494504,78659,success,Successfully synced to BaseLinker,"{""_seconds"":1765044829,""_nanoseconds"":889000000}"
8SZRr1ozgOKpXdvQTUAJ,7188eabc-0712-4bc6-9998-5967b1c08eb0,84529,success,Successfully synced to BaseLinker,"{""_seconds"":1765401071,""_nanoseconds"":74000000}"
8SjUPTINw3iOfRBVWd3R,8445866051810,84529,success,Successfully synced to BaseLinker,"{""_seconds"":1765359506,""_nanoseconds"":729000000}"
8T8aD3FPadllOgMdby5x,SKU-5598085433,78659,success,Successfully synced to BaseLinker,"{""_seconds"":1766090689,""_nanoseconds"":150000000}"
8ToT3inBi72mkSidul1m,SKU-0058749943,78659,failed,BaseLinker request failed after retries,"{""_seconds"":1766157175,""_nanoseconds"":618000000}"
8YjO5nLcE04RxOWWq7o3,SKU-9671499764,78659,success,Successfully synced to BaseLinker,"{""_seconds"":1766258634,""_nanoseconds"":106000000}"
8ZWystQSGIFHmgIu2E0H,bbb77d85-7a8f-40b4-a3e2-e8ea469fe7cb,85403,failed,"ERROR_BLOCKED_TOKEN: Query limit exceeded, token blocked until 2025-12-11 23:56:37","{""_seconds"":1765492303,""_nanoseconds"":811000000}"
8adgCfWlZO8VYLM8b29a,SKU-4820097368,78659,success,Successfully synced to BaseLinker,"{""_seconds"":1766255394,""_nanoseconds"":934000000}"
8cicIhrN3iLUeiu3bMg6,8056381903395,84529,failed,"ERROR_BLOCKED_TOKEN: Query limit exceeded, token blocked until 2025-12-10 22:21:56","{""_seconds"":1765401257,""_nanoseconds"":703000000}"
8czmGnz32V7Y5QREqQ7D,4550457733144,84529,success,Successfully synced to BaseLinker,"{""_seconds"":1765358629,""_nanoseconds"":524000000}"
8gBYHTltMhzxmIwSPqwk,4260532291215,85403,failed,"ERROR_BLOCKED_TOKEN: Query limit exceeded, token blocked until 2025-12-11 23:56:37","{""_seconds"":1765492328,""_nanoseconds"":484000000}"
8gqrDA3f7ZZJeFDCMlHG,4710069708958,78659,success,Successfully synced to BaseLinker,"{""_seconds"":1765358596,""_nanoseconds"":688000000}"
8hYnxxBawB1ELS7USBnu,SKU-6346907299,78659,success,Successfully synced to BaseLinker,"{""_seconds"":1766338324,""_nanoseconds"":511000000}"
8jJn7WFTnbJX9IRvPF7i,alpinefun-holzschlitten,78659,failed,"ERROR_BLOCKED_TOKEN: Query limit exceeded, token blocked until 2025-12-11 13:20:09","{""_seconds"":1765455167,""_nanoseconds"":831000000}"
8lHH8DIoa6pFwCkj0K4T,SKU-5701110636,78659,failed,BaseLinker request failed after retries,"{""_seconds"":1766089617,""_nanoseconds"":563000000}"
8lrEzbwFjAms2eDlCPmR,4260012351552,78659,success,Successfully synced to BaseLinker,"{""_seconds"":1765358593,""_nanoseconds"":358000000}"
8ntgTd5aTAb3llPqiQwx,0197642799963,84529,failed,"ERROR_BLOCKED_TOKEN: Query limit exceeded, token blocked until 2025-12-11 13:20:09","{""_seconds"":1765455017,""_nanoseconds"":915000000}"
8vOjrlznHFkI53rez37D,4099983384487,85403,failed,ERROR_CATEGORY_ID: Invalid category identifier provided (the category does not exist).,"{""_seconds"":1765534628,""_nanoseconds"":535000000}"
8xUI8aKpjFsPqvf2EiM4,4710069708088,78659,success,Successfully synced to BaseLinker,"{""_seconds"":1765757333,""_nanoseconds"":980000000}"
8xvGeeBE4gt0nCIvHW3I,4013556577007,78659,success,Successfully synced to BaseLinker,"{""_seconds"":1766288926,""_nanoseconds"":18000000}"
8zglePEp2509NuC59N4M,SKU-5392843955,78659,success,Successfully synced to BaseLinker,"{""_seconds"":1766090390,""_nanoseconds"":61000000}"
94waKucODB64GhtsQAJk,SKU-0974179694,78659,success,Successfully synced to BaseLinker,"{""_seconds"":1766080904,""_nanoseconds"":443000000}"
9958DO4gm7CxUgfVcvoq,SKU-0058749943,78659,success,Successfully synced to BaseLinker,"{""_seconds"":1766154779,""_nanoseconds"":648000000}"
9JoHfJhxNOA7bSaHa3SH,6972200196132,78659,success,Successfully synced to BaseLinker,"{""_seconds"":1765755695,""_nanoseconds"":891000000}"
9L1bAtQeHFmx8mFWdwiF,nidec-445-0765157A,78659,success,Successfully synced to BaseLinker,"{""_seconds"":1765358597,""_nanoseconds"":4000000}"
9RuzvC6HvhB5rzQxduP3,4260325431309,84529,failed,"ERROR_BLOCKED_TOKEN: Query limit exceeded, token blocked until 2025-12-10 10:48:39","{""_seconds"":1765360021,""_nanoseconds"":999000000}"
9S9ntDPjMlSbLkLDU7Fe,OM0028-502-L,84529,failed,"ERROR_BLOCKED_TOKEN: Query limit exceeded, token blocked until 2025-12-10 10:48:39","{""_seconds"":1765359669,""_nanoseconds"":393000000}"
9TMuXNrxtA4uqeJBum0e,4260532291215,78659,success,Successfully synced to BaseLinker,"{""_seconds"":1765358593,""_nanoseconds"":766000000}"
9UIOyOmGDCNGVB0kUdfQ,9783956193242,84529,failed,"ERROR_BLOCKED_TOKEN: Query limit exceeded, token blocked until 2025-12-11 13:20:09","{""_seconds"":1765455017,""_nanoseconds"":752000000}"
9XeRKbrHWdoWNw1Jjtqe,18c83b9d-eb7b-478b-a5de-388c2f9aa63c,85403,success,Successfully synced to BaseLinker,"{""_seconds"":1765738018,""_nanoseconds"":360000000}"
9Yx5rdgKMuCOcZAuPs58,9014400001384,78659,success,Successfully synced to BaseLinker,"{""_seconds"":1765751576,""_nanoseconds"":431000000}"
9dHiaLd5b3plV3xcodri,9783956193242,85403,failed,"ERROR_BLOCKED_TOKEN: Query limit exceeded, token blocked until 2025-12-11 23:56:37","{""_seconds"":1765492279,""_nanoseconds"":301000000}"
9eept5842zHuEcUQzucY,a99a4149-8b94-4560-91be-df6545d1a5ef,84529,failed,"ERROR_BLOCKED_TOKEN: Query limit exceeded, token blocked until 2025-12-10 10:48:39","{""_seconds"":1765359694,""_nanoseconds"":317000000}"
9etEz4QqVrrsiIGxNliK,5060826162363,78659,success,Successfully synced to BaseLinker,"{""_seconds"":1765755146,""_nanoseconds"":269000000}"
9hhgZy2bAg3MZ4Vloxj1,010095498867,85403,success,Successfully synced to BaseLinker,"{""_seconds"":1765723777,""_nanoseconds"":169000000}"
9lHXaZVZ8DPZ5XXKYKRN,91d1b233-0dee-40cc-9e28-0edf0372886e,78659,failed,BaseLinker request failed after retries,"{""_seconds"":1765926724,""_nanoseconds"":263000000}"
9lleDGUdKyGl2lw8uJTY,8056381903395,84529,failed,"ERROR_BLOCKED_TOKEN: Query limit exceeded, token blocked until 2025-12-10 10:48:39","{""_seconds"":1765359610,""_nanoseconds"":871000000}"
9oAU9m70rXwmnLs3lt5W,4710069708088,85403,success,Successfully synced to BaseLinker,"{""_seconds"":1765735265,""_nanoseconds"":620000000}"
9oGlj8Jz5soVT84tgnAu,7611916163227,78659,success,Successfully synced to BaseLinker,"{""_seconds"":1766346274,""_nanoseconds"":555000000}"
9r50Q3ksDJSuiEs26btC,913258-06-CJW0603,78659,success,Successfully synced to BaseLinker,"{""_seconds"":1765751635,""_nanoseconds"":780000000}"
9sXAWUdopNRsuE37k9CI,4523e3f3-ba12-4d17-a2af-26af72a8a36e,85404,failed,"ENOENT: no such file or directory, open '/app/kaufland/category_tree_int_all_languages - 📕 category_tree_all_languages.csv'","{""_seconds"":1765479635,""_nanoseconds"":314000000}"
9wDpYVk24zvnNWSGHoob,8718891015578,84529,failed,"ERROR_BLOCKED_TOKEN: Query limit exceeded, token blocked until 2025-12-10 10:34:55","{""_seconds"":1765358995,""_nanoseconds"":871000000}"
9xMvNb2LBYwYDITej5Sz,SKU-4358173575,78659,failed,BaseLinker request failed after retries,"{""_seconds"":1766087711,""_nanoseconds"":864000000}"
A1nvCb6g8zexax9J8ixT,09158136-7837-4a23-90d6-1543b48ce027,78659,success,Successfully synced to BaseLinker,"{""_seconds"":1765754618,""_nanoseconds"":63000000}"
A2DiGE69AHrklhdnJJMH,SKU-2019125675,78659,failed,BaseLinker request failed after retries,"{""_seconds"":1766083383,""_nanoseconds"":850000000}"
A3XtbPJxQpU3cluDNKq2,beliani-side-table-28049-image-1,85403,failed,"ENOENT: no such file or directory, open '/app/ebay/DE_New_Structure_(May2023).csv'","{""_seconds"":1765491964,""_nanoseconds"":95000000}"
A4rHd33ieujWBhXw0cKY,8712024095246,78659,success,Successfully synced to BaseLinker,"{""_seconds"":1765755752,""_nanoseconds"":381000000}"
A4rfnbZdsE3xS78My3HH,9786158181617,84529,failed,"ERROR_BLOCKED_TOKEN: Query limit exceeded, token blocked until 2025-12-10 22:21:56","{""_seconds"":1765401274,""_nanoseconds"":53000000}"
A4zOhV7oVFJ6wk7NBml9,4550457733144,78659,success,Successfully synced to BaseLinker,"{""_seconds"":1765755335,""_nanoseconds"":478000000}"
A8FnkFb8GxALHAGFsUcl,9014400293437,78659,success,Successfully synced to BaseLinker,"{""_seconds"":1765759302,""_nanoseconds"":457000000}"
AAwCnwx6ehsNgeWXT6Py,7e83322c-3ad7-4210-bcfb-8069ae09aa03,85403,failed,"ENOENT: no such file or directory, open '/app/ebay/DE_New_Structure_(May2023).csv'","{""_seconds"":1765491917,""_nanoseconds"":561000000}"
ABEkBPsmA9sMvp4oEdMz,4030913982243,84529,failed,"ERROR_BLOCKED_TOKEN: Query limit exceeded, token blocked until 2025-12-10 10:34:55","{""_seconds"":1765358971,""_nanoseconds"":272000000}"
ADQsL9MdDsZZ11q0hTRD,8712024095246,78659,success,Successfully synced to BaseLinker,"{""_seconds"":1765751367,""_nanoseconds"":787000000}"
AEM4IutXgrU43q3AqtF5,4013288218780,78659,success,Successfully synced to BaseLinker,"{""_seconds"":1765758612,""_nanoseconds"":719000000}"
AGe0geFzHSFWxaHEvcX7,22.30.243,84529,failed,"ERROR_BLOCKED_TOKEN: Query limit exceeded, token blocked until 2025-12-11 02:02:15","{""_seconds"":1765414604,""_nanoseconds"":208000000}"
AHcKams2Lxp6X1RXE5tS,SKU-4949389854,78659,success,Successfully synced to BaseLinker,"{""_seconds"":1766338073,""_nanoseconds"":101000000}"
AJ6ivewyYy8abn0hcu8j,SKU-2123165909,78659,success,Successfully synced to BaseLinker,"{""_seconds"":1766083709,""_nanoseconds"":759000000}"
AJBkGPplYvk6UxHcSEHt,SKU-5598085433,78659,failed,BaseLinker request failed after retries,"{""_seconds"":1766088965,""_nanoseconds"":261000000}"
AKKYvqVriXOfFQpBjCg2,9132580602006,78659,success,Successfully synced to BaseLinker,"{""_seconds"":1766346452,""_nanoseconds"":647000000}"
ATlpQGjccPVNGWZktwqf,SKU-1612836881,78659,success,Successfully synced to BaseLinker,"{""_seconds"":1766081096,""_nanoseconds"":281000000}"
AVH8OGquTxUm8cl54heD,65.56.544,85404,failed,"ERROR_BLOCKED_TOKEN: Query limit exceeded, token blocked until 2025-12-11 19:50:25","{""_seconds"":1765478524,""_nanoseconds"":716000000}"
AWjTzrQIK262PFnUWJTQ,9523709033415,78659,success,Successfully synced to BaseLinker,"{""_seconds"":1765751780,""_nanoseconds"":548000000}"
AZ7zNnpSn8JY10BqnQ8L,SKU-2019125675,78659,success,Successfully synced to BaseLinker,"{""_seconds"":1766338868,""_nanoseconds"":153000000}"
AcOBYWd92SG1jUm9JBmb,7188eabc-0712-4bc6-9998-5967b1c08eb0,85404,failed,"ERROR_BLOCKED_TOKEN: Query limit exceeded, token blocked until 2025-12-11 23:56:37","{""_seconds"":1765492138,""_nanoseconds"":77000000}"
AfndiGmwyftdaBMB3X1l,9014400105389,84529,success,Successfully synced to BaseLinker,"{""_seconds"":1765050753,""_nanoseconds"":912000000}"
AhSLC0LuI2jGOCaDSOSW,SKU-0236764953,78659,success,Successfully synced to BaseLinker,"{""_seconds"":1766335737,""_nanoseconds"":220000000}"
AkK2Xf6mfjjTkdTVkiV0,4550457733144,85403,failed,"ENOENT: no such file or directory, open '/app/ebay/DE_New_Structure_(May2023).csv'","{""_seconds"":1765491987,""_nanoseconds"":503000000}"
AmrCxrRmxx6fX1eg6GQF,SKU-0871959830,78659,success,Successfully synced to BaseLinker,"{""_seconds"":1766155854,""_nanoseconds"":809000000}"
AoJTtPwo8THYI4w4ZD2J,5054142498336,84529,success,Successfully synced to BaseLinker,"{""_seconds"":1765401082,""_nanoseconds"":484000000}"
ApT8hrkzV0L4xjvI09lh,9014400124540,78659,success,Successfully synced to BaseLinker,"{""_seconds"":1765758995,""_nanoseconds"":114000000}"
ApzRnpD765camyGG0wfK,A11-LEQISMART,78659,failed,"ERROR_BLOCKED_TOKEN: Query limit exceeded, token blocked until 2025-12-11 02:02:15","{""_seconds"":1765414728,""_nanoseconds"":760000000}"
AxtD4cThY4snbisUkn1U,315ecb79-6893-4245-8804-265ddd68e97f,78659,success,Successfully synced to BaseLinker,"{""_seconds"":1765746957,""_nanoseconds"":856000000}"
AypwgYHIrykBb9BBxwu7,4260012351552,78659,failed,"ERROR_BLOCKED_TOKEN: Query limit exceeded, token blocked until 2025-12-11 13:20:09","{""_seconds"":1765455067,""_nanoseconds"":616000000}"
AyqU8wVYSEQNxhfLZJDJ,85010130,84529,failed,"ERROR_BLOCKED_TOKEN: Query limit exceeded, token blocked until 2025-12-10 10:48:39","{""_seconds"":1765359702,""_nanoseconds"":681000000}"
B2HE4AL8d4q42yH8wumy,9783789141256,78659,success,Successfully synced to BaseLinker,"{""_seconds"":1765752434,""_nanoseconds"":358000000}"
B2TVxuXkwHar94W7HzLb,4099983384487,85403,failed,ERROR_CATEGORY_ID: Invalid category identifier provided (the category does not exist).,"{""_seconds"":1765530892,""_nanoseconds"":645000000}"
B9JtvfiFJzuOPFj6d74w,9014400105341,78659,success,Successfully synced to BaseLinker,"{""_seconds"":1765751581,""_nanoseconds"":27000000}"
B9KwTek63esb1e2GYG2H,SKU-4820097368,78659,success,Successfully synced to BaseLinker,"{""_seconds"":1766288929,""_nanoseconds"":807000000}"
BAPmObbytv9X2cLy7nLb,4052212121253,85403,success,Successfully synced to BaseLinker,"{""_seconds"":1765733481,""_nanoseconds"":132000000}"
BGEDeoYnuzHtJh3A6JVF,4052138013946,85403,success,Successfully synced to BaseLinker,"{""_seconds"":1765733379,""_nanoseconds"":384000000}"
BGTu37I3FvpFZehOA8yM,SKU-0058749943,78659,success,Successfully synced to BaseLinker,"{""_seconds"":1766337394,""_nanoseconds"":374000000}"
BGhwe5MqGc7qWvYTul1u,SKU-0152828115,78659,success,Successfully synced to BaseLinker,"{""_seconds"":1766337457,""_nanoseconds"":307000000}"
BHKOCHKt6J944gO0MS21,08690885205328,78659,success,Successfully synced to BaseLinker,"{""_seconds"":1765753696,""_nanoseconds"":484000000}"
BLlLZ37dhbLEKfRd0B0H,SKU-4488972962,78659,success,Successfully synced to BaseLinker,"{""_seconds"":1766338925,""_nanoseconds"":598000000}"
BOugceQGXY18iugVbVNb,4017537302565,85404,failed,"ERROR_BLOCKED_TOKEN: Query limit exceeded, token blocked until 2025-12-11 19:50:25","{""_seconds"":1765478582,""_nanoseconds"":891000000}"
BQ8TPa00XUIenMWoI3KT,4067904336044,84529,failed,"ERROR_BLOCKED_TOKEN: Query limit exceeded, token blocked until 2025-12-11 13:20:09","{""_seconds"":1765455125,""_nanoseconds"":839000000}"
BRnrx7hUdXGdBuvUPE4r,8718891015578,85403,failed,"ERROR_BLOCKED_TOKEN: Query limit exceeded, token blocked until 2025-12-11 23:56:37","{""_seconds"":1765492245,""_nanoseconds"":956000000}"
BUi3Iki7EjwxTTJBIz7V,5059862390069,84529,failed,"ERROR_BLOCKED_TOKEN: Query limit exceeded, token blocked until 2025-12-11 02:20:05","{""_seconds"":1765415014,""_nanoseconds"":413000000}"
BV46tx0JmewS5FqeLgAo,1400a930-65f8-4363-8402-af31839e4d42,84529,failed,"ERROR_BLOCKED_TOKEN: Query limit exceeded, token blocked until 2025-12-10 10:34:55","{""_seconds"":1765359046,""_nanoseconds"":552000000}"
BVXSUyaCsh0VtYCu23q6,SKU-4358173575,78659,success,Successfully synced to BaseLinker,"{""_seconds"":1766338219,""_nanoseconds"":758000000}"
BVaK1ATTEAtI5eRLge2e,9001778309747,85403,failed,"ERROR_BLOCKED_TOKEN: Query limit exceeded, token blocked until 2025-12-11 23:56:37","{""_seconds"":1765492063,""_nanoseconds"":610000000}"
BZMSdBICNxKoJKa5vbR8,2d04e11c-2c30-40e4-958d-b0ec03de0da5,85403,failed,"ERROR_BLOCKED_TOKEN: Query limit exceeded, token blocked until 2025-12-11 23:56:37","{""_seconds"":1765492262,""_nanoseconds"":435000000}"
BZPMCThIyVt4SwRnO8xM,walser-30973,78659,success,Successfully synced to BaseLinker,"{""_seconds"":1765044834,""_nanoseconds"":125000000}"
BZsyBScMtYo7gTLO7O3T,SKU-1483282001,78659,success,Successfully synced to BaseLinker,"{""_seconds"":1766338005,""_nanoseconds"":330000000}"
BiXp7X5E63z7umsVyD3w,0197967813450,85403,failed,"ERROR_BLOCKED_TOKEN: Query limit exceeded, token blocked until 2025-12-11 23:56:37","{""_seconds"":1765492154,""_nanoseconds"":32000000}"
BjMuokJ9s3xHR5nj9jt0,paudin-santoku-n5-img-1,85404,failed,"ERROR_BLOCKED_TOKEN: Query limit exceeded, token blocked until 2025-12-11 23:56:37","{""_seconds"":1765492359,""_nanoseconds"":854000000}"
BkGdfxkqWWnLq2CJ6WRs,010095498867,85403,success,Successfully synced to BaseLinker,"{""_seconds"":1765737842,""_nanoseconds"":955000000}"
BlLXDnDOVpKvPVDMExaA,010095498867,84529,success,Successfully synced to BaseLinker,"{""_seconds"":1765045591,""_nanoseconds"":298000000}"
BnYozoOnY0U2iBJ0NiuR,6954850111741,78659,success,Successfully synced to BaseLinker,"{""_seconds"":1766353938,""_nanoseconds"":368000000}"
BnaLYTlb8ctcoZq017wH,4007114298916,84529,success,Successfully synced to BaseLinker,"{""_seconds"":1765359479,""_nanoseconds"":824000000}"
Bp8WhXKDVkx6mrFi3EsX,SKU-0411747828,78659,success,Successfully synced to BaseLinker,"{""_seconds"":1765970806,""_nanoseconds"":193000000}"
Bq3i5u1vNECe95NSFJRP,9783785556740,85403,failed,"ERROR_BLOCKED_TOKEN: Query limit exceeded, token blocked until 2025-12-11 23:56:37","{""_seconds"":1765492096,""_nanoseconds"":593000000}"
Bx9CwuO662JPxplWRBOp,5059862390069,78659,success,Successfully synced to BaseLinker,"{""_seconds"":1765755601,""_nanoseconds"":453000000}"
BzJyqseXpITq5xBVov7g,0197967813450,85403,success,Successfully synced to BaseLinker,"{""_seconds"":1765713356,""_nanoseconds"":798000000}"
C9rcQkWMdEtDO5UPC3nJ,9014400293437,78659,success,Successfully synced to BaseLinker,"{""_seconds"":1765755426,""_nanoseconds"":588000000}"
CA2PwbkyHcZX0lCjoLCU,4007386251480,85403,success,Successfully synced to BaseLinker,"{""_seconds"":1765715042,""_nanoseconds"":375000000}"
CEXxhP4nNuxpYj63srec,8720637479520,78659,success,Successfully synced to BaseLinker,"{""_seconds"":1765751522,""_nanoseconds"":372000000}"
CFU6fpIUPU0gWyJNa6Vp,4067904610731,84529,success,Successfully synced to BaseLinker,"{""_seconds"":1765045594,""_nanoseconds"":522000000}"
CNM1McAFzxdM62o5qTl4,9014400281687,78659,success,Successfully synced to BaseLinker,"{""_seconds"":1765755761,""_nanoseconds"":761000000}"
CNQaW3XlFZ01Z4Mzhxft,9014400105389,78659,success,Successfully synced to BaseLinker,"{""_seconds"":1765759300,""_nanoseconds"":502000000}"
CWgEAiNg8DAM60usF2kC,19760256779314,84529,success,Successfully synced to BaseLinker,"{""_seconds"":1765045602,""_nanoseconds"":49000000}"
CXIeyHieEGFuPuaSiMzR,010095498867,85403,success,Successfully synced to BaseLinker,"{""_seconds"":1765720114,""_nanoseconds"":978000000}"
CZZ7g5szobarTI7p4M42,a99a4149-8b94-4560-91be-df6545d1a5ef,85404,failed,"ERROR_BLOCKED_TOKEN: Query limit exceeded, token blocked until 2025-12-11 20:12:15","{""_seconds"":1765479767,""_nanoseconds"":919000000}"
Ca3n1fDtsAYKZUFizQVc,4067897661963,85403,success,Successfully synced to BaseLinker,"{""_seconds"":1765716270,""_nanoseconds"":971000000}"
CbZcTeWQm5Gxqp0ptzb9,9014400035983,78659,success,Successfully synced to BaseLinker,"{""_seconds"":1765759298,""_nanoseconds"":99000000}"
CbiLBUbiKdCVe8V0fg72,08690885205328,85403,success,Successfully synced to BaseLinker,"{""_seconds"":1765732651,""_nanoseconds"":121000000}"
Ci5cHU1VpkUsNzWAJ64a,4099983384487,85404,failed,Kategorie konnte für Inventory 85404 nicht ermittelt werden (Produkt 4099983384487),"{""_seconds"":1765495309,""_nanoseconds"":705000000}"
CkECAC4Sr1QIvrmM8Nyo,4013556577120,78659,success,Successfully synced to BaseLinker,"{""_seconds"":1766337142,""_nanoseconds"":148000000}"
Cku6woTBFFFcB7oCSnOZ,4260623660043,85404,failed,"ERROR_BLOCKED_TOKEN: Query limit exceeded, token blocked until 2025-12-11 20:12:15","{""_seconds"":1765479910,""_nanoseconds"":151000000}"
CkzlsRq4i2WnKcKfle2u,315ecb79-6893-4245-8804-265ddd68e97f,85403,success,Successfully synced to BaseLinker,"{""_seconds"":1765724778,""_nanoseconds"":696000000}"
ClgcAl52k2HBAZ3JnsjU,4052212121253,78659,success,Successfully synced to BaseLinker,"{""_seconds"":1765756939,""_nanoseconds"":413000000}"
CqWhJWRttaM9iVgpX1W2,4067904005667,84529,success,Successfully synced to BaseLinker,"{""_seconds"":1765045594,""_nanoseconds"":938000000}"
CrpGqiilcwDZIPr8hZEC,9132580602006,78659,failed,BaseLinker request failed after retries,"{""_seconds"":1766342130,""_nanoseconds"":415000000}"
CtaLbyGQYrfgUBZdzYP0,4063425163489,85403,success,Successfully synced to BaseLinker,"{""_seconds"":1765716037,""_nanoseconds"":477000000}"
Cyflf8WYMuPbaobEfCDf,449823557,78659,success,Successfully synced to BaseLinker,"{""_seconds"":1765755753,""_nanoseconds"":523000000}"
D4HpmH1xBmV0hwk6kpJF,5900495862228,78659,success,Successfully synced to BaseLinker,"{""_seconds"":1765358595,""_nanoseconds"":502000000}"
DPdhGjbTwe43BCUWTpTt,0197967813450,85404,failed,"ERROR_BLOCKED_TOKEN: Query limit exceeded, token blocked until 2025-12-11 23:56:37","{""_seconds"":1765492203,""_nanoseconds"":950000000}"
DSduv1siCpCp3Cd7uNNL,SKU-1612836881,78659,success,Successfully synced to BaseLinker,"{""_seconds"":1766338105,""_nanoseconds"":718000000}"
DVK3ufzircvBJLIK61jm,4550457733144,85403,failed,"ENOENT: no such file or directory, open '/app/ebay/DE_New_Structure_(May2023).csv'","{""_seconds"":1765491989,""_nanoseconds"":269000000}"
DgNuMfApKyCzRckTJUO8,a99a4149-8b94-4560-91be-df6545d1a5ef,84529,failed,"ERROR_BLOCKED_TOKEN: Query limit exceeded, token blocked until 2025-12-10 10:34:55","{""_seconds"":1765358937,""_nanoseconds"":438000000}"
Dl0dljPrUlUBc8ob4Yzr,4711377100953,78659,success,Successfully synced to BaseLinker,"{""_seconds"":1765750036,""_nanoseconds"":85000000}"
DnGHDTinaWsONON6VWCA,9783036957814,78659,success,Successfully synced to BaseLinker,"{""_seconds"":1765755917,""_nanoseconds"":283000000}"
DuBbKKOzALpk1Bkh40TU,22.30.241,84529,failed,"ERROR_BLOCKED_TOKEN: Query limit exceeded, token blocked until 2025-12-10 10:34:55","{""_seconds"":1765358837,""_nanoseconds"":603000000}"
DwrwpaG95sj0kKfFDmPN,a99a4149-8b94-4560-91be-df6545d1a5ef,85404,failed,"ERROR_BLOCKED_TOKEN: Query limit exceeded, token blocked until 2025-12-11 19:50:25","{""_seconds"":1765478500,""_nanoseconds"":189000000}"
DzVb0Mlqo9e41vbR9YoD,010095498867,85403,success,Successfully synced to BaseLinker,"{""_seconds"":1765732477,""_nanoseconds"":486000000}"
DzY6fHI0nEeTsvTiAFRa,85010130,78659,success,Successfully synced to BaseLinker,"{""_seconds"":1765751316,""_nanoseconds"":381000000}"
E1XXUuZiyfPujyLwphUT,generic-lock-kunststoffkoffer,85403,failed,"ERROR_BLOCKED_TOKEN: Query limit exceeded, token blocked until 2025-12-11 23:56:37","{""_seconds"":1765492179,""_nanoseconds"":427000000}"
E3YQiH6EMzYpcmgawb1h,4019336589644,85404,failed,"ERROR_BLOCKED_TOKEN: Query limit exceeded, token blocked until 2025-12-11 23:56:37","{""_seconds"":1765492154,""_nanoseconds"":424000000}"
E4JIVRFqnlKGf2e3hC2p,0197642799963,85404,failed,"ERROR_BLOCKED_TOKEN: Query limit exceeded, token blocked until 2025-12-11 23:56:37","{""_seconds"":1765492319,""_nanoseconds"":120000000}"
E6umuvMKgoyilvb8A8iW,5054142498336,85403,success,Successfully synced to BaseLinker,"{""_seconds"":1765735455,""_nanoseconds"":234000000}"
E9aHE7EeotEWvCrg0Y6m,0197967813450,85403,success,Successfully synced to BaseLinker,"{""_seconds"":1765732564,""_nanoseconds"":994000000}"
E9jRyuYxlOwd3FX0QTRO,4013556577007,78659,success,Successfully synced to BaseLinker,"{""_seconds"":1766258824,""_nanoseconds"":461000000}"
EAealnS1VbgTHn07AQlX,SKU-5392843955,78659,failed,BaseLinker request failed after retries,"{""_seconds"":1766088359,""_nanoseconds"":435000000}"
ECZiR68hAkPFNvLtw6lY,9014400035983,78659,success,Successfully synced to BaseLinker,"{""_seconds"":1765759260,""_nanoseconds"":663000000}"
EHQoEN8W7XD3Ol4slHAq,SKU-1825816304,78659,success,Successfully synced to BaseLinker,"{""_seconds"":1766160953,""_nanoseconds"":751000000}"
EKex2edAbyXQ2cSTwJbO,0000184164619,85404,failed,"ERROR_BLOCKED_TOKEN: Query limit exceeded, token blocked until 2025-12-11 23:56:37","{""_seconds"":1765492030,""_nanoseconds"":337000000}"
ENz9GQKkAVqez9TQh691,b3c3d282-2b8a-4db8-b8a4-db96fa96a4d1,84529,success,Successfully synced to BaseLinker,"{""_seconds"":1765454986,""_nanoseconds"":706000000}"
EQURVa7M1M2Uist6tyOZ,9014400105341,78659,success,Successfully synced to BaseLinker,"{""_seconds"":1765759299,""_nanoseconds"":883000000}"
EUGCEuTD7Di3hQ944S6g,SKU-8843412443,78659,success,Successfully synced to BaseLinker,"{""_seconds"":1766339111,""_nanoseconds"":828000000}"
EVC7p2om9paHzJ72IjGa,4067888237931,85404,failed,"ERROR_BLOCKED_TOKEN: Query limit exceeded, token blocked until 2025-12-11 19:50:25","{""_seconds"":1765478633,""_nanoseconds"":487000000}"
EaAmJL4Qm6SQ9kPwhK31,09158136-7837-4a23-90d6-1543b48ce027,85404,failed,"ERROR_BLOCKED_TOKEN: Query limit exceeded, token blocked until 2025-12-11 23:56:37","{""_seconds"":1765492187,""_nanoseconds"":621000000}"
EcitN8DelSJ2CGGjSRrb,9783789141256,85404,failed,"ERROR_BLOCKED_TOKEN: Query limit exceeded, token blocked until 2025-12-11 23:56:37","{""_seconds"":1765492367,""_nanoseconds"":932000000}"
EdcbE5XnEAmEhr4gkGRD,A11-LEQISMART,78659,success,Successfully synced to BaseLinker,"{""_seconds"":1765044836,""_nanoseconds"":9000000}"
EdtWEZ15HHpOms6xPBLr,85010130,85403,failed,"ERROR_BLOCKED_TOKEN: Query limit exceeded, token blocked until 2025-12-11 20:12:15","{""_seconds"":1765480101,""_nanoseconds"":811000000}"
EiPq3iMctfnSkytzoTUA,f5b8eda0-9388-4c2b-91b7-dd605a0e511e,84529,success,Successfully synced to BaseLinker,"{""_seconds"":1765050750,""_nanoseconds"":858000000}"
EiPzoUOzDHXQS2f9BJOc,5712929568831,84529,failed,"ERROR_BLOCKED_TOKEN: Query limit exceeded, token blocked until 2025-12-10 10:34:55","{""_seconds"":1765358728,""_nanoseconds"":792000000}"
Ej1nww2If8EqHZJtActZ,9783036957814,84529,failed,"ERROR_BLOCKED_TOKEN: Query limit exceeded, token blocked until 2025-12-10 10:48:39","{""_seconds"":1765359794,""_nanoseconds"":145000000}"
EqGQlGdvxqyK40dDrjKu,SKU-7473377331,78659,failed,ERROR_INVALID_DATA: Incorrect text field identifier: extra_description_1,"{""_seconds"":1766279574,""_nanoseconds"":288000000}"
EqipgearZjqXt10ih2Tn,SKU-4820097368,78659,success,Successfully synced to BaseLinker,"{""_seconds"":1765964193,""_nanoseconds"":307000000}"
F40wXL00v5ksAQM6koqK,SKU-1153910217,78659,success,Successfully synced to BaseLinker,"{""_seconds"":1766337628,""_nanoseconds"":197000000}"
F8e3LlGlOjxnXqsWaHqN,08690885205328,78659,success,Successfully synced to BaseLinker,"{""_seconds"":1765746294,""_nanoseconds"":609000000}"
F9rzjF38uHcAEvORLqL3,9783982023113,84529,failed,"ERROR_BLOCKED_TOKEN: Query limit exceeded, token blocked until 2025-12-10 10:48:39","{""_seconds"":1765359711,""_nanoseconds"":114000000}"
FBs60U1DHnt1M4RfY7Qn,5059862390069,84529,success,Successfully synced to BaseLinker,"{""_seconds"":1765045593,""_nanoseconds"":650000000}"
FDG6DB0QZZEkesHep0yf,0002592484122,84529,failed,"ERROR_BLOCKED_TOKEN: Query limit exceeded, token blocked until 2025-12-10 22:21:56","{""_seconds"":1765401149,""_nanoseconds"":512000000}"
FE2vcPDaJ5zAMC1UVtPL,SKU-0871959830,78659,success,Successfully synced to BaseLinker,"{""_seconds"":1766157790,""_nanoseconds"":66000000}"
FGhpAc4tKNpNLy3FADtN,f5b8eda0-9388-4c2b-91b7-dd605a0e511e,84529,success,Successfully synced to BaseLinker,"{""_seconds"":1765050884,""_nanoseconds"":789000000}"
FKYJ1Eigqr04Z9N8wMhr,SKU-1961998362,78659,failed,BaseLinker request failed after retries,"{""_seconds"":1766082756,""_nanoseconds"":958000000}"
FKhYnv9LG87e722vnMNl,KDF-5517DTW,78659,success,Successfully synced to BaseLinker,"{""_seconds"":1765044833,""_nanoseconds"":457000000}"
FOGEPEXpt8cyO9gi6NdP,4251307280879,85404,failed,"ERROR_BLOCKED_TOKEN: Query limit exceeded, token blocked until 2025-12-11 20:12:15","{""_seconds"":1765479818,""_nanoseconds"":486000000}"
FORyR7uLKgp7f69ho5c0,4001969182901,78659,success,Successfully synced to BaseLinker,"{""_seconds"":1765754472,""_nanoseconds"":769000000}"
FVpd8NEhi3neG7tFwBv8,197634001401,85403,failed,"ERROR_BLOCKED_TOKEN: Query limit exceeded, token blocked until 2025-12-11 20:12:15","{""_seconds"":1765480110,""_nanoseconds"":256000000}"
FW8bDFaA2h4mvz0XwsbF,SKU-2019125675,78659,success,Successfully synced to BaseLinker,"{""_seconds"":1766336693,""_nanoseconds"":271000000}"
FWZyvJHQU3wajep8CFwp,4001969182901,85403,success,Successfully synced to BaseLinker,"{""_seconds"":1765714793,""_nanoseconds"":780000000}"
FZVvPnjdgAJCOxRthbrr,9783965940628,85403,failed,"ERROR_BLOCKED_TOKEN: Query limit exceeded, token blocked until 2025-12-11 23:56:37","{""_seconds"":1765492344,""_nanoseconds"":814000000}"
FcoYthfafc0UxDMI1JoG,0197642799963,84529,success,Successfully synced to BaseLinker,"{""_seconds"":1765045586,""_nanoseconds"":714000000}"
FhqqfzZ7z5siqUfHeEKH,9014400281687,78659,success,Successfully synced to BaseLinker,"{""_seconds"":1765751582,""_nanoseconds"":150000000}"
FiKYOvCSBga0tMT5EWZZ,22.30.241,84529,failed,"ERROR_BLOCKED_TOKEN: Query limit exceeded, token blocked until 2025-12-10 10:48:39","{""_seconds"":1765359602,""_nanoseconds"":331000000}"
Fk6637kfkGyAZqrNN0nT,4061418025265,85403,failed,"ERROR_BLOCKED_TOKEN: Query limit exceeded, token blocked until 2025-12-11 23:56:37","{""_seconds"":1765492502,""_nanoseconds"":502000000}"
FkteSN0xZy0zkOXJqiAu,SKU-1782951292,78659,success,Successfully synced to BaseLinker,"{""_seconds"":1766160850,""_nanoseconds"":424000000}"
Fx9raEkKKagJeWJfeAhi,6922738000364,78659,success,Successfully synced to BaseLinker,"{""_seconds"":1766259560,""_nanoseconds"":969000000}"
FzJ80ALTJIepQIQJnCNw,02591620,78659,success,Successfully synced to BaseLinker,"{""_seconds"":1765753592,""_nanoseconds"":519000000}"
G468fAOluFqmgFQIrVQI,4017537302565,78659,success,Successfully synced to BaseLinker,"{""_seconds"":1765358589,""_nanoseconds"":495000000}"
G4FRvvtwyADGfNSX83r7,4071003351342,78659,success,Successfully synced to BaseLinker,"{""_seconds"":1765754832,""_nanoseconds"":269000000}"
G5PDYbgBI7TtbQt5h2TE,4017537302565,85404,failed,"ERROR_BLOCKED_TOKEN: Query limit exceeded, token blocked until 2025-12-11 20:12:15","{""_seconds"":1765479852,""_nanoseconds"":164000000}"
GADcxUllBEYfCIQoIREb,b9682eb9-a9aa-415e-898f-7b9bf915e42f,78659,failed,BaseLinker request failed after retries,"{""_seconds"":1766340603,""_nanoseconds"":520000000}"
GAuR1vbGdd2EQTklgbhI,9783845118116,84529,failed,"ERROR_BLOCKED_TOKEN: Query limit exceeded, token blocked until 2025-12-11 02:02:15","{""_seconds"":1765414402,""_nanoseconds"":637000000}"
GD5WZC5zYCwQ1UvTKwcy,4019336589644,85403,success,Successfully synced to BaseLinker,"{""_seconds"":1765733199,""_nanoseconds"":622000000}"
GEilOCabXUdddy3NGFwi,1626175215014,78659,success,Successfully synced to BaseLinker,"{""_seconds"":1765753852,""_nanoseconds"":192000000}"
GFEdHqqDYDPnK3R61hTD,villa-grinario-spannbettuch-100x200-grau-kiesel,78659,failed,"ERROR_BLOCKED_TOKEN: Query limit exceeded, token blocked until 2025-12-11 02:02:15","{""_seconds"":1765414562,""_nanoseconds"":450000000}"
GFHupeOiUSSvRX3M298j,4710069708088,78659,success,Successfully synced to BaseLinker,"{""_seconds"":1765358587,""_nanoseconds"":557000000}"
GFMHYQkiXJc31sF78yIm,9014400100650,78659,success,Successfully synced to BaseLinker,"{""_seconds"":1765755858,""_nanoseconds"":519000000}"
GGgkYHyZllLyrP6Ml9wM,3cab2925-3136-4d57-b76a-c4ba5e886594,84529,failed,"ERROR_BLOCKED_TOKEN: Query limit exceeded, token blocked until 2025-12-10 10:34:55","{""_seconds"":1765358979,""_nanoseconds"":580000000}"
GRbkgAzGPMCfQknSZK0O,4250153617556,78659,success,Successfully synced to BaseLinker,"{""_seconds"":1766346144,""_nanoseconds"":967000000}"
GV5RfPOqS4UYaU7EMqBA,SKU-0871959830,78659,success,Successfully synced to BaseLinker,"{""_seconds"":1766272227,""_nanoseconds"":780000000}"
GVxhHVJ0lJ7t1Y78g8aH,alpinefun-holzschlitten,85404,failed,"ERROR_BLOCKED_TOKEN: Query limit exceeded, token blocked until 2025-12-11 20:12:15","{""_seconds"":1765479810,""_nanoseconds"":69000000}"
GXpUygMWJfIpaaQY12DO,da73cdf7-cc76-4f6e-bcbd-d6f8a5582665,84529,success,Successfully synced to BaseLinker,"{""_seconds"":1765358633,""_nanoseconds"":21000000}"
GaokqPeKV8gDTGnOBHT6,9014400124540,84529,success,Successfully synced to BaseLinker,"{""_seconds"":1765141326,""_nanoseconds"":460000000}"
GdPvMnj0VxZzKCQHnQYl,IPOZON-TRAMP-SCOOTER-MAX,78659,success,Successfully synced to BaseLinker,"{""_seconds"":1765759503,""_nanoseconds"":46000000}"
GdrFKV0OVDWXRp0nHSjP,brandson-windmaschine-30cm-unknown-ean,78659,failed,"ERROR_BLOCKED_TOKEN: Query limit exceeded, token blocked until 2025-12-11 13:20:09","{""_seconds"":1765455184,""_nanoseconds"":676000000}"
Ge1AcPtQsJwgfnwITW66,0197967813450,85403,success,Successfully synced to BaseLinker,"{""_seconds"":1765737930,""_nanoseconds"":454000000}"
GhZn5ZrzHvFoxIHIOWCs,bbb77d85-7a8f-40b4-a3e2-e8ea469fe7cb,84529,failed,"ERROR_BLOCKED_TOKEN: Query limit exceeded, token blocked until 2025-12-10 10:34:55","{""_seconds"":1765358745,""_nanoseconds"":582000000}"
GklIN8pDDlwpPFGQwTOB,CALI13A,78659,success,Successfully synced to BaseLinker,"{""_seconds"":1765313554,""_nanoseconds"":192000000}"
GoJiqHNQ9M8gwiWpDSbN,da73cdf7-cc76-4f6e-bcbd-d6f8a5582665,84529,success,Successfully synced to BaseLinker,"{""_seconds"":1765045596,""_nanoseconds"":476000000}"
GsIndbIPtwKwHUgNMeTC,SKU-1961998362,78659,success,Successfully synced to BaseLinker,"{""_seconds"":1766338349,""_nanoseconds"":288000000}"
GtHUPVZtQhmRPe87CLew,5900811829102,78659,failed,BaseLinker request failed after retries,"{""_seconds"":1766341217,""_nanoseconds"":983000000}"
GvuzY0hRctE1tZfQY1pi,4099983384487,85403,failed,Kategorie konnte für Inventory 85403 nicht ermittelt werden (Produkt 4099983384487),"{""_seconds"":1765529772,""_nanoseconds"":80000000}"
GzkESjPnj8X75W313tL1,4061418025265,78659,success,Successfully synced to BaseLinker,"{""_seconds"":1765754725,""_nanoseconds"":548000000}"
H3BF2kEqYjKy3nb33OuM,paudin-santoku-n5-img-1,,failed,Inventory ID fehlt,"{""_seconds"":1765414570,""_nanoseconds"":617000000}"
H8e8HBrrKfD5SLYFHcBY,4733dbc5-7297-4287-92b0-051f706467d9,78659,success,Successfully synced to BaseLinker,"{""_seconds"":1765750161,""_nanoseconds"":148000000}"
HC7ZVPLaa8UAyfjwsPhb,3346130009603,78659,success,Successfully synced to BaseLinker,"{""_seconds"":1765747078,""_nanoseconds"":757000000}"
HCnL50DZRVpMTn1ENolS,4067904005667,85403,failed,"ERROR_BLOCKED_TOKEN: Query limit exceeded, token blocked until 2025-12-11 23:56:37","{""_seconds"":1765492337,""_nanoseconds"":143000000}"
HDLwATz6LlhZ0XvQopS6,4711377100953,78659,success,Successfully synced to BaseLinker,"{""_seconds"":1765755498,""_nanoseconds"":59000000}"
HEDI0rhHJohQd8B8c1tt,9783789141256,84529,failed,"ERROR_BLOCKED_TOKEN: Query limit exceeded, token blocked until 2025-12-11 13:20:09","{""_seconds"":1765455042,""_nanoseconds"":838000000}"
HEVW4jjl6ryySJqKgO3x,5900495862228,85403,failed,"ERROR_BLOCKED_TOKEN: Query limit exceeded, token blocked until 2025-12-11 23:56:37","{""_seconds"":1765492461,""_nanoseconds"":65000000}"
HFvFx2DMjtbK4MbdbFHd,f5b8eda0-9388-4c2b-91b7-dd605a0e511e,84529,success,Successfully synced to BaseLinker,"{""_seconds"":1765057716,""_nanoseconds"":436000000}"
HGpc70aDvPoanMJeWJO4,0002592484122,84529,failed,"ERROR_BLOCKED_TOKEN: Query limit exceeded, token blocked until 2025-12-10 10:48:39","{""_seconds"":1765359586,""_nanoseconds"":43000000}"
HKa8wBQW3Li47MktCTZp,4007114298916,78659,success,Successfully synced to BaseLinker,"{""_seconds"":1765754627,""_nanoseconds"":182000000}"
HMBZop6qD4c8LnSokg4X,4067904336044,84529,success,Successfully synced to BaseLinker,"{""_seconds"":1765045592,""_nanoseconds"":158000000}"
HN6oir5PCXPT2eI3rbV9,197634001401,84529,failed,"ERROR_BLOCKED_TOKEN: Query limit exceeded, token blocked until 2025-12-10 22:21:56","{""_seconds"":1765401265,""_nanoseconds"":977000000}"
HR98JBXE8csqXqrcPZ91,9014400105389,78659,success,Successfully synced to BaseLinker,"{""_seconds"":1765755761,""_nanoseconds"":204000000}"
HS1rFyDAaKyMnzvmP8hn,8436579110321,84529,failed,"ERROR_BLOCKED_TOKEN: Query limit exceeded, token blocked until 2025-12-11 02:02:15","{""_seconds"":1765414385,""_nanoseconds"":789000000}"
HU4dGG3gX13S26a7wZW9,4066748539567,78659,success,Successfully synced to BaseLinker,"{""_seconds"":1765755097,""_nanoseconds"":364000000}"
HUJTaVbN7pmrwsKE0TEG,4051814369841,85404,failed,"ENOENT: no such file or directory, open '/app/kaufland/category_tree_int_all_languages - 📕 category_tree_all_languages.csv'","{""_seconds"":1765479609,""_nanoseconds"":819000000}"
HUVTLEHoYxqvssGvbHX1,YY-4RPW-M2TR,78659,success,Successfully synced to BaseLinker,"{""_seconds"":1765756072,""_nanoseconds"":944000000}"
HW6M4Cyp2AAWcm8duXMq,65.56.544,78659,success,Successfully synced to BaseLinker,"{""_seconds"":1765755643,""_nanoseconds"":357000000}"
HWzYDUoamsINHiyIzs6o,4057993570030,78659,failed,"ERROR_BLOCKED_TOKEN: Query limit exceeded, token blocked until 2025-12-11 13:20:09","{""_seconds"":1765455250,""_nanoseconds"":445000000}"
HZ8U7ot8mWfoCf906Pov,4067904336044,84529,failed,"ERROR_BLOCKED_TOKEN: Query limit exceeded, token blocked until 2025-12-11 13:20:09","{""_seconds"":1765455134,""_nanoseconds"":364000000}"
HZAjQw5KxHxYiiwG2fkN,4061418025265,85403,success,Successfully synced to BaseLinker,"{""_seconds"":1765715925,""_nanoseconds"":876000000}"
HdCYCSFXBcPMyCPoJrWX,5712929568831,85403,failed,"ERROR_BLOCKED_TOKEN: Query limit exceeded, token blocked until 2025-12-11 23:56:37","{""_seconds"":1765492477,""_nanoseconds"":538000000}"
HhcSE0gGojL3s3wLEI8I,4550457733175,78659,success,Successfully synced to BaseLinker,"{""_seconds"":1765757361,""_nanoseconds"":259000000}"
HmObWj9dVzOlKTLeT5Ol,2d04e11c-2c30-40e4-958d-b0ec03de0da5,85403,failed,"ERROR_BLOCKED_TOKEN: Query limit exceeded, token blocked until 2025-12-11 23:56:37","{""_seconds"":1765492262,""_nanoseconds"":780000000}"
HmtFXaFANjbbDxmeulDV,CALI13A,85404,failed,"ERROR_BLOCKED_TOKEN: Query limit exceeded, token blocked until 2025-12-11 23:56:37","{""_seconds"":1765492055,""_nanoseconds"":382000000}"
HnkcOWMna3VgycJa7cN6,4052138013946,78659,success,Successfully synced to BaseLinker,"{""_seconds"":1765044835,""_nanoseconds"":551000000}"
HpCWRaYGxuypq6bKQfd3,X001W68KOB,85403,failed,"ERROR_BLOCKED_TOKEN: Query limit exceeded, token blocked until 2025-12-11 23:56:37","{""_seconds"":1765492510,""_nanoseconds"":293000000}"
Hpq3j4lLKySfyXjcZ97E,9783785556740,78659,success,Successfully synced to BaseLinker,"{""_seconds"":1765752327,""_nanoseconds"":848000000}"
HpsuVh0OCgf1UWgNHYdX,unknown-931,78659,success,Successfully synced to BaseLinker,"{""_seconds"":1765044834,""_nanoseconds"":904000000}"
HqzS5QnkxtLeATcLyRys,4059505053796,85403,success,Successfully synced to BaseLinker,"{""_seconds"":1765715811,""_nanoseconds"":167000000}"
HyufmpsXNGRplZUzyXC4,4007386251480,85404,failed,"ENOENT: no such file or directory, open '/app/kaufland/category_tree_int_all_languages - 📕 category_tree_all_languages.csv'","{""_seconds"":1765479731,""_nanoseconds"":955000000}"
I8CQIHinZ8iYOki5DXnq,8445110446065,84529,failed,"ERROR_BLOCKED_TOKEN: Query limit exceeded, token blocked until 2025-12-11 02:02:15","{""_seconds"":1765414435,""_nanoseconds"":831000000}"
I8zrZiM8LAr7AyZkbACx,alpinefun-holzschlitten,85404,failed,"ERROR_BLOCKED_TOKEN: Query limit exceeded, token blocked until 2025-12-11 19:50:25","{""_seconds"":1765478541,""_nanoseconds"":212000000}"
I9p7JOAdG19UcjXYk4qq,3346130009603,85403,success,Successfully synced to BaseLinker,"{""_seconds"":1765724876,""_nanoseconds"":598000000}"
IIJhVd6477vDVQ1KhzKj,4260012351552,85403,success,Successfully synced to BaseLinker,"{""_seconds"":1765734659,""_nanoseconds"":521000000}"
ILNgPR7TDT5mzPgPwjGl,walser-30973,85404,failed,"ERROR_BLOCKED_TOKEN: Query limit exceeded, token blocked until 2025-12-11 23:56:37","{""_seconds"":1765492063,""_nanoseconds"":568000000}"
IMbnfmdZbDfF6I8J6E3F,4066748539567,84529,success,Successfully synced to BaseLinker,"{""_seconds"":1765045591,""_nanoseconds"":727000000}"
IQAjflhCHyoKn1c8oHRW,4019336589644,85403,failed,"ERROR_BLOCKED_TOKEN: Query limit exceeded, token blocked until 2025-12-11 23:56:37","{""_seconds"":1765492104,""_nanoseconds"":907000000}"
IUvvRDVCOysHtwsrNiEz,b3c3d282-2b8a-4db8-b8a4-db96fa96a4d1,84529,success,Successfully synced to BaseLinker,"{""_seconds"":1765454984,""_nanoseconds"":894000000}"
IVjMN0gXAah1yat9yc43,SKU-4304000683,78659,failed,BaseLinker request failed after retries,"{""_seconds"":1766087399,""_nanoseconds"":433000000}"
IWJD1peSl2oKCjjcXi8p,4067897661963,84529,success,Successfully synced to BaseLinker,"{""_seconds"":1765045590,""_nanoseconds"":279000000}"
IXJv4cFt1hfwPfoFsI2T,726121ea-fdad-41e5-859d-0e9e1b9c50b1,78659,success,Successfully synced to BaseLinker,"{""_seconds"":1765755749,""_nanoseconds"":198000000}"
IZFzZowj6p2xYCP8dExm,9783036957814,85403,failed,"ERROR_BLOCKED_TOKEN: Query limit exceeded, token blocked until 2025-12-11 23:56:37","{""_seconds"":1765492436,""_nanoseconds"":676000000}"
IaazrIOtMo8VPh6UM3Cm,X001M7MEXJ,78659,success,Successfully synced to BaseLinker,"{""_seconds"":1765044830,""_nanoseconds"":125000000}"
IbAeUUDdngmQ2c8LiwzA,4067904610731,85403,failed,"ERROR_BLOCKED_TOKEN: Query limit exceeded, token blocked until 2025-12-11 23:56:37","{""_seconds"":1765492295,""_nanoseconds"":541000000}"
IbGa30T8b55xv4pFNhWF,4067904336044,85403,success,Successfully synced to BaseLinker,"{""_seconds"":1765734123,""_nanoseconds"":536000000}"
IcR6jxlyZmBNfqAIb5Hf,CALI13A,78659,success,Successfully synced to BaseLinker,"{""_seconds"":1765358591,""_nanoseconds"":597000000}"
IcUYpFzuWdmnC4iVKvMZ,3cab2925-3136-4d57-b76a-c4ba5e886594,84529,failed,"ERROR_BLOCKED_TOKEN: Query limit exceeded, token blocked until 2025-12-11 13:20:09","{""_seconds"":1765455076,""_nanoseconds"":237000000}"
IcYZzrcv09i5kqimPZMX,9783785556740,78659,success,Successfully synced to BaseLinker,"{""_seconds"":1765755968,""_nanoseconds"":834000000}"
IfOq15mqJX4P8JqZl3sz,9002592485129,78659,success,Successfully synced to BaseLinker,"{""_seconds"":1765751524,""_nanoseconds"":66000000}"
IhnoSCsdnKnPAC3HKQBN,4067983746314,78659,success,Successfully synced to BaseLinker,"{""_seconds"":1765755102,""_nanoseconds"":262000000}"
IpsndzkfASiYXLHTx1Rn,9014400035983,84529,success,Successfully synced to BaseLinker,"{""_seconds"":1765050752,""_nanoseconds"":306000000}"
ItC07reC9adO8oY6FQZI,9786158181617,84529,failed,"ERROR_BLOCKED_TOKEN: Query limit exceeded, token blocked until 2025-12-10 10:34:55","{""_seconds"":1765358861,""_nanoseconds"":958000000}"
IyZdQmVPUfSWBsWQqb0J,8436579110321,78659,success,Successfully synced to BaseLinker,"{""_seconds"":1765751206,""_nanoseconds"":313000000}"
IzpT6LrsWTkUDG1QAeaV,4019336589644,84529,success,Successfully synced to BaseLinker,"{""_seconds"":1765454998,""_nanoseconds"":71000000}"
J3IG69ks8NybDWD2I4Ih,4064232428991,84529,failed,"ERROR_BLOCKED_TOKEN: Query limit exceeded, token blocked until 2025-12-11 02:02:15","{""_seconds"":1765414352,""_nanoseconds"":500000000}"
J3PbwPO0thIQrrhRBzwI,65.56.544,78659,success,Successfully synced to BaseLinker,"{""_seconds"":1765755322,""_nanoseconds"":462000000}"
J4U1fhrRvh08ibaF3EXC,4099983384487,85403,failed,ERROR_CATEGORY_ID: Invalid category identifier provided (the category does not exist).,"{""_seconds"":1765537594,""_nanoseconds"":344000000}"
JCoPnU5iBVkQaRqyP1gt,SKU-4118229261,78659,success,Successfully synced to BaseLinker,"{""_seconds"":1766338850,""_nanoseconds"":944000000}"
JKXUk7Lojtl6r1PMbKpp,4057993570030,78659,success,Successfully synced to BaseLinker,"{""_seconds"":1765271647,""_nanoseconds"":469000000}"
JR0XT2LFyXxZJBOB2jgW,9014400103538,84529,success,Successfully synced to BaseLinker,"{""_seconds"":1765050755,""_nanoseconds"":784000000}"
JRoiThOgynffDDvhkL4u,SKU-8367978772,78659,success,Successfully synced to BaseLinker,"{""_seconds"":1766346581,""_nanoseconds"":286000000}"
JWs5C7lkWTcXqRaec5yh,4260532291215,78659,success,Successfully synced to BaseLinker,"{""_seconds"":1765755208,""_nanoseconds"":535000000}"
JYAH8q41rKTF12luHkwf,4250454729170,78659,failed,BaseLinker request failed after retries,"{""_seconds"":1766340914,""_nanoseconds"":819000000}"
JaF0PcXk4Y58z6BW7rP3,f5b8eda0-9388-4c2b-91b7-dd605a0e511e,78659,success,Successfully synced to BaseLinker,"{""_seconds"":1765759492,""_nanoseconds"":847000000}"
JbHm4EghZFgGezW9APUU,SKU-0982370040,78659,success,Successfully synced to BaseLinker,"{""_seconds"":1766477501,""_nanoseconds"":696000000}"
JfJ8Rt2AgKfL9XPTCwv9,4099983384487,78659,success,Successfully synced to BaseLinker,"{""_seconds"":1765754884,""_nanoseconds"":408000000}"
JfPNQnngTY3DKoz5RRbe,4067904610731,85403,success,Successfully synced to BaseLinker,"{""_seconds"":1765716282,""_nanoseconds"":464000000}"
JgLtmf9MQrbdm6MYMPoQ,4000530685841,78659,success,Successfully synced to BaseLinker,"{""_seconds"":1765926349,""_nanoseconds"":866000000}"
JhhZpl4HrLmhaIDnPam5,8718309101547,85403,failed,"ERROR_BLOCKED_TOKEN: Query limit exceeded, token blocked until 2025-12-11 23:56:37","{""_seconds"":1765492386,""_nanoseconds"":257000000}"
JimhCAt5Ryqd3Seq2qLy,0197967813450,78659,success,Successfully synced to BaseLinker,"{""_seconds"":1765755492,""_nanoseconds"":738000000}"
Jk0du2niGe0zZuPlujeq,0002592484122,78659,success,Successfully synced to BaseLinker,"{""_seconds"":1765745965,""_nanoseconds"":850000000}"
Jmipi1u0qcP8gyRrRj5c,4250056064101,84529,failed,"ERROR_BLOCKED_TOKEN: Query limit exceeded, token blocked until 2025-12-11 02:02:15","{""_seconds"":1765414761,""_nanoseconds"":724000000}"
JngBCPhHtgGLsBiNVCOA,9783785556740,84529,success,Successfully synced to BaseLinker,"{""_seconds"":1765414267,""_nanoseconds"":395000000}"
JrL3DTLrxOoVE76laA0s,0197642799963,84529,success,Successfully synced to BaseLinker,"{""_seconds"":1765455009,""_nanoseconds"":493000000}"
JrvdswFk2r7DBbhzLUyN,1400a930-65f8-4363-8402-af31839e4d42,84529,failed,"ERROR_BLOCKED_TOKEN: Query limit exceeded, token blocked until 2025-12-11 13:20:09","{""_seconds"":1765455258,""_nanoseconds"":920000000}"
JuEuxbAw55mBMRMlQoeM,7290116742380,78659,success,Successfully synced to BaseLinker,"{""_seconds"":1766346274,""_nanoseconds"":514000000}"
Jv9jq4B0GyYobAGM3fxp,9014400100650,78659,success,Successfully synced to BaseLinker,"{""_seconds"":1765759261,""_nanoseconds"":307000000}"
JvylIRTOjKKitaujXwAY,4260012351552,85404,failed,"ERROR_BLOCKED_TOKEN: Query limit exceeded, token blocked until 2025-12-11 23:56:37","{""_seconds"":1765492450,""_nanoseconds"":929000000}"
JxCLQRyC6XGlqIu5b2Yy,7188eabc-0712-4bc6-9998-5967b1c08eb0,78659,success,Successfully synced to BaseLinker,"{""_seconds"":1765756940,""_nanoseconds"":522000000}"
JxWFLoF6e0dOnfA0SI0c,85010130,85403,failed,"ERROR_BLOCKED_TOKEN: Query limit exceeded, token blocked until 2025-12-11 20:12:15","{""_seconds"":1765479974,""_nanoseconds"":732000000}"
K044M4UgnDjeSZboiHoS,04052938000016,78659,failed,BaseLinker request failed after retries,"{""_seconds"":1766518634,""_nanoseconds"":487000000}"
K0LKc51KJ1dOJgTQVMCX,4071003351342,84529,success,Successfully synced to BaseLinker,"{""_seconds"":1765414221,""_nanoseconds"":893000000}"
K1zTgDzvp2CUO2yhVFwv,4052212121253,78659,success,Successfully synced to BaseLinker,"{""_seconds"":1765748352,""_nanoseconds"":452000000}"
K2L8CudS10lKt20ytTgJ,02591620,85403,success,Successfully synced to BaseLinker,"{""_seconds"":1765713422,""_nanoseconds"":135000000}"
K2W7LjHXJOQOgskAoOlL,9014400281687,84529,success,Successfully synced to BaseLinker,"{""_seconds"":1765050886,""_nanoseconds"":335000000}"
K2lAjkOLzj8tPRW5sMjo,brandson-windmaschine-30cm-unknown-ean,78659,success,Successfully synced to BaseLinker,"{""_seconds"":1765044836,""_nanoseconds"":362000000}"
K5Mt9NKhhTfeUuK9pIGy,4251307280879,84529,failed,"ERROR_BLOCKED_TOKEN: Query limit exceeded, token blocked until 2025-12-10 22:21:56","{""_seconds"":1765401356,""_nanoseconds"":759000000}"
K5YznZ6bW5rXId6LMuUX,4051814369841,78659,success,Successfully synced to BaseLinker,"{""_seconds"":1765754835,""_nanoseconds"":662000000}"
K66YGNb9vXS5v7zY7vOp,SKU-4118229261,78659,failed,BaseLinker request failed after retries,"{""_seconds"":1766085030,""_nanoseconds"":591000000}"
K66c7uejxDGkLD6ykEsM,4260532291215,85403,failed,"ERROR_BLOCKED_TOKEN: Query limit exceeded, token blocked until 2025-12-11 23:56:37","{""_seconds"":1765492328,""_nanoseconds"":984000000}"
K8WMy9pnccggNt8gLtO2,4067983746314,84529,success,Successfully synced to BaseLinker,"{""_seconds"":1765045597,""_nanoseconds"":877000000}"
KBFrSLEDLZcN3y6Jb040,4067904336044,85404,failed,"ENOENT: no such file or directory, open '/app/kaufland/category_tree_all_languages.csv'","{""_seconds"":1765489461,""_nanoseconds"":489000000}"
KDryydzWdBBrMCz5r0w4,4550457733175,84529,success,Successfully synced to BaseLinker,"{""_seconds"":1765045599,""_nanoseconds"":499000000}"
KE6G7HUsIK7f09Y77Fhk,3346130009603,78659,success,Successfully synced to BaseLinker,"{""_seconds"":1765754309,""_nanoseconds"":278000000}"
KIcZ2GgBAsSzCDE7zaku,3cab2925-3136-4d57-b76a-c4ba5e886594,85403,failed,"ERROR_BLOCKED_TOKEN: Query limit exceeded, token blocked until 2025-12-11 23:56:37","{""_seconds"":1765492428,""_nanoseconds"":261000000}"
KMb75dLVExPsWmdpFRvJ,4053479285122,78659,success,Successfully synced to BaseLinker,"{""_seconds"":1766346079,""_nanoseconds"":866000000}"
KMs0T2l0SEMDFqxDaTWa,SKU-7350795017,78659,failed,BaseLinker request failed after retries,"{""_seconds"":1766085838,""_nanoseconds"":762000000}"
KQmmgTSvEgqyj9647h9M,4099983384487,85403,failed,ERROR_CATEGORY_ID: Invalid category identifier provided (the category does not exist).,"{""_seconds"":1765531072,""_nanoseconds"":939000000}"
KRiCZariYI3O5SCrepqC,9002592485129,78659,success,Successfully synced to BaseLinker,"{""_seconds"":1765755856,""_nanoseconds"":802000000}"
KVP6X5GCSVC5Qp2TweI8,9014400001384,84529,success,Successfully synced to BaseLinker,"{""_seconds"":1765050754,""_nanoseconds"":518000000}"
KXdrJLX3p3OxXYKtxCE1,8718309101547,84529,failed,"ERROR_BLOCKED_TOKEN: Query limit exceeded, token blocked until 2025-12-11 13:20:09","{""_seconds"":1765455059,""_nanoseconds"":181000000}"
KcKPq1oo4yi0fQQtoyX1,4052212121253,85404,failed,"ERROR_BLOCKED_TOKEN: Query limit exceeded, token blocked until 2025-12-11 19:50:25","{""_seconds"":1765478491,""_nanoseconds"":740000000}"
KipJVQYqFsnDArm6ESAV,4051814369841,,failed,Inventory ID fehlt,"{""_seconds"":1765414745,""_nanoseconds"":412000000}"
Kk4eNNPC3kBpqtDePQtj,4260012351552,85404,failed,"ENOENT: no such file or directory, open '/app/kaufland/category_tree_int_all_languages - 📕 category_tree_all_languages.csv'","{""_seconds"":1765479719,""_nanoseconds"":740000000}"
KkEl5pIZzpvFkHX2G964,4007114298916,85404,failed,"ENOENT: no such file or directory, open '/app/kaufland/category_tree_all_languages.csv'","{""_seconds"":1765489472,""_nanoseconds"":745000000}"
Kp2LLttO2ckJgvkT9Nhh,4710069708958,78659,success,Successfully synced to BaseLinker,"{""_seconds"":1765749975,""_nanoseconds"":905000000}"
KpbQSMw1JjztzIZcSMg0,SKU-2152217706,78659,failed,BaseLinker request failed after retries,"{""_seconds"":1766082756,""_nanoseconds"":952000000}"
Kpz5JTGeuXG2pLBFbJV6,08690885205328,85403,success,Successfully synced to BaseLinker,"{""_seconds"":1765737974,""_nanoseconds"":159000000}"
KuVxKZ5VtrOPKA3I8GuB,4001969182901,78659,success,Successfully synced to BaseLinker,"{""_seconds"":1765747317,""_nanoseconds"":650000000}"
KuaeTP3MATGnsKyOunHh,4099983384487,85403,failed,ERROR_CATEGORY_ID: Invalid category identifier provided (the category does not exist).,"{""_seconds"":1765531054,""_nanoseconds"":402000000}"
KwRC01xrOpA9yl8dIFDl,4057993570030,78659,success,Successfully synced to BaseLinker,"{""_seconds"":1765754991,""_nanoseconds"":757000000}"
L3pzxLSKLEZAcp3VI22m,4260012351552,78659,failed,"ERROR_BLOCKED_TOKEN: Query limit exceeded, token blocked until 2025-12-11 13:20:09","{""_seconds"":1765455059,""_nanoseconds"":472000000}"
L3u5IdF4SwmPKwCXuCTv,4017537302565,78659,success,Successfully synced to BaseLinker,"{""_seconds"":1765044832,""_nanoseconds"":778000000}"
L6uyC68Cgif6pSg6rWbD,4260613494504,85403,failed,"ERROR_BLOCKED_TOKEN: Query limit exceeded, token blocked until 2025-12-11 23:56:37","{""_seconds"":1765492254,""_nanoseconds"":323000000}"
L7oy3D8Vi5ivTgL1QRoo,9014400100650,78659,success,Successfully synced to BaseLinker,"{""_seconds"":1765751578,""_nanoseconds"":370000000}"
L8OCvKaPbMQblLbVuprD,4733dbc5-7297-4287-92b0-051f706467d9,85403,success,Successfully synced to BaseLinker,"{""_seconds"":1765735362,""_nanoseconds"":826000000}"
L8aa3cj9RVHMqoFpuKgO,b3c3d282-2b8a-4db8-b8a4-db96fa96a4d1,85403,failed,"ERROR_BLOCKED_TOKEN: Query limit exceeded, token blocked until 2025-12-11 23:56:37","{""_seconds"":1765492071,""_nanoseconds"":853000000}"
LFUEy00U5Pbre9yamzP0,SKU-5037405516,78659,success,Successfully synced to BaseLinker,"{""_seconds"":1766339052,""_nanoseconds"":954000000}"
LHiyu9NLrjkNc4xH8wWF,4007114298916,84529,failed,"ERROR_BLOCKED_TOKEN: Query limit exceeded, token blocked until 2025-12-11 13:20:09","{""_seconds"":1765455134,""_nanoseconds"":116000000}"
LHniU1CxaYk98248GNRD,4051814369841,85404,failed,"ENOENT: no such file or directory, open '/app/kaufland/category_tree_all_languages.csv'","{""_seconds"":1765491934,""_nanoseconds"":234000000}"
LLprVLR14muR4P2jwUkz,5060826162363,78659,success,Successfully synced to BaseLinker,"{""_seconds"":1765755590,""_nanoseconds"":481000000}"
LRgyW7cmQqKfVFM05LHq,4053479285122,78659,failed,BaseLinker request failed after retries,"{""_seconds"":1766339695,""_nanoseconds"":894000000}"
LS2JSGc4KHpHGNeQMaJY,7188eabc-0712-4bc6-9998-5967b1c08eb0,85403,failed,"ERROR_BLOCKED_TOKEN: Query limit exceeded, token blocked until 2025-12-11 23:56:37","{""_seconds"":1765492088,""_nanoseconds"":198000000}"
LZ2zJtlSQPgTwLrMkAgD,SKU-0058749943,78659,success,Successfully synced to BaseLinker,"{""_seconds"":1766337376,""_nanoseconds"":651000000}"
LZ5bFQCcaOVdn7SuWzMG,4260613494504,78659,success,Successfully synced to BaseLinker,"{""_seconds"":1765358592,""_nanoseconds"":8000000}"
Lap3kfooH3TqBl4mmesQ,SKU-1825816304,78659,success,Successfully synced to BaseLinker,"{""_seconds"":1766338273,""_nanoseconds"":38000000}"
Lbe734BO19yfTmJilXtx,4067904610731,85404,failed,"ERROR_BLOCKED_TOKEN: Query limit exceeded, token blocked until 2025-12-11 23:56:37","{""_seconds"":1765492343,""_nanoseconds"":543000000}"
LcqMOTarrbZJm80d6lWP,6972200196132,78659,success,Successfully synced to BaseLinker,"{""_seconds"":1765414312,""_nanoseconds"":840000000}"
LdPLjPgnwkvWtN66Lnx0,SKU-4820097368,78659,success,Successfully synced to BaseLinker,"{""_seconds"":1766255445,""_nanoseconds"":874000000}"
LdRP5PWkHa0OX7DrJz06,SKU-1153910217,78659,success,Successfully synced to BaseLinker,"{""_seconds"":1766337711,""_nanoseconds"":171000000}"
Le0UXt9LCQJbnahPTotP,SKU-1153910217,78659,success,Successfully synced to BaseLinker,"{""_seconds"":1766335862,""_nanoseconds"":481000000}"
LeHx0hvl1hYiNi9k8adx,SKU-5598085433,78659,success,Successfully synced to BaseLinker,"{""_seconds"":1766338371,""_nanoseconds"":719000000}"
LeLAyXg19HRCClZ8YEQF,4067904005667,78659,success,Successfully synced to BaseLinker,"{""_seconds"":1765748958,""_nanoseconds"":257000000}"
LfhFEQguu2aoHP9RAH17,4099983384487,78659,success,Successfully synced to BaseLinker,"{""_seconds"":1765749176,""_nanoseconds"":152000000}"
LgkKQkA6R9KHYRMiSVpc,0197642799963,85403,success,Successfully synced to BaseLinker,"{""_seconds"":1765732521,""_nanoseconds"":315000000}"
LjbqpOLKSUMJ38dDXFAs,6922738000364,78659,success,Successfully synced to BaseLinker,"{""_seconds"":1766353938,""_nanoseconds"":348000000}"
LnrlSknl5a0z8zLHcKKG,4067888237931,84529,failed,"ERROR_BLOCKED_TOKEN: Query limit exceeded, token blocked until 2025-12-10 10:34:55","{""_seconds"":1765358720,""_nanoseconds"":621000000}"
Lorc2nxjqXCoXZ74cBds,65.56.544,85404,failed,"ENOENT: no such file or directory, open '/app/kaufland/category_tree_all_languages.csv'","{""_seconds"":1765489483,""_nanoseconds"":680000000}"
LpR61UoaOTLfHg8pMnMg,4052138013946,85404,failed,"ERROR_BLOCKED_TOKEN: Query limit exceeded, token blocked until 2025-12-11 23:56:37","{""_seconds"":1765492425,""_nanoseconds"":880000000}"
LrfhkFdO1CB0rIAYjunK,generic-lock-kunststoffkoffer,85404,failed,"ERROR_BLOCKED_TOKEN: Query limit exceeded, token blocked until 2025-12-11 23:56:37","{""_seconds"":1765492229,""_nanoseconds"":3000000}"
Lz3b1TD7UJ8G3cGFu8ch,3cab2925-3136-4d57-b76a-c4ba5e886594,84529,failed,"ERROR_BLOCKED_TOKEN: Query limit exceeded, token blocked until 2025-12-11 13:20:09","{""_seconds"":1765455084,""_nanoseconds"":247000000}"
M1pYtK8CEdGu4fDP1fdH,OM0028-502-L,84529,failed,"ERROR_BLOCKED_TOKEN: Query limit exceeded, token blocked until 2025-12-10 10:34:55","{""_seconds"":1765358904,""_nanoseconds"":192000000}"
M3WqeYF2Hn0ro0ABoIxj,SKU-5427858806,78659,success,Successfully synced to BaseLinker,"{""_seconds"":1766090404,""_nanoseconds"":155000000}"
M3zrkwDAdEGYsPP3Mbmc,generic-lock-kunststoffkoffer,78659,success,Successfully synced to BaseLinker,"{""_seconds"":1765044830,""_nanoseconds"":916000000}"
M4s62iy8hfpc2nzQLfKN,0197642799963,85403,failed,"ERROR_BLOCKED_TOKEN: Query limit exceeded, token blocked until 2025-12-11 23:56:37","{""_seconds"":1765492271,""_nanoseconds"":235000000}"
M8JpRWCCgiOSUkrYcGqt,9002592485129,84529,failed,"ERROR_BLOCKED_TOKEN: Query limit exceeded, token blocked until 2025-12-10 10:48:39","{""_seconds"":1765359561,""_nanoseconds"":386000000}"
M8Xt4OUtcDuLm11O9KNu,1626175215014,85403,success,Successfully synced to BaseLinker,"{""_seconds"":1765724350,""_nanoseconds"":985000000}"
MDP6CWItpjkLQaZMY8ka,8445866051810,84529,failed,"ERROR_BLOCKED_TOKEN: Query limit exceeded, token blocked until 2025-12-10 10:34:55","{""_seconds"":1765358737,""_nanoseconds"":12000000}"
MFagJ8rEOLFWs3wbEnNb,9783417288889,85404,failed,"ENOENT: no such file or directory, open '/app/kaufland/category_tree_int_all_languages - 📕 category_tree_all_languages.csv'","{""_seconds"":1765478354,""_nanoseconds"":290000000}"
MFuSHWdfCpdVKJCamxMU,8056381903395,85403,failed,"ERROR_BLOCKED_TOKEN: Query limit exceeded, token blocked until 2025-12-11 23:56:37","{""_seconds"":1765492030,""_nanoseconds"":235000000}"
MHjgkRkB975bsNttszkp,SKU-1181918814,78659,success,Successfully synced to BaseLinker,"{""_seconds"":1766337925,""_nanoseconds"":194000000}"
MJ9uOm6NqNAlMSCYzfPV,56cdbf05-ce59-43c9-be15-6cc63c6dae93,78659,success,Successfully synced to BaseLinker,"{""_seconds"":1766337205,""_nanoseconds"":749000000}"
MJASiAOgt9rBteC991K6,9783965940628,85404,failed,"ENOENT: no such file or directory, open '/app/kaufland/category_tree_int_all_languages - 📕 category_tree_all_languages.csv'","{""_seconds"":1765479695,""_nanoseconds"":639000000}"
MREP89kQPz4aehUR8q2l,4007386251480,85403,failed,"ERROR_BLOCKED_TOKEN: Query limit exceeded, token blocked until 2025-12-11 23:56:37","{""_seconds"":1765492411,""_nanoseconds"":375000000}"
MRW2uf0x5IzidA7ilRzh,walser-30973,85403,failed,"ERROR_BLOCKED_TOKEN: Query limit exceeded, token blocked until 2025-12-11 23:56:37","{""_seconds"":1765492013,""_nanoseconds"":871000000}"
MSuYU7YvOn3EflSn59Y3,SKU-5427858806,78659,failed,BaseLinker request failed after retries,"{""_seconds"":1766088660,""_nanoseconds"":955000000}"
MUOxgc5WMt3kEQ4QhNal,a99a4149-8b94-4560-91be-df6545d1a5ef,78659,success,Successfully synced to BaseLinker,"{""_seconds"":1765759632,""_nanoseconds"":985000000}"
MZQZVIIn5iQ9fXEDRRIc,4051814369841,,failed,Inventory ID fehlt,"{""_seconds"":1765455209,""_nanoseconds"":121000000}"
McHoz8ictpFt2U530okY,8720707001286,78659,success,Successfully synced to BaseLinker,"{""_seconds"":1765044832,""_nanoseconds"":386000000}"
MftzqNw8tCUGrumJSXkU,2060004998275,85404,failed,"ERROR_BLOCKED_TOKEN: Query limit exceeded, token blocked until 2025-12-11 23:56:37","{""_seconds"":1765492277,""_nanoseconds"":975000000}"
MhHxCYXQn2f7VK39wxjA,9783036957814,85404,failed,"ERROR_BLOCKED_TOKEN: Query limit exceeded, token blocked until 2025-12-11 23:56:37","{""_seconds"":1765492484,""_nanoseconds"":647000000}"
MivDvS8LbeMauUo53c6y,paudin-santoku-n5-img-1,85403,failed,"ERROR_BLOCKED_TOKEN: Query limit exceeded, token blocked until 2025-12-11 23:56:37","{""_seconds"":1765492312,""_nanoseconds"":81000000}"
MoRAm5OyDB1c9vIzSsje,villa-grinario-spannbettuch-100x200-grau-kiesel,78659,success,Successfully synced to BaseLinker,"{""_seconds"":1765044831,""_nanoseconds"":575000000}"
MrLkfEWYSkKyDdLUxbnZ,a99a4149-8b94-4560-91be-df6545d1a5ef,84529,failed,"ERROR_BLOCKED_TOKEN: Query limit exceeded, token blocked until 2025-12-11 13:20:09","{""_seconds"":1765455125,""_nanoseconds"":814000000}"
Msr5mZi3XNahyVrH4TMZ,8718891015578,78659,success,Successfully synced to BaseLinker,"{""_seconds"":1765755804,""_nanoseconds"":415000000}"
Mt94xrquDTCY2Y4QTtdy,4067983135699,78659,success,Successfully synced to BaseLinker,"{""_seconds"":1765748973,""_nanoseconds"":742000000}"
MtKWa8RJ41K4hXXM3Uiv,6972200196132,85403,failed,"ERROR_BLOCKED_TOKEN: Query limit exceeded, token blocked until 2025-12-11 23:56:37","{""_seconds"":1765492113,""_nanoseconds"":268000000}"
MwqwBvhLlxIbOHcay4E4,X00173R33T,84529,failed,"ERROR_BLOCKED_TOKEN: Query limit exceeded, token blocked until 2025-12-11 02:02:15","{""_seconds"":1765414645,""_nanoseconds"":243000000}"
Mxf1JseIgx2N6sbTJHoF,YY-4RPW-M2TR,85403,failed,"ERROR_BLOCKED_TOKEN: Query limit exceeded, token blocked until 2025-12-11 23:56:37","{""_seconds"":1765492046,""_nanoseconds"":830000000}"
Mxsl4QC6FHsCPEkvM6lv,4067904610731,85403,failed,"ERROR_BLOCKED_TOKEN: Query limit exceeded, token blocked until 2025-12-11 23:56:37","{""_seconds"":1765492295,""_nanoseconds"":583000000}"
MzBQ5aJLAwUrtS7ZAs4B,4251897512916,78659,success,Successfully synced to BaseLinker,"{""_seconds"":1765749383,""_nanoseconds"":150000000}"
N219u8QVmBsdxMeoO7vF,9002592400207,84529,failed,"ERROR_BLOCKED_TOKEN: Query limit exceeded, token blocked until 2025-12-10 10:34:55","{""_seconds"":1765358770,""_nanoseconds"":900000000}"
N2sv1NwaoeNMppLcnvQ0,da73cdf7-cc76-4f6e-bcbd-d6f8a5582665,84529,failed,"ERROR_BLOCKED_TOKEN: Query limit exceeded, token blocked until 2025-12-11 13:20:09","{""_seconds"":1765455209,""_nanoseconds"":87000000}"
N4QAJGVzTlAENeDRTAKP,SKU-8689351772,78659,success,Successfully synced to BaseLinker,"{""_seconds"":1765927139,""_nanoseconds"":810000000}"
N4fFvRZFO3wDKj9PtsFV,4260012351552,85403,failed,"ERROR_BLOCKED_TOKEN: Query limit exceeded, token blocked until 2025-12-11 23:56:37","{""_seconds"":1765492403,""_nanoseconds"":131000000}"
N5KczwEsrSPNXBSjOtmG,4067904005667,85404,failed,"ERROR_BLOCKED_TOKEN: Query limit exceeded, token blocked until 2025-12-11 23:56:37","{""_seconds"":1765492384,""_nanoseconds"":459000000}"
N8MiMSUixC2FQNeZJacI,alpinefun-holzschlitten,78659,success,Successfully synced to BaseLinker,"{""_seconds"":1765358598,""_nanoseconds"":72000000}"
N8Q2f0bypGaSXe28uHUO,08690885205328,85403,success,Successfully synced to BaseLinker,"{""_seconds"":1765713551,""_nanoseconds"":293000000}"
NA9hxOhohnAk3FCqYh8A,4057993570030,78659,success,Successfully synced to BaseLinker,"{""_seconds"":1765748457,""_nanoseconds"":560000000}"
NAR0xfoUzqMrY4AIjVgv,4260325431309,85403,success,Successfully synced to BaseLinker,"{""_seconds"":1765716796,""_nanoseconds"":31000000}"
NG21o3jNwycFQGA0OEiS,9014400281687,78659,success,Successfully synced to BaseLinker,"{""_seconds"":1765759491,""_nanoseconds"":426000000}"
NIxlP2GdAhavWN4dLiWF,8720707001286,78659,success,Successfully synced to BaseLinker,"{""_seconds"":1765358598,""_nanoseconds"":883000000}"
NKnWr1zSIU1nKTbAqDzU,bbb77d85-7a8f-40b4-a3e2-e8ea469fe7cb,84529,failed,"ERROR_BLOCKED_TOKEN: Query limit exceeded, token blocked until 2025-12-11 13:20:09","{""_seconds"":1765455034,""_nanoseconds"":475000000}"
NQHKOGtjFhXK6ihhGOKb,6941123909198,78659,success,Successfully synced to BaseLinker,"{""_seconds"":1765755643,""_nanoseconds"":920000000}"
NSYz8LVwXYgcjcilaEhx,f5b8eda0-9388-4c2b-91b7-dd605a0e511e,78659,success,Successfully synced to BaseLinker,"{""_seconds"":1765759265,""_nanoseconds"":819000000}"
NUBvcGivdNKwxq4jEkwF,038473870772,,failed,Inventory ID fehlt,"{""_seconds"":1765415030,""_nanoseconds"":113000000}"
NZtBaw0uUMUIfsV00UFv,2060004998275,78659,success,Successfully synced to BaseLinker,"{""_seconds"":1765754027,""_nanoseconds"":878000000}"
NeExVF0CEFoXKs99ZJFf,4051814369841,78659,success,Successfully synced to BaseLinker,"{""_seconds"":1765757332,""_nanoseconds"":375000000}"
NfHZ0dKMVnJdAoDPptcZ,4013556592796,78659,success,Successfully synced to BaseLinker,"{""_seconds"":1766337143,""_nanoseconds"":439000000}"
Nfg8PRIM1YdKM11qhEgD,alpinefun-holzschlitten,85404,failed,"ENOENT: no such file or directory, open '/app/kaufland/category_tree_all_languages.csv'","{""_seconds"":1765489494,""_nanoseconds"":332000000}"
NiBax1bAdmwW2evRuhSu,SKU-8112287411,78659,success,Successfully synced to BaseLinker,"{""_seconds"":1765928098,""_nanoseconds"":259000000}"
Niw8w6peZYLViLB8BYvy,walser-30973,78659,success,Successfully synced to BaseLinker,"{""_seconds"":1765358591,""_nanoseconds"":300000000}"
Njnf8qSZyptP1x8bbTDZ,4251175827556,78659,failed,BaseLinker request failed after retries,"{""_seconds"":1766521040,""_nanoseconds"":53000000}"
NnrhuHWZiZJMFZPBCoNY,8056381903395,78659,success,Successfully synced to BaseLinker,"{""_seconds"":1765755749,""_nanoseconds"":797000000}"
NojhEACg4xVv2W5Vb2Fc,4099983384487,85403,failed,"Invalid Opening Quote: a quote is found on field 0 at line 1, value is ""﻿"" (utf8 bom)","{""_seconds"":1765494606,""_nanoseconds"":27000000}"
NpVwWWpEkiUVHib0vhXI,5900495862228,78659,success,Successfully synced to BaseLinker,"{""_seconds"":1765755642,""_nanoseconds"":813000000}"
Nq4lRlD96MXggbDNmFje,4550457733175,78659,success,Successfully synced to BaseLinker,"{""_seconds"":1765755336,""_nanoseconds"":9000000}"
NqlONkoBehSeAXN9rqpj,a7fbf83a-10da-453f-974b-4d71c9e7e626,78659,failed,BaseLinker request failed after retries,"{""_seconds"":1766340601,""_nanoseconds"":130000000}"
Ns5F9OqkXXYXTfHWdyz9,6941123909198,85404,failed,"ENOENT: no such file or directory, open '/app/kaufland/category_tree_int_all_languages - 📕 category_tree_all_languages.csv'","{""_seconds"":1765479707,""_nanoseconds"":544000000}"
NwoAZM2QLncXtxu4M4Bi,4071003351342,85403,failed,"ERROR_BLOCKED_TOKEN: Query limit exceeded, token blocked until 2025-12-11 23:56:37","{""_seconds"":1765492054,""_nanoseconds"":972000000}"
NwsluVBWJXCHvhJMbBWG,9783965940628,84529,failed,"ERROR_BLOCKED_TOKEN: Query limit exceeded, token blocked until 2025-12-10 10:34:55","{""_seconds"":1765359012,""_nanoseconds"":693000000}"
Nzvw54a88A3eN7uuRW2k,4067983276613,85403,success,Successfully synced to BaseLinker,"{""_seconds"":1765716289,""_nanoseconds"":767000000}"
O0dT715OznsPqkBXhY5T,4260623660043,85404,failed,"ERROR_BLOCKED_TOKEN: Query limit exceeded, token blocked until 2025-12-11 19:50:25","{""_seconds"":1765478641,""_nanoseconds"":787000000}"
O1m8dJjORp2dt3JRHPYg,DQTGD01300W-300W-LED-FLOOD-1,78659,failed,"ERROR_BLOCKED_TOKEN: Query limit exceeded, token blocked until 2025-12-11 02:02:15","{""_seconds"":1765414695,""_nanoseconds"":607000000}"
O2DENdMATl7gbOrDZCpR,4260012351552,78659,success,Successfully synced to BaseLinker,"{""_seconds"":1765757333,""_nanoseconds"":432000000}"
O4R1acyJjuiulW47HDb4,0002592484122,85403,failed,"ERROR_BLOCKED_TOKEN: Query limit exceeded, token blocked until 2025-12-11 23:56:37","{""_seconds"":1765492369,""_nanoseconds"":652000000}"
OAOvlMxP5h8VGIzAULNq,9014400103538,78659,success,Successfully synced to BaseLinker,"{""_seconds"":1765751579,""_nanoseconds"":513000000}"
OBqcbC0yDW49cH6YjPBD,9783417288889,85403,failed,"ERROR_BLOCKED_TOKEN: Query limit exceeded, token blocked until 2025-12-11 23:56:37","{""_seconds"":1765492213,""_nanoseconds"":51000000}"
OFhR7VtofTmA90qx9dJm,SKU-0871959830,78659,success,Successfully synced to BaseLinker,"{""_seconds"":1766080840,""_nanoseconds"":403000000}"
OIKnFaNRxvMUESZztnFW,SKU-7209250640,78659,success,Successfully synced to BaseLinker,"{""_seconds"":1766346516,""_nanoseconds"":945000000}"
OJ7LaTcP4rMe153sfzz7,1646142246381,78659,success,Successfully synced to BaseLinker,"{""_seconds"":1765754619,""_nanoseconds"":108000000}"
OLLKlZYcg45f1uRMcTEy,5059862390069,78659,success,Successfully synced to BaseLinker,"{""_seconds"":1765755589,""_nanoseconds"":899000000}"
OOPnGvSqSQ9IK7HAGoTu,9014400103538,78659,success,Successfully synced to BaseLinker,"{""_seconds"":1765759299,""_nanoseconds"":252000000}"
OPHZEGZPKygQKK4M8UGK,4066748539567,85403,success,Successfully synced to BaseLinker,"{""_seconds"":1765734101,""_nanoseconds"":520000000}"
OQkj8MAFQeXE5wqJSLzi,SKU-9335260557,78659,failed,BaseLinker request failed after retries,"{""_seconds"":1766087399,""_nanoseconds"":431000000}"
OQz0OxALCljkVLdWub5Z,8056381903395,78659,success,Successfully synced to BaseLinker,"{""_seconds"":1765755522,""_nanoseconds"":464000000}"
OTGBCagZbiA4OTzP43WR,85010130,84529,failed,"ERROR_BLOCKED_TOKEN: Query limit exceeded, token blocked until 2025-12-11 13:20:09","{""_seconds"":1765455234,""_nanoseconds"":202000000}"
OVVufzJ7sJzkQgqa2fnE,SKU-2123165909,78659,success,Successfully synced to BaseLinker,"{""_seconds"":1766336822,""_nanoseconds"":770000000}"
OVt2NJmsQ71nzsBfZn7g,OM0028-502-L,84529,failed,"ERROR_BLOCKED_TOKEN: Query limit exceeded, token blocked until 2025-12-11 02:02:15","{""_seconds"":1765414444,""_nanoseconds"":409000000}"
ObUhodCFkkhiC579P6QC,4007386251480,78659,success,Successfully synced to BaseLinker,"{""_seconds"":1765358594,""_nanoseconds"":151000000}"
ObYtcm9OKc4SBuqTmJ62,4251897512916,78659,success,Successfully synced to BaseLinker,"{""_seconds"":1765358589,""_nanoseconds"":950000000}"
OdXh4WPZVRXbfrS4665j,6954850111741,78659,success,Successfully synced to BaseLinker,"{""_seconds"":1766259624,""_nanoseconds"":630000000}"
OeQD5eICfFSLAsMcxPHG,6972200196132,78659,success,Successfully synced to BaseLinker,"{""_seconds"":1765757335,""_nanoseconds"":18000000}"
OfrkLUfeSUfLH8HtIjqp,4051814369841,85404,failed,"ENOENT: no such file or directory, open '/app/kaufland/category_tree_int_all_languages - 📕 category_tree_all_languages.csv'","{""_seconds"":1765478342,""_nanoseconds"":395000000}"
Ogg6rjRQe5DsCmYaySBw,nidec-445-0765157A,85404,failed,Kategorie konnte für Inventory 85404 nicht ermittelt werden (Produkt nidec-445-0765157A),"{""_seconds"":1765503677,""_nanoseconds"":668000000}"
Oh9qIEVsN9j9mF8tObHd,4030913982243,84529,failed,"ERROR_BLOCKED_TOKEN: Query limit exceeded, token blocked until 2025-12-10 10:48:39","{""_seconds"":1765359719,""_nanoseconds"":667000000}"
Ohl0QIHaZ7C5T6iJ0i6j,4052212121253,78659,success,Successfully synced to BaseLinker,"{""_seconds"":1765754939,""_nanoseconds"":540000000}"
OiDyx8lUkjwIGWfYzGxO,9001778309747,85404,failed,"ERROR_BLOCKED_TOKEN: Query limit exceeded, token blocked until 2025-12-11 23:56:37","{""_seconds"":1765492112,""_nanoseconds"":880000000}"
OnHKb72n1B9M4YRuRFby,d2649d99-ae7a-4b45-bca9-e6c452843d93,78659,success,Successfully synced to BaseLinker,"{""_seconds"":1766339304,""_nanoseconds"":781000000}"
OsX7gX3fq40UvBx2WiCc,9783417288889,78659,success,Successfully synced to BaseLinker,"{""_seconds"":1765752174,""_nanoseconds"":561000000}"
Ou4jlD2vC5VFztNX6oIY,SKU-4118229261,78659,failed,BaseLinker request failed after retries,"{""_seconds"":1766087098,""_nanoseconds"":884000000}"
OuTxGqOLEUlArIowIryl,3cab2925-3136-4d57-b76a-c4ba5e886594,84529,success,Successfully synced to BaseLinker,"{""_seconds"":1765414222,""_nanoseconds"":489000000}"
P1BoMWrnGeTTe2OKfSIQ,SKU-0974179694,78659,success,Successfully synced to BaseLinker,"{""_seconds"":1766082053,""_nanoseconds"":28000000}"
P294ji7i43P2byIgDfct,6922738000364,78659,success,Successfully synced to BaseLinker,"{""_seconds"":1766335485,""_nanoseconds"":170000000}"
P2I0k7jvt1XC4nXboYiu,5712929568831,78659,success,Successfully synced to BaseLinker,"{""_seconds"":1765750659,""_nanoseconds"":47000000}"
P4A0sAr6uXADkdKcBG6t,4067983276613,84529,success,Successfully synced to BaseLinker,"{""_seconds"":1765045590,""_nanoseconds"":698000000}"
PELB4eicowPxxeplt1WY,4067983135699,85403,success,Successfully synced to BaseLinker,"{""_seconds"":1765738149,""_nanoseconds"":917000000}"
PEoDVB00zi4viQK9Whu5,4733dbc5-7297-4287-92b0-051f706467d9,85403,failed,"ENOENT: no such file or directory, open '/app/ebay/DE_New_Structure_(May2023).csv'","{""_seconds"":1765491952,""_nanoseconds"":634000000}"
PFecAuZUoSdeZlr1FtLB,9783789141256,78659,success,Successfully synced to BaseLinker,"{""_seconds"":1765756020,""_nanoseconds"":423000000}"
PG3TlqZ8djJd41IIP110,9783965940628,78659,success,Successfully synced to BaseLinker,"{""_seconds"":1765752656,""_nanoseconds"":454000000}"
PISmWMpJqx7rZhqNUEcQ,4066755796946,85403,failed,"ENOENT: no such file or directory, open '/app/ebay/DE_New_Structure_(May2023).csv'","{""_seconds"":1765491989,""_nanoseconds"":305000000}"
PLLmal8CyLcbfbn1TERM,4013556577144,78659,success,Successfully synced to BaseLinker,"{""_seconds"":1766335358,""_nanoseconds"":601000000}"
POzJxCP6GmkHHFs73nbU,4250056064101,78659,success,Successfully synced to BaseLinker,"{""_seconds"":1765755155,""_nanoseconds"":30000000}"
PPdTtjlKBQD7Fell1u3W,8052694010041,78659,success,Successfully synced to BaseLinker,"{""_seconds"":1766346339,""_nanoseconds"":60000000}"
PRlaufM27TFpxESEQLkz,9014400105341,84529,success,Successfully synced to BaseLinker,"{""_seconds"":1765050884,""_nanoseconds"":991000000}"
PWbeDSeXtkZeYaUvroKL,8720828172452,78659,failed,BaseLinker request failed after retries,"{""_seconds"":1766341518,""_nanoseconds"":296000000}"
PWc3z2I0JmH0fK96Uk5q,9014400105389,78659,success,Successfully synced to BaseLinker,"{""_seconds"":1765751581,""_nanoseconds"":876000000}"
PZGcHorcMeAmmrqZ969e,315ecb79-6893-4245-8804-265ddd68e97f,85404,failed,"ERROR_BLOCKED_TOKEN: Query limit exceeded, token blocked until 2025-12-11 19:50:25","{""_seconds"":1765478649,""_nanoseconds"":997000000}"
PbRVxTLp3EKRggFv4sjP,SKU-1825816304,78659,failed,BaseLinker request failed after retries,"{""_seconds"":1766081743,""_nanoseconds"":890000000}"
Pc4ee1rWRkEY4KOm41ku,5054142498336,85404,failed,"ERROR_BLOCKED_TOKEN: Query limit exceeded, token blocked until 2025-12-11 23:56:37","{""_seconds"":1765492269,""_nanoseconds"":497000000}"
PdvaZGq97qq5h6MYk4qx,4067983276613,84529,failed,"ERROR_BLOCKED_TOKEN: Query limit exceeded, token blocked until 2025-12-11 02:02:15","{""_seconds"":1765414579,""_nanoseconds"":744000000}"
Pef5Y8ekgDjMNRyS1Pfn,SKU-0871959830,78659,success,Successfully synced to BaseLinker,"{""_seconds"":1766082052,""_nanoseconds"":354000000}"
PfgP9iTRnd58g7yIAan0,197634001401,85404,failed,"ENOENT: no such file or directory, open '/app/kaufland/category_tree_int_all_languages - 📕 category_tree_all_languages.csv'","{""_seconds"":1765479743,""_nanoseconds"":590000000}"
PgXp2ZYqJInscC9Ievsb,4071003351342,84529,success,Successfully synced to BaseLinker,"{""_seconds"":1765358635,""_nanoseconds"":12000000}"
PkQsXbk5eYS9Hn0Jd3UJ,5054142498336,78659,success,Successfully synced to BaseLinker,"{""_seconds"":1765755538,""_nanoseconds"":462000000}"
PpjDYHfJCixBXJHli2kt,195969554562,78659,success,Successfully synced to BaseLinker,"{""_seconds"":1765746595,""_nanoseconds"":648000000}"
PyCTUeyvM1dxtgbGyAlg,1626175215014,78659,success,Successfully synced to BaseLinker,"{""_seconds"":1765754618,""_nanoseconds"":603000000}"
PzZJuBV4ULrWD6p3CkKk,4260325431309,78659,success,Successfully synced to BaseLinker,"{""_seconds"":1765754936,""_nanoseconds"":797000000}"
Q1UGMWELsSlYVXXKwAfm,0197967813450,85403,success,Successfully synced to BaseLinker,"{""_seconds"":1765723903,""_nanoseconds"":624000000}"
Q2LSgkSXHrzjkoUroISt,brandson-wdp-301480,78659,success,Successfully synced to BaseLinker,"{""_seconds"":1765358599,""_nanoseconds"":151000000}"
Q35Y0r2GqNlzq2eCoKow,4099983384487,85403,failed,ERROR_CATEGORY_ID: Invalid category identifier provided (the category does not exist).,"{""_seconds"":1765503255,""_nanoseconds"":135000000}"
Q5gXLPRcMgG9hUiuqr0R,4270001051905,78659,failed,BaseLinker request failed after retries,"{""_seconds"":1766521040,""_nanoseconds"":334000000}"
Q9CKU7bi2MkZiJ6YybxA,9786158181617,85404,failed,"ERROR_BLOCKED_TOKEN: Query limit exceeded, token blocked until 2025-12-11 20:12:15","{""_seconds"":1765479751,""_nanoseconds"":850000000}"
QCBOWVdRpc7d1KQap2zy,SKU-5780092798,78659,success,Successfully synced to BaseLinker,"{""_seconds"":1766339052,""_nanoseconds"":869000000}"
QD5HSbKSIE7gzbVhX0iP,9783965940628,84529,failed,"ERROR_BLOCKED_TOKEN: Query limit exceeded, token blocked until 2025-12-10 22:21:56","{""_seconds"":1765401133,""_nanoseconds"":188000000}"
QDFUrhkaxwPWDJKXz56r,4052138013946,78659,success,Successfully synced to BaseLinker,"{""_seconds"":1765754887,""_nanoseconds"":720000000}"
QJ1b51CuNOrTCieGUPiI,4099983384487,85404,failed,ERROR_CATEGORY_ID: Invalid category identifier provided (the category does not exist).,"{""_seconds"":1765583878,""_nanoseconds"":147000000}"
QOF5rCI0dcyQo6UiKY7T,4001969182901,85403,success,Successfully synced to BaseLinker,"{""_seconds"":1765725101,""_nanoseconds"":795000000}"
QPeNBRgmDiQ7seRTkT2F,4066755796946,84529,failed,"ERROR_BLOCKED_TOKEN: Query limit exceeded, token blocked until 2025-12-10 10:48:39","{""_seconds"":1765359819,""_nanoseconds"":683000000}"
QPgoOudODx4OUVQ5TNk9,7290006780805,78659,success,Successfully synced to BaseLinker,"{""_seconds"":1766346274,""_nanoseconds"":515000000}"
QQsc9yRJqgZV6WreCV6M,4260613494504,85404,failed,"ENOENT: no such file or directory, open '/app/kaufland/category_tree_int_all_languages - 📕 category_tree_all_languages.csv'","{""_seconds"":1765478377,""_nanoseconds"":784000000}"
QSvu4X07C2a5OiGSYugX,9783789141256,84529,failed,"ERROR_BLOCKED_TOKEN: Query limit exceeded, token blocked until 2025-12-11 13:20:09","{""_seconds"":1765455034,""_nanoseconds"":282000000}"
QTsTMRghJKP7j6EO8aat,4061418025265,84529,failed,"ERROR_BLOCKED_TOKEN: Query limit exceeded, token blocked until 2025-12-10 10:34:55","{""_seconds"":1765358829,""_nanoseconds"":237000000}"
QWY8hF41dBlQYgdEYMAF,85010130,78659,success,Successfully synced to BaseLinker,"{""_seconds"":1765755751,""_nanoseconds"":863000000}"
QWtVk165WsJg5fEJrOMS,9523709033415,78659,success,Successfully synced to BaseLinker,"{""_seconds"":1765755865,""_nanoseconds"":639000000}"
QXHvTzhbCpPmu4JgdXVG,4057993570030,78659,success,Successfully synced to BaseLinker,"{""_seconds"":1765358595,""_nanoseconds"":157000000}"
QYB0NJE5vzGY77AuhGkg,1400a930-65f8-4363-8402-af31839e4d42,85404,failed,"ERROR_BLOCKED_TOKEN: Query limit exceeded, token blocked until 2025-12-11 20:12:15","{""_seconds"":1765479876,""_nanoseconds"":704000000}"
Qd4XEyxUTnj2Qm8LTkN2,9014400124540,84529,success,Successfully synced to BaseLinker,"{""_seconds"":1765050884,""_nanoseconds"":424000000}"
Qe5qjPDUX8aLYzAILG9H,18c83b9d-eb7b-478b-a5de-388c2f9aa63c,85403,success,Successfully synced to BaseLinker,"{""_seconds"":1765713930,""_nanoseconds"":82000000}"
QfKtjq7n01kg1EKqEKdY,4260532291215,78659,success,Successfully synced to BaseLinker,"{""_seconds"":1765754988,""_nanoseconds"":783000000}"
QgnCcqRPPNoXgnTC0uAh,SKU-0236764953,78659,success,Successfully synced to BaseLinker,"{""_seconds"":1766157789,""_nanoseconds"":560000000}"
Qkbcb9oBxIfbYtb0SQgz,65.56.544,85404,failed,"ERROR_BLOCKED_TOKEN: Query limit exceeded, token blocked until 2025-12-11 20:12:15","{""_seconds"":1765479792,""_nanoseconds"":921000000}"
QqzzNbsF90RAoI22sDAt,a99a4149-8b94-4560-91be-df6545d1a5ef,84529,failed,"ERROR_BLOCKED_TOKEN: Query limit exceeded, token blocked until 2025-12-11 13:20:09","{""_seconds"":1765455117,""_nanoseconds"":632000000}"
QxXM2BRjAYQw6rGpl9nF,7188eabc-0712-4bc6-9998-5967b1c08eb0,84529,failed,"ERROR_BLOCKED_TOKEN: Query limit exceeded, token blocked until 2025-12-10 10:34:55","{""_seconds"":1765359004,""_nanoseconds"":302000000}"
R67YS2FvaGVTpaxSGJ7D,3cab2925-3136-4d57-b76a-c4ba5e886594,85404,failed,"ERROR_BLOCKED_TOKEN: Query limit exceeded, token blocked until 2025-12-11 19:50:25","{""_seconds"":1765478467,""_nanoseconds"":162000000}"
R6YNGxFHVCLFw78kB20R,4064232428991,85403,success,Successfully synced to BaseLinker,"{""_seconds"":1765733999,""_nanoseconds"":426000000}"
R6pFLOklnIaHMvERhUrw,SKU-1483282001,78659,success,Successfully synced to BaseLinker,"{""_seconds"":1766338028,""_nanoseconds"":74000000}"
R6xz6pIHNaJq6TAQW041,4066755796946,84529,failed,"ERROR_BLOCKED_TOKEN: Query limit exceeded, token blocked until 2025-12-10 10:34:55","{""_seconds"":1765359087,""_nanoseconds"":848000000}"
R7GLBMeghCR4FCxezqL8,8445866051810,78659,success,Successfully synced to BaseLinker,"{""_seconds"":1765755654,""_nanoseconds"":44000000}"
R7wQMwNYx3VOoNnawf07,9014400001384,84529,success,Successfully synced to BaseLinker,"{""_seconds"":1765050886,""_nanoseconds"":179000000}"
RAOSboiWx2n9OOg20AdM,SKU-9317337160,78659,failed,BaseLinker request failed after retries,"{""_seconds"":1766342643,""_nanoseconds"":515000000}"
RATEfO98FKMnr6QTH9xu,4061418025265,85403,failed,"ERROR_BLOCKED_TOKEN: Query limit exceeded, token blocked until 2025-12-11 23:56:37","{""_seconds"":1765492502,""_nanoseconds"":341000000}"
RBWOtUirVosblPVuBVfI,SKU-7350795017,78659,success,Successfully synced to BaseLinker,"{""_seconds"":1766339041,""_nanoseconds"":750000000}"
RC0D2YY3UMkd2iSdyMGA,0810123671069,78659,success,Successfully synced to BaseLinker,"{""_seconds"":1766339327,""_nanoseconds"":55000000}"
RCGJB2IG9J1QOYlLhHB3,4099983384487,85404,failed,Kategorie konnte für Inventory 85404 nicht ermittelt werden (Produkt 4099983384487),"{""_seconds"":1765503368,""_nanoseconds"":431000000}"
REtDO7FyLrVs9opQVhHK,9014400035983,78659,success,Successfully synced to BaseLinker,"{""_seconds"":1765751577,""_nanoseconds"":591000000}"
ROUZXA2xyP52subX1hrx,SKU-2019125675,78659,failed,BaseLinker request failed after retries,"{""_seconds"":1766162564,""_nanoseconds"":134000000}"
RR8rJxWqrd35TWcQN8EX,4007386251480,78659,failed,"ERROR_BLOCKED_TOKEN: Query limit exceeded, token blocked until 2025-12-11 13:20:09","{""_seconds"":1765455068,""_nanoseconds"":85000000}"
RScjj7opOj5MGXVtQo9M,2060004998275,85403,failed,"ERROR_BLOCKED_TOKEN: Query limit exceeded, token blocked until 2025-12-11 23:56:37","{""_seconds"":1765492229,""_nanoseconds"":435000000}"
RUhK3SgB8tZkjG6UrwU4,walser-30973,85403,failed,"ERROR_BLOCKED_TOKEN: Query limit exceeded, token blocked until 2025-12-11 23:56:37","{""_seconds"":1765492013,""_nanoseconds"":700000000}"
RVzcOMLqqxI0IgvGwLJj,2060004998275,78659,success,Successfully synced to BaseLinker,"{""_seconds"":1765746704,""_nanoseconds"":747000000}"
RWSkVjrE4ECp0CqE8yQr,9014400105341,78659,success,Successfully synced to BaseLinker,"{""_seconds"":1765755859,""_nanoseconds"":758000000}"
RXIZySJDdhwZTvRIE5cr,SKU-1825816304,78659,success,Successfully synced to BaseLinker,"{""_seconds"":1766082387,""_nanoseconds"":858000000}"
RYyrN1tbDSqSZqV8nsll,9783845118116,84529,failed,"ERROR_BLOCKED_TOKEN: Query limit exceeded, token blocked until 2025-12-10 10:34:55","{""_seconds"":1765358929,""_nanoseconds"":392000000}"
RZGnVtUPfNvSidTtRe27,X001W68KOB,85403,failed,"ERROR_BLOCKED_TOKEN: Query limit exceeded, token blocked until 2025-12-11 23:56:37","{""_seconds"":1765492510,""_nanoseconds"":599000000}"
RacsPVOcrCsprZs7GZh6,9014400105341,78659,success,Successfully synced to BaseLinker,"{""_seconds"":1765755760,""_nanoseconds"":396000000}"
Rc0PywYXAdtBsgmiNgNx,6941123909198,78659,success,Successfully synced to BaseLinker,"{""_seconds"":1765755374,""_nanoseconds"":435000000}"
RdXwbw8LuChm3QAwy1QY,9014400001384,78659,success,Successfully synced to BaseLinker,"{""_seconds"":1765759486,""_nanoseconds"":756000000}"
RgwiT3RDsWVqJxnHHWNb,09158136-7837-4a23-90d6-1543b48ce027,78659,success,Successfully synced to BaseLinker,"{""_seconds"":1765753748,""_nanoseconds"":263000000}"
RkmeGhMTCRKH21ahizlN,1626175215014,85403,failed,"ERROR_BLOCKED_TOKEN: Query limit exceeded, token blocked until 2025-12-11 23:56:37","{""_seconds"":1765492353,""_nanoseconds"":37000000}"
Rnqj3Mmpr9Ked1nesvOt,8720637479520,78659,success,Successfully synced to BaseLinker,"{""_seconds"":1765751522,""_nanoseconds"":897000000}"
RoX3jCU72PbmdeZMkJ5F,4250153617556,78659,failed,BaseLinker request failed after retries,"{""_seconds"":1766340300,""_nanoseconds"":742000000}"
Rpmrolor3DCjxNAdh5qs,18c83b9d-eb7b-478b-a5de-388c2f9aa63c,78659,success,Successfully synced to BaseLinker,"{""_seconds"":1765746591,""_nanoseconds"":647000000}"
RqlnuPNWpChM2Pvp0TqN,9002592485129,84529,failed,"ERROR_BLOCKED_TOKEN: Query limit exceeded, token blocked until 2025-12-11 13:20:09","{""_seconds"":1765455192,""_nanoseconds"":801000000}"
Rru3v0V8qA9Yl5G4t2WL,4733dbc5-7297-4287-92b0-051f706467d9,85403,success,Successfully synced to BaseLinker,"{""_seconds"":1765722742,""_nanoseconds"":452000000}"
RtPXJSZbBkwNGaHBpNFA,4260623660043,78659,success,Successfully synced to BaseLinker,"{""_seconds"":1765358599,""_nanoseconds"":432000000}"
S2h3EqKHAlp6FrgrVN0O,8720707001286,78659,failed,"ERROR_BLOCKED_TOKEN: Query limit exceeded, token blocked until 2025-12-11 02:02:15","{""_seconds"":1765414512,""_nanoseconds"":577000000}"
SGc0NVhsrlbVvkXD6pxs,4260325431309,78659,success,Successfully synced to BaseLinker,"{""_seconds"":1765754519,""_nanoseconds"":125000000}"
SKl6duTmcflWxDP9MZNe,4523e3f3-ba12-4d17-a2af-26af72a8a36e,85403,failed,"ERROR_BLOCKED_TOKEN: Query limit exceeded, token blocked until 2025-12-11 23:56:37","{""_seconds"":1765492237,""_nanoseconds"":861000000}"
SPY0q27xmLkvUM4EwGUx,8718891015578,85403,failed,"ERROR_BLOCKED_TOKEN: Query limit exceeded, token blocked until 2025-12-11 23:56:37","{""_seconds"":1765492246,""_nanoseconds"":101000000}"
SQGrEDtRAl7WV0MRE31x,9783417288889,84529,failed,"ERROR_BLOCKED_TOKEN: Query limit exceeded, token blocked until 2025-12-10 10:48:39","{""_seconds"":1765359802,""_nanoseconds"":901000000}"
SSTa0ESvkXjxUx77cRoJ,4013288218780,84529,success,Successfully synced to BaseLinker,"{""_seconds"":1765414210,""_nanoseconds"":917000000}"
SShNbtffVeAmSyZW5Xgr,9786158181617,85404,failed,"ERROR_BLOCKED_TOKEN: Query limit exceeded, token blocked until 2025-12-11 19:50:25","{""_seconds"":1765478483,""_nanoseconds"":634000000}"
SX56fnwKzyON2VhlU66H,4000530650139,85403,success,Successfully synced to BaseLinker,"{""_seconds"":1765714705,""_nanoseconds"":779000000}"
SYqqLAvPURlfWCi90o2k,9783417288889,84529,failed,"ERROR_BLOCKED_TOKEN: Query limit exceeded, token blocked until 2025-12-10 22:21:56","{""_seconds"":1765401199,""_nanoseconds"":365000000}"
SaegkpbHNNvYjddQedMb,4000530650139,85403,success,Successfully synced to BaseLinker,"{""_seconds"":1765732905,""_nanoseconds"":224000000}"
Sbl6bkzi45FGpKvTJl9x,4099983384487,85403,failed,"ERROR_BLOCKED_TOKEN: Query limit exceeded, token blocked until 2025-12-11 23:56:37","{""_seconds"":1765492038,""_nanoseconds"":748000000}"
SceX2mnoqdvQo6tjwQEE,4066748539567,78659,success,Successfully synced to BaseLinker,"{""_seconds"":1765754777,""_nanoseconds"":392000000}"
Sd20aPgXjAGR7vRAN8ui,726121ea-fdad-41e5-859d-0e9e1b9c50b1,78659,success,Successfully synced to BaseLinker,"{""_seconds"":1765751158,""_nanoseconds"":845000000}"
SdB5ujyej9dykeGkbkuU,8052694010041,78659,failed,BaseLinker request failed after retries,"{""_seconds"":1766341391,""_nanoseconds"":448000000}"
SfgnRE7uTDd4mkL7oFpp,4001969182901,85404,failed,"ERROR_BLOCKED_TOKEN: Query limit exceeded, token blocked until 2025-12-11 23:56:37","{""_seconds"":1765492071,""_nanoseconds"":766000000}"
SheDcEmpoSLDL4x2CXbd,4030913982243,84529,failed,"ERROR_BLOCKED_TOKEN: Query limit exceeded, token blocked until 2025-12-11 02:02:15","{""_seconds"":1765414360,""_nanoseconds"":993000000}"
SjP7TPq48kNDmq3IbDrD,0197642799963,85403,failed,"ERROR_BLOCKED_TOKEN: Query limit exceeded, token blocked until 2025-12-11 23:56:37","{""_seconds"":1765492270,""_nanoseconds"":651000000}"
SoksYwAyO5vp1qiLJOMh,4251307280879,84529,failed,"ERROR_BLOCKED_TOKEN: Query limit exceeded, token blocked until 2025-12-11 13:20:09","{""_seconds"":1765455176,""_nanoseconds"":184000000}"
Ss1RNevM78Gz4QV6FgNH,7e83322c-3ad7-4210-bcfb-8069ae09aa03,78659,success,Successfully synced to BaseLinker,"{""_seconds"":1765758862,""_nanoseconds"":788000000}"
SsQURixEe6D1Mh09pGO2,010095498867,85404,success,Successfully synced to BaseLinker,"{""_seconds"":1765633174,""_nanoseconds"":531000000}"
SsXO0HoPxy5CJmPkcdLo,SKU-0974179694,78659,success,Successfully synced to BaseLinker,"{""_seconds"":1766337582,""_nanoseconds"":972000000}"
Sv2goyXls3EAxELGiAUv,09158136-7837-4a23-90d6-1543b48ce027,85403,success,Successfully synced to BaseLinker,"{""_seconds"":1765713616,""_nanoseconds"":772000000}"
T20N6ccgqlnffkiwces0,724e63e8-7ef6-4c6e-88f6-579cf80a1e61,78659,success,Successfully synced to BaseLinker,"{""_seconds"":1765751107,""_nanoseconds"":98000000}"
T3keviFJLjKa3JGCdvjm,OM0028-502-L,84529,failed,"ERROR_BLOCKED_TOKEN: Query limit exceeded, token blocked until 2025-12-10 22:21:56","{""_seconds"":1765401299,""_nanoseconds"":52000000}"
T8RFQiUA5t0hJ9fPE1Af,197634001401,85404,failed,"ENOENT: no such file or directory, open '/app/kaufland/category_tree_int_all_languages - 📕 category_tree_all_languages.csv'","{""_seconds"":1765479714,""_nanoseconds"":511000000}"
TBA7iJl4cD4yfAgx0XkR,9014400103538,78659,success,Successfully synced to BaseLinker,"{""_seconds"":1765755425,""_nanoseconds"":765000000}"
TBAtNOAgfs0wAYUQgTGx,4007386251480,78659,success,Successfully synced to BaseLinker,"{""_seconds"":1765044828,""_nanoseconds"":963000000}"
TBTV8Rkrwt7vU6ZX0p4S,85010130,85404,failed,"ENOENT: no such file or directory, open '/app/kaufland/category_tree_int_all_languages - 📕 category_tree_all_languages.csv'","{""_seconds"":1765479585,""_nanoseconds"":65000000}"
TDSXhDMmXtITGmIt0T0P,SKU-1153910217,78659,success,Successfully synced to BaseLinker,"{""_seconds"":1766082053,""_nanoseconds"":604000000}"
TFcMzHDU4N3SGbzvB0UI,4099983384487,85403,failed,ERROR_CATEGORY_ID: Invalid category identifier provided (the category does not exist).,"{""_seconds"":1765545706,""_nanoseconds"":557000000}"
THIXgU0aiogcbNT0m6GO,8806090396038,85403,failed,Kategorie konnte für Inventory 85403 nicht ermittelt werden (Produkt 8806090396038),"{""_seconds"":1765641317,""_nanoseconds"":292000000}"
TKifktJgDsjeLHMTVKKs,8712024095246,78659,success,Successfully synced to BaseLinker,"{""_seconds"":1765751364,""_nanoseconds"":819000000}"
TOSfGlcT9sj9wKoKwF43,9001778309747,78659,success,Successfully synced to BaseLinker,"{""_seconds"":1765454997,""_nanoseconds"":6000000}"
TQkb7KQbb0SNqFGTiJwk,4061418025265,84529,failed,"ERROR_BLOCKED_TOKEN: Query limit exceeded, token blocked until 2025-12-11 02:02:15","{""_seconds"":1765414504,""_nanoseconds"":254000000}"
TVVn5TUS9UmJALgC2CN7,4004133669093,78659,success,Successfully synced to BaseLinker,"{""_seconds"":1766339391,""_nanoseconds"":389000000}"
Tbwau6PptVEoW5rHXEDP,SKU-2804135383,78659,failed,BaseLinker request failed after retries,"{""_seconds"":1766083073,""_nanoseconds"":161000000}"
TcEKoMNRqQccALbjrvCT,449821560,78659,success,Successfully synced to BaseLinker,"{""_seconds"":1765758674,""_nanoseconds"":981000000}"
TcbZnMUdrozXOx6jYU0b,65.56.544,78659,success,Successfully synced to BaseLinker,"{""_seconds"":1765750861,""_nanoseconds"":660000000}"
TffIZGC5BdMZ5hzgqq3o,4710069708088,78659,success,Successfully synced to BaseLinker,"{""_seconds"":1765044832,""_nanoseconds"":942000000}"
Tplhzo2c3XwNlwo5C67P,SKU-9335260557,78659,success,Successfully synced to BaseLinker,"{""_seconds"":1766338489,""_nanoseconds"":771000000}"
TqNzk0T5SXIaBywnA412,8720637479520,84529,failed,"ERROR_BLOCKED_TOKEN: Query limit exceeded, token blocked until 2025-12-10 22:21:56","{""_seconds"":1765401232,""_nanoseconds"":791000000}"
TqZ2ZkmbAGNE6b4qoAYs,bbb77d85-7a8f-40b4-a3e2-e8ea469fe7cb,84529,failed,"ERROR_BLOCKED_TOKEN: Query limit exceeded, token blocked until 2025-12-11 13:20:09","{""_seconds"":1765455026,""_nanoseconds"":31000000}"
TqyOcuyWmkIqExqD6KCh,8f973329-18be-4898-aef7-5359c6b0c136,85403,failed,"ERROR_BLOCKED_TOKEN: Query limit exceeded, token blocked until 2025-12-11 23:56:37","{""_seconds"":1765492170,""_nanoseconds"":904000000}"
Ttwxb3el1GIf9uMn6ZtO,8056381903395,84529,failed,"ERROR_BLOCKED_TOKEN: Query limit exceeded, token blocked until 2025-12-10 10:34:55","{""_seconds"":1765358845,""_nanoseconds"":491000000}"
Tv1vK3AYxgyoi5VDP4la,4013556592796,78659,success,Successfully synced to BaseLinker,"{""_seconds"":1766288928,""_nanoseconds"":943000000}"
Tv3N91qWS1xBekrD4VGm,SKU-8236064906,78659,success,Successfully synced to BaseLinker,"{""_seconds"":1766339119,""_nanoseconds"":151000000}"
TvzaPSeyfIkQvoEz6hil,ac6dce27-8e53-4702-841a-bec5dfb18e52,78659,success,Successfully synced to BaseLinker,"{""_seconds"":1765757441,""_nanoseconds"":91000000}"
Tw3cKEN4NhxAQqf0MEkb,0197642799963,85403,success,Successfully synced to BaseLinker,"{""_seconds"":1765737887,""_nanoseconds"":153000000}"
TxQ6w4HEbBfnAftzaMGb,9001778309747,78659,success,Successfully synced to BaseLinker,"{""_seconds"":1765358590,""_nanoseconds"":934000000}"
TzZUFEUFYpJStB2PSAEx,726121ea-fdad-41e5-859d-0e9e1b9c50b1,78659,success,Successfully synced to BaseLinker,"{""_seconds"":1765755426,""_nanoseconds"":326000000}"
U4OQpegq3E4fg2OYhuPK,4059505053796,78659,success,Successfully synced to BaseLinker,"{""_seconds"":1765755044,""_nanoseconds"":431000000}"
U5fWmYDuuJAo2tF8VtxB,09158136-7837-4a23-90d6-1543b48ce027,85403,failed,"ERROR_BLOCKED_TOKEN: Query limit exceeded, token blocked until 2025-12-11 23:56:37","{""_seconds"":1765492138,""_nanoseconds"":151000000}"
U7OckTWlcStOqgE1Ypr3,5060941713129,78659,failed,BaseLinker request failed after retries,"{""_seconds"":1766340914,""_nanoseconds"":843000000}"
U8FJLEMMQPeawCKMMoXT,4013556577144,78659,success,Successfully synced to BaseLinker,"{""_seconds"":1766288928,""_nanoseconds"":201000000}"
U8M50giokmPKkAqw3kJn,4013288218780,85404,failed,"ERROR_BLOCKED_TOKEN: Query limit exceeded, token blocked until 2025-12-11 23:56:37","{""_seconds"":1765492179,""_nanoseconds"":343000000}"
U8XEBLMUmcFTEHLO4ccj,4017537302565,78659,failed,"ERROR_BLOCKED_TOKEN: Query limit exceeded, token blocked until 2025-12-11 13:20:09","{""_seconds"":1765455217,""_nanoseconds"":533000000}"
UDI1Rj98oEUkbPZQWxS9,9014400100650,84529,success,Successfully synced to BaseLinker,"{""_seconds"":1765050885,""_nanoseconds"":596000000}"
UFQedv40xGuwiMefgyLr,9783982023113,85403,failed,"ERROR_BLOCKED_TOKEN: Query limit exceeded, token blocked until 2025-12-11 23:56:37","{""_seconds"":1765492080,""_nanoseconds"":192000000}"
UJeGjJDbKkdO3qAkYaLR,4007114298916,84529,failed,"ERROR_BLOCKED_TOKEN: Query limit exceeded, token blocked until 2025-12-11 02:02:15","{""_seconds"":1765414410,""_nanoseconds"":763000000}"
UMxrz4l3zmxWLBtPygsc,4014835742154,78659,success,Successfully synced to BaseLinker,"{""_seconds"":1765044829,""_nanoseconds"":390000000}"
UN5FSTBlwqaZPSPwp2ws,4000530685841,78659,success,Successfully synced to BaseLinker,"{""_seconds"":1765917104,""_nanoseconds"":186000000}"
UNVa7lMGmUCUigCct7ks,9900201693232,85404,failed,"ENOENT: no such file or directory, open '/app/kaufland/category_tree_all_languages.csv'","{""_seconds"":1765491957,""_nanoseconds"":264000000}"
UR67ZZlQM3d7QMIvbnIj,SKU-4541378818,78659,success,Successfully synced to BaseLinker,"{""_seconds"":1766086532,""_nanoseconds"":458000000}"
UWor6BYzmaqnuIi1OaTx,SKU-1825816304,78659,success,Successfully synced to BaseLinker,"{""_seconds"":1766336416,""_nanoseconds"":867000000}"
UX9k3Mk0BfY6E1gbIHsR,9014400105389,78659,success,Successfully synced to BaseLinker,"{""_seconds"":1765755860,""_nanoseconds"":355000000}"
UZEoXOK2NYY6u9CCLp8d,9900201693232,78659,success,Successfully synced to BaseLinker,"{""_seconds"":1765755427,""_nanoseconds"":392000000}"
Ua2CPZncROkdSZ0C7GGo,4710069708958,85404,failed,"ERROR_BLOCKED_TOKEN: Query limit exceeded, token blocked until 2025-12-11 20:12:15","{""_seconds"":1765479884,""_nanoseconds"":988000000}"
UcOMCGET5i6nYe9vHxKI,197634001401,84529,failed,"ERROR_BLOCKED_TOKEN: Query limit exceeded, token blocked until 2025-12-11 02:02:15","{""_seconds"":1765414495,""_nanoseconds"":863000000}"
UeYj8SMVoyjMsUmAdJcs,9014400035983,78659,success,Successfully synced to BaseLinker,"{""_seconds"":1765759487,""_nanoseconds"":381000000}"
UfIfMT340TLB8qvcv8TH,4260325431309,85403,success,Successfully synced to BaseLinker,"{""_seconds"":1765734761,""_nanoseconds"":526000000}"
Ug7mhxlcOmLsVDqPRGDj,SKU-1961998362,78659,success,Successfully synced to BaseLinker,"{""_seconds"":1766336580,""_nanoseconds"":818000000}"
UmzNP5IT1SorafXGExVL,7e83322c-3ad7-4210-bcfb-8069ae09aa03,84529,failed,"ERROR_BLOCKED_TOKEN: Query limit exceeded, token blocked until 2025-12-11 02:02:15","{""_seconds"":1765414753,""_nanoseconds"":495000000}"
UoPkTnfl2tuOeHTgDkhA,f7213c35-e77b-4d51-8684-776eceb8a002,78659,success,Successfully synced to BaseLinker,"{""_seconds"":1765757096,""_nanoseconds"":459000000}"
Upnlr2nsspwIcjyJkNCD,4067897661963,84529,success,Successfully synced to BaseLinker,"{""_seconds"":1765358639,""_nanoseconds"":517000000}"
UrQJqKU9JEypdDMf3npS,YY-4RPW-M2TR,84529,failed,"ERROR_BLOCKED_TOKEN: Query limit exceeded, token blocked until 2025-12-10 10:48:39","{""_seconds"":1765359811,""_nanoseconds"":285000000}"
UvYcEpql9wfI9GAaHNCX,4057993570030,85404,failed,"ERROR_BLOCKED_TOKEN: Query limit exceeded, token blocked until 2025-12-11 20:12:15","{""_seconds"":1765479868,""_nanoseconds"":422000000}"
UvfxzGyVAQqkEc8Dxwj1,9014400124540,78659,success,Successfully synced to BaseLinker,"{""_seconds"":1765759301,""_nanoseconds"":198000000}"
UvzbVQQeR8k13FPY2NR1,4099983384487,85403,failed,ERROR_CATEGORY_ID: Invalid category identifier provided (the category does not exist).,"{""_seconds"":1765527802,""_nanoseconds"":488000000}"
V0RW1nMS8JDIFUvGm3xg,4017537302565,85403,success,Successfully synced to BaseLinker,"{""_seconds"":1765733090,""_nanoseconds"":833000000}"
V6ICA6JmKeiGMB46hjUl,7611916163227,78659,failed,BaseLinker request failed after retries,"{""_seconds"":1766341820,""_nanoseconds"":356000000}"
V6M7B5p9CVTASBsgtFzP,038473870772,85404,failed,"ENOENT: no such file or directory, open '/app/kaufland/category_tree_int_all_languages - 📕 category_tree_all_languages.csv'","{""_seconds"":1765478389,""_nanoseconds"":642000000}"
V7AnCd2CAEhdFaGnPKOk,4260012351552,78659,success,Successfully synced to BaseLinker,"{""_seconds"":1765749487,""_nanoseconds"":150000000}"
V9c7JrHsyppMBiC5sdVT,5900495862228,78659,success,Successfully synced to BaseLinker,"{""_seconds"":1765750760,""_nanoseconds"":747000000}"
VBRzvc5cvPDWQAtdNwhC,4002541666529,85403,success,Successfully synced to BaseLinker,"{""_seconds"":1765732948,""_nanoseconds"":267000000}"
VBepY1juUs2ejNOzVpMM,9001778309747,78659,success,Successfully synced to BaseLinker,"{""_seconds"":1765044834,""_nanoseconds"":275000000}"
VCMgyMrdYhx1U1UREzkC,9002592485129,78659,success,Successfully synced to BaseLinker,"{""_seconds"":1765755679,""_nanoseconds"":867000000}"
VFJ6M41cJvWWxOytO3H8,4710069708958,78659,success,Successfully synced to BaseLinker,"{""_seconds"":1765755388,""_nanoseconds"":666000000}"
VGWXcR1kmQFzM3Yh5oLo,4260613494504,78659,failed,"ERROR_BLOCKED_TOKEN: Query limit exceeded, token blocked until 2025-12-11 13:20:09","{""_seconds"":1765455234,""_nanoseconds"":290000000}"
VQ15GcnuF9EWMfSWVCUR,SKU-0236764953,78659,failed,BaseLinker request failed after retries,"{""_seconds"":1766155177,""_nanoseconds"":503000000}"
VQIJCp3KFO9lwjib8lDP,4099983384487,85403,failed,Kategorie konnte für Inventory 85403 nicht ermittelt werden (Produkt 4099983384487),"{""_seconds"":1765502368,""_nanoseconds"":912000000}"
VTwftc4I9Ety5j2WTjJ6,5054142498336,78659,success,Successfully synced to BaseLinker,"{""_seconds"":1765755549,""_nanoseconds"":680000000}"
VWALCWfjHbtqDGaoEv00,da73cdf7-cc76-4f6e-bcbd-d6f8a5582665,84529,failed,"ERROR_BLOCKED_TOKEN: Query limit exceeded, token blocked until 2025-12-11 02:02:15","{""_seconds"":1765414745,""_nanoseconds"":373000000}"
VacTNA5KzcVvCsefh0xO,4007114298916,85403,success,Successfully synced to BaseLinker,"{""_seconds"":1765714969,""_nanoseconds"":338000000}"
Vbzd4f8uAwGPBnPw6t2M,SKU-4949389854,78659,failed,BaseLinker request failed after retries,"{""_seconds"":1766089617,""_nanoseconds"":565000000}"
VmNwQ1st8EZsUK0MHqLF,6972200196132,78659,success,Successfully synced to BaseLinker,"{""_seconds"":1765751053,""_nanoseconds"":993000000}"
VnQXzriXpwvK70bLkH6F,4066755796946,84529,success,Successfully synced to BaseLinker,"{""_seconds"":1765414199,""_nanoseconds"":362000000}"
VvdlOKKcDpQjOXRC4x3T,9900201693232,85403,failed,"ENOENT: no such file or directory, open '/app/ebay/DE_New_Structure_(May2023).csv'","{""_seconds"":1765491894,""_nanoseconds"":170000000}"
Vvyf7IsmJQGriNyNdXL9,9900201693232,84529,failed,"ERROR_BLOCKED_TOKEN: Query limit exceeded, token blocked until 2025-12-10 10:34:55","{""_seconds"":1765358920,""_nanoseconds"":688000000}"
VyeaI4wtRlpjwJyvbXVT,8445866051810,78659,success,Successfully synced to BaseLinker,"{""_seconds"":1765755751,""_nanoseconds"":324000000}"
VzQv5UEkWGAem4CqNOuy,4067904610731,84529,success,Successfully synced to BaseLinker,"{""_seconds"":1765416213,""_nanoseconds"":325000000}"
W2LKrQTd1rvdPVqWL03A,8445866051810,85404,failed,"ENOENT: no such file or directory, open '/app/kaufland/category_tree_all_languages.csv'","{""_seconds"":1765491969,""_nanoseconds"":124000000}"
W3965jyRHRHYel0T2NDD,4260012351552,78659,success,Successfully synced to BaseLinker,"{""_seconds"":1765755207,""_nanoseconds"":520000000}"
W73l0GoxkDtabHWZN2h3,4099983384487,85404,failed,Kategorie konnte für Inventory 85404 nicht ermittelt werden (Produkt 4099983384487),"{""_seconds"":1765527493,""_nanoseconds"":933000000}"
WBJ2QZipIZUmkJejSAUW,1646142246381,78659,success,Successfully synced to BaseLinker,"{""_seconds"":1765753852,""_nanoseconds"":997000000}"
WCJJKdXujKsAfSxrg3LF,SKU-1961998362,78659,failed,BaseLinker request failed after retries,"{""_seconds"":1766161356,""_nanoseconds"":267000000}"
WCLTj8CAN3ImYDlY4N59,f7213c35-e77b-4d51-8684-776eceb8a002,85404,failed,"ERROR_BLOCKED_TOKEN: Query limit exceeded, token blocked until 2025-12-11 23:56:37","{""_seconds"":1765492442,""_nanoseconds"":553000000}"
WCT7DkAGVa3Vb5h9JRwr,9783036957814,84529,failed,"ERROR_BLOCKED_TOKEN: Query limit exceeded, token blocked until 2025-12-10 22:21:56","{""_seconds"":1765401141,""_nanoseconds"":359000000}"
WCqerptJz217tbttxsTy,4260623660043,78659,success,Successfully synced to BaseLinker,"{""_seconds"":1765044831,""_nanoseconds"":433000000}"
WDnDE4TbBDe52fKKVXZj,SKU-9436640030,78659,success,Successfully synced to BaseLinker,"{""_seconds"":1766418518,""_nanoseconds"":290000000}"
WI7OFss8HLsikG8AETwI,4250056064101,85404,failed,"ERROR_BLOCKED_TOKEN: Query limit exceeded, token blocked until 2025-12-11 23:56:37","{""_seconds"":1765492467,""_nanoseconds"":943000000}"
WOnJfXO5RdltUJyGHnef,4061418025265,84529,success,Successfully synced to BaseLinker,"{""_seconds"":1765045602,""_nanoseconds"":609000000}"
WQxc9d7HXHUndGq40Md2,65.56.544,84529,failed,"ERROR_BLOCKED_TOKEN: Query limit exceeded, token blocked until 2025-12-11 13:20:09","{""_seconds"":1765455142,""_nanoseconds"":463000000}"
WUf22CMMhhb6u1PJWTcu,SKU-4846525236,78659,success,Successfully synced to BaseLinker,"{""_seconds"":1766338486,""_nanoseconds"":23000000}"
WUsQDjPk9EjELxlLXkWq,TANTOMI-ROLLTOP-36x48,78659,success,Successfully synced to BaseLinker,"{""_seconds"":1765358588,""_nanoseconds"":186000000}"
WVUSe1Vduhg94KiYcLEN,8445866051810,84529,success,Successfully synced to BaseLinker,"{""_seconds"":1765045598,""_nanoseconds"":390000000}"
WYqvj3gd9awJVtdaaxde,da73cdf7-cc76-4f6e-bcbd-d6f8a5582665,85404,failed,"ERROR_BLOCKED_TOKEN: Query limit exceeded, token blocked until 2025-12-11 20:12:15","{""_seconds"":1765479843,""_nanoseconds"":823000000}"
WbUhx58zgYhnMd7LgZYX,4733dbc5-7297-4287-92b0-051f706467d9,78659,success,Successfully synced to BaseLinker,"{""_seconds"":1765755372,""_nanoseconds"":948000000}"
WbsOfwzul4rtCqQSBq0f,SKU-3734657776,78659,success,Successfully synced to BaseLinker,"{""_seconds"":1766086211,""_nanoseconds"":658000000}"
Wch7cpHsotqS3DzutTFY,9783417288889,78659,success,Successfully synced to BaseLinker,"{""_seconds"":1765756992,""_nanoseconds"":189000000}"
WdJElD9MhmqmBMWsoadv,4006825642452,78659,success,Successfully synced to BaseLinker,"{""_seconds"":1765913641,""_nanoseconds"":115000000}"
Wh4Mv579odLKlWuz327C,4013556592796,78659,success,Successfully synced to BaseLinker,"{""_seconds"":1766335359,""_nanoseconds"":363000000}"
WhtPSPCSVv62Txv1GhzG,SKU-4846525236,78659,failed,BaseLinker request failed after retries,"{""_seconds"":1766089277,""_nanoseconds"":859000000}"
Wj0jINaXVw5WSxGlQUSN,11439b84-9171-4705-b423-18c9a2ccaa3b,84529,failed,"ERROR_BLOCKED_TOKEN: Query limit exceeded, token blocked until 2025-12-10 10:34:55","{""_seconds"":1765359021,""_nanoseconds"":192000000}"
WkVPp2aZwrSCov3VbDkM,b3c3d282-2b8a-4db8-b8a4-db96fa96a4d1,84529,failed,"ERROR_BLOCKED_TOKEN: Query limit exceeded, token blocked until 2025-12-10 10:48:39","{""_seconds"":1765359661,""_nanoseconds"":199000000}"
Wmjji4SHLP9tdwv78X8F,5054142498336,84529,failed,"ERROR_BLOCKED_TOKEN: Query limit exceeded, token blocked until 2025-12-10 10:48:39","{""_seconds"":1765359777,""_nanoseconds"":666000000}"
WpGCXuqNDlB2WJzbnjGZ,4013556592796,78659,success,Successfully synced to BaseLinker,"{""_seconds"":1766258830,""_nanoseconds"":323000000}"
WrBcHbpx52c0KsMzFKwe,9002592485129,85403,failed,"ERROR_BLOCKED_TOKEN: Query limit exceeded, token blocked until 2025-12-11 23:56:37","{""_seconds"":1765492188,""_nanoseconds"":62000000}"
WzZzSRATcrY9Y2Uf2LJG,2060004998275,78659,success,Successfully synced to BaseLinker,"{""_seconds"":1765044831,""_nanoseconds"":130000000}"
Wze85ZKwCuJnur7VjaCY,010095498867,85403,failed,ERROR_CATEGORY_ID: Invalid category identifier provided (the category does not exist).,"{""_seconds"":1765595804,""_nanoseconds"":70000000}"
WzwxzFdWRsbQBDZiHQ4U,9014400100650,78659,success,Successfully synced to BaseLinker,"{""_seconds"":1765759298,""_nanoseconds"":643000000}"
X0OjlwG5KtET56FXqGap,9783956193242,84529,failed,"ERROR_BLOCKED_TOKEN: Query limit exceeded, token blocked until 2025-12-11 13:20:09","{""_seconds"":1765455026,""_nanoseconds"":224000000}"
X1JcHfjk6pO9uTVy1rSU,9783845118116,85403,failed,"ENOENT: no such file or directory, open '/app/ebay/DE_New_Structure_(May2023).csv'","{""_seconds"":1765491919,""_nanoseconds"":535000000}"
X37MfCoSq3x5X3WasMrA,4099983384487,85404,failed,ERROR_CATEGORY_ID: Invalid category identifier provided (the category does not exist).,"{""_seconds"":1765586584,""_nanoseconds"":250000000}"
X4pNJmmTLIC7EIrXDDJi,0002592484122,84529,failed,"ERROR_BLOCKED_TOKEN: Query limit exceeded, token blocked until 2025-12-10 10:34:55","{""_seconds"":1765358821,""_nanoseconds"":89000000}"
X51hRjPjSwUOMUD6MiuG,4523e3f3-ba12-4d17-a2af-26af72a8a36e,85403,failed,"ERROR_BLOCKED_TOKEN: Query limit exceeded, token blocked until 2025-12-11 23:56:37","{""_seconds"":1765492237,""_nanoseconds"":808000000}"
X6EXhsOBHnzeQKnf85qd,8436579110321,84529,failed,"ERROR_BLOCKED_TOKEN: Query limit exceeded, token blocked until 2025-12-11 13:20:09","{""_seconds"":1765455159,""_nanoseconds"":594000000}"
X74a7kUlPwL7hxiOVJce,4001969182901,85403,success,Successfully synced to BaseLinker,"{""_seconds"":1765738107,""_nanoseconds"":124000000}"
X7lW0igbIZW1nP8w2G2b,9783982023113,84529,success,Successfully synced to BaseLinker,"{""_seconds"":1765414323,""_nanoseconds"":545000000}"
XDtE1Tr9rf8ii9RguLwM,paudin-santoku-n5-img-1,85404,failed,"ENOENT: no such file or directory, open '/app/kaufland/category_tree_int_all_languages - 📕 category_tree_all_languages.csv'","{""_seconds"":1765478401,""_nanoseconds"":606000000}"
XEI00zq0ndtXsbryc638,eafe8bc3-619c-41b9-9de5-05fb116e96e2,84529,failed,"ERROR_BLOCKED_TOKEN: Query limit exceeded, token blocked until 2025-12-10 10:34:55","{""_seconds"":1765358754,""_nanoseconds"":127000000}"
XEIMnXLpalmigCkjqeDd,9014400001384,78659,success,Successfully synced to BaseLinker,"{""_seconds"":1765759296,""_nanoseconds"":496000000}"
XFQ1RmfPb5xY6YN84Rkp,4260532291215,78659,success,Successfully synced to BaseLinker,"{""_seconds"":1765749643,""_nanoseconds"":724000000}"
XGnuSWnF1q8nrUKmPVEC,4260012351552,78659,failed,"ERROR_BLOCKED_TOKEN: Query limit exceeded, token blocked until 2025-12-11 02:02:15","{""_seconds"":1765414637,""_nanoseconds"":46000000}"
XHG5UxA5ATd27GesoJA3,65.56.544,85403,success,Successfully synced to BaseLinker,"{""_seconds"":1765738327,""_nanoseconds"":830000000}"
XI3rX3wr87TjUroHfzcC,4007386251480,85404,failed,"ERROR_BLOCKED_TOKEN: Query limit exceeded, token blocked until 2025-12-11 23:56:37","{""_seconds"":1765492459,""_nanoseconds"":261000000}"
XIWvInT3x5v74MH2jzjr,0197642799963,85404,failed,"ENOENT: no such file or directory, open '/app/kaufland/category_tree_int_all_languages - 📕 category_tree_all_languages.csv'","{""_seconds"":1765479647,""_nanoseconds"":686000000}"
XPXRnReeWR2nqPigfL0Z,4710069708958,78659,failed,"ERROR_BLOCKED_TOKEN: Query limit exceeded, token blocked until 2025-12-11 13:20:09","{""_seconds"":1765455275,""_nanoseconds"":811000000}"
XPm5D0Dd7pysWxEgzdkM,b3c3d282-2b8a-4db8-b8a4-db96fa96a4d1,84529,failed,"ERROR_BLOCKED_TOKEN: Query limit exceeded, token blocked until 2025-12-10 10:34:55","{""_seconds"":1765358895,""_nanoseconds"":556000000}"
XSW2e8uCUNU9AWhNF6DG,9523709033415,78659,success,Successfully synced to BaseLinker,"{""_seconds"":1765755913,""_nanoseconds"":452000000}"
XUteUhBGKZI6vj19F1W8,4071003351342,85403,failed,"ERROR_BLOCKED_TOKEN: Query limit exceeded, token blocked until 2025-12-11 23:56:37","{""_seconds"":1765492055,""_nanoseconds"":164000000}"
XVueYtn66C1dLcQpgR7X,f7213c35-e77b-4d51-8684-776eceb8a002,85403,failed,"ERROR_BLOCKED_TOKEN: Query limit exceeded, token blocked until 2025-12-11 23:56:37","{""_seconds"":1765492395,""_nanoseconds"":41000000}"
XZarBG4ArQZILHAMLqDz,X00173R33T,84529,failed,"ERROR_BLOCKED_TOKEN: Query limit exceeded, token blocked until 2025-12-11 13:20:09","{""_seconds"":1765455200,""_nanoseconds"":233000000}"
XauA9IRGjZCtWq7i4HaV,8720707001286,85403,failed,"ERROR_BLOCKED_TOKEN: Query limit exceeded, token blocked until 2025-12-11 23:56:37","{""_seconds"":1765492494,""_nanoseconds"":16000000}"
Xd8a8WMffW0Z50MmjgEe,09158136-7837-4a23-90d6-1543b48ce027,78659,success,Successfully synced to BaseLinker,"{""_seconds"":1765746347,""_nanoseconds"":279000000}"
XiVi1YrJXTknIgiF4hre,4067904336044,84529,failed,"ERROR_BLOCKED_TOKEN: Query limit exceeded, token blocked until 2025-12-11 02:02:15","{""_seconds"":1765414418,""_nanoseconds"":952000000}"
XjLsyzjLw5LYkKmtdOpe,0197642799963,78659,success,Successfully synced to BaseLinker,"{""_seconds"":1765753488,""_nanoseconds"":598000000}"
Xr9qqjmUvoKjKLfisB7p,9014400281687,78659,success,Successfully synced to BaseLinker,"{""_seconds"":1765751582,""_nanoseconds"":393000000}"
Xui7fEWXBzK9iKpnYTx5,6954850111741,78659,success,Successfully synced to BaseLinker,"{""_seconds"":1766335548,""_nanoseconds"":876000000}"
XvslAgaRM4rfJOyxchoq,0002592484122,85404,failed,"ERROR_BLOCKED_TOKEN: Query limit exceeded, token blocked until 2025-12-11 23:56:37","{""_seconds"":1765492417,""_nanoseconds"":592000000}"
XxcAv4M5brplcmQUuYzc,0197642799963,85403,success,Successfully synced to BaseLinker,"{""_seconds"":1765723840,""_nanoseconds"":333000000}"
Xy78dDiB56I4X7E9svVC,315ecb79-6893-4245-8804-265ddd68e97f,84529,failed,"ERROR_BLOCKED_TOKEN: Query limit exceeded, token blocked until 2025-12-10 10:34:55","{""_seconds"":1765358987,""_nanoseconds"":795000000}"
Y0P2S1BoMIdfTE4jlXpR,22.30.241,84529,failed,"ERROR_BLOCKED_TOKEN: Query limit exceeded, token blocked until 2025-12-10 22:21:56","{""_seconds"":1765401249,""_nanoseconds"":275000000}"
Y3H5F4H4q7LzEfEVsgTm,4066748539567,85403,success,Successfully synced to BaseLinker,"{""_seconds"":1765716258,""_nanoseconds"":976000000}"
Y7L6nPVrkH7nQwFvXxJG,5054142498336,85403,failed,"ERROR_BLOCKED_TOKEN: Query limit exceeded, token blocked until 2025-12-11 23:56:37","{""_seconds"":1765492221,""_nanoseconds"":426000000}"
YFhGPf7HIiwyvvCLsBTz,7188eabc-0712-4bc6-9998-5967b1c08eb0,84529,failed,"ERROR_BLOCKED_TOKEN: Query limit exceeded, token blocked until 2025-12-10 10:48:39","{""_seconds"":1765359752,""_nanoseconds"":878000000}"
YHp7LkFJRK145CrMMKJD,9002592485129,85403,failed,"ERROR_BLOCKED_TOKEN: Query limit exceeded, token blocked until 2025-12-11 23:56:37","{""_seconds"":1765492187,""_nanoseconds"":924000000}"
YVsJgSeuUaUjuReIznb6,4710069708958,85404,failed,"ERROR_BLOCKED_TOKEN: Query limit exceeded, token blocked until 2025-12-11 19:50:25","{""_seconds"":1765478616,""_nanoseconds"":726000000}"
YZ5wgsqh3TgSnuOQSFTf,9783417288889,85403,failed,"ERROR_BLOCKED_TOKEN: Query limit exceeded, token blocked until 2025-12-11 23:56:37","{""_seconds"":1765492213,""_nanoseconds"":21000000}"
YZCl4cNfenZgzkeWzmbF,8718891015578,78659,success,Successfully synced to BaseLinker,"{""_seconds"":1765755758,""_nanoseconds"":171000000}"
YahHYz6GrhnBqLmNj0gk,SKU-3047799035,78659,failed,BaseLinker request failed after retries,"{""_seconds"":1766084730,""_nanoseconds"":761000000}"
YgORaByRpRAOIsHLLiyR,85010130,85404,failed,"ERROR_BLOCKED_TOKEN: Query limit exceeded, token blocked until 2025-12-11 23:56:37","{""_seconds"":1765492195,""_nanoseconds"":725000000}"
Yh5tp04VUJ5z6bKQzhpf,9002592400207,85403,failed,"ERROR_BLOCKED_TOKEN: Query limit exceeded, token blocked until 2025-12-11 23:56:37","{""_seconds"":1765492444,""_nanoseconds"":753000000}"
Ym9z1Up5bRydmWNhHXd8,SKU-4820097368,78659,success,Successfully synced to BaseLinker,"{""_seconds"":1766288904,""_nanoseconds"":696000000}"
YmIkOdeZ0dZIaqMDPtZQ,04052938000016,78659,failed,BaseLinker request failed after retries,"{""_seconds"":1766542994,""_nanoseconds"":677000000}"
YpqNcV3czWenFBUewhmx,02591620,85404,failed,"ERROR_BLOCKED_TOKEN: Query limit exceeded, token blocked until 2025-12-11 23:56:37","{""_seconds"":1765492517,""_nanoseconds"":710000000}"
YutoSKHR6Jus00BwM2Yo,724e63e8-7ef6-4c6e-88f6-579cf80a1e61,78659,success,Successfully synced to BaseLinker,"{""_seconds"":1765755748,""_nanoseconds"":624000000}"
Yv3lwfaHUfAa9UackKHw,SKU-7245071607,78659,failed,BaseLinker request failed after retries,"{""_seconds"":1766085508,""_nanoseconds"":769000000}"
YvUJ9K7emKn7mlaainJA,9783845118116,85403,failed,"ENOENT: no such file or directory, open '/app/ebay/DE_New_Structure_(May2023).csv'","{""_seconds"":1765491882,""_nanoseconds"":673000000}"
Ywt4o8XqF9pomrxAItk6,4067983276613,84529,success,Successfully synced to BaseLinker,"{""_seconds"":1765358694,""_nanoseconds"":185000000}"
Z0ed1JEwJ9QCA2h6cYTk,4067897661963,84529,failed,"ERROR_BLOCKED_TOKEN: Query limit exceeded, token blocked until 2025-12-11 02:02:15","{""_seconds"":1765414653,""_nanoseconds"":348000000}"
Z0nXwrDIBEzOyCTQkQas,SKU-9317337160,78659,success,Successfully synced to BaseLinker,"{""_seconds"":1766346580,""_nanoseconds"":128000000}"
Z5fv09uHPV6DMoPhC9oe,SKU-1181918814,78659,success,Successfully synced to BaseLinker,"{""_seconds"":1766082054,""_nanoseconds"":280000000}"
Z7lms544R8CiYlZvyRun,9783965940628,84529,failed,"ERROR_BLOCKED_TOKEN: Query limit exceeded, token blocked until 2025-12-10 10:48:39","{""_seconds"":1765359761,""_nanoseconds"":125000000}"
Z8SgfK7gxicipiv1ak6r,4067983746314,84529,failed,"ERROR_BLOCKED_TOKEN: Query limit exceeded, token blocked until 2025-12-11 02:02:15","{""_seconds"":1765414470,""_nanoseconds"":796000000}"
ZBgNDXVKe84CQ1qFlgVj,4017537302565,78659,success,Successfully synced to BaseLinker,"{""_seconds"":1765754679,""_nanoseconds"":482000000}"
ZErAWbKmFw2NkO0k5CqW,alpinefun-holzschlitten,78659,success,Successfully synced to BaseLinker,"{""_seconds"":1765044833,""_nanoseconds"":890000000}"
ZFTCZCDGhCbzVskXLaZv,1646142246381,78659,success,Successfully synced to BaseLinker,"{""_seconds"":1765746453,""_nanoseconds"":680000000}"
ZGInA8mZTlm0gQ8ICBiP,villa-grinario-spannbetttuch-100x200-gruen,78659,success,Successfully synced to BaseLinker,"{""_seconds"":1765358594,""_nanoseconds"":400000000}"
ZLOZzt901XunVr2145eI,9014400124540,84529,success,Successfully synced to BaseLinker,"{""_seconds"":1765050750,""_nanoseconds"":175000000}"
ZLhCEHFI9vg1LBcXQeHE,4013556577144,78659,success,Successfully synced to BaseLinker,"{""_seconds"":1766337124,""_nanoseconds"":924000000}"
ZLn5U50nKZyjch2NJm7Y,SKU-1181918814,78659,success,Successfully synced to BaseLinker,"{""_seconds"":1766158096,""_nanoseconds"":752000000}"
ZO9pw4VpRpId8y3eI4yO,4067983746314,78659,success,Successfully synced to BaseLinker,"{""_seconds"":1765755496,""_nanoseconds"":909000000}"
ZUBLVr2q3dWtQrl6MPRQ,4013556577144,78659,success,Successfully synced to BaseLinker,"{""_seconds"":1766337142,""_nanoseconds"":792000000}"
ZVs1g1h0qKBBmgNReB8D,4260532291215,85404,failed,"ERROR_BLOCKED_TOKEN: Query limit exceeded, token blocked until 2025-12-11 23:56:37","{""_seconds"":1765492376,""_nanoseconds"":11000000}"
ZVvaqQtOojBvaaHhSu9r,8719076052258,78659,failed,BaseLinker request failed after retries,"{""_seconds"":1766341518,""_nanoseconds"":292000000}"
ZZfiKerKN4e46nYJJM5D,4550457733144,78659,success,Successfully synced to BaseLinker,"{""_seconds"":1765749877,""_nanoseconds"":359000000}"
ZZyGEdoOHp1SvdrYlLuO,9783982023113,85404,failed,"ERROR_BLOCKED_TOKEN: Query limit exceeded, token blocked until 2025-12-11 23:56:37","{""_seconds"":1765492129,""_nanoseconds"":557000000}"
ZhQcV2Sh9AWwupsy3KRf,8718891015578,78659,success,Successfully synced to BaseLinker,"{""_seconds"":1765751471,""_nanoseconds"":468000000}"
ZisyjBNzPSigQu2b4ENI,9014400035983,78659,success,Successfully synced to BaseLinker,"{""_seconds"":1765751577,""_nanoseconds"":187000000}"
Zjl4wwM1vyGJo9Re8UCI,SKU-2019125675,78659,success,Successfully synced to BaseLinker,"{""_seconds"":1766082108,""_nanoseconds"":698000000}"
ZmrVpqmTsS19FHEdPcyG,gusskoenig-gk-002,78659,failed,Preis fehlt,"{""_seconds"":1765759699,""_nanoseconds"":963000000}"
ZnV8GbecS398U7cV7BNX,9014400001384,78659,success,Successfully synced to BaseLinker,"{""_seconds"":1765759260,""_nanoseconds"":38000000}"
Zp0hwZE9CcgzsjmbeVke,4260623660043,78659,failed,"ERROR_BLOCKED_TOKEN: Query limit exceeded, token blocked until 2025-12-11 13:20:09","{""_seconds"":1765455291,""_nanoseconds"":714000000}"
ZqzyR8ms7ElpfMuFi1HD,4067888237931,78659,success,Successfully synced to BaseLinker,"{""_seconds"":1765754778,""_nanoseconds"":717000000}"
ZtGrFJ9U5pFgut9Lthkb,SKU-9979752242,78659,success,Successfully synced to BaseLinker,"{""_seconds"":1766346645,""_nanoseconds"":198000000}"
ZtWZmxYPppENfRrBXjrY,9783956193242,85403,failed,"ERROR_BLOCKED_TOKEN: Query limit exceeded, token blocked until 2025-12-11 23:56:37","{""_seconds"":1765492278,""_nanoseconds"":847000000}"
ZuRum4QNea3lj4hDDG8q,7188eabc-0712-4bc6-9998-5967b1c08eb0,78659,success,Successfully synced to BaseLinker,"{""_seconds"":1765751100,""_nanoseconds"":113000000}"
ZwBWDVSlXNH2eoMBvIN4,4067888237931,85404,failed,"ERROR_BLOCKED_TOKEN: Query limit exceeded, token blocked until 2025-12-11 20:12:15","{""_seconds"":1765479901,""_nanoseconds"":651000000}"
Zxt3oVvdQX9dH9RR3uTI,SKU-1612836881,78659,success,Successfully synced to BaseLinker,"{""_seconds"":1766336168,""_nanoseconds"":369000000}"
a1Jc8xoJuciw5d3EN5YB,4067904005667,85403,failed,"ERROR_BLOCKED_TOKEN: Query limit exceeded, token blocked until 2025-12-11 23:56:37","{""_seconds"":1765492336,""_nanoseconds"":557000000}"
a1U9VJWE4566p9DD8PB2,02591620,85403,success,Successfully synced to BaseLinker,"{""_seconds"":1765732608,""_nanoseconds"":612000000}"
a1ZI4jLYbaOIXsmEO0sE,bbb77d85-7a8f-40b4-a3e2-e8ea469fe7cb,85403,failed,"ERROR_BLOCKED_TOKEN: Query limit exceeded, token blocked until 2025-12-11 23:56:37","{""_seconds"":1765492303,""_nanoseconds"":750000000}"
a3Bdr1ARjh80GwQPYLKz,2d04e11c-2c30-40e4-958d-b0ec03de0da5,78659,success,Successfully synced to BaseLinker,"{""_seconds"":1765758549,""_nanoseconds"":666000000}"
a4vZFVVicNkFWrNa4Pyy,9014400103538,78659,success,Successfully synced to BaseLinker,"{""_seconds"":1765755859,""_nanoseconds"":169000000}"
a6GL0WnIOaLNY6YACGnD,4251897512916,78659,failed,"ERROR_BLOCKED_TOKEN: Query limit exceeded, token blocked until 2025-12-11 02:02:15","{""_seconds"":1765414770,""_nanoseconds"":19000000}"
a7sQOnAnzNhaThpVl9VV,9002592400207,84529,failed,"ERROR_BLOCKED_TOKEN: Query limit exceeded, token blocked until 2025-12-10 10:48:39","{""_seconds"":1765359544,""_nanoseconds"":493000000}"
a7vVedLLWUUct7TOVGlp,038473870772,85403,failed,"ERROR_BLOCKED_TOKEN: Query limit exceeded, token blocked until 2025-12-11 23:56:37","{""_seconds"":1765492287,""_nanoseconds"":373000000}"
a9uEmw4sfw0Wt1wEz3I5,1400a930-65f8-4363-8402-af31839e4d42,85403,success,Successfully synced to BaseLinker,"{""_seconds"":1765724242,""_nanoseconds"":183000000}"
aA1lhhqXh6rcGgxpgiG7,9014400293437,78659,success,Successfully synced to BaseLinker,"{""_seconds"":1765751583,""_nanoseconds"":592000000}"
aDCtlpaJGrW7YJDPqd4n,9523709033415,84529,success,Successfully synced to BaseLinker,"{""_seconds"":1765045597,""_nanoseconds"":27000000}"
aFnVxbkncG2ua6UeFmmu,9014400293437,78659,success,Successfully synced to BaseLinker,"{""_seconds"":1765759492,""_nanoseconds"":104000000}"
aJ8Ps88j3Vs5S00iQ0gO,4250056064101,85403,success,Successfully synced to BaseLinker,"{""_seconds"":1765734446,""_nanoseconds"":822000000}"
aK5Ht8RtBJtNv6JkEU3i,4069092282370,78659,success,Successfully synced to BaseLinker,"{""_seconds"":1766346080,""_nanoseconds"":464000000}"
aKWmCLn3Piz9DySyAij8,4260532291215,85403,success,Successfully synced to BaseLinker,"{""_seconds"":1765722417,""_nanoseconds"":962000000}"
aMpm9wZ1Hbj5dDGfZshs,4251897512916,78659,success,Successfully synced to BaseLinker,"{""_seconds"":1765044830,""_nanoseconds"":763000000}"
aORfWBZtRPjRpuwL4aZt,315ecb79-6893-4245-8804-265ddd68e97f,85403,success,Successfully synced to BaseLinker,"{""_seconds"":1765738062,""_nanoseconds"":145000000}"
aOW7BZS8UlhywkpWprkA,9783789141256,85404,failed,"ENOENT: no such file or directory, open '/app/kaufland/category_tree_int_all_languages - 📕 category_tree_all_languages.csv'","{""_seconds"":1765478413,""_nanoseconds"":755000000}"
aOfnA8jnRxwgYJYTaBdH,SKU-4607569519,78659,failed,BaseLinker request failed after retries,"{""_seconds"":1766087098,""_nanoseconds"":883000000}"
aRJvdNqlKnGeUS9D32PK,0000184164619,85404,failed,ERROR_STORAGE_ID: Product with ID 452383927 is located in a different inventory than specified,"{""_seconds"":1765704434,""_nanoseconds"":347000000}"
aRdQYRfqIlT4GupOpYbB,9783785556740,84529,failed,"ERROR_BLOCKED_TOKEN: Query limit exceeded, token blocked until 2025-12-10 22:21:56","{""_seconds"":1765401323,""_nanoseconds"":865000000}"
aRsmWtcCTowQaXuh4X2J,2b55a51a-0d21-4136-9fa4-89ca66c74a72,85403,success,Successfully synced to BaseLinker,"{""_seconds"":1765714282,""_nanoseconds"":169000000}"
aSr5jJAajfyCdOhjCV6G,4007386251480,85403,success,Successfully synced to BaseLinker,"{""_seconds"":1765732993,""_nanoseconds"":880000000}"
aT8O2ushuN4mn7oqbRDh,villa-grinario-spannbettuch-100x200-rot,78659,success,Successfully synced to BaseLinker,"{""_seconds"":1765044828,""_nanoseconds"":740000000}"
aVOewSbSo6g8vJm2se4Q,11439b84-9171-4705-b423-18c9a2ccaa3b,85404,failed,"ERROR_BLOCKED_TOKEN: Query limit exceeded, token blocked until 2025-12-11 19:50:25","{""_seconds"":1765478591,""_nanoseconds"":163000000}"
aWFKaGJ75z9QDOLIJo3Z,4550457733144,78659,success,Successfully synced to BaseLinker,"{""_seconds"":1765757360,""_nanoseconds"":732000000}"
aY2U0YsGz7HpMNrYobxP,4099983384487,85403,failed,ERROR_CATEGORY_ID: Invalid category identifier provided (the category does not exist).,"{""_seconds"":1765534489,""_nanoseconds"":968000000}"
aaVdgsWvgzYRBhfUdwOu,7e83322c-3ad7-4210-bcfb-8069ae09aa03,85404,failed,Kategorie konnte für Inventory 85404 nicht ermittelt werden (Produkt 7e83322c-3ad7-4210-bcfb-8069ae09aa03),"{""_seconds"":1765503429,""_nanoseconds"":753000000}"
adb6p3kRt1eP29WJyH93,4251897512916,85403,success,Successfully synced to BaseLinker,"{""_seconds"":1765734563,""_nanoseconds"":221000000}"
ahS3w7dOJ4sfubP6dEzg,9001778309747,78659,failed,"ERROR_BLOCKED_TOKEN: Query limit exceeded, token blocked until 2025-12-11 02:02:15","{""_seconds"":1765414737,""_nanoseconds"":143000000}"
aiJmcUM678SvguturUGR,4067904336044,78659,success,Successfully synced to BaseLinker,"{""_seconds"":1765755100,""_nanoseconds"":80000000}"
ajeDDQwWMnBC0VNAiYka,paudin-santoku-n5-img-1,,failed,Inventory ID fehlt,"{""_seconds"":1765455034,""_nanoseconds"":507000000}"
ajuXI3WceBlONIvuLJcH,3cab2925-3136-4d57-b76a-c4ba5e886594,78659,success,Successfully synced to BaseLinker,"{""_seconds"":1765754395,""_nanoseconds"":180000000}"
ap8ybErLxnzxNklFxyMr,SKU-3047799035,78659,success,Successfully synced to BaseLinker,"{""_seconds"":1766338487,""_nanoseconds"":130000000}"
aqx1vNuGHAOsKfvlv0bG,9783789141256,85403,failed,"ERROR_BLOCKED_TOKEN: Query limit exceeded, token blocked until 2025-12-11 23:56:37","{""_seconds"":1765492320,""_nanoseconds"":393000000}"
arHna3b5Jtg77x7M4y1p,walser-30973,78659,success,Successfully synced to BaseLinker,"{""_seconds"":1765454972,""_nanoseconds"":415000000}"
asD3cvO5igLxWJPDu1bT,generic-lock-kunststoffkoffer,78659,success,Successfully synced to BaseLinker,"{""_seconds"":1765358599,""_nanoseconds"":679000000}"
ayfoqwddgaixOsdhY9ub,SKU-0974179694,78659,success,Successfully synced to BaseLinker,"{""_seconds"":1766157894,""_nanoseconds"":594000000}"
b00EHJ2YA4rYeyLsq8zr,038473870772,78659,success,Successfully synced to BaseLinker,"{""_seconds"":1765746242,""_nanoseconds"":138000000}"
b0iiB2BTgMIrca2K2p95,4059505053796,78659,success,Successfully synced to BaseLinker,"{""_seconds"":1765755494,""_nanoseconds"":806000000}"
b2RuFavc9VFoO2CJRbp0,9783965940628,85403,failed,"ERROR_BLOCKED_TOKEN: Query limit exceeded, token blocked until 2025-12-11 23:56:37","{""_seconds"":1765492345,""_nanoseconds"":280000000}"
b3qbHz7I3laf9Vi17IQz,4051814369841,85403,failed,"ENOENT: no such file or directory, open '/app/ebay/DE_New_Structure_(May2023).csv'","{""_seconds"":1765491919,""_nanoseconds"":494000000}"
b45f0giDxMhDgVkpBXAj,SKU-0974179694,78659,success,Successfully synced to BaseLinker,"{""_seconds"":1766337565,""_nanoseconds"":272000000}"
b5kjIjSIgvtGswf5uKUx,8806090396038,85404,failed,Kategorie konnte für Inventory 85404 nicht ermittelt werden (Produkt 8806090396038),"{""_seconds"":1765641399,""_nanoseconds"":678000000}"
bAE1PnlswDUU4u5L7bV7,3666354875564,85403,failed,"ENOENT: no such file or directory, open '/app/ebay/DE_New_Structure_(May2023).csv'","{""_seconds"":1765491931,""_nanoseconds"":222000000}"
bD0Iwd5m9DtXUXvPdyxD,4017537302565,78659,success,Successfully synced to BaseLinker,"{""_seconds"":1765747779,""_nanoseconds"":51000000}"
bE2oj2ne9dpOySXXf2Lw,SKU-3818412905,78659,success,Successfully synced to BaseLinker,"{""_seconds"":1766603696,""_nanoseconds"":285000000}"
bEdObrQOW4n3s7VsSQpz,02591620,85403,failed,"ERROR_BLOCKED_TOKEN: Query limit exceeded, token blocked until 2025-12-11 23:56:37","{""_seconds"":1765492469,""_nanoseconds"":361000000}"
bGPE5c0B1dEquAjzhxc9,f7213c35-e77b-4d51-8684-776eceb8a002,84529,failed,"ERROR_BLOCKED_TOKEN: Query limit exceeded, token blocked until 2025-12-10 10:48:39","{""_seconds"":1765359552,""_nanoseconds"":740000000}"
bHcNZcjFbI8ZwlYTuHHm,4057993570030,78659,failed,"ERROR_BLOCKED_TOKEN: Query limit exceeded, token blocked until 2025-12-11 13:20:09","{""_seconds"":1765455258,""_nanoseconds"":897000000}"
bIOVoMKo5bfam2NByDhq,SKU-4541378818,78659,failed,BaseLinker request failed after retries,"{""_seconds"":1766088659,""_nanoseconds"":841000000}"
bImenj9aEis43UbOs48d,alpinefun-holzschlitten,78659,failed,"ERROR_BLOCKED_TOKEN: Query limit exceeded, token blocked until 2025-12-11 02:02:15","{""_seconds"":1765414369,""_nanoseconds"":231000000}"
bKhPpoHx4Whustamilbu,SKU-3783198734,78659,failed,BaseLinker request failed after retries,"{""_seconds"":1766084730,""_nanoseconds"":215000000}"
bLjhWPZldP0qnBc4IrSw,9783036957814,85403,failed,"ERROR_BLOCKED_TOKEN: Query limit exceeded, token blocked until 2025-12-11 23:56:37","{""_seconds"":1765492436,""_nanoseconds"":353000000}"
bMOa7oSHZcpxkoCPH6FQ,8719076052258,78659,failed,BaseLinker request failed after retries,"{""_seconds"":1766340300,""_nanoseconds"":870000000}"
bPGw8Hwf4tAUZGLJinWU,SKU-2804135383,78659,success,Successfully synced to BaseLinker,"{""_seconds"":1766338733,""_nanoseconds"":88000000}"
bQqnUs8f4ghTQBV2NF95,4067983276613,78659,success,Successfully synced to BaseLinker,"{""_seconds"":1765755101,""_nanoseconds"":736000000}"
bbvGdgqx0A55eS2l85h1,4019336589644,84529,success,Successfully synced to BaseLinker,"{""_seconds"":1765454996,""_nanoseconds"":708000000}"
bdmyTJUkw2IPMzUFTFUl,038473870772,,failed,Inventory ID fehlt,"{""_seconds"":1765455017,""_nanoseconds"":792000000}"
bjMd2GdVScF8bimJfQf6,f5b8eda0-9388-4c2b-91b7-dd605a0e511e,78659,success,Successfully synced to BaseLinker,"{""_seconds"":1765759303,""_nanoseconds"":162000000}"
bjXqEHu4MpcbjGlknnmM,09158136-7837-4a23-90d6-1543b48ce027,85403,success,Successfully synced to BaseLinker,"{""_seconds"":1765724154,""_nanoseconds"":996000000}"
bkCsGTo2pDJM02oKeZDe,4013556592796,78659,success,Successfully synced to BaseLinker,"{""_seconds"":1766337125,""_nanoseconds"":566000000}"
bneAprbTSJKIN3wrgmnN,X00173R33T,85404,failed,"ERROR_BLOCKED_TOKEN: Query limit exceeded, token blocked until 2025-12-11 20:12:15","{""_seconds"":1765479835,""_nanoseconds"":596000000}"
boUW7Qy2b2VL5oD0dWCF,22.30.241,85403,failed,"ERROR_BLOCKED_TOKEN: Query limit exceeded, token blocked until 2025-12-11 23:56:37","{""_seconds"":1765492518,""_nanoseconds"":978000000}"
bod98ytquoMtYdJdCsLp,9783982023113,78659,success,Successfully synced to BaseLinker,"{""_seconds"":1765752756,""_nanoseconds"":957000000}"
bsgmzMfPMQEGeJU4pj0y,4001969182901,78659,success,Successfully synced to BaseLinker,"{""_seconds"":1765754621,""_nanoseconds"":305000000}"
btU8RnqpoRz0junbzauh,X001M7MEXJ,78659,success,Successfully synced to BaseLinker,"{""_seconds"":1765759567,""_nanoseconds"":986000000}"
bwG7EsZv0CHVD0AKMoSZ,SKU-7245071607,78659,success,Successfully synced to BaseLinker,"{""_seconds"":1766339041,""_nanoseconds"":489000000}"
bx5JyrdF3DHp1WnT0OaF,4057993570030,78659,success,Successfully synced to BaseLinker,"{""_seconds"":1765044831,""_nanoseconds"":752000000}"
bzWADFLWaDmLQs3Yeih9,4007123624386,78659,success,Successfully synced to BaseLinker,"{""_seconds"":1765044828,""_nanoseconds"":524000000}"
c0r5taCAlBLk2eHg2kb5,9783417288889,85404,failed,"ERROR_BLOCKED_TOKEN: Query limit exceeded, token blocked until 2025-12-11 23:56:37","{""_seconds"":1765492261,""_nanoseconds"":325000000}"
c1SjWLgbAsZaFXBVxvtN,85010130,85404,failed,"ENOENT: no such file or directory, open '/app/kaufland/category_tree_int_all_languages - 📕 category_tree_all_languages.csv'","{""_seconds"":1765478318,""_nanoseconds"":815000000}"
c2cmdePGpuISDF1tpV2z,315ecb79-6893-4245-8804-265ddd68e97f,85403,success,Successfully synced to BaseLinker,"{""_seconds"":1765732820,""_nanoseconds"":192000000}"
c5bzRSsDi5uC3gMe7DOZ,4099983384487,85404,failed,"ERROR_BLOCKED_TOKEN: Query limit exceeded, token blocked until 2025-12-11 23:56:37","{""_seconds"":1765493186,""_nanoseconds"":642000000}"
c6CoI5ENwqPZmlrFPogm,unknown-931,78659,failed,"ERROR_BLOCKED_TOKEN: Query limit exceeded, token blocked until 2025-12-11 02:02:15","{""_seconds"":1765414427,""_nanoseconds"":375000000}"
c6RdB0rvCHUzpWwXhNsR,9014400105389,84529,success,Successfully synced to BaseLinker,"{""_seconds"":1765050885,""_nanoseconds"":955000000}"
c78HByGmSQz0zOLsh4F2,FUVSHU-BT-Y02,78659,failed,"ERROR_BLOCKED_TOKEN: Query limit exceeded, token blocked until 2025-12-11 02:02:15","{""_seconds"":1765414529,""_nanoseconds"":73000000}"
c90IdKsJq8qSd6KNXIQt,4523e3f3-ba12-4d17-a2af-26af72a8a36e,84529,success,Successfully synced to BaseLinker,"{""_seconds"":1765358679,""_nanoseconds"":400000000}"
cBr0fDydBtCmGCGZ1DX5,4733dbc5-7297-4287-92b0-051f706467d9,78659,success,Successfully synced to BaseLinker,"{""_seconds"":1765755476,""_nanoseconds"":575000000}"
cC8Ly3Io1vWKouPijC4l,4710069708958,78659,failed,"ERROR_BLOCKED_TOKEN: Query limit exceeded, token blocked until 2025-12-11 13:20:09","{""_seconds"":1765455266,""_nanoseconds"":933000000}"
cFkQhgYJdEGCqY4CPqTy,a99a4149-8b94-4560-91be-df6545d1a5ef,84529,failed,"ERROR_BLOCKED_TOKEN: Query limit exceeded, token blocked until 2025-12-11 02:02:15","{""_seconds"":1765414452,""_nanoseconds"":700000000}"
cJ2TLggJSz4iR5xMhKNu,SKU-4949389854,78659,failed,BaseLinker request failed after retries,"{""_seconds"":1766087711,""_nanoseconds"":864000000}"
cKc5hVvOwVuY9rbsnesE,4066755796946,78659,success,Successfully synced to BaseLinker,"{""_seconds"":1765754777,""_nanoseconds"":908000000}"
cLaYLfR3aXvPPfzNR0Do,8720637479520,78659,success,Successfully synced to BaseLinker,"{""_seconds"":1765757335,""_nanoseconds"":528000000}"
cNxlKEbpr49c1ox8JiSe,9783845118116,78659,success,Successfully synced to BaseLinker,"{""_seconds"":1765752542,""_nanoseconds"":758000000}"
cPs1AfkuKxqjb7FsyEe1,4069092282370,78659,failed,BaseLinker request failed after retries,"{""_seconds"":1766340300,""_nanoseconds"":742000000}"
cQpU7c5VasAKeFRsZ8T2,010095498867,85403,failed,ERROR_CATEGORY_ID: Invalid category identifier provided (the category does not exist).,"{""_seconds"":1765594915,""_nanoseconds"":485000000}"
cS8McrfXQY6yETi6YI6h,4066755796946,85403,success,Successfully synced to BaseLinker,"{""_seconds"":1765734104,""_nanoseconds"":524000000}"
cUl6LLvquoISd3hWzv3W,SKU-1825816304,78659,success,Successfully synced to BaseLinker,"{""_seconds"":1766338766,""_nanoseconds"":206000000}"
cV3VRxAMFug1ZLSsLHPj,4023103244009,78659,failed,BaseLinker request failed after retries,"{""_seconds"":1766339695,""_nanoseconds"":329000000}"
cVXNdclsehpJHnVLSV4x,generic-lock-kunststoffkoffer,85403,failed,"ERROR_BLOCKED_TOKEN: Query limit exceeded, token blocked until 2025-12-11 23:56:37","{""_seconds"":1765492179,""_nanoseconds"":990000000}"
cWyFOUO3SkVRuRwpd7ba,9014400281687,84529,success,Successfully synced to BaseLinker,"{""_seconds"":1765050755,""_nanoseconds"":172000000}"
cZ3p7ELb8M7zhfZuPXVU,0197642799963,78659,success,Successfully synced to BaseLinker,"{""_seconds"":1765754617,""_nanoseconds"":8000000}"
cebTtx4JQu4tCs5uw5If,8718309101547,78659,success,Successfully synced to BaseLinker,"{""_seconds"":1765751419,""_nanoseconds"":802000000}"
cewSd7qQ5zssJk9MCznL,09158136-7837-4a23-90d6-1543b48ce027,85403,success,Successfully synced to BaseLinker,"{""_seconds"":1765732693,""_nanoseconds"":224000000}"
cgPbw4vzk44izRpYG8b2,4099983384487,85403,failed,ERROR_CATEGORY_ID: Invalid category identifier provided (the category does not exist).,"{""_seconds"":1765586463,""_nanoseconds"":538000000}"
cgopL6eH2ObHwtpDtnLY,1400a930-65f8-4363-8402-af31839e4d42,84529,failed,"ERROR_BLOCKED_TOKEN: Query limit exceeded, token blocked until 2025-12-10 10:48:39","{""_seconds"":1765359785,""_nanoseconds"":991000000}"
chDUMKuIfDCJTqwzP8py,A11-LEQISMART,85404,failed,"ERROR_BLOCKED_TOKEN: Query limit exceeded, token blocked until 2025-12-11 23:56:37","{""_seconds"":1765492013,""_nanoseconds"":884000000}"
chtddoSaKGgdu9Q8x1yU,4250056064101,85403,success,Successfully synced to BaseLinker,"{""_seconds"":1765716636,""_nanoseconds"":676000000}"
ckfTnR5CbSKjB3zRy7G6,4251307280879,84529,failed,"ERROR_BLOCKED_TOKEN: Query limit exceeded, token blocked until 2025-12-11 02:02:15","{""_seconds"":1765414344,""_nanoseconds"":322000000}"
cmRBePVvim9UXgMuoUMA,8056381903395,84529,success,Successfully synced to BaseLinker,"{""_seconds"":1765045603,""_nanoseconds"":252000000}"
cnCGifojdyqNibH9gOXG,1626175215014,85403,failed,"ERROR_BLOCKED_TOKEN: Query limit exceeded, token blocked until 2025-12-11 23:56:37","{""_seconds"":1765492353,""_nanoseconds"":721000000}"
cnm1NfzcAEMd0Y86ACJA,4052212121253,85404,failed,"ENOENT: no such file or directory, open '/app/kaufland/category_tree_all_languages.csv'","{""_seconds"":1765489450,""_nanoseconds"":324000000}"
csg8nRxnr4ZCTPV9dufK,SKU-8236064906,78659,failed,BaseLinker request failed after retries,"{""_seconds"":1766086139,""_nanoseconds"":314000000}"
cwBiCs7VpCqNEkUI7Dqh,4099983384487,85403,failed,ERROR_CATEGORY_ID: Invalid category identifier provided (the category does not exist).,"{""_seconds"":1765583741,""_nanoseconds"":35000000}"
czrKHwFnk6Kj8Gnn937P,3cab2925-3136-4d57-b76a-c4ba5e886594,85404,failed,"ERROR_BLOCKED_TOKEN: Query limit exceeded, token blocked until 2025-12-11 23:56:37","{""_seconds"":1765492476,""_nanoseconds"":49000000}"
d3a0mhk2jsHY4Y0cgH6R,4071003351342,85403,success,Successfully synced to BaseLinker,"{""_seconds"":1765734227,""_nanoseconds"":121000000}"
d5jngr1Bcik9Z4396FmT,9783956193242,78659,success,Successfully synced to BaseLinker,"{""_seconds"":1765759126,""_nanoseconds"":609000000}"
d7kD9pP3Xd5hm8DucfSj,1626175215014,78659,success,Successfully synced to BaseLinker,"{""_seconds"":1765746452,""_nanoseconds"":787000000}"
d8WDcZ3Nff1Hzc5kDxEV,6941123909198,85403,failed,"ERROR_BLOCKED_TOKEN: Query limit exceeded, token blocked until 2025-12-11 23:56:37","{""_seconds"":1765492361,""_nanoseconds"":161000000}"
dBYkkiGd8E4qxcu14n0r,0000184164619,85403,failed,"ENOENT: no such file or directory, open '/app/ebay/DE_New_Structure_(May2023).csv'","{""_seconds"":1765491976,""_nanoseconds"":63000000}"
dGhZo10gavK9kfAn0LzI,SKU-8843412443,78659,failed,BaseLinker request failed after retries,"{""_seconds"":1766087098,""_nanoseconds"":883000000}"
dHlvy0TpZQuCab72PR1D,9783956193242,85404,failed,"ERROR_BLOCKED_TOKEN: Query limit exceeded, token blocked until 2025-12-11 23:56:37","{""_seconds"":1765492327,""_nanoseconds"":113000000}"
dKTNasvCSbDkqCirp04a,4251897512916,85403,success,Successfully synced to BaseLinker,"{""_seconds"":1765722352,""_nanoseconds"":436000000}"
dLBWLi92mXLnNAwYtUm3,SKU-3783198734,78659,success,Successfully synced to BaseLinker,"{""_seconds"":1766086557,""_nanoseconds"":757000000}"
dLIXYRSuYhH01nEyyalk,8718309101547,84529,failed,"ERROR_BLOCKED_TOKEN: Query limit exceeded, token blocked until 2025-12-10 10:34:55","{""_seconds"":1765358812,""_nanoseconds"":334000000}"
dSiOnAy2gsrri1eIPGYv,brandson-wdp-301480,85403,failed,"ERROR_BLOCKED_TOKEN: Query limit exceeded, token blocked until 2025-12-11 23:56:37","{""_seconds"":1765492485,""_nanoseconds"":997000000}"
dVLGyZnzZNcgzjRaFmU9,65.56.544,84529,success,Successfully synced to BaseLinker,"{""_seconds"":1765358635,""_nanoseconds"":614000000}"
dXhP3EBsLnOaRW50LxHz,YY-4RPW-M2TR,84529,success,Successfully synced to BaseLinker,"{""_seconds"":1765441873,""_nanoseconds"":138000000}"
dZtsc0tx8jjUko9sN2QI,9783417288889,84529,failed,"ERROR_BLOCKED_TOKEN: Query limit exceeded, token blocked until 2025-12-11 13:20:09","{""_seconds"":1765455092,""_nanoseconds"":474000000}"
daJm2C91heLepVpra3Dl,9014400105341,84529,success,Successfully synced to BaseLinker,"{""_seconds"":1765050751,""_nanoseconds"":567000000}"
dhDUAgi8Dmet1vMe63ja,6941123909198,,failed,Inventory ID fehlt,"{""_seconds"":1765455042,""_nanoseconds"":631000000}"
dih3Ujf7rn1uzkxLXds7,4710069708958,85403,success,Successfully synced to BaseLinker,"{""_seconds"":1765722679,""_nanoseconds"":288000000}"
dqIOdcmDFpVg2kBtQiAN,4260012351552,78659,success,Successfully synced to BaseLinker,"{""_seconds"":1765044832,""_nanoseconds"":147000000}"
drEeib8xDX1O6dOjqLE2,4057993570030,85403,success,Successfully synced to BaseLinker,"{""_seconds"":1765715737,""_nanoseconds"":958000000}"
dwVzZf23fEPEg21vhkB0,SKU-1961998362,78659,success,Successfully synced to BaseLinker,"{""_seconds"":1766338330,""_nanoseconds"":509000000}"
dxLxaKeHqEGIdoj0kbew,56cdbf05-ce59-43c9-be15-6cc63c6dae93,78659,success,Successfully synced to BaseLinker,"{""_seconds"":1766335422,""_nanoseconds"":88000000}"
e0hcnbWpZpTxOGOsYscF,56cdbf05-ce59-43c9-be15-6cc63c6dae93,78659,success,Successfully synced to BaseLinker,"{""_seconds"":1766337187,""_nanoseconds"":963000000}"
e6utAce3rFqes1PeIufR,85010130,78659,success,Successfully synced to BaseLinker,"{""_seconds"":1765755627,""_nanoseconds"":127000000}"
e8YbiHIRtEAIvKMoyf3A,8720637479520,84529,failed,"ERROR_BLOCKED_TOKEN: Query limit exceeded, token blocked until 2025-12-11 02:02:15","{""_seconds"":1765414545,""_nanoseconds"":919000000}"
eBLwIVpn0YItC3yJJcqp,SKU-1782951292,78659,success,Successfully synced to BaseLinker,"{""_seconds"":1766082149,""_nanoseconds"":446000000}"
eFtyTeEcpQNEk5Zs0cCO,2d04e11c-2c30-40e4-958d-b0ec03de0da5,85404,failed,"ERROR_BLOCKED_TOKEN: Query limit exceeded, token blocked until 2025-12-11 23:56:37","{""_seconds"":1765492310,""_nanoseconds"":777000000}"
eG2Mq6gKQc5kiZqPHRzf,SKU-5842899450,78659,success,Successfully synced to BaseLinker,"{""_seconds"":1766090677,""_nanoseconds"":649000000}"
eNJKoZ5zUMP2rg43YTwK,SKU-7209250640,78659,failed,BaseLinker request failed after retries,"{""_seconds"":1766342130,""_nanoseconds"":444000000}"
eRf98pZcPPMZzuUNFmQK,6431619024,85403,failed,"ERROR_BLOCKED_TOKEN: Query limit exceeded, token blocked until 2025-12-11 23:56:37","{""_seconds"":1765492163,""_nanoseconds"":75000000}"
eXbmuc3PBIS33p1FnkHi,1626175215014,84529,success,Successfully synced to BaseLinker,"{""_seconds"":1765358633,""_nanoseconds"":787000000}"
ea7h3Jzwx7S3aEz3z4iu,SKU-3210037840,78659,failed,BaseLinker request failed after retries,"{""_seconds"":1766085031,""_nanoseconds"":68000000}"
efJIXI0Evip7bCpuC2Mt,7290116742380,78659,failed,BaseLinker request failed after retries,"{""_seconds"":1766341692,""_nanoseconds"":815000000}"
eg0TG0nnMnE8rj3AW3gO,SKU-3210037840,78659,failed,BaseLinker request failed after retries,"{""_seconds"":1766083701,""_nanoseconds"":369000000}"
ekQCqgXD7kPfVZvWRcWX,8719076052258,78659,success,Successfully synced to BaseLinker,"{""_seconds"":1766346339,""_nanoseconds"":263000000}"
enJyHgVITdc1cPLi9zSH,4067983746314,84529,failed,"ERROR_BLOCKED_TOKEN: Query limit exceeded, token blocked until 2025-12-10 10:48:39","{""_seconds"":1765359636,""_nanoseconds"":190000000}"
enzCoEptLMDs9TrbBrf5,4059505053796,78659,success,Successfully synced to BaseLinker,"{""_seconds"":1765748573,""_nanoseconds"":281000000}"
eqGvkaeueMH59D2kSkmk,4064232428991,85403,success,Successfully synced to BaseLinker,"{""_seconds"":1765716148,""_nanoseconds"":773000000}"
eqyhiDOmjFb64WVguMpG,0000184164619,84529,failed,"ERROR_BLOCKED_TOKEN: Query limit exceeded, token blocked until 2025-12-11 02:02:15","{""_seconds"":1765414687,""_nanoseconds"":413000000}"
es4zMTJSzpYxY7izvfZD,SKU-1066852367,78659,success,Successfully synced to BaseLinker,"{""_seconds"":1765970780,""_nanoseconds"":701000000}"
exX5y91Oyz6t3ywhngI0,315ecb79-6893-4245-8804-265ddd68e97f,85404,failed,"ERROR_BLOCKED_TOKEN: Query limit exceeded, token blocked until 2025-12-11 20:12:15","{""_seconds"":1765479918,""_nanoseconds"":464000000}"
f1ouhDrQhKVQ9byTS3Wb,4064232428991,78659,success,Successfully synced to BaseLinker,"{""_seconds"":1765755096,""_nanoseconds"":828000000}"
f5jdIVvdD1uXqLK9vmjO,SKU-9564743151,78659,success,Successfully synced to BaseLinker,"{""_seconds"":1766339112,""_nanoseconds"":310000000}"
fBtmGgPErtDmqhCJmlsA,SKU-0974179694,78659,success,Successfully synced to BaseLinker,"{""_seconds"":1766155954,""_nanoseconds"":453000000}"
fF6lmWSe2QDrgeaX8yBu,010095498867,85404,failed,ERROR_CATEGORY_ID: Invalid category identifier provided (the category does not exist).,"{""_seconds"":1765595883,""_nanoseconds"":891000000}"
fFQP2GCMW6vFVINRvIC3,4006387029807,78659,success,Successfully synced to BaseLinker,"{""_seconds"":1766339212,""_nanoseconds"":313000000}"
fIgISIKqaTcKwDFmudk2,6972200196132,85403,success,Successfully synced to BaseLinker,"{""_seconds"":1765738371,""_nanoseconds"":567000000}"
fIiqG2CqaYknZR6RT5cy,SKU-0236764953,78659,success,Successfully synced to BaseLinker,"{""_seconds"":1766337502,""_nanoseconds"":564000000}"
fL79RQX7hAJVzWKEXMmL,010095498867,78659,success,Successfully synced to BaseLinker,"{""_seconds"":1765755492,""_nanoseconds"":197000000}"
fNyz09OR72vBu265RV5Y,1400a930-65f8-4363-8402-af31839e4d42,85404,failed,"ERROR_BLOCKED_TOKEN: Query limit exceeded, token blocked until 2025-12-11 19:50:25","{""_seconds"":1765478608,""_nanoseconds"":249000000}"
fSreCA99Wqp3czD0z3nP,4059505053796,84529,success,Successfully synced to BaseLinker,"{""_seconds"":1765045588,""_nanoseconds"":7000000}"
fVm8fBqYl3k2YCtNqeHk,4030913982243,78659,success,Successfully synced to BaseLinker,"{""_seconds"":1765754783,""_nanoseconds"":728000000}"
fdzdXZZci0jHpBiBJQqQ,paudin-santoku-n5-img-1,85404,failed,"ENOENT: no such file or directory, open '/app/kaufland/category_tree_int_all_languages - 📕 category_tree_all_languages.csv'","{""_seconds"":1765479671,""_nanoseconds"":694000000}"
ffnq6qAiqSJM9gH79h1l,SKU-3210037840,78659,success,Successfully synced to BaseLinker,"{""_seconds"":1766338849,""_nanoseconds"":946000000}"
fgg1A8TkRqrO3HjNi1T0,SKU-5392843955,78659,success,Successfully synced to BaseLinker,"{""_seconds"":1766338548,""_nanoseconds"":573000000}"
fglKANc66uBOA6VQMuQF,4251307280879,84529,failed,"ERROR_BLOCKED_TOKEN: Query limit exceeded, token blocked until 2025-12-11 13:20:09","{""_seconds"":1765455166,""_nanoseconds"":952000000}"
fgx2CURK7ZrlpGMJLdZF,OM0028-502-L,78659,success,Successfully synced to BaseLinker,"{""_seconds"":1765753069,""_nanoseconds"":447000000}"
fhQpG0ST2MCIJMqqoHWI,SKU-1612836881,78659,success,Successfully synced to BaseLinker,"{""_seconds"":1766160746,""_nanoseconds"":552000000}"
fjTibnY5QUMyrbZdFbPh,4019336589644,84529,success,Successfully synced to BaseLinker,"{""_seconds"":1765358635,""_nanoseconds"":987000000}"
fkQFiEEU8y9w1gBtBD57,197634001401,84529,failed,"ERROR_BLOCKED_TOKEN: Query limit exceeded, token blocked until 2025-12-11 13:20:09","{""_seconds"":1765455100,""_nanoseconds"":821000000}"
flnkR9IR9xVpgBDbwoY1,brandson-windmaschine-30cm-unknown-ean,78659,failed,"ERROR_BLOCKED_TOKEN: Query limit exceeded, token blocked until 2025-12-11 02:02:15","{""_seconds"":1765414537,""_nanoseconds"":530000000}"
ftZByZilOfhHqgYd9FMl,4099983384487,85404,failed,"ERROR_BLOCKED_TOKEN: Query limit exceeded, token blocked until 2025-12-11 23:56:37","{""_seconds"":1765492088,""_nanoseconds"":267000000}"
fx4wI5lzZfmegTd2lkqL,SKU-4846525236,78659,failed,BaseLinker request failed after retries,"{""_seconds"":1766087399,""_nanoseconds"":431000000}"
fyW6X3r3i1pUXdjDfOJ1,4710069708088,85404,failed,"ERROR_BLOCKED_TOKEN: Query limit exceeded, token blocked until 2025-12-11 19:50:25","{""_seconds"":1765478625,""_nanoseconds"":128000000}"
fyjx1LsOtVjijv6dYmGy,4000530685841,78659,success,Successfully synced to BaseLinker,"{""_seconds"":1765917076,""_nanoseconds"":141000000}"
fz4wZGfQMlGPxADvZfpW,4523e3f3-ba12-4d17-a2af-26af72a8a36e,84529,failed,"ERROR_BLOCKED_TOKEN: Query limit exceeded, token blocked until 2025-12-11 02:02:15","{""_seconds"":1765414620,""_nanoseconds"":671000000}"
fzaifX3KpyIMSvTIy4Po,4030913982243,84529,success,Successfully synced to BaseLinker,"{""_seconds"":1765045582,""_nanoseconds"":166000000}"
g21lKu7nviB6Y93AnYxU,2074133001002,78659,success,Successfully synced to BaseLinker,"{""_seconds"":1766339327,""_nanoseconds"":315000000}"
g2ofm2exusVYsZyjG09z,315ecb79-6893-4245-8804-265ddd68e97f,84529,failed,"ERROR_BLOCKED_TOKEN: Query limit exceeded, token blocked until 2025-12-10 10:48:39","{""_seconds"":1765359736,""_nanoseconds"":88000000}"
g83FkdcoDbQ0OrfILOHF,CALI13A,85403,failed,"ERROR_BLOCKED_TOKEN: Query limit exceeded, token blocked until 2025-12-11 23:56:37","{""_seconds"":1765492005,""_nanoseconds"":326000000}"
g8sCclm5X3lqJhbgFSs0,SKU-4820097368,78659,success,Successfully synced to BaseLinker,"{""_seconds"":1765964985,""_nanoseconds"":57000000}"
gCy0WVCn2BFOMZkXdI3J,4047059413104,78659,success,Successfully synced to BaseLinker,"{""_seconds"":1766346015,""_nanoseconds"":753000000}"
gHg6gZ37uWtGHV1uA62e,22.30.241,85403,failed,"ERROR_BLOCKED_TOKEN: Query limit exceeded, token blocked until 2025-12-11 23:56:37","{""_seconds"":1765492518,""_nanoseconds"":397000000}"
gLA2xJK0iO3RFd95mygL,4260613494504,78659,failed,"ERROR_BLOCKED_TOKEN: Query limit exceeded, token blocked until 2025-12-11 13:20:09","{""_seconds"":1765455226,""_nanoseconds"":24000000}"
gQ6CrQYVexLzUu6LmCxX,1400a930-65f8-4363-8402-af31839e4d42,78659,success,Successfully synced to BaseLinker,"{""_seconds"":1765753799,""_nanoseconds"":664000000}"
gR9v4TnVmwsfgzhjk7ra,SKU-9968230318,78659,success,Successfully synced to BaseLinker,"{""_seconds"":1766346580,""_nanoseconds"":651000000}"
gXZ4BZy3ItA5Vte1L9wt,0197967813450,85403,failed,"ERROR_BLOCKED_TOKEN: Query limit exceeded, token blocked until 2025-12-11 23:56:37","{""_seconds"":1765492154,""_nanoseconds"":869000000}"
gXsmweymU4WUeiKEW1Qs,5059862390069,78659,success,Successfully synced to BaseLinker,"{""_seconds"":1765750401,""_nanoseconds"":645000000}"
gdTx9aIijFeFiW2cpjfn,4733dbc5-7297-4287-92b0-051f706467d9,85403,failed,"ENOENT: no such file or directory, open '/app/ebay/DE_New_Structure_(May2023).csv'","{""_seconds"":1765491954,""_nanoseconds"":382000000}"
ghRoNeofxbE8qBw49kp3,724e63e8-7ef6-4c6e-88f6-579cf80a1e61,78659,success,Successfully synced to BaseLinker,"{""_seconds"":1765755602,""_nanoseconds"":47000000}"
gizbt9GgGPmdEBBx0JZF,4067983746314,84529,failed,"ERROR_BLOCKED_TOKEN: Query limit exceeded, token blocked until 2025-12-10 22:21:56","{""_seconds"":1765401282,""_nanoseconds"":232000000}"
gkZwn3O3dcdbgmbpzTiw,4013556577076,78659,success,Successfully synced to BaseLinker,"{""_seconds"":1766258825,""_nanoseconds"":826000000}"
glG3JBi3oYuMLca1IfGC,9783789141256,85403,failed,"ERROR_BLOCKED_TOKEN: Query limit exceeded, token blocked until 2025-12-11 23:56:37","{""_seconds"":1765492320,""_nanoseconds"":556000000}"
gnM0wq4LZMhkWt4zRZ1U,4001969182901,85404,failed,Kategorie konnte für Inventory 85404 nicht ermittelt werden (Produkt 4001969182901),"{""_seconds"":1765503554,""_nanoseconds"":716000000}"
grNg5k3iE0CJpVrGE5la,4019336589644,85403,failed,"ERROR_BLOCKED_TOKEN: Query limit exceeded, token blocked until 2025-12-11 23:56:37","{""_seconds"":1765492104,""_nanoseconds"":801000000}"
gxSSB402mT4pr0SMRDaU,6972200196132,85404,failed,"ERROR_BLOCKED_TOKEN: Query limit exceeded, token blocked until 2025-12-11 23:56:37","{""_seconds"":1765492162,""_nanoseconds"":798000000}"
gxsglIDgSjGqvK6EHKhC,6954850111741,78659,success,Successfully synced to BaseLinker,"{""_seconds"":1766353740,""_nanoseconds"":45000000}"
h6D5CCPLPdBXqtKcj5Ce,726121ea-fdad-41e5-859d-0e9e1b9c50b1,78659,success,Successfully synced to BaseLinker,"{""_seconds"":1765751153,""_nanoseconds"":786000000}"
h8pHI8MO8Dgw9XSIUGTR,85010130,78659,success,Successfully synced to BaseLinker,"{""_seconds"":1765751312,""_nanoseconds"":743000000}"
hD2GQyxD03IwaE9fuhaB,02591620,84529,failed,"ERROR_BLOCKED_TOKEN: Query limit exceeded, token blocked until 2025-12-11 02:02:15","{""_seconds"":1765414679,""_nanoseconds"":38000000}"
hHcowrBRCBEwjF2cfDOQ,8f973329-18be-4898-aef7-5359c6b0c136,85403,failed,"ERROR_BLOCKED_TOKEN: Query limit exceeded, token blocked until 2025-12-11 23:56:37","{""_seconds"":1765492171,""_nanoseconds"":667000000}"
hJ8tCoLNV9HiJYPDcqCt,4262168680118,78659,success,Successfully synced to BaseLinker,"{""_seconds"":1765755041,""_nanoseconds"":776000000}"
hJdVtHhqvwtEXpuKqBwP,SKU-5814356347,78659,success,Successfully synced to BaseLinker,"{""_seconds"":1766090399,""_nanoseconds"":91000000}"
hPCYVFBHypAS0SShKRTU,56cdbf05-ce59-43c9-be15-6cc63c6dae93,78659,success,Successfully synced to BaseLinker,"{""_seconds"":1766228382,""_nanoseconds"":511000000}"
hS9v8qdHiti0KvxXLu6l,SKU-5701110636,78659,success,Successfully synced to BaseLinker,"{""_seconds"":1766339056,""_nanoseconds"":432000000}"
haPTUCZmrE9kDYByk6LK,9014400001384,78659,success,Successfully synced to BaseLinker,"{""_seconds"":1765751575,""_nanoseconds"":982000000}"
hatX7DVZs4wXgFyuEd1n,038473870772,85403,failed,"ERROR_BLOCKED_TOKEN: Query limit exceeded, token blocked until 2025-12-11 23:56:37","{""_seconds"":1765492287,""_nanoseconds"":242000000}"
hdzc4Ybhgr5mH5MPTE0j,18c83b9d-eb7b-478b-a5de-388c2f9aa63c,85403,success,Successfully synced to BaseLinker,"{""_seconds"":1765732777,""_nanoseconds"":363000000}"
hheb0hSSw3cUYtbcxhej,4067904005667,78659,success,Successfully synced to BaseLinker,"{""_seconds"":1765754779,""_nanoseconds"":882000000}"
hjgREUXG7CqrxuQ0KBRh,SKU-4304000683,78659,success,Successfully synced to BaseLinker,"{""_seconds"":1766338132,""_nanoseconds"":782000000}"
hjpK9rUDTsnHORYmlLfi,6922738000364,78659,success,Successfully synced to BaseLinker,"{""_seconds"":1766353911,""_nanoseconds"":977000000}"
hlMXU7vyFLWQMpbXi1Ss,eafe8bc3-619c-41b9-9de5-05fb116e96e2,84529,failed,"ERROR_BLOCKED_TOKEN: Query limit exceeded, token blocked until 2025-12-10 22:21:56","{""_seconds"":1765401207,""_nanoseconds"":665000000}"
hnTKmpWOHdLLeG7EbRx5,9002592485129,84529,failed,"ERROR_BLOCKED_TOKEN: Query limit exceeded, token blocked until 2025-12-11 02:02:15","{""_seconds"":1765414570,""_nanoseconds"":584000000}"
hr98On5VlkPFQWOYoV4D,SKU-1153910217,78659,success,Successfully synced to BaseLinker,"{""_seconds"":1766156058,""_nanoseconds"":196000000}"
huFkoZucTQuuPuMd5G4u,4067983746314,78659,success,Successfully synced to BaseLinker,"{""_seconds"":1765748982,""_nanoseconds"":543000000}"
hxYtdTv7dL9Sp4UPzFs6,SKU-4820097368,78659,success,Successfully synced to BaseLinker,"{""_seconds"":1765964440,""_nanoseconds"":282000000}"
hxmPci1Obu4njwWSE4Q3,5712929568831,85403,success,Successfully synced to BaseLinker,"{""_seconds"":1765738283,""_nanoseconds"":283000000}"
hyOKxe6bDbH2gAhltgIx,4067904005667,84529,failed,"ERROR_BLOCKED_TOKEN: Query limit exceeded, token blocked until 2025-12-11 02:02:15","{""_seconds"":1765414703,""_nanoseconds"":775000000}"
hz6WnNGu4lSGkXhYGmij,SKU-3368481451,78659,success,Successfully synced to BaseLinker,"{""_seconds"":1765938716,""_nanoseconds"":855000000}"
hzOmYL6xfV8GIvruqB0U,SKU-1181918814,78659,success,Successfully synced to BaseLinker,"{""_seconds"":1766081032,""_nanoseconds"":554000000}"
i1TdgME09OSbWS4Sv64q,195969554562,78659,success,Successfully synced to BaseLinker,"{""_seconds"":1765756938,""_nanoseconds"":911000000}"
i2kpFUwaabkrfRATMj1U,9002592485129,85404,failed,"ERROR_BLOCKED_TOKEN: Query limit exceeded, token blocked until 2025-12-11 23:56:37","{""_seconds"":1765492237,""_nanoseconds"":81000000}"
i4Zmaes1071MiJ7Ensfl,4067904336044,85404,failed,"ERROR_BLOCKED_TOKEN: Query limit exceeded, token blocked until 2025-12-11 19:50:25","{""_seconds"":1765478508,""_nanoseconds"":416000000}"
i7AKM1P61awJKwcHRQAu,SKU-0114729665,78659,success,Successfully synced to BaseLinker,"{""_seconds"":1765970704,""_nanoseconds"":886000000}"
i9SZ1rpxvyQruMsltFF1,8718309101547,78659,success,Successfully synced to BaseLinker,"{""_seconds"":1765751417,""_nanoseconds"":621000000}"
iAVwzxR6aky66YDNf8u1,4047059413104,78659,failed,BaseLinker request failed after retries,"{""_seconds"":1766339695,""_nanoseconds"":610000000}"
iAoL3jrJod17OkGdsSlC,4007114298916,85404,failed,"ERROR_BLOCKED_TOKEN: Query limit exceeded, token blocked until 2025-12-11 20:12:15","{""_seconds"":1765479784,""_nanoseconds"":515000000}"
iCPtcVYd9Z6YTGJiM7ep,1400a930-65f8-4363-8402-af31839e4d42,85403,success,Successfully synced to BaseLinker,"{""_seconds"":1765713736,""_nanoseconds"":185000000}"
iGxgre6ij5qIj92GdaXP,9002592485129,85404,failed,"ENOENT: no such file or directory, open '/app/kaufland/category_tree_int_all_languages - 📕 category_tree_all_languages.csv'","{""_seconds"":1765478330,""_nanoseconds"":656000000}"
iHqTnIeRfBr7IGbxPaYU,8718891015578,78659,success,Successfully synced to BaseLinker,"{""_seconds"":1765751470,""_nanoseconds"":183000000}"
iI17F2JKY568o387cGfL,9002592485129,78659,success,Successfully synced to BaseLinker,"{""_seconds"":1765751523,""_nanoseconds"":566000000}"
iJPFKxQGfXL5Usnqjdto,4051814369841,78659,success,Successfully synced to BaseLinker,"{""_seconds"":1765748132,""_nanoseconds"":555000000}"
iNRrJi5uSX2vD609pNkj,villa-grinario-spannbettuch-100x200-grau-kiesel,85403,failed,"ERROR_BLOCKED_TOKEN: Query limit exceeded, token blocked until 2025-12-11 23:56:37","{""_seconds"":1765492204,""_nanoseconds"":589000000}"
iNgrbHFgQFUV1TRxcnRV,4016417025303,78659,success,Successfully synced to BaseLinker,"{""_seconds"":1766339391,""_nanoseconds"":698000000}"
iU7gUmbFaKU47A9gsVCL,SKU-3622017850,78659,success,Successfully synced to BaseLinker,"{""_seconds"":1766083942,""_nanoseconds"":656000000}"
iV0DrPj5iFcSRfVMbE8k,SKU-3622017850,78659,failed,BaseLinker request failed after retries,"{""_seconds"":1766085659,""_nanoseconds"":216000000}"
iXTanX5QnXabQnTQJAv7,SKU-1181918814,78659,success,Successfully synced to BaseLinker,"{""_seconds"":1766335965,""_nanoseconds"":158000000}"
iYFAfJd3kQoA29gI34dh,beliani-side-table-28049-image-1,78659,success,Successfully synced to BaseLinker,"{""_seconds"":1765044834,""_nanoseconds"":511000000}"
icFZCf5btG89r0zI5j03,0197967813450,84529,failed,"ERROR_BLOCKED_TOKEN: Query limit exceeded, token blocked until 2025-12-10 10:48:39","{""_seconds"":1765359652,""_nanoseconds"":544000000}"
icVAUqqawcjXFiegZkKS,5712929568831,84529,success,Successfully synced to BaseLinker,"{""_seconds"":1765045601,""_nanoseconds"":607000000}"
igOtMKyxeQCwolVKC7Qg,08690885205328,78659,success,Successfully synced to BaseLinker,"{""_seconds"":1765754617,""_nanoseconds"":562000000}"
iirRhTVv7dFXP7cWtSoJ,4007114298916,78659,success,Successfully synced to BaseLinker,"{""_seconds"":1765747542,""_nanoseconds"":357000000}"
ij5W4Au8ObPxJfvYb4pM,02591620,84529,success,Successfully synced to BaseLinker,"{""_seconds"":1765045583,""_nanoseconds"":853000000}"
ijDWHZ3WziUHW2KJlpx6,nidec-445-0765157A,78659,success,Successfully synced to BaseLinker,"{""_seconds"":1765044819,""_nanoseconds"":48000000}"
ikYNKVzPbm35sg8lPCNX,A11-LEQISMART,85404,failed,Kategorie konnte für Inventory 85404 nicht ermittelt werden (Produkt A11-LEQISMART),"{""_seconds"":1765503491,""_nanoseconds"":555000000}"
iko6JlavNFKSsDm2EhmH,4071003351342,85403,success,Successfully synced to BaseLinker,"{""_seconds"":1765716412,""_nanoseconds"":370000000}"
ims7jIJlC0fGtIFdFLac,4550457733144,78659,success,Successfully synced to BaseLinker,"{""_seconds"":1765755093,""_nanoseconds"":636000000}"
inHyYcgIF99ZSjUHDtt4,SKU-3783198734,78659,success,Successfully synced to BaseLinker,"{""_seconds"":1766338847,""_nanoseconds"":340000000}"
ioqkGEMr8ODnqnn11Oki,197634001401,85403,success,Successfully synced to BaseLinker,"{""_seconds"":1765714040,""_nanoseconds"":276000000}"
ir4YNmVGvwdpr2bzIotr,0197642799963,85403,success,Successfully synced to BaseLinker,"{""_seconds"":1765713292,""_nanoseconds"":652000000}"
irWs6ti0Ikn5YZdouzgK,4002541666529,78659,success,Successfully synced to BaseLinker,"{""_seconds"":1765754533,""_nanoseconds"":276000000}"
it4vFL5BTYTEgkWyQM79,4052212121253,84529,failed,"ERROR_BLOCKED_TOKEN: Query limit exceeded, token blocked until 2025-12-11 13:20:09","{""_seconds"":1765455117,""_nanoseconds"":440000000}"
itAyOkLtApmpSr35FawK,4030913982243,78659,success,Successfully synced to BaseLinker,"{""_seconds"":1765755494,""_nanoseconds"":275000000}"
iu0vTclKW6HtMBH6fyVg,SKU-3047799035,78659,failed,BaseLinker request failed after retries,"{""_seconds"":1766083383,""_nanoseconds"":859000000}"
iyoDpBUieIAg1Q4QlnCq,9014400124540,78659,success,Successfully synced to BaseLinker,"{""_seconds"":1765759490,""_nanoseconds"":801000000}"
j04GWooAOgxnNwd6GbKJ,4250056064101,78659,success,Successfully synced to BaseLinker,"{""_seconds"":1765749274,""_nanoseconds"":747000000}"
j3JGSfyfCBapBUKuYEKc,8056381903395,85404,failed,"ERROR_BLOCKED_TOKEN: Query limit exceeded, token blocked until 2025-12-11 23:56:37","{""_seconds"":1765492079,""_nanoseconds"":969000000}"
jE0EUzIK5vw5MyANinAT,4067897661963,85403,failed,"ENOENT: no such file or directory, open '/app/ebay/DE_New_Structure_(May2023).csv'","{""_seconds"":1765491941,""_nanoseconds"":17000000}"
jEK0hJaBR3dsBri5RojA,4067983135699,85403,success,Successfully synced to BaseLinker,"{""_seconds"":1765716286,""_nanoseconds"":471000000}"
jIJ2F9UNlbKwyUZS3YRA,4262168680118,85403,success,Successfully synced to BaseLinker,"{""_seconds"":1765722546,""_nanoseconds"":898000000}"
jKg69SMvPt7KKOqlupT3,4067904610731,78659,success,Successfully synced to BaseLinker,"{""_seconds"":1765755100,""_nanoseconds"":649000000}"
jLXICm8MPaFqkO7Gc4kC,SKU-6346907299,78659,success,Successfully synced to BaseLinker,"{""_seconds"":1766090958,""_nanoseconds"":147000000}"
jRRBu4MZ0zGt9OmAREjl,6973104880356,78659,success,Successfully synced to BaseLinker,"{""_seconds"":1765044819,""_nanoseconds"":525000000}"
jReRR7a5Phk1ML8XQhQH,4013556577076,78659,success,Successfully synced to BaseLinker,"{""_seconds"":1766288926,""_nanoseconds"":715000000}"
jRthgl3cnyVIh6dxjBvl,8445110446065,78659,success,Successfully synced to BaseLinker,"{""_seconds"":1765755750,""_nanoseconds"":820000000}"
jSTY4ISOC8p4A6VFlFH8,4733dbc5-7297-4287-92b0-051f706467d9,85404,failed,"ENOENT: no such file or directory, open '/app/kaufland/category_tree_all_languages.csv'","{""_seconds"":1765492013,""_nanoseconds"":930000000}"
jVqkWcCcpu9NgPTBJ23g,SKU-3734657776,78659,success,Successfully synced to BaseLinker,"{""_seconds"":1766084206,""_nanoseconds"":57000000}"
jWreW3ZMDgqPtKl7aZhv,0000184164619,84529,success,Successfully synced to BaseLinker,"{""_seconds"":1765358637,""_nanoseconds"":550000000}"
jXWBs059qe3dxzA7VidI,d26c1381-e411-4bd2-a9fd-fdd8e408a28a,78659,success,Successfully synced to BaseLinker,"{""_seconds"":1766343413,""_nanoseconds"":13000000}"
jZaWQe2NcIybBQmYdsYH,4019336589644,84529,success,Successfully synced to BaseLinker,"{""_seconds"":1765414278,""_nanoseconds"":69000000}"
jbTiXq063jIMptvOraKZ,038473870772,,failed,Inventory ID fehlt,"{""_seconds"":1765455026,""_nanoseconds"":259000000}"
jdI4CwfLYFo0kIzvNia0,3346130009603,85403,success,Successfully synced to BaseLinker,"{""_seconds"":1765714491,""_nanoseconds"":266000000}"
jdaPMGUa2RVy6gnfKDP1,8718891015578,84529,failed,"ERROR_BLOCKED_TOKEN: Query limit exceeded, token blocked until 2025-12-10 22:21:56","{""_seconds"":1765401348,""_nanoseconds"":580000000}"
jiv01hEJMjAYVE8sPjzI,6941123909198,85404,failed,"ERROR_BLOCKED_TOKEN: Query limit exceeded, token blocked until 2025-12-11 23:56:37","{""_seconds"":1765492409,""_nanoseconds"":385000000}"
jjI5tZ2QKw4Ucfs8ytfJ,SKU-0058749943,78659,success,Successfully synced to BaseLinker,"{""_seconds"":1766335611,""_nanoseconds"":876000000}"
jlDxkGj3BPwJR7joOfTI,4059625316207,78659,success,Successfully synced to BaseLinker,"{""_seconds"":1765926351,""_nanoseconds"":400000000}"
jpeCji9Y0oVRM24ayqyQ,terry-fly-exera-gel-men-42300732,78659,success,Successfully synced to BaseLinker,"{""_seconds"":1765757441,""_nanoseconds"":685000000}"
jqUMfX9VeRXe1Vm89Hvy,4067904610731,85403,success,Successfully synced to BaseLinker,"{""_seconds"":1765734128,""_nanoseconds"":130000000}"
jut06b0JH34NOlqxybCq,e7f9c9c8-470f-4e94-8c0c-b1078387d0af,78659,failed,BaseLinker request failed after retries,"{""_seconds"":1765927024,""_nanoseconds"":725000000}"
jvNuTUYE8Sb8KvR16htE,B0CKPF47RG,78659,success,Successfully synced to BaseLinker,"{""_seconds"":1765752855,""_nanoseconds"":76000000}"
k1LaNqr71mGa8TO8D8EG,4067888237931,84529,success,Successfully synced to BaseLinker,"{""_seconds"":1765045595,""_nanoseconds"":850000000}"
k8eaYpznj2HSG5PuLHcf,7e83322c-3ad7-4210-bcfb-8069ae09aa03,84529,success,Successfully synced to BaseLinker,"{""_seconds"":1765358631,""_nanoseconds"":922000000}"
kAtPAUkfW0iNjarOcbs9,9001778309747,85403,failed,"ERROR_BLOCKED_TOKEN: Query limit exceeded, token blocked until 2025-12-11 23:56:37","{""_seconds"":1765492063,""_nanoseconds"":416000000}"
kGuIIBGYWzpcA4GEOdtM,4007386251480,85403,failed,"ERROR_BLOCKED_TOKEN: Query limit exceeded, token blocked until 2025-12-11 23:56:37","{""_seconds"":1765492411,""_nanoseconds"":433000000}"
kMiOnwqZqVAAVHb34NWQ,beliani-side-table-28049-image-1,78659,success,Successfully synced to BaseLinker,"{""_seconds"":1765414302,""_nanoseconds"":495000000}"
kMqfcqQE1oQJwbq4AxXB,4059505053796,85403,success,Successfully synced to BaseLinker,"{""_seconds"":1765733701,""_nanoseconds"":632000000}"
kNp7QBUejJgvcLx23G5e,SKU-5674295862,78659,success,Successfully synced to BaseLinker,"{""_seconds"":1766090965,""_nanoseconds"":748000000}"
kQ7AVGuUCIrORYnmqZqt,SKU-4802639881,78659,success,Successfully synced to BaseLinker,"{""_seconds"":1766336053,""_nanoseconds"":141000000}"
kVzhjp98wOlwnk964SdK,9783982023113,84529,failed,"ERROR_BLOCKED_TOKEN: Query limit exceeded, token blocked until 2025-12-10 22:21:56","{""_seconds"":1765401157,""_nanoseconds"":670000000}"
kWavW9bSq0XISYFbTlQ8,4250454729170,78659,success,Successfully synced to BaseLinker,"{""_seconds"":1766346145,""_nanoseconds"":307000000}"
kWqxIfdd2YFZ9fniSjg8,befff2b1-2266-4649-850a-a14bc95e296d,78659,success,Successfully synced to BaseLinker,"{""_seconds"":1765755940,""_nanoseconds"":575000000}"
kXbs2u503QPxtEBCFsEP,9900201693232,78659,success,Successfully synced to BaseLinker,"{""_seconds"":1765752760,""_nanoseconds"":157000000}"
kZw59zvdyVSxsmmQgbtQ,85010130,84529,success,Successfully synced to BaseLinker,"{""_seconds"":1765045589,""_nanoseconds"":683000000}"
kaycemLvjwAKmttRf2CR,85010130,84529,failed,"ERROR_BLOCKED_TOKEN: Query limit exceeded, token blocked until 2025-12-11 13:20:09","{""_seconds"":1765455242,""_nanoseconds"":315000000}"
kbJhC1jbj5rlOurfuDBw,4262405220148,78659,success,Successfully synced to BaseLinker,"{""_seconds"":1766346145,""_nanoseconds"":668000000}"
kiUYdVxjHaxRmdIF0XLG,3cab2925-3136-4d57-b76a-c4ba5e886594,85403,success,Successfully synced to BaseLinker,"{""_seconds"":1765714599,""_nanoseconds"":666000000}"
klAaJfOnMBwYPHHyopVh,9786158181617,84529,failed,"ERROR_BLOCKED_TOKEN: Query limit exceeded, token blocked until 2025-12-11 13:20:09","{""_seconds"":1765455100,""_nanoseconds"":825000000}"
kpWP1v3g46ENuhIrsvsX,a7fbf83a-10da-453f-974b-4d71c9e7e626,78659,success,Successfully synced to BaseLinker,"{""_seconds"":1766343413,""_nanoseconds"":11000000}"
kq1p3GZKzoh1oIQFBQEk,9786158181617,84529,failed,"ERROR_BLOCKED_TOKEN: Query limit exceeded, token blocked until 2025-12-11 13:20:09","{""_seconds"":1765455109,""_nanoseconds"":204000000}"
kr7Er1jGpX3AssMXswWi,4260012351552,85404,failed,"ERROR_BLOCKED_TOKEN: Query limit exceeded, token blocked until 2025-12-11 19:50:25","{""_seconds"":1765478450,""_nanoseconds"":469000000}"
kr8CSNebTJ3IxQ9krAcF,4051814369841,,failed,Inventory ID fehlt,"{""_seconds"":1765455217,""_nanoseconds"":891000000}"
ku6G3spYIDw9YQ8S98h2,3346130009603,78659,success,Successfully synced to BaseLinker,"{""_seconds"":1765754620,""_nanoseconds"":777000000}"
kwDhUtl2OiqakcJJVJ1w,8720707001286,78659,success,Successfully synced to BaseLinker,"{""_seconds"":1765758927,""_nanoseconds"":990000000}"
kyxNwV0sM6THRJDLlRx4,9014400105341,78659,success,Successfully synced to BaseLinker,"{""_seconds"":1765751580,""_nanoseconds"":623000000}"
kziQETZCEkOD2Ztg0yw6,8718891015578,84529,failed,"ERROR_BLOCKED_TOKEN: Query limit exceeded, token blocked until 2025-12-10 10:48:39","{""_seconds"":1765359744,""_nanoseconds"":378000000}"
l1AdML7Lk8NAulw12N8b,4550457733144,85403,success,Successfully synced to BaseLinker,"{""_seconds"":1765722610,""_nanoseconds"":997000000}"
l4Inf7NfDRdd7NK61NEI,315ecb79-6893-4245-8804-265ddd68e97f,78659,success,Successfully synced to BaseLinker,"{""_seconds"":1765754620,""_nanoseconds"":177000000}"
l56axwxWwzW9sebEu9TA,4260325431309,84529,failed,"ERROR_BLOCKED_TOKEN: Query limit exceeded, token blocked until 2025-12-10 10:48:39","{""_seconds"":1765359536,""_nanoseconds"":74000000}"
l6FTacRliHXC2Bjv5QYX,AquaMarina-Breeze-300x76-unknown-GTIN,78659,success,Successfully synced to BaseLinker,"{""_seconds"":1765759307,""_nanoseconds"":572000000}"
l8ypWvWhLhy56juusVq8,brandson-windmaschine-30cm-unknown-ean,85404,failed,"ERROR_BLOCKED_TOKEN: Query limit exceeded, token blocked until 2025-12-11 20:12:15","{""_seconds"":1765479827,""_nanoseconds"":31000000}"
l9dmNYoYsSPNOu6wGxOV,villa-grinario-spannbettuch-100x200-blau,78659,failed,"ERROR_BLOCKED_TOKEN: Query limit exceeded, token blocked until 2025-12-11 02:20:05","{""_seconds"":1765415572,""_nanoseconds"":25000000}"
lAHB62Wgn4UwFw7OKN9C,010095498867,85404,failed,ERROR_CATEGORY_ID: Invalid category identifier provided (the category does not exist).,"{""_seconds"":1765595354,""_nanoseconds"":601000000}"
lDnJMdJYf7GBG9uNHpoP,9783036957814,78659,success,Successfully synced to BaseLinker,"{""_seconds"":1765755965,""_nanoseconds"":33000000}"
lEvKtLmAWXWuL59icmVb,4260613494504,85403,success,Successfully synced to BaseLinker,"{""_seconds"":1765722482,""_nanoseconds"":458000000}"
lH0xuzCLM7eFEbmh6QfC,197634001401,85403,failed,"ERROR_BLOCKED_TOKEN: Query limit exceeded, token blocked until 2025-12-11 20:12:15","{""_seconds"":1765480208,""_nanoseconds"":295000000}"
lHfZGEcbbmWctmFhBdst,4067983276613,78659,success,Successfully synced to BaseLinker,"{""_seconds"":1765755496,""_nanoseconds"":384000000}"
lJUCbwnPPg0bUGhqsqfq,4052138013946,85403,success,Successfully synced to BaseLinker,"{""_seconds"":1765715549,""_nanoseconds"":611000000}"
lKlaDk2viAOfQ8qK3ftn,195969554562,85403,success,Successfully synced to BaseLinker,"{""_seconds"":1765713934,""_nanoseconds"":566000000}"
lO1aWuztr8yovWMgxyyq,4010886516256,78659,success,Successfully synced to BaseLinker,"{""_seconds"":1766339212,""_nanoseconds"":380000000}"
lPH1lG1s0fjCqsj7WFdi,4260325431309,84529,success,Successfully synced to BaseLinker,"{""_seconds"":1765401106,""_nanoseconds"":74000000}"
lPZnJ8F9gZXi0gXnhcIP,4260325431309,78659,success,Successfully synced to BaseLinker,"{""_seconds"":1765755208,""_nanoseconds"":38000000}"
lT3aOwpVjPU61U3NHlb8,449823701,78659,success,Successfully synced to BaseLinker,"{""_seconds"":1765758736,""_nanoseconds"":996000000}"
lT3d9BW2ht0NuV6o6gQB,4052212121253,84529,failed,"ERROR_BLOCKED_TOKEN: Query limit exceeded, token blocked until 2025-12-10 22:21:56","{""_seconds"":1765401290,""_nanoseconds"":598000000}"
lTTY7Zap4EuGDRVeKwWl,X00173R33T,84529,failed,"ERROR_BLOCKED_TOKEN: Query limit exceeded, token blocked until 2025-12-11 13:20:09","{""_seconds"":1765455209,""_nanoseconds"":669000000}"
lUHjaz6Oe51VYxwYLXUa,4052212121253,84529,failed,"ERROR_BLOCKED_TOKEN: Query limit exceeded, token blocked until 2025-12-10 10:34:55","{""_seconds"":1765358878,""_nanoseconds"":944000000}"
lWNXZoDzGT6YTlJcFOTI,7188eabc-0712-4bc6-9998-5967b1c08eb0,85403,failed,"ERROR_BLOCKED_TOKEN: Query limit exceeded, token blocked until 2025-12-11 23:56:37","{""_seconds"":1765492088,""_nanoseconds"":513000000}"
leOPNC9srNVWlaHCexME,4260613494504,78659,success,Successfully synced to BaseLinker,"{""_seconds"":1765755334,""_nanoseconds"":366000000}"
lewjD8Go391C8TKwPcT0,85010130,85404,failed,"ENOENT: no such file or directory, open '/app/kaufland/category_tree_int_all_languages - 📕 category_tree_all_languages.csv'","{""_seconds"":1765479702,""_nanoseconds"":546000000}"
lh9icLxJMXjMYqxitaXo,4007114298916,84529,failed,"ERROR_BLOCKED_TOKEN: Query limit exceeded, token blocked until 2025-12-10 10:34:55","{""_seconds"":1765358712,""_nanoseconds"":454000000}"
lj9Sc04WSHyFD7bfyU3Y,1646142246381,85403,success,Successfully synced to BaseLinker,"{""_seconds"":1765724355,""_nanoseconds"":983000000}"
lkvKlsI0RwYJw4rSLifd,SKU-2690684566,78659,success,Successfully synced to BaseLinker,"{""_seconds"":1766338735,""_nanoseconds"":556000000}"
lnIDNYIkJEjOh1oQd4ty,4099983384487,85404,failed,Kategorie konnte für Inventory 85404 nicht ermittelt werden (Produkt 4099983384487),"{""_seconds"":1765494555,""_nanoseconds"":417000000}"
lpTjlBpwhDNyPG0g1jhj,9783785556740,85404,failed,"ERROR_BLOCKED_TOKEN: Query limit exceeded, token blocked until 2025-12-11 23:56:37","{""_seconds"":1765492146,""_nanoseconds"":184000000}"
lrbpsXssqKELHMEtZWcs,f7213c35-e77b-4d51-8684-776eceb8a002,84529,failed,"ERROR_BLOCKED_TOKEN: Query limit exceeded, token blocked until 2025-12-10 10:34:55","{""_seconds"":1765358779,""_nanoseconds"":393000000}"
lxI4K6A91vpqqVyWVdAF,6954850111741,78659,success,Successfully synced to BaseLinker,"{""_seconds"":1766337313,""_nanoseconds"":818000000}"
lxgnhQGhudv4jL1GoWSC,4052212121253,85404,failed,"ERROR_BLOCKED_TOKEN: Query limit exceeded, token blocked until 2025-12-11 20:12:15","{""_seconds"":1765479759,""_nanoseconds"":961000000}"
lzRW0cZstnTaS277hD5W,7188eabc-0712-4bc6-9998-5967b1c08eb0,78659,success,Successfully synced to BaseLinker,"{""_seconds"":1765751106,""_nanoseconds"":526000000}"
m0VC1zR1xhlwg3AQbUoO,913258-06-CJW0603,78659,success,Successfully synced to BaseLinker,"{""_seconds"":1765751635,""_nanoseconds"":621000000}"
m4vMocUuquBzZXStoFUP,6922738000364,78659,success,Successfully synced to BaseLinker,"{""_seconds"":1766337250,""_nanoseconds"":575000000}"
m6HaV43TDhnHck00i1aD,038473870772,85403,success,Successfully synced to BaseLinker,"{""_seconds"":1765713485,""_nanoseconds"":535000000}"
mALdKZ8KjgiwyUJ5RTJG,SKU-7473377331,78659,success,Successfully synced to BaseLinker,"{""_seconds"":1766281317,""_nanoseconds"":411000000}"
mAxBsVwjiOcAhDolnLcz,6922738000364,78659,success,Successfully synced to BaseLinker,"{""_seconds"":1766338639,""_nanoseconds"":966000000}"
mBMDDaHD8JVBQSQC687P,3666354875564,84529,failed,"ERROR_BLOCKED_TOKEN: Query limit exceeded, token blocked until 2025-12-11 02:02:15","{""_seconds"":1765414377,""_nanoseconds"":368000000}"
mBtQVKJI81s3TJSH4xyD,02591620,84529,success,Successfully synced to BaseLinker,"{""_seconds"":1765358638,""_nanoseconds"":594000000}"
mDqMUPUYaRKuKEmZSVBu,8f973329-18be-4898-aef7-5359c6b0c136,84529,success,Successfully synced to BaseLinker,"{""_seconds"":1765045586,""_nanoseconds"":89000000}"
mFjpnUZI3PCyiN4Ns6Mn,SKU-8249181407,78659,failed,BaseLinker request failed after retries,"{""_seconds"":1766342451,""_nanoseconds"":207000000}"
mJP61KvSJUtHWVr6CSab,197634001401,85403,failed,"ERROR_BLOCKED_TOKEN: Query limit exceeded, token blocked until 2025-12-11 20:12:15","{""_seconds"":1765479982,""_nanoseconds"":908000000}"
mMhM1XNi9GeNgyhhygWX,8445110446065,78659,success,Successfully synced to BaseLinker,"{""_seconds"":1765751258,""_nanoseconds"":901000000}"
mMx0UpXXHnl66k2sG4XM,9014400124540,78659,success,Successfully synced to BaseLinker,"{""_seconds"":1765759263,""_nanoseconds"":809000000}"
mN8nHNdLvEi6vcupG24d,9786158181617,84529,failed,"ERROR_BLOCKED_TOKEN: Query limit exceeded, token blocked until 2025-12-10 10:48:39","{""_seconds"":1765360030,""_nanoseconds"":37000000}"
mOwqM2JqRUzMbbT5gBBr,4550457733144,84529,failed,"ERROR_BLOCKED_TOKEN: Query limit exceeded, token blocked until 2025-12-11 02:20:05","{""_seconds"":1765416008,""_nanoseconds"":233000000}"
mQIwLV49sHMTSsXqPmYq,bbb77d85-7a8f-40b4-a3e2-e8ea469fe7cb,85404,failed,"ERROR_BLOCKED_TOKEN: Query limit exceeded, token blocked until 2025-12-11 23:56:37","{""_seconds"":1765492351,""_nanoseconds"":764000000}"
mR0Vaqud77iUhQieQ4m7,SKU-4434702791,78659,failed,BaseLinker request failed after retries,"{""_seconds"":1766088055,""_nanoseconds"":274000000}"
mTNbhwSrZKpc92NVkPHc,4260613494504,85404,failed,"ERROR_BLOCKED_TOKEN: Query limit exceeded, token blocked until 2025-12-11 23:56:37","{""_seconds"":1765492302,""_nanoseconds"":715000000}"
mUKFO5hxjaqNk1DIYedD,SKU-0152828115,78659,success,Successfully synced to BaseLinker,"{""_seconds"":1766157667,""_nanoseconds"":52000000}"
mUM3HyNlhytTSboqa6af,SKU-4358173575,78659,failed,BaseLinker request failed after retries,"{""_seconds"":1766085659,""_nanoseconds"":285000000}"
mZKIVylPO3hMeeR6y9zP,SKU-1612836881,78659,success,Successfully synced to BaseLinker,"{""_seconds"":1766338081,""_nanoseconds"":320000000}"
mf0TLRNnZUFUuNpbIpZ2,9014400293437,78659,success,Successfully synced to BaseLinker,"{""_seconds"":1765755861,""_nanoseconds"":412000000}"
miA2XTSS6hMMUNv5fi9G,4550457733144,84529,success,Successfully synced to BaseLinker,"{""_seconds"":1765045600,""_nanoseconds"":491000000}"
miJd7VlIAvZIhFprxLgA,4710069708958,78659,success,Successfully synced to BaseLinker,"{""_seconds"":1765044829,""_nanoseconds"":174000000}"
miv949RQHlCyPJZoZwvw,010095498867,85404,failed,ERROR_CATEGORY_ID: Invalid category identifier provided (the category does not exist).,"{""_seconds"":1765591190,""_nanoseconds"":446000000}"
mk7MhbBocnU8IjtFO3tu,2060004998275,85403,success,Successfully synced to BaseLinker,"{""_seconds"":1765714156,""_nanoseconds"":772000000}"
mlb7qpMkIBsHmJa3Sy8f,4550457733175,85403,success,Successfully synced to BaseLinker,"{""_seconds"":1765735155,""_nanoseconds"":821000000}"
mm6BnkpOj5i4ijZNEAqu,8445866051810,85403,failed,"ENOENT: no such file or directory, open '/app/ebay/DE_New_Structure_(May2023).csv'","{""_seconds"":1765491905,""_nanoseconds"":695000000}"
mmTgZun4tEuCvZW6uM6L,4067983276613,85403,success,Successfully synced to BaseLinker,"{""_seconds"":1765734131,""_nanoseconds"":722000000}"
mqOvXezCgdU0tMAvFZ7a,beliani-side-table-28049-image-1,78659,success,Successfully synced to BaseLinker,"{""_seconds"":1765358597,""_nanoseconds"":359000000}"
mqSJkpc1hm6qSeyr77Se,4067897661963,85403,failed,"ENOENT: no such file or directory, open '/app/ebay/DE_New_Structure_(May2023).csv'","{""_seconds"":1765491942,""_nanoseconds"":840000000}"
mrXix0iXrcmNn2yHH3I1,KDF-5517DTW,78659,success,Successfully synced to BaseLinker,"{""_seconds"":1765759566,""_nanoseconds"":807000000}"
mt74KquQi8KfkP4hIsyM,6941123909198,85403,failed,"ERROR_BLOCKED_TOKEN: Query limit exceeded, token blocked until 2025-12-11 23:56:37","{""_seconds"":1765492361,""_nanoseconds"":902000000}"
mtuCDgSwX8VSuRZq0Hyo,9014400001384,78659,success,Successfully synced to BaseLinker,"{""_seconds"":1765755424,""_nanoseconds"":864000000}"
mv0vxpAFoKbu4KpWqKkL,SKU-5037405516,78659,success,Successfully synced to BaseLinker,"{""_seconds"":1766090118,""_nanoseconds"":257000000}"
mwDWKp7nCtT7YTp9Heui,3cab2925-3136-4d57-b76a-c4ba5e886594,85404,failed,"ERROR_BLOCKED_TOKEN: Query limit exceeded, token blocked until 2025-12-11 20:12:15","{""_seconds"":1765479743,""_nanoseconds"":541000000}"
n1OHHzsbZty7wbCAU3DT,villa-grinario-spannbettuch-100x200-blau,78659,success,Successfully synced to BaseLinker,"{""_seconds"":1765044828,""_nanoseconds"":267000000}"
n7Mtg3c0fyPlnbLPXLB3,SKU-0152828115,78659,success,Successfully synced to BaseLinker,"{""_seconds"":1766154844,""_nanoseconds"":942000000}"
n7SgNHga9INAyDAbk20z,5900495862228,85403,failed,"ERROR_BLOCKED_TOKEN: Query limit exceeded, token blocked until 2025-12-11 23:56:37","{""_seconds"":1765492461,""_nanoseconds"":32000000}"
nDanOi6W3pt0BA8CuiA4,2060004998275,85403,success,Successfully synced to BaseLinker,"{""_seconds"":1765724564,""_nanoseconds"":489000000}"
nExXCteOjLr8LHcqu8ae,alpinefun-holzschlitten,78659,success,Successfully synced to BaseLinker,"{""_seconds"":1765755887,""_nanoseconds"":952000000}"
nJ6vUoBSwtlNrhjfR34T,5900495862228,85404,failed,"ERROR_BLOCKED_TOKEN: Query limit exceeded, token blocked until 2025-12-11 23:56:37","{""_seconds"":1765492509,""_nanoseconds"":501000000}"
nLbEs9R741OGMMhh0yuO,SKU-4434702791,78659,failed,BaseLinker request failed after retries,"{""_seconds"":1766085964,""_nanoseconds"":561000000}"
nM9zdQ2ThAKIuGUnuW0V,010095498867,78659,success,Successfully synced to BaseLinker,"{""_seconds"":1765746025,""_nanoseconds"":753000000}"
nMHGJzVEe0akG2z5Cq4X,SKU-2804135383,78659,success,Successfully synced to BaseLinker,"{""_seconds"":1766084199,""_nanoseconds"":753000000}"
nMikgOSNK1t3PsqDAu7t,bbb77d85-7a8f-40b4-a3e2-e8ea469fe7cb,78659,success,Successfully synced to BaseLinker,"{""_seconds"":1765759699,""_nanoseconds"":927000000}"
nNl7H9bEYYwfInhFaqBO,4019336589644,78659,success,Successfully synced to BaseLinker,"{""_seconds"":1765747894,""_nanoseconds"":671000000}"
nNvF3AKEVgiU9AFyekzT,4523e3f3-ba12-4d17-a2af-26af72a8a36e,84529,failed,"ERROR_BLOCKED_TOKEN: Query limit exceeded, token blocked until 2025-12-11 13:20:09","{""_seconds"":1765455201,""_nanoseconds"":345000000}"
nRNM9XLuA7uw9M4qXy64,0002592484122,85403,success,Successfully synced to BaseLinker,"{""_seconds"":1765723714,""_nanoseconds"":443000000}"
nRRQPQK9FMmfYaDQBEdY,4067897661963,85403,success,Successfully synced to BaseLinker,"{""_seconds"":1765734115,""_nanoseconds"":233000000}"
nSO8107q6xG2eRi69mvJ,038473870772,78659,success,Successfully synced to BaseLinker,"{""_seconds"":1765753644,""_nanoseconds"":510000000}"
nUlxBsNREApgGDRbsySq,02591620,85403,failed,"ERROR_BLOCKED_TOKEN: Query limit exceeded, token blocked until 2025-12-11 23:56:37","{""_seconds"":1765492469,""_nanoseconds"":394000000}"
nXcW8ftgOve9kiu9zHCo,beliani-side-table-28049-image-1,85403,failed,"ENOENT: no such file or directory, open '/app/ebay/DE_New_Structure_(May2023).csv'","{""_seconds"":1765491966,""_nanoseconds"":176000000}"
nbnXdNBKOGtW97KAsmrN,topeak-tc2333b,78659,success,Successfully synced to BaseLinker,"{""_seconds"":1765044830,""_nanoseconds"":280000000}"
nd1KvGTgXQblQ2k1rOUj,56cdbf05-ce59-43c9-be15-6cc63c6dae93,78659,success,Successfully synced to BaseLinker,"{""_seconds"":1766229160,""_nanoseconds"":389000000}"
ndtW0Nc7SzbubpDxSFfm,SKU-7892887285,78659,success,Successfully synced to BaseLinker,"{""_seconds"":1765936897,""_nanoseconds"":916000000}"
neq09Egz8Nw1YPYA0P4S,9783982023113,84529,failed,"ERROR_BLOCKED_TOKEN: Query limit exceeded, token blocked until 2025-12-10 10:34:55","{""_seconds"":1765358953,""_nanoseconds"":803000000}"
neySLrSMGG6zj0k66LFS,CALI13A,78659,success,Successfully synced to BaseLinker,"{""_seconds"":1765755784,""_nanoseconds"":176000000}"
nflfyx91VjxeANG54d9h,4523e3f3-ba12-4d17-a2af-26af72a8a36e,85404,failed,"ENOENT: no such file or directory, open '/app/kaufland/category_tree_int_all_languages - 📕 category_tree_all_languages.csv'","{""_seconds"":1765478366,""_nanoseconds"":52000000}"
ng8FmsMReMXQsKJYtC0Z,9014400293437,84529,success,Successfully synced to BaseLinker,"{""_seconds"":1765050885,""_nanoseconds"":791000000}"
nqPERcCl4fWTXXjoGCGD,SKU-2123165909,78659,success,Successfully synced to BaseLinker,"{""_seconds"":1766082332,""_nanoseconds"":759000000}"
ntQ4ca3Y3jtIpz14eQXK,SKU-4304000683,78659,failed,BaseLinker request failed after retries,"{""_seconds"":1766085346,""_nanoseconds"":60000000}"
nttyOq9a4qut0ad47riB,TANTOMI-ROLLTOP-36x48,85404,failed,"ERROR_BLOCKED_TOKEN: Query limit exceeded, token blocked until 2025-12-11 23:56:37","{""_seconds"":1765492245,""_nanoseconds"":227000000}"
nv7RAK9eHu2PAMmgQh00,SKU-0152828115,78659,success,Successfully synced to BaseLinker,"{""_seconds"":1766335674,""_nanoseconds"":454000000}"
o1rscGNn9SST0dRRzqaD,9783845118116,85404,failed,"ENOENT: no such file or directory, open '/app/kaufland/category_tree_all_languages.csv'","{""_seconds"":1765491945,""_nanoseconds"":823000000}"
o7N6Dlp5xZfW1c3c3Rb8,SKU-1825816304,78659,success,Successfully synced to BaseLinker,"{""_seconds"":1766338248,""_nanoseconds"":904000000}"
oAHAUH7BMwUHIAdjnsYd,9783417288889,84529,failed,"ERROR_BLOCKED_TOKEN: Query limit exceeded, token blocked until 2025-12-11 13:20:09","{""_seconds"":1765455084,""_nanoseconds"":547000000}"
oCErcMjROOCR4QHYhyqF,010095498867,85403,success,Successfully synced to BaseLinker,"{""_seconds"":1765713228,""_nanoseconds"":10000000}"
oCb3eGEWocGm9PZCBny1,1472920275814,78659,failed,BaseLinker request failed after retries,"{""_seconds"":1766518636,""_nanoseconds"":97000000}"
oF7PWM3jduXQ2NfEi0NQ,X00173R33T,84529,success,Successfully synced to BaseLinker,"{""_seconds"":1765358666,""_nanoseconds"":632000000}"
oHWg8jUssHhYc26QNDKh,4030913982243,85403,success,Successfully synced to BaseLinker,"{""_seconds"":1765733294,""_nanoseconds"":316000000}"
oHhAQM9YOBvl5vPsxBiM,726121ea-fdad-41e5-859d-0e9e1b9c50b1,85403,failed,"ERROR_BLOCKED_TOKEN: Query limit exceeded, token blocked until 2025-12-11 23:56:37","{""_seconds"":1765492452,""_nanoseconds"":829000000}"
oLbAIAPc4M39rD7ltG8f,4066755796946,84529,success,Successfully synced to BaseLinker,"{""_seconds"":1765401082,""_nanoseconds"":764000000}"
oNxb8KrzEr7nOLnyO5GN,4002541666529,78659,success,Successfully synced to BaseLinker,"{""_seconds"":1765747430,""_nanoseconds"":947000000}"
oP8NDkDnAbZOwtApgSBg,SKU-8380347833,78659,success,Successfully synced to BaseLinker,"{""_seconds"":1765931590,""_nanoseconds"":689000000}"
oQhFS7HFjJK6FfBWQBw4,4067904610731,84529,success,Successfully synced to BaseLinker,"{""_seconds"":1765358629,""_nanoseconds"":223000000}"
oSUdGS79NwvpvPccs0N5,4023103244009,78659,success,Successfully synced to BaseLinker,"{""_seconds"":1766346015,""_nanoseconds"":832000000}"
oSXYC04T9cpgHDzARTpX,d26c1381-e411-4bd2-a9fd-fdd8e408a28a,78659,failed,BaseLinker request failed after retries,"{""_seconds"":1766342317,""_nanoseconds"":9000000}"
oSq9v9VldLSNWzUI0rWN,4067983746314,84529,failed,"ERROR_BLOCKED_TOKEN: Query limit exceeded, token blocked until 2025-12-10 10:34:55","{""_seconds"":1765358870,""_nanoseconds"":656000000}"
oTCQ4OG1KARlPwily4y3,4007386251480,78659,failed,"ERROR_BLOCKED_TOKEN: Query limit exceeded, token blocked until 2025-12-11 02:02:15","{""_seconds"":1765414612,""_nanoseconds"":425000000}"
oTJVu65VMe2bGD7LsQ8y,9014400105341,78659,success,Successfully synced to BaseLinker,"{""_seconds"":1765759262,""_nanoseconds"":564000000}"
oWBR1Kg9RBXgcmcjEjcv,4019336589644,85403,success,Successfully synced to BaseLinker,"{""_seconds"":1765715174,""_nanoseconds"":962000000}"
oWzl0K366r4cT34Ul7ya,X00173R33T,84529,success,Successfully synced to BaseLinker,"{""_seconds"":1765045585,""_nanoseconds"":458000000}"
oY6n6BE0bhmIiZfHTBcu,8718309101547,84529,failed,"ERROR_BLOCKED_TOKEN: Query limit exceeded, token blocked until 2025-12-11 13:20:09","{""_seconds"":1765455051,""_nanoseconds"":13000000}"
oeCUTA4k4xJ3frfQTIJP,4260532291215,85403,success,Successfully synced to BaseLinker,"{""_seconds"":1765734858,""_nanoseconds"":823000000}"
olgPmKPEE7oSJqRMnpPh,9014400035983,78659,success,Successfully synced to BaseLinker,"{""_seconds"":1765755758,""_nanoseconds"":711000000}"
p0jWAO644kVqyosS7Ha3,11439b84-9171-4705-b423-18c9a2ccaa3b,84529,failed,"ERROR_BLOCKED_TOKEN: Query limit exceeded, token blocked until 2025-12-11 13:20:09","{""_seconds"":1765455242,""_nanoseconds"":338000000}"
p1DbVBuUIu86End7oJBo,4061418025265,85403,success,Successfully synced to BaseLinker,"{""_seconds"":1765733800,""_nanoseconds"":933000000}"
p7yYd3SHlqo3PMOygwJm,9783965940628,85404,failed,"ERROR_BLOCKED_TOKEN: Query limit exceeded, token blocked until 2025-12-11 19:50:25","{""_seconds"":1765478433,""_nanoseconds"":926000000}"
pBkrsfmbPIre7X4TLGTM,4260325431309,84529,failed,"ERROR_BLOCKED_TOKEN: Query limit exceeded, token blocked until 2025-12-10 10:34:55","{""_seconds"":1765358762,""_nanoseconds"":758000000}"
pBoArqXVKxKIqmyNAq9U,SKU-5943400007,78659,success,Successfully synced to BaseLinker,"{""_seconds"":1765926222,""_nanoseconds"":110000000}"
pCgUy2BSbqOFmM5WS9n6,8436579110321,78659,success,Successfully synced to BaseLinker,"{""_seconds"":1765751211,""_nanoseconds"":679000000}"
pCqYPpA4twyKIVCYstVy,5054142498336,85403,success,Successfully synced to BaseLinker,"{""_seconds"":1765722806,""_nanoseconds"":164000000}"
pDJdjiD5zV6vggp68C9d,4260532291215,78659,success,Successfully synced to BaseLinker,"{""_seconds"":1765044833,""_nanoseconds"":183000000}"
pGRpJWANdw4zaByYdiUY,4052212121253,85403,success,Successfully synced to BaseLinker,"{""_seconds"":1765715642,""_nanoseconds"":471000000}"
pHOwzWe0f3RQsA9DpKYd,0000184164619,84529,success,Successfully synced to BaseLinker,"{""_seconds"":1765045601,""_nanoseconds"":23000000}"
pN4QYF722xRo5hBgQ1Dc,5054142498336,84529,failed,"ERROR_BLOCKED_TOKEN: Query limit exceeded, token blocked until 2025-12-10 10:34:55","{""_seconds"":1765359029,""_nanoseconds"":711000000}"
pNOXPSq0vrNbfsMwKg5M,197634001401,85403,failed,"ERROR_BLOCKED_TOKEN: Query limit exceeded, token blocked until 2025-12-11 23:56:37","{""_seconds"":1765492121,""_nanoseconds"":520000000}"
pNRadoPFqcPLMvZ0xPJK,4061418025265,78659,success,Successfully synced to BaseLinker,"{""_seconds"":1765755044,""_nanoseconds"":958000000}"
pNTxhAjjadln6CJfLHqu,195969554562,85403,success,Successfully synced to BaseLinker,"{""_seconds"":1765724462,""_nanoseconds"":592000000}"
pPJcXdwkptYiUv24GFbf,85010130,85404,failed,"ENOENT: no such file or directory, open '/app/kaufland/category_tree_all_languages.csv'","{""_seconds"":1765489426,""_nanoseconds"":998000000}"
pPWSPVGTLmT7Zn3Pv2Ug,4260613494504,78659,success,Successfully synced to BaseLinker,"{""_seconds"":1765749695,""_nanoseconds"":735000000}"
pQoEzp7belm4xxtNemB3,YY-4RPW-M2TR,85403,failed,"ERROR_BLOCKED_TOKEN: Query limit exceeded, token blocked until 2025-12-11 23:56:37","{""_seconds"":1765492046,""_nanoseconds"":859000000}"
pQruBgaoDbcXZYUcfRXf,4019336589644,78659,success,Successfully synced to BaseLinker,"{""_seconds"":1765755493,""_nanoseconds"":742000000}"
pSyAt61O8VHHrhmy59Fc,1626175215014,85404,failed,"ERROR_BLOCKED_TOKEN: Query limit exceeded, token blocked until 2025-12-11 23:56:37","{""_seconds"":1765492401,""_nanoseconds"":145000000}"
pXDsEYgzkiGY18nDM7Zw,4063425163489,85403,success,Successfully synced to BaseLinker,"{""_seconds"":1765733901,""_nanoseconds"":933000000}"
pYSsTJgcCrCJ0t800wcB,9014400281687,78659,success,Successfully synced to BaseLinker,"{""_seconds"":1765759264,""_nanoseconds"":472000000}"
pZdde8LX9LGEZ0dn59j1,8445110446065,78659,success,Successfully synced to BaseLinker,"{""_seconds"":1765751263,""_nanoseconds"":986000000}"
pZsVRTErptDKTIL7kS6F,197634001401,84529,failed,"ERROR_BLOCKED_TOKEN: Query limit exceeded, token blocked until 2025-12-11 13:20:09","{""_seconds"":1765455092,""_nanoseconds"":694000000}"
pcMauJWEKZBCWrXCcekX,4063217299953,78659,success,Successfully synced to BaseLinker,"{""_seconds"":1766339212,""_nanoseconds"":38000000}"
pcWw6FWVbH3LBDlIJBU4,4061418025265,84529,failed,"ERROR_BLOCKED_TOKEN: Query limit exceeded, token blocked until 2025-12-10 10:48:39","{""_seconds"":1765359594,""_nanoseconds"":77000000}"
pgjqH2W3HZ9YUE02xdPz,4067904336044,85404,failed,"ERROR_BLOCKED_TOKEN: Query limit exceeded, token blocked until 2025-12-11 20:12:15","{""_seconds"":1765479776,""_nanoseconds"":544000000}"
phpMWf1N1wYXuVK3A0Lk,SKU-1782951292,78659,success,Successfully synced to BaseLinker,"{""_seconds"":1766338164,""_nanoseconds"":883000000}"
piOszkeiUKzIszCH6ZoB,726121ea-fdad-41e5-859d-0e9e1b9c50b1,85403,failed,"ERROR_BLOCKED_TOKEN: Query limit exceeded, token blocked until 2025-12-11 23:56:37","{""_seconds"":1765492452,""_nanoseconds"":814000000}"
piW3TupJopjBRE1AqQ1k,SKU-1961998362,78659,failed,BaseLinker request failed after retries,"{""_seconds"":1766082044,""_nanoseconds"":311000000}"
pjFxnH0luWx4d01uIWzp,85010130,84529,failed,"ERROR_BLOCKED_TOKEN: Query limit exceeded, token blocked until 2025-12-10 10:34:55","{""_seconds"":1765358945,""_nanoseconds"":596000000}"
psl0egUOFca4PbNKwxIw,SKU-9912977908,78659,success,Successfully synced to BaseLinker,"{""_seconds"":1766338869,""_nanoseconds"":111000000}"
puNZrUvfA8hVzSaSeFEN,SKU-3566484007,78659,success,Successfully synced to BaseLinker,"{""_seconds"":1766337995,""_nanoseconds"":139000000}"
pydNrMOL94GsJgBfB0El,3cab2925-3136-4d57-b76a-c4ba5e886594,85403,failed,"ERROR_BLOCKED_TOKEN: Query limit exceeded, token blocked until 2025-12-11 23:56:37","{""_seconds"":1765492428,""_nanoseconds"":148000000}"
pzC9vRikmxOkg84D75m5,SKU-8249181407,78659,success,Successfully synced to BaseLinker,"{""_seconds"":1766086595,""_nanoseconds"":370000000}"
pzLiRj2jZ99GYBm8BgiB,4067983746314,85403,success,Successfully synced to BaseLinker,"{""_seconds"":1765734136,""_nanoseconds"":23000000}"
q2gWEi5uzXvy5JfGF3gf,9014400105341,78659,success,Successfully synced to BaseLinker,"{""_seconds"":1765759489,""_nanoseconds"":553000000}"
q57B5YjQZCRht3h4i7IK,8436579110321,78659,success,Successfully synced to BaseLinker,"{""_seconds"":1765755750,""_nanoseconds"":321000000}"
qF6iVaWTtTyA2HTMW6q8,4710069708088,85403,success,Successfully synced to BaseLinker,"{""_seconds"":1765722678,""_nanoseconds"":168000000}"
qFOgiKqIThxgBT0qwEcV,f7213c35-e77b-4d51-8684-776eceb8a002,84529,failed,"ERROR_BLOCKED_TOKEN: Query limit exceeded, token blocked until 2025-12-10 22:21:56","{""_seconds"":1765401216,""_nanoseconds"":166000000}"
qI2N1CchVcljhISkugEt,0197642799963,78659,success,Successfully synced to BaseLinker,"{""_seconds"":1765746080,""_nanoseconds"":304000000}"
qImmeKRI6bhQuuts7eGd,X00173R33T,78659,success,Successfully synced to BaseLinker,"{""_seconds"":1765757387,""_nanoseconds"":591000000}"
qLV17cr7BuHJgKHLuwoP,4099983384487,85403,success,Successfully synced to BaseLinker,"{""_seconds"":1765738196,""_nanoseconds"":550000000}"
qNEpIM1L40pU1KGZwxOP,4260623660043,78659,failed,"ERROR_BLOCKED_TOKEN: Query limit exceeded, token blocked until 2025-12-11 13:20:09","{""_seconds"":1765455302,""_nanoseconds"":356000000}"
qOXjuObGMkYNn8CFGJuA,4059625316207,78659,success,Successfully synced to BaseLinker,"{""_seconds"":1765913582,""_nanoseconds"":491000000}"
qXtyP617NkbC3jaOe3nN,4052212121253,84529,failed,"ERROR_BLOCKED_TOKEN: Query limit exceeded, token blocked until 2025-12-11 02:02:15","{""_seconds"":1765414461,""_nanoseconds"":4000000}"
qYMsUZTtO0om3FPytS5H,OM0028-502-L,78659,success,Successfully synced to BaseLinker,"{""_seconds"":1765755836,""_nanoseconds"":228000000}"
qYbdWC5NR5zWBiKkj5LF,FUVSHU-BT-Y02,78659,success,Successfully synced to BaseLinker,"{""_seconds"":1765358597,""_nanoseconds"":649000000}"
qZzlu2H1ch2bTn3Pkx5c,gusskoenig-gk-003,78659,success,Successfully synced to BaseLinker,"{""_seconds"":1765044819,""_nanoseconds"":304000000}"
qaE9vMkkxb0MK603xMYw,4710069708088,78659,failed,"ERROR_BLOCKED_TOKEN: Query limit exceeded, token blocked until 2025-12-11 13:20:09","{""_seconds"":1765455284,""_nanoseconds"":287000000}"
qbYobN0gd9LqpSK5m4AE,913258-06-CJW0603,78659,success,Successfully synced to BaseLinker,"{""_seconds"":1765755861,""_nanoseconds"":957000000}"
qgTxVDGnV1ZaTKkXZBD5,85010130,85403,failed,"ERROR_BLOCKED_TOKEN: Query limit exceeded, token blocked until 2025-12-11 23:56:37","{""_seconds"":1765492146,""_nanoseconds"":646000000}"
qjfpCuNuP5fAKFKB4746,197634001401,85403,failed,"ERROR_BLOCKED_TOKEN: Query limit exceeded, token blocked until 2025-12-11 20:12:15","{""_seconds"":1765479874,""_nanoseconds"":639000000}"
qkDvXXXgF8SL6gKVaiMr,4067888237931,85404,failed,"ENOENT: no such file or directory, open '/app/kaufland/category_tree_all_languages.csv'","{""_seconds"":1765489494,""_nanoseconds"":374000000}"
qlJ5feKePlLPPqrqQ4Fz,5712929568831,84529,failed,"ERROR_BLOCKED_TOKEN: Query limit exceeded, token blocked until 2025-12-11 02:02:15","{""_seconds"":1765414596,""_nanoseconds"":93000000}"
qlzwnpaLeKGqyGY88dIB,SKU-1782951292,78659,failed,BaseLinker request failed after retries,"{""_seconds"":1766081440,""_nanoseconds"":752000000}"
qm3VcZsHlBf88bZSPiuV,4002541666529,78659,success,Successfully synced to BaseLinker,"{""_seconds"":1765755493,""_nanoseconds"":242000000}"
qtx1UcXbSXbCvss23oXi,0002592484122,78659,success,Successfully synced to BaseLinker,"{""_seconds"":1765753383,""_nanoseconds"":87000000}"
qx9zrQ1Crmv6QH75xoMc,0000184164619,78659,success,Successfully synced to BaseLinker,"{""_seconds"":1765755491,""_nanoseconds"":684000000}"
r26w48rTUJ28dC6DbP7N,7290006780805,78659,failed,BaseLinker request failed after retries,"{""_seconds"":1766341217,""_nanoseconds"":941000000}"
r3dWadjoznxJoaCWdtYp,SKU-0114729665,78659,success,Successfully synced to BaseLinker,"{""_seconds"":1765970743,""_nanoseconds"":720000000}"
r5MFd0hVrnaAAL7QEPvQ,4733dbc5-7297-4287-92b0-051f706467d9,84529,success,Successfully synced to BaseLinker,"{""_seconds"":1765358640,""_nanoseconds"":245000000}"
r6BY9MndCQcYALdCZCwY,6431619024,85403,failed,"ERROR_BLOCKED_TOKEN: Query limit exceeded, token blocked until 2025-12-11 23:56:37","{""_seconds"":1765492162,""_nanoseconds"":448000000}"
rEsmrLgARv7L7jXAviKY,SKU-4434702791,78659,success,Successfully synced to BaseLinker,"{""_seconds"":1766338487,""_nanoseconds"":100000000}"
rFAtGVx7j5VMsVncdr62,11439b84-9171-4705-b423-18c9a2ccaa3b,84529,failed,"ERROR_BLOCKED_TOKEN: Query limit exceeded, token blocked until 2025-12-10 22:21:56","{""_seconds"":1765401182,""_nanoseconds"":501000000}"
rFcSg4QYsg7iNvatxxe3,6972200196132,85403,failed,"ERROR_BLOCKED_TOKEN: Query limit exceeded, token blocked until 2025-12-11 23:56:37","{""_seconds"":1765492113,""_nanoseconds"":400000000}"
rIiZXTm5BCFV0zMUbU1e,8720637479520,78659,success,Successfully synced to BaseLinker,"{""_seconds"":1765755856,""_nanoseconds"":200000000}"
rMbyM20EV2gAJbYTvIdy,9783417288889,78659,success,Successfully synced to BaseLinker,"{""_seconds"":1765752174,""_nanoseconds"":548000000}"
rOiBVDkSVmmHDfRf1eon,9783982023113,85403,failed,"ERROR_BLOCKED_TOKEN: Query limit exceeded, token blocked until 2025-12-11 23:56:37","{""_seconds"":1765492079,""_nanoseconds"":890000000}"
rSoIUNnE5EpjlE9WK9j8,brandson-windmaschine-30cm-unknown-ean,78659,failed,"ERROR_BLOCKED_TOKEN: Query limit exceeded, token blocked until 2025-12-11 13:20:09","{""_seconds"":1765455175,""_nanoseconds"":363000000}"
rbOlCBW928TUBnneNBMz,5900495862228,78659,success,Successfully synced to BaseLinker,"{""_seconds"":1765756939,""_nanoseconds"":980000000}"
rc9UAP3XR8KQhC6DMDvm,4064232428991,84529,failed,"ERROR_BLOCKED_TOKEN: Query limit exceeded, token blocked until 2025-12-10 10:34:55","{""_seconds"":1765359096,""_nanoseconds"":187000000}"
rctzxO5Ink4KBOBdyT61,SKU-1153910217,78659,success,Successfully synced to BaseLinker,"{""_seconds"":1766080968,""_nanoseconds"":699000000}"
rdPOUcWOmMvF9hi6GsAN,4260532291215,78659,failed,"ERROR_BLOCKED_TOKEN: Query limit exceeded, token blocked until 2025-12-11 02:02:15","{""_seconds"":1765414628,""_nanoseconds"":886000000}"
rgNK3eT7MwU7NbGOdJNq,a99a4149-8b94-4560-91be-df6545d1a5ef,84529,failed,"ERROR_BLOCKED_TOKEN: Query limit exceeded, token blocked until 2025-12-10 22:21:56","{""_seconds"":1765401315,""_nanoseconds"":723000000}"
rhFft4k9C1IH0FM6qo0B,8445110446065,84529,success,Successfully synced to BaseLinker,"{""_seconds"":1765358638,""_nanoseconds"":247000000}"
rlKPQ9satBmvcH5ahpcO,4262168680118,78659,success,Successfully synced to BaseLinker,"{""_seconds"":1765749769,""_nanoseconds"":348000000}"
rlebjIioEoWJInP7Jkx0,6941123909198,78659,success,Successfully synced to BaseLinker,"{""_seconds"":1765751047,""_nanoseconds"":143000000}"
rnWpGheoVSJ1aDzUMrhD,villa-grinario-spannbettuch-100x200-blau,78659,success,Successfully synced to BaseLinker,"{""_seconds"":1765358589,""_nanoseconds"":166000000}"
roPTLkI9wxd6xDLrB26w,9002592485129,85404,failed,"ENOENT: no such file or directory, open '/app/kaufland/category_tree_int_all_languages - 📕 category_tree_all_languages.csv'","{""_seconds"":1765479596,""_nanoseconds"":688000000}"
rpIa43hL4CkNsk7gjuZ2,4523e3f3-ba12-4d17-a2af-26af72a8a36e,85404,failed,"ERROR_BLOCKED_TOKEN: Query limit exceeded, token blocked until 2025-12-11 23:56:37","{""_seconds"":1765492286,""_nanoseconds"":215000000}"
rtIT05Grz0xj6UYUqU1s,65.56.544,84529,failed,"ERROR_BLOCKED_TOKEN: Query limit exceeded, token blocked until 2025-12-11 02:02:15","{""_seconds"":1765414394,""_nanoseconds"":214000000}"
ru2nX3k108KCX79iZ3cf,6954850111741,78659,success,Successfully synced to BaseLinker,"{""_seconds"":1766337331,""_nanoseconds"":631000000}"
rwZZgDo8jCH4dUYJf4Pn,4262168680118,85403,success,Successfully synced to BaseLinker,"{""_seconds"":1765735058,""_nanoseconds"":737000000}"
rzZLpLVDdwGrbT5Ou8y8,unknown-931,78659,success,Successfully synced to BaseLinker,"{""_seconds"":1765358596,""_nanoseconds"":162000000}"
s1X98XRsfCJlEhHCbVLa,SKU-9979752242,78659,failed,BaseLinker request failed after retries,"{""_seconds"":1766342767,""_nanoseconds"":202000000}"
s23HTs4uDBm4c9Wpk0xO,BB-0046-03-01,78659,success,Successfully synced to BaseLinker,"{""_seconds"":1765759371,""_nanoseconds"":375000000}"
s3IUDgMpeCaqjVH9QDUD,726121ea-fdad-41e5-859d-0e9e1b9c50b1,84529,success,Successfully synced to BaseLinker,"{""_seconds"":1765358630,""_nanoseconds"":258000000}"
s4qjpMnf559WxPp8xcyt,197634001401,84529,success,Successfully synced to BaseLinker,"{""_seconds"":1765045584,""_nanoseconds"":551000000}"
sANk0U8jj4YVt5D0bd29,0196214105119,78659,failed,BaseLinker request failed after retries,"{""_seconds"":1766542994,""_nanoseconds"":683000000}"
sBQnWEr3DWYwSbWrqQIB,4017537302565,85403,success,Successfully synced to BaseLinker,"{""_seconds"":1765715108,""_nanoseconds"":568000000}"
sEC73t9vo2fkibtNMZ06,SKU-9671499764,78659,success,Successfully synced to BaseLinker,"{""_seconds"":1766339301,""_nanoseconds"":71000000}"
sMyNkgBwP6IGgYszJQ2l,4051814369841,85403,success,Successfully synced to BaseLinker,"{""_seconds"":1765715449,""_nanoseconds"":163000000}"
sNK4nZBg1FLZQIbGxsQS,038473870772,78659,success,Successfully synced to BaseLinker,"{""_seconds"":1765756937,""_nanoseconds"":810000000}"
sNWSZVENdIRZHoECho1s,8718309101547,78659,success,Successfully synced to BaseLinker,"{""_seconds"":1765755706,""_nanoseconds"":370000000}"
sOXOeFmqDpR3j8f6qFrU,4002541666529,85403,success,Successfully synced to BaseLinker,"{""_seconds"":1765714900,""_nanoseconds"":715000000}"
sOidy72vFxEkJqawWQf5,b3c3d282-2b8a-4db8-b8a4-db96fa96a4d1,85404,failed,"ERROR_BLOCKED_TOKEN: Query limit exceeded, token blocked until 2025-12-11 23:56:37","{""_seconds"":1765492121,""_nanoseconds"":237000000}"
sPLqAT3d9wiG6kpwhqce,4262405220148,78659,failed,BaseLinker request failed after retries,"{""_seconds"":1766340914,""_nanoseconds"":887000000}"
sQmTEzPezfiMBNQVzUj8,197634001401,84529,failed,"ERROR_BLOCKED_TOKEN: Query limit exceeded, token blocked until 2025-12-10 10:34:55","{""_seconds"":1765358853,""_nanoseconds"":856000000}"
sUFpWStIMIYV6dhTIwHL,0000184164619,85403,failed,ERROR_STORAGE_ID: Product with ID 452383927 is located in a different inventory than specified,"{""_seconds"":1765702471,""_nanoseconds"":665000000}"
sVPk4cTIpRT7M0MU6nWN,f7213c35-e77b-4d51-8684-776eceb8a002,84529,failed,"ERROR_BLOCKED_TOKEN: Query limit exceeded, token blocked until 2025-12-11 02:02:15","{""_seconds"":1765414554,""_nanoseconds"":337000000}"
sWiGb3iOdQOBpx3jJSPB,9014400105389,78659,success,Successfully synced to BaseLinker,"{""_seconds"":1765759263,""_nanoseconds"":172000000}"
sYAjQRnH0sZuq31LW2Jx,brandson-wdp-301480,85403,failed,"ERROR_BLOCKED_TOKEN: Query limit exceeded, token blocked until 2025-12-11 23:56:37","{""_seconds"":1765492485,""_nanoseconds"":769000000}"
sbJH02FzTfuXoDANJP8A,9014400281687,78659,success,Successfully synced to BaseLinker,"{""_seconds"":1765759301,""_nanoseconds"":834000000}"
sfokQmHQr5mjfBPQOPPQ,7188eabc-0712-4bc6-9998-5967b1c08eb0,84529,success,Successfully synced to BaseLinker,"{""_seconds"":1765414334,""_nanoseconds"":73000000}"
sfydFP3OjtHFC58txV9a,6941123909198,85404,failed,"ERROR_BLOCKED_TOKEN: Query limit exceeded, token blocked until 2025-12-11 19:50:25","{""_seconds"":1765478442,""_nanoseconds"":331000000}"
shMFQgPnGjAuPSVSApwE,85010130,85403,failed,"ERROR_BLOCKED_TOKEN: Query limit exceeded, token blocked until 2025-12-11 23:56:37","{""_seconds"":1765492145,""_nanoseconds"":925000000}"
skPrdeZcP3Yy5e1b2qY8,9900201693232,84529,failed,"ERROR_BLOCKED_TOKEN: Query limit exceeded, token blocked until 2025-12-10 10:48:39","{""_seconds"":1765359686,""_nanoseconds"":175000000}"
skncv1ebwHYafTPVLOJn,4099983384487,85403,failed,"ERROR_BLOCKED_TOKEN: Query limit exceeded, token blocked until 2025-12-11 23:56:37","{""_seconds"":1765492038,""_nanoseconds"":351000000}"
snOoYVCZOIHmJbW6Z5WI,SKU-8835594725,78659,success,Successfully synced to BaseLinker,"{""_seconds"":1765929125,""_nanoseconds"":499000000}"
spGAFGAkMs9X7r4eEcdH,4260613494504,85403,failed,"ERROR_BLOCKED_TOKEN: Query limit exceeded, token blocked until 2025-12-11 23:56:37","{""_seconds"":1765492254,""_nanoseconds"":287000000}"
ssQ3RIcANGpuXc6kXUC0,4550457733175,85403,success,Successfully synced to BaseLinker,"{""_seconds"":1765722612,""_nanoseconds"":51000000}"
stNYmn4xwQm5P4UxVVtO,197634001401,85404,failed,"ERROR_BLOCKED_TOKEN: Query limit exceeded, token blocked until 2025-12-11 23:56:37","{""_seconds"":1765492171,""_nanoseconds"":318000000}"
stXeADnexOWcDqVmCE82,4067888237931,85403,success,Successfully synced to BaseLinker,"{""_seconds"":1765716266,""_nanoseconds"":771000000}"
su8Dg3JGHMLNP4Q1p93W,1626175215014,85403,success,Successfully synced to BaseLinker,"{""_seconds"":1765713812,""_nanoseconds"":966000000}"
szo6RsSuu5LMp33EAAox,5900495862228,78659,success,Successfully synced to BaseLinker,"{""_seconds"":1765044835,""_nanoseconds"":133000000}"
t0FLvrAb7SLq7D0Z2Zwc,4057993570030,85404,failed,"ERROR_BLOCKED_TOKEN: Query limit exceeded, token blocked until 2025-12-11 19:50:25","{""_seconds"":1765478599,""_nanoseconds"":666000000}"
t2gZrAUK0P1nT3fhknwn,9786158181617,84529,failed,"ERROR_BLOCKED_TOKEN: Query limit exceeded, token blocked until 2025-12-11 02:02:15","{""_seconds"":1765414479,""_nanoseconds"":462000000}"
t6Dnl8vNxrmSxhsMhAGD,0000184164619,85403,success,Successfully synced to BaseLinker,"{""_seconds"":1765723648,""_nanoseconds"":663000000}"
t8oGYsJZStsUHbzuLGN8,4017537302565,78659,failed,"ERROR_BLOCKED_TOKEN: Query limit exceeded, token blocked until 2025-12-11 02:02:15","{""_seconds"":1765414788,""_nanoseconds"":922000000}"
tAg5Du5Ji45zPcbNHw5s,9002592400207,85403,failed,"ERROR_BLOCKED_TOKEN: Query limit exceeded, token blocked until 2025-12-11 23:56:37","{""_seconds"":1765492444,""_nanoseconds"":519000000}"
tCjSKAuM8exLJBJ0qR0a,4251897512916,78659,success,Successfully synced to BaseLinker,"{""_seconds"":1765754936,""_nanoseconds"":228000000}"
tGV7cIEB22zgpAiz9tLX,SKU-6369067650,78659,failed,BaseLinker request failed after retries,"{""_seconds"":1766085188,""_nanoseconds"":955000000}"
tWBd8tYH6PYPXIP6V7YJ,4009384341071,78659,failed,BaseLinker request failed after retries,"{""_seconds"":1766339996,""_nanoseconds"":223000000}"
tcAtg0z1jWY4cNkVb0mk,CALI13A,85403,failed,"ERROR_BLOCKED_TOKEN: Query limit exceeded, token blocked until 2025-12-11 23:56:37","{""_seconds"":1765492005,""_nanoseconds"":713000000}"
tdxG1USdsWxEf28SNY5J,da73cdf7-cc76-4f6e-bcbd-d6f8a5582665,84529,failed,"ERROR_BLOCKED_TOKEN: Query limit exceeded, token blocked until 2025-12-11 13:20:09","{""_seconds"":1765455217,""_nanoseconds"":859000000}"
tg6GgDPvhN9PRMxjYbrY,4013556577144,78659,success,Successfully synced to BaseLinker,"{""_seconds"":1766258828,""_nanoseconds"":901000000}"
tgaMpkSNVx0UbVFyj1Zc,4001969182901,85403,failed,"ERROR_BLOCKED_TOKEN: Query limit exceeded, token blocked until 2025-12-11 23:56:37","{""_seconds"":1765492022,""_nanoseconds"":135000000}"
thdtceUaYztQGolbMTMx,SKU-1612836881,78659,success,Successfully synced to BaseLinker,"{""_seconds"":1766082054,""_nanoseconds"":886000000}"
tlE5fKnnV0n9acJm8BlQ,4067888237931,85403,success,Successfully synced to BaseLinker,"{""_seconds"":1765734108,""_nanoseconds"":423000000}"
tnLgmfHWsCM7MO4LvwbV,4071003351342,78659,success,Successfully synced to BaseLinker,"{""_seconds"":1765749080,""_nanoseconds"":249000000}"
to2oAomdaBgtQzmKvW2Z,4260325431309,78659,success,Successfully synced to BaseLinker,"{""_seconds"":1765749584,""_nanoseconds"":348000000}"
tpsMZhI8WEwoNWRHSWAI,IPOZON-TRAMP-SCOOTER-MAX,78659,success,Successfully synced to BaseLinker,"{""_seconds"":1765044835,""_nanoseconds"":808000000}"
typxlhQptza7PTMbxx3t,11439b84-9171-4705-b423-18c9a2ccaa3b,85404,failed,"ERROR_BLOCKED_TOKEN: Query limit exceeded, token blocked until 2025-12-11 20:12:15","{""_seconds"":1765479860,""_nanoseconds"":346000000}"
tyvEBxzSwrM1g71lfBaP,4051814369841,85403,failed,"ENOENT: no such file or directory, open '/app/ebay/DE_New_Structure_(May2023).csv'","{""_seconds"":1765491871,""_nanoseconds"":58000000}"
u228QFG127CAq3rdqlDb,TANTOMI-ROLLTOP-36x48,85403,failed,"ERROR_BLOCKED_TOKEN: Query limit exceeded, token blocked until 2025-12-11 23:56:37","{""_seconds"":1765492196,""_nanoseconds"":172000000}"
u6qJTpt0d48Q45E2e0zW,4071003351342,78659,success,Successfully synced to BaseLinker,"{""_seconds"":1765755102,""_nanoseconds"":801000000}"
u8dRSvAv3G6ixUU3ShL5,4550457733144,85404,failed,"ERROR_BLOCKED_TOKEN: Query limit exceeded, token blocked until 2025-12-11 23:56:37","{""_seconds"":1765492038,""_nanoseconds"":604000000}"
uD9o4dY6IODNGQkUxtfZ,0000184164619,78659,success,Successfully synced to BaseLinker,"{""_seconds"":1765745909,""_nanoseconds"":802000000}"
uGgHIIROvYoPwZ4po3O6,038473870772,85404,failed,"ERROR_BLOCKED_TOKEN: Query limit exceeded, token blocked until 2025-12-11 23:56:37","{""_seconds"":1765492335,""_nanoseconds"":452000000}"
uGlNKBbNdTk39vuLAwEk,4067904005667,84529,success,Successfully synced to BaseLinker,"{""_seconds"":1765358637,""_nanoseconds"":196000000}"
uHduhDZe44ofXs5swct7,f5b8eda0-9388-4c2b-91b7-dd605a0e511e,78659,success,Successfully synced to BaseLinker,"{""_seconds"":1765755428,""_nanoseconds"":905000000}"
uMMuE3J7RLpkqQFEIibG,8445110446065,78659,success,Successfully synced to BaseLinker,"{""_seconds"":1765755626,""_nanoseconds"":299000000}"
uQow2ZtTfku7yZb5YmSd,4064232428991,78659,success,Successfully synced to BaseLinker,"{""_seconds"":1765755495,""_nanoseconds"":310000000}"
uSF5dk4W5yyYAMaLI3Rr,9014400001384,78659,success,Successfully synced to BaseLinker,"{""_seconds"":1765755857,""_nanoseconds"":344000000}"
uT6FhvKcJvsOxaU4Q7Ag,SKU-1782951292,78659,success,Successfully synced to BaseLinker,"{""_seconds"":1766396184,""_nanoseconds"":474000000}"
uVRwRIZbp1CXEbvQNjrT,TANTOMI-ROLLTOP-36x48,85403,failed,"ERROR_BLOCKED_TOKEN: Query limit exceeded, token blocked until 2025-12-11 23:56:37","{""_seconds"":1765492196,""_nanoseconds"":100000000}"
uWW66K3UN44vWn6WfDwm,4710069709269,78659,success,Successfully synced to BaseLinker,"{""_seconds"":1765044829,""_nanoseconds"":547000000}"
uWsawaLrGWymn08rKWeY,4067904336044,85403,success,Successfully synced to BaseLinker,"{""_seconds"":1765716278,""_nanoseconds"":568000000}"
uXfWcXaiRilHpBe6Qwz1,SKU-7473377331,78659,failed,ERROR_INVALID_DATA: Incorrect text field identifier: extra_description_1,"{""_seconds"":1766279552,""_nanoseconds"":439000000}"
uc41v9ZbGss1mdn7dqz7,3cab2925-3136-4d57-b76a-c4ba5e886594,85403,success,Successfully synced to BaseLinker,"{""_seconds"":1765724977,""_nanoseconds"":784000000}"
udemY38qbTEh2ZChbLZ6,villa-grinario-spannbettuch-100x200-grau-kiesel,85404,failed,"ERROR_BLOCKED_TOKEN: Query limit exceeded, token blocked until 2025-12-11 23:56:37","{""_seconds"":1765492253,""_nanoseconds"":262000000}"
ugYi4LoeVGeMF6amDQVN,8720828172452,78659,success,Successfully synced to BaseLinker,"{""_seconds"":1766346452,""_nanoseconds"":232000000}"
uhLS3JuwoYJkWHNWQ6bk,195969554562,84529,success,Successfully synced to BaseLinker,"{""_seconds"":1765045595,""_nanoseconds"":395000000}"
ukIkm2DDLcv6UdRv67EY,5900811829102,78659,success,Successfully synced to BaseLinker,"{""_seconds"":1766346209,""_nanoseconds"":711000000}"
un1ceFPSIQ4bcttmHvEv,11439b84-9171-4705-b423-18c9a2ccaa3b,84529,failed,"ERROR_BLOCKED_TOKEN: Query limit exceeded, token blocked until 2025-12-10 10:48:39","{""_seconds"":1765359769,""_nanoseconds"":642000000}"
upfqibxItTDIAYy0lbf5,6941123909198,,failed,Inventory ID fehlt,"{""_seconds"":1765455051,""_nanoseconds"":81000000}"
ut0EQ7zJfKLTpItjjeTU,4052212121253,84529,failed,"ERROR_BLOCKED_TOKEN: Query limit exceeded, token blocked until 2025-12-11 13:20:09","{""_seconds"":1765455109,""_nanoseconds"":420000000}"
uufxkvHqT4vD8F2iiPxu,4019336589644,78659,success,Successfully synced to BaseLinker,"{""_seconds"":1765754731,""_nanoseconds"":793000000}"
uukOzbhfEUDweQxtp619,6971763600575,78659,success,Successfully synced to BaseLinker,"{""_seconds"":1765926414,""_nanoseconds"":386000000}"
uurK8LeH87vxasiKFXKS,4066755796946,78659,success,Successfully synced to BaseLinker,"{""_seconds"":1765748927,""_nanoseconds"":250000000}"
uyHCPdWI8QjUaCbn848C,SKU-2152217706,78659,success,Successfully synced to BaseLinker,"{""_seconds"":1766083936,""_nanoseconds"":856000000}"
v08wE37k0zB0z4ETh1BI,3666354875564,85404,failed,"ENOENT: no such file or directory, open '/app/kaufland/category_tree_all_languages.csv'","{""_seconds"":1765491992,""_nanoseconds"":521000000}"
v3M6QOG1Z8PnfdJM4wth,8052694010041,78659,failed,BaseLinker request failed after retries,"{""_seconds"":1766341819,""_nanoseconds"":313000000}"
v8R3sw6dbwt4VQt5M7D2,4067904005667,85403,success,Successfully synced to BaseLinker,"{""_seconds"":1765734120,""_nanoseconds"":226000000}"
vETrlobQY5ZMO2Xt6Num,6972200196132,78659,success,Successfully synced to BaseLinker,"{""_seconds"":1765358594,""_nanoseconds"":832000000}"
vFEYkZUTp4SQaC91urTu,YY-4RPW-M2TR,84529,failed,"ERROR_BLOCKED_TOKEN: Query limit exceeded, token blocked until 2025-12-10 22:21:56","{""_seconds"":1765401174,""_nanoseconds"":91000000}"
vGM3uUsKEPs1oDL8x1N3,SKU-1181918814,78659,success,Successfully synced to BaseLinker,"{""_seconds"":1766156211,""_nanoseconds"":454000000}"
vGjVqYcdsg8LhkQoWk8f,SKU-6346907299,78659,failed,BaseLinker request failed after retries,"{""_seconds"":1766084887,""_nanoseconds"":494000000}"
vIw0v8nz1BrC5OJdI22t,4052138013946,78659,success,Successfully synced to BaseLinker,"{""_seconds"":1765757332,""_nanoseconds"":889000000}"
vJjtJhHh0AahY3DUhSU1,9014400100650,84529,success,Successfully synced to BaseLinker,"{""_seconds"":1765050752,""_nanoseconds"":753000000}"
vKh6I4aSjwKsWyhKEoS0,4066755796946,84529,success,Successfully synced to BaseLinker,"{""_seconds"":1765045594,""_nanoseconds"":94000000}"
vKl1UUUnpd2mqhOStGKU,08690885205328,85403,success,Successfully synced to BaseLinker,"{""_seconds"":1765724091,""_nanoseconds"":973000000}"
vNJtGZvuzGHnQa5ygzo1,5712929568831,78659,success,Successfully synced to BaseLinker,"{""_seconds"":1765755591,""_nanoseconds"":35000000}"
vRuZl5NNaBBUewhKZFNv,brandson-wdp-301480,78659,success,Successfully synced to BaseLinker,"{""_seconds"":1765044818,""_nanoseconds"":781000000}"
vSbsPO0TrhjeByEW1npD,FUVSHU-BT-Y02,78659,success,Successfully synced to BaseLinker,"{""_seconds"":1765759437,""_nanoseconds"":61000000}"
vT7GlHHJgptMXLwD6bP6,724e63e8-7ef6-4c6e-88f6-579cf80a1e61,78659,success,Successfully synced to BaseLinker,"{""_seconds"":1765751101,""_nanoseconds"":291000000}"
vTF5UtuA715yk722UH6B,8720637479520,84529,success,Successfully synced to BaseLinker,"{""_seconds"":1765045598,""_nanoseconds"":942000000}"
vZcdw6IvZeMGbpM2YqrY,8720637479520,84529,failed,"ERROR_BLOCKED_TOKEN: Query limit exceeded, token blocked until 2025-12-10 10:48:39","{""_seconds"":1765359569,""_nanoseconds"":757000000}"
vcISEl3I4kMTRaxxG2hM,315ecb79-6893-4245-8804-265ddd68e97f,78659,success,Successfully synced to BaseLinker,"{""_seconds"":1765754216,""_nanoseconds"":979000000}"
vkJyUw6JfPZCMXOay30b,0197642799963,85404,failed,"ENOENT: no such file or directory, open '/app/kaufland/category_tree_int_all_languages - 📕 category_tree_all_languages.csv'","{""_seconds"":1765478377,""_nanoseconds"":841000000}"
vknvJaBMtEPgGAu5TxF8,0197642799963,84529,success,Successfully synced to BaseLinker,"{""_seconds"":1765359465,""_nanoseconds"":709000000}"
vnuk0MGN2px4K3qMR33n,9783036957814,78659,success,Successfully synced to BaseLinker,"{""_seconds"":1765751984,""_nanoseconds"":753000000}"
vtUeLjLCeoCLZQNAHPO8,SKU-0000524938,78659,success,Successfully synced to BaseLinker,"{""_seconds"":1766080838,""_nanoseconds"":675000000}"
vurKdxfzzJY1hmYtQDJ4,9783417288889,84529,failed,"ERROR_BLOCKED_TOKEN: Query limit exceeded, token blocked until 2025-12-10 10:34:55","{""_seconds"":1765359071,""_nanoseconds"":279000000}"
w04EQUKqAa1KdoMwDfeS,8f973329-18be-4898-aef7-5359c6b0c136,84529,success,Successfully synced to BaseLinker,"{""_seconds"":1765358637,""_nanoseconds"":3000000}"
w2xJJ3blEuP0LjypHhER,0197967813450,78659,success,Successfully synced to BaseLinker,"{""_seconds"":1765753540,""_nanoseconds"":825000000}"
w60wRXPxfdIqtsqhVvu3,4250056064101,78659,success,Successfully synced to BaseLinker,"{""_seconds"":1765755497,""_nanoseconds"":514000000}"
w8c98yUSECiq0KkxEU2m,4550457733144,85403,success,Successfully synced to BaseLinker,"{""_seconds"":1765735151,""_nanoseconds"":125000000}"
w8hIadYO2p3f6x94QChC,SKU-5037405516,78659,success,Successfully synced to BaseLinker,"{""_seconds"":1766269953,""_nanoseconds"":911000000}"
wCDePQAdfI3BbZTnakZD,TANTOMI-ROLLTOP-36x48,78659,success,Successfully synced to BaseLinker,"{""_seconds"":1765044830,""_nanoseconds"":505000000}"
wCTPrwNC4GhH36CcxLTE,4000530650139,78659,success,Successfully synced to BaseLinker,"{""_seconds"":1765044832,""_nanoseconds"":561000000}"
wD0yWJnLwcvWnq3p9TvR,0197967813450,84529,success,Successfully synced to BaseLinker,"{""_seconds"":1765045597,""_nanoseconds"":461000000}"
wDk9WG2dEkc36h4wwaUy,0197642799963,85404,failed,"ENOENT: no such file or directory, open '/app/kaufland/category_tree_all_languages.csv'","{""_seconds"":1765489427,""_nanoseconds"":45000000}"
wFRHQPWy95Ihh6EKdRRM,9014400100650,78659,success,Successfully synced to BaseLinker,"{""_seconds"":1765755759,""_nanoseconds"":540000000}"
wIY1SxFOhvbTsSl8f9Ho,4013556577120,78659,success,Successfully synced to BaseLinker,"{""_seconds"":1766337124,""_nanoseconds"":304000000}"
wOH3GancHtoq6kVcllM8,4063425163489,78659,success,Successfully synced to BaseLinker,"{""_seconds"":1765044833,""_nanoseconds"":655000000}"
wTRmF40tTjdpAZ3LqAz2,7e83322c-3ad7-4210-bcfb-8069ae09aa03,85403,failed,"ENOENT: no such file or directory, open '/app/ebay/DE_New_Structure_(May2023).csv'","{""_seconds"":1765491919,""_nanoseconds"":634000000}"
wUQ9KSHNroPjmDpcVm3O,SKU-1782951292,78659,success,Successfully synced to BaseLinker,"{""_seconds"":1766336289,""_nanoseconds"":360000000}"
wVOl7O1PIuht4Ww0tJZI,4064232428991,84529,success,Successfully synced to BaseLinker,"{""_seconds"":1765045600,""_nanoseconds"":76000000}"
wVggzBktBRwQD1tBNIDH,6941123909198,78659,success,Successfully synced to BaseLinker,"{""_seconds"":1765750961,""_nanoseconds"":967000000}"
wYvWUfwyXNmVjZGmYjoU,4009384458304,78659,success,Successfully synced to BaseLinker,"{""_seconds"":1766346452,""_nanoseconds"":693000000}"
wcz4V7H8OMLNiK2ua12P,4523e3f3-ba12-4d17-a2af-26af72a8a36e,84529,failed,"ERROR_BLOCKED_TOKEN: Query limit exceeded, token blocked until 2025-12-11 13:20:09","{""_seconds"":1765455191,""_nanoseconds"":868000000}"
wiN00ODSkXj9gzujurCX,DQTGD01300W-300W-LED-FLOOD-1,78659,success,Successfully synced to BaseLinker,"{""_seconds"":1765044834,""_nanoseconds"":720000000}"
wlSL8fQi4MC2i0s6QY4K,CALI13A,78659,success,Successfully synced to BaseLinker,"{""_seconds"":1765752953,""_nanoseconds"":151000000}"
wpQHaKzbsXrX49i8FPWu,9783956193242,84529,success,Successfully synced to BaseLinker,"{""_seconds"":1765358639,""_nanoseconds"":344000000}"
wvAXoAwcrPyFwGCDqIRV,5059862390069,84529,success,Successfully synced to BaseLinker,"{""_seconds"":1765358630,""_nanoseconds"":521000000}"
wvwYoDTLPAIm5fjt9nL6,913258-06-CJW0603,78659,success,Successfully synced to BaseLinker,"{""_seconds"":1765755813,""_nanoseconds"":500000000}"
ww5wrmO1Q37ZwI7pGzc5,0060cdec-9193-411b-af64-4754ca0226bd,78659,success,Successfully synced to BaseLinker,"{""_seconds"":1766339326,""_nanoseconds"":615000000}"
wwn8fFZKXClDjJwpm7vT,SKU-2123165909,78659,success,Successfully synced to BaseLinker,"{""_seconds"":1766338640,""_nanoseconds"":0}"
wyAZyuZJ57EQAAatRozE,3662775243128,78659,failed,BaseLinker request failed after retries,"{""_seconds"":1766520740,""_nanoseconds"":639000000}"
wzoIPcB40ZpdOrv81l3t,4009384341071,78659,success,Successfully synced to BaseLinker,"{""_seconds"":1766346015,""_nanoseconds"":157000000}"
x60iOozHjWFbVYwLiLfY,0000184164619,85403,success,Successfully synced to BaseLinker,"{""_seconds"":1765713099,""_nanoseconds"":632000000}"
x74FvO4YkUAcJf29Ds3e,4052138013946,78659,success,Successfully synced to BaseLinker,"{""_seconds"":1765358592,""_nanoseconds"":713000000}"
xAUgx96ogu3hfhWHnpPy,YY-4RPW-M2TR,85404,failed,"ERROR_BLOCKED_TOKEN: Query limit exceeded, token blocked until 2025-12-11 23:56:37","{""_seconds"":1765492096,""_nanoseconds"":648000000}"
xAs1Rm8zp5b988J9BBPy,1400a930-65f8-4363-8402-af31839e4d42,78659,success,Successfully synced to BaseLinker,"{""_seconds"":1765746400,""_nanoseconds"":175000000}"
xCFu6HaF6QhIvGY4XO4j,4067904336044,78659,success,Successfully synced to BaseLinker,"{""_seconds"":1765748964,""_nanoseconds"":158000000}"
xD43w3UNbPMAnFPZ7iiJ,315ecb79-6893-4245-8804-265ddd68e97f,85403,success,Successfully synced to BaseLinker,"{""_seconds"":1765714388,""_nanoseconds"":376000000}"
xGCdCkZomSADyBMoFW1g,9786158181617,85404,failed,"ENOENT: no such file or directory, open '/app/kaufland/category_tree_all_languages.csv'","{""_seconds"":1765489438,""_nanoseconds"":952000000}"
xIlenT3KtocTUNjVcw7k,SKU-1153910217,78659,success,Successfully synced to BaseLinker,"{""_seconds"":1766157999,""_nanoseconds"":564000000}"
xMA7FBcoiXeHh66c6Ahf,9523709033415,78659,success,Successfully synced to BaseLinker,"{""_seconds"":1765751786,""_nanoseconds"":949000000}"
xN8tObceARa9wMgKOGQA,4550457733175,78659,success,Successfully synced to BaseLinker,"{""_seconds"":1765749885,""_nanoseconds"":368000000}"
xOuP8Uc7DSNPZnsV12tX,4099983384487,85403,success,Successfully synced to BaseLinker,"{""_seconds"":1765734336,""_nanoseconds"":422000000}"
xaGAiVhliBPOmgFD6V64,4064232428991,84529,failed,"ERROR_BLOCKED_TOKEN: Query limit exceeded, token blocked until 2025-12-10 10:48:39","{""_seconds"":1765359827,""_nanoseconds"":956000000}"
xauFYfQqhDfzGy8T0Mfq,9014400035983,78659,success,Successfully synced to BaseLinker,"{""_seconds"":1765755857,""_nanoseconds"":981000000}"
xecfHcLkKtSP9cT5FUCI,9783036957814,84529,failed,"ERROR_BLOCKED_TOKEN: Query limit exceeded, token blocked until 2025-12-10 10:34:55","{""_seconds"":1765359062,""_nanoseconds"":947000000}"
xnReklqP0hi3mFRTQGtG,4007386251480,78659,success,Successfully synced to BaseLinker,"{""_seconds"":1765754678,""_nanoseconds"":975000000}"
xorwgAOC82W50JmlJwsI,0c0d0689-9ec6-44eb-b215-9e0256b1ea13,78659,success,Successfully synced to BaseLinker,"{""_seconds"":1765926286,""_nanoseconds"":376000000}"
xuzunusGx6aIZacaKhiS,9002592485129,84529,failed,"ERROR_BLOCKED_TOKEN: Query limit exceeded, token blocked until 2025-12-10 22:21:56","{""_seconds"":1765401224,""_nanoseconds"":412000000}"
xwWss2NhrBpNiWEzd9xW,9014400103538,78659,success,Successfully synced to BaseLinker,"{""_seconds"":1765759488,""_nanoseconds"":937000000}"
xxy46e4oAd6NUsi0mnCs,9783965940628,78659,success,Successfully synced to BaseLinker,"{""_seconds"":1765757043,""_nanoseconds"":839000000}"
y0YItcjJCZLl7fBNZEpr,9014400293437,84529,success,Successfully synced to BaseLinker,"{""_seconds"":1765050753,""_nanoseconds"":400000000}"
y8UgMvnD7DyDakmtT3yD,SKU-9988960743,78659,success,Successfully synced to BaseLinker,"{""_seconds"":1765965048,""_nanoseconds"":287000000}"
y9bUkHa4mm4LTpaPuwFs,7e83322c-3ad7-4210-bcfb-8069ae09aa03,85404,failed,"ENOENT: no such file or directory, open '/app/kaufland/category_tree_all_languages.csv'","{""_seconds"":1765491980,""_nanoseconds"":886000000}"
yAVVcwZmGpyMSGxo9J9T,8436579110321,85404,failed,"ERROR_BLOCKED_TOKEN: Query limit exceeded, token blocked until 2025-12-11 19:50:25","{""_seconds"":1765478533,""_nanoseconds"":35000000}"
yAm9ZqAhr2KmGCSjcrwq,4007114298916,85404,failed,"ERROR_BLOCKED_TOKEN: Query limit exceeded, token blocked until 2025-12-11 19:50:25","{""_seconds"":1765478516,""_nanoseconds"":648000000}"
yFB37ceWCKw75CIuN6tD,4067888237931,78659,success,Successfully synced to BaseLinker,"{""_seconds"":1765755098,""_nanoseconds"":446000000}"
yKAODZ4ORXuMGepoJS5P,4250056064101,85403,failed,"ERROR_BLOCKED_TOKEN: Query limit exceeded, token blocked until 2025-12-11 23:56:37","{""_seconds"":1765492419,""_nanoseconds"":992000000}"
yLqZhSA6webAgS4UdUSR,4001969182901,85403,failed,"ERROR_BLOCKED_TOKEN: Query limit exceeded, token blocked until 2025-12-11 23:56:37","{""_seconds"":1765492021,""_nanoseconds"":998000000}"
yOa65ONpxGj4lPyrZyGW,9014400105389,78659,success,Successfully synced to BaseLinker,"{""_seconds"":1765759490,""_nanoseconds"":159000000}"
yPE7aAgpSTOPoi1yf1gA,3346130009603,85403,success,Successfully synced to BaseLinker,"{""_seconds"":1765732862,""_nanoseconds"":354000000}"
yR6ouq1xMkHMvvNwT9ML,3cab2925-3136-4d57-b76a-c4ba5e886594,84529,failed,"ERROR_BLOCKED_TOKEN: Query limit exceeded, token blocked until 2025-12-10 10:48:39","{""_seconds"":1765359727,""_nanoseconds"":940000000}"
yRk4LHTHxcyDUMl35Bi6,8720637479520,84529,failed,"ERROR_BLOCKED_TOKEN: Query limit exceeded, token blocked until 2025-12-10 10:34:55","{""_seconds"":1765358795,""_nanoseconds"":865000000}"
ySEXAgUXhDH6vZwR3CF1,9783845118116,78659,success,Successfully synced to BaseLinker,"{""_seconds"":1765755731,""_nanoseconds"":800000000}"
yT7sSt7pAJVFJcrNTdWG,f7213c35-e77b-4d51-8684-776eceb8a002,85403,failed,"ERROR_BLOCKED_TOKEN: Query limit exceeded, token blocked until 2025-12-11 23:56:37","{""_seconds"":1765492394,""_nanoseconds"":816000000}"
yUNS85Tzw4VjwpIgFTYb,9014400103538,78659,success,Successfully synced to BaseLinker,"{""_seconds"":1765759261,""_nanoseconds"":911000000}"
yZrQpLsSKDvhshIyP5D7,4071003351342,85404,failed,"ERROR_BLOCKED_TOKEN: Query limit exceeded, token blocked until 2025-12-11 23:56:37","{""_seconds"":1765492104,""_nanoseconds"":733000000}"
yaNkFU6poDLjkU4jMeL6,brandson-windmaschine-30cm-unknown-ean,85404,failed,"ERROR_BLOCKED_TOKEN: Query limit exceeded, token blocked until 2025-12-11 19:50:25","{""_seconds"":1765478557,""_nanoseconds"":833000000}"
ycZ0wCKMD1SuGFRhbOIR,0002592484122,85403,failed,"ERROR_BLOCKED_TOKEN: Query limit exceeded, token blocked until 2025-12-11 23:56:37","{""_seconds"":1765492370,""_nanoseconds"":75000000}"
ydU6DD9ms5mCjrgsP8iB,alpinefun-holzschlitten,78659,failed,"ERROR_BLOCKED_TOKEN: Query limit exceeded, token blocked until 2025-12-11 13:20:09","{""_seconds"":1765455158,""_nanoseconds"":615000000}"
yigbGmleRrBR7wSyEpgy,9014400103538,84529,success,Successfully synced to BaseLinker,"{""_seconds"":1765050886,""_nanoseconds"":467000000}"
ykmYfYwWQVokj4mwBGNN,4251307280879,84529,failed,"ERROR_BLOCKED_TOKEN: Query limit exceeded, token blocked until 2025-12-10 10:34:55","{""_seconds"":1765359054,""_nanoseconds"":780000000}"
ylWPWse92Tocuu16CgBd,4710069708958,85403,success,Successfully synced to BaseLinker,"{""_seconds"":1765735271,""_nanoseconds"":634000000}"
yn04fe92KWoJKM7Eh1zE,9014400100650,78659,success,Successfully synced to BaseLinker,"{""_seconds"":1765751578,""_nanoseconds"":736000000}"
yna2hKM0XSAq1g6RcT9A,villa-grinario-spannbettuch-100x200-grau-kiesel,78659,success,Successfully synced to BaseLinker,"{""_seconds"":1765358596,""_nanoseconds"":370000000}"
ynfhBR5m41falPXQnUJr,6972200196132,85404,failed,Kategorie konnte für Inventory 85404 nicht ermittelt werden (Produkt 6972200196132),"{""_seconds"":1765503616,""_nanoseconds"":97000000}"
youCII5FXhSm3xVXZNSm,SKU-8367978772,78659,failed,BaseLinker request failed after retries,"{""_seconds"":1766342449,""_nanoseconds"":510000000}"
ypbVfWc2VdGulVnfxpt7,0197967813450,78659,success,Successfully synced to BaseLinker,"{""_seconds"":1765746136,""_nanoseconds"":865000000}"
ytQfIH6AnR61qRZutq4T,b3c3d282-2b8a-4db8-b8a4-db96fa96a4d1,85403,failed,"ERROR_BLOCKED_TOKEN: Query limit exceeded, token blocked until 2025-12-11 23:56:37","{""_seconds"":1765492071,""_nanoseconds"":670000000}"
yuNvdlfjVnLx1ZULxrbz,85010130,84529,failed,"ERROR_BLOCKED_TOKEN: Query limit exceeded, token blocked until 2025-12-10 22:21:56","{""_seconds"":1765401191,""_nanoseconds"":29000000}"
yvGy2gutVbEnwULF2RdO,4550457733175,78659,success,Successfully synced to BaseLinker,"{""_seconds"":1765757525,""_nanoseconds"":357000000}"
ywJLN6aFML9YuKzQRLqs,4250056064101,85403,failed,"ERROR_BLOCKED_TOKEN: Query limit exceeded, token blocked until 2025-12-11 23:56:37","{""_seconds"":1765492419,""_nanoseconds"":808000000}"
yycJzZ7Yjw3JE2SplZ0t,4006825642452,78659,success,Successfully synced to BaseLinker,"{""_seconds"":1765926350,""_nanoseconds"":704000000}"
yzPKNdqqY45jtl5dOyqf,b3c3d282-2b8a-4db8-b8a4-db96fa96a4d1,84529,failed,"ERROR_BLOCKED_TOKEN: Query limit exceeded, token blocked until 2025-12-10 22:21:56","{""_seconds"":1765401124,""_nanoseconds"":753000000}"
z1Kzzgf1CwfDMzLxwCpp,SKU-2633108165,78659,success,Successfully synced to BaseLinker,"{""_seconds"":1766338642,""_nanoseconds"":73000000}"
zCZWFE2RB7xJsGN4Lj15,villa-grinario-spannbetttuch-100x200-gruen,78659,success,Successfully synced to BaseLinker,"{""_seconds"":1765044831,""_nanoseconds"":910000000}"
zIz6A6twU2upMoKnEbUT,4067904005667,78659,success,Successfully synced to BaseLinker,"{""_seconds"":1765755099,""_nanoseconds"":567000000}"
zKZbbFELOpqqk27eEfhJ,6922738000364,78659,success,Successfully synced to BaseLinker,"{""_seconds"":1766337268,""_nanoseconds"":305000000}"
zKv6sK9HJCDTl5d13Ebe,9002592485129,84529,failed,"ERROR_BLOCKED_TOKEN: Query limit exceeded, token blocked until 2025-12-11 13:20:09","{""_seconds"":1765455183,""_nanoseconds"":550000000}"
zOtyIA2ukyd8AdApIptB,197967919923,84529,success,Successfully synced to BaseLinker,"{""_seconds"":1765045589,""_nanoseconds"":223000000}"
zQ0fanRO52fmpHIPs5vM,X00173R33T,85404,failed,"ERROR_BLOCKED_TOKEN: Query limit exceeded, token blocked until 2025-12-11 19:50:25","{""_seconds"":1765478566,""_nanoseconds"":215000000}"
zRIMEEv24M9xIXm1BPJj,4067888237931,84529,failed,"ERROR_BLOCKED_TOKEN: Query limit exceeded, token blocked until 2025-12-11 13:20:09","{""_seconds"":1765455293,""_nanoseconds"":731000000}"
zTWsLE1VzXVYBMWpcBtd,4064232428991,78659,success,Successfully synced to BaseLinker,"{""_seconds"":1765748802,""_nanoseconds"":258000000}"
zWVKkr7cQv8osgTKL9TD,8718309101547,78659,success,Successfully synced to BaseLinker,"{""_seconds"":1765755752,""_nanoseconds"":894000000}"
zYC448dnkmhpvq7cCVjF,4067888237931,84529,success,Successfully synced to BaseLinker,"{""_seconds"":1765359480,""_nanoseconds"":143000000}"
zYTiFgzt5AzhFus0JPp1,9783965940628,84529,failed,"ERROR_BLOCKED_TOKEN: Query limit exceeded, token blocked until 2025-12-11 13:20:09","{""_seconds"":1765455042,""_nanoseconds"":596000000}"
zZZpgRARUtvjgYEYxPtf,4013288218780,84529,failed,"ERROR_BLOCKED_TOKEN: Query limit exceeded, token blocked until 2025-12-10 10:34:55","{""_seconds"":1765359038,""_nanoseconds"":132000000}"
zb9SFdueCrPt9VCOQtX3,4066755796946,85404,failed,"ERROR_BLOCKED_TOKEN: Query limit exceeded, token blocked until 2025-12-11 23:56:37","{""_seconds"":1765492047,""_nanoseconds"":89000000}"
zfV0u7QpaPAhtIZy2aw5,4067897661963,85404,failed,"ERROR_BLOCKED_TOKEN: Query limit exceeded, token blocked until 2025-12-11 23:56:37","{""_seconds"":1765492005,""_nanoseconds"":479000000}"
ziTlYpiIzxLs08b9RozW,5712929568831,85403,failed,"ERROR_BLOCKED_TOKEN: Query limit exceeded, token blocked until 2025-12-11 23:56:37","{""_seconds"":1765492477,""_nanoseconds"":556000000}"
zooaDlzBuAjTqKndg2X6,4061418025265,78659,success,Successfully synced to BaseLinker,"{""_seconds"":1765748677,""_nanoseconds"":451000000}"
zov9WZxlJ4UxdBzOiObI,SKU-5780092798,78659,success,Successfully synced to BaseLinker,"{""_seconds"":1766090117,""_nanoseconds"":653000000}"
zqY0yUpkcNtnMxsWv4yB,SKU-4607569519,78659,success,Successfully synced to BaseLinker,"{""_seconds"":1766338927,""_nanoseconds"":722000000}"
zrrvrCeQPrEU4jgiGmpq,brandson-wdp-301480,78659,failed,"ERROR_BLOCKED_TOKEN: Query limit exceeded, token blocked until 2025-12-11 02:02:15","{""_seconds"":1765414520,""_nanoseconds"":911000000}"
zuLhyIgq53zgZ2pBB9CD,6954850111741,78659,success,Successfully synced to BaseLinker,"{""_seconds"":1766353911,""_nanoseconds"":978000000}"
zuNfieUuPfaOfxOza1kC,SKU-3992211748,78659,success,Successfully synced to BaseLinker,"{""_seconds"":1766418056,""_nanoseconds"":55000000}"