bl_product_id;bl_sku;bl_name;bl_manufacturer;avy_product_id;avy_sku;avy_name;avy_brand;match_source;title_match;brand_match
449821041;SKU-8133187753;VILLA GRINARIO Spannbettlaken Gr. 100x200cm Baumwolle Rot;Villa Grinario;SKU-8133187753;SKU-8133187753;GULNABIO Spannbettlaken Gr. 100x200cm Baumwolle Rot;GULNABIO;ops.product_id;no;no
449821071;SKU-0172791378;Lululemon Yogamatte LU9AVOS BLK;lululemon;SKU-0172791378;SKU-0172791378;Lululemon Yogamatte LU9AVOS BLK;Lululemon;ops.product_id;yes;yes
449821110;SKU-9627368343;D-C-Fix Energiesparfolie 333-0000 90x200cm Erwachsene Kunststoff;d-c-fix;SKU-9627368343;SKU-9627368343;D-C-Fix Energiesparfolie 333-0000 90x200cm Erwachsene Kunststoff;D-C-Fix;ops.product_id;yes;yes
449821152;SKU-3588671475;Ratschen-Werkzeug Multi-Tool (Ratchet TT2628;Topeak;SKU-3588671475;SKU-3588671475;Ratschen-Werkzeug Multi-Tool (Ratchet TT2628;Topeak;ops.product_id;yes;yes
449821192;SKU-7499091535;Plancha-GrillplattexL Metall nicht angegeben;Ninja;SKU-7499091535;SKU-7499091535;Plancha-GrillplattexL Metall nicht angegeben;Ninja;ops.product_id;yes;yes
449821228;SKU-9073986145;Sägekettenöl;Ravenol;SKU-9073986145;SKU-9073986145;Sägekettenöl;RAVENOL;ops.product_id;yes;yes
449821266;SKU-4996518676;Radsport Satteltasche BAG29601;Topeak;SKU-4996518676;SKU-4996518676;Radsport Satteltasche BAG29601;Topeak;ops.product_id;yes;yes
449821333;SKU-4930006198;Tillvex Poolschlauch;tillvex;SKU-4930006198;SKU-4930006198;Tillvex Poolschlauch;Tillvex;ops.product_id;yes;yes
449821382;SKU-9603350817;Füllfederhalter Universal;;SKU-9603350817;SKU-9603350817;Füllfederhalter Universal;;ops.product_id;yes;no
449821438;SKU-0651722148;Oberrohrtasche TC2333B;Topeak;SKU-0651722148;SKU-0651722148;Oberrohrtasche TC2333B;Topeak;ops.product_id;yes;yes
449821480;SKU-4820097368;CRBTUMI Rolltop Rucksack;CRBTUMI;SKU-4820097368;SKU-4820097368;CRBTUMI Rolltop Rucksack;CRBTUMI;ops.product_id;yes;yes
449821521;SKU-6558668236;Blumtal Doppelrollo Lila 100% Polyester SKU-6558668236;Blumtal;SKU-6558668236;SKU-6558668236;Blumtal Doppelrollo Lila 100% Polyester SKU-6558668236;Blumtal;ops.product_id;yes;yes
449821560;SKU-9834509499;MSV Handtuchhalter Schwarz Metall;MSV;SKU-9834509499;SKU-9834509499;MSV Handtuchhalter Schwarz Metall;MSV;ops.product_id;yes;yes
449821605;SKU-4561934561;GLOCK Waffenkoffer SKU-4561934561 mit leichten Lagerspuren;GLOCK;SKU-4561934561;SKU-4561934561;GLOCK Waffenkoffer SKU-4561934561 mit leichten Lagerspuren;GLOCK;ops.product_id;yes;yes
449821653;SKU-5687802687;Homerella Badewanneneinlage UNIFLOW 88cm Alle Altersgruppen Gr. 88x39cm PVC;Homerella;SKU-5687802687;SKU-5687802687;Homerella Badewanneneinlage UNIFLOW 88cm Alle Altersgruppen Gr. 88x39cm PVC;Homerella;ops.product_id;yes;yes
449821704;SKU-0310087435;Villa Grinario Spannbettlaken SZ01 02144001 866200 104551 Erwachsene Ecru;Villa Grinario;SKU-0310087435;SKU-0310087435;Villa Grinario Spannbettlaken SZ01 02144001 866200 104551 Erwachsene Ecru;Villa Grinario;ops.product_id;yes;yes
449821746;SKU-6614383452;Leonardo Karaffe Swing ca. 21cm 1.2l Glas Transparent;Leonardo;SKU-6614383452;SKU-6614383452;Leonardo Karaffe Swing ca. 21cm 1.2l Glas Transparent;Leonardo;ops.product_id;yes;yes
449821792;SKU-7627745924;NEOLYMP Yogamatten;NEOLYMP;SKU-7627745924;SKU-7627745924;NEOLYMP Yogamatten;NEOLYMP;ops.product_id;yes;yes
449821837;SKU-4204090012;Villa Grinario Jersey-Spannbettuch ca. 90–100x200cm Erwachsene 100x200cm;Villa Grinario;SKU-4204090012;SKU-4204090012;Villa Grinario Jersey-Spannbettuch ca. 90–100x200cm Erwachsene 100x200cm;Villa Grinario;ops.product_id;yes;yes
449821878;SKU-1230781227;Villa Grinario Spannbettlaken SKU-1230781227 Gr. 100x200cm Grau Kiesel;Villa Grinario;SKU-1230781227;SKU-1230781227;Villa Grinario Spannbettlaken SKU-1230781227 Gr. 100x200cm Grau Kiesel;Villa Grinario;ops.product_id;yes;yes
449821915;SKU-6847456474;WOLTU Sitzmöbel SH69gr;WOLTU;SKU-6847456474;SKU-6847456474;WOLTU Sitzmöbel SH69gr;WOLTU;ops.product_id;yes;yes
449821953;SKU-9787450821;Bremermann Manuelle Nudelmaschine;bremermann;SKU-9787450821;SKU-9787450821;Bremermann Manuelle Nudelmaschine;Bremermann;ops.product_id;yes;yes
449821992;SKU-6928779778;Villa Grinario Spannbettlaken – Fester Sitz & weiche Baumwolle;Villa Grinario;;;;;;;
449822031;SKU-8640590578;Villa Grinario Spannbettlaken SKU-8640590578 Gr. 100x200cm Baumwolle;Villa Grinario;SKU-8640590578;SKU-8640590578;Villa Grinario Spannbettlaken SKU-8640590578 Gr. 100x200cm Baumwolle;Villa Grinario;ops.product_id;yes;yes
449822072;SKU-6603765179;Terry Fahrradzubehör 423 900 20;Terry;SKU-6603765179;SKU-6603765179;Terry Fahrradzubehör 423 900 20;Terry;ops.product_id;yes;yes
449822125;SKU-0785869755;Terry Radsport Fahrradsattel SKU-0785869755;Terry;SKU-0785869755;SKU-0785869755;Terry Radsport Fahrradsattel SKU-0785869755;Terry;ops.product_id;yes;yes
449822177;SKU-5799111421;Philips LED High Bay Hallenleuchte LV70007 266x167mm 200W Aluminium Schwarz;Philips;SKU-5799111421;SKU-5799111421;Philips LED High Bay Hallenleuchte LV70007 266x167mm 200W Aluminium Schwarz;Philips;ops.product_id;yes;yes
449822230;SKU-3149269291;Nidec Sankyo 445-0765157A Motorisierter Kartenleser Silber Grün Transparent;Nidec Sankyo;SKU-3149269291;SKU-3149269291;Nidec Sankyo 445-0765157A Motorisierter Kartenleser Silber Grün Transparent;Nidec Sankyo;ops.product_id;yes;yes
449822267;SKU-4349960147;WMF 07.2304.6380 Edelstahl Silber;WMF;SKU-4349960147;SKU-4349960147;WMF 07.2304.6380 Edelstahl Silber;WMF;ops.product_id;yes;yes
449822362;SKU-6830410442;FIREFIx Ofenrohr;FIREFIX;SKU-6830410442;SKU-6830410442;FIREFIx Ofenrohr;FIREFIx;ops.product_id;yes;yes
449822440;SKU-7237772440;Topeak Standpumpe TJB-UET1 NEU;Topeak;SKU-7237772440;SKU-7237772440;Standpumpe TJB-UET1;Topeak;ops.product_id;no;yes
449822551;SKU-8310896573;LUCI Pendelleuchte SKU-8310896573 38cm 220-240V Metall 240V Weiß;LUCI;SKU-8310896573;SKU-8310896573;Hängeleuchte Stahl pulverbeschichtet 38cm für Esstisch/Frühstücksbar IKEA;IKEA;ops.product_id;no;no
449822625;SKU-4212491486;Unbekannt Handpan 58cm Lackierter Stahl Schwarz matt;;SKU-4212491486;SKU-4212491486;Unbekannt Handpan 58cm Lackierter Stahl Schwarz matt;Unbekannt;ops.product_id;yes;no
449822721;SKU-2609353370;PROGARDEN Pflege;PROGARDEN;SKU-2609353370;SKU-2609353370;PROGARDEN Pflege;PROGARDEN;ops.product_id;yes;yes
449822798;SKU-2638580995;Bellabino Regal BB-0046-03-01;Bellabino;SKU-2638580995;SKU-2638580995;Bellabino Regal BB-0046-03-01;Bellabino;ops.product_id;yes;yes
449822902;SKU-0362404564;UBRAVOO Sitzerhöhung Stuhl ACE1013;UBRAVOO;SKU-0362404564;SKU-0362404564;UBRAVOO Sitzerhöhung Stuhl ACE1013;UBRAVOO;ops.product_id;yes;yes
449822976;SKU-0619911931;Tesvor Saugroboter S7 Pro AES;Tesvor;SKU-0619911931;SKU-0619911931;Tesvor Saugroboter S7 Pro AES;Tesvor;ops.product_id;yes;yes
449823072;SKU-4990478200;BBQ-Toro Woks 35.5cm;BBQ-Toro;SKU-4990478200;SKU-4990478200;BBQ-Toro Woks 35.5cm;BBQ-Toro;ops.product_id;yes;yes
449823156;SKU-1887574140;GUSSKÖNIG Dutch Oven Feuertopf;GUSSKÖNIG;SKU-1887574140;SKU-1887574140;GUSSKÖNIG Dutch Oven Feuertopf;GUSSKÖNIG;ops.product_id;yes;yes
449823262;SKU-3093460977;LLIVEKIT Heißluftfritteuse Dual-Zone 9L;LLIVEKIT;SKU-3093460977;SKU-3093460977;LLIVEKIT Heißluftfritteuse Dual-Zone 9L;LLIVEKIT;ops.product_id;yes;yes
449823357;SKU-3226209432;WOLTU Standregal RGB46ws nicht angegeben Weiß;WOLTU;SKU-3226209432;SKU-3226209432;WOLTU Standregal RGB46ws nicht angegeben Weiß;WOLTU;ops.product_id;yes;yes
449823462;SKU-5633394973;Classic Flyer Hörnerschlitten Davos ohne Lehne SKU-5633394973;Classic Flyer;SKU-5633394973;SKU-5633394973;Classic Flyer Hörnerschlitten Davos ohne Lehne SKU-5633394973;Classic Flyer;ops.product_id;yes;yes
449823557;SKU-5795572847;ADVENTURE Strandmuschel;ADVENTURE;SKU-5795572847;SKU-5795572847;ADVENTURE Strandmuschel;ADVENTURE;ops.product_id;yes;yes
449823701;SKU-4433223955;Yogamatte The Big Mat;lululemon;SKU-4433223955;SKU-4433223955;Yogamatte The Big Mat;;ops.product_id;yes;no
449823796;SKU-9142845763;WALSER Hagelschutzplane 30974;WALSER;SKU-9142845763;SKU-9142845763;WALSER Hagelschutzplane 30974;WALSER;ops.product_id;yes;yes
449823903;SKU-2965430996;Beliani Beistelltisch 407569 40cm Erwachsene;Beliani;SKU-2965430996;SKU-2965430996;Beliani Beistelltisch 407569 40cm Erwachsene;Beliani;ops.product_id;yes;yes
449823978;SKU-9671499764;Servierwagen Metall 68cm Küche Esszimmer Wohnzimmer;House Nordic;SKU-9671499764;SKU-9671499764;Servierwagen Metall 68cm Küche Esszimmer Wohnzimmer;House Nordic;ops.product_id;yes;yes
449824000;SKU-4017783375;LED Strahler Aluminium Wasserfest Staubdicht Verstellbar 300W;Blivrig;SKU-4017783375;SKU-4017783375;LED Strahler Aluminium Wasserfest Staubdicht Verstellbar 300W;Blivrig;ops.product_id;yes;yes
449824067;SKU-9820031170;YOLEO Kinderroller 931;YOLEO;SKU-9820031170;SKU-9820031170;YOLEO Kinderroller 931;YOLEO;ops.product_id;yes;yes
449824146;SKU-9031958971;Ninja Standmixer 2-in-1;Ninja;SKU-9031958971;SKU-9031958971;Ninja Standmixer 2-in-1;Ninja;ops.product_id;yes;yes
449824232;SKU-8747609895;QKIDS Tretroller;QKIDS;SKU-8747609895;SKU-8747609895;QKIDS Tretroller;QKIDS;ops.product_id;yes;yes
449824370;SKU-8605082485;Aqua Marina Stand-Up-Paddling Stand Up Paddle Board SKU-8605082485;Aqua Marina;SKU-8605082485;SKU-8605082485;Aqua Marina Stand-Up-Paddling Stand Up Paddle Board SKU-8605082485;Aqua Marina;ops.product_id;yes;yes
449824580;SKU-8151275535;FUVSHU UV-Matratzenstaubsauger Milbensauger Kabelgebunden;FUVSHU;SKU-8151275535;SKU-8151275535;FUVSHU UV-Matratzenstaubsauger Milbensauger Kabelgebunden;FUVSHU;ops.product_id;yes;yes
449824682;SKU-8004480244;Trotec Standventilator;TROTEC;SKU-8004480244;SKU-8004480244;Trotec Standventilator;Trotec;ops.product_id;yes;yes
449824776;SKU-6544112261;Ninja Heißluftfritteuse 9.5L;Ninja;SKU-6544112261;SKU-6544112261;Ninja Heißluftfritteuse 9.5L;Ninja;ops.product_id;yes;yes
449824939;SKU-5462953053;IPOZON Funsport Stunt-Scooter FOOT;IPOZON;SKU-5462953053;SKU-5462953053;IPOZON Funsport Stunt-Scooter FOOT;IPOZON;ops.product_id;yes;yes
449825163;SKU-4541440236;LEQISMART E-Scooter A11;LEQISMART;SKU-4541440236;SKU-4541440236;LEQISMART E-Scooter A11;LEQISMART;ops.product_id;yes;yes
449825443;SKU-3046032177;Der Tineco Floor One S5 revolutioniert Ihre Bodenpflege, indem er Saugen und Wischen in einem effizienten Schritt kombiniert. Dieser intelligente Akku-Hartbodenreiniger spart Ihnen wertvolle Zeit und;Tineco;SKU-3046032177;SKU-3046032177;;Tineco;ops.product_id;no;yes
449825783;SKU-2789683373;Brandson Standventilator 42;Brandson;SKU-2789683373;SKU-2789683373;Brandson Standventilator 42;Brandson;ops.product_id;yes;yes
449826140;SKU-2621538468;Brandson Tischventilator 30cm;Brandson;SKU-2621538468;SKU-2621538468;Brandson Tischventilator 30cm;Brandson;ops.product_id;yes;yes
454979099;SKU-1937479862;CampFeuer Erwachsene Sonnenliege Anthrazit;CampFeuer;SKU-1937479862;SKU-1937479862;CampFeuer Erwachsene Sonnenliege Anthrazit;CampFeuer;ops.product_id;yes;yes
458452967;SKU-7680238839;Polo Ralph Lauren Sneaker UnisexKinder Weiß Synthetik RF104105;Polo Ralph Lauren;SKU-7680238839;SKU-7680238839;Polo Ralph Lauren Sneaker UnisexKinder Weiß Synthetik RF104105;Polo Ralph Lauren;ops.product_id;yes;yes
458452983;SKU-8035511646;Brevillier's CRETACOLOR Pastellkreide Pastel Carré Künstler Hobbyzeichner;Brevillier's CRETACOLOR;SKU-8035511646;SKU-8035511646;Brevillier's CRETACOLOR Pastellkreide Pastel Carré Künstler Hobbyzeichner;Brevillier's CRETACOLOR;ops.product_id;yes;yes
458453008;SKU-8857013241;Paul Green Schnürschuhe Damen Schwarz Lackleder 2688-00x;Paul Green;SKU-8857013241;SKU-8857013241;Paul Green Schnürschuhe Damen Schwarz Lackleder 2688-00x;Paul Green;ops.product_id;yes;yes
458453019;SKU-5740515403;Altra Laufschuh Erwachsene Grau/Blau Textil Synthetik AL0A7R7G000-130;Altra;SKU-5740515403;SKU-5740515403;Altra Laufschuh Erwachsene Grau/Blau Textil Synthetik AL0A7R7G000-130;Altra;ops.product_id;yes;yes
458453020;SKU-2384804976;New Balance Sneaker Damen Rosa/Creme/Beige Wildleder Mesh 9060;New Balance;SKU-2384804976;SKU-2384804976;New Balance Sneaker Damen Rosa/Creme/Beige Wildleder Mesh 9060;New Balance;ops.product_id;yes;yes
458453023;SKU-3132130051;Skechers Sneaker Herren Gr. 41 EU Weiß Synthetik 12430;Skechers;SKU-3132130051;SKU-3132130051;Skechers Sneaker Herren Gr. 41 EU Weiß Synthetik 12430;Skechers;ops.product_id;yes;yes
458453024;SKU-8317603092;Setex Matratzenschoner Noppen Classic Gr. 140x200cm;Setex;SKU-8317603092;SKU-8317603092;Setex Matratzenschoner Noppen Classic Gr. 140x200cm;Setex;ops.product_id;yes;yes
458453025;SKU-9428729031;Derby Rasierklingen;Derby;SKU-9428729031;SKU-9428729031;Derby Rasierklingen;Derby;ops.product_id;yes;yes
458453027;SKU-5091393302;Unbekannt B423K Laser-Tonerkartusche Standard Schwarz;JOIDWAY;SKU-5091393302;SKU-5091393302;Unbekannt B423K Laser-Tonerkartusche Standard Schwarz;Unbekannt;ops.product_id;yes;no
458453028;SKU-7926913408;Fahrradabdeckung 846236311;TOPTREK;SKU-7926913408;SKU-7926913408;Fahrradabdeckung 846236311;TOPTREK;ops.product_id;yes;yes
458453029;SKU-7049665224;H M Damen Strickjacke Hellblau Gr.xL Materialmix;H&M;SKU-7049665224;SKU-7049665224;H M Damen Strickjacke Hellblau Gr.xL Materialmix;H&M;ops.product_id;yes;yes
458453030;SKU-0280699295;H M Damen Pullover Rot Baumwolle;H&M;SKU-0280699295;SKU-0280699295;H M Damen Pullover Rot Baumwolle;H&M;ops.product_id;yes;yes
458453032;SKU-6099130668;Canon 718 Tonerkartusche Standard Schwarz;Canon;SKU-6099130668;SKU-6099130668;Canon 718 Tonerkartusche Standard Schwarz;Canon;ops.product_id;yes;yes
458453033;SKU-3095199472;Skechers Golfschuhe Damen Grau/Pink Mesh Synthetik 123029/GYPK;Skechers;SKU-3095199472;SKU-3095199472;Skechers Golfschuhe Damen Grau/Pink Mesh Synthetik 123029/GYPK;;ops.product_id;yes;no
458453039;SKU-4264334297;Lionelo Laufgitter Willow Ab Geburt;lionelo;SKU-4264334297;SKU-4264334297;Lionelo Laufgitter Willow Ab Geburt;Lionelo;ops.product_id;yes;yes
458453056;SKU-4008377248;Divasya Yoga Yogamatte Profi-Grip;Divasya Yoga;SKU-4008377248;SKU-4008377248;Divasya Yoga Yogamatte Profi-Grip;Divasya Yoga;ops.product_id;yes;yes
458453067;SKU-3818412905;Hermès Eau de Toilette;Hermès;SKU-3818412905;SKU-3818412905;Hermès Eau de Toilette;Hermès;ops.product_id;yes;yes
458453071;SKU-2566552410;Wera Bit-Satz 05057909001;Wera;SKU-2566552410;SKU-2566552410;Wera Bit-Satz 05057909001;Wera;ops.product_id;yes;yes
458453073;SKU-6586579725;CENTA-STAR Luxus Bettdecke 0870.00 Gr. 135x200cm;CENTA-STAR;SKU-6586579725;SKU-6586579725;CENTA-STAR Luxus Bettdecke 0870.00 Gr. 135x200cm;CENTA-STAR;ops.product_id;yes;yes
458453376;SKU-5740939127;Leonardo Schalen-Set 066652 Glas Transparent;Leonardo;SKU-5740939127;SKU-5740939127;Leonardo Schalen-Set 066652 Glas Transparent;Leonardo;ops.product_id;yes;yes
458454058;SKU-2636479706;VIDExGarden classic Winterschutz Frost-Schutzhaus;VIDEX Garden;SKU-2636479706;SKU-2636479706;VIDExGarden classic Winterschutz Frost-Schutzhaus;;ops.product_id;yes;no
458455660;SKU-8245288059;LICO Hallenschuhe Kinder Gr. 31 Pink Türkis Synthetik Textil 360652;LICO;SKU-8245288059;SKU-8245288059;LICO Hallenschuhe Kinder Gr. 31 Pink Türkis Synthetik Textil 360652;LICO;ops.product_id;yes;yes
458455688;SKU-8919591829;PLANAM Jungen Hose oliv/schwarz Gr. 170/176 NORIT Kids Trousers;PLANAM;SKU-8919591829;SKU-8919591829;PLANAM Jungen Hose oliv/schwarz Gr. 170/176 NORIT Kids Trousers;PLANAM;ops.product_id;yes;yes
458455710;SKU-6537574821;VCM Aufsatzwaschbecken 913794;VCM;SKU-6537574821;SKU-6537574821;VCM Aufsatzwaschbecken 913794;VCM;ops.product_id;yes;yes
458456175;SKU-2384085318;Seltmann Weiden Kaffeeservice 10006 Erwachsene Porzellan Schwarz;Seltmann Weiden;SKU-2384085318;SKU-2384085318;Seltmann Weiden Kaffeeservice 10006 Erwachsene Porzellan Schwarz;Seltmann Weiden;ops.product_id;yes;yes
458456261;SKU-8462375603;PUMA Sportschuh Damen Gr. 40 Schwarz Gummi 365208 02;Puma;SKU-8462375603;SKU-8462375603;PUMA Sportschuh Damen Gr. 40 Schwarz Gummi 365208 02;PUMA;ops.product_id;yes;yes
458456447;SKU-7151143475;Birkenstock Pantoletten Herren Sapphire Birko-Flor SKU-7151143475;Birkenstock;SKU-7151143475;SKU-7151143475;Birkenstock Pantoletten Herren Sapphire Birko-Flor SKU-7151143475;Birkenstock;ops.product_id;yes;yes
458456580;SKU-7290912165;Marco Tozzi Pumps Damen Gr. 37 Nude Synthetik (veloursähnlich 2-22451-43;Marco Tozzi;SKU-7290912165;SKU-7290912165;Marco Tozzi Pumps Damen Gr. 37 Nude Synthetik (veloursähnlich 2-22451-43;Marco Tozzi;ops.product_id;yes;yes
458456583;SKU-0114729665;Adidas Sneaker Herren Rot Wildleder H03474;Adidas;SKU-0114729665;SKU-0114729665;Adidas Sneaker Herren Rot Wildleder H03474;Adidas;ops.product_id;yes;yes
458456584;SKU-1419839651;Adidas Sneaker UnisexKinder Weiß/Schwarz Synthetik VS Switch 3 CF C;Adidas;SKU-1419839651;SKU-1419839651;Adidas Sneaker UnisexKinder Weiß/Schwarz Synthetik VS Switch 3 CF C;Adidas;ops.product_id;yes;yes
458456585;SKU-9146759920;Adidas Sneaker UnisexErwachsene Gr. 44 Weiß Leder Wildleder Samba LT;Adidas;SKU-9146759920;SKU-9146759920;Adidas Sneaker UnisexErwachsene Gr. 44 Weiß Leder Wildleder Samba LT;Adidas;ops.product_id;yes;yes
458456586;SKU-4660262942;Adidas Sneaker Herren Gr. 47 1/3 Core Black/Carbon (Schwarz Leder JI1897;Adidas;SKU-4660262942;SKU-4660262942;Adidas Sneaker Herren Gr. 47 1/3 Core Black/Carbon (Schwarz Leder JI1897;;ops.product_id;yes;no
458456587;SKU-0989494543;Adidas Sneaker Damen Gr. 38 2/3 Semi Pink/Red Glow Pink JS0254;Adidas;SKU-0989494543;SKU-0989494543;Adidas Sneaker Damen Gr. 38 2/3 Semi Pink/Red Glow Pink JS0254;Adidas;ops.product_id;yes;yes
458456589;SKU-2391228513;Adidas Sneaker Damen Gr. 38 Hellgrau Hellblau Wildleder Handball Spezial W;Adidas;SKU-2391228513;SKU-2391228513;Adidas Sneaker Damen Gr. 38 Hellgrau Hellblau Wildleder Handball Spezial W;Adidas;ops.product_id;yes;yes
458456590;SKU-9804667250;Adidas Sneaker Damen Gr. 38 2/3 Weiß Grün Leder Synthetik Wildleder;Adidas;SKU-9804667250;SKU-9804667250;Adidas Sneaker Damen Gr. 38 2/3 Weiß Grün Leder Synthetik Wildleder;Adidas;ops.product_id;yes;yes
458456592;SKU-5722168408;PUMA Sneaker UnisexErwachsene Gr. 6 Vivid Blue Vapor Gray SKU-5722168408;Puma;SKU-5722168408;SKU-5722168408;PUMA Sneaker UnisexErwachsene Gr. 6 Vivid Blue Vapor Gray SKU-5722168408;PUMA;ops.product_id;yes;yes
458456593;SKU-6673544963;PUMA Sneaker Damen Gr. 38 Weiß Leder Court Classico;Puma;SKU-6673544963;SKU-6673544963;PUMA Sneaker Damen Gr. 38 Weiß Leder Court Classico;PUMA;ops.product_id;yes;yes
458456653;SKU-2611077541;Glossyautoparts Nockenwelle Motor für EBY-1000335-1342 OE 1342M;Glossyautoparts;SKU-2611077541;SKU-2611077541;Glossyautoparts Nockenwelle Motor für diverse Fahrzeuge EBY-1000335-1342;Glossyautoparts;ops.product_id;no;yes
458456918;SKU-8380347833;Casey Stehleuchte DEL8LIT03-189;Casey;SKU-8380347833;SKU-8380347833;Casey Stehleuchte DEL8LIT03-189;Casey;ops.product_id;yes;yes
458457459;SKU-0698797502;Police Herren Geldbörse Braun Echtleder PT284.10054-03;Police;SKU-0698797502;SKU-0698797502;Police Herren Geldbörse Braun Echtleder PT284.10054-03;Police;ops.product_id;yes;yes
458459208;SKU-2561166298;Hodalump Herren Geldbörse Braun Echtleder 1094-H;Hodalump;SKU-2561166298;SKU-2561166298;Hodalump Herren Geldbörse Braun Echtleder 1094-H;Hodalump;ops.product_id;yes;yes
458460263;SKU-3190070125;GREELUE Aufbewahrungskorb SNK3T-WH 12cm PP 34.5cm Weiß;GREELUE;SKU-3190070125;SKU-3190070125;GREELUE Aufbewahrungskorb SNK3T-WH 12cm PP 34.5cm Weiß;GREELUE;ops.product_id;yes;yes
458460825;SKU-7234186083;ASICS Sneaker UnisexErwachsene Gr. 41.5 Cremeweiß/Weiß Wildleder;Asics;SKU-7234186083;SKU-7234186083;ASICS Sneaker UnisexErwachsene Gr. 41.5 Cremeweiß/Weiß Wildleder;ASICS;ops.product_id;yes;yes
458460887;SKU-0808524453;ASICS Sneaker UnisexErwachsene White/White Wildleder 1203A481-100;Asics;SKU-0808524453;SKU-0808524453;ASICS Sneaker UnisexErwachsene White/White Wildleder 1203A481-100;ASICS;ops.product_id;yes;yes
458461774;SKU-5869700759;MSI Mainboard PRO B650M-P Schwarz NEU AMD AM5 DDR5 PCIe 4.0 Micro-ATX Computer;MSI;SKU-5869700759;SKU-5869700759;MSI PRO B650M-P Mainboard pcie ddr5 Schwarz;MSI;ops.product_id;no;yes
458462471;SKU-0411747828;JURID Bremsbelagsatz Hinterachse für BMW 1er 2er 3er ECE R90 573429J;JURID;SKU-0411747828;SKU-0411747828;JURID Bremsbelagsatz Hinterachse BREMBO 17.2mm für BMW 1er 2er 3er 573429J;JURID;ops.product_id;no;yes
458463095;SKU-5017039989;Mountain Guide Outdoor-Schuh Herren Mesh/Synthetik SKU-5017039989;Mountain Guide;SKU-5017039989;SKU-5017039989;Mountain Guide Outdoor-Schuh Herren Mesh/Synthetik SKU-5017039989;Mountain Guide;ops.product_id;yes;yes
458463796;SKU-4391085581;Lacoste Sneaker Herren Gr. 10 Weiß (White/White Leder SKU-4391085581;Lacoste;SKU-4391085581;SKU-4391085581;Lacoste Sneaker Herren Gr. 10 Weiß (White/White Leder SKU-4391085581;Lacoste;ops.product_id;yes;yes
458464475;SKU-8835594725;DESKTRONIC Kabelgebundene Router Schwarz;DESKTRONIC;SKU-8835594725;SKU-8835594725;DESKTRONIC Kabelgebundene Router Schwarz;DESKTRONIC;ops.product_id;yes;yes
458465245;SKU-0110888325;ARKK Copenhagen Sneaker Damen Gr. 37 Weiß Leder Visuklass Leather Strat65;ARKK Copenhagen;SKU-0110888325;SKU-0110888325;ARKK Copenhagen Sneaker Damen Gr. 37 Weiß Leder Visuklass Leather Strat65;ARKK Copenhagen;ops.product_id;yes;yes
458466308;SKU-7961309823;Engelbert Strauss Herren Bundhose Schwarz/Platin Gr. 44;Engelbert Strauss;SKU-7961309823;SKU-7961309823;Engelbert Strauss Herren Bundhose Schwarz/Platin Gr. 44;;ops.product_id;yes;no
458466968;SKU-5032047149;Goldhof Logistik GmbH Hochschrank;Goldhof Logistik GmbH;SKU-5032047149;SKU-5032047149;Goldhof Logistik GmbH Hochschrank;Goldhof Logistik GmbH;ops.product_id;yes;yes
458467745;SKU-1066852367;Shelly Smart Switch 110-240V 2000W 1PM Mini Gen3;Shelly;SKU-1066852367;SKU-1066852367;Shelly Smart Switch 110-240V 2000W 1PM Mini Gen3;Shelly;ops.product_id;yes;yes
458467756;SKU-9091395294;LEONARDO Becherglas Set Swing 9cm 355ml Glas Blau Grau;Leonardo;SKU-4304000683;SKU-4304000683;LEONARDO Gläser Glaswaren;LEONARDO;ops.product_id;no;yes
458468043;SKU-9431798499;HP 6ZD17AE Tintenpatrone Schwarz Dreifarbig;HP;SKU-9431798499;SKU-9431798499;HP 6ZD17AE Tintenpatrone Schwarz Dreifarbig;HP;ops.product_id;yes;yes
458468329;SKU-2114384722;Hawkers UnisexErwachsene Sonnenbrille Romaj;Hawkers;SKU-2114384722;SKU-2114384722;Hawkers UnisexErwachsene Sonnenbrille Romaj;Hawkers;ops.product_id;yes;yes
458468368;SKU-7543211550;CMP Stiefel Kinder Schwarz Blau Textil Leder Synthetik 39Q4964;CMP;SKU-7543211550;SKU-7543211550;CMP Stiefel Kinder Schwarz Blau Textil Leder Synthetik 39Q4964;CMP;ops.product_id;yes;yes
458468605;SKU-8112287411;Desigual Damen Sweatshirt Rosa Gr.xxL 100% Baumwolle 23WMSK05/3022;Desigual;SKU-8112287411;SKU-8112287411;Desigual Damen Sweatshirt Rosa Gr.xxL 100% Baumwolle 23WMSK05/3022;Desigual;ops.product_id;yes;yes
458468907;SKU-9988960743;Pepe Jeans Sneaker Damen Gr. 40 Gold Beige Synthetik Textil;Pepe Jeans;SKU-9988960743;SKU-9988960743;Pepe Jeans Sneaker Damen Gr. 40 Gold Beige Synthetik Textil;Pepe Jeans;ops.product_id;yes;yes
458468908;SKU-2638568297;Altra Laufschuh Herren Schwarz/Weiß Mesh 85010130;Altra;SKU-2638568297;SKU-2638568297;Altra Laufschuh Herren Schwarz/Weiß Mesh 85010130;Altra;ops.product_id;yes;yes
458469209;SKU-0982370040;Gasgrill Plancha Edelstahl Emailliert Outdoor Camping Balkon Terrasse 7.5kW;GardenGrill;SKU-0982370040;SKU-0982370040;Gasgrill Plancha Edelstahl Emailliert Outdoor Camping Balkon Terrasse 7.5kW;GardenGrill;ops.product_id;yes;yes
458469510;SKU-2388529978;Brother B423C Toner-Kartusche Cyan;Brother;SKU-2388529978;SKU-2388529978;Brother B423C Toner-Kartusche Cyan;Brother;ops.product_id;yes;yes
458469804;SKU-7948301538;Kompatibel B423M Tonerpatrone 423M Magenta;Kompatibel;SKU-7948301538;SKU-7948301538;Kompatibel B423M Tonerpatrone 423M Magenta;Kompatibel;ops.product_id;yes;yes
458470093;SKU-6307001376;Tommy Hilfiger Sneaker Damen Gr. 40 Ancient White Lederimitat;Tommy Hilfiger;SKU-6307001376;SKU-6307001376;Tommy Hilfiger Sneaker Damen Gr. 40 Ancient White Lederimitat;Tommy Hilfiger;ops.product_id;yes;yes
458470102;SKU-2151943751;Cretacolor Harte Pastellkreiden Künstler Schüler Grautöne;Cretacolor;SKU-2151943751;SKU-2151943751;Cretacolor Harte Pastellkreiden Künstler Schüler Grautöne;Cretacolor;ops.product_id;yes;yes
458470397;SKU-6315915149;Jolly Bleistift 1570-0035 12;Jolly;SKU-6315915149;SKU-6315915149;Jolly Bleistift 1570-0035 12;Jolly;ops.product_id;yes;yes
458470408;SKU-9454243198;Jolly Wachsmalkreiden Superwaxies Aqua;Jolly;SKU-9454243198;SKU-9454243198;Jolly Wachsmalkreiden Superwaxies Aqua;Jolly;ops.product_id;yes;yes
458470419;SKU-0403766178;Jolly Füllfederhalter 7090-0001;Jolly;SKU-0403766178;SKU-0403766178;Jolly Füllfederhalter 7090-0001;Jolly;ops.product_id;yes;yes
458470423;SKU-4069701323;Jolly Fasermaler 44250002 Ab 3 Jahre;Jolly;SKU-4069701323;SKU-4069701323;Jolly Fasermaler 44250002 Ab 3 Jahre;Jolly;ops.product_id;yes;yes
458470425;SKU-5658638116;Jolly Fasermaler Superstars One;Jolly;SKU-5658638116;SKU-5658638116;Jolly Fasermaler Superstars One;Jolly;ops.product_id;yes;yes
458470427;SKU-4679981655;Jolly Bleistifte;Jolly;SKU-4679981655;SKU-4679981655;Jolly Bleistifte;Jolly;ops.product_id;yes;yes
458470428;SKU-5320447988;Jolly Pinselset;Jolly;SKU-5320447988;SKU-5320447988;Jolly Pinselset;Jolly;ops.product_id;yes;yes
458470429;SKU-6965414859;Jolly Malen Basteln Tempera-Gouachefarben-Set 10113;Jolly;SKU-6965414859;SKU-6965414859;Jolly Malen Basteln Tempera-Gouachefarben-Set 10113;Jolly;ops.product_id;yes;yes
458470733;SKU-7270723982;Kitchen Sink Einbauspüle;Kitchen Sink;SKU-7270723982;SKU-7270723982;Kitchen Sink Einbauspüle;Kitchen Sink;ops.product_id;yes;yes
458472538;SKU-1566313678;Heike Faller Hundert: Was du im Leben lernen wirst Gebundene Ausgabe;Kein & Aber;SKU-1566313678;SKU-1566313678;Heike Faller Hundert: Was du im Leben lernen wirst Gebundene Ausgabe;Kein & Aber;ops.product_id;yes;yes
458473855;SKU-1040274599;Kerstin Toepel Vom kleinen Waschbären der sich traute mutig zu sein Deutsch;SCM;SKU-1040274599;SKU-1040274599;Kerstin Toepel Vom kleinen Waschbären der sich traute mutig zu sein Deutsch;SCM;ops.product_id;yes;yes
458474714;SKU-9289261489;Isabel Abedi Lola Löwenherz Gebundene Ausgabe Deutsch;Loewe;SKU-9289261489;SKU-9289261489;Isabel Abedi Lola Löwenherz Gebundene Ausgabe Deutsch;Loewe;ops.product_id;yes;yes
458475277;SKU-5729537867;Astrid Lindgren Gebundene Ausgabe Deutsch;Oetinger;SKU-5729537867;SKU-5729537867;Astrid Lindgren Gebundene Ausgabe Deutsch;Oetinger;ops.product_id;yes;yes
458475940;SKU-9876441475;Suzanne Francis Es war einmal ein Schneemann Gebundene Ausgabe Deutsch;Disney;SKU-9876441475;SKU-9876441475;Suzanne Francis Es war einmal ein Schneemann Gebundene Ausgabe Deutsch;Disney;ops.product_id;yes;yes
458476579;SKU-2841208491;Olivia Huth Meiner Hardcover Deutsch;Südpol Verlag Gmbh;SKU-2841208491;SKU-2841208491;Olivia Huth Meiner Hardcover Deutsch;Südpol Verlag Gmbh;ops.product_id;yes;yes
458477182;SKU-3086033338;JURID Bremsbelagsatz Vorderachse 18.3mm für BMW 1er-4er MPN 573602J;JURID;SKU-3086033338;SKU-3086033338;JURID Bremsbelagsatz Vorderachse Brembo 18.3mm 573602J;JURID;ops.product_id;no;yes
458477722;SKU-7721659409;Das db-tronic Raspberry Pi 5 8GB RAM Starter-Set bietet den idealen Einstieg in die Welt der Einplatinencomputer. Es ermöglicht Hobbyisten, Studenten und Entwicklern die mühelose Realisierung komplexe;db-tronic;SKU-7721659409;SKU-7721659409;;DB-Tronic;ops.product_id;no;yes
458478956;SKU-4919757592;Clockhouse Herren Flanellhemd Blau Kariert Gr. L Baumwolle;Clockhouse;SKU-4919757592;SKU-4919757592;Clockhouse Herren Flanellhemd Blau Kariert Gr. L Baumwolle;Clockhouse;ops.product_id;yes;yes
458479465;SKU-3475457190;Upgrade4cars Autositzauflage x2 Universal;Upgrade4cars;SKU-3475457190;SKU-3475457190;Upgrade4cars Autositzauflage x2 Universal;Upgrade4cars;ops.product_id;yes;yes
458494137;SKU-9552245537;JOLLY Füllfederhalter Superinky Start - Ergonomisch für Schreibanfänger;Jolly;;;;;;;
458496970;SKU-8689351772;Garmin Herzfrequenzmesser 010-12883-00;Garmin;SKU-8689351772;SKU-8689351772;Garmin Herzfrequenzmesser 010-12883-00;Garmin;ops.product_id;yes;yes
458497701;SKU-6427883146;NExTCOVER Faltschloss;NEXTCOVER;SKU-6427883146;SKU-6427883146;NExTCOVER Faltschloss;NExTCOVER;ops.product_id;yes;yes
458503880;SKU-8779940575;TATONKA Campingbecher 4073.000;TATONKA;SKU-8779940575;SKU-8779940575;TATONKA Campingbecher 4073.000;TATONKA;ops.product_id;yes;yes
458506064;SKU-5127373339;UnionSine Externe Festplatte DataPocket HD2510 500GB USB 3.0 Schwarz Neu;UnionSine;SKU-5127373339;SKU-5127373339;UnionSine HD2510 Externe Festplatte 500GB Schwarz;UnionSine;ops.product_id;no;yes
458512998;SKU-7998641824;Rohema Drumsticks Holz;Rohema;SKU-7998641824;SKU-7998641824;Rohema Drumsticks Holz;Rohema;ops.product_id;yes;yes
458513307;SKU-1618101796;Wera Maulschlüssel;Wera;SKU-1618101796;SKU-1618101796;Wera Maulschlüssel;;ops.product_id;yes;no
458514311;SKU-3963918245;Success Courier Pumpensteuerung 220-240V;Success Courier;SKU-3963918245;SKU-3963918245;Success Courier Pumpensteuerung 220-240V;Success Courier;ops.product_id;yes;yes
458515360;SKU-9035689627;Jolly Kreidehalter 6110;Jolly;SKU-9035689627;SKU-9035689627;Jolly Kreidehalter 6110;Jolly;ops.product_id;yes;yes
458515696;SKU-5943400007;Cretacolor Farbstifte VK280990T Künstler Schüler Hobbyisten Holz Mehrfarbig;Cretacolor;SKU-5943400007;SKU-5943400007;Cretacolor Farbstifte VK280990T Künstler Schüler Hobbyisten Holz Mehrfarbig;Cretacolor;ops.product_id;yes;yes
458516052;SKU-8483173682;Reader's Digest Weltgeschichte: Alles was man wissen muss Hardcover Deutsch;Reader's Digest;SKU-8483173682;SKU-8483173682;Reader's Digest Weltgeschichte: Alles was man wissen muss Hardcover Deutsch;Reader's Digest;ops.product_id;yes;yes
458516641;SKU-5582443660;Roberto Barnai – Biologika Organ Atlas Gesundheit Sachbuch Gebundene Ausgabe NEU;Biologika;SKU-5582443660;SKU-5582443660;Roberto Barnai Biologika Organ Atlas Gesundheit Sachbuch Gebundene Ausgabe;Biologika;ops.product_id;no;yes
458518756;SKU-5638382329;Angela Merkel Freiheit: Erinnerungen 1954 2021 Hardcover Deutsch;Kiepenheuer & Witsch;SKU-5638382329;SKU-5638382329;Angela Merkel Freiheit: Erinnerungen 1954 2021 Hardcover Deutsch;Kiepenheuer & Witsch;ops.product_id;yes;yes
458519090;SKU-7892887285;Canon 3010C004 Tonerkartusche High Capacity Schwarz;Canon;SKU-7892887285;SKU-7892887285;Canon 3010C004 Tonerkartusche High Capacity Schwarz;Canon;ops.product_id;yes;yes
458974880;SKU-1789286937;Engelbert Strauss Herren T-Shirts Anthrazit Gr. L 100% Baumwolle;Engelbert Strauss;SKU-1789286937;SKU-1789286937;Engelbert Strauss Herren T-Shirts Anthrazit Gr. L 100% Baumwolle;Engelbert Strauss;ops.product_id;yes;yes
458974924;SKU-0611814591;Lacoste Herren Hoodie Marineblau Gr. M (US) FR 4;Lacoste;SKU-0611814591;SKU-0611814591;Lacoste Herren Hoodie Marineblau Gr. M (US) FR 4;Lacoste;ops.product_id;yes;yes
458974939;SKU-9933881904;SCENEx Tanzschuhe Damen Schwarz Satin;SCENEX;SKU-9933881904;SKU-9933881904;SCENEx Tanzschuhe Damen Schwarz Satin;SCENEx;ops.product_id;yes;yes
458974941;SKU-4743695203;Frieder Stöckle Andrea Deininger Hannelore: Zirkus auf dem Waldspielplatz;molino;SKU-4743695203;SKU-4743695203;Frieder Stöckle Andrea Deininger Hannelore: Zirkus auf dem Waldspielplatz;Molino;ops.product_id;yes;yes
458974947;SKU-8197874459;New Balance Handschuhe Fäustlinge Herren Schwarz Textil Wildleder ML515AGR;New Balance;SKU-8197874459;SKU-8197874459;New Balance Handschuhe Fäustlinge Herren Schwarz Textil Wildleder ML515AGR;New Balance;ops.product_id;yes;yes
458974953;SKU-8742112863;New Balance Kinderschuhe -boots Kinder Gr. 26 Weiß Silber Mesh Synthetik;New Balance;SKU-8742112863;SKU-8742112863;New Balance Kinderschuhe -boots Kinder Gr. 26 Weiß Silber Mesh Synthetik;New Balance;ops.product_id;yes;yes
458974959;SKU-3992211748;Nike Handschuhe Fäustlinge Damen Gr. 39 Weiß Leder DJ1196-101;Nike;SKU-3992211748;SKU-3992211748;Nike Handschuhe Fäustlinge Damen Gr. 39 Weiß Leder DJ1196-101;Nike;ops.product_id;yes;yes
458974961;SKU-3213392901;Nike Tennis Tennisschuh Zoom Vapor 12 CLY;Nike;SKU-3213392901;SKU-3213392901;Nike Tennis Tennisschuh Zoom Vapor 12 CLY;Nike;ops.product_id;yes;yes
458974976;SKU-3368481451;PUMA Damenschuhe Unisex Gr. 38 Chocotart-Frosted Ivory Leder 40224901;Puma;SKU-3368481451;SKU-3368481451;PUMA Damenschuhe Unisex Gr. 38 Chocotart-Frosted Ivory Leder 40224901;PUMA;ops.product_id;yes;yes
458974981;SKU-9436640030;Puma Golfschuh Herren Weiß Grau Rot Synthetik Textil Fusion Crush Sport;Puma;SKU-9436640030;SKU-9436640030;Puma Golfschuh Herren Weiß Grau Rot Synthetik Textil Fusion Crush Sport;Puma;ops.product_id;yes;yes
458975006;SKU-7800997883;Tamaris Damenschuhe Damen Gr. 41 Schwarz Textil M2940642;Tamaris;SKU-7800997883;SKU-7800997883;Tamaris Damenschuhe Damen Gr. 41 Schwarz Textil M2940642;Tamaris;ops.product_id;yes;yes
458975013;SKU-6148008788;TPE YOGA Yogamatte Standard;TPE Yoga;SKU-6148008788;SKU-6148008788;TPE YOGA Yogamatte Standard;TPE YOGA;ops.product_id;yes;yes
458975017;SKU-8064565799;UGG Hausschuhe Damen Sand Wildleder Tazz;UGG;SKU-8064565799;SKU-8064565799;UGG Hausschuhe Damen Sand Wildleder Tazz;UGG;ops.product_id;yes;yes
459736332;SKU-3734657776;Hansgrohe Waschtischarmatur;Hansgrohe;SKU-3734657776;SKU-3734657776;Hansgrohe Waschtischarmatur;Hansgrohe;ops.product_id;yes;yes
459737337;SKU-0522930788;Einhell Bohrschrauber TC-CD 18/35 Li Solo 45.139.27 Rot/Schwarz NEU Power;Einhell;SKU-0522930788;SKU-0522930788;Einhell Bohrschrauber 18V;Einhell;ops.product_id;no;yes
459794734;SKU-2152217706;WMF Elektrische Mühle Elektrisch 21cm;WMF;SKU-2152217706;SKU-2152217706;WMF Elektrische Mühle Elektrisch 21cm;WMF;ops.product_id;yes;yes
459966535;SKU-3622017850;Mackie Kopfhörerverstärker HM-4 Schwarz;Mackie;SKU-3622017850;SKU-3622017850;Mackie Kopfhörerverstärker HM-4 Schwarz;Mackie;ops.product_id;yes;yes
459967606;SKU-2417212434;McDavid Kniebandage MD421-01-33 Gr. S;McDavid;SKU-2417212434;SKU-2417212434;McDavid Kniebandage MD421-01-33 Gr. S;McDavid;ops.product_id;yes;yes
459968749;SKU-5946216503;reviMED TENS-Gerät;reviMED;SKU-5946216503;SKU-5946216503;reviMED TENS-Gerät;reviMED;ops.product_id;yes;yes
462089181;SKU-0871959830;Rührbecher;Ruian Menglai Craft Gift Firm;SKU-0871959830;SKU-0871959830;Rührbecher;;ops.product_id;yes;no
462089960;SKU-0974179694;Wolfcraft Eckzwinge;wolfcraft;SKU-0974179694;SKU-0974179694;Wolfcraft Eckzwinge;Wolfcraft;ops.product_id;yes;yes
462090779;SKU-1153910217;Shure Vintage Pro-Audio Equipment SM58-LCE Schwarz;Shure;SKU-1153910217;SKU-1153910217;Shure Vintage Pro-Audio Equipment SM58-LCE Schwarz;Shure;ops.product_id;yes;yes
462091600;SKU-1181918814;Kaweco Füllfederhalter Set 10001157;Kaweco;SKU-1181918814;SKU-1181918814;Kaweco Füllfederhalter Set 10001157;Kaweco;ops.product_id;yes;yes
462092417;SKU-1612836881;Wera Werkzeugsatz 05004174001;Wera;SKU-1612836881;SKU-1612836881;Wera Werkzeugsatz 05004174001;Wera;ops.product_id;yes;yes
462106216;SKU-2019125675;Derma Pen Germany Microneedling-Pen;Derma Pen Germany;SKU-2019125675;SKU-2019125675;Derma Pen Germany Microneedling-Pen;Derma Pen Germany;ops.product_id;yes;yes
462106849;SKU-1782951292;Wella Professionals SP Balance Scalp Shampoo 250ml;Wella Professionals;SKU-1782951292;SKU-1782951292;Wella Professionals SP Balance Scalp Shampoo 250ml;Wella Professionals;ops.product_id;yes;yes
462109943;SKU-2123165909;HLI Schubladenschienen 1 Paar Anleitung;HLI;SKU-2123165909;SKU-2123165909;HLI Schubladenschienen 1 Paar Anleitung;HLI;ops.product_id;yes;yes
462110860;SKU-1825816304;ZWILLING Universalmesser;ZWILLING;SKU-1825816304;SKU-1825816304;ZWILLING Universalmesser;ZWILLING;ops.product_id;yes;yes
462138578;SKU-2804135383;ERZEKRIM Ferritkern Entstörfilter Set Ferrit Schwarz;ERZEKRIM;SKU-2804135383;SKU-2804135383;ERZEKRIM Ferritkern Entstörfilter Set Ferrit Schwarz;ERZEKRIM;ops.product_id;yes;yes
462181513;SKU-4541378818;Longking Selbstklebefliesen;Longking;SKU-4541378818;SKU-4541378818;Longking Selbstklebefliesen;Longking;ops.product_id;yes;yes
462181816;SKU-3783198734;HOLMENKOL Oxydstein;HOLMENKOL;SKU-3783198734;SKU-3783198734;HOLMENKOL Oxydstein;HOLMENKOL;ops.product_id;yes;yes
462182183;SKU-8249181407;Sony DJ-Kopfhörer WH-CH720N Schwarz;Sony;SKU-8249181407;SKU-8249181407;Sony DJ-Kopfhörer WH-CH720N Schwarz;Sony;ops.product_id;yes;yes
462237005;SKU-5780092798;SW-Stahl Ring-Maulschlüssel Nein;SW-Stahl;SKU-5780092798;SKU-5780092798;SW-Stahl Ring-Maulschlüssel Nein;SW-Stahl;ops.product_id;yes;yes
462237006;SKU-5037405516;Kräuterschere Edelstahl Eisen 32cm Küche Garten Balkon Zum Aufhängen;LOBERON;SKU-5037405516;SKU-5037405516;Kräuterschere Edelstahl Eisen 32cm Küche Garten Balkon Zum Aufhängen;LOBERON;ops.product_id;yes;yes
462239023;SKU-5392843955;Brevillier's CRETACOLOR Zeichenset Artino Drawing Set;Brevillier's CRETACOLOR;SKU-5392843955;SKU-5392843955;Brevillier's CRETACOLOR Zeichenset Artino Drawing Set;Brevillier's CRETACOLOR;ops.product_id;yes;yes
462239039;SKU-5814356347;Tefal Pfannenset L8975P04 Edelstahl Silber;Tefal;SKU-5814356347;SKU-5814356347;Tefal Pfannenset L8975P04 Edelstahl Silber;Tefal;ops.product_id;yes;yes
462239147;SKU-5427858806;Shure USB Gaming Mikrofon 010-03-675 Schwarz;Shure;SKU-5427858806;SKU-5427858806;Shure USB Gaming Mikrofon 010-03-675 Schwarz;Shure;ops.product_id;yes;yes
462241974;SKU-5842899450;Stahlia Schubladenschiene;Stahlia;SKU-5842899450;SKU-5842899450;Stahlia Schubladenschiene;Stahlia;ops.product_id;yes;yes
462242170;SKU-5598085433;Samsung MZ-77Q1T0BW Interne SSD 1TB Schwarz;Samsung;SKU-5598085433;SKU-5598085433;Samsung MZ-77Q1T0BW Interne SSD 1TB Schwarz;Samsung;ops.product_id;yes;yes
462245531;SKU-6346907299;GoveeLife Smart Thermo-Hygrometer H5100;GoveeLife;SKU-6346907299;SKU-6346907299;GoveeLife Smart Thermo-Hygrometer H5100;GoveeLife;ops.product_id;yes;yes
462245701;SKU-5674295862;RHINOWALK Radsport Fahrrad Transporttasche RF260;RHINOWALK;SKU-5674295862;SKU-5674295862;RHINOWALK Radsport Fahrrad Transporttasche RF260;RHINOWALK;ops.product_id;yes;yes
463190152;SKU-0058749943;WMF Knuddel Kinderbesteck-Set 3201002485;WMF;SKU-0058749943;SKU-0058749943;WMF Knuddel Kinderbesteck-Set 3201002485;WMF;ops.product_id;yes;yes
463191244;SKU-0152828115;STALESET Handtuchhalter TH01-BK Metall Schwarz;STALESET;SKU-0152828115;SKU-0152828115;STALESET Handtuchhalter TH01-BK Metall Schwarz;STALESET;ops.product_id;yes;yes
463235479;SKU-0236764953;Malossi Variator Antrieb für Motorroller Multivar 2000 105E-320;Malossi;SKU-0236764953;SKU-0236764953;Malossi Variator Antrieb für Motorroller 105E-320 Tuning R Ant;Malossi;ops.product_id;no;yes
464035688;SKU-0874304411;Christian Ulbricht Figur 010876 14.5cm Erwachsene Holz Mehrfarbig;Christian Ulbricht;56cdbf05-ce59-43c9-be15-6cc63c6dae93;SKU-0874304411;Christian Ulbricht Figur 010876 14.5cm Erwachsene Holz Mehrfarbig;Christian Ulbricht;ops.product_id;yes;yes
464298782;SKU-5410787453;Schutzhülle Polyester 110cm Hängesessel;acamp;4013556577007;SKU-5410787453;Schutzhülle Polyester 110cm Hängesessel;Acamp;ops.product_id;yes;yes
464298793;SKU-2724878095;Schutzhülle Polyestergewebe 160cm Garten Terrasse;acamp;4013556577076;SKU-2724878095;Schutzhülle Polyestergewebe 160cm Garten Terrasse;Acamp;ops.product_id;yes;yes
464298807;SKU-7700165856;Sonnenschirm Schutzhülle Polyestergewebe 200cm Outdoor;acamp;4013556577120;SKU-7700165856;Sonnenschirm Schutzhülle Polyestergewebe 200cm Outdoor;Acamp;ops.product_id;yes;yes
464298809;SKU-0139597304;Schutzhülle Polyester;acamp;4013556577144;SKU-0139597304;Schutzhülle Polyester;Acamp;ops.product_id;yes;yes
464298810;SKU-5928571392;Schutzhülle Polyester 160cm Strandkorb;acamp;4013556592796;SKU-5928571392;Schutzhülle Polyester 160cm Strandkorb;Acamp;ops.product_id;yes;yes
464302815;SKU-9041995991;Nanyang NiuJin Haushaltshandschuhe Herren Gr.xL Gelb Latex Dongfanghong;Nanyang NiuJin;6922738000364;SKU-9041995991;Nanyang NiuJin Haushaltshandschuhe Herren Gr.xL Gelb Latex Dongfanghong;Nanyang NiuJin;ops.product_id;yes;yes
464303135;SKU-0735099796;Dong Fang Hong Haushaltshandschuhe Gelb Latex;Dong Fang Hong;6954850111741;SKU-0735099796;Dong Fang Hong Haushaltshandschuhe Gelb Latex;Dong Fang Hong;ops.product_id;yes;yes
464488486;SKU-7473377331;Das CORSAIR RM1000x Netzteil liefert eine herausragende und stabile 1000 Watt Dauerleistung, ideal für anspruchsvollste Gaming-PCs und professionelle Workstations. Es unterstützt den neuesten ATX 3. 1;CORSAIR;SKU-7473377331;SKU-7473377331;;CORSAIR;ops.product_id;no;yes
465027644;SKU-1483282001;DUO Collection Chefsessel;DUO Collection;SKU-1483282001;SKU-1483282001;DUO Collection Chefsessel;DUO Collection;ops.product_id;yes;yes
465027960;SKU-4802639881;FITGRIFF Gewichtheben Gewichthebergürtel FG030S4L Gr. L;FITGRIFF;SKU-4802639881;SKU-4802639881;FITGRIFF Gewichtheben Gewichthebergürtel FG030S4L Gr. L;FITGRIFF;ops.product_id;yes;yes
465038138;SKU-1961998362;KOENIC Zitruspresse;KOENIC;SKU-1961998362;SKU-1961998362;KOENIC Zitruspresse;KOENIC;ops.product_id;yes;yes
465066047;SKU-3566484007;Steambow Bogenschießen Pfeile;Steambow;SKU-3566484007;SKU-3566484007;Steambow Bogenschießen Pfeile;Steambow;ops.product_id;yes;yes
465069064;SKU-4949389854;evoTrek Fahrradabschleppsystem B0CVL5FR3S;evoTrek;SKU-4949389854;SKU-4949389854;evoTrek Fahrradabschleppsystem B0CVL5FR3S;evoTrek;ops.product_id;yes;yes
465074749;SKU-4358173575;Persönlichkeitsentwicklung Beziehungen 2020 Karton;SEEK DISCOMFORT;SKU-4358173575;SKU-4358173575;Persönlichkeitsentwicklung Beziehungen 2020 Karton;SEEK DISCOMFORT;ops.product_id;yes;yes
465085060;SKU-4846525236;QinnFSIYANG Elektroroller F6;QinnFSIYANG;SKU-4846525236;SKU-4846525236;QinnFSIYANG Elektroroller F6;QinnFSIYANG;ops.product_id;yes;yes
465085102;SKU-4434702791;Lexar LD4AS008G-B3200ASST Arbeitsspeicher (RAM 1.2V;Lexar;SKU-4434702791;SKU-4434702791;Lexar LD4AS008G-B3200ASST Arbeitsspeicher (RAM 1.2V;Lexar;ops.product_id;yes;yes
465085103;SKU-3047799035;ABUS Radsport Kettenschloss 7210/110 Gr. 110cm;ABUS;SKU-3047799035;SKU-3047799035;ABUS Radsport Kettenschloss 7210/110 Gr. 110cm;ABUS;ops.product_id;yes;yes
465085198;SKU-9335260557;ABUS Kettenschloss 7200;ABUS;SKU-9335260557;SKU-9335260557;ABUS Kettenschloss 7200;ABUS;ops.product_id;yes;yes
465090922;SKU-2633108165;WALSER Hagelschutzplane Perma Protect S 5mm für PKW 30973;WALSER;SKU-2633108165;SKU-2633108165;WALSER Hagelschutzplane für PKW Größe S 5mm wasserabweisend 30973 Hagelschutzp;WALSER;ops.product_id;no;yes
465094422;SKU-2690684566;MANN-FILTER Ölfilter für MANN+HUMMEL GMBH HU 720/3x;MANN-FILTER;SKU-2690684566;SKU-2690684566;MANN-FILTER Ölfilter für MANN+HUMMEL GMBH HU 720/3x;MANN-FILTER;ops.product_id;yes;yes
465097958;SKU-3210037840;Beautex Spannbettlaken xO01W68K0B Erwachsene Gr. 90x200cm 100% Baumwolle;Beautex;SKU-3210037840;SKU-3210037840;Beautex Spannbettlaken xO01W68K0B Erwachsene Gr. 90x200cm 100% Baumwolle;Beautex;ops.product_id;yes;yes
465097988;SKU-4118229261;ROCKBROS Minipumpe 806-TEAM-B;ROCKBROS;SKU-4118229261;SKU-4118229261;ROCKBROS Minipumpe 806-TEAM-B;ROCKBROS;ops.product_id;yes;yes
465100094;SKU-4488972962;Gusskönig Dutch Oven Set;GUSSKÖNIG;SKU-4488972962;SKU-4488972962;Gusskönig Dutch Oven Set;Gusskönig;ops.product_id;yes;yes
465100160;SKU-4607569519;SONAx Scheinwerfer AufbereitungsSet 04057410;SONAX;SKU-4607569519;SKU-4607569519;SONAx Scheinwerfer AufbereitungsSet 04057410;SONAx;ops.product_id;yes;yes
465103281;SKU-6369067650;Philips Ersatzklingen;Philips;SKU-6369067650;SKU-6369067650;Philips Ersatzklingen;Philips;ops.product_id;yes;yes
465103318;SKU-7245071607;DIGITAL REVOLUTION DZ108154 Tintenpatrone Standard 10ml Gelb;DIGITAL REVOLUTION;SKU-7245071607;SKU-7245071607;DIGITAL REVOLUTION DZ108154 Tintenpatrone Standard 10ml Gelb;DIGITAL REVOLUTION;ops.product_id;yes;yes
465103326;SKU-7350795017;Primewire Antennenkabel 302867 15m Schwarz;Primewire;SKU-7350795017;SKU-7350795017;Primewire Antennenkabel 302867 15m Schwarz;Primewire;ops.product_id;yes;yes
465103746;SKU-5701110636;Siemens Kaffeevollautomaten für BSH Hausgeräte GmbH TZ80002A;Siemens;SKU-5701110636;SKU-5701110636;Siemens Kaffeevollautomaten für BSH Hausgeräte GmbH TZ80002A;Siemens;ops.product_id;yes;yes
465105281;SKU-8843412443;ONVAYA Verkehrsspiegel 31.2cm;ONVAYA;SKU-8843412443;SKU-8843412443;ONVAYA Verkehrsspiegel 31.2cm;ONVAYA;ops.product_id;yes;yes
465105299;SKU-9564743151;Knirps Taschenschirm 9590561201W Erwachsene Strapazierfähige Materialien;Knirps;SKU-9564743151;SKU-9564743151;Knirps Taschenschirm 9590561201W Erwachsene Strapazierfähige Materialien;Knirps;ops.product_id;yes;yes
465105467;SKU-8236064906;KNIPEx Zangenschlüssel;KNIPEX;SKU-8236064906;SKU-8236064906;KNIPEx Zangenschlüssel;KNIPEx;ops.product_id;yes;yes
465107989;SKU-4885995332;Heidelberger BETTWAREN Bettdecke 805067;Heidelberger BETTWAREN;4063217299953;SKU-4885995332;Heidelberger BETTWAREN Bettdecke 805067;Heidelberger BETTWAREN;ops.product_id;yes;yes
465107999;SKU-5978798764;BRITA Wasserfilterkartusche P 1000 Kunststoff Weiß Blau;BRITA;4006387029807;SKU-5978798764;BRITA Wasserfilterkartusche P 1000 Kunststoff Weiß Blau;BRITA;ops.product_id;yes;yes
465108003;SKU-0963183292;GEDORE Nusssteckleiste;GEDORE;4010886516256;SKU-0963183292;GEDORE Nusssteckleiste;GEDORE;ops.product_id;yes;yes
465111088;SKU-1844691476;Thule Trekking Reiserucksack 3205317;Thule;0060cdec-9193-411b-af64-4754ca0226bd;SKU-1844691476;Thule Trekking Reiserucksack 3205317;Thule;ops.product_id;yes;yes
465111098;SKU-1890172110;Levoit Luftbefeuchter LUH-A251-WEU 17W 2.5L 20m NEU;Levoit;0810123671069;SKU-1890172110;Levoit Luftbefeuchter Ultraschall-Kaltnebel;Levoit;ops.product_id;no;yes
465111103;SKU-0922374624;Fantasy Zombies Karton;Magic: The Gathering;2074133001002;SKU-0922374624;Fantasy Zombies Karton;Magic: The Gathering;ops.product_id;yes;yes
465112797;SKU-0200958470;APS Trinkflaschen 66909;APS;4004133669093;SKU-0200958470;APS Trinkflaschen 66909;APS;ops.product_id;yes;yes
465112806;SKU-3586300359;EUROPART Ablaufschlauchverlängerung Waschmaschinen Spülmaschinen 19mm;EUROPART;4016417025303;SKU-3586300359;EUROPART Ablaufschlauchverlängerung Waschmaschinen Spülmaschinen 19mm;EUROPART;ops.product_id;yes;yes
465217812;SKU-1848228084;Walex Fäkalientank-Deodorant Porta-Pak Max;Walex;a7fbf83a-10da-453f-974b-4d71c9e7e626;SKU-1848228084;Walex Fäkalientank-Deodorant Porta-Pak Max;Walex;ops.product_id;yes;yes
465217822;SKU-8203474346;Sabeatex Kopfkissen Körperkissen Kinderkissen 43cm Kinder Gr. 70x35x13cm;Sabeatex;b9682eb9-a9aa-415e-898f-7b9bf915e42f;SKU-8203474346;Sabeatex Kopfkissen Körperkissen Kinderkissen 43cm Kinder Gr. 70x35x13cm;Sabeatex;ops.product_id;yes;yes
465217929;SKU-3178068699;Vex Zulaufschlauch 1.5m;Vex;d26c1381-e411-4bd2-a9fd-fdd8e408a28a;SKU-3178068699;Vex Zulaufschlauch 1.5m;Vex;ops.product_id;yes;yes
465272140;SKU-2859032659;MFLAx Außenspiegelflagge 34107;MFLAX;4009384341071;SKU-2859032659;MFLAx Außenspiegelflagge 34107;MFLAx;ops.product_id;yes;yes
465272155;SKU-6068074259;Europet Bernina Hund Katze Trinkbrunnen Weiß Blau;europet bernina;4047059413104;SKU-6068074259;Europet Bernina Hund Katze Trinkbrunnen Weiß Blau;Europet Bernina;ops.product_id;yes;yes
465272159;SKU-9885764249;Vileda Wäscheständer;Vileda;4023103244009;SKU-9885764249;Vileda Wäscheständer;Vileda;ops.product_id;yes;yes
465273410;SKU-0534200636;Würth Klingenschaber 1 6 Ersatzklingen;Würth;4053479285122;SKU-0534200636;Würth Klingenschaber 1 6 Ersatzklingen;Würth;ops.product_id;yes;yes
465273421;SKU-8382768165;Lawrence Grey Home Bettwäsche-Set 40225462-004 Gr. 135x200cm 100% Baumwolle;Lawrence Grey Home;4069092282370;SKU-8382768165;Lawrence Grey Home Bettwäsche-Set 40225462-004 Gr. 135x200cm 100% Baumwolle;Lawrence Grey Home;ops.product_id;yes;yes
465274650;SKU-4649569251;Near Dark Tabakpfeife 46020335;Near Dark;4250153617556;SKU-4649569251;Near Dark Tabakpfeife 46020335;Near Dark;ops.product_id;yes;yes
465274659;SKU-1784585629;adeo Verlag Kunstkarte 5572917;adeo Verlag;4250454729170;SKU-1784585629;adeo Verlag Kunstkarte 5572917;adeo Verlag;ops.product_id;yes;yes
465274669;SKU-2431535372;AZANO DESIGNS Katze Katzentreppe Inklusive Montagematerial Kratzfläche;AZANO DESIGNS;4262405220148;SKU-2431535372;AZANO DESIGNS Katze Katzentreppe Inklusive Montagematerial Kratzfläche;AZANO DESIGNS;ops.product_id;yes;yes
465275945;SKU-1031821522;Nintendo Switch Little Witch Nobeta Day One Edition;Idea Factory;5060941713129;SKU-1031821522;Nintendo Switch Little Witch Nobeta Day One Edition;Idea Factory;ops.product_id;yes;yes
465275951;SKU-8404970287;Edenfocity Verdunkelungsvorhang Grau Polyester 396297;Edenfocity;5900811829102;SKU-8404970287;Edenfocity Verdunkelungsvorhang Grau Polyester 396297;Edenfocity;ops.product_id;yes;yes
465277230;SKU-9905416565;SodaStream Glaskaraffe 0.7L Glas Transparent;SodaStream;7290006780805;SKU-9905416565;SodaStream Glaskaraffe 0.7L Glas Transparent;SodaStream;ops.product_id;yes;yes
465277231;SKU-0225495136;SodaStream Wassersprudler Crystal 3.0 45cm 0.6L Edelstahl Glas Kunststoff;SodaStream;7290116742380;SKU-0225495136;SodaStream Wassersprudler Crystal 3.0 45cm 0.6L Edelstahl Glas Kunststoff;SodaStream;ops.product_id;yes;yes
465277232;SKU-1703368789;Weleda Tagescreme;Weleda;7611916163227;SKU-1703368789;Weleda Tagescreme;Weleda;ops.product_id;yes;yes
465278478;SKU-2801069572;LEGAMI MILANO Schulbedarf KA0015;LEGAMI MILANO;8052694010041;SKU-2801069572;LEGAMI MILANO Schulbedarf KA0015;LEGAMI MILANO;ops.product_id;yes;yes
465278485;SKU-9132277490;Victron Energy Batterieschalter VBS127010010 48V 12V 24V;Victron Energy;8719076052258;SKU-9132277490;Victron Energy Batterieschalter VBS127010010 48V 12V 24V;Victron Energy;ops.product_id;yes;yes
465280616;SKU-3692000771;Cloudpillo Kissen CPP10101-6 Grau;Cloudpillo;8720828172452;SKU-3692000771;Cloudpillo Kissen CPP10101-6 Grau;Cloudpillo;ops.product_id;yes;yes
465280624;SKU-8036579486;CECIRA Küchenarmaturen;CECIRA;9132580602006;SKU-8036579486;CECIRA Küchenarmaturen;CECIRA;ops.product_id;yes;yes
465280625;SKU-4401248629;Fries GmbH Fußball Fanschal 45830;Fries GmbH;4009384458304;SKU-4401248629;Fries GmbH Fußball Fanschal 45830;Fries GmbH;ops.product_id;yes;yes
465281863;SKU-7209250640;Tatonka Campingtopf Kettle;TATONKA;SKU-7209250640;SKU-7209250640;Tatonka Campingtopf Kettle;Tatonka;ops.product_id;yes;yes
465283074;SKU-9317337160;PAUDIN Santokumesser;PAUDIN;SKU-9317337160;SKU-9317337160;PAUDIN Santokumesser;PAUDIN;ops.product_id;yes;yes
465283082;SKU-9968230318;HOLA KIT Reifenreparaturset 22-teilig für PKW, Motorrad, ATV, SUV HKDB02;HOLA KIT;SKU-9968230318;SKU-9968230318;HOLA KIT Reifenreparaturset HKDB02;HOLA KIT;ops.product_id;no;yes
465283094;SKU-8367978772;Pelikan Farbband 519637;Pelikan;SKU-8367978772;SKU-8367978772;Pelikan Farbband 519637;Pelikan;ops.product_id;yes;yes
465284299;SKU-9979752242;CCLIFE Lambdasonden-Steckschlüssel-Satz 1735 22mm;CCLIFE;SKU-9979752242;SKU-9979752242;CCLIFE Lambdasonden-Steckschlüssel-Satz 1735 22mm;CCLIFE;ops.product_id;yes;yes
467380161;SKU-6705970836;BOOST TOWN Offene Ansaugung Motorraum für Hyundai i30N Vor-Facelift ABE;BOOST TOWN;1507000192029;SKU-6705970836;BOOST TOWN Offene Ansaugung Motorraum für Hyundai Vor-Facelift;BOOST TOWN;ops.product_id;no;yes
467385468;SKU-3671103995;SACHS Federbeinstützlager Reparatursatz vorne für Ford Fiesta V 802 472 019;SACHS;09be7756-7b4f-4dda-bda0-799754052fff;SKU-3671103995;SACHS Reparatursatz Federbeinstützlager Vorderachse Links Rechts 802 472 019;SACHS;ops.product_id;no;yes
467385469;SKU-7995751556;IKEA Standregal 202.758.14 77cm Holzwerkstoff 77x77cm Weiß;IKEA;1472920275814;SKU-7995751556;IKEA Standregal 202.758.14 77cm Holzwerkstoff 77x77cm Weiß;IKEA;ops.product_id;yes;yes
467385470;SKU-4310621602;Anime Manga Kunststoff;Pokémon;0196214105119;SKU-4310621602;Anime Manga Kunststoff;Pokémon;ops.product_id;yes;yes
467473379;SKU-4641833225;Pierburg Luftmassenmesser Ansaugsystem 7.22184.39.0;Pierburg;04052938000016;SKU-4641833225;Pierburg Luftmassenmesser Ansaugsystem 7.22184.39.0;Pierburg;ops.product_id;yes;yes
467473380;SKU-2014012963;3rd Avenue Akustikgitarre STx10ASBPK2 Fichtenholz Decke Lindenholz Sunburst;3rd Avenue;0700153955478;SKU-2014012963;3rd Avenue Akustikgitarre STx10ASBPK2 Fichtenholz Decke Lindenholz Sunburst;3rd Avenue;ops.product_id;yes;yes
467473381;SKU-9947386415;Weber Räucherofen 711004 Gr. 37cm;Weber;03142017000003;SKU-9947386415;Weber Räucherofen 711004 Gr. 37cm;Weber;ops.product_id;yes;yes
467473501;SKU-7591395419;ATE Bremsscheibe Vorderachse 25mm für Audi B8 B9 8T 8F 8R 24.0125-0184.1;ATE;14006633314036;SKU-7591395419;ATE Bremsscheibe Vorderachse 25mm für Audi B8 B9 8T 8F 8R 24.0125-0184.1;ATE;ops.product_id;yes;yes
467473502;SKU-4873494474;TRW Bremsscheibe Hinterachse 9mm für Honda Accord DF4982;TRW;1900201900525;SKU-4873494474;TRW Bremsscheibe Hinterachse 9mm für Honda Accord DF4982;TRW;ops.product_id;yes;yes
467473504;SKU-3982672342;Dongguan Lixinhang 7 Zoll Android Autoradio für Smart Car Radio 6S9701P;Smart Car Radio;2810449728013;SKU-3982672342;Smart Car Radio Autoradio für Dongguan Lixinhang Electronics Co. Ltd;Smart Car Radio;ops.product_id;no;yes
467473506;SKU-5868736484;TRW Bremsbelagsatz Hinterachse für VW Polo, Seat Leon, Skoda Octavia GDB1330;TRW;3322937241712;SKU-5868736484;TRW Bremsbelagsatz Hinterachse 17 GDB1330;TRW;ops.product_id;no;yes
467473614;SKU-6206509150;Bosch Zusatzwasserpumpe für VW Audi Ford Seat Porsche 0392020073 12V 500l;Bosch;3165143111321;SKU-6206509150;Bosch Zusatzwasserpumpe für VW Audi Ford Seat Porsche 0392020073 12V 500l;Bosch;ops.product_id;yes;yes
467473615;SKU-7736193220;RDINSCOS Schichtdickenmessgerät Batterie;RDINSCOS;1e369bf5-e5e6-460c-b595-8a08a2bbaf2d;SKU-7736193220;RDINSCOS Schichtdickenmessgerät Batterie;RDINSCOS;ops.product_id;yes;yes
467473616;SKU-5896801162;KYOTO Motorradbatterie GTX5L-BS 12V 4Ah für Motorrad Roller [512050];KYOTO;3662775243128;SKU-5896801162;KYOTO Motorradbatterie für Motorrad Roller GTx5L-BS 12 12V Motorradbatt;KYOTO;ops.product_id;no;yes
467473617;SKU-4616386559;ATE Bremsscheibe Hinten 12mm für Audi A4/A5/A6/A7/Q5 OE: 412178;ATE;4006633310222;SKU-4616386559;ATE Bremsscheibe Hinten 12mm für Continental Aftermarket Services GmbH;ATE;ops.product_id;no;yes
467474755;SKU-1609202291;FEBI Bilstein Ölfilter 32103 65mm für Peugeot Citroën Ford Opel Diesel 9818914980;febi bilstein;4027816321033;SKU-1609202291;Febi Bilstein Ölfilter 32103 65mm;Febi Bilstein;ops.product_id;no;yes
467474893;SKU-8581934036;Elring Zylinderkopfschraubensatz Zylinderkopf für VW Touran 057.240;Elring;4041248145418;SKU-8581934036;Elring Zylinderkopfschraubensatz Zylinderkopf für VW 057.240 172mm;Elring;ops.product_id;no;yes
467474894;SKU-0333689520;MEYLE Federbeinstützlager Vorderachse für Mercedes E-Klasse, CLS 014 641 0004;MEYLE;4040074053454;SKU-0333689520;MEYLE Federbeinstützlager Vorderachse für Mercedes-Benz 014 641 0004;MEYLE;ops.product_id;no;yes
467474896;SKU-8529588380;Elring Dichtungssatz Zylinderkopf für VW T5 Sharan Alhambra 542.210;Elring;4041248434536;SKU-8529588380;Elring Dichtungssatz für VW Seat T5 Sharan Alhambra 542.210;Elring;ops.product_id;no;yes
467474900;SKU-4780318569;Elring Zylinderkopfdichtung Motor 1.57mm für VW Audi Ford Seat Skoda 150.162;Elring;4041248450871;SKU-4780318569;Elring Zylinderkopfdichtung Motor 1.57mm für Volkswagen Audi Ford Seat Skoda;Elring;ops.product_id;no;yes
467474903;SKU-7321712010;Elring Zylinderkopfdichtungssatz 1.49mm für Audi, VW 038103383BL, 1212188109;Elring;4041248450864;SKU-7321712010;Elring Zylinderkopfdichtungssatz Motor 1.49mm 1212188109;Elring;ops.product_id;no;yes
467476162;SKU-1137525213;Febi Bilstein Radlagersatz Vorderachse beidseitig (links und rechts 27386;febi bilstein;4027816273868;SKU-1137525213;Febi Bilstein Radlagersatz Vorderachse beidseitig (links und rechts 27386;Febi Bilstein;ops.product_id;yes;yes
467476189;SKU-1948960316;Elring Zylinderkopfdichtungssatz Motor für diverse Fahrzeuge 150.172;Elring;4041248450888;SKU-1948960316;Elring Zylinderkopfdichtungssatz Motor für diverse Fahrzeuge 150.172;Elring;ops.product_id;yes;yes
467476315;SKU-8850596846;ABUS Faltschloss 6000K/120 BK SH;ABUS;4003318620911;SKU-8850596846;ABUS Faltschloss 6000K/120 BK SH;ABUS;ops.product_id;yes;yes
467476316;SKU-6722573428;Umami Bento Box B0848KVNN4-FREN 1.2L Kunststoff Bambus Schwarz;Umami;3770010398363;SKU-6722573428;Umami Bento Box B0848KVNN4-FREN 1.2L Kunststoff Bambus Schwarz;Umami;ops.product_id;yes;yes
467476317;SKU-8927251416;Fischer Hammerbohrer;fischer;4043962306996;SKU-8927251416;Fischer Hammerbohrer;Fischer;ops.product_id;yes;yes
467476418;SKU-3016364513;VAICO Bremsscheibe Hinterachse für Ford Kuga Galaxy Focus Mondeo V25-40006;VAICO;4046001447266;SKU-3016364513;VAICO Bremsscheibe Hinterachse V25-40006;VAICO;ops.product_id;no;yes
467476419;SKU-1353005263;HELLA Anlasser 12V 1.2kW für Mazda CX-5 8EA 011 612-801;HELLA;4082300855241;SKU-1353005263;HELLA Anlasser für Mazda Cx-5 8EA 011 612-801 12V 1.2kW;HELLA;ops.product_id;no;yes
467476420;SKU-1964286581;Höfner Konzertgitarre HC504-7/8 Gr. 7/8 Carmencita Musikinstrumente;Höfner;4250358601817;SKU-1964286581;Höfner Konzertgitarre HC504-7/8 Gr. 7/8 Carmencita Musikinstrumente;Höfner;ops.product_id;yes;yes
467476527;SKU-3933851468;BLAUPUNKT Autoradio BP2208M0007720;BLAUPUNKT;4260499852344;SKU-3933851468;BLAUPUNKT Autoradio BP2208M0007720;BLAUPUNKT;ops.product_id;yes;yes
467476534;SKU-2902386366;EURO DRIVELINE Antriebswelle Vorderachse links für VW Lupo, Polo, Scirocco W135;EURO DRIVELINE;4251175827556;SKU-2902386366;EURO DRIVELINE Antriebswelle Vorderachse links W135;EURO DRIVELINE;ops.product_id;no;yes
467476553;SKU-5619085780;ATE Bremsbeläge Hinterachse 602880;ATE;4806633149839;SKU-5619085780;ATE Bremsbeläge Hinterachse 602880;ATE;ops.product_id;yes;yes
467476724;SKU-9268872444;SPIVO Tennis Trainer spi-bun-DE1-bla;SPIVO®;4270001051905;SKU-9268872444;SPIVO Tennis Trainer spi-bun-DE1-bla;SPIVO;ops.product_id;yes;no
467476726;SKU-7139254013;DONBOLSO Herren Slim Wallet Vintage Braun 100% reines Rindsleder;DONBOLSO;4260526472194;SKU-7139254013;DONBOLSO Herren Slim Wallet Vintage Braun 100% reines Rindsleder;DONBOLSO;ops.product_id;yes;yes
467476727;SKU-2019632072;KYB Staubschutzsatz Vorderachse für Mercedes E-Klasse W212 S212 910158;KYB;4909500898543;SKU-2019632072;KYB Staubschutzsatz Vorderachse 910158;KYB;ops.product_id;no;yes
467476847;SKU-4090290612;Canon 1980B002 Tonerkartusche Schwarz;Canon;4960999610955;SKU-4090290612;Canon 1980B002 Tonerkartusche Schwarz;Canon;ops.product_id;yes;yes
467476969;SKU-1746174206;Polcar Außenspiegel Rechts elektrisch beheizt für Fiat Ducato 3238522E;Spieg;5901532626087;SKU-1746174206;Spieg Außenspiegel Rechts für Fiat Ducato 626087 elektrisch beheizt;Spieg;ops.product_id;no;yes
467476970;SKU-9688561402;Oventrop Y-Schmutzfänger;Oventrop;578c3341-658b-46d1-b419-b4ce60b534a5;SKU-9688561402;Oventrop Y-Schmutzfänger;Oventrop;ops.product_id;yes;yes
467476972;SKU-5329605855;Ernie Ball E-Gitarrensaiten Regular Slinky 3221 Saitenstärke 10-46 3er-Pack;Ernie Ball;57380a89-b13c-470c-8167-aa51b43eb78e;SKU-5329605855;Ernie Ball E-Gitarrensaiten Regular Slinky 3221 Saitenstärke 10-46 3er-Pack;Ernie Ball;ops.product_id;yes;yes
467477094;SKU-6816251293;KAMOKA Radlagersatz Vorderachse für Hyundai KIA Sportage SL 5600063;KAMOKA;5908242693453;SKU-6816251293;KAMOKA Radlagersatz Vorderachse 5600063 84mm;KAMOKA;ops.product_id;no;yes
467477119;SKU-5437386727;JPN Radlagersatz Vorderachse für KIA Sportage SL, 10L0503-JPN;JPN;5904270013775;SKU-5437386727;JPN Radlagersatz Vorderachse QL0503-JPN;JPN;ops.product_id;no;yes
467477301;SKU-6954275739;Sägekette Spezialstahl;SAGENSPEZI;6be95318-1354-4b38-9526-aab48b727982;SKU-6954275739;Sägekette Spezialstahl;SAGENSPEZI;ops.product_id;yes;yes
467477308;SKU-2708761114;BITUxx Federspanner Set MS-16319;BITUXX;6078c5f0-fb52-4c9c-b795-12a136ba6c79;SKU-2708761114;BITUxx Federspanner Set MS-16319;BITUxx;ops.product_id;yes;yes
467477315;SKU-1423771699;Piaggio Keilriemen Antrieb für Piaggio MP3 530 HPE 1A020495;Piaggio;7082024102510;SKU-1423771699;Piaggio Keilriemen Antrieb für Group MP3 530 HPE 1A020495;Piaggio;ops.product_id;no;yes
467478011;SKU-2930571748;Bosch Hammerbohrer 1xHammerbohrer;Bosch;8bc07ed5-5cee-4d00-abb3-00dd4f20439d;SKU-2930571748;Bosch Hammerbohrer 1xHammerbohrer;Bosch;ops.product_id;yes;yes
467478016;SKU-3341294632;NRF Ladeluftkühler Vorne für BMW 3er E46 0030119A;NRF;8718042150288;SKU-3341294632;NRF Ladeluftkühler Vorne für BMW 3er 0030119A;NRF;ops.product_id;no;yes
467513300;SKU-8902752253;ATE Bremsscheibe 321mm für Hyundai Kia Vorderachse OE 24.0128-0248.1;ATE;1900201150572;SKU-8902752253;ATE Bremsscheibe Vorderachse 28mm für Hyundai Kia 24 24.0128-0248.1;ATE;ops.product_id;no;yes
467513671;SKU-2097206690;JARISO Autoradio JSD 420 bluetooth;Generisch;07901010300000;SKU-2097206690;JARISO Autoradio JSD 420 bluetooth;JARISO;ops.product_id;yes;no
467513684;SKU-7225351886;COSII Hundepool x001Y0BTE9 120cm ca. 339 Liter Mittelgroße bis große Hunde;COSII;00442039661193;SKU-7225351886;COSII Hundepool x001Y0BTE9 120cm ca. 339 Liter Mittelgroße bis große Hunde;COSII;ops.product_id;yes;yes
467513707;SKU-4603086544;URVOLAx UR73C CarPlay Display 10.26 Zoll Plug-and-Play für Fahrzeug-Entertainment;URVOLAX;20240129000072;SKU-4603086544;URVOLAx CarPlay Display UR73C;URVOLAx;ops.product_id;no;yes
467514082;SKU-5446097686;Kecoolke Ultraschallreiniger;kecoolke;2312388888888;SKU-5446097686;Kecoolke Ultraschallreiniger;Kecoolke;ops.product_id;yes;yes
467514130;SKU-9078406333;MEYLE Inspektionspaket für Audi VW Seat Skoda 1.6 2.0 TDI 112 330 0003/S;MEYLE;4040074137246;SKU-9078406333;MEYLE Inspektionspaket für Audi VW Seat Skoda 1 112 330 0003/S Inspekti;MEYLE;ops.product_id;no;yes
467514564;SKU-4303462818;GYS Rutil Elektrode;GYS;3154020086005;SKU-4303462818;GYS Rutil Elektrode;GYS;ops.product_id;yes;yes
467514567;SKU-3050715048;HASKYY Steckschlüsselsatz;HASKYY;247e01a5-fa99-4b01-be0a-fefbe97a145d;SKU-3050715048;HASKYY Steckschlüsselsatz;HASKYY;ops.product_id;yes;yes
467514576;SKU-4309949637;LIQUI MOLY Motoröl für Benzin- und Dieselfahrzeuge 20647 5W-30 5 5W;LIQUI MOLY;4100420206474;SKU-4309949637;LIQUI MOLY Motoröl für Benzin- und Dieselfahrzeuge 20647 5W-30 5 5W;LIQUI MOLY;ops.product_id;yes;yes
467527271;SKU-6761538665;BMW Fußmatten 4-teilig Maßgeschneidert für 2er F45 Active Tourer 2452014202112;BMW;2452014202112;SKU-6761538665;BMW Fußmatten Vorne Hinten für 2er Active Tourer 2452014202112;BMW;ops.product_id;no;yes
467527296;SKU-2966583160;YUASA AGM Batterie YTZ10S 12V 9.1Ah Starterbatterie für Motorräder;YUASA;4906958001464;SKU-2966583160;YUASA Motorradbatterie für Motorrad Powersports YTZ10S 12V Motorradbatt;YUASA;ops.product_id;no;yes
467527298;SKU-7333529126;TYC Außenspiegel Rechts elektrisch beheizbar für Ford Transit V363 310-0237;TYC;8717475102703;SKU-7333529126;TYC Außenspiegel Rechts für Ford Transit V363 310-0237 elektrisch;TYC;ops.product_id;no;yes
467527299;SKU-3310911465;Nissan Motoröl für Dieselmotoren mit DPF KE900-90043 5L;Nissan;90090043468127;SKU-3310911465;Nissan Motoröl für Dieselmotoren mit DPF KE900-90043 5L;Nissan;ops.product_id;yes;yes
467527321;SKU-0716100821;SOMAN Integralhelm A154956/202401/03705 ECE R 22.05, Kratzfest, Unisex, S;SOMAN;c02f6527-8651-429c-8022-31eb90f6aaaa;SKU-0716100821;SOMAN Integralhelm A154956/202401/03705;SOMAN;ops.product_id;no;yes
467533463;SKU-6480044357;POC Mountainbike Enduro Trail Fahrradhelm PC107438595MED1 Gr. M;POC;7325549884427;SKU-6480044357;POC Mountainbike Enduro Trail Fahrradhelm PC107438595MED1 Gr. M;POC;ops.product_id;yes;yes
467533464;SKU-6162434731;KOTO Dartständer;KOTO;74429111967912;SKU-6162434731;KOTO Dartständer;KOTO;ops.product_id;yes;yes
467533465;SKU-8906682806;SKF Schrägkugellager 7315 BEGAP;SKF;7316577150929;SKU-8906682806;SKF Schrägkugellager 7315 BEGAP;SKF;ops.product_id;yes;yes
467533467;SKU-5120624450;ELUTO Autositzbezug Set Vorne Hinten 946921699;ELUTO;7b442083-e5d5-43c0-92ef-76c6432fe919;SKU-5120624450;ELUTO Autositzbezug Set Vorne Hinten 946921699;ELUTO;ops.product_id;yes;yes
467533468;SKU-6044260478;MAHLE Ausgleichsbehälter Kühlmittel für VW Transporter 8MA 376 783-494;MAHLE;7778bbb4-0a11-414b-a323-1573ab313f48;SKU-6044260478;MAHLE Ausgleichsbehälter Kühlmittel für VW Transporter 8MA 376 783-494;MAHLE;ops.product_id;yes;yes
467533469;SKU-3988740005;Offgridtec 8-01-012830 Sammelschiene Schwarz;Offgridtec;914f7e36-2a57-4a6c-94e3-441532afad65;SKU-3988740005;Offgridtec 8-01-012830 Sammelschiene Schwarz;Offgridtec;ops.product_id;yes;yes
467533470;SKU-7957694387;Zinkdruckguss;SIRUS;c6d932e0-cd68-4d66-8212-d98f5d10e8d2;SKU-7957694387;Zinkdruckguss;SIRUS;ops.product_id;yes;yes
467533471;SKU-5952589845;Unbekannt Einhandfräse Silber Türkis Schwarz Kunststoff/Metall 3709;;85020cb2-38be-42d7-a2d1-bb5aa92d9e36;SKU-5952589845;Unbekannt Einhandfräse Silber Türkis Schwarz Kunststoff/Metall 3709;Unbekannt;ops.product_id;yes;no
467533483;SKU-3481827893;Rolife Miniatur-Bausatz Mehrfarbig Holz Papier Stoff Metall TGB06;Rolife;f20fc23c-f6dc-476a-9070-d943caec409f;SKU-3481827893;Rolife Miniatur-Bausatz Mehrfarbig Holz Papier Stoff Metall TGB06;Rolife;ops.product_id;yes;yes
467533484;SKU-4252129103;Purehelp Schuhüberzieher Unisex Gr. Einheitsgröße Blau PH-SC-SET100;purehelp;54c1a366-798b-42bf-9014-95729468c623;SKU-4252129103;Purehelp Schuhüberzieher Unisex Gr. Einheitsgröße Blau PH-SC-SET100;Purehelp;ops.product_id;yes;yes
467533485;SKU-6854747447;Vinz Jethelm Como Matt Schwarz Sicherheitshelm für Motorrad & Roller 220653541150;Vinz;e29c131f-ec89-434c-b216-90f28330918d;SKU-6854747447;Vinz Jethelm Como;Vinz;ops.product_id;no;yes
467533508;SKU-9297459968;Febi Bilstein Waschwasserpumpe Vorne für Mercedes-Benz 26259;febi bilstein;fad41e15-2900-414a-b739-2ed02d4394fe;SKU-9297459968;Febi Bilstein Waschwasserpumpe Vorne für Mercedes-Benz 26259;Febi Bilstein;ops.product_id;yes;yes
467533509;SKU-0107097519;Sontheimer Nockenschalter Grau Schwarz Kunststoff Metall 10009322;Sontheimer;f7a5bb4a-9e13-4a67-8065-996f9a809f26;SKU-0107097519;Sontheimer Nockenschalter Grau Schwarz Kunststoff Metall 10009322;Sontheimer;ops.product_id;yes;yes
467549470;SKU-6074840029;MEYLE Gelenksatz radseitig für MCV0026 100 498 0057;MEYLE;4040074266946;SKU-6074840029;MEYLE Gelenksatz radseitig 100 498 0057;MEYLE;ops.product_id;no;yes
468322483;SKU-5753016417;Audi Fußmatten Set Vorne Hinten Q5 8R;Audi;5820082016105;SKU-5753016417;Audi Fußmatten Set Vorne Hinten Q5 8R;Audi;ops.product_id;yes;yes
468324400;SKU-2439653897;FAST Kabelloses Ladegerät A1Pro Kunststoff 15W 9V;FAST;9aff4795-bed9-4a09-ba98-77c2e138b511;SKU-2439653897;FAST Kabelloses Ladegerät A1Pro Kunststoff 15W 9V;FAST;ops.product_id;yes;yes
473047241;SKU-3023625088;WEBER TOOLS Gewindereparaturset;WEBER TOOLS;1011190149611;SKU-3023625088;WEBER TOOLS Gewindereparaturset;WEBER TOOLS;ops.product_id;yes;yes
473049813;SKU-4955195373;LIQUI MOLY Motoröl 10W-40 4L für 4-Takt-Motorräder 3046;LIQUI MOLY;1004200304684;SKU-4955195373;LIQUI MOLY Motoröl für 4-Takt-Motorräder 3046 10W-40 4 Liter 10W;LIQUI MOLY;ops.product_id;no;yes
473049821;SKU-2250869990;HENMI Radsport Fahrradständer HMF-B03;HENMI;0099557e-b9f0-45a4-9c7c-d6418e7daac5;SKU-2250869990;HENMI Radsport Fahrradständer HMF-B03;HENMI;ops.product_id;yes;yes
473049898;SKU-0533124796;CAPAS Tauchen Schnorcheln Schnorchelflossen Gr. S/M;CAPAS;182c0593-5b66-4304-80fa-d1a56eb08210;SKU-0533124796;CAPAS Tauchen Schnorcheln Schnorchelflossen Gr. S/M;CAPAS;ops.product_id;yes;yes
473188306;SKU-2267173123;MOTUL 8100 X-clean+ SAE 5W-30 Motoröl für BMW Mercedes Porsche VW 106376;MOTUL;3374650257716;SKU-2267173123;MOTUL Motoröl 106376 8100x-clean SAE 5W-30 1 Liter 5W;MOTUL;ops.product_id;no;yes
473188370;SKU-2522561568;Asmodee Kinder Familie Kartenspiel Mehrfarbig Karton;Asmodee;3558380099390;SKU-2522561568;Asmodee Kinder Familie Kartenspiel Mehrfarbig Karton;Asmodee;ops.product_id;yes;yes
473189030;SKU-7753504850;PerformaNat Milchkühe Rinder Calcium Bolus;PerformaNat;30c418b6-000b-47e9-8252-3478b4693cda;SKU-7753504850;PerformaNat Milchkühe Rinder Calcium Bolus;PerformaNat;ops.product_id;yes;yes
473189266;SKU-6511282128;JMIVAV JD-80 Mauspad 800x300mm Rosa;JMIVAV;20220424000047;SKU-6511282128;JMIVAV JD-80 Mauspad 800x300mm Rosa;JMIVAV;ops.product_id;yes;yes
473189306;SKU-0545917168;SPURTAR Messschieber;SPURTAR;2024080701046;SKU-0545917168;SPURTAR Messschieber;SPURTAR;ops.product_id;yes;yes
473211933;SKU-4715041854;ESPRIT Bettwäsche-Set 77302-080-155-220 100% Baumwolle Renforcé 155x220cm;ESPRIT;4005414511612;SKU-4715041854;ESPRIT Bettwäsche-Set 77302-080-155-220 100% Baumwolle Renforcé 155x220cm;ESPRIT;ops.product_id;yes;yes
473213026;SKU-1892441877;PEBARO Burgen Schlösser Holzbausatz 887 Ab 6 Jahren;PEBARO;4006094887004;SKU-1892441877;PEBARO Burgen Schlösser Holzbausatz 887 Ab 6 Jahren;PEBARO;ops.product_id;yes;yes
473213041;SKU-3704607179;Goki Klangkaskade Murmelbahn 53781 Ab 3 Jahre;Goki;4013594537810;SKU-3704607179;Goki Klangkaskade Murmelbahn 53781 Ab 3 Jahre;Goki;ops.product_id;yes;yes
473223837;SKU-3097738026;EMUK Anhängerspiegel Außenspiegel für Renault Modelle ab 2015 (100303);EMUK;4034144003036;SKU-3097738026;EMUK Anhängerspiegel Außenspiegel 100303;EMUK;ops.product_id;no;yes
473224960;SKU-0945605804;MEYLE Automatikgetriebeöl ATF DCG II für VW DSG, BMW DKG 0140193700;MEYLE;4040074122754;SKU-0945605804;MEYLE Automatikgetriebeöl 0140193700 ATF DCG II 1 Liter;MEYLE;ops.product_id;no;yes
476175269;SKU-2941051529;TRW Bremsscheibe Vorderachse für Audi A4 A5 A6 DF4866S;TRW;31080024102010;SKU-2941051529;TRW Bremsscheibe Vorderachse für Audi A4 A5 A6 DF4866S;TRW;ops.product_id;yes;yes
476175293;SKU-9182883969;FLENNOR Radlagersatz Vorderachse für Mercedes-Benz W140 C140 FR490971;FLENNOR;4030434105633;SKU-9182883969;FLENNOR Radlagersatz Vorderachse für Mercedes-Benz W140 C140 FR490971;FLENNOR;ops.product_id;yes;yes
476175324;SKU-2511182802;SACHS Kupplungssatz für Audi A3 VW Golf V 2290601009 240mm Kupplungs;SACHS;2290601009009;SKU-2511182802;SACHS Kupplungssatz für Audi A3 VW Golf V 2290601009 240mm Kupplungs;SACHS;ops.product_id;yes;yes
476182574;SKU-2191775022;ZF Automatikgetriebeöl für Pkw Automatikgetriebe 600083246;ZF;4053202268477;SKU-2191775022;ZF Automatikgetriebeöl für Pkw Automatikgetriebe 600083246;ZF;ops.product_id;yes;yes
476182584;SKU-4973901806;BOSS Herren Sweatjacke Beige Gr. 4xL 50511709;BOSS;4063541990120;SKU-4973901806;BOSS Herren Sweatjacke Beige Gr. 4xL 50511709;BOSS;ops.product_id;yes;yes
476200310;SKU-0694979094;LIQUI MOLY Motoröl Top Tec 4300 5W-30 für Benzin- und Dieselfahrzeuge OE 3740;LIQUI MOLY;4100420037405;SKU-0694979094;LIQUI MOLY Motoröl für Ganzjährig 3740 5W-30 1 Liter 5W;LIQUI MOLY;ops.product_id;no;yes
476200511;SKU-1803692252;Akku- Ladegerät-Set 18V;GARDENA;4078500055604;SKU-1803692252;Akku- Ladegerät-Set 18V;GARDENA;ops.product_id;yes;yes
476200784;SKU-1747542074;BOSS Herren T-Shirt Mehrfarbig (Schwarz Weiß Dunkelblau Gr. M;BOSS;4063544208888;SKU-1747542074;BOSS Herren T-Shirt Mehrfarbig (Schwarz Weiß Dunkelblau Gr. M;BOSS;ops.product_id;yes;yes
476201135;SKU-7902875633;LIQUI MOLY Motoröl für Benzin- und Dieselmotoren 3741 TEC 4300 5W-30;LIQUI MOLY;4100420037412;SKU-7902875633;LIQUI MOLY Motoröl für Benzin- und Dieselmotoren 3741 TEC 4300 5W-30;LIQUI MOLY;ops.product_id;yes;yes
476216251;SKU-8942698934;SCHIESSER Bettwäsche-Set Molly Erwachsene 100% Baumwolle 80x80cm 135x200cm;SCHIESSER;4251806427775;SKU-8942698934;SCHIESSER Bettwäsche-Set Molly Erwachsene 100% Baumwolle 80x80cm 135x200cm;SCHIESSER;ops.product_id;yes;yes
476219230;SKU-7226847075;BBQ-Toro Grillpfanne 42.5cm 3.5 Liter Gusseisen 5x27cm 3.5L;BBQ-Toro;4260532290669;SKU-7226847075;BBQ-Toro Grillpfanne 42.5cm 3.5 Liter Gusseisen 5x27cm 3.5L;BBQ-Toro;ops.product_id;yes;yes
476219900;SKU-1306047599;LIQUI MOLY Getriebeöl für Schalt- und Achsgetriebe 1024 SAE 75W-90 1L GL4/5;LIQUI MOLY;4dd32c21-2afe-4c13-b354-605f97e6f590;SKU-1306047599;LIQUI MOLY Getriebeöl für Schalt- und Achsgetriebe 1024 SAE 75W-90 1L GL4/5;LIQUI MOLY;ops.product_id;yes;yes
476236056;SKU-7909541265;Grana Home Bratpfanne Induktion 24cm;Grana Home;4262472110243;SKU-7909541265;Grana Home Bratpfanne Induktion 24cm;Grana Home;ops.product_id;yes;yes
476236252;SKU-6587967689;Calvin Klein Herren Trunks Schwarz Weiß Marineblau Gr. L Baumwoll-Stretch;Calvin Klein;45005591930000;SKU-6587967689;Calvin Klein Herren Trunks Schwarz Weiß Marineblau Gr. L Baumwoll-Stretch;Calvin Klein;ops.product_id;yes;yes
476236714;SKU-4519918204;Hasbro x-Men Actionfigur Ab 4 Jahren;Hasbro;5010996282880;SKU-4519918204;Hasbro x-Men Actionfigur Ab 4 Jahren;Hasbro;ops.product_id;yes;yes
476241691;SKU-7417485934;FOx Angeln Angelblei CAC518;FOX;5055350248140;SKU-7417485934;FOx Angeln Angelblei CAC518;FOx;ops.product_id;yes;yes
476359286;SKU-8684520981;Beistelltisch 31cm;home24;59151383083624;SKU-8684520981;Beistelltisch 31cm;Home24;ops.product_id;yes;yes
476359386;SKU-3782469631;Spring Copenhagen Dekofigur 102386 19x8.3x13cm (HxBxL Erwachsene Eichenholz;Spring Copenhagen;5713487061253;SKU-3782469631;Spring Copenhagen Dekofigur 102386 19x8.3x13cm (HxBxL Erwachsene Eichenholz;Spring Copenhagen;ops.product_id;yes;yes
476359403;SKU-1466301102;Spring Copenhagen Dekofigur Spot 8cm Erwachsene Holz Braun;Spring Copenhagen;5713487061277;SKU-1466301102;Spring Copenhagen Dekofigur Spot 8cm Erwachsene Holz Braun;Spring Copenhagen;ops.product_id;yes;yes
476372121;SKU-6216530722;INTEx Luftmatratze AP620D Gr. 203x152cm;INTEX;6941057422886;SKU-6216530722;INTEx Luftmatratze AP620D Gr. 203x152cm;INTEx;ops.product_id;yes;yes
476372298;SKU-3606468262;TEXTAR Bremsscheibe 320mm 30mm für Mercedes-Benz S-Klasse 92056600;TEXTAR;7212913647233;SKU-3606468262;TExTAR Bremsscheibe 30mm für Mercedes-Benz S-Klasse 92056600 320mm;TExTAR;ops.product_id;no;yes
476389691;SKU-5764056320;Good Morning Bettwäsche-Set 20104-F Baumwolle 155x220cm Sand;good morning;81717285233178;SKU-5764056320;Good Morning Bettwäsche-Set 20104-F Baumwolle 155x220cm Sand;Good Morning;ops.product_id;yes;yes
476389851;SKU-7200941317;Sonniboy Sonnenschutz Panoramadach hinten für Tesla Model 3 Y CLI10206PDH;Tesla;76a7cc4f-9aa4-4149-ad6b-9cc4ef1dc1df;SKU-7200941317;Tesla Sonnenschutz Panoramadach hinten für Model 3 Y CLI10206PDH;Tesla;ops.product_id;no;yes
476389909;SKU-8805500495;Bo-Camp Geschirrset 40-051-059-005;Bo-Camp;8712013813820;SKU-8805500495;Bo-Camp Geschirrset 40-051-059-005;Bo-Camp;ops.product_id;yes;yes
476399956;SKU-2629282795;Glosen Schubladenbox;Glosen;8b41bda6-bc97-4d34-8644-f081c7d180cb;SKU-2629282795;Glosen Schubladenbox;Glosen;ops.product_id;yes;yes
476400081;SKU-5748131128;FRANKBERG Querlenkersatz Vorderachse für BMW CA03211Z-FC;FRANKBERG;ad08f46f-d233-4c4f-b5c5-bc803ce5018e;SKU-5748131128;FRANKBERG Querlenkersatz Vorderachse für BMW CA03211Z-FC;FRANKBERG;ops.product_id;yes;yes
476509916;SKU-2064038107;FNTCASE Schutzhülle Kunststoff Grau;FNTCASE;14f93c3a-6902-4da3-8a00-991a13958570;SKU-2064038107;FNTCASE Schutzhülle Kunststoff Grau;FNTCASE;ops.product_id;yes;yes
476510014;SKU-8414659629;Trotec 3in1 Kombifilter AirgoClean 170 E;TROTEC;4052138007280;SKU-8414659629;Trotec 3in1 Kombifilter AirgoClean 170 E;Trotec;ops.product_id;yes;yes
476510048;SKU-9713309170;Best LAND001 Netzwerkdose Weiß;Best;4260443571086;SKU-9713309170;Best LAND001 Netzwerkdose Weiß;Best;ops.product_id;yes;yes
476524656;SKU-3756924465;Happet Aquarienheizstab Temperaturregler Transparent Schwarz;Happet;48fe16c6-bdc6-42f6-862e-fc9eb4962c93;SKU-3756924465;Happet Aquarienheizstab Temperaturregler Transparent Schwarz;Happet;ops.product_id;yes;yes
476524830;SKU-0135090467;Purahelp Warnwesten Set PH-WW-SET+1 Kinder Erwachsene Gelb;purahelp;4262427090057;SKU-0135090467;Purahelp Warnwesten Set PH-WW-SET+1 Kinder Erwachsene Gelb;Purahelp;ops.product_id;yes;yes
476525545;SKU-1489693054;Segarids Miniaturflasche Erwachsene Glas Transparent;Segarids;52820776-34bb-4776-b728-06c521593d3a;SKU-1489693054;Segarids Miniaturflasche Erwachsene Glas Transparent;Segarids;ops.product_id;yes;yes
476547233;SKU-9425624573;Shell Motoröl Helix Ultra ECT C3 5W-30 für Diesel- und Ottomotoren 550042844;Shell;5011987005952;SKU-9425624573;Shell Motoröl für Diesel- und Ottomotoren 550042844 HelixUltra ECT C3 5W-30;Shell;ops.product_id;no;yes
476547664;SKU-8735317765;Sammelkarten;VaultX;5060570201660;SKU-8735317765;Sammelkarten;VaultX;ops.product_id;yes;yes
476548144;SKU-9272258811;LEGO Tiere Badespielzeug 10965 Ab 1.5 Jahren;LEGO;5702017153599;SKU-9272258811;LEGO Tiere Badespielzeug 10965 Ab 1.5 Jahren;LEGO;ops.product_id;yes;yes
476548413;SKU-9904325113;LEGO Weltraum Baukasten 6465033 Ab 4 Jahren;LEGO;5702017567501;SKU-9904325113;LEGO Weltraum Baukasten 6465033 Ab 4 Jahren;LEGO;ops.product_id;yes;yes
480589133;SKU-7193466241;HP 3YM61AE Tintenpatrone 2ml Schwarz;HP;83e404aa-90ab-4ebe-a933-039625bb1df9;SKU-7193466241;HP 3YM61AE Tintenpatrone 2ml Schwarz;HP;ops.product_id;yes;yes
480589246;SKU-8798489036;Calvin Klein Herren Boxershorts Mehrfarbig Gr. L Baumwoll-Stretch U2664-4KU;Calvin Klein;8719115000028;SKU-8798489036;Calvin Klein Herren Boxershorts Mehrfarbig Gr. L Baumwoll-Stretch U2664-4KU;Calvin Klein;ops.product_id;yes;yes
480593369;SKU-8463577445;LED-Streifen Milchweißes PVC 20 Meter Innen- und Außenbereich;KSIBNW;ab8921aa-074a-4d89-beb7-b4236133851e;SKU-8463577445;LED-Streifen Milchweißes PVC 20 Meter Innen- und Außenbereich;KSIBNW;ops.product_id;yes;yes
481212553;SKU-6274769815;TNP Products RJ45 Splitter/Combiner 60W Schwarz;TNP Products;60539f7f-f556-4103-bc2c-cc17f5a455c3;SKU-6274769815;TNP Products RJ45 Splitter/Combiner 60W Schwarz;TNP Products;ops.product_id;yes;yes
484709398;SKU-7255766247;Abercrombie Fitch Herren T-Shirt Mehrfarbig Gr. L 100% Baumwolle 661581842;Abercrombie & Fitch;0198303486543;SKU-7255766247;Abercrombie Fitch Herren T-Shirt Mehrfarbig Gr. L 100% Baumwolle 661581842;Abercrombie & Fitch;ops.product_id;yes;yes
484709451;SKU-0279594894;Patriot P300P256GM28 Interne Solid State Drive 256GB m.2 pcie gen3 nvme;Patriot;0814914026519;SKU-0279594894;Patriot P300P256GM28 Interne Solid State Drive 256GB m.2 pcie gen3 nvme;Patriot;ops.product_id;yes;yes
484709463;SKU-4747629782;Fitbit Fitness-Tracker GA05184-EU;Fitbit;0840353901100;SKU-4747629782;Fitbit Fitness-Tracker GA05184-EU;Fitbit;ops.product_id;yes;yes
484714743;SKU-5246852701;RELION Lithium Eisenphosphat Batterie 51.2V 30Ah für Insight Series 48V030-GC2;RELION;11850025732208;SKU-5246852701;RELION Lithium Eisenphosphat Batterie 48V030-GC2 51.2V Ungeprüft;RELION;ops.product_id;no;yes
484714753;SKU-7569423484;Revisionsklappe Verzinkter Stahl Installationsschächte Hohlräume;EUROPLAST;18023030150200;SKU-7569423484;Revisionsklappe Verzinkter Stahl Installationsschächte Hohlräume;EUROPLAST;ops.product_id;yes;yes
485930713;SKU-9129624671;Thule Gepäckträger 20201512;Thule;00872299043330;SKU-9129624671;Thule Gepäckträger 20201512;Thule;ops.product_id;yes;yes
485963049;SKU-0121175685;TRESKO Hund Katze Transportbox L Anthrazit;TRESKO;4260613499578;SKU-0121175685;TRESKO Hund Katze Transportbox L Anthrazit;TRESKO;ops.product_id;yes;yes
485998935;SKU-0336723314;TEE-UU Rettungsmesser 9892-2510;TEE-UU;4260168332719;SKU-0336723314;TEE-UU Rettungsmesser 9892-2510;TEE-UU;ops.product_id;yes;yes
486212653;SKU-0614291176;MANNOL Motoröl für Motor 7919 Legend Extra SAE 0W-30 5 Liter 0W;MANNOL;4036021579191;SKU-0614291176;MANNOL Motoröl für Motor 7919 Legend Extra SAE 0W-30 5 Liter 0W;MANNOL;ops.product_id;yes;yes
486559124;SKU-9400450055;ALKAR Außenspiegel Rechts für Fiat Ducato, Citroën Jumper, Peugeot Boxer 9202922;ALKAR;0402019292922;SKU-9400450055;ALKAR Außenspiegel Rechts für Fiat Citroën Peugeot 9202922 elektrisch;ALKAR;ops.product_id;no;yes
487361823;SKU-4762036663;Solarleuchte Kunststoff Außenbereich;intelamp;1d5b4c7f-5b0b-42ac-a3a4-1ff4ce852794;SKU-4762036663;Solarleuchte Kunststoff Außenbereich;Intelamp;ops.product_id;yes;yes
487361824;SKU-0789448642;Kalahari Wassergläser Set 8.5cm 300ml;Kalahari;1bdce1f7-aa59-4b85-a9a8-3488141ae012;SKU-0789448642;Kalahari Wassergläser Set 8.5cm 300ml;Kalahari;ops.product_id;yes;yes
487361826;SKU-5133324860;Patagonia Herren Freizeithemd Salamandergrün Gr. L Baumwolle 52691;Patagonia;24196924186507;SKU-5133324860;Patagonia Herren Freizeithemd Salamandergrün Gr. L Baumwolle 52691;Patagonia;ops.product_id;yes;yes
487365277;SKU-0704619212;Silicon Power SSD SP256GBSS3A55S25 256GB 7mm sata NEU;Silicon Power;25004695020111;SKU-0704619212;Silicon Power SP256GBSS3A55S25 SSD 256GB 7mm sata;Silicon Power;ops.product_id;no;yes
487365293;SKU-4883385910;ZARA HOME Couchtisch 9273/072/700/99 46x70x60cm Erwachsene Mangoholz 70cm;ZARA HOME;2f144eb7-126a-43ac-90cc-c6dbf899a7d6;SKU-4883385910;ZARA HOME Couchtisch 9273/072/700/99 46x70x60cm Erwachsene Mangoholz 70cm;ZARA HOME;ops.product_id;yes;yes
488047821;SKU-1041108089;Tommy Hilfiger Herren T-Shirt Weiß Gr. L Baumwolle;Tommy Hilfiger;8720646487387;SKU-1041108089;Tommy Hilfiger Herren T-Shirt Weiß Gr. L Baumwolle;Tommy Hilfiger;ops.product_id;yes;yes
488052027;SKU-1055381582;Nespresso Kaffeegläser Set;Nespresso;7630751727135;SKU-1055381582;Nespresso Kaffeegläser Set;Nespresso;ops.product_id;yes;yes
488068691;SKU-1316800430;Fiamma Auffahrkeil Level Up 3-Stufen Set für Wohnmobile 97901-038;Fiamma;8004815313234;SKU-1316800430;Fiamma Auffahrkeil für Wohnmobil Wohnwagen 97901-038 2er Set 3-Stufen Gra;Fiamma;ops.product_id;no;yes
488078915;SKU-1377750386;Valuents Campingteppich CampCarp-250-350 Gr. 250x350cm;Valuents;4260755120385;SKU-1377750386;Valuents Campingteppich CampCarp-250-350 Gr. 250x350cm;Valuents;ops.product_id;yes;yes
488088781;SKU-1468228360;SPOOK TACULAR CREATIONS Kinder Kostüm Set Grau;SPOOK TACULAR CREATIONS;4917616740531;SKU-1468228360;SPOOK TACULAR CREATIONS Kinder Kostüm Set Grau;SPOOK TACULAR CREATIONS;ops.product_id;yes;yes
488094185;SKU-1479525764;TT. BAGATT Stiefelette Damen Gr. 41 Echtleder D11-AGx33-1100;TT. BAGATT;4067266427411;SKU-1479525764;TT. BAGATT Stiefelette Damen Gr. 41 Echtleder D11-AGx33-1100;TT. BAGATT;ops.product_id;yes;yes
488457239;SKU-4026350484;Patagonia Herren T-Shirt Recycelte Baumwolle Recyceltes Polyester 87655;Patagonia;1795362000001;SKU-4026350484;Patagonia Herren T-Shirt Recycelte Baumwolle Recyceltes Polyester 87655;Patagonia;ops.product_id;yes;yes
488505117;SKU-8073301246;BRUT Clothing Herren Wachsjacke Olivgrün Gr.xL Wachsbaumwolle 1852315181124;BRUT Clothing;1852315181124;SKU-8073301246;BRUT Clothing Herren Wachsjacke Olivgrün Gr.xL Wachsbaumwolle 1852315181124;BRUT Clothing;ops.product_id;yes;yes
489020645;SKU-3476455542;NINTH HALL Herren Sweatshirt Gelb Gr. M Baumwollmischung;NINTH HALL;2493370000004;SKU-3476455542;NINTH HALL Herren Sweatshirt Gelb Gr. M Baumwollmischung;NINTH HALL;ops.product_id;yes;yes
489020673;SKU-6634800828;Tommy Hilfiger Herren Pullover Dunkelblau Gr.xL Baumwolle Kaschmir;Tommy Hilfiger;295c4789-b314-43ba-a18c-274b6ac422ef;SKU-6634800828;Tommy Hilfiger Herren Pullover Dunkelblau Gr.xL Baumwolle Kaschmir;Tommy Hilfiger;ops.product_id;yes;yes
489020796;SKU-6617431534;WUZECK Solarmodul 100W;WUZECK;2640f8be-81e3-4d78-b73c-14f234d26721;SKU-6617431534;WUZECK Solarmodul 100W;WUZECK;ops.product_id;yes;yes
489021110;SKU-7824016126;LADYHOW Handseilzug;LADYHOW;2d3f8a0d-2c5f-4852-a241-8281d55e418a;SKU-7824016126;LADYHOW Handseilzug;LADYHOW;ops.product_id;yes;yes
489021138;SKU-7538503265;COM40 Limited sp Ersatz-Sitzkissen C001746 Strapazierfähiges Textil;COM40 Limited sp;00174600185032;SKU-7538503265;COM40 Limited sp Ersatz-Sitzkissen C001746 Strapazierfähiges Textil;COM40 Limited sp;ops.product_id;yes;yes
489021502;SKU-5526640633;Element Herren Hemd Beige Gr. L;Element;3613379433101;SKU-5526640633;Element Herren Hemd Beige Gr. L;Element;ops.product_id;yes;yes
489021518;SKU-8192040791;Dexeryl Emolliente Pflegecreme 500g;Dexeryl;3573994006336;SKU-8192040791;Dexeryl Emolliente Pflegecreme 500g;Dexeryl;ops.product_id;yes;yes
489022050;SKU-8932764822;Blue Tomato Herren Sweatshirt Schwarz Gr. L Baumwolle BTFW 2342;Blue Tomato;395730b7-67d0-4880-a770-f85086b71052;SKU-8932764822;Blue Tomato Herren Sweatshirt Schwarz Gr. L Baumwolle BTFW 2342;Blue Tomato;ops.product_id;yes;yes
489022119;SKU-4832582390;BENT Fahrzeugadapter 50023;BENT;4001690500234;SKU-4832582390;BENT Fahrzeugadapter 50023;BENT;ops.product_id;yes;yes
489022295;SKU-7357361636;ROHO Sitzkissenbezug 61373208013 5cm Schwarz;ROHO;3f55c3c8-0603-4563-be53-8591b104d26e;SKU-7357361636;ROHO Sitzkissenbezug 61373208013 5cm Schwarz;ROHO;ops.product_id;yes;yes
489022680;SKU-4191907503;Revisionsklappe Stahlblech Wand Decke;UPMANN;4005046205217;SKU-4191907503;Revisionsklappe Stahlblech Wand Decke;UPMANN;ops.product_id;yes;yes
489022944;SKU-1708759606;SCHIESSER Bustier 42 Schwarz;SCHIESSER;4007065867636;SKU-1708759606;SCHIESSER Bustier 42 Schwarz;SCHIESSER;ops.product_id;yes;yes
489022994;SKU-3455080661;SCHIESSER Damen Taillenslip Weiß Gr. 40 Baumwolle 399053;SCHIESSER;4007060000236;SKU-3455080661;SCHIESSER Damen Taillenslip Weiß Gr. 40 Baumwolle 399053;SCHIESSER;ops.product_id;yes;yes
489023216;SKU-7707703650;SCHIESSER Teens Schlafanzug-Set Dunkelblau Gr. 38 Baumwolle 179297-803;SCHIESSER;4007066272026;SKU-7707703650;SCHIESSER Teens Schlafanzug-Set Dunkelblau Gr. 38 Baumwolle 179297-803;SCHIESSER;ops.product_id;yes;yes
489023692;SKU-2748406604;Castrol Motoröl für PKW P0186F9-00 EDGE Turbo Diesel 5;Castrol;4008177077142;SKU-2748406604;Castrol Motoröl für PKW P0186F9-00 EDGE Turbo Diesel 5;Castrol;ops.product_id;yes;yes
489023773;SKU-2879742273;Kela Tischgrill 24cm;kela;4025457166471;SKU-2879742273;Kela Tischgrill 24cm;Kela;ops.product_id;yes;yes
489024185;SKU-5134751391;Intelamp Solar-Außenleuchte Wandmontage 1200 LM MotionSensor Schwarz NEU;intelamp;20221705000003;SKU-5134751391;Solar-Straßenleuchte 190mm Garten Wege Einfahrten öffentliche Plätze;Intelamp;ops.product_id;no;yes
489024228;SKU-7396058360;BGS technic Motor-Einstellwerkzeug für Opel Saab Chevy 2.8L 3.6L EN-46106 EN-48383;BGS technic;4026947097541;SKU-7396058360;BGS technic Motor-Einstellwerkzeug Satz für Opel Saab Chevrolet Buick Cadillac;BGS technic;ops.product_id;no;yes
489024424;SKU-3806532980;SHARGE Powerbank Flow Mini SP012 5000mAh USB-C 2x5V/2.4A Ausgang Grau;SHARGE;20221212000014;SKU-3806532980;SHARGE Powerbank Flow Mini SP012 5000mAh USB-C 2x5V/2.4A Ausgang Grau;SHARGE;ops.product_id;yes;yes
489024624;SKU-4110694191;MANNOL Kühlerfrostschutzkonzentrat 4115 5L;MANNOL;4036021157276;SKU-4110694191;MANNOL Kühlerfrostschutzkonzentrat 4115 5L;MANNOL;ops.product_id;yes;yes
489024713;SKU-5320936983;Mannol Motoröle für SCT Lubricants 7511 A3/B4 SN/CH-4 5W 20L;MANNOL;4036021163093;SKU-5320936983;Mannol Motoröle für SCT Lubricants 7511 A3/B4 SN/CH-4 5W 20L;Mannol;ops.product_id;yes;yes
489025786;SKU-3855746092;Benzin-Rucksack-Kombigerät Garten Rucksack-Tragesystem 6-in-1 System;PARKSIDE;4055333068964;SKU-3855746092;Benzin-Rucksack-Kombigerät Garten Rucksack-Tragesystem 6-in-1 System;PARKSIDE;ops.product_id;yes;yes
489025803;SKU-6154185094;Khujo Damen Wintermantel light moss green Gr.xxL 100% Nylon KH121U1KW-C11;Khujo;4062493735872;SKU-6154185094;Khujo Damen Wintermantel light moss green Gr.xxL 100% Nylon KH121U1KW-C11;Khujo;ops.product_id;yes;yes
489026093;SKU-3010724612;HUGO BOSS Herren Jeans Schwarz Gr. 36/32 50520195;HUGO BOSS;4063543580763;SKU-3010724612;HUGO BOSS Herren Jeans Schwarz Gr. 36/32 50520195;HUGO BOSS;ops.product_id;yes;yes
489026231;SKU-3244413909;Grillkorb Edelstahl 22cm Gemüse Fisch kleine Fleischstücke;Let's BBQ;4063367064357;SKU-3244413909;Grillkorb Edelstahl 22cm Gemüse Fisch kleine Fleischstücke;Let's BBQ;ops.product_id;yes;yes
489026464;SKU-5749801311;HUGO Damen Blazer Grün Elastan 5% Polyester 64% Viskose 31 50530473;HUGO;4063544824545;SKU-5749801311;HUGO Damen Blazer Grün Elastan 5% Polyester 64% Viskose 31 50530473;HUGO;ops.product_id;yes;yes
489026717;SKU-9014992269;NQY Radsport Rücklicht AQY-0117;NQY;61cb13b8-ef09-4959-821e-c2d63fcd8038;SKU-9014992269;NQY Radsport Rücklicht AQY-0117;NQY;ops.product_id;yes;yes
489026794;SKU-5207774112;Finori Waschbeckenunterschrank B014082/001528 66cm Holzwerkstoff Weiß;Finori;4260281755686;SKU-5207774112;Finori Waschbeckenunterschrank B014082/001528 66cm Holzwerkstoff Weiß;Finori;ops.product_id;yes;yes
489026812;SKU-5660339205;Holzkohlegrill Stahl Outdoor;Enders;48093417-f9ef-497f-96a7-e17838a5280f;SKU-5660339205;Holzkohlegrill Stahl Outdoor;Enders;ops.product_id;yes;yes
489027162;SKU-9037226717;JOSE TORRES Gitarrenhülle JTB-100 für Klassische Konzertgitarre 4/4 Schwarz;JOSE TORRES;8435017325303;SKU-9037226717;JOSE TORRES Gitarrenhülle JTB-100 für Klassische Konzertgitarre 4/4 Schwarz;JOSE TORRES;ops.product_id;yes;yes
489027192;SKU-4777479586;GIVI Windschild Vorne für D230S;GIVI;8019606021557;SKU-4777479586;GIVI Windschild Vorne für D230S;GIVI;ops.product_id;yes;yes
489027220;SKU-1769600457;Jesebang YT18 In-Ear Kopfhörer bluetooth Schwarz;Jesebang;a306ee5a-9713-4ee0-8e51-a97b458577d5;SKU-1769600457;Jesebang YT18 In-Ear Kopfhörer bluetooth Schwarz;Jesebang;ops.product_id;yes;yes
489027425;SKU-3350934915;Gartenstecker Metall Kunststoff 11cm Außenbereich;Kibek;b82f2e03-f4e9-4cef-8984-364a6a8cfc8e;SKU-3350934915;Gartenstecker Metall Kunststoff 11cm Außenbereich;Kibek;ops.product_id;yes;yes
489027495;SKU-5736916285;PANORAMA24 Rolllattenrost BxL 80x200cm Massivholz 80x200M 200cm 80cm;PANORAMA24;acbaf936-25b4-4850-a552-4af9871abe8c;SKU-5736916285;PANORAMA24 Rolllattenrost BxL 80x200cm Massivholz 80x200M 200cm 80cm;PANORAMA24;ops.product_id;yes;yes
489027512;SKU-9612106646;Wandgarderobe Holz Metall ca. 67cm Innen;FDS GmbH;daff6593-8cf1-4290-b164-30ff627317a0;SKU-9612106646;Wandgarderobe Holz Metall ca. 67cm Innen;FDS GmbH;ops.product_id;yes;yes
489181810;SKU-2733489996;Jack Wolfskin Herren Outdoorjacke Black Olive Gr. 3xL;Jack Wolfskin;4064886306904;SKU-2733489996;Jack Wolfskin Herren Outdoorjacke Black Olive Gr. 3xL;Jack Wolfskin;ops.product_id;yes;yes
489181873;SKU-2126872416;CYBEx Kindersitz 520004387;CYBEX;4063846033713;SKU-2126872416;CYBEx Kindersitz 520004387;CYBEx;ops.product_id;yes;yes
489181898;SKU-9824375922;Lawrence Grey Damen Daunenjacke Schwarz Gr. 34 100% Polyamid FW2460-22;Lawrence Grey;4066551928015;SKU-9824375922;Lawrence Grey Damen Daunenjacke Schwarz Gr. 34 100% Polyamid FW2460-22;Lawrence Grey;ops.product_id;yes;yes
489182011;SKU-8701402003;TT. BAGATT Stiefelette Damen Leder D11-AGx33-1100;TT. BAGATT;4067266427374;SKU-8701402003;TT. BAGATT Stiefelette Damen Leder D11-AGx33-1100;TT. BAGATT;ops.product_id;yes;yes
489182030;SKU-5359727068;TT. BAGATT Stiefeletten Damen Leder D11-AGx33-1100;TT. BAGATT;4067266427398;SKU-5359727068;TT. BAGATT Stiefeletten Damen Leder D11-AGx33-1100;TT. BAGATT;ops.product_id;yes;yes
489182043;SKU-3067192877;TT. BAGATT Stiefeletten Damen Leder D11-AGx33-1100;TT. BAGATT;4067266427381;SKU-3067192877;TT. BAGATT Stiefeletten Damen Leder D11-AGx33-1100;TT. BAGATT;ops.product_id;yes;yes
489182136;SKU-8802720534;TT. BAGATT Stiefel Stiefeletten Damen Gr. 40 Leder D11-AGx33-1100;TT. BAGATT;4067266427404;SKU-8802720534;TT. BAGATT Stiefel Stiefeletten Damen Gr. 40 Leder D11-AGx33-1100;TT. BAGATT;ops.product_id;yes;yes
489182261;SKU-8243336834;Matratzenauflagen Gelschaum 200cm Einzelbetten;VENDOME;4250518576153;SKU-8243336834;Matratzenauflagen Gelschaum 200cm Einzelbetten;VENDOME;ops.product_id;yes;yes
489182272;SKU-2433624992;LionSports Badminton Tennis Volleyball Mobiles Sportnetz Profi;LionSports;4260716810041;SKU-2433624992;LionSports Badminton Tennis Volleyball Mobiles Sportnetz Profi;LionSports;ops.product_id;yes;yes
489182374;SKU-5094533501;IsolBau Leinöl-Firnis;IsolBau;49035818999884;SKU-5094533501;IsolBau Leinöl-Firnis;IsolBau;ops.product_id;yes;yes
489182506;SKU-8223313532;Smiffys Damen Kostüm Mehrfarbig Gr. M;Smiffys;5020570328828;SKU-8223313532;Smiffys Damen Kostüm Mehrfarbig Gr. M;Smiffys;ops.product_id;yes;yes
489182553;SKU-8945251431;Dyson Reinigungsset V7 V8 V10 V11 V12 V15 Staubsauger;Dyson;5025155058336;SKU-8945251431;Dyson Reinigungsset V7 V8 V10 V11 V12 V15 Staubsauger;Dyson;ops.product_id;yes;yes
489182613;SKU-2454152281;H M HOME Wandspiegel 0975688 500mm 19mm Schwarz;H&M HOME;5050192020075;SKU-2454152281;H M HOME Wandspiegel 0975688 500mm 19mm Schwarz;H&M HOME;ops.product_id;yes;yes
489182739;SKU-8351368256;Regatta Herren Shorts Golden Sand Gr. 56 100% Polyamid RMJ298;Regatta;5063019974637;SKU-8351368256;Regatta Herren Shorts Golden Sand Gr. 56 100% Polyamid RMJ298;Regatta;ops.product_id;yes;yes
489182830;SKU-6986483321;LEGO Dinosaurier Konstruktionsspielzeug 31058 7-12 Jahre;LEGO;5702015867535;SKU-6986483321;LEGO Dinosaurier Konstruktionsspielzeug 31058 7-12 Jahre;LEGO;ops.product_id;yes;yes
489182852;SKU-6033365611;VERO MODA Damen Minirock Gr. M FauxSuede 10210430;VERO MODA;5714487284420;SKU-6033365611;VERO MODA Damen Minirock Gr. M FauxSuede 10210430;VERO MODA;ops.product_id;yes;yes
489182937;SKU-8921872481;Liewood Kindertrommel LW15104 UnisexBuchenholz lackiertes MDF;Liewood;5715335047020;SKU-8921872481;Liewood Kindertrommel LW15104 UnisexBuchenholz lackiertes MDF;Liewood;ops.product_id;yes;yes
489182991;SKU-5019696431;Selected Homme Herren Sweatjacke Dark Olive Gr. L Baumwollmischung 16085115;Selected Homme;5715422473657;SKU-5019696431;Selected Homme Herren Sweatjacke Dark Olive Gr. L Baumwollmischung 16085115;Selected Homme;ops.product_id;yes;yes
489183055;SKU-4874908260;Blend Herren Langmantel Schwarz Gr. M Polyester;Blend;5715574371849;SKU-4874908260;Blend Herren Langmantel Schwarz Gr. M Polyester;Blend;ops.product_id;yes;yes
489183278;SKU-3663111562;Texer.eu Fußmatten Set Vorne Hinten für R50 R53 Texer MN/R50Y01/B/0066B;Texer.eu;5902811100663;SKU-3663111562;Texer.eu Fußmatten Set Vorne Hinten für R50 R53 Texer MN/R50Y01/B/0066B;Texer.eu;ops.product_id;yes;yes
489183295;SKU-9003235487;UGREEN Vertikaler Laptop Ständer 20471 26mm 150mm;UGREEN;6957303824717;SKU-9003235487;UGREEN Vertikaler Laptop Ständer 20471 26mm 150mm;UGREEN;ops.product_id;yes;yes
489183312;SKU-8049033555;UGREEN KFZ Handyhalterung 15846;UGREEN;6941876218462;SKU-8049033555;UGREEN KFZ Handyhalterung 15846;UGREEN;ops.product_id;yes;yes
489183572;SKU-1018841553;ROCKANDBLUE Damen Mantel Light Stone Gr. 46 Winter Memory Poly Recycled;ROCKANDBLUE;7325720928841;SKU-1018841553;ROCKANDBLUE Damen Mantel Light Stone Gr. 46 Winter Memory Poly Recycled;ROCKANDBLUE;ops.product_id;yes;yes
489183604;SKU-3748510561;Sonnenliege Akazienholz 94cm Garten Terrasse Balkon;Casaria;6acf0526-65bd-4c5a-bd00-abe9bfb5f483;SKU-3748510561;Sonnenliege Akazienholz 94cm Garten Terrasse Balkon;Casaria;ops.product_id;yes;yes
489183649;SKU-4208989688;Sloggi Herren Slip Mehrfarbig Gr. EU 6 96% Baumwolle 4% Elastan M013/Z9;Sloggi;7613136901818;SKU-4208989688;Sloggi Herren Slip Mehrfarbig Gr. EU 6 96% Baumwolle 4% Elastan M013/Z9;Sloggi;ops.product_id;yes;yes
489183973;SKU-6543182729;AR HOME Spannbettlaken Gr. 140x200cm 80% Baumwolle 20% Recycelte;AR HOME;8088208802015;SKU-6543182729;AR HOME Spannbettlaken Gr. 140x200cm 80% Baumwolle 20% Recycelte;AR HOME;ops.product_id;yes;yes
489184070;SKU-3130743576;MONASERA Lufterfrischer Halter Set für Lüftung mit 2 Refills HA-MS-B1-232097;MONASERA;7649988997723;SKU-3130743576;MONASERA Lufterfrischer Halter Set Lüftung HA-MS-B1-232097;MONASERA;ops.product_id;no;yes
489184098;SKU-3938831828;PandaEar Essen lernen Esslernset x0023LNTRD Babys und Kleinkinder;PandaEar;81715585302754;SKU-3938831828;PandaEar Essen lernen Esslernset x0023LNTRD Babys und Kleinkinder;PandaEar;ops.product_id;yes;yes
489184292;SKU-7977735758;Puma Herren Boxershorts Grau Schwarz Gr.xL Baumwolle 701226397003040;Puma;8720245556002;SKU-7977735758;Puma Herren Boxershorts Grau Schwarz Gr.xL Baumwolle 701226397003040;Puma;ops.product_id;yes;yes
489184354;SKU-2969022222;DUNSOO Badteppich C04-061-04 120cm Gr. 70x120cm Mikrofaser Grau;DUNSOO;849e919f-0898-4df7-8fbb-e141c351cba4;SKU-2969022222;DUNSOO Badteppich C04-061-04 120cm Gr. 70x120cm Mikrofaser Grau;DUNSOO;ops.product_id;yes;yes
489184355;SKU-4961159565;Calvin Klein Herren Boxershorts Schwarz Gr. M Baumwoll-Stretch 4500572587;Calvin Klein;8719114322466;SKU-4961159565;Calvin Klein Herren Boxershorts Schwarz Gr. M Baumwoll-Stretch 4500572587;Calvin Klein;ops.product_id;yes;yes
489184620;SKU-2005525534;Hunkemöller Damen Shapewear Body Schwarz Gr. M;Hunkemöller;8720676510376;SKU-2005525534;Hunkemöller Damen Shapewear Body Schwarz Gr. M;Hunkemöller;ops.product_id;yes;yes
489184647;SKU-3055174422;Anker Powerbank A1616 5000 Kunststoff Schwarz;Anker;8b18f8c1-5ced-4f9d-989d-35fb729415fe;SKU-3055174422;Anker Powerbank A1616 5000 Kunststoff Schwarz;Anker;ops.product_id;yes;yes
489184725;SKU-9255560092;Tommy Hilfiger Herren T-Shirt Dunkelblau Gr. L 100% Baumwolle;Tommy Hilfiger;8720646475988;SKU-9255560092;Tommy Hilfiger Herren T-Shirt Dunkelblau Gr. L 100% Baumwolle;Tommy Hilfiger;ops.product_id;yes;yes
489185837;SKU-6469360404;Leevitex Spannbettlaken 100% Baumwolle 100x220cm 220cm Gelb;Leevitex;9e35f9b4-5df8-4db7-9dd7-31e4491488ef;SKU-6469360404;Leevitex Spannbettlaken 100% Baumwolle 100x220cm 220cm Gelb;Leevitex;ops.product_id;yes;yes
489185849;SKU-2574433036;SUNLU 3D Drucker Filament PLA 1.75mm 1kg 0.02mm Mehrfarbig;SUNLU;992c90f7-4b46-4306-8849-68b584459a4d;SKU-2574433036;SUNLU 3D Drucker Filament PLA 1.75mm 1kg 0.02mm Mehrfarbig;SUNLU;ops.product_id;yes;yes
489185872;SKU-0457243849;Blue Tomato Herren Weste Schwarz Gr. L Polarfleece BTFW2329;Blue Tomato;9368205000005;SKU-0457243849;Blue Tomato Herren Weste Schwarz Gr. L Polarfleece BTFW2329;Blue Tomato;ops.product_id;yes;yes
489186099;SKU-2365442999;Unbekannt Gastronormbehälter 176mm 2.4 Liter;;a18d09b8-ae6e-4114-9b82-f7cf388905d0;SKU-2365442999;Unbekannt Gastronormbehälter 176mm 2.4 Liter;Unbekannt;ops.product_id;yes;no
489186241;SKU-3264592188;Thule Bodenmatte 20201523;Thule;a52ad537-120e-426d-9887-f873d36bcdaa;SKU-3264592188;Thule Bodenmatte 20201523;Thule;ops.product_id;yes;yes
489186378;SKU-8799542495;Kiniris Kinder Komplett-Kostüm Braun Gr. S M LxL Polyester G-0047;Kiniris;b17bc8c9-7097-40af-ba51-02491a3cb01e;SKU-8799542495;Kiniris Kinder Komplett-Kostüm Braun Gr. S M LxL Polyester G-0047;Kiniris;ops.product_id;yes;yes
489186525;SKU-6703015625;Adidas Herren Trainingshose Grün Gr. M Recyceltes Polyester JP2314;Adidas;c98d74fd-e1a0-42fd-ba6d-2ea526b6e643;SKU-6703015625;Adidas Herren Trainingshose Grün Gr. M Recyceltes Polyester JP2314;Adidas;ops.product_id;yes;yes
489186632;SKU-4995445480;Adidas Herren Trainingshose Dunkelblau Gr. L Polyester JC8285;Adidas;c9fb6dc8-5db9-455d-a9b6-a8cadf694909;SKU-4995445480;Adidas Herren Trainingshose Dunkelblau Gr. L Polyester JC8285;Adidas;ops.product_id;yes;yes
489187059;SKU-6221197450;TRIGGER POINT SYSTEMS Fitness Fitnessbänder Set 3er S M L;TRIGGER POINT SYSTEMS;d5ebb4cc-55b0-4b01-a52b-14af5f5e48dd;SKU-6221197450;TRIGGER POINT SYSTEMS Fitness Fitnessbänder Set 3er S M L;TRIGGER POINT SYSTEMS;ops.product_id;yes;yes
489187106;SKU-9445536447;Adidas Herren Trainingsanzug Schwarz Gr. M Polyester JI8858;Adidas;e0a338cc-0fd6-4625-8c0c-054308424954;SKU-9445536447;Adidas Herren Trainingsanzug Schwarz Gr. M Polyester JI8858;Adidas;ops.product_id;yes;yes
489187162;SKU-5599844775;Goffii Bauernhof Gemüse Angeln Lernspielzeug 230404041 Ab 3 Jahre;Goffii;e73c69ce-6582-4454-adab-52b418a775d0;SKU-5599844775;Goffii Bauernhof Gemüse Angeln Lernspielzeug 230404041 Ab 3 Jahre;Goffii;ops.product_id;yes;yes
489187395;SKU-8261682619;TePe Interdentalbürsten;TePe;f0796a2b-7a12-4f55-b343-cf8e47e35ad0;SKU-8261682619;TePe Interdentalbürsten;TePe;ops.product_id;yes;yes
489187457;SKU-2204782559;Eternity Commerce LTD Bauen Konstruieren Magnetspielzeug 2024-1 Ab 3 Jahre;Eternity Commerce LTD;f2028097-7287-47f8-b694-d663960758ec;SKU-2204782559;Eternity Commerce LTD Bauen Konstruieren Magnetspielzeug 2024-1 Ab 3 Jahre;Eternity Commerce LTD;ops.product_id;yes;yes
489187553;SKU-7447779999;ONLINE Aquarell Blending Set 18050 Anfänger und Fortgeschrittene Mehrfarbig;ONLINE;f8fc404d-90b9-408f-a0a5-53038fdbd793;SKU-7447779999;ONLINE Aquarell Blending Set 18050 Anfänger und Fortgeschrittene Mehrfarbig;ONLINE;ops.product_id;yes;yes
489688584;SKU-2312450352;TT. BAGATT Stiefeletten Damen Gr. EU 36 Echtleder D11-AGx33-1100;TT. BAGATT;4067266427367;SKU-2312450352;TT. BAGATT Stiefeletten Damen Gr. EU 36 Echtleder D11-AGx33-1100;TT. BAGATT;ops.product_id;yes;yes
489688589;SKU-4870064003;Köln Matratze 31464030709 200cm 100x200cm;Köln;5265145c-c73e-4905-b442-9584eb0b5d89;SKU-4870064003;Köln Matratze 31464030709 200cm 100x200cm;Köln;ops.product_id;yes;yes
489688591;SKU-8447826159;Ellesse Herren Boxershorts Schwarz Gr. M 95% Baumwolle 5% Elastan SZA02765;Ellesse;5059732709403;SKU-8447826159;Ellesse Herren Boxershorts Schwarz Gr. M 95% Baumwolle 5% Elastan SZA02765;Ellesse;ops.product_id;yes;yes
489688592;SKU-7334344420;JACK JONES Herren Socken Schwarz Gr. Einheitsgröße 12172337;JACK & JONES;5714508372894;SKU-7334344420;JACK JONES Herren Socken Schwarz Gr. Einheitsgröße 12172337;JACK & JONES;ops.product_id;yes;yes
489688593;SKU-7025517137;Widmann Erwachsene Piratenmantel Schwarz Gr.xL 07164;Widmann;8003558071647;SKU-7025517137;Widmann Erwachsene Piratenmantel Schwarz Gr.xL 07164;Widmann;ops.product_id;yes;yes
489688594;SKU-2007106780;MILANO Herren Hawaii Hemd Schwarz Orange Gr. L/xL Polyester;MILANO;8003558101221;SKU-2007106780;MILANO Herren Hawaii Hemd Schwarz Orange Gr. L/xL Polyester;MILANO;ops.product_id;yes;yes
489688634;SKU-8934718651;Widmann Herren Kostümhemd Schwarz Orange Gr.xxL Polyester 10123;Widmann;8003558101238;SKU-8934718651;Widmann Herren Kostümhemd Schwarz Orange Gr.xxL Polyester 10123;Widmann;ops.product_id;yes;yes
489688704;SKU-3425228384;Widmann Herren Schlaghose Pink Gr. L/xL Polyester;Widmann;80035581118830;SKU-3425228384;Widmann Herren Schlaghose Pink Gr. L/xL Polyester;Widmann;ops.product_id;yes;yes
489688851;SKU-5173627811;DC Comics Kinder Kostüm Schwarz Gr. 3-4 Jahre;DC Comics;8026196116716;SKU-5173627811;DC Comics Kinder Kostüm Schwarz Gr. 3-4 Jahre;DC Comics;ops.product_id;yes;yes
489688890;SKU-6835511556;Funny Fashion Damen Kostüm Beige Gr. EU 44-46 100% Polyester 503221;Funny Fashion;8712364370409;SKU-6835511556;Funny Fashion Damen Kostüm Beige Gr. EU 44-46 100% Polyester 503221;Funny Fashion;ops.product_id;yes;yes
489688891;SKU-3582144495;Boland UnisexErwachsene Schlaghose Regenbogen Gr. M/L 100% Polyester 44744;Boland;8712026447449;SKU-3582144495;Boland UnisexErwachsene Schlaghose Regenbogen Gr. M/L 100% Polyester 44744;Boland;ops.product_id;yes;yes
489688894;SKU-5644516401;Supplend Nagelpilzbehandlung 1 Stift;Supplend;8720892260901;SKU-5644516401;Supplend Nagelpilzbehandlung 1 Stift;Supplend;ops.product_id;yes;yes
490679626;SKU-5493501888;Duschschlauch Kunststoff 160cm Dusche Verdrehschutz;Hansgrohe;4011097314037;SKU-5493501888;Duschschlauch Kunststoff 160cm Dusche Verdrehschutz;Hansgrohe;ops.product_id;yes;yes
490679631;SKU-7745371992;Hansgrohe Brauseschlauch Universal 125cm;Hansgrohe;4011097314013;SKU-7745371992;Hansgrohe Brauseschlauch Universal 125cm;Hansgrohe;ops.product_id;yes;yes
490679639;SKU-4766228789;Hansgrohe Duschthermostat 13156000 296mm Metall Chrom;Hansgrohe;4011097775111;SKU-4766228789;Hansgrohe Duschthermostat 13156000 296mm Metall Chrom;Hansgrohe;ops.product_id;yes;yes
490679653;SKU-5940997361;Hansgrohe Waschtischarmatur;Hansgrohe;4059625401927;SKU-5940997361;Hansgrohe Waschtischarmatur;Hansgrohe;ops.product_id;yes;yes
491621018;SKU-2231367173;Bedrop Bienengiftsalbe Hautpflege Beruhigend Revitalisierend 100g;Bedrop;0098931289601;SKU-2231367173;Bedrop Bienengiftsalbe Hautpflege Beruhigend Revitalisierend 100g;Bedrop;ops.product_id;yes;yes
491621064;SKU-6031918857;SORAKO Exzenterschleifer 350W Kabelgebunden 16 Schleifpapiere;SORAKO;0615272916159;SKU-6031918857;SORAKO Exzenterschleifer 350W Kabelgebunden 16 Schleifpapiere;SORAKO;ops.product_id;yes;yes
491621239;SKU-4755521008;Seguna Inkontinenz Pants;Seguna;0800633445532;SKU-4755521008;Seguna Inkontinenz Pants;Seguna;ops.product_id;yes;yes
491621770;SKU-5700317364;Hansgrohe Waschtischarmatur;Hansgrohe;34bb265f-a1ad-4850-a2ec-71bf44c1ad68;SKU-5700317364;Hansgrohe Waschtischarmatur;Hansgrohe;ops.product_id;yes;yes
491621852;SKU-0997953441;SKS Germany Radsport Multitool TOM 18;SKS Germany;2021181818184;SKU-0997953441;SKS Germany Radsport Multitool TOM 18;SKS Germany;ops.product_id;yes;yes
491621988;SKU-0770525136;BRITA Filterkartusche 1012446 11500 Liter 11500L;BRITA;4006387050412;SKU-0770525136;BRITA Filterkartusche 1012446 11500 Liter 11500L;BRITA;ops.product_id;yes;yes
491622621;SKU-6046815482;Hansgrohe Waschtischarmatur;Hansgrohe;4059625316214;SKU-6046815482;Hansgrohe Waschtischarmatur;Hansgrohe;ops.product_id;yes;yes
491623179;SKU-2139913486;KHW Wintersport Lenkschlitten 21213;KHW;4013361212134;SKU-2139913486;KHW Wintersport Lenkschlitten 21213;KHW;ops.product_id;yes;yes
491623264;SKU-2828094858;Medion Filterkaffeemaschine;Medion;4061275132182;SKU-2828094858;Medion Filterkaffeemaschine;Medion;ops.product_id;yes;yes
491623664;SKU-8205373469;Penthouse Damen String Ouvert Schwarz Gr. L/xL Hot Getaway;PENTHOUSE;4061504006000;SKU-8205373469;Penthouse Damen String Ouvert Schwarz Gr. L/xL Hot Getaway;Penthouse;ops.product_id;yes;yes
491623731;SKU-0563915773;PENTHOUSE String Open Secret Damen Gr. L/xL Polyamid Schwarz;PENTHOUSE;4061504016139;SKU-0563915773;PENTHOUSE String Open Secret Damen Gr. L/xL Polyamid Schwarz;PENTHOUSE;ops.product_id;yes;yes
491623754;SKU-3831935492;CLEANMaxx Polster- Teppichreiniger;CLEANMaxx;4067522073659;SKU-3831935492;CLEANMaxx Polster- Teppichreiniger;CLEANMaxx;ops.product_id;yes;yes
491624601;SKU-8650951585;Lyvanas Eiskratzer Schneebesen 2-in-1 für PKW/LKW ICE SCRAPER LYEK-01;Lyvanas;4260527480433;SKU-8650951585;Lyvanas Eiskratzer mit Schneebesen LYEK-01;Lyvanas;ops.product_id;no;yes
491624637;SKU-1198160025;AMORELIE Mini-Vibrator Joy Shine 2.1-3.3cm Damen Silikon ABS 3.3cm Grün;AMORELIE;4251665310447;SKU-1198160025;AMORELIE Mini-Vibrator Joy Shine 2.1-3.3cm Damen Silikon ABS 3.3cm Grün;AMORELIE;ops.product_id;yes;yes
491624706;SKU-4470809769;Beurer Heizkissen;Beurer;4211125274160;SKU-4470809769;Beurer Heizkissen;Beurer;ops.product_id;yes;yes
491625224;SKU-3084359057;SKINTIST BY REDCARE Hydro Effect Augencreme;SKINTIST BY REDCARE;5111359756525;SKU-3084359057;SKINTIST BY REDCARE Hydro Effect Augencreme;SKINTIST BY REDCARE;ops.product_id;yes;yes
491625271;SKU-3267245253;Bitz Salatschüssel 821382;Bitz;5722008213828;SKU-3267245253;Bitz Salatschüssel 821382;Bitz;ops.product_id;yes;yes
491625419;SKU-4703570843;BRUBECK Meißel Set;BRUBECK;4262382491098;SKU-4703570843;BRUBECK Meißel Set;BRUBECK;ops.product_id;yes;yes
491625788;SKU-9166429134;Peridan's Schubladenteiler 5.7cm;Peridan's;7538f896-fb64-40ee-a606-65e08665fc2a;SKU-9166429134;Peridan's Schubladenteiler 5.7cm;Peridan's;ops.product_id;yes;yes
491625823;SKU-9706798890;Thule Befestigungskit Fixpunkt für Thule Evo Dachträger KIT187033;Thule;7313020097503;SKU-9706798890;Thule Befestigungskit Dach KIT187033;Thule;ops.product_id;no;yes
491626608;SKU-6099828388;Sloggi BH M Atmungsaktiv Weich Dehnbar Elfenbein;Sloggi;76113588807201;SKU-6099828388;Sloggi BH M Atmungsaktiv Weich Dehnbar Elfenbein;Sloggi;ops.product_id;yes;yes
491626761;SKU-1814556864;Sloggi Mini Slip GO Crush Damen Gr. S Baumwollmischung Multi-Colour;Sloggi;7613109117017;SKU-1814556864;Sloggi Mini Slip GO Crush Damen Gr. S Baumwollmischung Multi-Colour;Sloggi;ops.product_id;yes;yes
491627108;SKU-0500263191;Namuk Kinder Schneehose Schokolade Gr. EU 104 Polyester Crusade;Namuk;7640415026184;SKU-0500263191;Namuk Kinder Schneehose Schokolade Gr. EU 104 Polyester Crusade;Namuk;ops.product_id;yes;yes
491627248;SKU-3324867175;Auledio Handtuchhalter wie abgebildet;Auledio;7c4d3bb6-e7a1-4fa0-aa88-3da9b25134d8;SKU-3324867175;Auledio Handtuchhalter wie abgebildet;Auledio;ops.product_id;yes;yes
491627441;SKU-5932239224;VALENTINO Motorrad Abdeckplane 41088;VALENTINO;9001778410887;SKU-5932239224;VALENTINO Motorrad Abdeckplane 41088;VALENTINO;ops.product_id;yes;yes
491627999;SKU-5602954541;Tischleuchte 165mm Innenbereich Vintage-Design Kompakte Bauweise;EGLO;9002759957889;SKU-5602954541;Tischleuchte 165mm Innenbereich Vintage-Design Kompakte Bauweise;EGLO;ops.product_id;yes;yes
491628080;SKU-2178359678;Suhr Effektpedal Woodshed Comp 9V 6.35mm Klinke In/Out;Suhr;a11d13d2-573e-401e-bf44-f5eff249743f;SKU-2178359678;Suhr Effektpedal Woodshed Comp 9V 6.35mm Klinke In/Out;Suhr;ops.product_id;yes;yes
491628405;SKU-9116827107;Toyfel Zahlenwurfspiel Tölky;Toyfel;c1497bbf-f2e9-4e9a-9d75-7b31d2c0891d;SKU-9116827107;Toyfel Zahlenwurfspiel Tölky;Toyfel;ops.product_id;yes;yes
491628585;SKU-7676899776;AUTO NEWLAND Rangierwagenheber Hydraulisch 5.5kg Q086B-5.5kg für PKW;AUTO NEWLAND;f42902e6-fbd5-40b3-ab2e-754199627da6;SKU-7676899776;AUTO NEWLAND Rangierwagenheber Q086B-5.5kg 5.5kg;AUTO NEWLAND;ops.product_id;no;yes
491628674;SKU-4465485856;Mahlzeit Chafing Dish Set 9 Liter;Mahlzeit;dd602152-c85f-4a41-b405-0b04e500834f;SKU-4465485856;Mahlzeit Chafing Dish Set 9 Liter;Mahlzeit;ops.product_id;yes;yes
492850561;SKU-3877364215;DELSEY PARIS Trolley Koffer 3861820198 47cm Unisex 71cm Himbeere;DELSEY PARIS;3219110502725;SKU-3877364215;DELSEY PARIS Trolley Koffer 3861820198 47cm Unisex 71cm Himbeere;DELSEY PARIS;ops.product_id;yes;yes
492850567;SKU-1164276787;VEVOR Kompressor Kühlbox CF55-V2 -20°C für KFZ Wohnmobil Camping 55L;VEVOR;2024010542503;SKU-1164276787;VEVOR Kompressor Kühlbox für KFZ Wohnmobil Camping -20°C 12/24V 230V Komp;VEVOR;ops.product_id;no;yes
492850586;SKU-3918809518;Osprey Trekking Trekkingrucksack Aether 65;Osprey;1853864926223;SKU-3918809518;Osprey Trekking Trekkingrucksack Aether 65;Osprey;ops.product_id;yes;yes
492850690;SKU-8229761001;VEVOR Kompressor Kühlbox 615mm 20 Liter;VEVOR;3339082c-5066-4322-a318-4b8732a19d83;SKU-8229761001;VEVOR Kompressor Kühlbox 615mm 20 Liter;VEVOR;ops.product_id;yes;yes
492850711;SKU-5144694690;Stratic Trolley Light 39cm 37L Unisex Gr. S Polyester 55cm Mint;STRATIC;4001807905976;SKU-5144694690;Stratic Trolley Light 39cm 37L Unisex Gr. S Polyester 55cm Mint;Stratic;ops.product_id;yes;yes
492850761;SKU-8242720178;STRATIC Hartschalenkoffer Straw 41cm Unisex Gr. M Hartschale 65cm Rosa;STRATIC;4001807906881;SKU-8242720178;STRATIC Hartschalenkoffer Straw 41cm Unisex Gr. M Hartschale 65cm Rosa;STRATIC;ops.product_id;yes;yes
492850890;SKU-7702312083;Flamingo Vögel Vogelvoliere Wetterfest Grau;Flamingo;5400585052930;SKU-7702312083;Flamingo Vögel Vogelvoliere Wetterfest Grau;Flamingo;ops.product_id;yes;yes
492850891;SKU-2603681659;Pier One Unisex Weekender Schwarz Gr. Size Polyurethan PI954H033-Q11;Pier One;4064464829931;SKU-2603681659;Pier One Unisex Weekender Schwarz Gr. Size Polyurethan PI954H033-Q11;Pier One;ops.product_id;yes;yes
492850956;SKU-6725568671;ACRE Rollator RTD08179P Erwachsene Carbonfaser 130kg Rot;ACRE;5713504000661;SKU-6725568671;ACRE Rollator RTD08179P Erwachsene Carbonfaser 130kg Rot;ACRE;ops.product_id;yes;yes
492851071;SKU-7514362439;Philips Heißluftfritteuse RapidAir Plus 6.2L;Philips;8720389034565;SKU-7514362439;Philips Heißluftfritteuse RapidAir Plus 6.2L;Philips;ops.product_id;yes;yes
492851140;SKU-5561398463;Alberomio Wickelauflage PT70;Alberomio;5902605478275;SKU-5561398463;Alberomio Wickelauflage PT70;Alberomio;ops.product_id;yes;yes
492851206;SKU-0780623565;TAN.TOMI Hartschalenkoffer BOD17R89GL 27cm 65 Liter Unisex Gr. L ABS 65L;TAN.TOMI;8c326f7a-d1df-447c-ab0c-c39d136ac565;SKU-0780623565;TAN.TOMI Hartschalenkoffer BOD17R89GL 27cm 65 Liter Unisex Gr. L ABS 65L;TAN.TOMI;ops.product_id;yes;yes
492851312;SKU-0026867017;LESBJFDM Tattoo Armlehne;LESBJFDM;9598aed7-fe7a-426e-afcc-08ca0d925270;SKU-0026867017;LESBJFDM Tattoo Armlehne;LESBJFDM;ops.product_id;yes;yes
492851385;SKU-2002593737;LEVEL8 Koffer Luminous 44cm 65 Liter Unisex 65L Schwarz;LEVEL8;a2ad1a25-85f0-4206-ba2d-f718e75b5942;SKU-2002593737;LEVEL8 Koffer Luminous 44cm 65 Liter Unisex 65L Schwarz;LEVEL8;ops.product_id;yes;yes
492851460;SKU-2215132526;ELOMACKE Trolley Koffer SZABS 026 UnisexErwachsene Gr. 54cm ABS Orange;ELOMACKE;d7360291-deb4-4b2b-8251-b756f2572c94;SKU-2215132526;ELOMACKE Trolley Koffer SZABS 026 UnisexErwachsene Gr. 54cm ABS Orange;ELOMACKE;ops.product_id;yes;yes
492851509;SKU-5047615558;Sunlu F-SL-PLA-PLA+-BK-5-S-AE 3D Drucker Filament 1.75mm 5kg Schwarz;SUNLU;ddf71447-e7dd-4f92-afa1-9fc1b7fad114;SKU-5047615558;Sunlu F-SL-PLA-PLA+-BK-5-S-AE 3D Drucker Filament 1.75mm 5kg Schwarz;Sunlu;ops.product_id;yes;yes
492851519;SKU-6536943755;ANYCUBIC 3D Drucker Filament IPHHSBW-106 High Speed PLA 1.75mm Weiß;ANYCUBIC;f19c6d73-628b-424c-9d89-d950ebafb74b;SKU-6536943755;ANYCUBIC 3D Drucker Filament IPHHSBW-106 High Speed PLA 1.75mm Weiß;ANYCUBIC;ops.product_id;yes;yes
493965028;SKU-0167269441;PME Legend Herren Cargohose olive night Baumwolle Elasthan PTR2408602-6416;PME Legend;8720672457576;SKU-0167269441;PME Legend Herren Cargohose olive night Baumwolle Elasthan PTR2408602-6416;PME Legend;ops.product_id;yes;yes
493965240;SKU-0231755176;PME Legend Cargohose PTR2408602-6416 Herren 98% Baumwolle 2% Elasthan;PME Legend;8720672457651;SKU-0231755176;PME Legend Cargohose PTR2408602-6416 Herren 98% Baumwolle 2% Elasthan;PME Legend;ops.product_id;yes;yes
493966547;SKU-0606185267;PME Legend Herren Cargohose Olivgrün Stretch Twill PTR2408602-6416;PME Legend;8720672457583;SKU-0606185267;PME Legend Herren Cargohose Olivgrün Stretch Twill PTR2408602-6416;PME Legend;ops.product_id;yes;yes
493969717;SKU-2215117275;PME Legend Herren Cargohose Travertine Gr. W32 L32 Stretch Twill;PME Legend;8720672457606;SKU-2215117275;PME Legend Herren Cargohose Travertine Gr. W32 L32 Stretch Twill;PME Legend;ops.product_id;yes;yes
493970493;SKU-2693030055;Adidas Unisex Jogginghose Lila Gr. 2xS Baumwollmischung IY9636;Adidas;f34aeded-183f-461f-8b6d-f899c863bddb;SKU-2693030055;Adidas Unisex Jogginghose Lila Gr. 2xS Baumwollmischung IY9636;Adidas;ops.product_id;yes;yes
493970758;SKU-2808592829;PME Legend Herren Cargohose Olive Night Gr. W36 L34 Stretch Twill;PME Legend;8720672457736;SKU-2808592829;PME Legend Herren Cargohose Olive Night Gr. W36 L34 Stretch Twill;PME Legend;ops.product_id;yes;yes
493971485;SKU-3102719705;PME LEGEND Herren Poloshirt Dunkelblau Gr.xL 100% Baumwolle;PME Legend;8720672452151;SKU-3102719705;PME LEGEND Herren Poloshirt Dunkelblau Gr.xL 100% Baumwolle;PME LEGEND;ops.product_id;yes;yes
493973434;SKU-4129459884;PME LEGEND Herren Poloshirt Blau Gr.xL Baumwolle;PME Legend;8720672452274;SKU-4129459884;PME LEGEND Herren Poloshirt Blau Gr.xL Baumwolle;PME LEGEND;ops.product_id;yes;yes
493973542;SKU-4271597760;PME Legend Herren Cargohose Travertine Gr. W33 L34 Stretch Twill;PME Legend;8720672457705;SKU-4271597760;PME Legend Herren Cargohose Travertine Gr. W33 L34 Stretch Twill;PME Legend;ops.product_id;yes;yes
493973829;SKU-4465818458;PME LEGEND Herren Poloshirt Dunkelblau Gr. L 100% Baumwolle Piqué;PME Legend;8720672452144;SKU-4465818458;PME LEGEND Herren Poloshirt Dunkelblau Gr. L 100% Baumwolle Piqué;PME LEGEND;ops.product_id;yes;yes
493974113;SKU-4645470868;PME LEGEND Herren Poloshirt Dunkelblau Gr.xxL 100% Baumwolle;PME Legend;8720672452281;SKU-4645470868;PME LEGEND Herren Poloshirt Dunkelblau Gr.xxL 100% Baumwolle;PME LEGEND;ops.product_id;yes;yes
493975036;SKU-4862349606;PME LEGEND Herren Poloshirt Dunkelblau Gr.xxL Baumwolle;PME Legend;8720672452168;SKU-4862349606;PME LEGEND Herren Poloshirt Dunkelblau Gr.xxL Baumwolle;PME LEGEND;ops.product_id;yes;yes
493975264;SKU-4906689601;PME LEGEND Herren Poloshirt Blau Gr. L 100% Baumwolle;PME Legend;8720672452267;SKU-4906689601;PME LEGEND Herren Poloshirt Blau Gr. L 100% Baumwolle;PME LEGEND;ops.product_id;yes;yes
493976051;SKU-5198272869;Street One Damen Pullover Anthrazit Gr. EUR 44-48 Textil Unbekannt;Street One;ad41bd2c-b32b-4f84-8e10-70a3933b51e6;SKU-5198272869;Street One Damen Pullover Anthrazit Gr. EUR 44-48 Textil Unbekannt;Street One;ops.product_id;yes;yes
493978215;SKU-6508368269;PME Legend Cargohose PTR2408602-6416 Herren Gr. W33 L32 Stretch Twill;PME Legend;8720672457613;SKU-6508368269;PME Legend Cargohose PTR2408602-6416 Herren Gr. W33 L32 Stretch Twill;PME Legend;ops.product_id;yes;yes
493979194;SKU-7167329167;PME Legend Herren Cargohose Olive Night Gr. W34 L34 Stretch Twill;PME Legend;8720672457712;SKU-7167329167;PME Legend Herren Cargohose Olive Night Gr. W34 L34 Stretch Twill;PME Legend;ops.product_id;yes;yes
493979932;SKU-7739152864;PME Legend Herren Cargohose Travertine Gr. W31 L34 Stretch Twill;PME Legend;8720672457682;SKU-7739152864;PME Legend Herren Cargohose Travertine Gr. W31 L34 Stretch Twill;PME Legend;ops.product_id;yes;yes
493982185;SKU-8896806933;PME LEGEND Herren Poloshirt Blau Gr. M;PME Legend;8720672452250;SKU-8896806933;PME LEGEND Herren Poloshirt Blau Gr. M;PME LEGEND;ops.product_id;yes;yes
493982312;SKU-8923961743;PME Legend Herren Cargohose Olivgrün Gr. W31 L32 Baumwolle PTR2408602-6416;PME Legend;8720672457590;SKU-8923961743;PME Legend Herren Cargohose Olivgrün Gr. W31 L32 Baumwolle PTR2408602-6416;PME Legend;ops.product_id;yes;yes
493982950;SKU-9245031381;PME LEGEND Herren Poloshirt Dunkelblau Gr. M;PME Legend;8720672452137;SKU-9245031381;PME LEGEND Herren Poloshirt Dunkelblau Gr. M;PME LEGEND;ops.product_id;yes;yes
493983365;SKU-9495443556;PME Legend Herren Cargohose Olivgrün Gr. W36 L32 98% Baumwolle 2% Elasthan;PME Legend;8720672457644;SKU-9495443556;PME Legend Herren Cargohose Olivgrün Gr. W36 L32 98% Baumwolle 2% Elasthan;PME Legend;ops.product_id;yes;yes
493983383;SKU-9543142444;PME Legend Erwachsene Cargohose Olivgrün Gr. W34 L32 Stretch Twill;PME Legend;8720672457620;SKU-9543142444;PME Legend Erwachsene Cargohose Olivgrün Gr. W34 L32 Stretch Twill;PME Legend;ops.product_id;yes;yes
493983636;SKU-9703955339;PME Legend Herren Polo Shirt bone white melee Gr.xxL Baumwolle 2547-SSP;PME Legend;8720672543033;SKU-9703955339;PME Legend Herren Polo Shirt bone white melee Gr.xxL Baumwolle 2547-SSP;PME Legend;ops.product_id;yes;yes
497025814;SKU-8529737282;Boland Poncho Damen Gr. Einheitsgröße 100% Polyester Braun;Boland;8712026440952;SKU-8529737282;Boland Poncho Damen Gr. Einheitsgröße 100% Polyester Braun;Boland;ops.product_id;yes;yes
497952264;SKU-9247228090;Sodafixx CO2 Zylinder;SodaStream;2d1365d3-cea9-4187-8daa-ea7ed01bf2a2;SKU-9247228090;Sodastream CO2 Zylinder Schnellverschluss 60 Liter Sprudelwasser;Sodastream;ops.product_id;no;yes
499980912;SKU-4846246443;Quooker CO2-Zylinder;Quooker;0250237001502;SKU-4846246443;Quooker CO2-Zylinder;Quooker;ops.product_id;yes;yes
499981015;SKU-4138606905;Stradivarius Damen Hose Schwarz Lederimitat 4565/664/001;Stradivarius;0456566400136;SKU-4138606905;Stradivarius Damen Hose Schwarz Lederimitat 4565/664/001;Stradivarius;ops.product_id;yes;yes
499981058;SKU-3166809997;FIRE+ICE Wintersportler Wintersporthose Schwarz Gr. M;FIRE+ICE;0562769421460;SKU-3166809997;FIRE+ICE Wintersportler Wintersporthose Schwarz Gr. M;FIRE+ICE;ops.product_id;yes;yes
499981089;SKU-1736818518;Philips Heißluftfritteuse Rapid Air 6.2 Liter;Philips;0652ed9b-7af0-4390-809b-ab3ae8a75fdd;SKU-1736818518;Philips Heißluftfritteuse Rapid Air 6.2 Liter;Philips;ops.product_id;yes;yes
499981363;SKU-9143128563;LINDENMANN Herren Gürtel Dunkelbraun Gr. 135cm Büffelleder;LINDENMANN;1004393023135;SKU-9143128563;LINDENMANN Herren Gürtel Dunkelbraun Gr. 135cm Büffelleder;LINDENMANN;ops.product_id;yes;yes
499981441;SKU-1000000000;Under Armour Herren T-Shirt Schwarz/Graphit Gr.xL Polyester 1326413;Under Armour;12192006315063;SKU-1000000000;Under Armour Herren T-Shirt Schwarz/Graphit Gr.xL Polyester 1326413;Under Armour;ops.product_id;yes;yes
499981734;SKU-1000000001;Shimano Radsport Naben HB-RM35;Shimano;19303435363740;SKU-1000000001;Shimano Radsport Naben HB-RM35;Shimano;ops.product_id;yes;yes
499982507;SKU-3867423041;Unbekannt Damen BH Hautfarben Synthetikmischung 63189;;36f71981-e45d-478a-a80d-4e665f0e3352;SKU-3867423041;Unbekannt Damen BH Hautfarben Synthetikmischung 63189;Unbekannt;ops.product_id;yes;no
499982613;SKU-0000608676;Maison Close Damen String Taupe Tüll (Polyamid Elasthan 608676;Maison Close;3700436086780;SKU-0000608676;Maison Close Damen String Taupe Tüll (Polyamid Elasthan 608676;Maison Close;ops.product_id;yes;yes
499982615;SKU-0000560248;Maison Close Triangle BH 560248 Damen Gr. S 85% Polyamid 15% Elasthan;Maison Close;3701425602462;SKU-0000560248;Maison Close Triangle BH 560248 Damen Gr. S 85% Polyamid 15% Elasthan;Maison Close;ops.product_id;yes;yes
499982788;SKU-8897137065;VEVOR Standheizung für Wohnmobil LKW Boot mit 5L TankxMZ-D1 VEVORxMZ-D1V;VEVOR;3f1a8ee4-8e40-4f90-af9a-deade528551c;SKU-8897137065;VEVOR Standheizung für Wohnmobil LKW Boot mit 5L TankxMZ-D1 VEVORxMZ-D1V;VEVOR;ops.product_id;yes;yes
499983188;SKU-1523043917;SCHIESSER Herren Boxershorts Schwarz Petrol Lime Aubergine Gr. M 180194-919;SCHIESSER;4007066810273;SKU-1523043917;SCHIESSER Herren Boxershorts Schwarz Petrol Lime Aubergine Gr. M 180194-919;SCHIESSER;ops.product_id;yes;yes
499983338;SKU-4586382771;Hailo Einbau-Abfallsammler 251mm;Hailo;4007126366610;SKU-4586382771;Hailo Einbau-Abfallsammler 251mm;Hailo;ops.product_id;yes;yes
499985127;SKU-1000000002;Urban Classics Damen Leggings Schwarz Gr. S Baumwolle TB3216-20007;Urban Classics;4053838528228;SKU-1000000002;Urban Classics Damen Leggings Schwarz Gr. S Baumwolle TB3216-20007;Urban Classics;ops.product_id;yes;yes
499985156;SKU-9881775692;Killtec Erwachsene Skihose Schwarz Gr.xL Polyester 30920 000 00925;Killtec;4061393249854;SKU-9881775692;Killtec Erwachsene Skihose Schwarz Gr.xL Polyester 30920 000 00925;Killtec;ops.product_id;yes;yes
499985855;SKU-2424861616;Gartenmöbel-Set Polyrattan Outdoor Garten Terrasse Balkon;RAGNARÖK;43422328612861;SKU-2424861616;Gartenmöbel-Set Polyrattan Outdoor Garten Terrasse Balkon;RAGNARÖK;ops.product_id;yes;yes
499986360;SKU-1000000009;TOM TAILOR Damen Flechtgürtel Schwarz Gr. 85/32 Leder;TOM TAILOR;d7fe958d-e961-4da4-841c-056d2d07081f;SKU-1000000009;TOM TAILOR Damen Flechtgürtel Schwarz Gr. 85/32 Leder;TOM TAILOR;ops.product_id;yes;yes
499986442;SKU-1536365981;Universal Backform Einsatz Silikon Schwarz;Universal;ea75ec18-8ebd-4623-8b72-bdc796af7bfb;SKU-1536365981;Universal Backform Einsatz Silikon Schwarz;Universal;ops.product_id;yes;yes
499986495;SKU-1000000010;Calvin Klein String Tanga 000QD5209E NPA Damen Gr. L Baumwolle;Calvin Klein;e8f548b0-5b46-488a-8ea9-b525f6381ab2;SKU-1000000010;Calvin Klein String Tanga 000QD5209E NPA Damen Gr. L Baumwolle;Calvin Klein;ops.product_id;yes;yes
499986878;SKU-9039614531;FOx Windschutz CCW004;FOX;5055350245538;SKU-9039614531;FOx Windschutz CCW004;FOx;ops.product_id;yes;yes
499986916;SKU-1000000004;Bench Herren Kurzarmhemd Weiß Gr. M 100% Baumwolle SE24EN31239;Bench;5059556377703;SKU-1000000004;Bench Herren Kurzarmhemd Weiß Gr. M 100% Baumwolle SE24EN31239;Bench;ops.product_id;yes;yes
499986923;SKU-1000000003;Bench Herren Jeans Dunkelblau Gr. W34 L34 Baumwollmischung;Bench;5059556144763;SKU-1000000003;Bench Herren Jeans Dunkelblau Gr. W34 L34 Baumwollmischung;Bench;ops.product_id;yes;yes
499987026;SKU-1000000005;Bench Herren Hemd Marineblau Gr. S Baumwolle EN31238;Bench;5059556377758;SKU-1000000005;Bench Herren Hemd Marineblau Gr. S Baumwolle EN31238;Bench;ops.product_id;yes;yes
499987105;SKU-4817360056;Adidas UnisexKinder T-Shirt Grün Gr. 158 IY7431;Adidas;52c25fb6-2f7a-48b8-8f85-430a36f26fae;SKU-4817360056;Adidas UnisexKinder T-Shirt Grün Gr. 158 IY7431;Adidas;ops.product_id;yes;yes
499987258;SKU-0196260000;Levi's Damen Jeans Schwarz Denim;Levi's;5400898678865;SKU-0196260000;Levi's Damen Jeans Schwarz Denim;Levi's;ops.product_id;yes;yes
499987799;SKU-1000000006;ONLY SONS Herren Jeansjacke Medium Blue Gr. L Baumwollmischung 22024333;ONLY & SONS;5715313967852;SKU-1000000006;ONLY SONS Herren Jeansjacke Medium Blue Gr. L Baumwollmischung 22024333;ONLY & SONS;ops.product_id;yes;yes
499988387;SKU-6860111834;Qunsheng Haushaltshandschuhe Rot Gelb 61921411800024;Qunsheng;61921411800024;SKU-6860111834;Qunsheng Haushaltshandschuhe Rot Gelb 61921411800024;Qunsheng;ops.product_id;yes;yes
499989221;SKU-0015305033;SodaStream Kohlensäurezylinder 4er Pack DUO Terra Crystal 3.0 NEU;SodaStream;7319f91f-5656-490e-bdfa-0aa526b0a9d1;SKU-0015305033;SodaStream Kohlensäurezylinder 4er Pack DUO Terra Crystal 3.0;SodaStream;ops.product_id;no;yes
499989311;SKU-1000000007;GANT Herren Hemd Capri Blau Gr. L Popeline 2423000714;GANT;7325707913594;SKU-1000000007;GANT Herren Hemd Capri Blau Gr. L Popeline 2423000714;GANT;ops.product_id;yes;yes
499990525;SKU-1000000008;Calzedonia Damen Leggings Schwarz Gr. S/M Microfaser MODP0035;Calzedonia;8033805473085;SKU-1000000008;Calzedonia Damen Leggings Schwarz Gr. S/M Microfaser MODP0035;Calzedonia;ops.product_id;yes;yes
499991432;SKU-4500500397;TOMMY JEANS Damen Zip-Off Cargo Hose Faded Willow Gr. S Nylon;TOMMY JEANS;8720644940723;SKU-4500500397;TOMMY JEANS Damen Zip-Off Cargo Hose Faded Willow Gr. S Nylon;TOMMY JEANS;ops.product_id;yes;yes
499992301;SKU-1665721376;7 O’Clock Glas-Set;7 O’Clock;9504579178456;SKU-1665721376;7 O’Clock Glas-Set;7 O’Clock;ops.product_id;yes;yes
