id_category;DE_level_1_title_category;DE_level_2_title_category;DE_level_3_title_category;DE_level_4_title_category;DE_level_5_title_category;DE_level_6_title_category;DE_level_7_title_category;DE_level_8_title_category;DE_level_9_title_category
8321;Baby & Kind ;;;;;;;;
68962;Baby & Kind ;Babyartikel;;;;;;;
8381;Baby & Kind ;Babyartikel;Baby- & Kindermöbel;;;;;;
8891;Baby & Kind ;Babyartikel;Baby- & Kindermöbel;Babywippen;;;;;
2951;Baby & Kind ;Babyartikel;Baby- & Kindermöbel;Babybetten;;;;;
64391;Baby & Kind ;Babyartikel;Baby- & Kindermöbel;Babybetten;Baby- & Kinder-Bettlaken;;;;
57801;Baby & Kind ;Babyartikel;Baby- & Kindermöbel;Babybetten;Baby-Bettsets;;;;
57921;Baby & Kind ;Babyartikel;Baby- & Kindermöbel;Babybetten;Babybettwäsche;;;;
57791;Baby & Kind ;Babyartikel;Baby- & Kindermöbel;Babybetten;Babymatratzen;;;;
57781;Baby & Kind ;Babyartikel;Baby- & Kindermöbel;Babybetten;Babyschlafsäcke;;;;
57811;Baby & Kind ;Babyartikel;Baby- & Kindermöbel;Babybetten;Betthimmel;;;;
5631;Baby & Kind ;Babyartikel;Baby- & Kindermöbel;Babybetten;Beistellbetten;;;;
5601;Baby & Kind ;Babyartikel;Baby- & Kindermöbel;Babybetten;Wiegen;;;;
57761;Baby & Kind ;Babyartikel;Baby- & Kindermöbel;Babybetten;Nestchen;;;;
5641;Baby & Kind ;Babyartikel;Baby- & Kindermöbel;Babybetten;Gitterbetten;;;;
57941;Baby & Kind ;Babyartikel;Baby- & Kindermöbel;Babybetten;Betteinlagen;;;;
5611;Baby & Kind ;Babyartikel;Baby- & Kindermöbel;Babybetten;Reisebetten;;;;
2871;Baby & Kind ;Babyartikel;Baby- & Kindermöbel;Etagenbetten;;;;;
55101;Baby & Kind ;Babyartikel;Baby- & Kindermöbel;Wickelkommoden;;;;;
2911;Baby & Kind ;Babyartikel;Baby- & Kindermöbel;Kinderbetten;;;;;
3301;Baby & Kind ;Babyartikel;Baby- & Kindermöbel;Kinderzimmer;;;;;
5821;Baby & Kind ;Babyartikel;Baby- & Kindermöbel;Kindersessel;;;;;
6001;Baby & Kind ;Babyartikel;Baby- & Kindermöbel;Kindersitzsäcke;;;;;
65931;Baby & Kind ;Babyartikel;Baby- & Kindermöbel;Kinderbänke;;;;;
4021;Baby & Kind ;Babyartikel;Baby- & Kindermöbel;Kinderschränke;;;;;
4291;Baby & Kind ;Babyartikel;Baby- & Kindermöbel;Kinderstühle;;;;;
63101;Baby & Kind ;Babyartikel;Baby- & Kindermöbel;Kindergarderoben;;;;;
46091;Baby & Kind ;Babyartikel;Baby- & Kindermöbel;Kinderschreibtische;;;;;
4271;Baby & Kind ;Babyartikel;Baby- & Kindermöbel;Kinderhochstühle;;;;;
60811;Baby & Kind ;Babyartikel;Baby- & Kindermöbel;Kinderzimmeraccessoires;;;;;
60781;Baby & Kind ;Babyartikel;Baby- & Kindermöbel;Kinderzimmeraccessoires;;;;;
60801;Baby & Kind ;Babyartikel;Baby- & Kindermöbel;Kinderzimmeraccessoires;;;;;
57861;Baby & Kind ;Babyartikel;Baby- & Kindermöbel;Kinderzimmeraccessoires;Kinderzimmer-Aufbewahrung;;;;
64371;Baby & Kind ;Babyartikel;Baby- & Kindermöbel;Kinderzimmeraccessoires;Kindergardinen;;;;
60791;Baby & Kind ;Babyartikel;Baby- & Kindermöbel;Kinderzimmeraccessoires;Messlatten;;;;
4191;Baby & Kind ;Babyartikel;Baby- & Kindermöbel;Kinderregale;;;;;
5891;Baby & Kind ;Babyartikel;Baby- & Kindermöbel;Kindersofas;;;;;
3581;Baby & Kind ;Babyartikel;Baby- & Kindermöbel;Kindertische;;;;;
69727;Baby & Kind ;Babyartikel;Baby- & Kindermöbel;Lerntürme;;;;;
2741;Baby & Kind ;Babyartikel;Baby- & Kindermöbel;Hochbetten;;;;;
3311;Baby & Kind ;Babyartikel;Baby- & Kindermöbel;Babyzimmer;;;;;
8901;Baby & Kind ;Babyartikel;Baby- & Kindermöbel;Laufgitter & Zubehör;;;;;
42761;Baby & Kind ;Babyartikel;Baby- & Kindermöbel;Laufgitter & Zubehör;Laufgittereinlagen;;;;
42751;Baby & Kind ;Babyartikel;Baby- & Kindermöbel;Laufgitter & Zubehör;Laufgitter;;;;
8351;Baby & Kind ;Babyartikel;Babykleidung;;;;;;
8601;Baby & Kind ;Babyartikel;Babykleidung;Babyaccessoires;;;;;
10341;Baby & Kind ;Babyartikel;Babykleidung;Babyaccessoires;Babyhandschuhe;;;;
10301;Baby & Kind ;Babyartikel;Babykleidung;Babyaccessoires;Babymützen;;;;
10321;Baby & Kind ;Babyartikel;Babykleidung;Babyaccessoires;Babytücher & -schals;;;;
45191;Baby & Kind ;Babyartikel;Babykleidung;Babyaccessoires;Sonstige Babyaccessoires;;;;
8621;Baby & Kind ;Babyartikel;Babykleidung;Babybodys;;;;;
8651;Baby & Kind ;Babyartikel;Babykleidung;Babykleider;;;;;
8641;Baby & Kind ;Babyartikel;Babykleidung;Babyjacken;;;;;
8691;Baby & Kind ;Babyartikel;Babykleidung;Babyschlafanzüge;;;;;
8671;Baby & Kind ;Babyartikel;Babykleidung;Babyregenbekleidung;;;;;
8731;Baby & Kind ;Babyartikel;Babykleidung;Babystrampler;;;;;
8711;Baby & Kind ;Babyartikel;Babykleidung;Babyschuhe;;;;;
10481;Baby & Kind ;Babyartikel;Babykleidung;Babyschuhe;Babystiefel;;;;
10431;Baby & Kind ;Babyartikel;Babykleidung;Babyschuhe;Babysandalen;;;;
10461;Baby & Kind ;Babyartikel;Babykleidung;Babyschuhe;Babysneakers;;;;
10391;Baby & Kind ;Babyartikel;Babykleidung;Babyschuhe;Krabbelschuhe;;;;
8681;Baby & Kind ;Babyartikel;Babykleidung;Babyröcke;;;;;
8701;Baby & Kind ;Babyartikel;Babykleidung;Babyschneeanzüge;;;;;
8721;Baby & Kind ;Babyartikel;Babykleidung;Babysöckchen;;;;;
61931;Baby & Kind ;Babyartikel;Babykleidung;Babystrumpfhosen;;;;;
8611;Baby & Kind ;Babyartikel;Babykleidung;Babybademode;;;;;
8661;Baby & Kind ;Babyartikel;Babykleidung;Babyoberteile;;;;;
8631;Baby & Kind ;Babyartikel;Babykleidung;Babyhosen;;;;;
66751;Baby & Kind ;Babyartikel;Babykleidung;Sonstige Babykleidung;;;;;
61521;Baby & Kind ;Babyartikel;Babykleidung;Regen- & Schneeanzüge;;;;;
8411;Baby & Kind ;Babyartikel;Babyernährung;;;;;;
8971;Baby & Kind ;Babyartikel;Babyernährung;Babynahrung;;;;;
11151;Baby & Kind ;Babyartikel;Babyernährung;Babynahrung;Babybrei;;;;
70151;Baby & Kind ;Babyartikel;Babyernährung;Babynahrung;Babyanfangsnahrung;;;;
11141;Baby & Kind ;Babyartikel;Babyernährung;Babynahrung;Getränke für Babys;;;;
11121;Baby & Kind ;Babyartikel;Babyernährung;Babynahrung;Fertigmahlzeiten für Babys;;;;
9011;Baby & Kind ;Babyartikel;Babyernährung;Lätzchen;;;;;
69824;Baby & Kind ;Babyartikel;Babyernährung;Flaschenwärmer & Babykostwärmer;;;;;
9001;Baby & Kind ;Babyartikel;Babyernährung;Fläschchen;;;;;
9021;Baby & Kind ;Babyartikel;Babyernährung;Trinklernbecher;;;;;
8981;Baby & Kind ;Babyartikel;Babyernährung;Milchpumpen;;;;;
57021;Baby & Kind ;Babyartikel;Babyernährung;Sonstige Babyernährung;;;;;
8991;Baby & Kind ;Babyartikel;Babyernährung;Sterilisatoren & Vaporisatoren;;;;;
54881;Baby & Kind ;Babyartikel;Pflege & Entwicklung;;;;;;
8371;Baby & Kind ;Babyartikel;Pflege & Entwicklung;;;;;;
54891;Baby & Kind ;Babyartikel;Pflege & Entwicklung;;;;;;
8771;Baby & Kind ;Babyartikel;Pflege & Entwicklung;Babywannen;;;;;
56361;Baby & Kind ;Babyartikel;Pflege & Entwicklung;Babydecken;;;;;
58921;Baby & Kind ;Babyartikel;Pflege & Entwicklung;Babykissen;;;;;
8781;Baby & Kind ;Babyartikel;Pflege & Entwicklung;Babywaagen;;;;;
57911;Baby & Kind ;Babyartikel;Pflege & Entwicklung;Babyhandtücher;;;;;
57341;Baby & Kind ;Babyartikel;Pflege & Entwicklung;Stillkissen;;;;;
8821;Baby & Kind ;Babyartikel;Pflege & Entwicklung;Spucktücher;;;;;
63721;Baby & Kind ;Babyartikel;Pflege & Entwicklung;Wickelauflagen & -bezüge;;;;;
63731;Baby & Kind ;Babyartikel;Pflege & Entwicklung;Wickelauflagen & -bezüge;Wickelauflagenbezüge;;;;
8851;Baby & Kind ;Babyartikel;Pflege & Entwicklung;Wickelauflagen & -bezüge;Wickelauflagen;;;;
8861;Baby & Kind ;Babyartikel;Pflege & Entwicklung;Wickeltisch-Heizstrahler;;;;;
45201;Baby & Kind ;Babyartikel;Pflege & Entwicklung;Sonstige Babypflege;;;;;
8871;Baby & Kind ;Babyartikel;Pflege & Entwicklung;Windeln;;;;;
26371;Baby & Kind ;Babyartikel;Pflege & Entwicklung;Wickeltaschen;;;;;
8881;Baby & Kind ;Babyartikel;Pflege & Entwicklung;Windeleimer;;;;;
69524;Baby & Kind ;Babyartikel;Pflege & Entwicklung;Stilleinlagen;;;;;
8811;Baby & Kind ;Babyartikel;Pflege & Entwicklung;Schnullerketten;;;;;
8801;Baby & Kind ;Babyartikel;Pflege & Entwicklung;Schnuller;;;;;
56371;Baby & Kind ;Babyartikel;Pflege & Entwicklung;Krabbeldecken;;;;;
8831;Baby & Kind ;Babyartikel;Pflege & Entwicklung;Töpfchen;;;;;
8791;Baby & Kind ;Babyartikel;Pflege & Entwicklung;Beißringe;;;;;
8841;Baby & Kind ;Babyartikel;Pflege & Entwicklung;Toilettentrainer;;;;;
8401;Baby & Kind ;Babyartikel;Kinderautositze & Zubehör;;;;;;
42781;Baby & Kind ;Babyartikel;Kinderautositze & Zubehör;Babyschalen & Kindersitze;;;;;
8931;Baby & Kind ;Babyartikel;Kinderautositze & Zubehör;Babyschalen & Kindersitze;Babyschalen;;;;
8951;Baby & Kind ;Babyartikel;Kinderautositze & Zubehör;Babyschalen & Kindersitze;Sitzerhöhungen;;;;
8941;Baby & Kind ;Babyartikel;Kinderautositze & Zubehör;Babyschalen & Kindersitze;Kindersitze;;;;
8961;Baby & Kind ;Babyartikel;Kinderautositze & Zubehör;Kinderautositz-Zubehör;;;;;
10991;Baby & Kind ;Babyartikel;Kinderautositze & Zubehör;Kinderautositz-Zubehör;Adapter & Befestigungen;;;;
11031;Baby & Kind ;Babyartikel;Kinderautositze & Zubehör;Kinderautositz-Zubehör;Rückenlehnenschutz;;;;
11011;Baby & Kind ;Babyartikel;Kinderautositze & Zubehör;Kinderautositz-Zubehör;Kindersitzbezüge;;;;
11001;Baby & Kind ;Babyartikel;Kinderautositze & Zubehör;Kinderautositz-Zubehör;Kindersitz-Becherhalter;;;;
11061;Baby & Kind ;Babyartikel;Kinderautositze & Zubehör;Kinderautositz-Zubehör;Utensilientaschen;;;;
45221;Baby & Kind ;Babyartikel;Kinderautositze & Zubehör;Kinderautositz-Zubehör;Sonstiges Kinderautositz-Zubehör;;;;
11021;Baby & Kind ;Babyartikel;Kinderautositze & Zubehör;Kinderautositz-Zubehör;Gurtpolster;;;;
59751;Baby & Kind ;Babyartikel;Sonstige Babyausstattung;;;;;;
8361;Baby & Kind ;Babyartikel;Sicherheitsprodukte für Kinder;;;;;;
8761;Baby & Kind ;Babyartikel;Sicherheitsprodukte für Kinder;Babyphones & Zubehör;;;;;
10721;Baby & Kind ;Babyartikel;Sicherheitsprodukte für Kinder;Babyphones & Zubehör;Babyphonezubehör;;;;
42741;Baby & Kind ;Babyartikel;Sicherheitsprodukte für Kinder;Babyphones & Zubehör;Babyphones;;;;
8751;Baby & Kind ;Babyartikel;Sicherheitsprodukte für Kinder;Kindersicherungen;;;;;
10631;Baby & Kind ;Babyartikel;Sicherheitsprodukte für Kinder;Kindersicherungen;Ecken- & Kantenschutz;;;;
10691;Baby & Kind ;Babyartikel;Sicherheitsprodukte für Kinder;Kindersicherungen;Klemmschutz;;;;
10661;Baby & Kind ;Babyartikel;Sicherheitsprodukte für Kinder;Kindersicherungen;Schubladen- & Schranksicherungen;;;;
10641;Baby & Kind ;Babyartikel;Sicherheitsprodukte für Kinder;Kindersicherungen;Kippsicherungen;;;;
10701;Baby & Kind ;Babyartikel;Sicherheitsprodukte für Kinder;Kindersicherungen;Steckdosenschutz;;;;
8741;Baby & Kind ;Babyartikel;Sicherheitsprodukte für Kinder;Kinderschutzgitter & Zubehör;;;;;
42731;Baby & Kind ;Babyartikel;Sicherheitsprodukte für Kinder;Kinderschutzgitter & Zubehör;Kinderschutzgitter;;;;
10601;Baby & Kind ;Babyartikel;Sicherheitsprodukte für Kinder;Kinderschutzgitter & Zubehör;Kinderschutzgitter;Türschutzgitter;;;
10581;Baby & Kind ;Babyartikel;Sicherheitsprodukte für Kinder;Kinderschutzgitter & Zubehör;Kinderschutzgitter;Treppenschutzgitter;;;
10611;Baby & Kind ;Babyartikel;Sicherheitsprodukte für Kinder;Kinderschutzgitter & Zubehör;Schutzgitter-Zubehör;;;;
8391;Baby & Kind ;Babyartikel;Kinderwagen & Babytragen;;;;;;
8911;Baby & Kind ;Babyartikel;Kinderwagen & Babytragen;Babytragen;;;;;
10861;Baby & Kind ;Babyartikel;Kinderwagen & Babytragen;Babytragen;Tragetücher;;;;
10851;Baby & Kind ;Babyartikel;Kinderwagen & Babytragen;Babytragen;Rückentragen;;;;
10831;Baby & Kind ;Babyartikel;Kinderwagen & Babytragen;Babytragen;Bauchtragen;;;;
66201;Baby & Kind ;Babyartikel;Kinderwagen & Babytragen;Babytragen-Zubehör;;;;;
8921;Baby & Kind ;Babyartikel;Kinderwagen & Babytragen;Kinderwagen & Zubehör;;;;;
10951;Baby & Kind ;Babyartikel;Kinderwagen & Babytragen;Kinderwagen & Zubehör;Kinderwagenzubehör;;;;
60901;Baby & Kind ;Babyartikel;Kinderwagen & Babytragen;Kinderwagen & Zubehör;Kinderwagenzubehör;Kinderwagenanhänger;;;
12051;Baby & Kind ;Babyartikel;Kinderwagen & Babytragen;Kinderwagen & Zubehör;Kinderwagenzubehör;Bauchbügel;;;
12061;Baby & Kind ;Babyartikel;Kinderwagen & Babytragen;Kinderwagen & Zubehör;Kinderwagenzubehör;Fußsäcke;;;
45211;Baby & Kind ;Babyartikel;Kinderwagen & Babytragen;Kinderwagen & Zubehör;Kinderwagenzubehör;Sonstiges Kinderwagenzubehör;;;
12121;Baby & Kind ;Babyartikel;Kinderwagen & Babytragen;Kinderwagen & Zubehör;Kinderwagenzubehör;Mückennetze für Kinderwagen;;;
12131;Baby & Kind ;Babyartikel;Kinderwagen & Babytragen;Kinderwagen & Zubehör;Kinderwagenzubehör;Nackenpolster;;;
12101;Baby & Kind ;Babyartikel;Kinderwagen & Babytragen;Kinderwagen & Zubehör;Kinderwagenzubehör;Kinderwagenketten;;;
12081;Baby & Kind ;Babyartikel;Kinderwagen & Babytragen;Kinderwagen & Zubehör;Kinderwagenzubehör;Kinderwagen-Sonnensegel;;;
12031;Baby & Kind ;Babyartikel;Kinderwagen & Babytragen;Kinderwagen & Zubehör;Kinderwagenzubehör;Kinderwagenauflagen;;;
12071;Baby & Kind ;Babyartikel;Kinderwagen & Babytragen;Kinderwagen & Zubehör;Kinderwagenzubehör;Regenschutz;;;
12141;Baby & Kind ;Babyartikel;Kinderwagen & Babytragen;Kinderwagen & Zubehör;Kinderwagenzubehör;Tragenester;;;
12111;Baby & Kind ;Babyartikel;Kinderwagen & Babytragen;Kinderwagen & Zubehör;Kinderwagenzubehör;Kinderwagennetze;;;
42771;Baby & Kind ;Babyartikel;Kinderwagen & Babytragen;Kinderwagen & Zubehör;Kinderwagen;;;;
10901;Baby & Kind ;Babyartikel;Kinderwagen & Babytragen;Kinderwagen & Zubehör;Kinderwagen;Klassische Kinderwagen;;;
10891;Baby & Kind ;Babyartikel;Kinderwagen & Babytragen;Kinderwagen & Zubehör;Kinderwagen;Kinderwagen-Sets;;;
10871;Baby & Kind ;Babyartikel;Kinderwagen & Babytragen;Kinderwagen & Zubehör;Kinderwagen;Buggys;;;
10921;Baby & Kind ;Babyartikel;Kinderwagen & Babytragen;Kinderwagen & Zubehör;Kinderwagen;Kombikinderwagen;;;
10931;Baby & Kind ;Babyartikel;Kinderwagen & Babytragen;Kinderwagen & Zubehör;Kinderwagen;Sportkinderwagen;;;
55111;Baby & Kind ;Babyartikel;Baby- & Kleinkinderspielzeuge;;;;;;
8421;Baby & Kind ;Babyartikel;Baby- & Kleinkinderspielzeuge;;;;;;
69421;Baby & Kind ;Babyartikel;Baby- & Kleinkinderspielzeuge;Spielbögen;;;;;
9061;Baby & Kind ;Babyartikel;Baby- & Kleinkinderspielzeuge;Baby-Spieluhren;;;;;
58261;Baby & Kind ;Babyartikel;Baby- & Kleinkinderspielzeuge;Lauflernwagen;;;;;
9121;Baby & Kind ;Babyartikel;Baby- & Kleinkinderspielzeuge;Klopf- & Hämmerspielzeuge;;;;;
69509;Baby & Kind ;Babyartikel;Baby- & Kleinkinderspielzeuge;Steckenpferde;;;;;
45231;Baby & Kind ;Babyartikel;Baby- & Kleinkinderspielzeuge;Sonstiges Babyspielzeug;;;;;
9031;Baby & Kind ;Babyartikel;Baby- & Kleinkinderspielzeuge;Mobiles;;;;;
9101;Baby & Kind ;Babyartikel;Baby- & Kleinkinderspielzeuge;Motorikspielzeug;;;;;
9131;Baby & Kind ;Babyartikel;Baby- & Kleinkinderspielzeuge;Nachziehspielzeuge;;;;;
9041;Baby & Kind ;Babyartikel;Baby- & Kleinkinderspielzeuge;Rasseln;;;;;
9111;Baby & Kind ;Babyartikel;Baby- & Kleinkinderspielzeuge;Schaukelpferde;;;;;
9051;Baby & Kind ;Babyartikel;Baby- & Kleinkinderspielzeuge;Schmusetücher;;;;;
61421;Baby & Kind ;Babyartikel;Baby- & Kleinkinderspielzeuge;Holzspielzeuge;;;;;
9071;Baby & Kind ;Babyartikel;Baby- & Kleinkinderspielzeuge;Holzspielzeuge;Bauklötze;;;;
61451;Baby & Kind ;Babyartikel;Baby- & Kleinkinderspielzeuge;Holzspielzeuge;Sonstige Holzspielzeuge;;;;
9881;Baby & Kind ;Babyartikel;Baby- & Kleinkinderspielzeuge;Holzspielzeuge;Steckpuzzles;;;;
61431;Baby & Kind ;Babyartikel;Baby- & Kleinkinderspielzeuge;Holzspielzeuge;Holzautos;;;;
9841;Baby & Kind ;Babyartikel;Baby- & Kleinkinderspielzeuge;Holzspielzeuge;Holzpuzzles;;;;
61371;Baby & Kind ;Babyartikel;Baby- & Kleinkinderspielzeuge;Holzspielzeuge;Holzeisenbahnen;;;;
61461;Baby & Kind ;Babyartikel;Baby- & Kleinkinderspielzeuge;Holzspielzeuge;Holz-Spielzeugfiguren & -Spielwelten;;;;
8341;Baby & Kind ;Spielwaren;;;;;;;
8451;Baby & Kind ;Spielwaren;Gesellschaftsspiele & Spielezubehör;;;;;;
41971;Baby & Kind ;Spielwaren;Gesellschaftsspiele & Spielezubehör;Spielezubehör;;;;;
42061;Baby & Kind ;Spielwaren;Gesellschaftsspiele & Spielezubehör;Spielezubehör;Würfel;;;;
45241;Baby & Kind ;Spielwaren;Gesellschaftsspiele & Spielezubehör;Spielezubehör;Sonstiges Spielezubehör;;;;
42051;Baby & Kind ;Spielwaren;Gesellschaftsspiele & Spielezubehör;Spielezubehör;Spielgeld;;;;
42041;Baby & Kind ;Spielwaren;Gesellschaftsspiele & Spielezubehör;Spielezubehör;Spielfiguren;;;;
41961;Baby & Kind ;Spielwaren;Gesellschaftsspiele & Spielezubehör;Gesellschaftspiele;;;;;
41981;Baby & Kind ;Spielwaren;Gesellschaftsspiele & Spielezubehör;Gesellschaftspiele;Brettspiele;;;;
41991;Baby & Kind ;Spielwaren;Gesellschaftsspiele & Spielezubehör;Gesellschaftspiele;Kartenspiele;;;;
42031;Baby & Kind ;Spielwaren;Gesellschaftsspiele & Spielezubehör;Gesellschaftspiele;Würfelspiele;;;;
42021;Baby & Kind ;Spielwaren;Gesellschaftsspiele & Spielezubehör;Gesellschaftspiele;Spielesammlungen;;;;
42001;Baby & Kind ;Spielwaren;Gesellschaftsspiele & Spielezubehör;Gesellschaftspiele;Mitbring- & Reisespiele;;;;
42011;Baby & Kind ;Spielwaren;Gesellschaftsspiele & Spielezubehör;Gesellschaftspiele;Knobel- & Denkspiele;;;;
60111;Baby & Kind ;Spielwaren;Gesellschaftsspiele & Spielezubehör;Gesellschaftspiele;Geschicklichkeitsspiele;;;;
8461;Baby & Kind ;Spielwaren;Kinder Spielwelten;;;;;;
69272;Baby & Kind ;Spielwaren;Kinder Spielwelten;;;;;;
68973;Baby & Kind ;Spielwaren;Kinder Spielwelten;;;;;;
69739;Baby & Kind ;Spielwaren;Kinder Spielwelten;Bällebäder;;;;;
62681;Baby & Kind ;Spielwaren;Kinder Spielwelten;Kinder-Gartengeräte;;;;;
68957;Baby & Kind ;Spielwaren;Kinder Spielwelten;Kinderwerkzeug;;;;;
9321;Baby & Kind ;Spielwaren;Kinder Spielwelten;Arztspielzeuge;;;;;
9351;Baby & Kind ;Spielwaren;Kinder Spielwelten;Haushaltsspielzeuge;;;;;
9331;Baby & Kind ;Spielwaren;Kinder Spielwelten;Küchenspielzeuge;;;;;
57071;Baby & Kind ;Spielwaren;Kinder Spielwelten;Sonstige Kinder-Rollenspiele;;;;;
45261;Baby & Kind ;Spielwaren;Kinder Spielwelten;Kaufläden-Zubehör;;;;;
45251;Baby & Kind ;Spielwaren;Kinder Spielwelten;Kaufläden;;;;;
9381;Baby & Kind ;Spielwaren;Kinder Spielwelten;Spielzeugtelefone;;;;;
63791;Baby & Kind ;Spielwaren;Kinder Spielwelten;Spielzeugwaffen;;;;;
9371;Baby & Kind ;Spielwaren;Kinder Spielwelten;Spielzeugwaffen;Spielzeugpistolen;;;;
64321;Baby & Kind ;Spielwaren;Kinder Spielwelten;Spielzeugwaffen;Spielzeuggewehre;;;;
63801;Baby & Kind ;Spielwaren;Kinder Spielwelten;Spielzeugwaffen;Spielzeugschwerter;;;;
64941;Baby & Kind ;Spielwaren;Kinder Spielwelten;Spielzeugwaffen;Spielzeugwaffen-Munition;;;;
8471;Baby & Kind ;Spielwaren;Kinderkosmetik;;;;;;
45271;Baby & Kind ;Spielwaren;Kinderkosmetik;Kinderschminke;;;;;
9391;Baby & Kind ;Spielwaren;Kinderkosmetik;Kinder-Schminkkoffer;;;;;
9401;Baby & Kind ;Spielwaren;Kinderkosmetik;Schmink- & Frisierköpfe;;;;;
45281;Baby & Kind ;Spielwaren;Kinderkosmetik;Sonstige Kinderkosmetik;;;;;
60361;Baby & Kind ;Spielwaren;Sammelkarten & Zubehör;;;;;;
60371;Baby & Kind ;Spielwaren;Sammelkarten & Zubehör;Sammelkarten;;;;;
60401;Baby & Kind ;Spielwaren;Sammelkarten & Zubehör;Sammelkarten-Zubehör;;;;;
69856;Baby & Kind ;Spielwaren;Sammelkarten & Zubehör;Sammelkarten-Zubehör;Deckboxen;;;;
69857;Baby & Kind ;Spielwaren;Sammelkarten & Zubehör;Sammelkarten-Zubehör;Playmats;;;;
60381;Baby & Kind ;Spielwaren;Sammelkarten & Zubehör;Sammelkarten-Zubehör;Sammelalben;;;;
60411;Baby & Kind ;Spielwaren;Sammelkarten & Zubehör;Sammelkarten-Zubehör;Sammelkarten-Schutzhüllen;;;;
55191;Baby & Kind ;Spielwaren;Kreativspielzeuge;;;;;;
55121;Baby & Kind ;Spielwaren;Kreativspielzeuge;;;;;;
55151;Baby & Kind ;Spielwaren;Kreativspielzeuge;;;;;;
8491;Baby & Kind ;Spielwaren;Kreativspielzeuge;;;;;;
69323;Baby & Kind ;Spielwaren;Kreativspielzeuge;3D Stifte;;;;;
65291;Baby & Kind ;Spielwaren;Kreativspielzeuge;Kinderlaternen;;;;;
9451;Baby & Kind ;Spielwaren;Kreativspielzeuge;Kinderknete;;;;;
9461;Baby & Kind ;Spielwaren;Kreativspielzeuge;Malbücher;;;;;
55181;Baby & Kind ;Spielwaren;Kreativspielzeuge;Malstifte;;;;;
55171;Baby & Kind ;Spielwaren;Kreativspielzeuge;Malstifte;;;;;
9521;Baby & Kind ;Spielwaren;Kreativspielzeuge;Malstifte;;;;;
55161;Baby & Kind ;Spielwaren;Kreativspielzeuge;Malstifte;;;;;
9511;Baby & Kind ;Spielwaren;Kreativspielzeuge;Sticken, Stricken & Weben für Kinder;;;;;
9421;Baby & Kind ;Spielwaren;Kreativspielzeuge;Bügelperlen;;;;;
9501;Baby & Kind ;Spielwaren;Kreativspielzeuge;Spieltafeln;;;;;
65301;Baby & Kind ;Spielwaren;Kreativspielzeuge;Laternenstäbe;;;;;
9481;Baby & Kind ;Spielwaren;Kreativspielzeuge;Mandalas;;;;;
9091;Baby & Kind ;Spielwaren;Kreativspielzeuge;Kugelbahnen;;;;;
59851;Baby & Kind ;Spielwaren;Kreativspielzeuge;Sonstige Kreativspielzeuge;;;;;
9471;Baby & Kind ;Spielwaren;Kreativspielzeuge;Malen nach Zahlen;;;;;
9431;Baby & Kind ;Spielwaren;Kreativspielzeuge;Malfarben;;;;;
55141;Baby & Kind ;Spielwaren;Kreativspielzeuge;Malfarben;;;;;
55131;Baby & Kind ;Spielwaren;Kreativspielzeuge;Malfarben;;;;;
62281;Baby & Kind ;Spielwaren;Kreativspielzeuge;Steckspiele;;;;;
9491;Baby & Kind ;Spielwaren;Kreativspielzeuge;Motivstempel;;;;;
58111;Baby & Kind ;Spielwaren;Kreativspielzeuge;Kratzbilder;;;;;
69468;Baby & Kind ;Spielwaren;Kreativspielzeuge;Spielschleim;;;;;
8481;Baby & Kind ;Spielwaren;Kuscheltiere;;;;;;
8431;Baby & Kind ;Spielwaren;Spielzeuge zur Förderung;;;;;;
9181;Baby & Kind ;Spielwaren;Spielzeuge zur Förderung;Biologielaborkästen;;;;;
9161;Baby & Kind ;Spielwaren;Spielzeuge zur Förderung;Chemielaborkästen;;;;;
9191;Baby & Kind ;Spielwaren;Spielzeuge zur Förderung;Entdeckerspielzeuge;;;;;
9141;Baby & Kind ;Spielwaren;Spielzeuge zur Förderung;Lerncomputer & Zubehör;;;;;
65331;Baby & Kind ;Spielwaren;Spielzeuge zur Förderung;Lerncomputer & Zubehör;Lerncomputerzubehör;;;;
30421;Baby & Kind ;Spielwaren;Spielzeuge zur Förderung;Lerncomputer & Zubehör;Lerncomputerzubehör;Schutzfolien Lerncomputer;;;
65341;Baby & Kind ;Spielwaren;Spielzeuge zur Förderung;Lerncomputer & Zubehör;Lerncomputerzubehör;Sonstiges Lerncomputerzubehör;;;
48271;Baby & Kind ;Spielwaren;Spielzeuge zur Förderung;Lerncomputer & Zubehör;Lerncomputer;;;;
9151;Baby & Kind ;Spielwaren;Spielzeuge zur Förderung;Lernspielzeuge;;;;;
69462;Baby & Kind ;Spielwaren;Spielzeuge zur Förderung;Elektrobaukästen;;;;;
67191;Baby & Kind ;Spielwaren;Spielzeuge zur Förderung;Globen;;;;;
53361;Baby & Kind ;Spielwaren;Spielzeuge zur Förderung;Metallbaukästen;;;;;
9171;Baby & Kind ;Spielwaren;Spielzeuge zur Förderung;Physiklaborkästen;;;;;
8531;Baby & Kind ;Spielwaren;Puppen & Zubehör;;;;;;
42871;Baby & Kind ;Spielwaren;Puppen & Zubehör;Puppen;;;;;
9741;Baby & Kind ;Spielwaren;Puppen & Zubehör;Puppen;Babypuppen;;;;
9731;Baby & Kind ;Spielwaren;Puppen & Zubehör;Puppen;Anzieh- & Modepuppen;;;;
9791;Baby & Kind ;Spielwaren;Puppen & Zubehör;Puppen;Stoffpuppen;;;;
9751;Baby & Kind ;Spielwaren;Puppen & Zubehör;Puppen;Fingerpuppen;;;;
9761;Baby & Kind ;Spielwaren;Puppen & Zubehör;Puppen;Handpuppen;;;;
9771;Baby & Kind ;Spielwaren;Puppen & Zubehör;Puppen;Minipuppen;;;;
67211;Baby & Kind ;Spielwaren;Puppen & Zubehör;Puppen;Porzellanpuppen;;;;
9811;Baby & Kind ;Spielwaren;Puppen & Zubehör;Puppenzubehör;;;;;
11991;Baby & Kind ;Spielwaren;Puppen & Zubehör;Puppenzubehör;Puppenkleidung;;;;
12001;Baby & Kind ;Spielwaren;Puppen & Zubehör;Puppenzubehör;Puppenmöbel;;;;
12021;Baby & Kind ;Spielwaren;Puppen & Zubehör;Puppenzubehör;Puppenwagen;;;;
12011;Baby & Kind ;Spielwaren;Puppen & Zubehör;Puppenzubehör;Puppenhauszubehör;;;;
11981;Baby & Kind ;Spielwaren;Puppen & Zubehör;Puppenzubehör;Puppenhäuser;;;;
56631;Baby & Kind ;Spielwaren;Puppen & Zubehör;Puppenzubehör;Sonstiges Puppenzubehör;;;;
9801;Baby & Kind ;Spielwaren;Puppen & Zubehör;Puppentheater;;;;;
55301;Baby & Kind ;Spielwaren;Spieltische;;;;;;
55311;Baby & Kind ;Spielwaren;Spieltische;;;;;;
55291;Baby & Kind ;Spielwaren;Spieltische;;;;;;
8571;Baby & Kind ;Spielwaren;Spieltische;;;;;;
45331;Baby & Kind ;Spielwaren;Spieltische;Sonstige Spieltische;;;;;
10151;Baby & Kind ;Spielwaren;Spieltische;Multifunktionstische;;;;;
69417;Baby & Kind ;Spielwaren;Klemmbausteine;;;;;;
68996;Baby & Kind ;Spielwaren;LEGO®;;;;;;
8591;Baby & Kind ;Spielwaren;Zauberspiele;;;;;;
10261;Baby & Kind ;Spielwaren;Zauberspiele;Zauberzubehör;;;;;
10241;Baby & Kind ;Spielwaren;Zauberspiele;Zauberkästen;;;;;
45371;Baby & Kind ;Spielwaren;Zauberspiele;Sonstige Zauberspiele;;;;;
8501;Baby & Kind ;Spielwaren;Modellbau & -fahrzeuge;;;;;;
9531;Baby & Kind ;Spielwaren;Modellbau & -fahrzeuge;Modellbausätze & Zubehör;;;;;
11371;Baby & Kind ;Spielwaren;Modellbau & -fahrzeuge;Modellbausätze & Zubehör;Modellbauzubehör;;;;
58511;Baby & Kind ;Spielwaren;Modellbau & -fahrzeuge;Modellbausätze & Zubehör;Modellbauzubehör;Sonstiges Modellbauzubehör;;;
38991;Baby & Kind ;Spielwaren;Modellbau & -fahrzeuge;Modellbausätze & Zubehör;Modellbauzubehör;Modellbauakkus;;;
59111;Baby & Kind ;Spielwaren;Modellbau & -fahrzeuge;Modellbausätze & Zubehör;Modellbauzubehör;Modellbau-Ersatzteile;;;
42791;Baby & Kind ;Spielwaren;Modellbau & -fahrzeuge;Modellbausätze & Zubehör;Modellbausätze;;;;
11261;Baby & Kind ;Spielwaren;Modellbau & -fahrzeuge;Modellbausätze & Zubehör;Modellbausätze;Flugzeug-Modellbausätze;;;
11231;Baby & Kind ;Spielwaren;Modellbau & -fahrzeuge;Modellbausätze & Zubehör;Modellbausätze;Auto-Modellbausätze;;;
64311;Baby & Kind ;Spielwaren;Modellbau & -fahrzeuge;Modellbausätze & Zubehör;Modellbausätze;Helikopter- & Hubschraubermodellbausätze;;;
69516;Baby & Kind ;Spielwaren;Modellbau & -fahrzeuge;Modellbausätze & Zubehör;Modellbausätze;Modellbau-Figuren;;;
45291;Baby & Kind ;Spielwaren;Modellbau & -fahrzeuge;Modellbausätze & Zubehör;Modellbausätze;Sonstige Modellbausätze;;;
11291;Baby & Kind ;Spielwaren;Modellbau & -fahrzeuge;Modellbausätze & Zubehör;Modellbausätze;Motorrad-Modellbausätze;;;
11331;Baby & Kind ;Spielwaren;Modellbau & -fahrzeuge;Modellbausätze & Zubehör;Modellbausätze;Science-Fiction-Modellbausätze;;;
11321;Baby & Kind ;Spielwaren;Modellbau & -fahrzeuge;Modellbausätze & Zubehör;Modellbausätze;Schiff-Modellbausätze;;;
11301;Baby & Kind ;Spielwaren;Modellbau & -fahrzeuge;Modellbausätze & Zubehör;Modellbausätze;Raumfahrt-Modellbausätze;;;
11361;Baby & Kind ;Spielwaren;Modellbau & -fahrzeuge;Modellbausätze & Zubehör;Modellbausätze;Truck- & LKW-Modellbausätze;;;
9561;Baby & Kind ;Spielwaren;Modellbau & -fahrzeuge;Modelleisenbahnen & Zubehör;;;;;
42831;Baby & Kind ;Spielwaren;Modellbau & -fahrzeuge;Modelleisenbahnen & Zubehör;Modelleisenbahnenzubehör;;;;
11511;Baby & Kind ;Spielwaren;Modellbau & -fahrzeuge;Modelleisenbahnen & Zubehör;Modelleisenbahnenzubehör;Modelleisenbahn-Gebäude;;;
11531;Baby & Kind ;Spielwaren;Modellbau & -fahrzeuge;Modelleisenbahnen & Zubehör;Modelleisenbahnenzubehör;Modellbahn-Elektronik;;;
11521;Baby & Kind ;Spielwaren;Modellbau & -fahrzeuge;Modelleisenbahnen & Zubehör;Modelleisenbahnenzubehör;Modellbahn-Figuren;;;
11541;Baby & Kind ;Spielwaren;Modellbau & -fahrzeuge;Modelleisenbahnen & Zubehör;Modelleisenbahnenzubehör;Modelleisenbahn-Landschaftsbau;;;
11501;Baby & Kind ;Spielwaren;Modellbau & -fahrzeuge;Modelleisenbahnen & Zubehör;Modelleisenbahnenzubehör;Modelleisenbahn-Startersets;;;
11491;Baby & Kind ;Spielwaren;Modellbau & -fahrzeuge;Modelleisenbahnen & Zubehör;Modelleisenbahnenzubehör;Gleismaterial;;;
42821;Baby & Kind ;Spielwaren;Modellbau & -fahrzeuge;Modelleisenbahnen & Zubehör;Modelleisenbahnen;;;;
11471;Baby & Kind ;Spielwaren;Modellbau & -fahrzeuge;Modelleisenbahnen & Zubehör;Modelleisenbahnen;Lokomotiven;;;
58141;Baby & Kind ;Spielwaren;Modellbau & -fahrzeuge;Modelleisenbahnen & Zubehör;Modelleisenbahnen;Modelleisenbahn-Sets;;;
11481;Baby & Kind ;Spielwaren;Modellbau & -fahrzeuge;Modelleisenbahnen & Zubehör;Modelleisenbahnen;Waggons;;;
9551;Baby & Kind ;Spielwaren;Modellbau & -fahrzeuge;Modellfahrzeuge;;;;;
11401;Baby & Kind ;Spielwaren;Modellbau & -fahrzeuge;Modellfahrzeuge;Modell-Landwirtschaftsfahrzeuge;;;;
11431;Baby & Kind ;Spielwaren;Modellbau & -fahrzeuge;Modellfahrzeuge;Modellflugzeuge;;;;
42811;Baby & Kind ;Spielwaren;Modellbau & -fahrzeuge;Modellfahrzeuge;Modell-Busse;;;;
11451;Baby & Kind ;Spielwaren;Modellbau & -fahrzeuge;Modellfahrzeuge;Modellautos;;;;
11381;Baby & Kind ;Spielwaren;Modellbau & -fahrzeuge;Modellfahrzeuge;Modell-Baufahrzeuge;;;;
11391;Baby & Kind ;Spielwaren;Modellbau & -fahrzeuge;Modellfahrzeuge;Modell-Einsatzfahrzeuge;;;;
11421;Baby & Kind ;Spielwaren;Modellbau & -fahrzeuge;Modellfahrzeuge;Modellschiffe;;;;
42801;Baby & Kind ;Spielwaren;Modellbau & -fahrzeuge;Modellfahrzeuge;Modell-LKW's;;;;
11441;Baby & Kind ;Spielwaren;Modellbau & -fahrzeuge;Modellfahrzeuge;Sonstige Modellfahrzeuge;;;;
11461;Baby & Kind ;Spielwaren;Modellbau & -fahrzeuge;Modellfahrzeuge;Dampfmaschinen;;;;
11661;Baby & Kind ;Spielwaren;Modellbau & -fahrzeuge;RC-Modellfahrzeugzubehör;;;;;
45301;Baby & Kind ;Spielwaren;Modellbau & -fahrzeuge;RC-Modellfahrzeugzubehör;Sonstiges RC-Modellfahrzeugzubehör;;;;
42861;Baby & Kind ;Spielwaren;Modellbau & -fahrzeuge;RC-Modellfahrzeugzubehör;Modellfahrzeug-Motoren;;;;
42851;Baby & Kind ;Spielwaren;Modellbau & -fahrzeuge;RC-Modellfahrzeugzubehör;Fernsteuerung & Elektronik;;;;
42841;Baby & Kind ;Spielwaren;Modellbau & -fahrzeuge;RC-Fahrzeuge;;;;;
11631;Baby & Kind ;Spielwaren;Modellbau & -fahrzeuge;RC-Fahrzeuge;Sonstige RC-Fahrzeuge;;;;
68092;Baby & Kind ;Spielwaren;Modellbau & -fahrzeuge;RC-Fahrzeuge;RC-Drohnen;;;;
69072;Baby & Kind ;Spielwaren;Modellbau & -fahrzeuge;RC-Fahrzeuge;RC-Drohnen;Drohnen Zubehör;;;
69071;Baby & Kind ;Spielwaren;Modellbau & -fahrzeuge;RC-Fahrzeuge;RC-Drohnen;Drohnen Propeller;;;
69070;Baby & Kind ;Spielwaren;Modellbau & -fahrzeuge;RC-Fahrzeuge;RC-Drohnen;Drohnen Ersatzteile;;;
69069;Baby & Kind ;Spielwaren;Modellbau & -fahrzeuge;RC-Fahrzeuge;RC-Drohnen;Drohnen mit Kamera;;;
69068;Baby & Kind ;Spielwaren;Modellbau & -fahrzeuge;RC-Fahrzeuge;RC-Drohnen;FPV Drohnen;;;
69065;Baby & Kind ;Spielwaren;Modellbau & -fahrzeuge;RC-Fahrzeuge;RC-Drohnen;Hexacopter;;;
69064;Baby & Kind ;Spielwaren;Modellbau & -fahrzeuge;RC-Fahrzeuge;RC-Drohnen;Mini Quadrocopter;;;
69063;Baby & Kind ;Spielwaren;Modellbau & -fahrzeuge;RC-Fahrzeuge;RC-Drohnen;Quadrocopter Zubehör;;;
69062;Baby & Kind ;Spielwaren;Modellbau & -fahrzeuge;RC-Fahrzeuge;RC-Drohnen;Quadrocopter Propeller;;;
69061;Baby & Kind ;Spielwaren;Modellbau & -fahrzeuge;RC-Fahrzeuge;RC-Drohnen;Quadrocopter Ersatzteile;;;
69060;Baby & Kind ;Spielwaren;Modellbau & -fahrzeuge;RC-Fahrzeuge;RC-Drohnen;Quadrocopter;;;
69067;Baby & Kind ;Spielwaren;Modellbau & -fahrzeuge;RC-Fahrzeuge;RC-Drohnen;Race Copter;;;
11611;Baby & Kind ;Spielwaren;Modellbau & -fahrzeuge;RC-Fahrzeuge;Ferngesteuerte Flugzeuge;;;;
11601;Baby & Kind ;Spielwaren;Modellbau & -fahrzeuge;RC-Fahrzeuge;Ferngesteuerte Autos;;;;
11621;Baby & Kind ;Spielwaren;Modellbau & -fahrzeuge;RC-Fahrzeuge;Ferngesteuerte Hubschrauber;;;;
11641;Baby & Kind ;Spielwaren;Modellbau & -fahrzeuge;RC-Fahrzeuge;Ferngesteuerte Schiffe;;;;
11651;Baby & Kind ;Spielwaren;Modellbau & -fahrzeuge;RC-Fahrzeuge;Ferngesteuerte Trucks;;;;
9571;Baby & Kind ;Spielwaren;Modellbau & -fahrzeuge;Autorennbahnen & Zubehör;;;;;
11551;Baby & Kind ;Spielwaren;Modellbau & -fahrzeuge;Autorennbahnen & Zubehör;Autorennbahn-Startersets;;;;
11561;Baby & Kind ;Spielwaren;Modellbau & -fahrzeuge;Autorennbahnen & Zubehör;Rennbahnzubehör;;;;
67061;Baby & Kind ;Spielwaren;Modellbau & -fahrzeuge;Autorennbahnen & Zubehör;Rennbahnzubehör;Sonstiges Rennbahnzubehör;;;
11591;Baby & Kind ;Spielwaren;Modellbau & -fahrzeuge;Autorennbahnen & Zubehör;Rennbahnzubehör;Rennbahn-Trafos & Regler;;;
68961;Baby & Kind ;Spielwaren;Modellbau & -fahrzeuge;Autorennbahnen & Zubehör;Rennbahnzubehör;Slotcars;;;
11581;Baby & Kind ;Spielwaren;Modellbau & -fahrzeuge;Autorennbahnen & Zubehör;Rennbahnzubehör;Streckenteile;;;
8511;Baby & Kind ;Spielwaren;Musikspielzeuge;;;;;;
55941;Baby & Kind ;Spielwaren;Musikinstrumente;;;;;;
53461;Baby & Kind ;Spielwaren;Musikinstrumente;;;;;;
53531;Baby & Kind ;Spielwaren;Musikinstrumente;Bässe & Zubehör;;;;;
53611;Baby & Kind ;Spielwaren;Musikinstrumente;Bässe & Zubehör;Bass Zubehör;;;;
54191;Baby & Kind ;Spielwaren;Musikinstrumente;Bässe & Zubehör;Bass Zubehör;Bass-Verstärker;;;
54221;Baby & Kind ;Spielwaren;Musikinstrumente;Bässe & Zubehör;Bass Zubehör;Bässe-Koffer & -Cases;;;
54211;Baby & Kind ;Spielwaren;Musikinstrumente;Bässe & Zubehör;Bass Zubehör;Basskabel;;;
54231;Baby & Kind ;Spielwaren;Musikinstrumente;Bässe & Zubehör;Bass Zubehör;Bässe-Plektren;;;
54281;Baby & Kind ;Spielwaren;Musikinstrumente;Bässe & Zubehör;Bass Zubehör;Bässe-Ersatz- und Kleinteile;;;
54261;Baby & Kind ;Spielwaren;Musikinstrumente;Bässe & Zubehör;Bass Zubehör;Bässe-Ständer & -Halter;;;
54201;Baby & Kind ;Spielwaren;Musikinstrumente;Bässe & Zubehör;Bass Zubehör;Bassgurte;;;
54241;Baby & Kind ;Spielwaren;Musikinstrumente;Bässe & Zubehör;Bass Zubehör;Basssaiten;;;
54251;Baby & Kind ;Spielwaren;Musikinstrumente;Bässe & Zubehör;Bass Zubehör;Bass-Stimmgeräte;;;
54271;Baby & Kind ;Spielwaren;Musikinstrumente;Bässe & Zubehör;Bass Zubehör;Sonstiges Bass-Zubehör;;;
53601;Baby & Kind ;Spielwaren;Musikinstrumente;Bässe & Zubehör;Bässe;;;;
54141;Baby & Kind ;Spielwaren;Musikinstrumente;Bässe & Zubehör;Bässe;Akustische Bässe;;;
54151;Baby & Kind ;Spielwaren;Musikinstrumente;Bässe & Zubehör;Bässe;Bass-Effekte;;;
54171;Baby & Kind ;Spielwaren;Musikinstrumente;Bässe & Zubehör;Bässe;Bass-Sets;;;
54181;Baby & Kind ;Spielwaren;Musikinstrumente;Bässe & Zubehör;Bässe;Kontrabässe;;;
54161;Baby & Kind ;Spielwaren;Musikinstrumente;Bässe & Zubehör;Bässe;E-Bässe;;;
53471;Baby & Kind ;Spielwaren;Musikinstrumente;Gitarren & Zubehör;;;;;
53551;Baby & Kind ;Spielwaren;Musikinstrumente;Gitarren & Zubehör;Gitarrenzubehör;;;;
53771;Baby & Kind ;Spielwaren;Musikinstrumente;Gitarren & Zubehör;Gitarrenzubehör;Kapodaster;;;
53731;Baby & Kind ;Spielwaren;Musikinstrumente;Gitarren & Zubehör;Gitarrenzubehör;Gitarren-Verstärker;;;
53761;Baby & Kind ;Spielwaren;Musikinstrumente;Gitarren & Zubehör;Gitarrenzubehör;Gitarrenkabel;;;
53781;Baby & Kind ;Spielwaren;Musikinstrumente;Gitarren & Zubehör;Gitarrenzubehör;Gitarrenpflege;;;
53741;Baby & Kind ;Spielwaren;Musikinstrumente;Gitarren & Zubehör;Gitarrenzubehör;Gitarrenkoffer;;;
53721;Baby & Kind ;Spielwaren;Musikinstrumente;Gitarren & Zubehör;Gitarrenzubehör;Gitarren-Effekte;;;
53831;Baby & Kind ;Spielwaren;Musikinstrumente;Gitarren & Zubehör;Gitarrenzubehör;Gitarren-Ersatz- & -Kleinteile;;;
53811;Baby & Kind ;Spielwaren;Musikinstrumente;Gitarren & Zubehör;Gitarrenzubehör;Gitarrenständer & -halter;;;
53751;Baby & Kind ;Spielwaren;Musikinstrumente;Gitarren & Zubehör;Gitarrenzubehör;Gitarrengurte;;;
53821;Baby & Kind ;Spielwaren;Musikinstrumente;Gitarren & Zubehör;Gitarrenzubehör;Gitarrensaiten;;;
53841;Baby & Kind ;Spielwaren;Musikinstrumente;Gitarren & Zubehör;Gitarrenzubehör;Sonstiges Gitarrenzubehör;;;
53791;Baby & Kind ;Spielwaren;Musikinstrumente;Gitarren & Zubehör;Gitarrenzubehör;Plektren;;;
53801;Baby & Kind ;Spielwaren;Musikinstrumente;Gitarren & Zubehör;Gitarrenzubehör;Stimmgeräte;;;
53541;Baby & Kind ;Spielwaren;Musikinstrumente;Gitarren & Zubehör;Gitarren;;;;
53661;Baby & Kind ;Spielwaren;Musikinstrumente;Gitarren & Zubehör;Gitarren;Akustikgitarren;;;
53701;Baby & Kind ;Spielwaren;Musikinstrumente;Gitarren & Zubehör;Gitarren;Konzertgitarren;;;
53671;Baby & Kind ;Spielwaren;Musikinstrumente;Gitarren & Zubehör;Gitarren;E-Gitarren;;;
53691;Baby & Kind ;Spielwaren;Musikinstrumente;Gitarren & Zubehör;Gitarren;Elektro-Akustische-Gitarren;;;
53681;Baby & Kind ;Spielwaren;Musikinstrumente;Gitarren & Zubehör;Gitarren;Gitarren-Sets;;;
53711;Baby & Kind ;Spielwaren;Musikinstrumente;Gitarren & Zubehör;Gitarren;Westerngitarren;;;
53481;Baby & Kind ;Spielwaren;Musikinstrumente;Tasteninstrumente & Zubehör;;;;;
53571;Baby & Kind ;Spielwaren;Musikinstrumente;Tasteninstrumente & Zubehör;Tasteninstrumente Zubehör;;;;
53911;Baby & Kind ;Spielwaren;Musikinstrumente;Tasteninstrumente & Zubehör;Tasteninstrumente Zubehör;Tasteninstrumente-Verstärker;;;
53931;Baby & Kind ;Spielwaren;Musikinstrumente;Tasteninstrumente & Zubehör;Tasteninstrumente Zubehör;Tasteninstrumente-Taschen & -Koffer;;;
53941;Baby & Kind ;Spielwaren;Musikinstrumente;Tasteninstrumente & Zubehör;Tasteninstrumente Zubehör;Klavierhocker und Keyboardbänke;;;
53921;Baby & Kind ;Spielwaren;Musikinstrumente;Tasteninstrumente & Zubehör;Tasteninstrumente Zubehör;Tasteninstrumente-Kabel;;;
53951;Baby & Kind ;Spielwaren;Musikinstrumente;Tasteninstrumente & Zubehör;Tasteninstrumente Zubehör;Tasteninstrumente-Staubschutz;;;
53961;Baby & Kind ;Spielwaren;Musikinstrumente;Tasteninstrumente & Zubehör;Tasteninstrumente Zubehör;Sonstiges Tasteninstrumente-Zubehör;;;
53561;Baby & Kind ;Spielwaren;Musikinstrumente;Tasteninstrumente & Zubehör;Tasteninstrumente;;;;
53851;Baby & Kind ;Spielwaren;Musikinstrumente;Tasteninstrumente & Zubehör;Tasteninstrumente;Akkordeons;;;
53861;Baby & Kind ;Spielwaren;Musikinstrumente;Tasteninstrumente & Zubehör;Tasteninstrumente;Digital-Pianos;;;
53871;Baby & Kind ;Spielwaren;Musikinstrumente;Tasteninstrumente & Zubehör;Tasteninstrumente;Flügel;;;
53881;Baby & Kind ;Spielwaren;Musikinstrumente;Tasteninstrumente & Zubehör;Tasteninstrumente;Keyboards (Musikinstrument);;;
53901;Baby & Kind ;Spielwaren;Musikinstrumente;Tasteninstrumente & Zubehör;Tasteninstrumente;Orgeln;;;
53891;Baby & Kind ;Spielwaren;Musikinstrumente;Tasteninstrumente & Zubehör;Tasteninstrumente;Klaviere;;;
59881;Baby & Kind ;Spielwaren;Musikinstrumente;Sonstige Musikinstrumente;;;;;
67361;Baby & Kind ;Spielwaren;Musikinstrumente;Notenständer;;;;;
53491;Baby & Kind ;Spielwaren;Musikinstrumente;Schlaginstrumente & Zubehör;;;;;
53591;Baby & Kind ;Spielwaren;Musikinstrumente;Schlaginstrumente & Zubehör;Schlaginstrumente Zubehör;;;;
54061;Baby & Kind ;Spielwaren;Musikinstrumente;Schlaginstrumente & Zubehör;Schlaginstrumente Zubehör;Felle;;;
54111;Baby & Kind ;Spielwaren;Musikinstrumente;Schlaginstrumente & Zubehör;Schlaginstrumente Zubehör;HiHat-Maschinen;;;
54131;Baby & Kind ;Spielwaren;Musikinstrumente;Schlaginstrumente & Zubehör;Schlaginstrumente Zubehör;Sonstiges Schlaginstrumente-Zubehör;;;
54051;Baby & Kind ;Spielwaren;Musikinstrumente;Schlaginstrumente & Zubehör;Schlaginstrumente Zubehör;Schlaginstrumente-Koffer & -Hüllen;;;
54101;Baby & Kind ;Spielwaren;Musikinstrumente;Schlaginstrumente & Zubehör;Schlaginstrumente Zubehör;Schlaginstrumente-Ständer & -Halter;;;
54081;Baby & Kind ;Spielwaren;Musikinstrumente;Schlaginstrumente & Zubehör;Schlaginstrumente Zubehör;Schlaginstrumente-Hocker;;;
54121;Baby & Kind ;Spielwaren;Musikinstrumente;Schlaginstrumente & Zubehör;Schlaginstrumente Zubehör;Racks;;;
54071;Baby & Kind ;Spielwaren;Musikinstrumente;Schlaginstrumente & Zubehör;Schlaginstrumente Zubehör;Stöcke;;;
54091;Baby & Kind ;Spielwaren;Musikinstrumente;Schlaginstrumente & Zubehör;Schlaginstrumente Zubehör;Stimmschlüssel;;;
53581;Baby & Kind ;Spielwaren;Musikinstrumente;Schlaginstrumente & Zubehör;Schlaginstrumente;;;;
53971;Baby & Kind ;Spielwaren;Musikinstrumente;Schlaginstrumente & Zubehör;Schlaginstrumente;Bassdrums;;;
60421;Baby & Kind ;Spielwaren;Musikinstrumente;Schlaginstrumente & Zubehör;Schlaginstrumente;Bongos;;;
54041;Baby & Kind ;Spielwaren;Musikinstrumente;Schlaginstrumente & Zubehör;Schlaginstrumente;Becken;;;
53981;Baby & Kind ;Spielwaren;Musikinstrumente;Schlaginstrumente & Zubehör;Schlaginstrumente;E-Drums;;;
53991;Baby & Kind ;Spielwaren;Musikinstrumente;Schlaginstrumente & Zubehör;Schlaginstrumente;Floor-Toms;;;
65801;Baby & Kind ;Spielwaren;Musikinstrumente;Schlaginstrumente & Zubehör;Schlaginstrumente;Sonstige Schlaginstrumente;;;
54001;Baby & Kind ;Spielwaren;Musikinstrumente;Schlaginstrumente & Zubehör;Schlaginstrumente;Schlaginstrumente-Sets;;;
54031;Baby & Kind ;Spielwaren;Musikinstrumente;Schlaginstrumente & Zubehör;Schlaginstrumente;Übungs-Pads;;;
60461;Baby & Kind ;Spielwaren;Musikinstrumente;Schlaginstrumente & Zubehör;Schlaginstrumente;Percussion Instrumente;;;
54011;Baby & Kind ;Spielwaren;Musikinstrumente;Schlaginstrumente & Zubehör;Schlaginstrumente;Snaredrums;;;
54021;Baby & Kind ;Spielwaren;Musikinstrumente;Schlaginstrumente & Zubehör;Schlaginstrumente;TomToms;;;
60541;Baby & Kind ;Spielwaren;Musikinstrumente;Schlaginstrumente & Zubehör;Schlaginstrumente;Triangeln;;;
60451;Baby & Kind ;Spielwaren;Musikinstrumente;Schlaginstrumente & Zubehör;Schlaginstrumente;Klanghölzer;;;
60431;Baby & Kind ;Spielwaren;Musikinstrumente;Schlaginstrumente & Zubehör;Schlaginstrumente;Xylophone;;;
53511;Baby & Kind ;Spielwaren;Musikinstrumente;Streichinstrumente & Zubehör;;;;;
53621;Baby & Kind ;Spielwaren;Musikinstrumente;Streichinstrumente & Zubehör;Streich- & Zupfinstrumente;;;;
54291;Baby & Kind ;Spielwaren;Musikinstrumente;Streichinstrumente & Zubehör;Streich- & Zupfinstrumente;Banjos;;;
54301;Baby & Kind ;Spielwaren;Musikinstrumente;Streichinstrumente & Zubehör;Streich- & Zupfinstrumente;Celli;;;
54311;Baby & Kind ;Spielwaren;Musikinstrumente;Streichinstrumente & Zubehör;Streich- & Zupfinstrumente;Hackbretter;;;
54321;Baby & Kind ;Spielwaren;Musikinstrumente;Streichinstrumente & Zubehör;Streich- & Zupfinstrumente;Harfen;;;
54341;Baby & Kind ;Spielwaren;Musikinstrumente;Streichinstrumente & Zubehör;Streich- & Zupfinstrumente;Mandolinen;;;
54331;Baby & Kind ;Spielwaren;Musikinstrumente;Streichinstrumente & Zubehör;Streich- & Zupfinstrumente;Streichinstrumente-Sets;;;
54361;Baby & Kind ;Spielwaren;Musikinstrumente;Streichinstrumente & Zubehör;Streich- & Zupfinstrumente;Ukulelen;;;
54371;Baby & Kind ;Spielwaren;Musikinstrumente;Streichinstrumente & Zubehör;Streich- & Zupfinstrumente;Violas;;;
54381;Baby & Kind ;Spielwaren;Musikinstrumente;Streichinstrumente & Zubehör;Streich- & Zupfinstrumente;Violinen;;;
54391;Baby & Kind ;Spielwaren;Musikinstrumente;Streichinstrumente & Zubehör;Streich- & Zupfinstrumente;Zithern;;;
53631;Baby & Kind ;Spielwaren;Musikinstrumente;Streichinstrumente & Zubehör;Streichinstrumente Zubehör;;;;
54401;Baby & Kind ;Spielwaren;Musikinstrumente;Streichinstrumente & Zubehör;Streichinstrumente Zubehör;Geigenbögen;;;
54441;Baby & Kind ;Spielwaren;Musikinstrumente;Streichinstrumente & Zubehör;Streichinstrumente Zubehör;Sonstiges Streichinstrumente-Zubehör;;;
54431;Baby & Kind ;Spielwaren;Musikinstrumente;Streichinstrumente & Zubehör;Streichinstrumente Zubehör;Schulterstützen;;;
54411;Baby & Kind ;Spielwaren;Musikinstrumente;Streichinstrumente & Zubehör;Streichinstrumente Zubehör;Streichinstrumente-Taschen & -Koffer;;;
54421;Baby & Kind ;Spielwaren;Musikinstrumente;Streichinstrumente & Zubehör;Streichinstrumente Zubehör;Streichinstrument-Saiten;;;
53521;Baby & Kind ;Spielwaren;Musikinstrumente;Blasinstrumente & Zubehör;;;;;
53651;Baby & Kind ;Spielwaren;Musikinstrumente;Blasinstrumente & Zubehör;Blasinstrumente Zubehör;;;;
53641;Baby & Kind ;Spielwaren;Musikinstrumente;Blasinstrumente & Zubehör;Blasinstrumente;;;;
54451;Baby & Kind ;Spielwaren;Musikinstrumente;Blasinstrumente & Zubehör;Blasinstrumente;Blechblasinstrumente & Zubehör;;;
54521;Baby & Kind ;Spielwaren;Musikinstrumente;Blasinstrumente & Zubehör;Blasinstrumente;Blechblasinstrumente & Zubehör;Blechblasinstrumente-Zubehör;;
54551;Baby & Kind ;Spielwaren;Musikinstrumente;Blasinstrumente & Zubehör;Blasinstrumente;Blechblasinstrumente & Zubehör;Blechblasinstrumente-Zubehör;Blechblasinstrumente-Mundstücke;
54541;Baby & Kind ;Spielwaren;Musikinstrumente;Blasinstrumente & Zubehör;Blasinstrumente;Blechblasinstrumente & Zubehör;Blechblasinstrumente-Zubehör;Blechblasinstrumente-Taschen & -Koffer;
54531;Baby & Kind ;Spielwaren;Musikinstrumente;Blasinstrumente & Zubehör;Blasinstrumente;Blechblasinstrumente & Zubehör;Blechblasinstrumente-Zubehör;Dämpfer;
63541;Baby & Kind ;Spielwaren;Musikinstrumente;Blasinstrumente & Zubehör;Blasinstrumente;Blechblasinstrumente & Zubehör;Blechblasinstrumente-Zubehör;Marschgabeln;
54511;Baby & Kind ;Spielwaren;Musikinstrumente;Blasinstrumente & Zubehör;Blasinstrumente;Blechblasinstrumente & Zubehör;Blechblasinstrumente;;
54611;Baby & Kind ;Spielwaren;Musikinstrumente;Blasinstrumente & Zubehör;Blasinstrumente;Blechblasinstrumente & Zubehör;Blechblasinstrumente;Euphonien;
54621;Baby & Kind ;Spielwaren;Musikinstrumente;Blasinstrumente & Zubehör;Blasinstrumente;Blechblasinstrumente & Zubehör;Blechblasinstrumente;Flügelhörner;
54631;Baby & Kind ;Spielwaren;Musikinstrumente;Blasinstrumente & Zubehör;Blasinstrumente;Blechblasinstrumente & Zubehör;Blechblasinstrumente;Hörner;
54641;Baby & Kind ;Spielwaren;Musikinstrumente;Blasinstrumente & Zubehör;Blasinstrumente;Blechblasinstrumente & Zubehör;Blechblasinstrumente;Kornette;
54651;Baby & Kind ;Spielwaren;Musikinstrumente;Blasinstrumente & Zubehör;Blasinstrumente;Blechblasinstrumente & Zubehör;Blechblasinstrumente;Posaunen;
54661;Baby & Kind ;Spielwaren;Musikinstrumente;Blasinstrumente & Zubehör;Blasinstrumente;Blechblasinstrumente & Zubehör;Blechblasinstrumente;Trompeten;
54671;Baby & Kind ;Spielwaren;Musikinstrumente;Blasinstrumente & Zubehör;Blasinstrumente;Blechblasinstrumente & Zubehör;Blechblasinstrumente;Tuben;
54461;Baby & Kind ;Spielwaren;Musikinstrumente;Blasinstrumente & Zubehör;Blasinstrumente;Didgeridoos;;;
54501;Baby & Kind ;Spielwaren;Musikinstrumente;Blasinstrumente & Zubehör;Blasinstrumente;Mundharmonikas;;;
54491;Baby & Kind ;Spielwaren;Musikinstrumente;Blasinstrumente & Zubehör;Blasinstrumente;Melodicas;;;
54481;Baby & Kind ;Spielwaren;Musikinstrumente;Blasinstrumente & Zubehör;Blasinstrumente;Blasinstrumente-Sets;;;
54471;Baby & Kind ;Spielwaren;Musikinstrumente;Blasinstrumente & Zubehör;Blasinstrumente;Holzblasinstrumente & Zubehör;;;
54571;Baby & Kind ;Spielwaren;Musikinstrumente;Blasinstrumente & Zubehör;Blasinstrumente;Holzblasinstrumente & Zubehör;Holzblasinstrumente-Zubehör;;
54581;Baby & Kind ;Spielwaren;Musikinstrumente;Blasinstrumente & Zubehör;Blasinstrumente;Holzblasinstrumente & Zubehör;Holzblasinstrumente-Zubehör;Holzblasinstrumente-Blätter;
54601;Baby & Kind ;Spielwaren;Musikinstrumente;Blasinstrumente & Zubehör;Blasinstrumente;Holzblasinstrumente & Zubehör;Holzblasinstrumente-Zubehör;Holzblasinstrumente-Mundstücke;
54591;Baby & Kind ;Spielwaren;Musikinstrumente;Blasinstrumente & Zubehör;Blasinstrumente;Holzblasinstrumente & Zubehör;Holzblasinstrumente-Zubehör;Holzblasinstrumente-Taschen & -Koffer;
54561;Baby & Kind ;Spielwaren;Musikinstrumente;Blasinstrumente & Zubehör;Blasinstrumente;Holzblasinstrumente & Zubehör;Holzblasinstrumente;;
54681;Baby & Kind ;Spielwaren;Musikinstrumente;Blasinstrumente & Zubehör;Blasinstrumente;Holzblasinstrumente & Zubehör;Holzblasinstrumente;Blockflöten;
54691;Baby & Kind ;Spielwaren;Musikinstrumente;Blasinstrumente & Zubehör;Blasinstrumente;Holzblasinstrumente & Zubehör;Holzblasinstrumente;Fagotte;
54701;Baby & Kind ;Spielwaren;Musikinstrumente;Blasinstrumente & Zubehör;Blasinstrumente;Holzblasinstrumente & Zubehör;Holzblasinstrumente;Klarinetten;
54711;Baby & Kind ;Spielwaren;Musikinstrumente;Blasinstrumente & Zubehör;Blasinstrumente;Holzblasinstrumente & Zubehör;Holzblasinstrumente;Oboen;
54721;Baby & Kind ;Spielwaren;Musikinstrumente;Blasinstrumente & Zubehör;Blasinstrumente;Holzblasinstrumente & Zubehör;Holzblasinstrumente;Okarinas;
54731;Baby & Kind ;Spielwaren;Musikinstrumente;Blasinstrumente & Zubehör;Blasinstrumente;Holzblasinstrumente & Zubehör;Holzblasinstrumente;Panflöten;
54741;Baby & Kind ;Spielwaren;Musikinstrumente;Blasinstrumente & Zubehör;Blasinstrumente;Holzblasinstrumente & Zubehör;Holzblasinstrumente;Piccoloflöten;
54751;Baby & Kind ;Spielwaren;Musikinstrumente;Blasinstrumente & Zubehör;Blasinstrumente;Holzblasinstrumente & Zubehör;Holzblasinstrumente;Querflöten;
54761;Baby & Kind ;Spielwaren;Musikinstrumente;Blasinstrumente & Zubehör;Blasinstrumente;Holzblasinstrumente & Zubehör;Holzblasinstrumente;Saxophone;
55281;Baby & Kind ;Spielwaren;Outdoorspielzeuge;;;;;;
55251;Baby & Kind ;Spielwaren;Outdoorspielzeuge;;;;;;
55261;Baby & Kind ;Spielwaren;Outdoorspielzeuge;;;;;;
55271;Baby & Kind ;Spielwaren;Outdoorspielzeuge;;;;;;
55241;Baby & Kind ;Spielwaren;Outdoorspielzeuge;;;;;;
8521;Baby & Kind ;Spielwaren;Outdoorspielzeuge;;;;;;
55231;Baby & Kind ;Spielwaren;Outdoorspielzeuge;;;;;;
58021;Baby & Kind ;Spielwaren;Outdoorspielzeuge;Hüpfspielzeuge;;;;;
58051;Baby & Kind ;Spielwaren;Outdoorspielzeuge;Hüpfspielzeuge;Hüpftiere;;;;
58041;Baby & Kind ;Spielwaren;Outdoorspielzeuge;Hüpfspielzeuge;Hüpfburgen;;;;
58031;Baby & Kind ;Spielwaren;Outdoorspielzeuge;Hüpfspielzeuge;Hüpfbälle;;;;
9671;Baby & Kind ;Spielwaren;Outdoorspielzeuge;Seifenblasen;;;;;
66261;Baby & Kind ;Spielwaren;Outdoorspielzeuge;Kinderfahrzeug-Zubehör;;;;;
55211;Baby & Kind ;Spielwaren;Outdoorspielzeuge;Kinderfahrzeuge;;;;;
55221;Baby & Kind ;Spielwaren;Outdoorspielzeuge;Kinderfahrzeuge;;;;;
9631;Baby & Kind ;Spielwaren;Outdoorspielzeuge;Kinderfahrzeuge;;;;;
11801;Baby & Kind ;Spielwaren;Outdoorspielzeuge;Kinderfahrzeuge;Laufräder;;;;
11791;Baby & Kind ;Spielwaren;Outdoorspielzeuge;Kinderfahrzeuge;Elektrofahrzeuge;;;;
11811;Baby & Kind ;Spielwaren;Outdoorspielzeuge;Kinderfahrzeuge;Tretfahrzeuge;;;;
11771;Baby & Kind ;Spielwaren;Outdoorspielzeuge;Kinderfahrzeuge;Rutschautos;;;;
11781;Baby & Kind ;Spielwaren;Outdoorspielzeuge;Kinderfahrzeuge;Dreiräder;;;;
9651;Baby & Kind ;Spielwaren;Outdoorspielzeuge;Flug- & Lenkdrachen;;;;;
11871;Baby & Kind ;Spielwaren;Outdoorspielzeuge;Flug- & Lenkdrachen;Flugdrachen;;;;
12711;Baby & Kind ;Spielwaren;Outdoorspielzeuge;Flug- & Lenkdrachen;Lenkdrachen;;;;
57821;Baby & Kind ;Spielwaren;Outdoorspielzeuge;Hula-Hoop-Reifen;;;;;
57551;Baby & Kind ;Spielwaren;Outdoorspielzeuge;Sonstige Outdoorspielzeuge;;;;;
9661;Baby & Kind ;Spielwaren;Outdoorspielzeuge;Sandspielzeuge;;;;;
9681;Baby & Kind ;Spielwaren;Outdoorspielzeuge;Sportspiele;;;;;
67662;Baby & Kind ;Spielwaren;Outdoorspielzeuge;Sportspiele;;;;;
11931;Baby & Kind ;Spielwaren;Outdoorspielzeuge;Sportspiele;Spielbälle;;;;
58961;Baby & Kind ;Spielwaren;Outdoorspielzeuge;Sportspiele;Beachball-Sets;;;;
63861;Baby & Kind ;Spielwaren;Outdoorspielzeuge;Sportspiele;Bumerangs;;;;
56431;Baby & Kind ;Spielwaren;Outdoorspielzeuge;Sportspiele;Boule;;;;
66801;Baby & Kind ;Spielwaren;Outdoorspielzeuge;Sportspiele;Krocket;;;;
56531;Baby & Kind ;Spielwaren;Outdoorspielzeuge;Sportspiele;Frisbees;;;;
58691;Baby & Kind ;Spielwaren;Outdoorspielzeuge;Sportspiele;Sonstige Sportspiele;;;;
58731;Baby & Kind ;Spielwaren;Outdoorspielzeuge;Sportspiele;Wurfringe;;;;
11911;Baby & Kind ;Spielwaren;Outdoorspielzeuge;Sportspiele;Klettbälle;;;;
9691;Baby & Kind ;Spielwaren;Outdoorspielzeuge;Stelzen;;;;;
9701;Baby & Kind ;Spielwaren;Outdoorspielzeuge;Straßenkreide;;;;;
9711;Baby & Kind ;Spielwaren;Outdoorspielzeuge;Wasserpistolen;;;;;
9721;Baby & Kind ;Spielwaren;Outdoorspielzeuge;Wasserspielzeuge;;;;;
11951;Baby & Kind ;Spielwaren;Outdoorspielzeuge;Wasserspielzeuge;Wasserbälle;;;;
57691;Baby & Kind ;Spielwaren;Outdoorspielzeuge;Wasserspielzeuge;Sonstige Wasserspielzeuge;;;;
11971;Baby & Kind ;Spielwaren;Outdoorspielzeuge;Wasserspielzeuge;Schwimmreifen;;;;
11961;Baby & Kind ;Spielwaren;Outdoorspielzeuge;Wasserspielzeuge;Schwimmtiere;;;;
61291;Baby & Kind ;Spielwaren;Outdoorspielzeuge;Wasserspielzeuge;Wasserbahnen;;;;
10221;Baby & Kind ;Spielwaren;Playmobil;;;;;;
8541;Baby & Kind ;Spielwaren;Puzzles & Zubehör;;;;;;
9861;Baby & Kind ;Spielwaren;Puzzles & Zubehör;Puzzlematten;;;;;
42881;Baby & Kind ;Spielwaren;Puzzles & Zubehör;Puzzles;;;;;
9831;Baby & Kind ;Spielwaren;Puzzles & Zubehör;Puzzles;3D-Puzzles;;;;
9851;Baby & Kind ;Spielwaren;Puzzles & Zubehör;Puzzles;Klassische Puzzles;;;;
9871;Baby & Kind ;Spielwaren;Puzzles & Zubehör;Puzzles;Rahmenpuzzles;;;;
8441;Baby & Kind ;Spielwaren;Geschicklichkeitsspielzeuge;;;;;;
9241;Baby & Kind ;Spielwaren;Geschicklichkeitsspielzeuge;Flummis;;;;;
9221;Baby & Kind ;Spielwaren;Geschicklichkeitsspielzeuge;Diabolos;;;;;
69012;Baby & Kind ;Spielwaren;Geschicklichkeitsspielzeuge;Fidget Spinner;;;;;
9211;Baby & Kind ;Spielwaren;Geschicklichkeitsspielzeuge;Fingerboards;;;;;
9231;Baby & Kind ;Spielwaren;Geschicklichkeitsspielzeuge;Jonglierspielzeuge;;;;;
59821;Baby & Kind ;Spielwaren;Geschicklichkeitsspielzeuge;Sonstige Geschicklichkeitsspielzeuge;;;;;
9081;Baby & Kind ;Spielwaren;Geschicklichkeitsspielzeuge;Kreisel;;;;;
9201;Baby & Kind ;Spielwaren;Geschicklichkeitsspielzeuge;Jojos;;;;;
8561;Baby & Kind ;Spielwaren;Spielzeugfiguren;;;;;;
9911;Baby & Kind ;Spielwaren;Spielzeugfiguren;Actionfiguren;;;;;
9921;Baby & Kind ;Spielwaren;Spielzeugfiguren;Tierfiguren;;;;;
60261;Baby & Kind ;Spielwaren;Spielzeugfiguren;Marionetten;;;;;
45321;Baby & Kind ;Spielwaren;Spielzeugfiguren;Sonstige Spielzeugfiguren;;;;;
66371;Baby & Kind ;Spielwaren;Spielfahrzeuge-Zubehör;;;;;;
8551;Baby & Kind ;Spielwaren;Spielfahrzeuge;;;;;;
11;Körperpflege & Gesundheit;;;;;;;;
32731;Körperpflege & Gesundheit;Personenwaagen;;;;;;;
121;Körperpflege & Gesundheit;Kontaktlinsen & Kontaktlinsenzubehör;;;;;;;
761;Körperpflege & Gesundheit;Kontaktlinsen & Kontaktlinsenzubehör;Kontaktlinsen-Zubehör;;;;;;
42151;Körperpflege & Gesundheit;Kontaktlinsen & Kontaktlinsenzubehör;Kontaktlinsen-Zubehör;Kontaktlinsenbehälter;;;;;
42161;Körperpflege & Gesundheit;Kontaktlinsen & Kontaktlinsenzubehör;Kontaktlinsen-Zubehör;Kontaktlinsenflüssigkeit;;;;;
44891;Körperpflege & Gesundheit;Kontaktlinsen & Kontaktlinsenzubehör;Kontaktlinsen-Zubehör;Sonstiges Kontaktlinsenzubehör;;;;;
42091;Körperpflege & Gesundheit;Kontaktlinsen & Kontaktlinsenzubehör;Kontaktlinsen;;;;;;
42101;Körperpflege & Gesundheit;Kontaktlinsen & Kontaktlinsenzubehör;Kontaktlinsen;Farbige Kontaklinsen;;;;;
42131;Körperpflege & Gesundheit;Kontaktlinsen & Kontaktlinsenzubehör;Kontaktlinsen;Tageslinsen;;;;;
42121;Körperpflege & Gesundheit;Kontaktlinsen & Kontaktlinsenzubehör;Kontaktlinsen;Monatslinsen;;;;;
42141;Körperpflege & Gesundheit;Kontaktlinsen & Kontaktlinsenzubehör;Kontaktlinsen;Wochenlinsen;;;;;
42111;Körperpflege & Gesundheit;Kontaktlinsen & Kontaktlinsenzubehör;Kontaktlinsen;Jahreslinsen;;;;;
65831;Körperpflege & Gesundheit;Kosmetikaufbewahrung;;;;;;;
65851;Körperpflege & Gesundheit;Kosmetikaufbewahrung;;;;;;;
65861;Körperpflege & Gesundheit;Kosmetikaufbewahrung;;;;;;;
65841;Körperpflege & Gesundheit;Kosmetikaufbewahrung;Parfümzerstäuber;;;;;;
56221;Körperpflege & Gesundheit;Kosmetik;;;;;;;
56231;Körperpflege & Gesundheit;Kosmetik;;;;;;;
61;Körperpflege & Gesundheit;Kosmetik;;;;;;;
371;Körperpflege & Gesundheit;Kosmetik;Teint-Kosmetikprodukte;;;;;;
1921;Körperpflege & Gesundheit;Kosmetik;Teint-Kosmetikprodukte;Concealer;;;;;
1881;Körperpflege & Gesundheit;Kosmetik;Teint-Kosmetikprodukte;Foundation;;;;;
1901;Körperpflege & Gesundheit;Kosmetik;Teint-Kosmetikprodukte;Puder;;;;;
1911;Körperpflege & Gesundheit;Kosmetik;Teint-Kosmetikprodukte;Rouge;;;;;
381;Körperpflege & Gesundheit;Kosmetik;Augen-Make-Ups;;;;;;
1971;Körperpflege & Gesundheit;Kosmetik;Augen-Make-Ups;Augenbrauenstifte;;;;;
69673;Körperpflege & Gesundheit;Kosmetik;Augen-Make-Ups;Wimpernzangen;;;;;
1981;Körperpflege & Gesundheit;Kosmetik;Augen-Make-Ups;Eyeliner;;;;;
1991;Körperpflege & Gesundheit;Kosmetik;Augen-Make-Ups;Lidschatten;;;;;
2041;Körperpflege & Gesundheit;Kosmetik;Augen-Make-Ups;Falsche Wimpern;;;;;
2031;Körperpflege & Gesundheit;Kosmetik;Augen-Make-Ups;Kajalstifte;;;;;
2011;Körperpflege & Gesundheit;Kosmetik;Augen-Make-Ups;Mascaras;;;;;
361;Körperpflege & Gesundheit;Kosmetik;Lippen-Make-Ups;;;;;;
1281;Körperpflege & Gesundheit;Kosmetik;Lippen-Make-Ups;Lipglosse;;;;;
1301;Körperpflege & Gesundheit;Kosmetik;Lippen-Make-Ups;Lipliner;;;;;
1291;Körperpflege & Gesundheit;Kosmetik;Lippen-Make-Ups;Lippenstifte;;;;;
401;Körperpflege & Gesundheit;Kosmetik;Make-Up-Pinsel;;;;;;
411;Körperpflege & Gesundheit;Kosmetik;Make-Up-Entferner;;;;;;
391;Körperpflege & Gesundheit;Kosmetik;Schminksets;;;;;;
81;Körperpflege & Gesundheit;Zahnpflege;;;;;;;
581;Körperpflege & Gesundheit;Zahnpflege;Zahnseide;;;;;;
68928;Körperpflege & Gesundheit;Zahnpflege;Gebissreiniger;;;;;;
601;Körperpflege & Gesundheit;Zahnpflege;Haftcremes;;;;;;
69763;Körperpflege & Gesundheit;Zahnpflege;Interdentalbürsten;;;;;;
561;Körperpflege & Gesundheit;Zahnpflege;Mundspülungen;;;;;;
591;Körperpflege & Gesundheit;Zahnpflege;Zahnweiß;;;;;;
69855;Körperpflege & Gesundheit;Zahnpflege;Zungenschaber;;;;;;
571;Körperpflege & Gesundheit;Zahnpflege;Zahnputzbecher;;;;;;
61121;Körperpflege & Gesundheit;Zahnpflege;Zahnputzuhren;;;;;;
31571;Körperpflege & Gesundheit;Zahnpflege;Zahnbürsten;;;;;;
31711;Körperpflege & Gesundheit;Zahnpflege;Zahnbürsten;Elektrische Zahnbürsten;;;;;
31601;Körperpflege & Gesundheit;Zahnpflege;Zahnbürsten;Handzahnbürsten;;;;;
44831;Körperpflege & Gesundheit;Zahnpflege;Zahnbürsten;Zahnbürstenzubehör;;;;;
52581;Körperpflege & Gesundheit;Zahnpflege;Zahnbürsten;Zahnbürstenzubehör;Sonstiges Zahnbürstenzubehör;;;;
52571;Körperpflege & Gesundheit;Zahnpflege;Zahnbürsten;Zahnbürstenzubehör;Ersatzbürsten;;;;
551;Körperpflege & Gesundheit;Zahnpflege;Zahnpasten;;;;;;
59531;Körperpflege & Gesundheit;Zahnpflege;Zahnstocher;;;;;;
69418;Körperpflege & Gesundheit;Zahnpflege;Mundduschen;;;;;;
51;Körperpflege & Gesundheit;Haarpflege;;;;;;;
301;Körperpflege & Gesundheit;Haarpflege;Haarspülungen;;;;;;
69166;Körperpflege & Gesundheit;Haarpflege;Haarpflegegeräte;;;;;;
69164;Körperpflege & Gesundheit;Haarpflege;Haarpflegegeräte;;;;;;
31211;Körperpflege & Gesundheit;Haarpflege;Haarpflegegeräte;;;;;;
69165;Körperpflege & Gesundheit;Haarpflege;Haarpflegegeräte;;;;;;
31281;Körperpflege & Gesundheit;Haarpflege;Haarpflegegeräte;Lockenstäbe;;;;;
31301;Körperpflege & Gesundheit;Haarpflege;Haarpflegegeräte;Trockenhauben;;;;;
31231;Körperpflege & Gesundheit;Haarpflege;Haarpflegegeräte;Haartrockner;;;;;
31261;Körperpflege & Gesundheit;Haarpflege;Haarpflegegeräte;Glätteisen;;;;;
64031;Körperpflege & Gesundheit;Haarpflege;Haarpflegesets;;;;;;
281;Körperpflege & Gesundheit;Haarpflege;Haarkuren;;;;;;
341;Körperpflege & Gesundheit;Haarpflege;Haarfärbemittel;;;;;;
56191;Körperpflege & Gesundheit;Haarpflege;Haarfärbemittel;;;;;;
61341;Körperpflege & Gesundheit;Haarpflege;Haarfärbemittel;Wimpern- & Augenbrauenfarbe;;;;;
1231;Körperpflege & Gesundheit;Haarpflege;Haarfärbemittel;Haartönungen;;;;;
1221;Körperpflege & Gesundheit;Haarpflege;Haarfärbemittel;Colorationen;;;;;
1241;Körperpflege & Gesundheit;Haarpflege;Haarfärbemittel;Intensivtönungen;;;;;
321;Körperpflege & Gesundheit;Haarpflege;Haarmasken;;;;;;
57421;Körperpflege & Gesundheit;Haarpflege;Haaröle;;;;;;
261;Körperpflege & Gesundheit;Haarpflege;Haarseren;;;;;;
331;Körperpflege & Gesundheit;Haarpflege;Haarstylingprodukte;;;;;;
1181;Körperpflege & Gesundheit;Haarpflege;Haarstylingprodukte;Haargele;;;;;
1211;Körperpflege & Gesundheit;Haarpflege;Haarstylingprodukte;Schaumfestiger;;;;;
1191;Körperpflege & Gesundheit;Haarpflege;Haarstylingprodukte;Haarsprays;;;;;
1201;Körperpflege & Gesundheit;Haarpflege;Haarstylingprodukte;Haarwachse;;;;;
291;Körperpflege & Gesundheit;Haarpflege;Haarwasser;;;;;;
56211;Körperpflege & Gesundheit;Haarpflege;Frisierutensilien;;;;;;
351;Körperpflege & Gesundheit;Haarpflege;Frisierutensilien;;;;;;
56201;Körperpflege & Gesundheit;Haarpflege;Frisierutensilien;;;;;;
3421;Körperpflege & Gesundheit;Haarpflege;Frisierutensilien;Kämme;;;;;
1261;Körperpflege & Gesundheit;Haarpflege;Frisierutensilien;Lockenwickler;;;;;
56181;Körperpflege & Gesundheit;Haarpflege;Frisierutensilien;Färbepinsel;;;;;
29181;Körperpflege & Gesundheit;Haarpflege;Frisierutensilien;Haarscheren;;;;;
29201;Körperpflege & Gesundheit;Haarpflege;Frisierutensilien;Haarscheren;Bartscheren;;;;
29191;Körperpflege & Gesundheit;Haarpflege;Frisierutensilien;Haarscheren;Friseurscheren;;;;
29211;Körperpflege & Gesundheit;Haarpflege;Frisierutensilien;Haarscheren;Effilierscheren;;;;
3441;Körperpflege & Gesundheit;Haarpflege;Frisierutensilien;Haarbürsten;;;;;
1251;Körperpflege & Gesundheit;Haarpflege;Frisierutensilien;Friseurumhänge;;;;;
44821;Körperpflege & Gesundheit;Haarpflege;Frisierutensilien;Sonstige Frisierutensilien;;;;;
66141;Körperpflege & Gesundheit;Haarpflege;Föhn-Zubehör;;;;;;
271;Körperpflege & Gesundheit;Haarpflege;Haarbalsame;;;;;;
66421;Körperpflege & Gesundheit;Haarpflege;Sonstige Haarpflege;;;;;;
311;Körperpflege & Gesundheit;Haarpflege;Shampoos;;;;;;
53421;Körperpflege & Gesundheit;Wärmebehandlungen;;;;;;;
53431;Körperpflege & Gesundheit;Wärmebehandlungen;Heizdecken;;;;;;
69416;Körperpflege & Gesundheit;Wärmebehandlungen;Handwärmer;;;;;;
42931;Körperpflege & Gesundheit;Wärmebehandlungen;Wärmekissen;;;;;;
42921;Körperpflege & Gesundheit;Wärmebehandlungen;Wärmflaschen;;;;;;
101;Körperpflege & Gesundheit;Hygiene;;;;;;;
8251;Körperpflege & Gesundheit;Hygiene;Kondome;;;;;;
59591;Körperpflege & Gesundheit;Hygiene;Damenhygiene;;;;;;
69317;Körperpflege & Gesundheit;Hygiene;Damenhygiene;Menstruationstassen;;;;;
661;Körperpflege & Gesundheit;Hygiene;Damenhygiene;Slipeinlagen;;;;;
69723;Körperpflege & Gesundheit;Hygiene;Damenhygiene;Periodenunterwäsche;;;;;
66011;Körperpflege & Gesundheit;Hygiene;Damenhygiene;Hygienebeutel;;;;;
671;Körperpflege & Gesundheit;Hygiene;Damenhygiene;Binden;;;;;
651;Körperpflege & Gesundheit;Hygiene;Damenhygiene;Tampons;;;;;
59601;Körperpflege & Gesundheit;Hygiene;Inkontinenz;;;;;;
67141;Körperpflege & Gesundheit;Hygiene;Inkontinenz;Inkontinenzkondome;;;;;
59611;Körperpflege & Gesundheit;Hygiene;Inkontinenz;Inkontinenz-Windeln;;;;;
59621;Körperpflege & Gesundheit;Hygiene;Inkontinenz;Inkontinenzeinlagen;;;;;
59631;Körperpflege & Gesundheit;Hygiene;Inkontinenz;Urinbeutel;;;;;
8241;Körperpflege & Gesundheit;Hygiene;Gleitgele;;;;;;
67171;Körperpflege & Gesundheit;Hygiene;Sonstiges Hygienezubehör;;;;;;
69548;Körperpflege & Gesundheit;Massagegeräte;;;;;;;
69553;Körperpflege & Gesundheit;Massagegeräte;;;;;;;
69550;Körperpflege & Gesundheit;Massagegeräte;Akupressurmatten;;;;;;
69564;Körperpflege & Gesundheit;Massagegeräte;Fußmassagegeräte;;;;;;
69556;Körperpflege & Gesundheit;Massagegeräte;Fußsprudelbäder;;;;;;
69557;Körperpflege & Gesundheit;Massagegeräte;Handmassagegeräte;;;;;;
69555;Körperpflege & Gesundheit;Massagegeräte;Kopfmassagegeräte;;;;;;
69549;Körperpflege & Gesundheit;Massagegeräte;Massagepistolen;;;;;;
69554;Körperpflege & Gesundheit;Massagegeräte;Massageauflagen;;;;;;
69551;Körperpflege & Gesundheit;Massagegeräte;Massageliegen;;;;;;
53411;Körperpflege & Gesundheit;Massagegeräte;Sonstige Massagegeräte;;;;;;
69552;Körperpflege & Gesundheit;Massagegeräte;Nackenmassagegeräte;;;;;;
68342;Körperpflege & Gesundheit;Medizin & Erste Hilfe;;;;;;;
69374;Körperpflege & Gesundheit;Medizin & Erste Hilfe;Anatomische Modelle;;;;;;
68923;Körperpflege & Gesundheit;Medizin & Erste Hilfe;Alkoholtester;;;;;;
721;Körperpflege & Gesundheit;Medizin & Erste Hilfe;Desinfektionsmittel;;;;;;
751;Körperpflege & Gesundheit;Medizin & Erste Hilfe;Einweghandschuhe;;;;;;
711;Körperpflege & Gesundheit;Medizin & Erste Hilfe;Verbandskästen;;;;;;
60951;Körperpflege & Gesundheit;Medizin & Erste Hilfe;Erste-Hilfe-Sets;;;;;;
69543;Körperpflege & Gesundheit;Medizin & Erste Hilfe;Gynstühle;;;;;;
69786;Körperpflege & Gesundheit;Medizin & Erste Hilfe;Insektenstichheiler;;;;;;
69414;Körperpflege & Gesundheit;Medizin & Erste Hilfe;Antigen-Schnelltests (SARS-CoV-2);;;;;;
68362;Körperpflege & Gesundheit;Medizin & Erste Hilfe;Magnetfeldtherapie;;;;;;
67311;Körperpflege & Gesundheit;Medizin & Erste Hilfe;Medizinisches Zubehör;;;;;;
56271;Körperpflege & Gesundheit;Medizin & Erste Hilfe;Medizingeräte;;;;;;
741;Körperpflege & Gesundheit;Medizin & Erste Hilfe;Medizingeräte;;;;;;
2621;Körperpflege & Gesundheit;Medizin & Erste Hilfe;Medizingeräte;Blutzuckermessgeräte;;;;;
2601;Körperpflege & Gesundheit;Medizin & Erste Hilfe;Medizingeräte;Blutdruckmessgeräte;;;;;
2671;Körperpflege & Gesundheit;Medizin & Erste Hilfe;Medizingeräte;EKG-Geräte;;;;;
2651;Körperpflege & Gesundheit;Medizin & Erste Hilfe;Medizingeräte;Elektrostimulationsgeräte;;;;;
69426;Körperpflege & Gesundheit;Medizin & Erste Hilfe;Medizingeräte;Hörhilfen;;;;;
66871;Körperpflege & Gesundheit;Medizin & Erste Hilfe;Medizingeräte;Inhalatoren;;;;;
2631;Körperpflege & Gesundheit;Medizin & Erste Hilfe;Medizingeräte;Lichttherapiegeräte;;;;;
66881;Körperpflege & Gesundheit;Medizin & Erste Hilfe;Medizingeräte;Medizingeräte-Zubehör;;;;;
44871;Körperpflege & Gesundheit;Medizin & Erste Hilfe;Medizingeräte;Sonstige Medizingeräte;;;;;
69422;Körperpflege & Gesundheit;Medizin & Erste Hilfe;Medizingeräte;Pulsoximeter;;;;;
69325;Körperpflege & Gesundheit;Medizin & Erste Hilfe;Medizinische Schutzkleidung;;;;;;
68917;Körperpflege & Gesundheit;Medizin & Erste Hilfe;Medizinschränke;;;;;;
691;Körperpflege & Gesundheit;Medizin & Erste Hilfe;Medikamente;;;;;;
62631;Körperpflege & Gesundheit;Medizin & Erste Hilfe;Pillendosen;;;;;;
69436;Körperpflege & Gesundheit;Medizin & Erste Hilfe;Apothekerflaschen;;;;;;
66901;Körperpflege & Gesundheit;Medizin & Erste Hilfe;Schnelltests;;;;;;
59201;Körperpflege & Gesundheit;Medizin & Erste Hilfe;Rettungsdecken;;;;;;
69858;Körperpflege & Gesundheit;Medizin & Erste Hilfe;Stethoskope;;;;;;
731;Körperpflege & Gesundheit;Medizin & Erste Hilfe;Chirurgische Instrumente;;;;;;
44881;Körperpflege & Gesundheit;Medizin & Erste Hilfe;Chirurgische Instrumente;Sonstige chirurgische Instrumente;;;;;
2531;Körperpflege & Gesundheit;Medizin & Erste Hilfe;Chirurgische Instrumente;Skalpelle;;;;;
681;Körperpflege & Gesundheit;Medizin & Erste Hilfe;Spritzen;;;;;;
69541;Körperpflege & Gesundheit;Medizin & Erste Hilfe;Therapieliegen;;;;;;
69542;Körperpflege & Gesundheit;Medizin & Erste Hilfe;Therapiestühle;;;;;;
69738;Körperpflege & Gesundheit;Medizin & Erste Hilfe;Toilettenstühle;;;;;;
701;Körperpflege & Gesundheit;Medizin & Erste Hilfe;Verbandsmaterialien;;;;;;
69095;Körperpflege & Gesundheit;Medizin & Erste Hilfe;Verbandsmaterialien;;;;;;
2381;Körperpflege & Gesundheit;Medizin & Erste Hilfe;Verbandsmaterialien;Verbände;;;;;
2511;Körperpflege & Gesundheit;Medizin & Erste Hilfe;Verbandsmaterialien;Kompressen;;;;;
44861;Körperpflege & Gesundheit;Medizin & Erste Hilfe;Verbandsmaterialien;Sonstige Verbandsmaterialien;;;;;
2361;Körperpflege & Gesundheit;Medizin & Erste Hilfe;Verbandsmaterialien;Pflaster;;;;;
2391;Körperpflege & Gesundheit;Medizin & Erste Hilfe;Verbandsmaterialien;Wundreinigung;;;;;
71;Körperpflege & Gesundheit;Nagelpflege;;;;;;;
511;Körperpflege & Gesundheit;Nagelpflege;Nagelhautentferner;;;;;;
69696;Körperpflege & Gesundheit;Nagelpflege;Nagelhautzangen;;;;;;
59991;Körperpflege & Gesundheit;Nagelpflege;Nagellöser;;;;;;
461;Körperpflege & Gesundheit;Nagelpflege;Künstliche Fingernägel;;;;;;
56571;Körperpflege & Gesundheit;Nagelpflege;Nagelgele;;;;;;
431;Körperpflege & Gesundheit;Nagelpflege;Maniküre-Sets;;;;;;
59141;Körperpflege & Gesundheit;Nagelpflege;Nagelbürsten;;;;;;
69734;Körperpflege & Gesundheit;Nagelpflege;Nagelbuffer;;;;;;
521;Körperpflege & Gesundheit;Nagelpflege;Nagelknipser;;;;;;
541;Körperpflege & Gesundheit;Nagelpflege;Nagelfeilen;;;;;;
531;Körperpflege & Gesundheit;Nagelpflege;Nagelhärter;;;;;;
501;Körperpflege & Gesundheit;Nagelpflege;Nagelöle;;;;;;
471;Körperpflege & Gesundheit;Nagelpflege;Nagelstifte;;;;;;
441;Körperpflege & Gesundheit;Nagelpflege;Nagellackentferner;;;;;;
59981;Körperpflege & Gesundheit;Nagelpflege;Nagellackverdünner;;;;;;
421;Körperpflege & Gesundheit;Nagelpflege;Nagellacke;;;;;;
2151;Körperpflege & Gesundheit;Nagelpflege;Nagellacke;Unterlacke;;;;;
2211;Körperpflege & Gesundheit;Nagelpflege;Nagellacke;Farbige Nagellacke;;;;;
61821;Körperpflege & Gesundheit;Nagelpflege;Nagellacke;Pflegelacke;;;;;
2171;Körperpflege & Gesundheit;Nagelpflege;Nagellacke;Überlacke;;;;;
29101;Körperpflege & Gesundheit;Nagelpflege;Nagelscheren;;;;;;
481;Körperpflege & Gesundheit;Nagelpflege;Nageltattoos;;;;;;
69736;Körperpflege & Gesundheit;Nagelpflege;Sonstiges Nagelzubehör;;;;;;
491;Körperpflege & Gesundheit;Nagelpflege;Rillenfüller;;;;;;
21;Körperpflege & Gesundheit;Parfüms;;;;;;;
171;Körperpflege & Gesundheit;Parfüms;Eau de Cologne;;;;;;
141;Körperpflege & Gesundheit;Parfüms;Eau de Parfum;;;;;;
161;Körperpflege & Gesundheit;Parfüms;Eau de Soin;;;;;;
131;Körperpflege & Gesundheit;Parfüms;Eau de Toilette ;;;;;;
151;Körperpflege & Gesundheit;Parfüms;Parfüm-Geschenksets;;;;;;
91;Körperpflege & Gesundheit;Rasierer & Rasierzubehör;;;;;;;
31331;Körperpflege & Gesundheit;Rasierer & Rasierzubehör;Rasierer;;;;;;
31441;Körperpflege & Gesundheit;Rasierer & Rasierzubehör;Rasierer;Barttrimmer;;;;;
44851;Körperpflege & Gesundheit;Rasierer & Rasierzubehör;Rasierer;Elektrische Rasierer;;;;;
31421;Körperpflege & Gesundheit;Rasierer & Rasierzubehör;Rasierer;Epilierer;;;;;
31391;Körperpflege & Gesundheit;Rasierer & Rasierzubehör;Rasierer;Haarschneider;;;;;
31351;Körperpflege & Gesundheit;Rasierer & Rasierzubehör;Rasierer;Nasenhaartrimmer;;;;;
31401;Körperpflege & Gesundheit;Rasierer & Rasierzubehör;Rasierer;Rasiermesser;;;;;
69297;Körperpflege & Gesundheit;Rasierer & Rasierzubehör;Rasierer;Rasierhobel;;;;;
69296;Körperpflege & Gesundheit;Rasierer & Rasierzubehör;Rasierer;Nassrasierer;;;;;
42081;Körperpflege & Gesundheit;Rasierer & Rasierzubehör;Rasierzubehör;;;;;;
56261;Körperpflege & Gesundheit;Rasierer & Rasierzubehör;Rasierzubehör;;;;;;
56251;Körperpflege & Gesundheit;Rasierer & Rasierzubehör;Rasierzubehör;;;;;;
56241;Körperpflege & Gesundheit;Rasierer & Rasierzubehör;Rasierzubehör;;;;;;
58461;Körperpflege & Gesundheit;Rasierer & Rasierzubehör;Rasierzubehör;Sonstiges Rasierzubehör;;;;;
641;Körperpflege & Gesundheit;Rasierer & Rasierzubehör;Rasierzubehör;Ersatzklingen;;;;;
621;Körperpflege & Gesundheit;Rasierer & Rasierzubehör;Rasierzubehör;Scherblätter;;;;;
611;Körperpflege & Gesundheit;Rasierer & Rasierzubehör;Rasierzubehör;Scherköpfe;;;;;
631;Körperpflege & Gesundheit;Rasierer & Rasierzubehör;Rasierzubehör;Rasierpinsel;;;;;
41;Körperpflege & Gesundheit;Hautpflege;;;;;;;
251;Körperpflege & Gesundheit;Hautpflege;Babypflege;;;;;;
1151;Körperpflege & Gesundheit;Hautpflege;Babypflege;Babybodylotions;;;;;
1131;Körperpflege & Gesundheit;Hautpflege;Babypflege;Babycremes;;;;;
1161;Körperpflege & Gesundheit;Hautpflege;Babypflege;Babyöle;;;;;
1121;Körperpflege & Gesundheit;Hautpflege;Babypflege;Babypuder;;;;;
1141;Körperpflege & Gesundheit;Hautpflege;Babypflege;Babyshampoos;;;;;
1171;Körperpflege & Gesundheit;Hautpflege;Babypflege;Babyduschgele;;;;;
1111;Körperpflege & Gesundheit;Hautpflege;Babypflege;Babyfeuchttücher;;;;;
211;Körperpflege & Gesundheit;Hautpflege;Körperpflege;;;;;;
951;Körperpflege & Gesundheit;Hautpflege;Körperpflege;Anti-Cellulite-Cremes;;;;;
191;Körperpflege & Gesundheit;Hautpflege;Körperpflege;Antitranspirante;;;;;
1011;Körperpflege & Gesundheit;Hautpflege;Körperpflege;Badezusätze;;;;;
3221;Körperpflege & Gesundheit;Hautpflege;Körperpflege;Badezusätze;Badekugeln;;;;
3161;Körperpflege & Gesundheit;Hautpflege;Körperpflege;Badezusätze;Badekonfetti;;;;
3211;Körperpflege & Gesundheit;Hautpflege;Körperpflege;Badezusätze;Badeöle;;;;
3251;Körperpflege & Gesundheit;Hautpflege;Körperpflege;Badezusätze;Badesalze;;;;
3191;Körperpflege & Gesundheit;Hautpflege;Körperpflege;Badezusätze;Schaumbäder;;;;
991;Körperpflege & Gesundheit;Hautpflege;Körperpflege;Körperbutter;;;;;
911;Körperpflege & Gesundheit;Hautpflege;Körperpflege;Bodylotions;;;;;
931;Körperpflege & Gesundheit;Hautpflege;Körperpflege;Körperöle;;;;;
44811;Körperpflege & Gesundheit;Hautpflege;Körperpflege;Körperöle;Pflegeöle;;;;
3121;Körperpflege & Gesundheit;Hautpflege;Körperpflege;Körperöle;Massageöle;;;;
981;Körperpflege & Gesundheit;Hautpflege;Körperpflege;Körperpuder;;;;;
961;Körperpflege & Gesundheit;Hautpflege;Körperpflege;Körperpeelings;;;;;
181;Körperpflege & Gesundheit;Hautpflege;Körperpflege;Deodorants;;;;;
1021;Körperpflege & Gesundheit;Hautpflege;Körperpflege;Enthaarungsmittel;;;;;
56151;Körperpflege & Gesundheit;Hautpflege;Körperpflege;Enthaarungsmittel;;;;;
56171;Körperpflege & Gesundheit;Hautpflege;Körperpflege;Enthaarungsmittel;;;;;
69701;Körperpflege & Gesundheit;Hautpflege;Körperpflege;Enthaarungsmittel;;;;;
3281;Körperpflege & Gesundheit;Hautpflege;Körperpflege;Enthaarungsmittel;Kaltwachsstreifen;;;;
3261;Körperpflege & Gesundheit;Hautpflege;Körperpflege;Enthaarungsmittel;Enthaarungscremes;;;;
69702;Körperpflege & Gesundheit;Hautpflege;Körperpflege;Enthaarungsmittel;Sonstige Enthaarungsmittel;;;;
3331;Körperpflege & Gesundheit;Hautpflege;Körperpflege;Enthaarungsmittel;Zuckerpasten;;;;
3571;Körperpflege & Gesundheit;Hautpflege;Körperpflege;Enthaarungsmittel;Warmwachse;;;;
3351;Körperpflege & Gesundheit;Hautpflege;Körperpflege;Enthaarungsmittel;Damen-Rasierschäume;;;;
3371;Körperpflege & Gesundheit;Hautpflege;Körperpflege;Enthaarungsmittel;Damen-Rasiergele;;;;
69602;Körperpflege & Gesundheit;Hautpflege;Körperpflege;Ohrstöpsel;;;;;
1001;Körperpflege & Gesundheit;Hautpflege;Körperpflege;Intimpflege;;;;;
66791;Körperpflege & Gesundheit;Hautpflege;Körperpflege;Sonstige Körperpflege;;;;;
941;Körperpflege & Gesundheit;Hautpflege;Körperpflege;Feuchtigkeitscremes;;;;;
971;Körperpflege & Gesundheit;Hautpflege;Körperpflege;Selbstbräuner;;;;;
921;Körperpflege & Gesundheit;Hautpflege;Körperpflege;Duschgele;;;;;
241;Körperpflege & Gesundheit;Hautpflege;Körperpflege-Geschenksets;;;;;;
201;Körperpflege & Gesundheit;Hautpflege;Gesichtspflege;;;;;;
801;Körperpflege & Gesundheit;Hautpflege;Gesichtspflege;Anti-Aging-Cremes;;;;;
791;Körperpflege & Gesundheit;Hautpflege;Gesichtspflege;Reinigungsmilch;;;;;
901;Körperpflege & Gesundheit;Hautpflege;Gesichtspflege;Watte & Tücher;;;;;
3091;Körperpflege & Gesundheit;Hautpflege;Gesichtspflege;Watte & Tücher;Pflegetücher;;;;
3071;Körperpflege & Gesundheit;Hautpflege;Gesichtspflege;Watte & Tücher;Watte;;;;
3061;Körperpflege & Gesundheit;Hautpflege;Gesichtspflege;Watte & Tücher;Wattestäbchen;;;;
3041;Körperpflege & Gesundheit;Hautpflege;Gesichtspflege;Watte & Tücher;Wattepads;;;;
851;Körperpflege & Gesundheit;Hautpflege;Gesichtspflege;Tagescremes;;;;;
811;Körperpflege & Gesundheit;Hautpflege;Gesichtspflege;Augencremes;;;;;
871;Körperpflege & Gesundheit;Hautpflege;Gesichtspflege;Gesichtscremes;;;;;
841;Körperpflege & Gesundheit;Hautpflege;Gesichtspflege;Gesichtsmasken;;;;;
831;Körperpflege & Gesundheit;Hautpflege;Gesichtspflege;Gesichtsöle;;;;;
771;Körperpflege & Gesundheit;Hautpflege;Gesichtspflege;Gesichtspeelings;;;;;
881;Körperpflege & Gesundheit;Hautpflege;Gesichtspflege;Gesichtsselbstbräuner;;;;;
781;Körperpflege & Gesundheit;Hautpflege;Gesichtspflege;Gesichtswasser;;;;;
821;Körperpflege & Gesundheit;Hautpflege;Gesichtspflege;Lippenbalsame;;;;;
891;Körperpflege & Gesundheit;Hautpflege;Gesichtspflege;Herren-Pflegeprodukte;;;;;
56141;Körperpflege & Gesundheit;Hautpflege;Gesichtspflege;Herren-Pflegeprodukte;;;;;
69298;Körperpflege & Gesundheit;Hautpflege;Gesichtspflege;Herren-Pflegeprodukte;;;;;
3021;Körperpflege & Gesundheit;Hautpflege;Gesichtspflege;Herren-Pflegeprodukte;After Shave Balsam;;;;
2981;Körperpflege & Gesundheit;Hautpflege;Gesichtspflege;Herren-Pflegeprodukte;After Shaves;;;;
69769;Körperpflege & Gesundheit;Hautpflege;Gesichtspflege;Herren-Pflegeprodukte;Bartpflege;;;;
69771;Körperpflege & Gesundheit;Hautpflege;Gesichtspflege;Herren-Pflegeprodukte;Bartpflege;Bartbalsam;;;
69770;Körperpflege & Gesundheit;Hautpflege;Gesichtspflege;Herren-Pflegeprodukte;Bartpflege;Bartöle;;;
59421;Körperpflege & Gesundheit;Hautpflege;Gesichtspflege;Herren-Pflegeprodukte;Bartpflege;Bartwichse;;;
2991;Körperpflege & Gesundheit;Hautpflege;Gesichtspflege;Herren-Pflegeprodukte;Rasierschäume;;;;
3001;Körperpflege & Gesundheit;Hautpflege;Gesichtspflege;Herren-Pflegeprodukte;Rasiergele;;;;
69730;Körperpflege & Gesundheit;Hautpflege;Gesichtspflege;Mizellenwasser;;;;;
66851;Körperpflege & Gesundheit;Hautpflege;Gesichtspflege;Sonstige Gesichtspflege;;;;;
861;Körperpflege & Gesundheit;Hautpflege;Gesichtspflege;Nachtcremes;;;;;
69808;Körperpflege & Gesundheit;Hautpflege;Gesichtspflege;Porenreiniger;;;;;
69729;Körperpflege & Gesundheit;Hautpflege;Gesichtspflege;Seren;;;;;
2581;Körperpflege & Gesundheit;Hautpflege;Gesichtspflege;Pinzetten;;;;;
221;Körperpflege & Gesundheit;Hautpflege;Hand- und Fußpflege;;;;;;
69697;Körperpflege & Gesundheit;Hautpflege;Hand- und Fußpflege;Hornhautentferner;;;;;
1071;Körperpflege & Gesundheit;Hautpflege;Hand- und Fußpflege;Fußbäder;;;;;
69058;Körperpflege & Gesundheit;Hautpflege;Hand- und Fußpflege;Fußpflegestühle;;;;;
1041;Körperpflege & Gesundheit;Hautpflege;Hand- und Fußpflege;Fußcremes;;;;;
1051;Körperpflege & Gesundheit;Hautpflege;Hand- und Fußpflege;Fußpuder;;;;;
1061;Körperpflege & Gesundheit;Hautpflege;Hand- und Fußpflege;Fußpeelings;;;;;
1031;Körperpflege & Gesundheit;Hautpflege;Hand- und Fußpflege;Handcremes;;;;;
1081;Körperpflege & Gesundheit;Hautpflege;Hand- und Fußpflege;Seifen;;;;;
231;Körperpflege & Gesundheit;Hautpflege;Sonnenschutz;;;;;;
1101;Körperpflege & Gesundheit;Hautpflege;Sonnenschutz;After-Sun-Lotions;;;;;
1091;Körperpflege & Gesundheit;Hautpflege;Sonnenschutz;Sonnencremes;;;;;
69531;Körperpflege & Gesundheit;Schlafmasken;;;;;;;
59641;Körperpflege & Gesundheit;Hygienepapiere;;;;;;;
57431;Körperpflege & Gesundheit;Hygienepapiere;;;;;;;
69321;Körperpflege & Gesundheit;Hygienepapiere;Kosmetiktücher;;;;;;
57441;Körperpflege & Gesundheit;Hygienepapiere;Taschentücher;;;;;;
69768;Körperpflege & Gesundheit;Hygienepapiere;Küchenrolle;;;;;;
69459;Körperpflege & Gesundheit;Hygienepapiere;Feuchtes Toilettenpapier;;;;;;
57451;Körperpflege & Gesundheit;Hygienepapiere;Toilettenpapier;;;;;;
64141;Körperpflege & Gesundheit;Gehhilfen;;;;;;;
64151;Körperpflege & Gesundheit;Gehhilfen;Rollatoren;;;;;;
64161;Körperpflege & Gesundheit;Gehhilfen;Gehstöcke;;;;;;
69802;Körperpflege & Gesundheit;Gehhilfen;Rollstuhl-Zubehör;;;;;;
66601;Körperpflege & Gesundheit;Gehhilfen;Rollstühle;;;;;;
56091;Auto & Motorrad;;;;;;;;
16341;Auto & Motorrad;;;;;;;;
56081;Auto & Motorrad;KFZ-Zubehör;;;;;;;
16411;Auto & Motorrad;KFZ-Zubehör;;;;;;;
69215;Auto & Motorrad;KFZ-Zubehör;;;;;;;
56071;Auto & Motorrad;KFZ-Zubehör;;;;;;;
66061;Auto & Motorrad;KFZ-Zubehör;Auffahrrampen;;;;;;
19621;Auto & Motorrad;KFZ-Zubehör;Auto-Grundausstattungen;;;;;;
56061;Auto & Motorrad;KFZ-Zubehör;Auto-Grundausstattungen;;;;;;
56051;Auto & Motorrad;KFZ-Zubehör;Auto-Grundausstattungen;;;;;;
19811;Auto & Motorrad;KFZ-Zubehör;Auto-Grundausstattungen;Türschlossenteiser;;;;;
19841;Auto & Motorrad;KFZ-Zubehör;Auto-Grundausstattungen;Warnwesten;;;;;
19781;Auto & Motorrad;KFZ-Zubehör;Auto-Grundausstattungen;Eiskratzer;;;;;
19821;Auto & Motorrad;KFZ-Zubehör;Auto-Grundausstattungen;Wagenheber;;;;;
19801;Auto & Motorrad;KFZ-Zubehör;Auto-Grundausstattungen;Starthilfekabel;;;;;
59961;Auto & Motorrad;KFZ-Zubehör;Auto-Grundausstattungen;Parkscheiben;;;;;
19791;Auto & Motorrad;KFZ-Zubehör;Auto-Grundausstattungen;Reservekanister;;;;;
19771;Auto & Motorrad;KFZ-Zubehör;Auto-Grundausstattungen;Abschleppstangen;;;;;
19761;Auto & Motorrad;KFZ-Zubehör;Auto-Grundausstattungen;Abschleppseile;;;;;
19831;Auto & Motorrad;KFZ-Zubehör;Auto-Grundausstattungen;Warndreiecke;;;;;
19641;Auto & Motorrad;KFZ-Zubehör;Laderaumwannen;;;;;;
19631;Auto & Motorrad;KFZ-Zubehör;KFZ-Innenraumzubehör;;;;;;
64571;Auto & Motorrad;KFZ-Zubehör;KFZ-Innenraumzubehör;Antirutschmatten;;;;;
19851;Auto & Motorrad;KFZ-Zubehör;KFZ-Innenraumzubehör;Armlehnen;;;;;
19871;Auto & Motorrad;KFZ-Zubehör;KFZ-Innenraumzubehör;Gurtadapter;;;;;
62431;Auto & Motorrad;KFZ-Zubehör;KFZ-Innenraumzubehör;Kofferraumtaschen;;;;;
69447;Auto & Motorrad;KFZ-Zubehör;KFZ-Innenraumzubehör;Kofferraummatten;;;;;
62391;Auto & Motorrad;KFZ-Zubehör;KFZ-Innenraumzubehör;KFZ-Kopfstützen;;;;;
62381;Auto & Motorrad;KFZ-Zubehör;KFZ-Innenraumzubehör;KFZ-Halterungen;;;;;
19941;Auto & Motorrad;KFZ-Zubehör;KFZ-Innenraumzubehör;Trenngitter & -netze;;;;;
19911;Auto & Motorrad;KFZ-Zubehör;KFZ-Innenraumzubehör;Autositzbezüge;;;;;
56421;Auto & Motorrad;KFZ-Zubehör;KFZ-Innenraumzubehör;Autositze;;;;;
19931;Auto & Motorrad;KFZ-Zubehör;KFZ-Innenraumzubehör;Autosonnenschutz;;;;;
60391;Auto & Motorrad;KFZ-Zubehör;KFZ-Innenraumzubehör;Autoablagen;;;;;
19861;Auto & Motorrad;KFZ-Zubehör;KFZ-Innenraumzubehör;Autofußmatten;;;;;
63971;Auto & Motorrad;KFZ-Zubehör;KFZ-Innenraumzubehör;Kopfstützenhalterungen;;;;;
58501;Auto & Motorrad;KFZ-Zubehör;KFZ-Innenraumzubehör;Sonstiges Innenraumzubehör;;;;;
60341;Auto & Motorrad;KFZ-Zubehör;KFZ-Innenraumzubehör;Drehkonsolen;;;;;
19921;Auto & Motorrad;KFZ-Zubehör;KFZ-Innenraumzubehör;Sitzheizungen;;;;;
19901;Auto & Motorrad;KFZ-Zubehör;KFZ-Innenraumzubehör;Lenkradbezüge;;;;;
19891;Auto & Motorrad;KFZ-Zubehör;KFZ-Innenraumzubehör;Laderaumabdeckungen;;;;;
62081;Auto & Motorrad;KFZ-Zubehör;KFZ-Innenraumzubehör;Wertdepots;;;;;
19611;Auto & Motorrad;KFZ-Zubehör;KFZ-Gepäckträger & -boxen;;;;;;
19731;Auto & Motorrad;KFZ-Zubehör;KFZ-Gepäckträger & -boxen;Fahrradhalteraufsätze;;;;;
19741;Auto & Motorrad;KFZ-Zubehör;KFZ-Gepäckträger & -boxen;Fahrradheckträger;;;;;
19711;Auto & Motorrad;KFZ-Zubehör;KFZ-Gepäckträger & -boxen;Dachboxen;;;;;
19721;Auto & Motorrad;KFZ-Zubehör;KFZ-Gepäckträger & -boxen;Dachgepäck- & Grundträger;;;;;
19751;Auto & Motorrad;KFZ-Zubehör;KFZ-Gepäckträger & -boxen;Skihalteraufsätze;;;;;
69248;Auto & Motorrad;KFZ-Zubehör;Chiptuning;;;;;;
69454;Auto & Motorrad;KFZ-Zubehör;E-Mobilität;;;;;;
69457;Auto & Motorrad;KFZ-Zubehör;E-Mobilität;Ladekabel für E-Autos;;;;;
69455;Auto & Motorrad;KFZ-Zubehör;E-Mobilität;Wallboxen;;;;;
69458;Auto & Motorrad;KFZ-Zubehör;E-Mobilität;Sonstiges E-Auto Zubehör;;;;;
19651;Auto & Motorrad;KFZ-Zubehör;Kraftradkoffer & -gepäck;;;;;;
20001;Auto & Motorrad;KFZ-Zubehör;Kraftradkoffer & -gepäck;Trägersysteme;;;;;
19951;Auto & Motorrad;KFZ-Zubehör;Kraftradkoffer & -gepäck;Gepäckrollen;;;;;
65311;Auto & Motorrad;KFZ-Zubehör;Kraftradkoffer & -gepäck;Kraftradkoffer-Zubehör;;;;;
19961;Auto & Motorrad;KFZ-Zubehör;Kraftradkoffer & -gepäck;Satteltaschen;;;;;
19971;Auto & Motorrad;KFZ-Zubehör;Kraftradkoffer & -gepäck;Seitenkoffer;;;;;
19981;Auto & Motorrad;KFZ-Zubehör;Kraftradkoffer & -gepäck;Tankrucksäcke;;;;;
63711;Auto & Motorrad;KFZ-Zubehör;Kraftradkoffer & -gepäck;Top-Case Cover;;;;;
19991;Auto & Motorrad;KFZ-Zubehör;Kraftradkoffer & -gepäck;Top-Cases;;;;;
19661;Auto & Motorrad;KFZ-Zubehör;Schneeketten;;;;;;
60221;Auto & Motorrad;KFZ-Zubehör;Schneeschilder;;;;;;
19601;Auto & Motorrad;KFZ-Zubehör;Anhänger & Anhängerkupplungen;;;;;;
67371;Auto & Motorrad;KFZ-Zubehör;Anhänger & Anhängerkupplungen;Anhänger-Zubehör;;;;;
19681;Auto & Motorrad;KFZ-Zubehör;Anhänger & Anhängerkupplungen;Anhängerkupplungen;;;;;
19691;Auto & Motorrad;KFZ-Zubehör;Anhänger & Anhängerkupplungen;Anhänger-Elektrosätze;;;;;
19701;Auto & Motorrad;KFZ-Zubehör;Anhänger & Anhängerkupplungen;Anhänger;;;;;
19211;Auto & Motorrad;KFZ-Zubehör;Fahrzeugabdeckungen;;;;;;
19221;Auto & Motorrad;KFZ-Zubehör;Fahrzeugabdeckungen;Faltgaragen;;;;;
19251;Auto & Motorrad;KFZ-Zubehör;Fahrzeugabdeckungen;Halbgaragen;;;;;
60301;Auto & Motorrad;KFZ-Zubehör;Fahrzeugabdeckungen;Dachschutzplanen;;;;;
63661;Auto & Motorrad;KFZ-Zubehör;Fahrzeugabdeckungen;Radkastenabdeckungen;;;;;
19241;Auto & Motorrad;KFZ-Zubehör;Fahrzeugabdeckungen;Ganzgaragen;;;;;
19231;Auto & Motorrad;KFZ-Zubehör;Fahrzeugabdeckungen;Scheibenabdeckungen;;;;;
69496;Auto & Motorrad;KFZ-Zubehör;Unterlegkeile;;;;;;
16391;Auto & Motorrad;KFZ-Pflege & -Wartung;;;;;;;
18981;Auto & Motorrad;KFZ-Pflege & -Wartung;Karosseriepflege;;;;;;
69096;Auto & Motorrad;KFZ-Pflege & -Wartung;Karosseriepflege;;;;;;
19291;Auto & Motorrad;KFZ-Pflege & -Wartung;Karosseriepflege;Autolack-Härter;;;;;
19301;Auto & Motorrad;KFZ-Pflege & -Wartung;Karosseriepflege;Hohlraumversiegelungen;;;;;
70165;Auto & Motorrad;KFZ-Pflege & -Wartung;Karosseriepflege;Spachtelmasse für Autos;;;;;
19271;Auto & Motorrad;KFZ-Pflege & -Wartung;Karosseriepflege;Dichtmasse;;;;;
56021;Auto & Motorrad;KFZ-Pflege & -Wartung;KFZ-Außenreinigung  & -pflege;;;;;;
56011;Auto & Motorrad;KFZ-Pflege & -Wartung;KFZ-Außenreinigung  & -pflege;;;;;;
56001;Auto & Motorrad;KFZ-Pflege & -Wartung;KFZ-Außenreinigung  & -pflege;;;;;;
18961;Auto & Motorrad;KFZ-Pflege & -Wartung;KFZ-Außenreinigung  & -pflege;;;;;;
19011;Auto & Motorrad;KFZ-Pflege & -Wartung;KFZ-Außenreinigung  & -pflege;Bremsenreiniger;;;;;
19001;Auto & Motorrad;KFZ-Pflege & -Wartung;KFZ-Außenreinigung  & -pflege;Autoshampoos;;;;;
19181;Auto & Motorrad;KFZ-Pflege & -Wartung;KFZ-Außenreinigung  & -pflege;Autowaschbürsten;;;;;
19191;Auto & Motorrad;KFZ-Pflege & -Wartung;KFZ-Außenreinigung  & -pflege;Autowaschschwämme;;;;;
19121;Auto & Motorrad;KFZ-Pflege & -Wartung;KFZ-Außenreinigung  & -pflege;Reinigungsleder;;;;;
19051;Auto & Motorrad;KFZ-Pflege & -Wartung;KFZ-Außenreinigung  & -pflege;Insektenentferner;;;;;
62451;Auto & Motorrad;KFZ-Pflege & -Wartung;KFZ-Außenreinigung  & -pflege;Marderschutz;;;;;
19091;Auto & Motorrad;KFZ-Pflege & -Wartung;KFZ-Außenreinigung  & -pflege;Lackstifte;;;;;
19071;Auto & Motorrad;KFZ-Pflege & -Wartung;KFZ-Außenreinigung  & -pflege;Lackpolituren & Versiegelung;;;;;
19081;Auto & Motorrad;KFZ-Pflege & -Wartung;KFZ-Außenreinigung  & -pflege;Lackschutzfolien;;;;;
19021;Auto & Motorrad;KFZ-Pflege & -Wartung;KFZ-Außenreinigung  & -pflege;Farben & Autolacke;;;;;
19111;Auto & Motorrad;KFZ-Pflege & -Wartung;KFZ-Außenreinigung  & -pflege;Poliertücher;;;;;
19151;Auto & Motorrad;KFZ-Pflege & -Wartung;KFZ-Außenreinigung  & -pflege;Schleifpasten;;;;;
19101;Auto & Motorrad;KFZ-Pflege & -Wartung;KFZ-Außenreinigung  & -pflege;Polierschwämme;;;;;
19061;Auto & Motorrad;KFZ-Pflege & -Wartung;KFZ-Außenreinigung  & -pflege;Kühlerreiniger & -pflege;;;;;
19031;Auto & Motorrad;KFZ-Pflege & -Wartung;KFZ-Außenreinigung  & -pflege;Felgenreiniger;;;;;
19041;Auto & Motorrad;KFZ-Pflege & -Wartung;KFZ-Außenreinigung  & -pflege;Gummipflege;;;;;
19131;Auto & Motorrad;KFZ-Pflege & -Wartung;KFZ-Außenreinigung  & -pflege;Rostlöser;;;;;
19201;Auto & Motorrad;KFZ-Pflege & -Wartung;KFZ-Außenreinigung  & -pflege;Silikonentferner;;;;;
19161;Auto & Motorrad;KFZ-Pflege & -Wartung;KFZ-Außenreinigung  & -pflege;Teerentferner;;;;;
19171;Auto & Motorrad;KFZ-Pflege & -Wartung;KFZ-Außenreinigung  & -pflege;Unterbodenschutz;;;;;
19141;Auto & Motorrad;KFZ-Pflege & -Wartung;KFZ-Außenreinigung  & -pflege;Scheibenklar;;;;;
18971;Auto & Motorrad;KFZ-Pflege & -Wartung;KFZ-Innenraumreinigung & -pflege;;;;;;
56031;Auto & Motorrad;KFZ-Pflege & -Wartung;KFZ-Innenraumreinigung & -pflege;;;;;;
19261;Auto & Motorrad;KFZ-Pflege & -Wartung;KFZ-Innenraumreinigung & -pflege;Cockpitpflege;;;;;
45821;Auto & Motorrad;KFZ-Pflege & -Wartung;KFZ-Innenraumreinigung & -pflege;Sonstige KFZ-Innenraumpflege;;;;;
18991;Auto & Motorrad;KFZ-Pflege & -Wartung;Motorreinigung & -pflege;;;;;;
19391;Auto & Motorrad;KFZ-Pflege & -Wartung;Motorreinigung & -pflege;Additive;;;;;
19331;Auto & Motorrad;KFZ-Pflege & -Wartung;Motorreinigung & -pflege;Bremsflüssigkeiten;;;;;
19371;Auto & Motorrad;KFZ-Pflege & -Wartung;Motorreinigung & -pflege;Kontaktsprays;;;;;
19381;Auto & Motorrad;KFZ-Pflege & -Wartung;Motorreinigung & -pflege;Motoröle;;;;;
19401;Auto & Motorrad;KFZ-Pflege & -Wartung;Motorreinigung & -pflege;Motorschutzwachs;;;;;
19411;Auto & Motorrad;KFZ-Pflege & -Wartung;Motorreinigung & -pflege;Motorwäsche;;;;;
19351;Auto & Motorrad;KFZ-Pflege & -Wartung;Motorreinigung & -pflege;Getriebeöle;;;;;
19361;Auto & Motorrad;KFZ-Pflege & -Wartung;Motorreinigung & -pflege;Hydrauliköle;;;;;
62911;Auto & Motorrad;KFZ-Pflege & -Wartung;Motorreinigung & -pflege;Ölkannen;;;;;
19341;Auto & Motorrad;KFZ-Pflege & -Wartung;Motorreinigung & -pflege;Kühlerfrostschutz;;;;;
65671;Auto & Motorrad;KFZ-Pflege & -Wartung;Sonstige KFZ-Pflege;;;;;;
16371;Auto & Motorrad;Car-Hifi & Navigation;;;;;;;
52501;Auto & Motorrad;Car-Hifi & Navigation;;;;;;;
16651;Auto & Motorrad;Car-Hifi & Navigation;Auto-DVD-Player;;;;;;
55971;Auto & Motorrad;Car-Hifi & Navigation;Car-Hifi-Zubehör;;;;;;
16611;Auto & Motorrad;Car-Hifi & Navigation;Car-Hifi-Zubehör;;;;;;
55981;Auto & Motorrad;Car-Hifi & Navigation;Car-Hifi-Zubehör;;;;;;
52841;Auto & Motorrad;Car-Hifi & Navigation;Car-Hifi-Zubehör;;;;;;
52831;Auto & Motorrad;Car-Hifi & Navigation;Car-Hifi-Zubehör;;;;;;
16701;Auto & Motorrad;Car-Hifi & Navigation;Car-Hifi-Zubehör;CD-Aufbewahrungsboxen;;;;;
16761;Auto & Motorrad;Car-Hifi & Navigation;Car-Hifi-Zubehör;Kondensatoren & Equalizer;;;;;
43201;Auto & Motorrad;Car-Hifi & Navigation;Car-Hifi-Zubehör;Kondensatoren & Equalizer;Equalizer;;;;
16741;Auto & Motorrad;Car-Hifi & Navigation;Car-Hifi-Zubehör;Frequenzweichen;;;;;
16721;Auto & Motorrad;Car-Hifi & Navigation;Car-Hifi-Zubehör;Einbaurahmen & Radioblenden;;;;;
16711;Auto & Motorrad;Car-Hifi & Navigation;Car-Hifi-Zubehör;Entstörfilter;;;;;
16731;Auto & Motorrad;Car-Hifi & Navigation;Car-Hifi-Zubehör;Fahrzeugantennen;;;;;
16641;Auto & Motorrad;Car-Hifi & Navigation;Autoradios;;;;;;
16601;Auto & Motorrad;Car-Hifi & Navigation;Autolautsprecher;;;;;;
16681;Auto & Motorrad;Car-Hifi & Navigation;Autolautsprecher;KFZ-Soundboards;;;;;
16691;Auto & Motorrad;Car-Hifi & Navigation;Autolautsprecher;KFZ-Lautsprecher-Zubehör;;;;;
16661;Auto & Motorrad;Car-Hifi & Navigation;Autolautsprecher;KFZ-Lautsprecherboxen;;;;;
16671;Auto & Motorrad;Car-Hifi & Navigation;Autolautsprecher;KFZ-Subwoofer;;;;;
69506;Auto & Motorrad;Car-Hifi & Navigation;Autolautsprecher;KFZ Verstärker und Endstufen ;;;;;
56041;Auto & Motorrad;KFZ-Werkzeuge;;;;;;;
16401;Auto & Motorrad;KFZ-Werkzeuge;;;;;;;
19521;Auto & Motorrad;KFZ-Werkzeuge;Montageständer für Motorräder;;;;;;
19461;Auto & Motorrad;KFZ-Werkzeuge;Bremsenentlüfter;;;;;;
19471;Auto & Motorrad;KFZ-Werkzeuge;Bremskolbenrücksteller;;;;;;
63051;Auto & Motorrad;KFZ-Werkzeuge;Kreuzschlüssel;;;;;;
19431;Auto & Motorrad;KFZ-Werkzeuge;Ausbeulwerkzeuge;;;;;;
64561;Auto & Motorrad;KFZ-Werkzeuge;Diagnosegeräte;;;;;;
69859;Auto & Motorrad;KFZ-Werkzeuge;Endoskopkameras;;;;;;
19441;Auto & Motorrad;KFZ-Werkzeuge;Auspuffrohrweiter & -schneider;;;;;;
64261;Auto & Motorrad;KFZ-Werkzeuge;Abzieher;;;;;;
19451;Auto & Motorrad;KFZ-Werkzeuge;Falz- & Bördelwerkzeuge;;;;;;
19421;Auto & Motorrad;KFZ-Werkzeuge;Arretierwerkzeuge;;;;;;
19501;Auto & Motorrad;KFZ-Werkzeuge;Magnetheber;;;;;;
19511;Auto & Motorrad;KFZ-Werkzeuge;Magnetschalen;;;;;;
63851;Auto & Motorrad;KFZ-Werkzeuge;Sonstige KFZ-Werkzeuge;;;;;;
19551;Auto & Motorrad;KFZ-Werkzeuge;Ölfilterschlüssel & -spinnen;;;;;;
19531;Auto & Motorrad;KFZ-Werkzeuge;Ölabsaugpumpen;;;;;;
19541;Auto & Motorrad;KFZ-Werkzeuge;Ölauffangwannen;;;;;;
19571;Auto & Motorrad;KFZ-Werkzeuge;Scheibeneinbauwerkzeuge;;;;;;
19591;Auto & Motorrad;KFZ-Werkzeuge;Zündkerzenschlüssel;;;;;;
19481;Auto & Motorrad;KFZ-Werkzeuge;Federspanner;;;;;;
19491;Auto & Motorrad;KFZ-Werkzeuge;Gewindeschneider;;;;;;
19581;Auto & Motorrad;KFZ-Werkzeuge;Zahnriemenwerkzeuge;;;;;;
19561;Auto & Motorrad;KFZ-Werkzeuge;Reifenmontiereisen;;;;;;
65141;Auto & Motorrad;KFZ-Werkzeuge;Radmutternschlüssel;;;;;;
58631;Auto & Motorrad;Carports;;;;;;;
53271;Auto & Motorrad;Garagenzubehör;;;;;;;
16381;Auto & Motorrad;KFZ-Ersatzteile;;;;;;;
16871;Auto & Motorrad;KFZ-Ersatzteile;Bremsen;;;;;;
17681;Auto & Motorrad;KFZ-Ersatzteile;Bremsen;ABS-Steuergeräte;;;;;
17671;Auto & Motorrad;KFZ-Ersatzteile;Bremsen;ABS-Hydraulikblöcke;;;;;
17691;Auto & Motorrad;KFZ-Ersatzteile;Bremsen;Bremsankerplatten;;;;;
17761;Auto & Motorrad;KFZ-Ersatzteile;Bremsen;Bremskraftverstärker;;;;;
17861;Auto & Motorrad;KFZ-Ersatzteile;Bremsen;Bremszüge;;;;;
17791;Auto & Motorrad;KFZ-Ersatzteile;Bremsen;Bremssättel;;;;;
17801;Auto & Motorrad;KFZ-Ersatzteile;Bremsen;Bremsscheiben;;;;;
17821;Auto & Motorrad;KFZ-Ersatzteile;Bremsen;Bremstrommeln;;;;;
17731;Auto & Motorrad;KFZ-Ersatzteile;Bremsen;Bremsflüssigkeitsbehälter;;;;;
17811;Auto & Motorrad;KFZ-Ersatzteile;Bremsen;Bremsschläuche;;;;;
17741;Auto & Motorrad;KFZ-Ersatzteile;Bremsen;Bremsgestänge;;;;;
17721;Auto & Motorrad;KFZ-Ersatzteile;Bremsen;Bremsbeläge;;;;;
17771;Auto & Motorrad;KFZ-Ersatzteile;Bremsen;Bremspedale;;;;;
17781;Auto & Motorrad;KFZ-Ersatzteile;Bremsen;Bremspumpen;;;;;
17711;Auto & Motorrad;KFZ-Ersatzteile;Bremsen;Bremsbacken;;;;;
17701;Auto & Motorrad;KFZ-Ersatzteile;Bremsen;Bremsanlagen;;;;;
17751;Auto & Motorrad;KFZ-Ersatzteile;Bremsen;Bremsenkomplettsätze;;;;;
17831;Auto & Motorrad;KFZ-Ersatzteile;Bremsen;Handbremsseile;;;;;
17841;Auto & Motorrad;KFZ-Ersatzteile;Bremsen;Hauptbremszylinder;;;;;
17851;Auto & Motorrad;KFZ-Ersatzteile;Bremsen;Radbremszylinder;;;;;
16941;Auto & Motorrad;KFZ-Ersatzteile;KFZ-Klimaanlagen & Zubehör;;;;;;
18801;Auto & Motorrad;KFZ-Ersatzteile;KFZ-Klimaanlagen & Zubehör;Klimaanlagenfilter;;;;;
18781;Auto & Motorrad;KFZ-Ersatzteile;KFZ-Klimaanlagen & Zubehör;Klimakompressoren;;;;;
18791;Auto & Motorrad;KFZ-Ersatzteile;KFZ-Klimaanlagen & Zubehör;Klimakondensatoren;;;;;
69027;Auto & Motorrad;KFZ-Ersatzteile;KFZ-Klimaanlagen & Zubehör;KFZ-Klimaanlagen;;;;;
16911;Auto & Motorrad;KFZ-Ersatzteile;Karosserieteile;;;;;;
67001;Auto & Motorrad;KFZ-Ersatzteile;Karosserieteile;Haubenscharniere;;;;;
66921;Auto & Motorrad;KFZ-Ersatzteile;Karosserieteile;Stoßstangen & Zubehör;;;;;
66931;Auto & Motorrad;KFZ-Ersatzteile;Karosserieteile;Stoßstangen & Zubehör;Stoßstangenzubehör;;;;
68924;Auto & Motorrad;KFZ-Ersatzteile;Karosserieteile;Stoßstangen & Zubehör;Ladekantenschutz;;;;
66911;Auto & Motorrad;KFZ-Ersatzteile;Karosserieteile;Stoßstangen & Zubehör;Stoßstangen;;;;
18091;Auto & Motorrad;KFZ-Ersatzteile;Karosserieteile;KFZ-Abdeckungen;;;;;
18351;Auto & Motorrad;KFZ-Ersatzteile;Karosserieteile;KFZ-Türgriffe;;;;;
18341;Auto & Motorrad;KFZ-Ersatzteile;Karosserieteile;KFZ-Türen;;;;;
18111;Auto & Motorrad;KFZ-Ersatzteile;Karosserieteile;Autoembleme;;;;;
63321;Auto & Motorrad;KFZ-Ersatzteile;Karosserieteile;Sturzbügel;;;;;
18171;Auto & Motorrad;KFZ-Ersatzteile;Karosserieteile;Cupwings;;;;;
18311;Auto & Motorrad;KFZ-Ersatzteile;Karosserieteile;Schmutzfänger;;;;;
66981;Auto & Motorrad;KFZ-Ersatzteile;Karosserieteile;Außenspiegel & Zubehör;;;;;
66991;Auto & Motorrad;KFZ-Ersatzteile;Karosserieteile;Außenspiegel & Zubehör;Außenspiegelzubehör;;;;
18101;Auto & Motorrad;KFZ-Ersatzteile;Karosserieteile;Außenspiegel & Zubehör;Außenspiegel;;;;
18251;Auto & Motorrad;KFZ-Ersatzteile;Karosserieteile;Kotflügel;;;;;
18271;Auto & Motorrad;KFZ-Ersatzteile;Karosserieteile;Rahmenteile;;;;;
67301;Auto & Motorrad;KFZ-Ersatzteile;Karosserieteile;Sturzpads;;;;;
18131;Auto & Motorrad;KFZ-Ersatzteile;Karosserieteile;Frontschürzen;;;;;
55991;Auto & Motorrad;KFZ-Ersatzteile;Karosserieteile;Hardtops;;;;;
67521;Auto & Motorrad;KFZ-Ersatzteile;Karosserieteile;Scheinwerferblenden;;;;;
18151;Auto & Motorrad;KFZ-Ersatzteile;Karosserieteile;Haubenlifter;;;;;
18221;Auto & Motorrad;KFZ-Ersatzteile;Karosserieteile;Motorhaubenverlängerungen;;;;;
18261;Auto & Motorrad;KFZ-Ersatzteile;Karosserieteile;Motorhauben;;;;;
63211;Auto & Motorrad;KFZ-Ersatzteile;Karosserieteile;Fahrwerke;;;;;
18321;Auto & Motorrad;KFZ-Ersatzteile;Karosserieteile;Kennzeichenhalter;;;;;
18301;Auto & Motorrad;KFZ-Ersatzteile;Karosserieteile;Schlösser & Verriegelungen;;;;;
65751;Auto & Motorrad;KFZ-Ersatzteile;Karosserieteile;Sonstige Karosserieteile;;;;;
65611;Auto & Motorrad;KFZ-Ersatzteile;Karosserieteile;Motorrad-Griffe;;;;;
63571;Auto & Motorrad;KFZ-Ersatzteile;Karosserieteile;Kraftradständer;;;;;
67181;Auto & Motorrad;KFZ-Ersatzteile;Karosserieteile;Kraftrad-Verkleidungen;;;;;
66951;Auto & Motorrad;KFZ-Ersatzteile;Karosserieteile;Radschalen;;;;;
65761;Auto & Motorrad;KFZ-Ersatzteile;Karosserieteile;Schutzbügel;;;;;
18121;Auto & Motorrad;KFZ-Ersatzteile;Karosserieteile;Kühlergrills;;;;;
18161;Auto & Motorrad;KFZ-Ersatzteile;Karosserieteile;Heckschürzen;;;;;
18191;Auto & Motorrad;KFZ-Ersatzteile;Karosserieteile;Heckspoiler;;;;;
65571;Auto & Motorrad;KFZ-Ersatzteile;Karosserieteile;Dachhauben;;;;;
18231;Auto & Motorrad;KFZ-Ersatzteile;Karosserieteile;Seitenschweller;;;;;
18241;Auto & Motorrad;KFZ-Ersatzteile;Karosserieteile;Spoilerlippen;;;;;
18281;Auto & Motorrad;KFZ-Ersatzteile;Karosserieteile;Domstreben;;;;;
18291;Auto & Motorrad;KFZ-Ersatzteile;Karosserieteile;Schiebedächer;;;;;
61881;Auto & Motorrad;KFZ-Ersatzteile;Karosserieteile;Tankdeckel;;;;;
18331;Auto & Motorrad;KFZ-Ersatzteile;Karosserieteile;Tanks;;;;;
66971;Auto & Motorrad;KFZ-Ersatzteile;Karosserieteile;Radläufe;;;;;
18361;Auto & Motorrad;KFZ-Ersatzteile;Karosserieteile;Wind- & Regenabweiser;;;;;
66961;Auto & Motorrad;KFZ-Ersatzteile;Karosserieteile;Autoscheiben;;;;;
18371;Auto & Motorrad;KFZ-Ersatzteile;Karosserieteile;Windschilde;;;;;
16921;Auto & Motorrad;KFZ-Ersatzteile;KFZ-Ketten, Ritzel & Riemen;;;;;;
18461;Auto & Motorrad;KFZ-Ersatzteile;KFZ-Ketten, Ritzel & Riemen;Riemen & Riemenräder;;;;;
18441;Auto & Motorrad;KFZ-Ersatzteile;KFZ-Ketten, Ritzel & Riemen;KFZ-Kettenschutz;;;;;
18391;Auto & Motorrad;KFZ-Ersatzteile;KFZ-Ketten, Ritzel & Riemen;Kettenkästen;;;;;
18431;Auto & Motorrad;KFZ-Ersatzteile;KFZ-Ketten, Ritzel & Riemen;Kettenschläuche;;;;;
18421;Auto & Motorrad;KFZ-Ersatzteile;KFZ-Ketten, Ritzel & Riemen;Kettensätze;;;;;
18451;Auto & Motorrad;KFZ-Ersatzteile;KFZ-Ketten, Ritzel & Riemen;Kettenspanner;;;;;
18471;Auto & Motorrad;KFZ-Ersatzteile;KFZ-Ketten, Ritzel & Riemen;Schleifer & Führungen;;;;;
18381;Auto & Motorrad;KFZ-Ersatzteile;KFZ-Ketten, Ritzel & Riemen;Kraftradketten;;;;;
18411;Auto & Motorrad;KFZ-Ersatzteile;KFZ-Ketten, Ritzel & Riemen;Kettenradträger;;;;;
18401;Auto & Motorrad;KFZ-Ersatzteile;KFZ-Ketten, Ritzel & Riemen;Kettenräder;;;;;
16881;Auto & Motorrad;KFZ-Ersatzteile;KFZ-Cockpit & Instrumente;;;;;;
16801;Auto & Motorrad;KFZ-Ersatzteile;KFZ-Cockpit & Instrumente;Einbau-Navigationsgeräte;;;;;
59521;Auto & Motorrad;KFZ-Ersatzteile;KFZ-Cockpit & Instrumente;Zigarettenanzünder;;;;;
17871;Auto & Motorrad;KFZ-Ersatzteile;KFZ-Cockpit & Instrumente;Cockpits & Armaturen;;;;;
17931;Auto & Motorrad;KFZ-Ersatzteile;KFZ-Cockpit & Instrumente;Tankanzeigen;;;;;
17891;Auto & Motorrad;KFZ-Ersatzteile;KFZ-Cockpit & Instrumente;Instrumentenhalter;;;;;
58601;Auto & Motorrad;KFZ-Ersatzteile;KFZ-Cockpit & Instrumente;Sonstiges Cockpitzubehör;;;;;
17901;Auto & Motorrad;KFZ-Ersatzteile;KFZ-Cockpit & Instrumente;Öldruckanzeigen;;;;;
17911;Auto & Motorrad;KFZ-Ersatzteile;KFZ-Cockpit & Instrumente;Ölthermometer;;;;;
17921;Auto & Motorrad;KFZ-Ersatzteile;KFZ-Cockpit & Instrumente;Tachometer;;;;;
17881;Auto & Motorrad;KFZ-Ersatzteile;KFZ-Cockpit & Instrumente;Drehzahlmesser;;;;;
17941;Auto & Motorrad;KFZ-Ersatzteile;KFZ-Cockpit & Instrumente;Temperaturanzeigen;;;;;
17951;Auto & Motorrad;KFZ-Ersatzteile;KFZ-Cockpit & Instrumente;Voltmeter;;;;;
16931;Auto & Motorrad;KFZ-Ersatzteile;KFZ-Elektrik & -Elektronik;;;;;;
18611;Auto & Motorrad;KFZ-Ersatzteile;KFZ-Elektrik & -Elektronik;Lichtmaschinenregler;;;;;
18601;Auto & Motorrad;KFZ-Ersatzteile;KFZ-Elektrik & -Elektronik;Lichtmaschinen;;;;;
18661;Auto & Motorrad;KFZ-Ersatzteile;KFZ-Elektrik & -Elektronik;Standheizungen;;;;;
18521;Auto & Motorrad;KFZ-Ersatzteile;KFZ-Elektrik & -Elektronik;Bremslichtschalter;;;;;
18691;Auto & Motorrad;KFZ-Ersatzteile;KFZ-Elektrik & -Elektronik;Unterbrecherkontakte;;;;;
62361;Auto & Motorrad;KFZ-Ersatzteile;KFZ-Elektrik & -Elektronik;KFZ-Adapter;;;;;
18481;Auto & Motorrad;KFZ-Ersatzteile;KFZ-Elektrik & -Elektronik;KFZ-Alarmanlagen;;;;;
18501;Auto & Motorrad;KFZ-Ersatzteile;KFZ-Elektrik & -Elektronik;KFZ-Batterien;;;;;
66431;Auto & Motorrad;KFZ-Ersatzteile;KFZ-Elektrik & -Elektronik;KFZ-Batterieladegeräte;;;;;
59721;Auto & Motorrad;KFZ-Ersatzteile;KFZ-Elektrik & -Elektronik;KFZ-Ladekabel;;;;;
18571;Auto & Motorrad;KFZ-Ersatzteile;KFZ-Elektrik & -Elektronik;KFZ-Sicherungskästen;;;;;
18711;Auto & Motorrad;KFZ-Ersatzteile;KFZ-Elektrik & -Elektronik;KFZ-Zünd- & Glühanlagen;;;;;
69474;Auto & Motorrad;KFZ-Ersatzteile;KFZ-Elektrik & -Elektronik;KFZ-Zünd- & Glühanlagen;Glühkerzensteuergeräte;;;;
69473;Auto & Motorrad;KFZ-Ersatzteile;KFZ-Elektrik & -Elektronik;KFZ-Zünd- & Glühanlagen;Glühkerzen;;;;
18721;Auto & Motorrad;KFZ-Ersatzteile;KFZ-Elektrik & -Elektronik;KFZ-Zünd- & Glühanlagen;Zündboxen;;;;
18731;Auto & Motorrad;KFZ-Ersatzteile;KFZ-Elektrik & -Elektronik;KFZ-Zünd- & Glühanlagen;Zündkabel;;;;
18771;Auto & Motorrad;KFZ-Ersatzteile;KFZ-Elektrik & -Elektronik;KFZ-Zünd- & Glühanlagen;Zündspulen;;;;
18761;Auto & Motorrad;KFZ-Ersatzteile;KFZ-Elektrik & -Elektronik;KFZ-Zünd- & Glühanlagen;Zündschlösser;;;;
18741;Auto & Motorrad;KFZ-Ersatzteile;KFZ-Elektrik & -Elektronik;KFZ-Zünd- & Glühanlagen;Zündkerzen;;;;
18751;Auto & Motorrad;KFZ-Ersatzteile;KFZ-Elektrik & -Elektronik;KFZ-Zünd- & Glühanlagen;Zündplatten;;;;
18551;Auto & Motorrad;KFZ-Ersatzteile;KFZ-Elektrik & -Elektronik;KFZ-Gleichrichter;;;;;
62371;Auto & Motorrad;KFZ-Ersatzteile;KFZ-Elektrik & -Elektronik;KFZ-Fernbedienungen;;;;;
18561;Auto & Motorrad;KFZ-Ersatzteile;KFZ-Elektrik & -Elektronik;KFZ-Schalter;;;;;
18701;Auto & Motorrad;KFZ-Ersatzteile;KFZ-Elektrik & -Elektronik;Zentralverriegelungen;;;;;
18671;Auto & Motorrad;KFZ-Ersatzteile;KFZ-Elektrik & -Elektronik;Steuergeräte;;;;;
18681;Auto & Motorrad;KFZ-Ersatzteile;KFZ-Elektrik & -Elektronik;Tempomaten;;;;;
18511;Auto & Motorrad;KFZ-Ersatzteile;KFZ-Elektrik & -Elektronik;Blinkrelais;;;;;
18591;Auto & Motorrad;KFZ-Ersatzteile;KFZ-Elektrik & -Elektronik;Lenkerschalter;;;;;
18541;Auto & Motorrad;KFZ-Ersatzteile;KFZ-Elektrik & -Elektronik;Hupen;;;;;
18631;Auto & Motorrad;KFZ-Ersatzteile;KFZ-Elektrik & -Elektronik;Polräder;;;;;
18621;Auto & Motorrad;KFZ-Ersatzteile;KFZ-Elektrik & -Elektronik;Magnetschalter;;;;;
59741;Auto & Motorrad;KFZ-Ersatzteile;KFZ-Elektrik & -Elektronik;Sonstige KFZ-Elektrik & -Elektronik;;;;;
18641;Auto & Motorrad;KFZ-Ersatzteile;KFZ-Elektrik & -Elektronik;Relais;;;;;
18651;Auto & Motorrad;KFZ-Ersatzteile;KFZ-Elektrik & -Elektronik;Rückfahrwarner & Einparkhilfen;;;;;
18531;Auto & Motorrad;KFZ-Ersatzteile;KFZ-Elektrik & -Elektronik;Drehzahlbegrenzer;;;;;
61641;Auto & Motorrad;KFZ-Ersatzteile;KFZ-Elektrik & -Elektronik;Tachowellen;;;;;
18491;Auto & Motorrad;KFZ-Ersatzteile;KFZ-Elektrik & -Elektronik;Anlasser;;;;;
18581;Auto & Motorrad;KFZ-Ersatzteile;KFZ-Elektrik & -Elektronik;Kabelbäume;;;;;
16901;Auto & Motorrad;KFZ-Ersatzteile;KFZ-Innenraumteile;;;;;;
18011;Auto & Motorrad;KFZ-Ersatzteile;KFZ-Innenraumteile;KFZ-Fensterteile;;;;;
18051;Auto & Motorrad;KFZ-Ersatzteile;KFZ-Innenraumteile;Schaltknäufe;;;;;
18071;Auto & Motorrad;KFZ-Ersatzteile;KFZ-Innenraumteile;Innenspiegel;;;;;
18031;Auto & Motorrad;KFZ-Ersatzteile;KFZ-Innenraumteile;Lenkräder;;;;;
18041;Auto & Motorrad;KFZ-Ersatzteile;KFZ-Innenraumteile;Schalter fürs Auto;;;;;
16951;Auto & Motorrad;KFZ-Ersatzteile;KFZ-Lenkungen & Achsaufhängungen;;;;;;
18811;Auto & Motorrad;KFZ-Ersatzteile;KFZ-Lenkungen & Achsaufhängungen;Achsaufhängungsteile;;;;;
65561;Auto & Motorrad;KFZ-Ersatzteile;KFZ-Lenkungen & Achsaufhängungen;Kraftrad-Steuersätze;;;;;
18821;Auto & Motorrad;KFZ-Ersatzteile;KFZ-Lenkungen & Achsaufhängungen;Lenkungsteile;;;;;
18831;Auto & Motorrad;KFZ-Ersatzteile;KFZ-Lenkungen & Achsaufhängungen;Lenker;;;;;
16851;Auto & Motorrad;KFZ-Ersatzteile;KFZ-Aufkleber, Folien & Zierleisten;;;;;;
17511;Auto & Motorrad;KFZ-Ersatzteile;KFZ-Aufkleber, Folien & Zierleisten;Autoaufkleber;;;;;
17551;Auto & Motorrad;KFZ-Ersatzteile;KFZ-Aufkleber, Folien & Zierleisten;Chromanbauteile;;;;;
17541;Auto & Motorrad;KFZ-Ersatzteile;KFZ-Aufkleber, Folien & Zierleisten;Einstiegsleisten;;;;;
17521;Auto & Motorrad;KFZ-Ersatzteile;KFZ-Aufkleber, Folien & Zierleisten;Tönungsfolien;;;;;
17531;Auto & Motorrad;KFZ-Ersatzteile;KFZ-Aufkleber, Folien & Zierleisten;Zierleisten;;;;;
16891;Auto & Motorrad;KFZ-Ersatzteile;KFZ-Federungen & Dämpfungen;;;;;;
17971;Auto & Motorrad;KFZ-Ersatzteile;KFZ-Federungen & Dämpfungen;KFZ-Federn;;;;;
17961;Auto & Motorrad;KFZ-Ersatzteile;KFZ-Federungen & Dämpfungen;Dom- & Federbeinlager;;;;;
17981;Auto & Motorrad;KFZ-Ersatzteile;KFZ-Federungen & Dämpfungen;Federbeine & Stoßdämpfer;;;;;
16841;Auto & Motorrad;KFZ-Ersatzteile;Antrieb, Motoren & Getriebe;;;;;;
17101;Auto & Motorrad;KFZ-Ersatzteile;Antrieb, Motoren & Getriebe;Luft- & Kraftstoffversorgung;;;;;
17411;Auto & Motorrad;KFZ-Ersatzteile;Antrieb, Motoren & Getriebe;Luft- & Kraftstoffversorgung;Luftfilterkästen;;;;
17421;Auto & Motorrad;KFZ-Ersatzteile;Antrieb, Motoren & Getriebe;Luft- & Kraftstoffversorgung;Luftmassen- & Luftklappenmesser;;;;
17451;Auto & Motorrad;KFZ-Ersatzteile;Antrieb, Motoren & Getriebe;Luft- & Kraftstoffversorgung;Vergaserflansch;;;;
17441;Auto & Motorrad;KFZ-Ersatzteile;Antrieb, Motoren & Getriebe;Luft- & Kraftstoffversorgung;Vergaser;;;;
17401;Auto & Motorrad;KFZ-Ersatzteile;Antrieb, Motoren & Getriebe;Luft- & Kraftstoffversorgung;Kraftstoffstandgeber;;;;
17381;Auto & Motorrad;KFZ-Ersatzteile;Antrieb, Motoren & Getriebe;Luft- & Kraftstoffversorgung;Kraftstoffleitungen;;;;
17391;Auto & Motorrad;KFZ-Ersatzteile;Antrieb, Motoren & Getriebe;Luft- & Kraftstoffversorgung;Kraftstoffpumpen;;;;
17431;Auto & Motorrad;KFZ-Ersatzteile;Antrieb, Motoren & Getriebe;Luft- & Kraftstoffversorgung;Kraftstofftanks;;;;
17371;Auto & Motorrad;KFZ-Ersatzteile;Antrieb, Motoren & Getriebe;Luft- & Kraftstoffversorgung;Kraftstoffhähne;;;;
17351;Auto & Motorrad;KFZ-Ersatzteile;Antrieb, Motoren & Getriebe;Luft- & Kraftstoffversorgung;Einspritzanlagen & -pumpen;;;;
17361;Auto & Motorrad;KFZ-Ersatzteile;Antrieb, Motoren & Getriebe;Luft- & Kraftstoffversorgung;Gaszüge & -gestänge;;;;
17341;Auto & Motorrad;KFZ-Ersatzteile;Antrieb, Motoren & Getriebe;Luft- & Kraftstoffversorgung;Drosselklappen;;;;
17071;Auto & Motorrad;KFZ-Ersatzteile;Antrieb, Motoren & Getriebe;KFZ-Kühlungen;;;;;
17251;Auto & Motorrad;KFZ-Ersatzteile;Antrieb, Motoren & Getriebe;KFZ-Kühlungen;KFZ-Thermostate;;;;
17271;Auto & Motorrad;KFZ-Ersatzteile;Antrieb, Motoren & Getriebe;KFZ-Kühlungen;KFZ-Wasserpumpen;;;;
17211;Auto & Motorrad;KFZ-Ersatzteile;Antrieb, Motoren & Getriebe;KFZ-Kühlungen;Kühlwasserschläuche;;;;
17221;Auto & Motorrad;KFZ-Ersatzteile;Antrieb, Motoren & Getriebe;KFZ-Kühlungen;Kühlwassertanks;;;;
17231;Auto & Motorrad;KFZ-Ersatzteile;Antrieb, Motoren & Getriebe;KFZ-Kühlungen;Lüfter- & Gebläsemotoren;;;;
17201;Auto & Motorrad;KFZ-Ersatzteile;Antrieb, Motoren & Getriebe;KFZ-Kühlungen;Wärmetauscher;;;;
17241;Auto & Motorrad;KFZ-Ersatzteile;Antrieb, Motoren & Getriebe;KFZ-Kühlungen;Ölkühler;;;;
17261;Auto & Motorrad;KFZ-Ersatzteile;Antrieb, Motoren & Getriebe;KFZ-Kühlungen;Wasserkühler;;;;
17061;Auto & Motorrad;KFZ-Ersatzteile;Antrieb, Motoren & Getriebe;KFZ-Filter;;;;;
17181;Auto & Motorrad;KFZ-Ersatzteile;Antrieb, Motoren & Getriebe;KFZ-Filter;Luftfilter;;;;
17161;Auto & Motorrad;KFZ-Ersatzteile;Antrieb, Motoren & Getriebe;KFZ-Filter;Innenraumfilter;;;;
17171;Auto & Motorrad;KFZ-Ersatzteile;Antrieb, Motoren & Getriebe;KFZ-Filter;Kraftstofffilter;;;;
17191;Auto & Motorrad;KFZ-Ersatzteile;Antrieb, Motoren & Getriebe;KFZ-Filter;Ölfilter;;;;
17051;Auto & Motorrad;KFZ-Ersatzteile;Antrieb, Motoren & Getriebe;KFZ-Dichtungen;;;;;
17011;Auto & Motorrad;KFZ-Ersatzteile;Antrieb, Motoren & Getriebe;Chokezüge;;;;;
17081;Auto & Motorrad;KFZ-Ersatzteile;Antrieb, Motoren & Getriebe;Kupplungen;;;;;
17311;Auto & Motorrad;KFZ-Ersatzteile;Antrieb, Motoren & Getriebe;Kupplungen;Kupplungszüge & -seile;;;;
17321;Auto & Motorrad;KFZ-Ersatzteile;Antrieb, Motoren & Getriebe;Kupplungen;Kupplungszylinder;;;;
17301;Auto & Motorrad;KFZ-Ersatzteile;Antrieb, Motoren & Getriebe;Kupplungen;Kupplungsscheiben;;;;
17291;Auto & Motorrad;KFZ-Ersatzteile;Antrieb, Motoren & Getriebe;Kupplungen;Kupplungssätze;;;;
67081;Auto & Motorrad;KFZ-Ersatzteile;Antrieb, Motoren & Getriebe;Kupplungen;Kupplungshebel;;;;
17281;Auto & Motorrad;KFZ-Ersatzteile;Antrieb, Motoren & Getriebe;Kupplungen;Kupplungsdruckplatten;;;;
17331;Auto & Motorrad;KFZ-Ersatzteile;Antrieb, Motoren & Getriebe;Kupplungen;Schwungscheiben;;;;
17091;Auto & Motorrad;KFZ-Ersatzteile;Antrieb, Motoren & Getriebe;Kurbelwellen;;;;;
17121;Auto & Motorrad;KFZ-Ersatzteile;Antrieb, Motoren & Getriebe;Zylinder;;;;;
17481;Auto & Motorrad;KFZ-Ersatzteile;Antrieb, Motoren & Getriebe;Zylinder;Nockenwellen;;;;
17501;Auto & Motorrad;KFZ-Ersatzteile;Antrieb, Motoren & Getriebe;Zylinder;Zylinderköpfe;;;;
17461;Auto & Motorrad;KFZ-Ersatzteile;Antrieb, Motoren & Getriebe;Zylinder;Hydro- & Ventilstößel;;;;
17471;Auto & Motorrad;KFZ-Ersatzteile;Antrieb, Motoren & Getriebe;Zylinder;Kipphebel;;;;
17491;Auto & Motorrad;KFZ-Ersatzteile;Antrieb, Motoren & Getriebe;Zylinder;Ventile & Ventildeckel;;;;
43281;Auto & Motorrad;KFZ-Ersatzteile;Antrieb, Motoren & Getriebe;Zylinder;Ventile & Ventildeckel;Ventildeckel;;;
43271;Auto & Motorrad;KFZ-Ersatzteile;Antrieb, Motoren & Getriebe;Zylinder;Ventile & Ventildeckel;Ventile;;;
16981;Auto & Motorrad;KFZ-Ersatzteile;Antrieb, Motoren & Getriebe;Ansaugbrücken;;;;;
16991;Auto & Motorrad;KFZ-Ersatzteile;Antrieb, Motoren & Getriebe;Austauschmotoren;;;;;
17021;Auto & Motorrad;KFZ-Ersatzteile;Antrieb, Motoren & Getriebe;Drosselkits;;;;;
17031;Auto & Motorrad;KFZ-Ersatzteile;Antrieb, Motoren & Getriebe;Getriebe;;;;;
17111;Auto & Motorrad;KFZ-Ersatzteile;Antrieb, Motoren & Getriebe;Turbolader;;;;;
17041;Auto & Motorrad;KFZ-Ersatzteile;Antrieb, Motoren & Getriebe;Keil- & Zahnriemen;;;;;
43241;Auto & Motorrad;KFZ-Ersatzteile;Antrieb, Motoren & Getriebe;Keil- & Zahnriemen;Umlenkrollen;;;;
43231;Auto & Motorrad;KFZ-Ersatzteile;Antrieb, Motoren & Getriebe;Keil- & Zahnriemen;Spannrollen;;;;
17131;Auto & Motorrad;KFZ-Ersatzteile;Antrieb, Motoren & Getriebe;Keil- & Zahnriemen;Zahnriemen;;;;
17141;Auto & Motorrad;KFZ-Ersatzteile;Antrieb, Motoren & Getriebe;Keil- & Zahnriemen;Keil- & Keilrippenriemen;;;;
16861;Auto & Motorrad;KFZ-Ersatzteile;Auspuffanlagen;;;;;;
17601;Auto & Motorrad;KFZ-Ersatzteile;Auspuffanlagen;Katalysatoren;;;;;
17631;Auto & Motorrad;KFZ-Ersatzteile;Auspuffanlagen;Mittelschalldämpfer;;;;;
17611;Auto & Motorrad;KFZ-Ersatzteile;Auspuffanlagen;Auspuff-Komplettanlagen;;;;;
69476;Auto & Motorrad;KFZ-Ersatzteile;Auspuffanlagen;AGR-Ventile;;;;;
17581;Auto & Motorrad;KFZ-Ersatzteile;Auspuffanlagen;End- & Nachschalldämpfer;;;;;
17641;Auto & Motorrad;KFZ-Ersatzteile;Auspuffanlagen;Auspuffmontagezubehör;;;;;
17561;Auto & Motorrad;KFZ-Ersatzteile;Auspuffanlagen;Abgaskrümmer;;;;;
17571;Auto & Motorrad;KFZ-Ersatzteile;Auspuffanlagen;Zwischenrohre;;;;;
17621;Auto & Motorrad;KFZ-Ersatzteile;Auspuffanlagen;Lambdasonden;;;;;
17651;Auto & Motorrad;KFZ-Ersatzteile;Auspuffanlagen;Vorschalldämpfer;;;;;
17661;Auto & Motorrad;KFZ-Ersatzteile;Auspuffanlagen;Endrohre;;;;;
17591;Auto & Motorrad;KFZ-Ersatzteile;Auspuffanlagen;Hosen- & Vorderrohre;;;;;
68752;Auto & Motorrad;KFZ-Ersatzteile;Kart Ausrüstung;;;;;;
68898;Auto & Motorrad;KFZ-Ersatzteile;Kart Ausrüstung;Kart Bremsen;;;;;
68762;Auto & Motorrad;KFZ-Ersatzteile;Kart Ausrüstung;Kart Ersatzteile;;;;;
65781;Auto & Motorrad;KFZ-Ersatzteile;Sonstige KFZ-Ersatzteile;;;;;;
16961;Auto & Motorrad;KFZ-Ersatzteile;Fahrzeugbeleuchtung;;;;;;
18921;Auto & Motorrad;KFZ-Ersatzteile;Fahrzeugbeleuchtung;Zusatzscheinwerfer;;;;;
18881;Auto & Motorrad;KFZ-Ersatzteile;Fahrzeugbeleuchtung;KFZ-Leuchtmittel;;;;;
18891;Auto & Motorrad;KFZ-Ersatzteile;Fahrzeugbeleuchtung;Nebelscheinwerfer;;;;;
18861;Auto & Motorrad;KFZ-Ersatzteile;Fahrzeugbeleuchtung;Frontscheinwerfer;;;;;
18851;Auto & Motorrad;KFZ-Ersatzteile;Fahrzeugbeleuchtung;Blinkerglas;;;;;
18841;Auto & Motorrad;KFZ-Ersatzteile;Fahrzeugbeleuchtung;Blinker;;;;;
18871;Auto & Motorrad;KFZ-Ersatzteile;Fahrzeugbeleuchtung;Kennzeichenleuchten;;;;;
18911;Auto & Motorrad;KFZ-Ersatzteile;Fahrzeugbeleuchtung;Rücklichtglas;;;;;
18901;Auto & Motorrad;KFZ-Ersatzteile;Fahrzeugbeleuchtung;Rück- & Bremsleuchten;;;;;
16971;Auto & Motorrad;KFZ-Ersatzteile;Scheibenreinigung;;;;;;
18941;Auto & Motorrad;KFZ-Ersatzteile;Scheibenreinigung;Waschwasserdüsen & -pumpen;;;;;
18931;Auto & Motorrad;KFZ-Ersatzteile;Scheibenreinigung;Scheibenwischer;;;;;
18951;Auto & Motorrad;KFZ-Ersatzteile;Scheibenreinigung;Wischermotoren;;;;;
16361;Auto & Motorrad;Reifen & Felgen;;;;;;;
55961;Auto & Motorrad;Reifen & Felgen;KFZ-Reifen- & Felgenzubehör;;;;;;
16541;Auto & Motorrad;Reifen & Felgen;KFZ-Reifen- & Felgenzubehör;;;;;;
69453;Auto & Motorrad;Reifen & Felgen;KFZ-Reifen- & Felgenzubehör;Auswuchtgewichte;;;;;
57961;Auto & Motorrad;Reifen & Felgen;KFZ-Reifen- & Felgenzubehör;Sonstiges Reifen- & Felgenzubehör;;;;;
57991;Auto & Motorrad;Reifen & Felgen;KFZ-Reifen- & Felgenzubehör;Felgenbäume;;;;;
69475;Auto & Motorrad;Reifen & Felgen;KFZ-Reifen- & Felgenzubehör;RDKS-Sensoren;;;;;
69528;Auto & Motorrad;Reifen & Felgen;KFZ-Reifen- & Felgenzubehör;Reifenregale;;;;;
55951;Auto & Motorrad;Reifen & Felgen;KFZ-Reifen- & Felgenzubehör;Felgenschlösser;;;;;
16551;Auto & Motorrad;Reifen & Felgen;Kompletträder;;;;;;
44551;Auto & Motorrad;Reifen & Felgen;Kompletträder;Alukompletträder;;;;;
44561;Auto & Motorrad;Reifen & Felgen;Kompletträder;Stahlkompletträder;;;;;
70172;Auto & Motorrad;Reifen & Felgen;Sonstige Reifen;;;;;;
16531;Auto & Motorrad;Reifen & Felgen;Felgen;;;;;;
44581;Auto & Motorrad;Reifen & Felgen;Felgen;Alufelgen;;;;;
44571;Auto & Motorrad;Reifen & Felgen;Felgen;Stahlfelgen;;;;;
70154;Auto & Motorrad;Reifen & Felgen;Reifen für Schwere Nutzfahrzeuge (C3);;;;;;
70153;Auto & Motorrad;Reifen & Felgen;Reifen für Leichte Nutzfahrzeuge (C2);;;;;;
70152;Auto & Motorrad;Reifen & Felgen;Reifen für Personenkraftwagen (C1);;;;;;
16571;Auto & Motorrad;Reifen & Felgen;Reifen C1, C2, C3;;;;;;
16561;Auto & Motorrad;Reifen & Felgen;Radzierblenden;;;;;;
16581;Auto & Motorrad;Reifen & Felgen;Spurverbreiterungen;;;;;;
16351;Auto & Motorrad;Fahrzeuge;;;;;;;
16421;Auto & Motorrad;Fahrzeuge;Autos;;;;;;
16481;Auto & Motorrad;Fahrzeuge;Nutzfahrzeuge;;;;;;
16471;Auto & Motorrad;Fahrzeuge;Leichttransportfahrzeuge;;;;;;
70159;Auto & Motorrad;Fahrzeuge;Elektromobile;;;;;;
68955;Auto & Motorrad;Fahrzeuge;Motorroller;;;;;;
16491;Auto & Motorrad;Fahrzeuge;Motorräder;;;;;;
16431;Auto & Motorrad;Fahrzeuge;Krafträder;;;;;;
16521;Auto & Motorrad;Fahrzeuge;Quads;;;;;;
34331;Elektronik & Computer;;;;;;;;
38781;Elektronik & Computer;Kabel & Kabelzubehör;;;;;;;
38811;Elektronik & Computer;Kabel & Kabelzubehör;Kabelzubehör;;;;;;
49171;Elektronik & Computer;Kabel & Kabelzubehör;Kabelzubehör;;;;;;
38831;Elektronik & Computer;Kabel & Kabelzubehör;Kabelzubehör;Kabeladapter;;;;;
38821;Elektronik & Computer;Kabel & Kabelzubehör;Kabelzubehör;Kabelverbinder;;;;;
67111;Elektronik & Computer;Kabel & Kabelzubehör;Kabelzubehör;Kabeltester;;;;;
65961;Elektronik & Computer;Kabel & Kabelzubehör;Kabelzubehör;Sonstiges Kabelzubehör;;;;;
34471;Elektronik & Computer;Kabel & Kabelzubehör;Kabel;;;;;;
69087;Elektronik & Computer;Kabel & Kabelzubehör;Kabel;;;;;;
38701;Elektronik & Computer;Kabel & Kabelzubehör;Kabel;Antennenkabel;;;;;
52821;Elektronik & Computer;Kabel & Kabelzubehör;Kabel;Audiokabel;;;;;
59471;Elektronik & Computer;Kabel & Kabelzubehör;Kabel;DVI-Kabel;;;;;
58311;Elektronik & Computer;Kabel & Kabelzubehör;Kabel;Verlängerungskabel;;;;;
38691;Elektronik & Computer;Kabel & Kabelzubehör;Kabel;Handykabel;;;;;
38761;Elektronik & Computer;Kabel & Kabelzubehör;Kabel;Netzwerkkabel;;;;;
30041;Elektronik & Computer;Kabel & Kabelzubehör;Kabel;Stromkabel;;;;;
38661;Elektronik & Computer;Kabel & Kabelzubehör;Kabel;Druckerkabel;;;;;
38671;Elektronik & Computer;Kabel & Kabelzubehör;Kabel;SATA-Kabel;;;;;
38711;Elektronik & Computer;Kabel & Kabelzubehör;Kabel;Lautsprecherkabel;;;;;
38681;Elektronik & Computer;Kabel & Kabelzubehör;Kabel;Telefonkabel;;;;;
38721;Elektronik & Computer;Kabel & Kabelzubehör;Kabel;Fernsehkabel;;;;;
64011;Elektronik & Computer;Kabel & Kabelzubehör;Kabel;Fernsehkabel;Komponentenkabel;;;;
38731;Elektronik & Computer;Kabel & Kabelzubehör;Kabel;Fernsehkabel;HDMI-Kabel;;;;
38751;Elektronik & Computer;Kabel & Kabelzubehör;Kabel;Fernsehkabel;Scart-Kabel;;;;
38581;Elektronik & Computer;Kabel & Kabelzubehör;Kabel;USB-Kabel;;;;;
58781;Elektronik & Computer;Kabel & Kabelzubehör;Kabel;VGA-Kabel;;;;;
45971;Elektronik & Computer;Kabel & Kabelzubehör;Sonstige Kabel;;;;;;
34421;Elektronik & Computer;Computer;;;;;;;
39171;Elektronik & Computer;Computer;Computerzubehör;;;;;;
49191;Elektronik & Computer;Computer;Computerzubehör;;;;;;
49211;Elektronik & Computer;Computer;Computerzubehör;;;;;;
55361;Elektronik & Computer;Computer;Computerzubehör;;;;;;
69709;Elektronik & Computer;Computer;Computerzubehör;;;;;;
58901;Elektronik & Computer;Computer;Computerzubehör;Rohlinge;;;;;
26281;Elektronik & Computer;Computer;Computerzubehör;CD-Taschen;;;;;
60081;Elektronik & Computer;Computer;Computerzubehör;Computerzubehör-Sets;;;;;
49261;Elektronik & Computer;Computer;Computerzubehör;Computerkabel;;;;;
69259;Elektronik & Computer;Computer;Computerzubehör;Computerkabel;;;;;
49241;Elektronik & Computer;Computer;Computerzubehör;Computerkabel;;;;;
39371;Elektronik & Computer;Computer;Computerzubehör;Computerkabel;;;;;
49251;Elektronik & Computer;Computer;Computerzubehör;Computerkabel;;;;;
64121;Elektronik & Computer;Computer;Computerzubehör;Computer-Reinigung;;;;;
39361;Elektronik & Computer;Computer;Computerzubehör;Computer-Mikrofone;;;;;
39341;Elektronik & Computer;Computer;Computerzubehör;Computer-Lenkräder;;;;;
63911;Elektronik & Computer;Computer;Computerzubehör;Leerhüllen;;;;;
39331;Elektronik & Computer;Computer;Computerzubehör;Gamepads;;;;;
64041;Elektronik & Computer;Computer;Computerzubehör;Grafiktabletts;;;;;
39351;Elektronik & Computer;Computer;Computerzubehör;Joysticks;;;;;
64331;Elektronik & Computer;Computer;Computerzubehör;KVM-Switches;;;;;
30761;Elektronik & Computer;Computer;Computerzubehör;Tastatur-Schutzfolien;;;;;
39301;Elektronik & Computer;Computer;Computerzubehör;Tastaturen;;;;;
39311;Elektronik & Computer;Computer;Computerzubehör;Computermäuse;;;;;
66771;Elektronik & Computer;Computer;Computerzubehör;Sonstiges Computerzubehör;;;;;
39321;Elektronik & Computer;Computer;Computerzubehör;Mauspads;;;;;
60291;Elektronik & Computer;Computer;Computerzubehör;PC-Fernbedienungen;;;;;
35501;Elektronik & Computer;Computer;Computerzubehör;PC-Lautsprecher;;;;;
39141;Elektronik & Computer;Computer;Computerzubehör;USB-Ladegeräte;;;;;
68960;Elektronik & Computer;Computer;Computerzubehör;VR-Brillen;;;;;
39291;Elektronik & Computer;Computer;Computerzubehör;Webcams;;;;;
60981;Elektronik & Computer;Computer;Computerzubehör;Handballenauflagen;;;;;
39191;Elektronik & Computer;Computer;Computerbildschirme & Zubehör;;;;;;
39591;Elektronik & Computer;Computer;Computerbildschirme & Zubehör;Computerbildschirm-Zubehör;;;;;
66641;Elektronik & Computer;Computer;Computerbildschirme & Zubehör;Computerbildschirm-Zubehör;Computerbildschirm-Ersatzteile;;;;
39631;Elektronik & Computer;Computer;Computerbildschirme & Zubehör;Computerbildschirm-Zubehör;Drehteller;;;;
30591;Elektronik & Computer;Computer;Computerbildschirme & Zubehör;Computerbildschirm-Zubehör;Monitor-Schutzfolien;;;;
39611;Elektronik & Computer;Computer;Computerbildschirme & Zubehör;Computerbildschirm-Zubehör;Bildschirmhalterungen;;;;
64631;Elektronik & Computer;Computer;Computerbildschirme & Zubehör;Computerbildschirm-Zubehör;Monitorständer;;;;
39621;Elektronik & Computer;Computer;Computerbildschirme & Zubehör;Computerbildschirm-Zubehör;Blickschutzfilter;;;;
39581;Elektronik & Computer;Computer;Computerbildschirme & Zubehör;Monitore;;;;;
70156;Elektronik & Computer;Computer;Computerbildschirme & Zubehör;Smartboards;;;;;
39211;Elektronik & Computer;Computer;Hardware;;;;;;
39801;Elektronik & Computer;Computer;Hardware;Gehäuse;;;;;
39821;Elektronik & Computer;Computer;Hardware;Laufwerke;;;;;
52461;Elektronik & Computer;Computer;Hardware;Laufwerke;Externe Blu-Ray-Laufwerke;;;;
52441;Elektronik & Computer;Computer;Hardware;Laufwerke;Externe CD-Laufwerke;;;;
52451;Elektronik & Computer;Computer;Hardware;Laufwerke;Externe DVD-Laufwerke;;;;
39851;Elektronik & Computer;Computer;Hardware;Laufwerke;Interne Blu-Ray-Laufwerke;;;;
39831;Elektronik & Computer;Computer;Hardware;Laufwerke;Interne CD-Laufwerke;;;;
39841;Elektronik & Computer;Computer;Hardware;Laufwerke;Interne DVD-Laufwerke;;;;
67341;Elektronik & Computer;Computer;Hardware;Laufwerke;Bandlaufwerke;;;;
39751;Elektronik & Computer;Computer;Hardware;Grafikkarten;;;;;
69256;Elektronik & Computer;Computer;Hardware;Hardwarezubehör;;;;;
69257;Elektronik & Computer;Computer;Hardware;Hardwarezubehör;;;;;
39971;Elektronik & Computer;Computer;Hardware;Hardwarezubehör;;;;;
39991;Elektronik & Computer;Computer;Hardware;Hardwarezubehör;PC- & Gehäuseschrauben;;;;
39981;Elektronik & Computer;Computer;Hardware;Hardwarezubehör;Wärmeleitpaste;;;;
39771;Elektronik & Computer;Computer;Hardware;Arbeitsspeicher;;;;;
39761;Elektronik & Computer;Computer;Hardware;Mainboards;;;;;
45951;Elektronik & Computer;Computer;Hardware;Sonstige Hardware;;;;;
39791;Elektronik & Computer;Computer;Hardware;Netzwerkkarten;;;;;
39871;Elektronik & Computer;Computer;Hardware;PC-Lüfter & Zubehör;;;;;
69255;Elektronik & Computer;Computer;Hardware;PC-Lüfter & Zubehör;;;;;
39911;Elektronik & Computer;Computer;Hardware;PC-Lüfter & Zubehör;CPU-Kühler;;;;
39891;Elektronik & Computer;Computer;Hardware;PC-Lüfter & Zubehör;Gehäuselüfter;;;;
39931;Elektronik & Computer;Computer;Hardware;PC-Lüfter & Zubehör;Lüfter-Adapter;;;;
39951;Elektronik & Computer;Computer;Hardware;PC-Lüfter & Zubehör;Lüfter-Controller;;;;
39941;Elektronik & Computer;Computer;Hardware;PC-Lüfter & Zubehör;Lüftergitter;;;;
69253;Elektronik & Computer;Computer;Hardware;PC-Lüfter & Zubehör;Grafikkartenkühler;;;;
69254;Elektronik & Computer;Computer;Hardware;PC-Lüfter & Zubehör;Heatsinks;;;;
64231;Elektronik & Computer;Computer;Hardware;PC-Lüfter & Zubehör;Sonstiges PC-Lüfter-Zubehör;;;;
39811;Elektronik & Computer;Computer;Hardware;Netzteile;;;;;
39781;Elektronik & Computer;Computer;Hardware;Prozessoren;;;;;
69271;Elektronik & Computer;Computer;Hardware;Einplatinenrechner;;;;;
57741;Elektronik & Computer;Computer;Hardware;Soundkarten;;;;;
39201;Elektronik & Computer;Computer;Hardware;Speichermedien;;;;;
39741;Elektronik & Computer;Computer;Hardware;Speichermedien;Kartenlesegeräte;;;;
64491;Elektronik & Computer;Computer;Hardware;Speichermedien;Datenkassetten;;;;
39641;Elektronik & Computer;Computer;Hardware;Speichermedien;Festplatten & Zubehör;;;;
49361;Elektronik & Computer;Computer;Hardware;Speichermedien;Festplatten & Zubehör;Festplattenzubehör;;;
39691;Elektronik & Computer;Computer;Hardware;Speichermedien;Festplatten & Zubehör;Festplattenzubehör;;;
39711;Elektronik & Computer;Computer;Hardware;Speichermedien;Festplatten & Zubehör;Festplattenzubehör;Festplattengehäuse;;
39701;Elektronik & Computer;Computer;Hardware;Speichermedien;Festplatten & Zubehör;Festplattenzubehör;Einbaurahmen;;
39651;Elektronik & Computer;Computer;Hardware;Speichermedien;Festplatten & Zubehör;Festplatten;;;
39661;Elektronik & Computer;Computer;Hardware;Speichermedien;Festplatten & Zubehör;Festplatten;Externe Festplatten;;
52421;Elektronik & Computer;Computer;Hardware;Speichermedien;Festplatten & Zubehör;Festplatten;Externe Solid State Drives;;
39671;Elektronik & Computer;Computer;Hardware;Speichermedien;Festplatten & Zubehör;Festplatten;Interne Festplatten;;
52431;Elektronik & Computer;Computer;Hardware;Speichermedien;Festplatten & Zubehör;Festplatten;Interne Solid State Drives;;
39681;Elektronik & Computer;Computer;Hardware;Speichermedien;Festplatten & Zubehör;Festplatten;NAS;;
39721;Elektronik & Computer;Computer;Hardware;Speichermedien;Speicherkarten;;;;
69710;Elektronik & Computer;Computer;Hardware;Speichermedien;NFC Tags;;;;
46041;Elektronik & Computer;Computer;Hardware;Speichermedien;Speichermedien Zubehör;;;;
39731;Elektronik & Computer;Computer;Hardware;Speichermedien;USB Sticks;;;;
39861;Elektronik & Computer;Computer;Hardware;TV-Karten;;;;;
52471;Elektronik & Computer;Computer;Hardware;TV-Karten;Externe TV-Karten;;;;
52481;Elektronik & Computer;Computer;Hardware;TV-Karten;Interne TV-Karten;;;;
39221;Elektronik & Computer;Computer;Netzwerke;;;;;;
40141;Elektronik & Computer;Computer;Netzwerke;Firewalls;;;;;
40031;Elektronik & Computer;Computer;Netzwerke;Hubs;;;;;
40011;Elektronik & Computer;Computer;Netzwerke;Modems;;;;;
49391;Elektronik & Computer;Computer;Netzwerke;Netzwerkzubehör;;;;;
40161;Elektronik & Computer;Computer;Netzwerke;Netzwerkzubehör;;;;;
49411;Elektronik & Computer;Computer;Netzwerke;Netzwerkzubehör;;;;;
49431;Elektronik & Computer;Computer;Netzwerke;Netzwerkzubehör;;;;;
49421;Elektronik & Computer;Computer;Netzwerke;Netzwerkzubehör;;;;;
49401;Elektronik & Computer;Computer;Netzwerke;Netzwerkzubehör;;;;;
40171;Elektronik & Computer;Computer;Netzwerke;Netzwerkzubehör;Netzwerkantennen;;;;
69840;Elektronik & Computer;Computer;Netzwerke;PoE Injektoren;;;;;
67221;Elektronik & Computer;Computer;Netzwerke;Powerline;;;;;
40021;Elektronik & Computer;Computer;Netzwerke;Repeater;;;;;
40001;Elektronik & Computer;Computer;Netzwerke;Router;;;;;
40101;Elektronik & Computer;Computer;Netzwerke;Serverzubehör;;;;;
40121;Elektronik & Computer;Computer;Netzwerke;Serverzubehör;Medienkonverter;;;;
45961;Elektronik & Computer;Computer;Netzwerke;Serverzubehör;Sonstiges Serverzubehör;;;;
40111;Elektronik & Computer;Computer;Netzwerke;Serverzubehör;Patchfelder;;;;
64301;Elektronik & Computer;Computer;Netzwerke;Serverzubehör;Serverschränke;;;;
40131;Elektronik & Computer;Computer;Netzwerke;Serverzubehör;Unterbrechungsfreie Stromversorgung;;;;
40041;Elektronik & Computer;Computer;Netzwerke;Server;;;;;
40071;Elektronik & Computer;Computer;Netzwerke;Server;Blade-Server;;;;
40081;Elektronik & Computer;Computer;Netzwerke;Server;Druckserver;;;;
40051;Elektronik & Computer;Computer;Netzwerke;Server;Rackserver;;;;
40091;Elektronik & Computer;Computer;Netzwerke;Server;Thin Clients;;;;
40061;Elektronik & Computer;Computer;Netzwerke;Server;Towerserver;;;;
40211;Elektronik & Computer;Computer;Netzwerke;Telefonanlagen;;;;;
40221;Elektronik & Computer;Computer;Netzwerke;Telefonanlagen;Analoge Telefonanlagen;;;;
40231;Elektronik & Computer;Computer;Netzwerke;Telefonanlagen;ISDN-Telefonanlagen;;;;
40241;Elektronik & Computer;Computer;Netzwerke;Telefonanlagen;VoIP-Telefonanlagen;;;;
64991;Elektronik & Computer;Computer;Netzwerke;Transceiver;;;;;
40151;Elektronik & Computer;Computer;Netzwerke;WLAN-Sticks;;;;;
65741;Elektronik & Computer;Computer;Netzwerke;WLAN Access Points;;;;;
39161;Elektronik & Computer;Computer;PCs & Tablets;;;;;;
59581;Elektronik & Computer;Computer;PCs & Tablets;All-In-One-Pcs;;;;;
39251;Elektronik & Computer;Computer;PCs & Tablets;Desktop-PCs;;;;;
45931;Elektronik & Computer;Computer;PCs & Tablets;eBook-Reader & Zubehör;;;;;
47781;Elektronik & Computer;Computer;PCs & Tablets;eBook-Reader & Zubehör;eBook-Reader;;;;
47791;Elektronik & Computer;Computer;PCs & Tablets;eBook-Reader & Zubehör;eBook-Reader-Zubehör;;;;
59491;Elektronik & Computer;Computer;PCs & Tablets;eBook-Reader & Zubehör;eBook-Reader-Zubehör;ebook-Reader Taschen;;;
30491;Elektronik & Computer;Computer;PCs & Tablets;eBook-Reader & Zubehör;eBook-Reader-Zubehör;Schutzfolien E-Book Reader;;;
52541;Elektronik & Computer;Computer;PCs & Tablets;eBook-Reader & Zubehör;eBook-Reader-Zubehör;Sonstiges eBook-Reader-Zubehör;;;
39231;Elektronik & Computer;Computer;PCs & Tablets;Laptops & Zubehör;;;;;
47681;Elektronik & Computer;Computer;PCs & Tablets;Laptops & Zubehör;Laptop-Zubehör;;;;
39391;Elektronik & Computer;Computer;PCs & Tablets;Laptops & Zubehör;Laptop-Zubehör;Diebstahlschutz;;;
25841;Elektronik & Computer;Computer;PCs & Tablets;Laptops & Zubehör;Laptop-Zubehör;Laptop-Taschen;;;
38921;Elektronik & Computer;Computer;PCs & Tablets;Laptops & Zubehör;Laptop-Zubehör;Laptopakkus;;;
67031;Elektronik & Computer;Computer;PCs & Tablets;Laptops & Zubehör;Laptop-Zubehör;Laptop-Dockingstations;;;
59021;Elektronik & Computer;Computer;PCs & Tablets;Laptops & Zubehör;Laptop-Zubehör;Laptop-Netzteile;;;
62701;Elektronik & Computer;Computer;PCs & Tablets;Laptops & Zubehör;Laptop-Zubehör;Laptop-Trolleys;;;
60241;Elektronik & Computer;Computer;PCs & Tablets;Laptops & Zubehör;Laptop-Zubehör;Laptop-Schutzfolien;;;
63751;Elektronik & Computer;Computer;PCs & Tablets;Laptops & Zubehör;Laptop-Zubehör;Laptop-Ständer & -halterungen;;;
58521;Elektronik & Computer;Computer;PCs & Tablets;Laptops & Zubehör;Laptop-Zubehör;Sonstiges Laptopzubehör;;;
65881;Elektronik & Computer;Computer;PCs & Tablets;Laptops & Zubehör;Laptop-Zubehör;Touchpads;;;
46051;Elektronik & Computer;Computer;PCs & Tablets;Laptops & Zubehör;Laptops;;;;
39241;Elektronik & Computer;Computer;PCs & Tablets;Tablets & Zubehör;;;;;
52151;Elektronik & Computer;Computer;PCs & Tablets;Tablets & Zubehör;Tablet-Zubehör;;;;
52161;Elektronik & Computer;Computer;PCs & Tablets;Tablets & Zubehör;Tablet-Zubehör;Sonstiges Tablet-Zubehör;;;
46081;Elektronik & Computer;Computer;PCs & Tablets;Tablets & Zubehör;Tablet-Zubehör;Tablet-Taschen;;;
62541;Elektronik & Computer;Computer;PCs & Tablets;Tablets & Zubehör;Tablet-Zubehör;Tablet-Cover;;;
69314;Elektronik & Computer;Computer;PCs & Tablets;Tablets & Zubehör;Tablet-Zubehör;Tablet-Halterungen;;;
62531;Elektronik & Computer;Computer;PCs & Tablets;Tablets & Zubehör;Tablet-Zubehör;Tablet-Tastaturen;;;
30481;Elektronik & Computer;Computer;PCs & Tablets;Tablets & Zubehör;Tablet-Zubehör;Schutzfolien Tablet PCs;;;
57751;Elektronik & Computer;Computer;PCs & Tablets;Tablets & Zubehör;Tablet-Zubehör;Tablet-Eingabestifte;;;
46071;Elektronik & Computer;Computer;PCs & Tablets;Tablets & Zubehör;Tablets;;;;
39181;Elektronik & Computer;Computer;Drucken & Scannen;;;;;;
39491;Elektronik & Computer;Computer;Drucken & Scannen;Druckerzubehör;;;;;
49351;Elektronik & Computer;Computer;Drucken & Scannen;Druckerzubehör;;;;;
49321;Elektronik & Computer;Computer;Drucken & Scannen;Druckerzubehör;;;;;
69322;Elektronik & Computer;Computer;Drucken & Scannen;Druckerzubehör;3D Druckerzubehör;;;;
61721;Elektronik & Computer;Computer;Drucken & Scannen;Druckerzubehör;Bildtrommeln;;;;
60471;Elektronik & Computer;Computer;Drucken & Scannen;Druckerzubehör;Farbbänder;;;;
30551;Elektronik & Computer;Computer;Drucken & Scannen;Druckerzubehör;Sonstiges Druckerzubehör;;;;
39511;Elektronik & Computer;Computer;Drucken & Scannen;Druckerzubehör;Druckerpatronen;;;;
60351;Elektronik & Computer;Computer;Drucken & Scannen;Druckerzubehör;Drucker-Ersatzteile;;;;
39501;Elektronik & Computer;Computer;Drucken & Scannen;Druckerzubehör;Toner;;;;
39421;Elektronik & Computer;Computer;Drucken & Scannen;Drucker;;;;;
69105;Elektronik & Computer;Computer;Drucken & Scannen;Drucker;3D-Drucker;;;;
39481;Elektronik & Computer;Computer;Drucken & Scannen;Drucker;Kartendrucker;;;;
63601;Elektronik & Computer;Computer;Drucken & Scannen;Drucker;Nadeldrucker;;;;
69503;Elektronik & Computer;Computer;Drucken & Scannen;Drucker;Graviermaschinen;;;;
39471;Elektronik & Computer;Computer;Drucken & Scannen;Drucker;Labelprinter;;;;
39441;Elektronik & Computer;Computer;Drucken & Scannen;Drucker;Multifunktionsdrucker;;;;
39461;Elektronik & Computer;Computer;Drucken & Scannen;Drucker;Plotter;;;;
69577;Elektronik & Computer;Computer;Drucken & Scannen;Drucker;Bondrucker;;;;
39431;Elektronik & Computer;Computer;Drucken & Scannen;Drucker;Standarddrucker;;;;
47761;Elektronik & Computer;Computer;Drucken & Scannen;Scanner-Zubehör;;;;;
47751;Elektronik & Computer;Computer;Drucken & Scannen;Scanner;;;;;
39561;Elektronik & Computer;Computer;Drucken & Scannen;Scanner;3D Scanner;;;;
39571;Elektronik & Computer;Computer;Drucken & Scannen;Scanner;Visitenkartenscanner;;;;
39551;Elektronik & Computer;Computer;Drucken & Scannen;Scanner;Dokumentenscanner;;;;
39541;Elektronik & Computer;Computer;Drucken & Scannen;Scanner;Filmscanner;;;;
39531;Elektronik & Computer;Computer;Drucken & Scannen;Scanner;Flachbettscanner;;;;
45941;Elektronik & Computer;Computer;Drucken & Scannen;Scanner;Standardscanner;;;;
34401;Elektronik & Computer;Elektronik;;;;;;;
69262;Elektronik & Computer;Elektronik;;;;;;;
36101;Elektronik & Computer;Elektronik;Spielkonsolen & Zubehör;;;;;;
53081;Elektronik & Computer;Elektronik;Spielkonsolen & Zubehör;Konsolen-Zubehör;;;;;
53221;Elektronik & Computer;Elektronik;Spielkonsolen & Zubehör;Konsolen-Zubehör;Balance Boards;;;;
53091;Elektronik & Computer;Elektronik;Spielkonsolen & Zubehör;Konsolen-Zubehör;Controller;;;;
53191;Elektronik & Computer;Elektronik;Spielkonsolen & Zubehör;Konsolen-Zubehör;Spielkonsolen-Taschen;;;;
53181;Elektronik & Computer;Elektronik;Spielkonsolen & Zubehör;Konsolen-Zubehör;Spielkonsolen-Akkus;;;;
53141;Elektronik & Computer;Elektronik;Spielkonsolen & Zubehör;Konsolen-Zubehör;Spielkonsolen-Ladegeräte;;;;
53131;Elektronik & Computer;Elektronik;Spielkonsolen & Zubehör;Konsolen-Zubehör;Spielkonsolen-Headsets;;;;
53101;Elektronik & Computer;Elektronik;Spielkonsolen & Zubehör;Konsolen-Zubehör;Spielkonsolen-Speicherkarten;;;;
53111;Elektronik & Computer;Elektronik;Spielkonsolen & Zubehör;Konsolen-Zubehör;Spielkonsolen-Mikrofone;;;;
53151;Elektronik & Computer;Elektronik;Spielkonsolen & Zubehör;Konsolen-Zubehör;Spielkonsolen-Netzteile;;;;
53171;Elektronik & Computer;Elektronik;Spielkonsolen & Zubehör;Konsolen-Zubehör;Spielkonsolen-Schutzfolien;;;;
53231;Elektronik & Computer;Elektronik;Spielkonsolen & Zubehör;Konsolen-Zubehör;Spielkonsolen-Sets;;;;
53121;Elektronik & Computer;Elektronik;Spielkonsolen & Zubehör;Konsolen-Zubehör;Spielkonsolen-Lenkräder;;;;
69708;Elektronik & Computer;Elektronik;Spielkonsolen & Zubehör;Konsolen-Zubehör;Gaming Lenkräder;;;;
53201;Elektronik & Computer;Elektronik;Spielkonsolen & Zubehör;Konsolen-Zubehör;Handgriffe;;;;
53211;Elektronik & Computer;Elektronik;Spielkonsolen & Zubehör;Konsolen-Zubehör;Laserleisten;;;;
53251;Elektronik & Computer;Elektronik;Spielkonsolen & Zubehör;Konsolen-Zubehör;Sonstiges Spielkonsolenzubehör;;;;
53241;Elektronik & Computer;Elektronik;Spielkonsolen & Zubehör;Konsolen-Zubehör;Eingabestifte;;;;
53071;Elektronik & Computer;Elektronik;Spielkonsolen & Zubehör;Spielkonsolen;;;;;
34431;Elektronik & Computer;Elektronik;Heimkino & Audio;;;;;;
34871;Elektronik & Computer;Elektronik;Heimkino & Audio;DVD-, Blu-Ray- & Mediaplayer;;;;;
34921;Elektronik & Computer;Elektronik;Heimkino & Audio;DVD-, Blu-Ray- & Mediaplayer;Blu-Ray-Player;;;;
34911;Elektronik & Computer;Elektronik;Heimkino & Audio;DVD-, Blu-Ray- & Mediaplayer;DVD-Player;;;;
34941;Elektronik & Computer;Elektronik;Heimkino & Audio;DVD-, Blu-Ray- & Mediaplayer;Festplatten-Recorder;;;;
34951;Elektronik & Computer;Elektronik;Heimkino & Audio;DVD-, Blu-Ray- & Mediaplayer;Mediaplayer;;;;
68986;Elektronik & Computer;Elektronik;Heimkino & Audio;Hifi & Soundsysteme;;;;;
16621;Elektronik & Computer;Elektronik;Heimkino & Audio;Hifi & Soundsysteme;Verstärker & Zubehör;;;;
69041;Elektronik & Computer;Elektronik;Heimkino & Audio;Hifi & Soundsysteme;Verstärker & Zubehör;Endstufe 2-Kanal Verstärker;;;
69042;Elektronik & Computer;Elektronik;Heimkino & Audio;Hifi & Soundsysteme;Verstärker & Zubehör;Endstufe 4-Kanal Verstärker;;;
16771;Elektronik & Computer;Elektronik;Heimkino & Audio;Hifi & Soundsysteme;Verstärker & Zubehör;Verstärkerzubehör;;;
43211;Elektronik & Computer;Elektronik;Heimkino & Audio;Hifi & Soundsysteme;Verstärker & Zubehör;Verstärker & Endstufen;;;
69044;Elektronik & Computer;Elektronik;Heimkino & Audio;Hifi & Soundsysteme;Verstärker & Zubehör;Sonstige Verstärker;;;
69043;Elektronik & Computer;Elektronik;Heimkino & Audio;Hifi & Soundsysteme;Verstärker & Zubehör;Endstufe Mehrkanal Verstärker;;;
53341;Elektronik & Computer;Elektronik;Heimkino & Audio;Hifi & Soundsysteme;Audiowandler;;;;
35231;Elektronik & Computer;Elektronik;Heimkino & Audio;Hifi & Soundsysteme;CD-Player;;;;
70167;Elektronik & Computer;Elektronik;Heimkino & Audio;Hifi & Soundsysteme;Kassettenspieler;;;;
54771;Elektronik & Computer;Elektronik;Heimkino & Audio;Hifi & Soundsysteme;DJ-Equipments;;;;
54801;Elektronik & Computer;Elektronik;Heimkino & Audio;Hifi & Soundsysteme;DJ-Equipments;DJ Controller;;;
54811;Elektronik & Computer;Elektronik;Heimkino & Audio;Hifi & Soundsysteme;DJ-Equipments;DJ Mixer;;;
65821;Elektronik & Computer;Elektronik;Heimkino & Audio;Hifi & Soundsysteme;DJ-Equipments;DJ-Racks;;;
54821;Elektronik & Computer;Elektronik;Heimkino & Audio;Hifi & Soundsysteme;DJ-Equipments;DJ Sets;;;
54791;Elektronik & Computer;Elektronik;Heimkino & Audio;Hifi & Soundsysteme;DJ-Equipments;Desktop-Effekte;;;
54781;Elektronik & Computer;Elektronik;Heimkino & Audio;Hifi & Soundsysteme;DJ-Equipments;Antriebsriemen;;;
63391;Elektronik & Computer;Elektronik;Heimkino & Audio;Hifi & Soundsysteme;DJ-Equipments;Effektmaschinen & Zubehör;;;
63411;Elektronik & Computer;Elektronik;Heimkino & Audio;Hifi & Soundsysteme;DJ-Equipments;Effektmaschinen & Zubehör;Effektmaschinen-Zubehör;;
63401;Elektronik & Computer;Elektronik;Heimkino & Audio;Hifi & Soundsysteme;DJ-Equipments;Effektmaschinen & Zubehör;Effektmaschinen;;
63941;Elektronik & Computer;Elektronik;Heimkino & Audio;Hifi & Soundsysteme;DJ-Equipments;Megaphone;;;
62471;Elektronik & Computer;Elektronik;Heimkino & Audio;Hifi & Soundsysteme;DJ-Equipments;Mikrofone & Zubehör;;;
62491;Elektronik & Computer;Elektronik;Heimkino & Audio;Hifi & Soundsysteme;DJ-Equipments;Mikrofone & Zubehör;Mikrofon-Zubehör;;
62481;Elektronik & Computer;Elektronik;Heimkino & Audio;Hifi & Soundsysteme;DJ-Equipments;Mikrofone & Zubehör;Mikrofone;;
66001;Elektronik & Computer;Elektronik;Heimkino & Audio;Hifi & Soundsysteme;DJ-Equipments;Sonstige DJ-Equipments;;;
66401;Elektronik & Computer;Elektronik;Heimkino & Audio;Hifi & Soundsysteme;DJ-Equipments;PA-Boxen;;;
54841;Elektronik & Computer;Elektronik;Heimkino & Audio;Hifi & Soundsysteme;DJ-Equipments;Tonabnehmer;;;
54831;Elektronik & Computer;Elektronik;Heimkino & Audio;Hifi & Soundsysteme;DJ-Equipments;Plattenkoffer & -taschen;;;
66761;Elektronik & Computer;Elektronik;Heimkino & Audio;Hifi & Soundsysteme;DJ-Equipments;Bühnentechnik;;;
64601;Elektronik & Computer;Elektronik;Heimkino & Audio;Hifi & Soundsysteme;DJ-Equipments;Traversen & Zubehör;;;
64621;Elektronik & Computer;Elektronik;Heimkino & Audio;Hifi & Soundsysteme;DJ-Equipments;Traversen & Zubehör;Traversenzubehör;;
64611;Elektronik & Computer;Elektronik;Heimkino & Audio;Hifi & Soundsysteme;DJ-Equipments;Traversen & Zubehör;Traversen;;
54851;Elektronik & Computer;Elektronik;Heimkino & Audio;Hifi & Soundsysteme;DJ-Equipments;Tonnadeln;;;
54861;Elektronik & Computer;Elektronik;Heimkino & Audio;Hifi & Soundsysteme;DJ-Equipments;Turntables;;;
66301;Elektronik & Computer;Elektronik;Heimkino & Audio;Hifi & Soundsysteme;Kopfhörer-Zubehör;;;;
35571;Elektronik & Computer;Elektronik;Heimkino & Audio;Hifi & Soundsysteme;Kopfhörer;;;;
35611;Elektronik & Computer;Elektronik;Heimkino & Audio;Hifi & Soundsysteme;Kopfhörer;Headsets;;;
35641;Elektronik & Computer;Elektronik;Heimkino & Audio;Hifi & Soundsysteme;Kopfhörer;In-Ear Kopfhörer;;;
35651;Elektronik & Computer;Elektronik;Heimkino & Audio;Hifi & Soundsysteme;Kopfhörer;Sportkopfhörer;;;
35601;Elektronik & Computer;Elektronik;Heimkino & Audio;Hifi & Soundsysteme;Kopfhörer;Stereokopfhörer;;;
35581;Elektronik & Computer;Elektronik;Heimkino & Audio;Hifi & Soundsysteme;Kopfhörer;Surroundkopfhörer;;;
35131;Elektronik & Computer;Elektronik;Heimkino & Audio;Hifi & Soundsysteme;Heimkinosysteme;;;;
35171;Elektronik & Computer;Elektronik;Heimkino & Audio;Hifi & Soundsysteme;Heimkinosysteme;Heimkino-Receiver;;;
35141;Elektronik & Computer;Elektronik;Heimkino & Audio;Hifi & Soundsysteme;Heimkinosysteme;Surround-Systeme;;;
35661;Elektronik & Computer;Elektronik;Heimkino & Audio;Hifi & Soundsysteme;MP3-Player & Zubehör;;;;
35681;Elektronik & Computer;Elektronik;Heimkino & Audio;Hifi & Soundsysteme;MP3-Player & Zubehör;MP3-Player;;;
55321;Elektronik & Computer;Elektronik;Heimkino & Audio;Hifi & Soundsysteme;MP3-Player & Zubehör;MP3-Player Zubehör;;;
35741;Elektronik & Computer;Elektronik;Heimkino & Audio;Hifi & Soundsysteme;MP3-Player & Zubehör;MP3-Player Zubehör;;;
55331;Elektronik & Computer;Elektronik;Heimkino & Audio;Hifi & Soundsysteme;MP3-Player & Zubehör;MP3-Player Zubehör;;;
35761;Elektronik & Computer;Elektronik;Heimkino & Audio;Hifi & Soundsysteme;MP3-Player & Zubehör;MP3-Player Zubehör;Dockingstations;;
35811;Elektronik & Computer;Elektronik;Heimkino & Audio;Hifi & Soundsysteme;MP3-Player & Zubehör;MP3-Player Zubehör;MP3 Player Taschen & Hüllen;;
58361;Elektronik & Computer;Elektronik;Heimkino & Audio;Hifi & Soundsysteme;MP3-Player & Zubehör;MP3-Player Zubehör;MP3-Player-Akkus;;
58371;Elektronik & Computer;Elektronik;Heimkino & Audio;Hifi & Soundsysteme;MP3-Player & Zubehör;MP3-Player Zubehör;MP3-Player-Schutzfolien;;
58381;Elektronik & Computer;Elektronik;Heimkino & Audio;Hifi & Soundsysteme;MP3-Player & Zubehör;MP3-Player Zubehör;Sonstiges MP3-Player-Zubehör;;
35251;Elektronik & Computer;Elektronik;Heimkino & Audio;Hifi & Soundsysteme;Radios;;;;
45901;Elektronik & Computer;Elektronik;Heimkino & Audio;Hifi & Soundsysteme;Radios;Klassische Radios;;;
35271;Elektronik & Computer;Elektronik;Heimkino & Audio;Hifi & Soundsysteme;Radios;Küchenradios;;;
67041;Elektronik & Computer;Elektronik;Heimkino & Audio;Hifi & Soundsysteme;Radios;Sonstige Radios;;;
35311;Elektronik & Computer;Elektronik;Heimkino & Audio;Hifi & Soundsysteme;Radios;Weltempfänger;;;
35291;Elektronik & Computer;Elektronik;Heimkino & Audio;Hifi & Soundsysteme;Radios;Duschradios;;;
35361;Elektronik & Computer;Elektronik;Heimkino & Audio;Hifi & Soundsysteme;Lautsprecher & Zubehör;;;;
35521;Elektronik & Computer;Elektronik;Heimkino & Audio;Hifi & Soundsysteme;Lautsprecher & Zubehör;Lautsprecherzubehör;;;
49021;Elektronik & Computer;Elektronik;Heimkino & Audio;Hifi & Soundsysteme;Lautsprecher & Zubehör;Lautsprecherzubehör;;;
49271;Elektronik & Computer;Elektronik;Heimkino & Audio;Hifi & Soundsysteme;Lautsprecher & Zubehör;Lautsprecherzubehör;;;
35551;Elektronik & Computer;Elektronik;Heimkino & Audio;Hifi & Soundsysteme;Lautsprecher & Zubehör;Lautsprecherzubehör;Bananenstecker;;
35561;Elektronik & Computer;Elektronik;Heimkino & Audio;Hifi & Soundsysteme;Lautsprecher & Zubehör;Lautsprecherzubehör;Aderendhülsen;;
59031;Elektronik & Computer;Elektronik;Heimkino & Audio;Hifi & Soundsysteme;Lautsprecher & Zubehör;Lautsprecherzubehör;Sonstiges Lautsprecherzubehör;;
35531;Elektronik & Computer;Elektronik;Heimkino & Audio;Hifi & Soundsysteme;Lautsprecher & Zubehör;Lautsprecherzubehör;Lautsprecherhalterung;;
59041;Elektronik & Computer;Elektronik;Heimkino & Audio;Hifi & Soundsysteme;Lautsprecher & Zubehör;Lautsprecherzubehör;Lautsprecherstecker;;
35541;Elektronik & Computer;Elektronik;Heimkino & Audio;Hifi & Soundsysteme;Lautsprecher & Zubehör;Lautsprecherzubehör;Lautsprecherständer;;
36071;Elektronik & Computer;Elektronik;Heimkino & Audio;Hifi & Soundsysteme;Lautsprecher & Zubehör;Lautsprecher;;;
55351;Elektronik & Computer;Elektronik;Heimkino & Audio;Hifi & Soundsysteme;Lautsprecher & Zubehör;Lautsprecher;;;
35441;Elektronik & Computer;Elektronik;Heimkino & Audio;Hifi & Soundsysteme;Lautsprecher & Zubehör;Lautsprecher;Einbaulautsprecher;;
35371;Elektronik & Computer;Elektronik;Heimkino & Audio;Hifi & Soundsysteme;Lautsprecher & Zubehör;Lautsprecher;Deckenlautsprecher;;
35461;Elektronik & Computer;Elektronik;Heimkino & Audio;Hifi & Soundsysteme;Lautsprecher & Zubehör;Lautsprecher;Standlautsprecher;;
57881;Elektronik & Computer;Elektronik;Heimkino & Audio;Hifi & Soundsysteme;Lautsprecher & Zubehör;Lautsprecher;Tragbare Lautsprecher;;
35481;Elektronik & Computer;Elektronik;Heimkino & Audio;Hifi & Soundsysteme;Lautsprecher & Zubehör;Lautsprecher;Satellitenlautsprecher;;
68012;Elektronik & Computer;Elektronik;Heimkino & Audio;Hifi & Soundsysteme;Lautsprecher & Zubehör;Lautsprecher;Soundbars;;
35391;Elektronik & Computer;Elektronik;Heimkino & Audio;Hifi & Soundsysteme;Lautsprecher & Zubehör;Lautsprecher;Subwoofer;;
35411;Elektronik & Computer;Elektronik;Heimkino & Audio;Hifi & Soundsysteme;Lautsprecher & Zubehör;Lautsprecher;Wandlautsprecher;;
35201;Elektronik & Computer;Elektronik;Heimkino & Audio;Hifi & Soundsysteme;Stereoanlagen;;;;
34611;Elektronik & Computer;Elektronik;Heimkino & Audio;Beamer & Projektoren;;;;;
34651;Elektronik & Computer;Elektronik;Heimkino & Audio;Beamer & Projektoren;Beamerzubehör;;;;
34841;Elektronik & Computer;Elektronik;Heimkino & Audio;Beamer & Projektoren;Beamerzubehör;Beamer-Luftfilter;;;
34791;Elektronik & Computer;Elektronik;Heimkino & Audio;Beamer & Projektoren;Beamerzubehör;Beamer-Taschen ;;;
34721;Elektronik & Computer;Elektronik;Heimkino & Audio;Beamer & Projektoren;Beamerzubehör;Beamer-Wagen;;;
34731;Elektronik & Computer;Elektronik;Heimkino & Audio;Beamer & Projektoren;Beamerzubehör;Beamer-Deckenhalterungen;;;
34741;Elektronik & Computer;Elektronik;Heimkino & Audio;Beamer & Projektoren;Beamerzubehör;Beamer-Lampen;;;
68312;Elektronik & Computer;Elektronik;Heimkino & Audio;Beamer & Projektoren;Beamerzubehör;Beamer-Fernbedienungen;;;
59441;Elektronik & Computer;Elektronik;Heimkino & Audio;Beamer & Projektoren;Beamerzubehör;Beamer-Schutzfolien;;;
34711;Elektronik & Computer;Elektronik;Heimkino & Audio;Beamer & Projektoren;Beamerzubehör;Beamer-Leinwände;;;
34631;Elektronik & Computer;Elektronik;Heimkino & Audio;Beamer & Projektoren;Beamer;;;;
69292;Elektronik & Computer;Elektronik;Heimkino & Audio;Sat-Schüsseln & Zubehör;;;;;
65101;Elektronik & Computer;Elektronik;Heimkino & Audio;Sat-Schüsseln & Zubehör;;;;;
69216;Elektronik & Computer;Elektronik;Heimkino & Audio;Sat-Schüsseln & Zubehör;;;;;
69291;Elektronik & Computer;Elektronik;Heimkino & Audio;Sat-Schüsseln & Zubehör;;;;;
67101;Elektronik & Computer;Elektronik;Heimkino & Audio;Sat-Schüsseln & Zubehör;LNBs;;;;
67151;Elektronik & Computer;Elektronik;Heimkino & Audio;Sat-Schüsseln & Zubehör;Sat- & Antennenzubehör;;;;
69294;Elektronik & Computer;Elektronik;Heimkino & Audio;Sat-Schüsseln & Zubehör;Sat-Verstärker;;;;
65111;Elektronik & Computer;Elektronik;Heimkino & Audio;Sat-Schüsseln & Zubehör;Sat-Schüsseln;;;;
69293;Elektronik & Computer;Elektronik;Heimkino & Audio;Sat-Schüsseln & Zubehör;Sat-Verteiler & Multiswitches;;;;
69295;Elektronik & Computer;Elektronik;Heimkino & Audio;Sat-Schüsseln & Zubehör;Sat-Finder;;;;
65121;Elektronik & Computer;Elektronik;Heimkino & Audio;Sat-Schüsseln & Zubehör;Sat-Halterungen;;;;
34961;Elektronik & Computer;Elektronik;Heimkino & Audio;TV-Receiver;;;;;
34981;Elektronik & Computer;Elektronik;Heimkino & Audio;TV-Receiver;Kabelreceiver;;;;
35041;Elektronik & Computer;Elektronik;Heimkino & Audio;TV-Receiver;DVB-T-Receiver;;;;
35021;Elektronik & Computer;Elektronik;Heimkino & Audio;TV-Receiver;Sat-Receiver;;;;
34491;Elektronik & Computer;Elektronik;Heimkino & Audio;Fernseher & Zubehör;;;;;
69261;Elektronik & Computer;Elektronik;Heimkino & Audio;Fernseher & Zubehör;TV Zubehör;;;;
48971;Elektronik & Computer;Elektronik;Heimkino & Audio;Fernseher & Zubehör;TV Zubehör;;;;
34551;Elektronik & Computer;Elektronik;Heimkino & Audio;Fernseher & Zubehör;TV Zubehör;;;;
34561;Elektronik & Computer;Elektronik;Heimkino & Audio;Fernseher & Zubehör;TV Zubehör;3D Brillen;;;
45891;Elektronik & Computer;Elektronik;Heimkino & Audio;Fernseher & Zubehör;TV Zubehör;Sonstiges TV-Zubehör;;;
69221;Elektronik & Computer;Elektronik;Heimkino & Audio;Fernseher & Zubehör;TV Zubehör;Fernbedienungen;;;
47771;Elektronik & Computer;Elektronik;Heimkino & Audio;Fernseher & Zubehör;TV Zubehör;TV-Schutzfolien;;;
34571;Elektronik & Computer;Elektronik;Heimkino & Audio;Fernseher & Zubehör;TV Zubehör;TV Halterungen;;;
34501;Elektronik & Computer;Elektronik;Heimkino & Audio;Fernseher & Zubehör;Fernseher;;;;
16781;Elektronik & Computer;Elektronik;Navigationsgeräte & Zubehör;;;;;;
16791;Elektronik & Computer;Elektronik;Navigationsgeräte & Zubehör;Konsolen & Halterungen;;;;;
45811;Elektronik & Computer;Elektronik;Navigationsgeräte & Zubehör;Konsolen & Halterungen;Sonstige Halterungen;;;;
16831;Elektronik & Computer;Elektronik;Navigationsgeräte & Zubehör;Konsolen & Halterungen;Navigationsgeräte-Halterungen;;;;
59911;Elektronik & Computer;Elektronik;Navigationsgeräte & Zubehör;Navigationsgeräte-Zubehör;;;;;
59921;Elektronik & Computer;Elektronik;Navigationsgeräte & Zubehör;Navigationsgeräte-Zubehör;Navigationsgeräte-Taschen;;;;
60321;Elektronik & Computer;Elektronik;Navigationsgeräte & Zubehör;Navigationsgeräte-Zubehör;Navigationsgeräte-Akkus;;;;
63611;Elektronik & Computer;Elektronik;Navigationsgeräte & Zubehör;Navigationsgeräte-Zubehör;Navigationsgeräte-Ladekabel;;;;
30891;Elektronik & Computer;Elektronik;Navigationsgeräte & Zubehör;Navigationsgeräte-Zubehör;Navigationsgeräte-Schutzfolien;;;;
63621;Elektronik & Computer;Elektronik;Navigationsgeräte & Zubehör;Navigationsgeräte-Zubehör;Navigationsgeräte-Ersatzteile;;;;
43221;Elektronik & Computer;Elektronik;Navigationsgeräte & Zubehör;Navigationsgeräte;;;;;
16821;Elektronik & Computer;Elektronik;Navigationsgeräte & Zubehör;Navigationssoftware;;;;;
52531;Elektronik & Computer;Elektronik;Bürotechnik;;;;;;
22791;Elektronik & Computer;Elektronik;Bürotechnik;;;;;;
59411;Elektronik & Computer;Elektronik;Bürotechnik;Barcodescanner;;;;;
64501;Elektronik & Computer;Elektronik;Bürotechnik;Registrierkassen;;;;;
37641;Elektronik & Computer;Elektronik;Bürotechnik;Kopierer;;;;;
37691;Elektronik & Computer;Elektronik;Bürotechnik;Diktiergeräte;;;;;
37661;Elektronik & Computer;Elektronik;Bürotechnik;Aktenvernichter;;;;;
63841;Elektronik & Computer;Elektronik;Bürotechnik;Sprachübersetzer;;;;;
37701;Elektronik & Computer;Elektronik;Bürotechnik;Faxgeräte;;;;;
37731;Elektronik & Computer;Elektronik;Bürotechnik;Falz- & Kuvertiergeräte;;;;;
37841;Elektronik & Computer;Elektronik;Bürotechnik;Frankiermaschinen;;;;;
37821;Elektronik & Computer;Elektronik;Bürotechnik;Papierschneidemaschinen;;;;;
37811;Elektronik & Computer;Elektronik;Bürotechnik;Taschenrechner;;;;;
37761;Elektronik & Computer;Elektronik;Bürotechnik;Laminiergeräte;;;;;
67051;Elektronik & Computer;Elektronik;Bürotechnik;Bürotechnik-Zubehör;;;;;
37791;Elektronik & Computer;Elektronik;Bürotechnik;Overheadprojektoren;;;;;
37781;Elektronik & Computer;Elektronik;Bürotechnik;Schreibmaschinen;;;;;
37741;Elektronik & Computer;Elektronik;Bürotechnik;Presenter;;;;;
34451;Elektronik & Computer;Elektronik;Foto & Video;;;;;;
38341;Elektronik & Computer;Elektronik;Foto & Video;Camcorder & Videokameras;;;;;
69265;Elektronik & Computer;Elektronik;Foto & Video;Camcorder & Videokameras;Action-Cams;;;;
47721;Elektronik & Computer;Elektronik;Foto & Video;Camcorder & Videokameras;Camcorder-Zubehör;;;;
38351;Elektronik & Computer;Elektronik;Foto & Video;Camcorder & Videokameras;Camcorder;;;;
69264;Elektronik & Computer;Elektronik;Foto & Video;Camcorder & Videokameras;Dashcams;;;;
49231;Elektronik & Computer;Elektronik;Foto & Video;Kamerazubehör;;;;;
36971;Elektronik & Computer;Elektronik;Foto & Video;Kamerazubehör;;;;;
49221;Elektronik & Computer;Elektronik;Foto & Video;Kamerazubehör;;;;;
49051;Elektronik & Computer;Elektronik;Foto & Video;Kamerazubehör;;;;;
37121;Elektronik & Computer;Elektronik;Foto & Video;Kamerazubehör;Kamerarucksäcke;;;;
26321;Elektronik & Computer;Elektronik;Foto & Video;Kamerazubehör;Kamerataschen;;;;
38941;Elektronik & Computer;Elektronik;Foto & Video;Kamerazubehör;Kamera-Akkus;;;;
57661;Elektronik & Computer;Elektronik;Foto & Video;Kamerazubehör;Kameratragegurte;;;;
60141;Elektronik & Computer;Elektronik;Foto & Video;Kamerazubehör;Kamera-Ladegeräte;;;;
37251;Elektronik & Computer;Elektronik;Foto & Video;Kamerazubehör;Blitzgeräte;;;;
30931;Elektronik & Computer;Elektronik;Foto & Video;Kamerazubehör;Kamera-Schutzfolien;;;;
60131;Elektronik & Computer;Elektronik;Foto & Video;Kamerazubehör;Kamera-Ersatzteile;;;;
37411;Elektronik & Computer;Elektronik;Foto & Video;Kamerazubehör;Kamera-Wasserwaagen;;;;
36981;Elektronik & Computer;Elektronik;Foto & Video;Kamerazubehör;Kamerastative;;;;
37011;Elektronik & Computer;Elektronik;Foto & Video;Kamerazubehör;Kamerastative;Klemmstative;;;
69269;Elektronik & Computer;Elektronik;Foto & Video;Kamerazubehör;Kamerastative;Gimbals;;;
37051;Elektronik & Computer;Elektronik;Foto & Video;Kamerazubehör;Kamerastative;Gorillastative;;;
37101;Elektronik & Computer;Elektronik;Foto & Video;Kamerazubehör;Kamerastative;Einbeinstative;;;
37031;Elektronik & Computer;Elektronik;Foto & Video;Kamerazubehör;Kamerastative;Tischstative;;;
36991;Elektronik & Computer;Elektronik;Foto & Video;Kamerazubehör;Kamerastative;Dreibeinstative;;;
30301;Elektronik & Computer;Elektronik;Foto & Video;Kamerazubehör;Augenmuscheln;;;;
37301;Elektronik & Computer;Elektronik;Foto & Video;Kamerazubehör;Blitz-Diffusoren;;;;
37271;Elektronik & Computer;Elektronik;Foto & Video;Kamerazubehör;Blitzschuhe;;;;
37361;Elektronik & Computer;Elektronik;Foto & Video;Kamerazubehör;Gehäusedeckel;;;;
58551;Elektronik & Computer;Elektronik;Foto & Video;Kamerazubehör;Sonstiges Kamerazubehör;;;;
37421;Elektronik & Computer;Elektronik;Foto & Video;Kamerazubehör;Foto-Filme;;;;
37451;Elektronik & Computer;Elektronik;Foto & Video;Kamerazubehör;Foto-Filme;Schwarzweiß-Filme;;;
37511;Elektronik & Computer;Elektronik;Foto & Video;Kamerazubehör;Foto-Filme;Farbnegativfilme;;;
37481;Elektronik & Computer;Elektronik;Foto & Video;Kamerazubehör;Foto-Filme;Farbdiafilme;;;
37441;Elektronik & Computer;Elektronik;Foto & Video;Kamerazubehör;Foto-Filme;Sofortbildfilme;;;
37331;Elektronik & Computer;Elektronik;Foto & Video;Kamerazubehör;Henkelgriffe;;;;
37111;Elektronik & Computer;Elektronik;Foto & Video;Kamerazubehör;Fernauslöser;;;;
37381;Elektronik & Computer;Elektronik;Foto & Video;Kamerazubehör;Unterwassergehäuse;;;;
36651;Elektronik & Computer;Elektronik;Foto & Video;Kameras;;;;;
36671;Elektronik & Computer;Elektronik;Foto & Video;Kameras;Digitalkameras;;;;
65521;Elektronik & Computer;Elektronik;Foto & Video;Kameras;Digitalkameras;Kinderkameras;;;
36691;Elektronik & Computer;Elektronik;Foto & Video;Kameras;Digitalkameras;Kompaktkameras;;;
36791;Elektronik & Computer;Elektronik;Foto & Video;Kameras;Digitalkameras;Systemkameras;;;
60091;Elektronik & Computer;Elektronik;Foto & Video;Kameras;Digitalkameras;Sonstige Digitalkameras;;;
36731;Elektronik & Computer;Elektronik;Foto & Video;Kameras;Digitalkameras;Spiegelreflexkameras ;;;
36771;Elektronik & Computer;Elektronik;Foto & Video;Kameras;Digitalkameras;Unterwasserkameras;;;
69665;Elektronik & Computer;Elektronik;Foto & Video;Kameras;Digitalkameras;Wildkameras;;;
36821;Elektronik & Computer;Elektronik;Foto & Video;Kameras;Analoge Kameras;;;;
36931;Elektronik & Computer;Elektronik;Foto & Video;Kameras;Analoge Kameras;Einwegkameras;;;
36901;Elektronik & Computer;Elektronik;Foto & Video;Kameras;Analoge Kameras;Sofortbildkameras;;;
36871;Elektronik & Computer;Elektronik;Foto & Video;Kameras;Analoge Kameras;Analoge Kompaktkameras;;;
36961;Elektronik & Computer;Elektronik;Foto & Video;Kameras;Analoge Kameras;Spiegelreflexkameras (SLR);;;
39601;Elektronik & Computer;Elektronik;Foto & Video;Digitale Bilderrahmen & Zubehör;;;;;
47741;Elektronik & Computer;Elektronik;Foto & Video;Digitale Bilderrahmen & Zubehör;Zubehör Digitale Bilderrahmen;;;;
47731;Elektronik & Computer;Elektronik;Foto & Video;Digitale Bilderrahmen & Zubehör;Digitale Bilderrahmen;;;;
37651;Elektronik & Computer;Elektronik;Foto & Video;Objektivzubehör;;;;;
37801;Elektronik & Computer;Elektronik;Foto & Video;Objektivzubehör;Reinigungssets;;;;
37851;Elektronik & Computer;Elektronik;Foto & Video;Objektivzubehör;Nahlinsen;;;;
37881;Elektronik & Computer;Elektronik;Foto & Video;Objektivzubehör;Filteradapter;;;;
37671;Elektronik & Computer;Elektronik;Foto & Video;Objektivzubehör;Objektivadapter;;;;
37771;Elektronik & Computer;Elektronik;Foto & Video;Objektivzubehör;Objektivpinsel;;;;
58391;Elektronik & Computer;Elektronik;Foto & Video;Objektivzubehör;Objektivtaschen;;;;
49071;Elektronik & Computer;Elektronik;Foto & Video;Objektivzubehör;Objektiv-Reinigungstücher;;;;
37751;Elektronik & Computer;Elektronik;Foto & Video;Objektivzubehör;Objektivdeckel;;;;
37901;Elektronik & Computer;Elektronik;Foto & Video;Objektivzubehör;Objektivfilter;;;;
38021;Elektronik & Computer;Elektronik;Foto & Video;Objektivzubehör;Objektivfilter;Farbfilter;;;
37921;Elektronik & Computer;Elektronik;Foto & Video;Objektivzubehör;Objektivfilter;Effektfilter;;;
37971;Elektronik & Computer;Elektronik;Foto & Video;Objektivzubehör;Objektivfilter;Effektfilter;Verlaufsfilter;;
37951;Elektronik & Computer;Elektronik;Foto & Video;Objektivzubehör;Objektivfilter;Effektfilter;Regenbogenfilter;;
37991;Elektronik & Computer;Elektronik;Foto & Video;Objektivzubehör;Objektivfilter;Effektfilter;Weichzeichner;;
37941;Elektronik & Computer;Elektronik;Foto & Video;Objektivzubehör;Objektivfilter;Effektfilter;Sternfilter;;
38041;Elektronik & Computer;Elektronik;Foto & Video;Objektivzubehör;Objektivfilter;Graufilter;;;
38081;Elektronik & Computer;Elektronik;Foto & Video;Objektivzubehör;Objektivfilter;Infrarotfilter;;;
37911;Elektronik & Computer;Elektronik;Foto & Video;Objektivzubehör;Objektivfilter;Polarisationsfilter;;;
61941;Elektronik & Computer;Elektronik;Foto & Video;Objektivzubehör;Objektivfilter;Schutzfilter;;;
38061;Elektronik & Computer;Elektronik;Foto & Video;Objektivzubehör;Objektivfilter;UV-Filter;;;
37721;Elektronik & Computer;Elektronik;Foto & Video;Objektivzubehör;Gegenlichtblenden;;;;
37831;Elektronik & Computer;Elektronik;Foto & Video;Objektivzubehör;Objektivplatten;;;;
37681;Elektronik & Computer;Elektronik;Foto & Video;Objektivzubehör;Umkehrringe;;;;
37711;Elektronik & Computer;Elektronik;Foto & Video;Objektivzubehör;Zwischenringe;;;;
37551;Elektronik & Computer;Elektronik;Foto & Video;Objektive;;;;;
37621;Elektronik & Computer;Elektronik;Foto & Video;Objektive;Fisheye Objektive;;;;
37601;Elektronik & Computer;Elektronik;Foto & Video;Objektive;Makroobjektive;;;;
37631;Elektronik & Computer;Elektronik;Foto & Video;Objektive;Objektive mit Festbrennweite;;;;
37561;Elektronik & Computer;Elektronik;Foto & Video;Objektive;Standardobjektive;;;;
37581;Elektronik & Computer;Elektronik;Foto & Video;Objektive;Teleobjektive;;;;
37571;Elektronik & Computer;Elektronik;Foto & Video;Objektive;Weitwinkelobjektive;;;;
38141;Elektronik & Computer;Elektronik;Foto & Video;Fotostudioequipment;;;;;
38251;Elektronik & Computer;Elektronik;Foto & Video;Fotostudioequipment;Lampenstative;;;;
38211;Elektronik & Computer;Elektronik;Foto & Video;Fotostudioequipment;Reflektoren (Fotografie);;;;
58581;Elektronik & Computer;Elektronik;Foto & Video;Fotostudioequipment;Sonstiges Fotostudioequipment;;;;
38271;Elektronik & Computer;Elektronik;Foto & Video;Fotostudioequipment;Lichtzelte;;;;
69518;Elektronik & Computer;Elektronik;Foto & Video;Fotostudioequipment;Ringlichter;;;;
38261;Elektronik & Computer;Elektronik;Foto & Video;Fotostudioequipment;Softboxen;;;;
38291;Elektronik & Computer;Elektronik;Foto & Video;Fotostudioequipment;Studiospots;;;;
34481;Elektronik & Computer;Elektronik;Stromversorgung;;;;;;
39071;Elektronik & Computer;Elektronik;Stromversorgung;Ladegeräte;;;;;
60501;Elektronik & Computer;Elektronik;Stromversorgung;Steckdosenadapter;;;;;
68947;Elektronik & Computer;Elektronik;Stromversorgung;Powerbanks;;;;;
38861;Elektronik & Computer;Elektronik;Stromversorgung;Akkus & Batterien;;;;;
69395;Elektronik & Computer;Elektronik;Stromversorgung;Akkus & Batterien;Knopfzellen;;;;
38871;Elektronik & Computer;Elektronik;Stromversorgung;Akkus & Batterien;Einweg-Batterien;;;;
38881;Elektronik & Computer;Elektronik;Stromversorgung;Akkus & Batterien;Akkus;;;;
39021;Elektronik & Computer;Elektronik;Stromversorgung;Akkus & Batterien;Akkuzubehör;;;;
52511;Elektronik & Computer;Elektronik;Stromversorgung;Akkus & Batterien;Akkuzubehör;Akkutester;;;
52521;Elektronik & Computer;Elektronik;Stromversorgung;Akkus & Batterien;Akkuzubehör;Sonstiges Akkuzubehör;;;
52371;Elektronik & Computer;Elektronik;Stromversorgung;Akkus & Batterien;Uhrenbatterien;;;;
62221;Elektronik & Computer;Elektronik;Stromversorgung;Trafos;;;;;
59191;Elektronik & Computer;Elektronik;Stromversorgung;Reiseadapter;;;;;
69427;Elektronik & Computer;Elektronik;Smart Home;;;;;;
49161;Elektronik & Computer;Elektronik;Telekommunikation;;;;;;
69252;Elektronik & Computer;Elektronik;Telekommunikation;;;;;;
34461;Elektronik & Computer;Elektronik;Telekommunikation;;;;;;
38571;Elektronik & Computer;Elektronik;Telekommunikation;Festnetztelefon-Zubehör;;;;;
49281;Elektronik & Computer;Elektronik;Telekommunikation;Festnetztelefon-Zubehör;;;;;
49151;Elektronik & Computer;Elektronik;Telekommunikation;Festnetztelefon-Zubehör;;;;;
62611;Elektronik & Computer;Elektronik;Telekommunikation;Festnetztelefon-Zubehör;Festnetztelefon Ladestationen;;;;
63361;Elektronik & Computer;Elektronik;Telekommunikation;Festnetztelefon-Zubehör;DSL-Splitter;;;;
30531;Elektronik & Computer;Elektronik;Telekommunikation;Festnetztelefon-Zubehör;Festnetztelefon-Schutzfolien;;;;
65451;Elektronik & Computer;Elektronik;Telekommunikation;Festnetztelefon-Zubehör;Sonstiges Festnetztelefonzubehör;;;;
38931;Elektronik & Computer;Elektronik;Telekommunikation;Festnetztelefon-Zubehör;Telefonakkus;;;;
38551;Elektronik & Computer;Elektronik;Telekommunikation;Festnetztelefone;;;;;
49101;Elektronik & Computer;Elektronik;Telekommunikation;Handyzubehör;;;;;
55341;Elektronik & Computer;Elektronik;Telekommunikation;Handyzubehör;;;;;
38441;Elektronik & Computer;Elektronik;Telekommunikation;Handyzubehör;;;;;
49201;Elektronik & Computer;Elektronik;Telekommunikation;Handyzubehör;;;;;
26311;Elektronik & Computer;Elektronik;Telekommunikation;Handyzubehör;Handytaschen;;;;
38491;Elektronik & Computer;Elektronik;Telekommunikation;Handyzubehör;Handyhüllen;;;;
38531;Elektronik & Computer;Elektronik;Telekommunikation;Handyzubehör;Displays;;;;
38511;Elektronik & Computer;Elektronik;Telekommunikation;Handyzubehör;Freisprechanlagen;;;;
58561;Elektronik & Computer;Elektronik;Telekommunikation;Handyzubehör;Sonstiges Handyzubehör;;;;
38911;Elektronik & Computer;Elektronik;Telekommunikation;Handyzubehör;Handyakkus;;;;
39131;Elektronik & Computer;Elektronik;Telekommunikation;Handyzubehör;Handy-Ladegeräte;;;;
57411;Elektronik & Computer;Elektronik;Telekommunikation;Handyzubehör;Handyanhänger;;;;
38471;Elektronik & Computer;Elektronik;Telekommunikation;Handyzubehör;Handy-Halterungen;;;;
30511;Elektronik & Computer;Elektronik;Telekommunikation;Handyzubehör;Handy-Schutzfolien;;;;
56551;Elektronik & Computer;Elektronik;Telekommunikation;Handyzubehör;Handy-Ersatzteile;;;;
68984;Elektronik & Computer;Elektronik;Telekommunikation;Handyzubehör;Handytarife;;;;
69316;Elektronik & Computer;Elektronik;Telekommunikation;Handyzubehör;PopSockets;;;;
68872;Elektronik & Computer;Elektronik;Telekommunikation;Handyzubehör;Selfie-Sticks;;;;
38371;Elektronik & Computer;Elektronik;Telekommunikation;Handys;;;;;
67942;Elektronik & Computer;Elektronik;Telekommunikation;Smartwatches;;;;;
68899;Elektronik & Computer;Elektronik;Telekommunikation;Funkgeräte & Zubehör;;;;;
60641;Elektronik & Computer;Elektronik;Telekommunikation;Funkgeräte & Zubehör;Funkgeräte-Akkus;;;;
60621;Elektronik & Computer;Elektronik;Telekommunikation;Funkgeräte & Zubehör;Funkgeräte;;;;
69861;Elektronik & Computer;Elektronik;Wearables;;;;;;
69867;Elektronik & Computer;Elektronik;Wearables;Smart Ringe;;;;;
1711;Mode & Accessoires;;;;;;;;
1851;Mode & Accessoires;Accessoires;;;;;;;
59331;Mode & Accessoires;Accessoires;Armstulpen;;;;;;
65551;Mode & Accessoires;Accessoires;Taschenhalter;;;;;;
27581;Mode & Accessoires;Accessoires;Gürtelschnallen;;;;;;
42531;Mode & Accessoires;Accessoires;Gürtel;;;;;;
27611;Mode & Accessoires;Accessoires;Fliegen;;;;;;
27641;Mode & Accessoires;Accessoires;Hosenträger;;;;;;
27901;Mode & Accessoires;Accessoires;Manschettenknöpfe;;;;;;
27871;Mode & Accessoires;Accessoires;Kummerbund;;;;;;
67572;Mode & Accessoires;Accessoires;Brillen & Zubehör;;;;;;
27961;Mode & Accessoires;Accessoires;Brillen & Zubehör;Brillen;;;;;
68242;Mode & Accessoires;Accessoires;Brillen & Zubehör;Brillen;Brillengestelle;;;;
28001;Mode & Accessoires;Accessoires;Brillen & Zubehör;Brillen;Lesebrillen;;;;
27981;Mode & Accessoires;Accessoires;Brillen & Zubehör;Brillen;Sonnenbrillen;;;;
66091;Mode & Accessoires;Accessoires;Brillen & Zubehör;Brillenzubehör;;;;;
68212;Mode & Accessoires;Accessoires;Brillen & Zubehör;Brillenzubehör;Brillenetuis;;;;
68222;Mode & Accessoires;Accessoires;Brillen & Zubehör;Brillenzubehör;Brillenputztücher;;;;
68232;Mode & Accessoires;Accessoires;Brillen & Zubehör;Brillenzubehör;Brillenhalter;;;;
69330;Mode & Accessoires;Accessoires;Brillen & Zubehör;Brillenzubehör;Wechselbügel;;;;
68252;Mode & Accessoires;Accessoires;Brillen & Zubehör;Brillenzubehör;Sonstiges Brillenzubehör;;;;
27131;Mode & Accessoires;Accessoires;Handschuhe;;;;;;
25461;Mode & Accessoires;Accessoires;Haaraccessoires;;;;;;
25481;Mode & Accessoires;Accessoires;Haaraccessoires;Extensions;;;;;
25521;Mode & Accessoires;Accessoires;Haaraccessoires;Haarbänder;;;;;
25651;Mode & Accessoires;Accessoires;Haaraccessoires;Haarspangen;;;;;
25581;Mode & Accessoires;Accessoires;Haaraccessoires;Haarklammern;;;;;
25601;Mode & Accessoires;Accessoires;Haaraccessoires;Haarnadeln;;;;;
25561;Mode & Accessoires;Accessoires;Haaraccessoires;Haargummis;;;;;
25631;Mode & Accessoires;Accessoires;Haaraccessoires;Haarreifen;;;;;
69833;Mode & Accessoires;Accessoires;Haaraccessoires;Echthaarperücken;;;;;
27031;Mode & Accessoires;Accessoires;Kopfbedeckungen;;;;;;
27061;Mode & Accessoires;Accessoires;Kopfbedeckungen;Mützen;;;;;
27081;Mode & Accessoires;Accessoires;Kopfbedeckungen;Kappen;;;;;
69711;Mode & Accessoires;Accessoires;Kopfbedeckungen;Ohrenwärmer;;;;;
27041;Mode & Accessoires;Accessoires;Kopfbedeckungen;Hüte;;;;;
45021;Mode & Accessoires;Accessoires;Kopfbedeckungen;Kopftücher;;;;;
27121;Mode & Accessoires;Accessoires;Kopfbedeckungen;Stirnbänder;;;;;
25231;Mode & Accessoires;Accessoires;Schmuck & Zubehör;;;;;;
52561;Mode & Accessoires;Accessoires;Schmuck & Zubehör;Schmuck;;;;;
25401;Mode & Accessoires;Accessoires;Schmuck & Zubehör;Schmuck;Fußketten;;;;
25311;Mode & Accessoires;Accessoires;Schmuck & Zubehör;Schmuck;Armschmuck;;;;
42361;Mode & Accessoires;Accessoires;Schmuck & Zubehör;Schmuck;Armschmuck;Armreife;;;
46031;Mode & Accessoires;Accessoires;Schmuck & Zubehör;Schmuck;Armschmuck;Armbänder;;;
42351;Mode & Accessoires;Accessoires;Schmuck & Zubehör;Schmuck;Armschmuck;Bettelarmbänder;;;
25361;Mode & Accessoires;Accessoires;Schmuck & Zubehör;Schmuck;Bauchketten;;;;
25381;Mode & Accessoires;Accessoires;Schmuck & Zubehör;Schmuck;Broschen;;;;
25331;Mode & Accessoires;Accessoires;Schmuck & Zubehör;Schmuck;Ohrringe;;;;
42411;Mode & Accessoires;Accessoires;Schmuck & Zubehör;Schmuck;Ohrringe;Ohrclips;;;
69658;Mode & Accessoires;Accessoires;Schmuck & Zubehör;Schmuck;Ohrringe;Ear Cuffs;;;
42421;Mode & Accessoires;Accessoires;Schmuck & Zubehör;Schmuck;Ohrringe;Ohrhänger;;;
68642;Mode & Accessoires;Accessoires;Schmuck & Zubehör;Schmuck;Ohrringe;Creolen;;;
42391;Mode & Accessoires;Accessoires;Schmuck & Zubehör;Schmuck;Ohrringe;Ohrstecker;;;
25411;Mode & Accessoires;Accessoires;Schmuck & Zubehör;Schmuck;Schmucksets;;;;
25301;Mode & Accessoires;Accessoires;Schmuck & Zubehör;Schmuck;Halsschmuck;;;;
42321;Mode & Accessoires;Accessoires;Schmuck & Zubehör;Schmuck;Halsschmuck;Colliers;;;
42341;Mode & Accessoires;Accessoires;Schmuck & Zubehör;Schmuck;Halsschmuck;Halsketten;;;
69106;Mode & Accessoires;Accessoires;Schmuck & Zubehör;Schmuck;Halsschmuck;Rosenkränze;;;
25321;Mode & Accessoires;Accessoires;Schmuck & Zubehör;Schmuck;Schmuckanhänger;;;;
56391;Mode & Accessoires;Accessoires;Schmuck & Zubehör;Schmuck;Schmuckanhänger;Beads;;;
56401;Mode & Accessoires;Accessoires;Schmuck & Zubehör;Schmuck;Schmuckanhänger;Charms;;;
56411;Mode & Accessoires;Accessoires;Schmuck & Zubehör;Schmuck;Schmuckanhänger;Sonstige Schmuckanhänger;;;
67511;Mode & Accessoires;Accessoires;Schmuck & Zubehör;Schmuck;Schmuckanhänger;Chunks;;;
25341;Mode & Accessoires;Accessoires;Schmuck & Zubehör;Schmuck;Piercings;;;;
42451;Mode & Accessoires;Accessoires;Schmuck & Zubehör;Schmuck;Piercings;Ohrpiercings;;;
42481;Mode & Accessoires;Accessoires;Schmuck & Zubehör;Schmuck;Piercings;Augenbrauenpiercings;;;
42471;Mode & Accessoires;Accessoires;Schmuck & Zubehör;Schmuck;Piercings;Intimpiercings;;;
42501;Mode & Accessoires;Accessoires;Schmuck & Zubehör;Schmuck;Piercings;Lippenpiercings;;;
42431;Mode & Accessoires;Accessoires;Schmuck & Zubehör;Schmuck;Piercings;Bauchnabelpiercings;;;
42461;Mode & Accessoires;Accessoires;Schmuck & Zubehör;Schmuck;Piercings;Brustwarzenpiercings;;;
42441;Mode & Accessoires;Accessoires;Schmuck & Zubehör;Schmuck;Piercings;Nasenpiercings;;;
42491;Mode & Accessoires;Accessoires;Schmuck & Zubehör;Schmuck;Piercings;Zungenpiercings;;;
25271;Mode & Accessoires;Accessoires;Schmuck & Zubehör;Schmuck;Ringe;;;;
25421;Mode & Accessoires;Accessoires;Schmuck & Zubehör;Schmuckzubehör;;;;;
63131;Mode & Accessoires;Accessoires;Schmuck & Zubehör;Schmuckzubehör;;;;;
42521;Mode & Accessoires;Accessoires;Schmuck & Zubehör;Schmuckzubehör;Verlängerungsketten;;;;
42511;Mode & Accessoires;Accessoires;Schmuck & Zubehör;Schmuckzubehör;Schmuckaufbewahrung;;;;
69717;Mode & Accessoires;Accessoires;Schmuck & Zubehör;Schmuckzubehör;Schmuckaufbewahrung;Schmuckkästchen;;;
69716;Mode & Accessoires;Accessoires;Schmuck & Zubehör;Schmuckzubehör;Schmuckaufbewahrung;Schmuckschränke;;;
69718;Mode & Accessoires;Accessoires;Schmuck & Zubehör;Schmuckzubehör;Schmuckaufbewahrung;Schmuckständer;;;
69714;Mode & Accessoires;Accessoires;Schmuck & Zubehör;Schmuckzubehör;Schmuckaufbewahrung;Sonstige Schmuckaufbewahrung;;;
69719;Mode & Accessoires;Accessoires;Schmuck & Zubehör;Schmuckzubehör;Schmuckaufbewahrung;Ringboxen;;;
45011;Mode & Accessoires;Accessoires;Schmuck & Zubehör;Schmuckzubehör;Sonstiges Schmuckzubehör;;;;
58191;Mode & Accessoires;Accessoires;Schmuck & Zubehör;Schmuckzubehör;Piercing-Kugeln;;;;
27941;Mode & Accessoires;Accessoires;Schlüsselanhänger;;;;;;
65091;Mode & Accessoires;Accessoires;Schlüsselbänder;;;;;;
64891;Mode & Accessoires;Accessoires;Sonstige Accessoires;;;;;;
56341;Mode & Accessoires;Accessoires;Anstecknadeln;;;;;;
27371;Mode & Accessoires;Accessoires;Schals & Tücher;;;;;;
27491;Mode & Accessoires;Accessoires;Schals & Tücher;Stofftaschentücher;;;;;
27451;Mode & Accessoires;Accessoires;Schals & Tücher;Halstücher;;;;;
65201;Mode & Accessoires;Accessoires;Schals & Tücher;Halswärmer;;;;;
27511;Mode & Accessoires;Accessoires;Schals & Tücher;Pareos;;;;;
27421;Mode & Accessoires;Accessoires;Schals & Tücher;Einstecktücher;;;;;
27401;Mode & Accessoires;Accessoires;Schals & Tücher;Schals;;;;;
27481;Mode & Accessoires;Accessoires;Schals & Tücher;Stolas;;;;;
67592;Mode & Accessoires;Accessoires;Krawatten & Zubehör;;;;;;
27841;Mode & Accessoires;Accessoires;Krawatten & Zubehör;Krawattennadeln;;;;;
27811;Mode & Accessoires;Accessoires;Krawatten & Zubehör;Krawatten;;;;;
28131;Mode & Accessoires;Accessoires;Regenschirme;;;;;;
56311;Mode & Accessoires;Taschen;;;;;;;
1871;Mode & Accessoires;Taschen;;;;;;;
25921;Mode & Accessoires;Taschen;Rucksäcke;;;;;;
25831;Mode & Accessoires;Taschen;Gürteltaschen;;;;;;
25801;Mode & Accessoires;Taschen;Aktentaschen;;;;;;
25821;Mode & Accessoires;Taschen;Bauchtaschen;;;;;;
69093;Mode & Accessoires;Taschen;Clutches;;;;;;
25851;Mode & Accessoires;Taschen;Stoffbeutel;;;;;;
25671;Mode & Accessoires;Taschen;Handtaschen;;;;;;
26271;Mode & Accessoires;Taschen;Sonstige Taschen;;;;;;
26231;Mode & Accessoires;Taschen;Schultaschen;;;;;;
26161;Mode & Accessoires;Taschen;Schultaschen;Turnbeutel;;;;;
26251;Mode & Accessoires;Taschen;Schultaschen;Federmäppchen;;;;;
26261;Mode & Accessoires;Taschen;Schultaschen;Schulrucksäcke;;;;;
26241;Mode & Accessoires;Taschen;Schultaschen;Schulranzen;;;;;
25861;Mode & Accessoires;Taschen;Umhängetaschen;;;;;;
26091;Mode & Accessoires;Taschen;Kleinlederwaren;;;;;;
61381;Mode & Accessoires;Taschen;Kleinlederwaren;Kredit- & Visitenkartenetuis;;;;;
26131;Mode & Accessoires;Taschen;Kleinlederwaren;Ausweismappen;;;;;
58201;Mode & Accessoires;Taschen;Kleinlederwaren;Schlüsseletuis;;;;;
26111;Mode & Accessoires;Taschen;Kleinlederwaren;Portemonnaies;;;;;
1891;Mode & Accessoires;Taschen;Koffer & Reisegepäck;;;;;;
55681;Mode & Accessoires;Taschen;Koffer & Reisegepäck;;;;;;
21111;Mode & Accessoires;Taschen;Koffer & Reisegepäck;Seesäcke;;;;;
69151;Mode & Accessoires;Taschen;Koffer & Reisegepäck;Schminkkoffer;;;;;
21081;Mode & Accessoires;Taschen;Koffer & Reisegepäck;Koffer & Zubehör;;;;;
43181;Mode & Accessoires;Taschen;Koffer & Reisegepäck;Koffer & Zubehör;Koffer;;;;
61401;Mode & Accessoires;Taschen;Koffer & Reisegepäck;Koffer & Zubehör;Koffer;Kinderkoffer;;;
21141;Mode & Accessoires;Taschen;Koffer & Reisegepäck;Koffer & Zubehör;Koffer;Klassische Koffer;;;
21151;Mode & Accessoires;Taschen;Koffer & Reisegepäck;Koffer & Zubehör;Koffer;Trolleys;;;
21091;Mode & Accessoires;Taschen;Koffer & Reisegepäck;Koffer & Zubehör;Kofferzubehör;;;;
21131;Mode & Accessoires;Taschen;Koffer & Reisegepäck;Kulturbeutel;;;;;
21101;Mode & Accessoires;Taschen;Koffer & Reisegepäck;Reisetaschen;;;;;
21121;Mode & Accessoires;Taschen;Koffer & Reisegepäck;Beauty Cases;;;;;
20031;Mode & Accessoires;Uhren & Zubehör;;;;;;;
68906;Mode & Accessoires;Uhren & Zubehör;;;;;;;
57541;Mode & Accessoires;Uhren & Zubehör;Taschenuhren;;;;;;
42611;Mode & Accessoires;Uhren & Zubehör;Armbanduhrenzubehör;;;;;;
69327;Mode & Accessoires;Uhren & Zubehör;Armbanduhrenzubehör;;;;;;
45031;Mode & Accessoires;Uhren & Zubehör;Armbanduhrenzubehör;Sonstiges Armbanduhrenzubehör;;;;;
42621;Mode & Accessoires;Uhren & Zubehör;Armbanduhrenzubehör;Uhrenarmbänder;;;;;
56641;Mode & Accessoires;Uhren & Zubehör;Armbanduhrenzubehör;Uhrenboxen;;;;;
30921;Mode & Accessoires;Uhren & Zubehör;Armbanduhrenzubehör;Schutzfolien Uhren;;;;;
53261;Mode & Accessoires;Uhren & Zubehör;Armbanduhrenzubehör;Uhrenbeweger;;;;;
42601;Mode & Accessoires;Uhren & Zubehör;Armbanduhren;;;;;;
1751;Mode & Accessoires;Kleidung;;;;;;;
55651;Mode & Accessoires;Kleidung;;;;;;;
21341;Mode & Accessoires;Kleidung;Bademäntel;;;;;;
21301;Mode & Accessoires;Kleidung;Blusen;;;;;;
52141;Mode & Accessoires;Kleidung;Businesskleidungen;;;;;;
21281;Mode & Accessoires;Kleidung;Businesskleidungen;;;;;;
52241;Mode & Accessoires;Kleidung;Businesskleidungen;;;;;;
52231;Mode & Accessoires;Kleidung;Businesskleidungen;Blazer;;;;;
22901;Mode & Accessoires;Kleidung;Businesskleidungen;Businesskleider;;;;;
23111;Mode & Accessoires;Kleidung;Businesskleidungen;Business-Kostüme;;;;;
23131;Mode & Accessoires;Kleidung;Businesskleidungen;Hosenanzüge;;;;;
23311;Mode & Accessoires;Kleidung;Businesskleidungen;Anzugsakkos;;;;;
23171;Mode & Accessoires;Kleidung;Businesskleidungen;Anzughosen;;;;;
23151;Mode & Accessoires;Kleidung;Businesskleidungen;Anzüge;;;;;
21881;Mode & Accessoires;Kleidung;Businesskleidungen;Anzugwesten;;;;;
21211;Mode & Accessoires;Kleidung;Mäntel;;;;;;
21851;Mode & Accessoires;Kleidung;Mäntel;Daunenmäntel;;;;;
44961;Mode & Accessoires;Kleidung;Mäntel;Sonstige Mäntel;;;;;
21811;Mode & Accessoires;Kleidung;Mäntel;Parkas;;;;;
21861;Mode & Accessoires;Kleidung;Mäntel;Steppmäntel;;;;;
61131;Mode & Accessoires;Kleidung;Mäntel;Regenmäntel;;;;;
21821;Mode & Accessoires;Kleidung;Mäntel;Trenchcoats;;;;;
21841;Mode & Accessoires;Kleidung;Mäntel;Wollmäntel;;;;;
21271;Mode & Accessoires;Kleidung;Kleider;;;;;;
23031;Mode & Accessoires;Kleidung;Kleider;Strandkleider;;;;;
22881;Mode & Accessoires;Kleidung;Kleider;Blusenkleider;;;;;
22891;Mode & Accessoires;Kleidung;Kleider;Brautjungfernkleider;;;;;
22911;Mode & Accessoires;Kleidung;Kleider;Chiffonkleider;;;;;
22931;Mode & Accessoires;Kleidung;Kleider;Cocktailkleider;;;;;
22871;Mode & Accessoires;Kleidung;Kleider;Abendkleider;;;;;
23001;Mode & Accessoires;Kleidung;Kleider;Jerseykleider;;;;;
23061;Mode & Accessoires;Kleidung;Kleider;Strickkleider;;;;;
22991;Mode & Accessoires;Kleidung;Kleider;Maxikleider;;;;;
69430;Mode & Accessoires;Kleidung;Kleider;Minikleider;;;;;
66531;Mode & Accessoires;Kleidung;Kleider;Sonstige Kleider;;;;;
22971;Mode & Accessoires;Kleidung;Kleider;Etuikleider;;;;;
23021;Mode & Accessoires;Kleidung;Kleider;Sommerkleider;;;;;
23071;Mode & Accessoires;Kleidung;Kleider;Tenniskleider;;;;;
52291;Mode & Accessoires;Kleidung;Abendgarderoben;;;;;;
52251;Mode & Accessoires;Kleidung;Abendgarderoben;;;;;;
52281;Mode & Accessoires;Kleidung;Abendgarderoben;;;;;;
52321;Mode & Accessoires;Kleidung;Abendgarderoben;;;;;;
21291;Mode & Accessoires;Kleidung;Abendgarderoben;;;;;;
52341;Mode & Accessoires;Kleidung;Abendgarderoben;;;;;;
52271;Mode & Accessoires;Kleidung;Abendgarderoben;;;;;;
52311;Mode & Accessoires;Kleidung;Abendgarderoben;;;;;;
52301;Mode & Accessoires;Kleidung;Abendgarderoben;;;;;;
52261;Mode & Accessoires;Kleidung;Abendgarderoben;;;;;;
52331;Mode & Accessoires;Kleidung;Abendgarderoben;;;;;;
23331;Mode & Accessoires;Kleidung;Abendgarderoben;Fracks;;;;;
23391;Mode & Accessoires;Kleidung;Abendgarderoben;Smokings;;;;;
1761;Mode & Accessoires;Kleidung;Verkleidungen;;;;;;
20711;Mode & Accessoires;Kleidung;Verkleidungen;Kostümzubehör;;;;;
20861;Mode & Accessoires;Kleidung;Verkleidungen;Kostümzubehör;Kostümperücken;;;;
20951;Mode & Accessoires;Kleidung;Verkleidungen;Kostümzubehör;Kostümtaschen;;;;
20901;Mode & Accessoires;Kleidung;Verkleidungen;Kostümzubehör;Kostümfliegen;;;;
20921;Mode & Accessoires;Kleidung;Verkleidungen;Kostümzubehör;Kostümhandschuhe;;;;
20941;Mode & Accessoires;Kleidung;Verkleidungen;Kostümzubehör;Kostümschmuck;;;;
56981;Mode & Accessoires;Kleidung;Verkleidungen;Kostümzubehör;Kostümstrümpfe;;;;
20931;Mode & Accessoires;Kleidung;Verkleidungen;Kostümzubehör;Kostümkrawatten;;;;
20911;Mode & Accessoires;Kleidung;Verkleidungen;Kostümzubehör;Kostümflügel;;;;
60151;Mode & Accessoires;Kleidung;Verkleidungen;Kostümzubehör;Kostümgürtel;;;;
60161;Mode & Accessoires;Kleidung;Verkleidungen;Kostümzubehör;Kostümschuhe;;;;
20881;Mode & Accessoires;Kleidung;Verkleidungen;Kostümzubehör;Kostüm-Make-ups;;;;
59451;Mode & Accessoires;Kleidung;Verkleidungen;Kostümzubehör;Kostüm-Make-ups;Color-Haarsprays;;;
20991;Mode & Accessoires;Kleidung;Verkleidungen;Kostümzubehör;Kostüm-Make-ups;Kunstblut;;;
62151;Mode & Accessoires;Kleidung;Verkleidungen;Kostümzubehör;Kostüm-Make-ups;Glitzer;;;
21001;Mode & Accessoires;Kleidung;Verkleidungen;Kostümzubehör;Kostüm-Make-ups;Schminkstifte;;;
66071;Mode & Accessoires;Kleidung;Verkleidungen;Kostümzubehör;Kostüm-Make-ups;Theaterschminke;;;
60181;Mode & Accessoires;Kleidung;Verkleidungen;Kostümzubehör;Kostümstrumpfhosen;;;;
60191;Mode & Accessoires;Kleidung;Verkleidungen;Kostümzubehör;Kostümstulpen & -gamaschen;;;;
60171;Mode & Accessoires;Kleidung;Verkleidungen;Kostümzubehör;Kostümwaffen;;;;
20871;Mode & Accessoires;Kleidung;Verkleidungen;Kostümzubehör;Kopfschmuck;;;;
20971;Mode & Accessoires;Kleidung;Verkleidungen;Kostümzubehör;Kopfschmuck;Kostümmützen;;;
20961;Mode & Accessoires;Kleidung;Verkleidungen;Kostümzubehör;Kopfschmuck;Kostümhüte;;;
20981;Mode & Accessoires;Kleidung;Verkleidungen;Kostümzubehör;Kopfschmuck;Kostümhelme;;;
56611;Mode & Accessoires;Kleidung;Verkleidungen;Kostümzubehör;Kopfschmuck;Sonstiger Kopfschmuck;;;
20891;Mode & Accessoires;Kleidung;Verkleidungen;Kostümzubehör;Masken;;;;
21061;Mode & Accessoires;Kleidung;Verkleidungen;Kostümzubehör;Masken;Kostümbärte;;;
21031;Mode & Accessoires;Kleidung;Verkleidungen;Kostümzubehör;Masken;Kostümohren;;;
21071;Mode & Accessoires;Kleidung;Verkleidungen;Kostümzubehör;Masken;Kostümbrillen;;;
21041;Mode & Accessoires;Kleidung;Verkleidungen;Kostümzubehör;Masken;Kostümnasen;;;
21051;Mode & Accessoires;Kleidung;Verkleidungen;Kostümzubehör;Masken;Kostümzähne;;;
21011;Mode & Accessoires;Kleidung;Verkleidungen;Kostümzubehör;Masken;Ganzkopfmasken;;;
21021;Mode & Accessoires;Kleidung;Verkleidungen;Kostümzubehör;Masken;Venezianische Masken;;;
57001;Mode & Accessoires;Kleidung;Verkleidungen;Kostümzubehör;Sonstiges Kostümzubehör;;;;
68914;Mode & Accessoires;Kleidung;Verkleidungen;Kostümzubehör;Dekowaffen;;;;
20701;Mode & Accessoires;Kleidung;Verkleidungen;Kostüme;;;;;
20831;Mode & Accessoires;Kleidung;Verkleidungen;Kostüme;Tierkostüme;;;;
69720;Mode & Accessoires;Kleidung;Verkleidungen;Kostüme;Babykostüme;;;;
20851;Mode & Accessoires;Kleidung;Verkleidungen;Kostüme;Weihnachtskostüme;;;;
57361;Mode & Accessoires;Kleidung;Verkleidungen;Kostüme;Clownkostüme;;;;
68262;Mode & Accessoires;Kleidung;Verkleidungen;Kostüme;Comic Kostüme;;;;
20791;Mode & Accessoires;Kleidung;Verkleidungen;Kostüme;Länderkostüme;;;;
20731;Mode & Accessoires;Kleidung;Verkleidungen;Kostüme;Cowboykostüme;;;;
20801;Mode & Accessoires;Kleidung;Verkleidungen;Kostüme;Märchenkostüme;;;;
20741;Mode & Accessoires;Kleidung;Verkleidungen;Kostüme;Flower-Power-Kostüme;;;;
20771;Mode & Accessoires;Kleidung;Verkleidungen;Kostüme;Historische Kostüme;;;;
69112;Mode & Accessoires;Kleidung;Verkleidungen;Kostüme;Horror-Kostüme;;;;
56491;Mode & Accessoires;Kleidung;Verkleidungen;Kostüme;Sonstige Kostüme;;;;
64931;Mode & Accessoires;Kleidung;Verkleidungen;Kostüme;Morphsuits;;;;
20781;Mode & Accessoires;Kleidung;Verkleidungen;Kostüme;Indianerkostüme;;;;
20811;Mode & Accessoires;Kleidung;Verkleidungen;Kostüme;Piratenkostüme;;;;
20821;Mode & Accessoires;Kleidung;Verkleidungen;Kostüme;Showkostüme;;;;
68182;Mode & Accessoires;Kleidung;Verkleidungen;Kostüme;Superhelden Kostüme;;;;
68192;Mode & Accessoires;Kleidung;Verkleidungen;Kostüme;TV-Kostüme und Filmkostüme;;;;
20841;Mode & Accessoires;Kleidung;Verkleidungen;Kostüme;Vampirkostüme;;;;
20761;Mode & Accessoires;Kleidung;Verkleidungen;Kostüme;Hexenkostüme;;;;
20721;Mode & Accessoires;Kleidung;Verkleidungen;Kostüme;Berufskostüme;;;;
21221;Mode & Accessoires;Kleidung;Westen;;;;;;
21201;Mode & Accessoires;Kleidung;Jacken;;;;;;
21741;Mode & Accessoires;Kleidung;Jacken;Blousonjacken;;;;;
21671;Mode & Accessoires;Kleidung;Jacken;Boleros;;;;;
21731;Mode & Accessoires;Kleidung;Jacken;Bomberjacken;;;;;
21591;Mode & Accessoires;Kleidung;Jacken;Strickjacken;;;;;
69091;Mode & Accessoires;Kleidung;Jacken;Collegejacken;;;;;
21701;Mode & Accessoires;Kleidung;Jacken;Jeansjacken;;;;;
21621;Mode & Accessoires;Kleidung;Jacken;Daunenjacken;;;;;
21601;Mode & Accessoires;Kleidung;Jacken;Fleecejacken;;;;;
21691;Mode & Accessoires;Kleidung;Jacken;Lederjacken;;;;;
56651;Mode & Accessoires;Kleidung;Jacken;Übergangsjacken;;;;;
44951;Mode & Accessoires;Kleidung;Jacken;Sonstige Jacken;;;;;
21641;Mode & Accessoires;Kleidung;Jacken;Outdoorjacken;;;;;
21631;Mode & Accessoires;Kleidung;Jacken;Steppjacken;;;;;
21711;Mode & Accessoires;Kleidung;Jacken;Regenjacken;;;;;
21611;Mode & Accessoires;Kleidung;Jacken;Softshelljacken;;;;;
21681;Mode & Accessoires;Kleidung;Jacken;Sakkos;;;;;
60771;Mode & Accessoires;Kleidung;Jacken;Sommerjacken;;;;;
21581;Mode & Accessoires;Kleidung;Jacken;Sweatjacken;;;;;
21721;Mode & Accessoires;Kleidung;Jacken;Windbreaker;;;;;
21651;Mode & Accessoires;Kleidung;Jacken;Winterjacken;;;;;
69004;Mode & Accessoires;Kleidung;Pullover;;;;;;
69001;Mode & Accessoires;Kleidung;Pullover;;;;;;
21181;Mode & Accessoires;Kleidung;Pullover;;;;;;
69005;Mode & Accessoires;Kleidung;Pullover;;;;;;
69003;Mode & Accessoires;Kleidung;Pullover;;;;;;
69009;Mode & Accessoires;Kleidung;Pullover;Kapuzenpullover;;;;;
69010;Mode & Accessoires;Kleidung;Pullover;Sonstige Pullover;;;;;
69513;Mode & Accessoires;Kleidung;Pullover;Sweatshirts;;;;;
69007;Mode & Accessoires;Kleidung;Pullover;Rollkragenpullover;;;;;
21381;Mode & Accessoires;Kleidung;Umstandsmoden;;;;;;
24211;Mode & Accessoires;Kleidung;Umstandsmoden;Umstandskleider;;;;;
24201;Mode & Accessoires;Kleidung;Umstandsmoden;Umstandsjacken;;;;;
24221;Mode & Accessoires;Kleidung;Umstandsmoden;Umstandsnachtwäsche;;;;;
24241;Mode & Accessoires;Kleidung;Umstandsmoden;Umstandsröcke;;;;;
24171;Mode & Accessoires;Kleidung;Umstandsmoden;Umstandsbademoden;;;;;
24231;Mode & Accessoires;Kleidung;Umstandsmoden;Umstandsoberteile;;;;;
24191;Mode & Accessoires;Kleidung;Umstandsmoden;Umstandshosen;;;;;
24251;Mode & Accessoires;Kleidung;Umstandsmoden;Umstandsunterwäsche;;;;;
21331;Mode & Accessoires;Kleidung;Nachtwäsche & Homewear;;;;;;
59371;Mode & Accessoires;Kleidung;Nachtwäsche & Homewear;Babydolls;;;;;
69514;Mode & Accessoires;Kleidung;Nachtwäsche & Homewear;Hausanzüge;;;;;
23921;Mode & Accessoires;Kleidung;Nachtwäsche & Homewear;Negligés;;;;;
23911;Mode & Accessoires;Kleidung;Nachtwäsche & Homewear;Nachthemden;;;;;
23941;Mode & Accessoires;Kleidung;Nachtwäsche & Homewear;Schlafhosen;;;;;
23951;Mode & Accessoires;Kleidung;Nachtwäsche & Homewear;Schlafshirts;;;;;
23931;Mode & Accessoires;Kleidung;Nachtwäsche & Homewear;Schlafanzüge;;;;;
21251;Mode & Accessoires;Kleidung;Overalls;;;;;;
21231;Mode & Accessoires;Kleidung;Ponchos;;;;;;
21311;Mode & Accessoires;Kleidung;Hemden;;;;;;
21171;Mode & Accessoires;Kleidung;Shirts;;;;;;
21401;Mode & Accessoires;Kleidung;Shirts;Langarmshirts;;;;;
69054;Mode & Accessoires;Kleidung;Shirts;Sonstige Shirts;;;;;
21411;Mode & Accessoires;Kleidung;Shirts;Poloshirts;;;;;
21391;Mode & Accessoires;Kleidung;Shirts;T-Shirts;;;;;
21261;Mode & Accessoires;Kleidung;Röcke;;;;;;
22631;Mode & Accessoires;Kleidung;Röcke;A-Linien-Röcke;;;;;
22731;Mode & Accessoires;Kleidung;Röcke;Jeansröcke;;;;;
69451;Mode & Accessoires;Kleidung;Röcke;Unterröcke;;;;;
22751;Mode & Accessoires;Kleidung;Röcke;Maxiröcke;;;;;
22761;Mode & Accessoires;Kleidung;Röcke;Miniröcke;;;;;
67381;Mode & Accessoires;Kleidung;Röcke;Sonstige Röcke;;;;;
22711;Mode & Accessoires;Kleidung;Röcke;Bleistiftröcke;;;;;
22721;Mode & Accessoires;Kleidung;Röcke;Faltenröcke;;;;;
22771;Mode & Accessoires;Kleidung;Röcke;Schottenröcke;;;;;
22781;Mode & Accessoires;Kleidung;Röcke;Stufenröcke;;;;;
69726;Mode & Accessoires;Kleidung;Röcke;Tüllröcke;;;;;
22861;Mode & Accessoires;Kleidung;Röcke;Wickelröcke;;;;;
21361;Mode & Accessoires;Kleidung;Strümpfe & Socken;;;;;;
69762;Mode & Accessoires;Kleidung;Strümpfe & Socken;Kompressionsstrümpfe;;;;;
24081;Mode & Accessoires;Kleidung;Strümpfe & Socken;Halterlose Strümpfe;;;;;
24071;Mode & Accessoires;Kleidung;Strümpfe & Socken;Kniestrümpfe;;;;;
24111;Mode & Accessoires;Kleidung;Strümpfe & Socken;Stulpen;;;;;
24101;Mode & Accessoires;Kleidung;Strümpfe & Socken;Füsslinge;;;;;
58181;Mode & Accessoires;Kleidung;Strümpfe & Socken;Overknees;;;;;
69728;Mode & Accessoires;Kleidung;Strümpfe & Socken;Sneakersocken;;;;;
24061;Mode & Accessoires;Kleidung;Strümpfe & Socken;Socken;;;;;
24091;Mode & Accessoires;Kleidung;Strümpfe & Socken;Strumpfhosen;;;;;
61111;Mode & Accessoires;Kleidung;Strümpfe & Socken;Zehensocken;;;;;
21351;Mode & Accessoires;Kleidung;Bademoden;;;;;;
23961;Mode & Accessoires;Kleidung;Bademoden;Bikinis;;;;;
23981;Mode & Accessoires;Kleidung;Bademoden;Bikinis;Bikini-Hosen;;;;
23971;Mode & Accessoires;Kleidung;Bademoden;Bikinis;Bikini-Sets;;;;
23991;Mode & Accessoires;Kleidung;Bademoden;Bikinis;Bikini-Oberteile;;;;
24021;Mode & Accessoires;Kleidung;Bademoden;Monokinis;;;;;
24031;Mode & Accessoires;Kleidung;Bademoden;Badehosen;;;;;
24001;Mode & Accessoires;Kleidung;Bademoden;Badeanzüge;;;;;
24011;Mode & Accessoires;Kleidung;Bademoden;Tankinis;;;;;
21421;Mode & Accessoires;Kleidung;Tops;;;;;;
69052;Mode & Accessoires;Kleidung;Tops;Babydoll Tops;;;;;
69047;Mode & Accessoires;Kleidung;Tops;Bandeau-Tops;;;;;
69053;Mode & Accessoires;Kleidung;Tops;Blusentops;;;;;
69048;Mode & Accessoires;Kleidung;Tops;Neckholder Tops;;;;;
69045;Mode & Accessoires;Kleidung;Tops;Sonstige Tops;;;;;
69051;Mode & Accessoires;Kleidung;Tops;One Shoulder Tops;;;;;
69050;Mode & Accessoires;Kleidung;Tops;Spaghetti Tops;;;;;
69046;Mode & Accessoires;Kleidung;Tops;Tank Tops;;;;;
69049;Mode & Accessoires;Kleidung;Tops;Longtops;;;;;
69040;Mode & Accessoires;Kleidung;Trachten;;;;;;
69030;Mode & Accessoires;Kleidung;Trachten;;;;;;
69038;Mode & Accessoires;Kleidung;Trachten;Dirndlschürzen;;;;;
69032;Mode & Accessoires;Kleidung;Trachten;Dirndlblusen;;;;;
69035;Mode & Accessoires;Kleidung;Trachten;Dirndl-BHs;;;;;
22951;Mode & Accessoires;Kleidung;Trachten;Dirndl;;;;;
21991;Mode & Accessoires;Kleidung;Trachten;Lederhosen;;;;;
69033;Mode & Accessoires;Kleidung;Trachten;Trachtenblusen;;;;;
69037;Mode & Accessoires;Kleidung;Trachten;Trachten Strickjacken;;;;;
69036;Mode & Accessoires;Kleidung;Trachten;Trachtenmieder;;;;;
69034;Mode & Accessoires;Kleidung;Trachten;Trachtenhemden;;;;;
69039;Mode & Accessoires;Kleidung;Trachten;Trachtensocken;;;;;
69715;Mode & Accessoires;Kleidung;Trachten;Trachtenjacken;;;;;
69713;Mode & Accessoires;Kleidung;Trachten;Trachtenwesten;;;;;
69249;Mode & Accessoires;Kleidung;Hosen;;;;;;
21241;Mode & Accessoires;Kleidung;Hosen;;;;;;
22021;Mode & Accessoires;Kleidung;Hosen;7/8-Hosen;;;;;
21981;Mode & Accessoires;Kleidung;Hosen;Caprihosen;;;;;
21941;Mode & Accessoires;Kleidung;Hosen;Cargohosen;;;;;
56451;Mode & Accessoires;Kleidung;Hosen;Chinos;;;;;
21961;Mode & Accessoires;Kleidung;Hosen;Cordhosen;;;;;
22001;Mode & Accessoires;Kleidung;Hosen;Latzhosen;;;;;
22041;Mode & Accessoires;Kleidung;Hosen;Hot Pants;;;;;
21911;Mode & Accessoires;Kleidung;Hosen;Jeans;;;;;
22031;Mode & Accessoires;Kleidung;Hosen;Leggings;;;;;
22051;Mode & Accessoires;Kleidung;Hosen;Militärhosen;;;;;
44971;Mode & Accessoires;Kleidung;Hosen;Sonstige Hosen;;;;;
21951;Mode & Accessoires;Kleidung;Hosen;Regenhosen;;;;;
21971;Mode & Accessoires;Kleidung;Hosen;Shorts;;;;;
21921;Mode & Accessoires;Kleidung;Hosen;Stoffhosen;;;;;
21321;Mode & Accessoires;Kleidung;Unterwäsche & Dessous;;;;;;
23861;Mode & Accessoires;Kleidung;Unterwäsche & Dessous;Bodys;;;;;
23611;Mode & Accessoires;Kleidung;Unterwäsche & Dessous;BHs;;;;;
23811;Mode & Accessoires;Kleidung;Unterwäsche & Dessous;BHs;Balkonett-BHs;;;;
58981;Mode & Accessoires;Kleidung;Unterwäsche & Dessous;BHs;BH-Einlagen;;;;
23761;Mode & Accessoires;Kleidung;Unterwäsche & Dessous;BHs;Bustiers;;;;
23741;Mode & Accessoires;Kleidung;Unterwäsche & Dessous;BHs;Schalen-BHs;;;;
23781;Mode & Accessoires;Kleidung;Unterwäsche & Dessous;BHs;Minimizer;;;;
23801;Mode & Accessoires;Kleidung;Unterwäsche & Dessous;BHs;Still-BHs;;;;
23701;Mode & Accessoires;Kleidung;Unterwäsche & Dessous;BHs;Push-Up-BHs;;;;
23621;Mode & Accessoires;Kleidung;Unterwäsche & Dessous;BHs;Sport-BHs;;;;
23691;Mode & Accessoires;Kleidung;Unterwäsche & Dessous;BHs;T-Shirt-BHs;;;;
23731;Mode & Accessoires;Kleidung;Unterwäsche & Dessous;BHs;Bügel-BHs;;;;
23901;Mode & Accessoires;Kleidung;Unterwäsche & Dessous;Mieder;;;;;
23871;Mode & Accessoires;Kleidung;Unterwäsche & Dessous;Nierenwärmer;;;;;
23891;Mode & Accessoires;Kleidung;Unterwäsche & Dessous;Miederhosen;;;;;
69578;Mode & Accessoires;Kleidung;Unterwäsche & Dessous;Oberschenkelbänder;;;;;
23491;Mode & Accessoires;Kleidung;Unterwäsche & Dessous;Unterhosen;;;;;
23561;Mode & Accessoires;Kleidung;Unterwäsche & Dessous;Unterhosen;Pants;;;;
23501;Mode & Accessoires;Kleidung;Unterwäsche & Dessous;Unterhosen;Boxershorts;;;;
23531;Mode & Accessoires;Kleidung;Unterwäsche & Dessous;Unterhosen;Jocks;;;;
23541;Mode & Accessoires;Kleidung;Unterwäsche & Dessous;Unterhosen;Lange Unterhosen;;;;
23591;Mode & Accessoires;Kleidung;Unterwäsche & Dessous;Unterhosen;Slips;;;;
23601;Mode & Accessoires;Kleidung;Unterwäsche & Dessous;Unterhosen;Strings;;;;
23841;Mode & Accessoires;Kleidung;Unterwäsche & Dessous;Unterhemden;;;;;
21191;Mode & Accessoires;Kleidung;Pullunder;;;;;;
58991;Mode & Accessoires;Kleidung;Berufsbekleidung;;;;;;
1801;Mode & Accessoires;Schuhe & Zubehör;;;;;;;
55661;Mode & Accessoires;Schuhe & Zubehör;Schuhzubehör;;;;;;
52361;Mode & Accessoires;Schuhe & Zubehör;Schuhzubehör;;;;;;
25171;Mode & Accessoires;Schuhe & Zubehör;Schuhzubehör;;;;;;
69773;Mode & Accessoires;Schuhe & Zubehör;Schuhzubehör;Stiefelknechte;;;;;
25211;Mode & Accessoires;Schuhe & Zubehör;Schuhzubehör;Einlegesohlen;;;;;
67391;Mode & Accessoires;Schuhe & Zubehör;Schuhzubehör;Sonstiges Schuhzubehör;;;;;
45001;Mode & Accessoires;Schuhe & Zubehör;Schuhzubehör;Schuhspanner;;;;;
57141;Mode & Accessoires;Schuhe & Zubehör;Schuhzubehör;Schuhlöffel;;;;;
25191;Mode & Accessoires;Schuhe & Zubehör;Schuhzubehör;Schnürsenkel;;;;;
55671;Mode & Accessoires;Schuhe & Zubehör;Schuhe;;;;;;
69210;Mode & Accessoires;Schuhe & Zubehör;Schuhe;;;;;;
52551;Mode & Accessoires;Schuhe & Zubehör;Schuhe;;;;;;
24281;Mode & Accessoires;Schuhe & Zubehör;Schuhe;Stiefeletten;;;;;
24551;Mode & Accessoires;Schuhe & Zubehör;Schuhe;Ballerinas;;;;;
69278;Mode & Accessoires;Schuhe & Zubehör;Schuhe;Barfußschuhe;;;;;
24271;Mode & Accessoires;Schuhe & Zubehör;Schuhe;Stiefel;;;;;
25081;Mode & Accessoires;Schuhe & Zubehör;Schuhe;Businessschuhe;;;;;
25131;Mode & Accessoires;Schuhe & Zubehör;Schuhe;Clogs;;;;;
69152;Mode & Accessoires;Schuhe & Zubehör;Schuhe;Espadrilles;;;;;
63701;Mode & Accessoires;Schuhe & Zubehör;Schuhe;Haferlschuhe;;;;;
63091;Mode & Accessoires;Schuhe & Zubehör;Schuhe;High Heels;;;;;
24701;Mode & Accessoires;Schuhe & Zubehör;Schuhe;Sandaletten;;;;;
25031;Mode & Accessoires;Schuhe & Zubehör;Schuhe;Schnürer;;;;;
56541;Mode & Accessoires;Schuhe & Zubehör;Schuhe;Halbschuhe;;;;;
59121;Mode & Accessoires;Schuhe & Zubehör;Schuhe;Mokassins;;;;;
24751;Mode & Accessoires;Schuhe & Zubehör;Schuhe;Pantoletten;;;;;
25151;Mode & Accessoires;Schuhe & Zubehör;Schuhe;Gesundheitsschuhe;;;;;
25071;Mode & Accessoires;Schuhe & Zubehör;Schuhe;Plateauschuhe;;;;;
25061;Mode & Accessoires;Schuhe & Zubehör;Schuhe;Badeschuhe;;;;;
24561;Mode & Accessoires;Schuhe & Zubehör;Schuhe;Pumps;;;;;
61271;Mode & Accessoires;Schuhe & Zubehör;Schuhe;Gummistiefel;;;;;
24661;Mode & Accessoires;Schuhe & Zubehör;Schuhe;Sandalen;;;;;
24671;Mode & Accessoires;Schuhe & Zubehör;Schuhe;Sandalen;Klassische Sandalen;;;;
24691;Mode & Accessoires;Schuhe & Zubehör;Schuhe;Sandalen;Zehentrennersandalen;;;;
24991;Mode & Accessoires;Schuhe & Zubehör;Schuhe;Hausschuhe;;;;;
25041;Mode & Accessoires;Schuhe & Zubehör;Schuhe;Slipper & Loafer;;;;;
24261;Mode & Accessoires;Schuhe & Zubehör;Schuhe;Sneaker;;;;;
68972;Lebensmittel;;;;;;;;
1311;Lebensmittel;;;;;;;;
69194;Lebensmittel;Backwaren;;;;;;;
56111;Lebensmittel;Backwaren;;;;;;;
1331;Lebensmittel;Backwaren;;;;;;;
1611;Lebensmittel;Backwaren;Brote;;;;;;
1661;Lebensmittel;Backwaren;Kuchen;;;;;;
44911;Lebensmittel;Backwaren;Sonstige Backwaren;;;;;;
1641;Lebensmittel;Backwaren;Muffins;;;;;;
1671;Lebensmittel;Backwaren;Torten;;;;;;
1621;Lebensmittel;Backwaren;Brötchen;;;;;;
1631;Lebensmittel;Backwaren;Waffeln;;;;;;
1411;Lebensmittel;Getränke;;;;;;;
68970;Lebensmittel;Getränke;Alkoholische Getränke;;;;;;
2551;Lebensmittel;Getränke;Alkoholische Getränke;Bier;;;;;
69137;Lebensmittel;Getränke;Alkoholische Getränke;Bier;Altbier;;;;
69084;Lebensmittel;Getränke;Alkoholische Getränke;Bier;Craft Beer;;;;
69134;Lebensmittel;Getränke;Alkoholische Getränke;Bier;Dunkelbier;;;;
6961;Lebensmittel;Getränke;Alkoholische Getränke;Bier;Kölsch;;;;
69135;Lebensmittel;Getränke;Alkoholische Getränke;Bier;Malzbier;;;;
6831;Lebensmittel;Getränke;Alkoholische Getränke;Bier;Pils;;;;
7001;Lebensmittel;Getränke;Alkoholische Getränke;Bier;Biermischgetränke;;;;
69131;Lebensmittel;Getränke;Alkoholische Getränke;Bier;Weißbier;;;;
69127;Lebensmittel;Getränke;Alkoholische Getränke;Bier;Weizenbier;;;;
2521;Lebensmittel;Getränke;Alkoholische Getränke;Schaumwein;;;;;
69187;Lebensmittel;Getränke;Alkoholische Getränke;Schaumwein;Cava;;;;
6581;Lebensmittel;Getränke;Alkoholische Getränke;Schaumwein;Champagner;;;;
69186;Lebensmittel;Getränke;Alkoholische Getränke;Schaumwein;Crémant;;;;
69188;Lebensmittel;Getränke;Alkoholische Getränke;Schaumwein;Prosecco & Franciacorta;;;;
69145;Lebensmittel;Getränke;Alkoholische Getränke;Schaumwein;Sekt;;;;
2431;Lebensmittel;Getränke;Alkoholische Getränke;Spirituosen;;;;;
69149;Lebensmittel;Getränke;Alkoholische Getränke;Spirituosen;Absinth;;;;
69185;Lebensmittel;Getränke;Alkoholische Getränke;Spirituosen;Blends;;;;
69141;Lebensmittel;Getränke;Alkoholische Getränke;Spirituosen;Weinbrand;;;;
69181;Lebensmittel;Getränke;Alkoholische Getränke;Spirituosen;Brandy;;;;
5711;Lebensmittel;Getränke;Alkoholische Getränke;Spirituosen;Cachaca;;;;
69189;Lebensmittel;Getränke;Alkoholische Getränke;Spirituosen;Calvados;;;;
69182;Lebensmittel;Getränke;Alkoholische Getränke;Spirituosen;Cognac & Armagnac;;;;
69139;Lebensmittel;Getränke;Alkoholische Getränke;Spirituosen;Obstbrand;;;;
69148;Lebensmittel;Getränke;Alkoholische Getränke;Spirituosen;Gin;;;;
5681;Lebensmittel;Getränke;Alkoholische Getränke;Spirituosen;Korn;;;;
69146;Lebensmittel;Getränke;Alkoholische Getränke;Spirituosen;Grappa;;;;
69179;Lebensmittel;Getränke;Alkoholische Getränke;Spirituosen;Kräuterbitter & Likör;;;;
69184;Lebensmittel;Getränke;Alkoholische Getränke;Spirituosen;Madeira & Marsala;;;;
5571;Lebensmittel;Getränke;Alkoholische Getränke;Spirituosen;Mixgetränke;;;;
69177;Lebensmittel;Getränke;Alkoholische Getränke;Spirituosen;Sonstige Spirituosen;;;;
69180;Lebensmittel;Getränke;Alkoholische Getränke;Spirituosen;Ouzo & Co.;;;;
69329;Lebensmittel;Getränke;Alkoholische Getränke;Spirituosen;Portweine;;;;
69138;Lebensmittel;Getränke;Alkoholische Getränke;Spirituosen;Rum;;;;
69328;Lebensmittel;Getränke;Alkoholische Getränke;Spirituosen;Sherrys;;;;
69140;Lebensmittel;Getränke;Alkoholische Getränke;Spirituosen;Tequila;;;;
69142;Lebensmittel;Getränke;Alkoholische Getränke;Spirituosen;Wermut;;;;
69132;Lebensmittel;Getränke;Alkoholische Getränke;Spirituosen;Wodka;;;;
69157;Lebensmittel;Getränke;Alkoholische Getränke;Spirituosen;Whisky;;;;
2401;Lebensmittel;Getränke;Alkoholische Getränke;Wein;;;;;
69737;Lebensmittel;Getränke;Alkoholische Getränke;Wein;Fruchtwein;;;;
69698;Lebensmittel;Getränke;Alkoholische Getränke;Wein;Met;;;;
69705;Lebensmittel;Getränke;Alkoholische Getränke;Wein;Glühwein;;;;
69125;Lebensmittel;Getränke;Alkoholische Getränke;Wein;Rotwein;;;;
69133;Lebensmittel;Getränke;Alkoholische Getränke;Wein;Roséwein;;;;
69178;Lebensmittel;Getränke;Alkoholische Getränke;Wein;Süßwein;;;;
69130;Lebensmittel;Getränke;Alkoholische Getränke;Wein;Weißwein;;;;
2461;Lebensmittel;Getränke;Kaffees;;;;;;
5801;Lebensmittel;Getränke;Kaffees;Kaffeebohnen;;;;;
5781;Lebensmittel;Getränke;Kaffees;Kaffeekapseln;;;;;
5791;Lebensmittel;Getränke;Kaffees;Kaffeepads;;;;;
5921;Lebensmittel;Getränke;Kaffees;Kaffeepulver;;;;;
5951;Lebensmittel;Getränke;Kaffees;Instant Kaffees;;;;;
2541;Lebensmittel;Getränke;Kakaos;;;;;;
69201;Lebensmittel;Getränke;Kakaos;Kakaopads & Kakaokapseln;;;;;
6621;Lebensmittel;Getränke;Kakaos;Kakaopulver;;;;;
6591;Lebensmittel;Getränke;Kakaos;Trinkschokoladen;;;;;
2491;Lebensmittel;Getränke;Alkoholfreie Getränke;;;;;;
6311;Lebensmittel;Getränke;Alkoholfreie Getränke;Energy-Drinks;;;;;
6331;Lebensmittel;Getränke;Alkoholfreie Getränke;Fruchtsäfte;;;;;
6161;Lebensmittel;Getränke;Alkoholfreie Getränke;Fruchtschorlen;;;;;
56351;Lebensmittel;Getränke;Alkoholfreie Getränke;Eistees;;;;;
69764;Lebensmittel;Getränke;Alkoholfreie Getränke;Instant Getränkepulver;;;;;
62201;Lebensmittel;Getränke;Alkoholfreie Getränke;Nektare;;;;;
6181;Lebensmittel;Getränke;Alkoholfreie Getränke;Mineralwasser;;;;;
65351;Lebensmittel;Getränke;Alkoholfreie Getränke;Sonstige alkoholfreie Getränke;;;;;
6271;Lebensmittel;Getränke;Alkoholfreie Getränke;Softdrinks;;;;;
6191;Lebensmittel;Getränke;Alkoholfreie Getränke;Sirups;;;;;
2481;Lebensmittel;Getränke;Tees;;;;;;
6031;Lebensmittel;Getränke;Tees;Lose Tees;;;;;
6041;Lebensmittel;Getränke;Tees;Teebeutel;;;;;
6091;Lebensmittel;Getränke;Tees;Teekapseln;;;;;
1391;Lebensmittel;Käse & Milchprodukte;;;;;;;
2001;Lebensmittel;Käse & Milchprodukte;Butter;;;;;;
1821;Lebensmittel;Käse & Milchprodukte;Käse;;;;;;
3811;Lebensmittel;Käse & Milchprodukte;Käse;Streichkäse;;;;;
3711;Lebensmittel;Käse & Milchprodukte;Käse;Hartkäse;;;;;
3741;Lebensmittel;Käse & Milchprodukte;Käse;Schnittkäse;;;;;
3831;Lebensmittel;Käse & Milchprodukte;Käse;Weichkäse;;;;;
2021;Lebensmittel;Käse & Milchprodukte;Desserts;;;;;;
1951;Lebensmittel;Käse & Milchprodukte;Milch;;;;;;
65051;Lebensmittel;Käse & Milchprodukte;Sonstige Käse- & Milchprodukte;;;;;;
69782;Lebensmittel;Käse & Milchprodukte;Pflanzendrinks;;;;;;
1841;Lebensmittel;Käse & Milchprodukte;Puddings;;;;;;
2051;Lebensmittel;Käse & Milchprodukte;Quark;;;;;;
1861;Lebensmittel;Käse & Milchprodukte;Joghurts;;;;;;
1321;Lebensmittel;Süßigkeiten & Gebäck;;;;;;;
69191;Lebensmittel;Süßigkeiten & Gebäck;;;;;;;
69111;Lebensmittel;Süßigkeiten & Gebäck;Alkoholhaltige Süßigkeiten;;;;;;
1531;Lebensmittel;Süßigkeiten & Gebäck;Kekse;;;;;;
69190;Lebensmittel;Süßigkeiten & Gebäck;Gebäck & Knabbereien;;;;;;
1571;Lebensmittel;Süßigkeiten & Gebäck;Gebäck & Knabbereien;Chips;;;;;
69192;Lebensmittel;Süßigkeiten & Gebäck;Gebäck & Knabbereien;Sonstiges Gebäck;;;;;
1511;Lebensmittel;Süßigkeiten & Gebäck;Gebäck & Knabbereien;Nüsse;;;;;
1581;Lebensmittel;Süßigkeiten & Gebäck;Gebäck & Knabbereien;Salzgebäcke;;;;;
1481;Lebensmittel;Süßigkeiten & Gebäck;Bonbons;;;;;;
1521;Lebensmittel;Süßigkeiten & Gebäck;Zuckerstangen;;;;;;
1461;Lebensmittel;Süßigkeiten & Gebäck;Kaugummis;;;;;;
1551;Lebensmittel;Süßigkeiten & Gebäck;Kaubonbons;;;;;;
1431;Lebensmittel;Süßigkeiten & Gebäck;Schokoladen;;;;;;
1561;Lebensmittel;Süßigkeiten & Gebäck;Schokoriegel;;;;;;
69393;Lebensmittel;Süßigkeiten & Gebäck;Weihnachtssüßwaren;;;;;;
69318;Lebensmittel;Süßigkeiten & Gebäck;Oster-Süßigkeiten;;;;;;
1451;Lebensmittel;Süßigkeiten & Gebäck;Fruchtgummis;;;;;;
1471;Lebensmittel;Süßigkeiten & Gebäck;Lakritze;;;;;;
1491;Lebensmittel;Süßigkeiten & Gebäck;Lutscher;;;;;;
1541;Lebensmittel;Süßigkeiten & Gebäck;Mäusespeck;;;;;;
44901;Lebensmittel;Süßigkeiten & Gebäck;Sonstige Süßigkeiten;;;;;;
1501;Lebensmittel;Süßigkeiten & Gebäck;Popcorn;;;;;;
1441;Lebensmittel;Süßigkeiten & Gebäck;Pralinen;;;;;;
69392;Lebensmittel;Süßigkeiten & Gebäck;Süße Adventskalender;;;;;;
1601;Lebensmittel;Süßigkeiten & Gebäck;Trüffel;;;;;;
65991;Lebensmittel;Nahrungsergänzungsmittel;;;;;;;
1381;Lebensmittel;Fleisch & Fische;;;;;;;
1811;Lebensmittel;Fleisch & Fische;Wurst;;;;;;
1771;Lebensmittel;Fleisch & Fische;Fische;;;;;;
1791;Lebensmittel;Fleisch & Fische;Fleisch;;;;;;
1781;Lebensmittel;Fleisch & Fische;Meeresfrüchte;;;;;;
1401;Lebensmittel;Haltbare Lebensmittel;;;;;;;
69200;Lebensmittel;Haltbare Lebensmittel;;;;;;;
2181;Lebensmittel;Haltbare Lebensmittel;Antipasti;;;;;;
2061;Lebensmittel;Haltbare Lebensmittel;Backzutaten;;;;;;
3921;Lebensmittel;Haltbare Lebensmittel;Backzutaten;Backmischungen;;;;;
3991;Lebensmittel;Haltbare Lebensmittel;Backzutaten;Backpulver;;;;;
5131;Lebensmittel;Haltbare Lebensmittel;Backzutaten;Essbare Kuchendekorationen;;;;;
3911;Lebensmittel;Haltbare Lebensmittel;Backzutaten;Mehle;;;;;
3941;Lebensmittel;Haltbare Lebensmittel;Backzutaten;Lebensmittelfarben;;;;;
59761;Lebensmittel;Haltbare Lebensmittel;Backzutaten;Sonstige Backzutaten;;;;;
42171;Lebensmittel;Haltbare Lebensmittel;Backzutaten;Zucker;;;;;
42181;Lebensmittel;Haltbare Lebensmittel;Backzutaten;Süßungsmittel;;;;;
69199;Lebensmittel;Haltbare Lebensmittel;Fleisch-, Würstchen- und Fischkonserven;;;;;;
5311;Lebensmittel;Haltbare Lebensmittel;Cornflakes;;;;;;
69193;Lebensmittel;Haltbare Lebensmittel;Knäckebrot;;;;;;
2311;Lebensmittel;Haltbare Lebensmittel;Trockenfrüchte;;;;;;
2201;Lebensmittel;Haltbare Lebensmittel;Geschenkkörbe;;;;;;
68062;Lebensmittel;Haltbare Lebensmittel;Getreide;;;;;;
2271;Lebensmittel;Haltbare Lebensmittel;Malze;;;;;;
1591;Lebensmittel;Haltbare Lebensmittel;Müsliriegel;;;;;;
5291;Lebensmittel;Haltbare Lebensmittel;Müslis;;;;;;
2281;Lebensmittel;Haltbare Lebensmittel;Nudeln;;;;;;
67612;Lebensmittel;Haltbare Lebensmittel;Hülsenfrüchte;;;;;;
2301;Lebensmittel;Haltbare Lebensmittel;Fertiggerichte;;;;;;
69404;Lebensmittel;Haltbare Lebensmittel;Fertiggerichte;Sonstige Fertiggerichte;;;;;
5381;Lebensmittel;Haltbare Lebensmittel;Fertiggerichte;Fertigsuppen;;;;;
5351;Lebensmittel;Haltbare Lebensmittel;Fertiggerichte;Fix-Produkte;;;;;
5361;Lebensmittel;Haltbare Lebensmittel;Fertiggerichte;Konserven;;;;;
2221;Lebensmittel;Haltbare Lebensmittel;Reis;;;;;;
2081;Lebensmittel;Haltbare Lebensmittel;Brotaufstriche;;;;;;
56121;Lebensmittel;Haltbare Lebensmittel;Brotaufstriche;;;;;;
5201;Lebensmittel;Haltbare Lebensmittel;Brotaufstriche;Nuss-Nougat-Cremes;;;;;
5251;Lebensmittel;Haltbare Lebensmittel;Brotaufstriche;Honige;;;;;
5151;Lebensmittel;Haltbare Lebensmittel;Brotaufstriche;Marmeladen;;;;;
5271;Lebensmittel;Haltbare Lebensmittel;Brotaufstriche;Margarinen;;;;;
68922;Lebensmittel;Haltbare Lebensmittel;Brotaufstriche;Sonstige Brotaufstriche;;;;;
57371;Lebensmittel;Haltbare Lebensmittel;Brotaufstriche;Erdnussbutter;;;;;
60571;Lebensmittel;Haltbare Lebensmittel;Brotaufstriche;Zuckerrübensirup;;;;;
69198;Lebensmittel;Haltbare Lebensmittel;Obst- und Gemüsekonserven;;;;;;
1341;Lebensmittel;Öle & Essige;;;;;;;
1681;Lebensmittel;Öle & Essige;Öle;;;;;;
2851;Lebensmittel;Öle & Essige;Öle;Leinöle;;;;;
67021;Lebensmittel;Öle & Essige;Öle;Sonstige Öle;;;;;
59151;Lebensmittel;Öle & Essige;Öle;Nussöle;;;;;
2801;Lebensmittel;Öle & Essige;Öle;Olivenöle;;;;;
2841;Lebensmittel;Öle & Essige;Öle;Rapsöle;;;;;
2881;Lebensmittel;Öle & Essige;Öle;Distelöle;;;;;
2811;Lebensmittel;Öle & Essige;Öle;Sonnenblumenöle;;;;;
1701;Lebensmittel;Öle & Essige;Essige;;;;;;
2901;Lebensmittel;Öle & Essige;Essige;Balsamessige;;;;;
2921;Lebensmittel;Öle & Essige;Essige;Branntweinessige;;;;;
2941;Lebensmittel;Öle & Essige;Essige;Fruchtessige;;;;;
2961;Lebensmittel;Öle & Essige;Essige;Kräuteressige;;;;;
2931;Lebensmittel;Öle & Essige;Essige;Weinessige;;;;;
1351;Lebensmittel;Gewürze & Saucen;;;;;;;
1731;Lebensmittel;Gewürze & Saucen;Saucen;;;;;;
57901;Lebensmittel;Gewürze & Saucen;Saucen;Asia-Saucen;;;;;
3401;Lebensmittel;Gewürze & Saucen;Saucen;Grillsaucen;;;;;
59321;Lebensmittel;Gewürze & Saucen;Saucen;Chutneys;;;;;
3511;Lebensmittel;Gewürze & Saucen;Saucen;Dips;;;;;
3451;Lebensmittel;Gewürze & Saucen;Saucen;Ketchups;;;;;
3501;Lebensmittel;Gewürze & Saucen;Saucen;Mayonnaisen;;;;;
69197;Lebensmittel;Gewürze & Saucen;Saucen;Sonstige Saucen;;;;;
69196;Lebensmittel;Gewürze & Saucen;Saucen;Pasta-Saucen;;;;;
3431;Lebensmittel;Gewürze & Saucen;Saucen;Salatdressings;;;;;
1741;Lebensmittel;Gewürze & Saucen;Gewürzpasten;;;;;;
58121;Lebensmittel;Gewürze & Saucen;Gewürzpasten;Kräuterpasten;;;;;
3681;Lebensmittel;Gewürze & Saucen;Gewürzpasten;Marinaden;;;;;
3651;Lebensmittel;Gewürze & Saucen;Gewürzpasten;Pestos;;;;;
1721;Lebensmittel;Gewürze & Saucen;Gewürze;;;;;;
3341;Lebensmittel;Gewürze & Saucen;Gewürze;Chili;;;;;
69699;Lebensmittel;Gewürze & Saucen;Gewürze;Kreuzkümmel;;;;;
3391;Lebensmittel;Gewürze & Saucen;Gewürze;Curry;;;;;
69512;Lebensmittel;Gewürze & Saucen;Gewürze;Lebensmittelaromen;;;;;
3241;Lebensmittel;Gewürze & Saucen;Gewürze;Kräuter;;;;;
69195;Lebensmittel;Gewürze & Saucen;Gewürze;Sonstige Gewürze;;;;;
3101;Lebensmittel;Gewürze & Saucen;Gewürze;Senfe;;;;;
3151;Lebensmittel;Gewürze & Saucen;Gewürze;Pfeffer;;;;;
3201;Lebensmittel;Gewürze & Saucen;Gewürze;Salze;;;;;
3031;Lebensmittel;Gewürze & Saucen;Gewürze;Gewürzmischungen;;;;;
3291;Lebensmittel;Gewürze & Saucen;Gewürze;Brühwürfel;;;;;
1421;Lebensmittel;Tabakwaren;;;;;;;
2561;Lebensmittel;Tabakwaren;Zigaretten;;;;;;
2661;Lebensmittel;Tabakwaren;Zigarillos;;;;;;
2691;Lebensmittel;Tabakwaren;Zigarren;;;;;;
2611;Lebensmittel;Tabakwaren;Pfeifentabake;;;;;;
52781;Lebensmittel;Tabakwaren;Shisha-Tabake;;;;;;
2591;Lebensmittel;Tabakwaren;Tabake;;;;;;
23671;Garten & Heimwerken;;;;;;;;
67441;Garten & Heimwerken;Garten ;;;;;;;
69214;Garten & Heimwerken;Garten ;;;;;;;
23711;Garten & Heimwerken;Garten ;;;;;;;
69213;Garten & Heimwerken;Garten ;;;;;;;
53351;Garten & Heimwerken;Garten ;Terrassenfliesen;;;;;;
24491;Garten & Heimwerken;Garten ;Zäune & Sichtschutz;;;;;;
68904;Garten & Heimwerken;Garten ;Zäune & Sichtschutz;Balkonsichtschutz;;;;;
64881;Garten & Heimwerken;Garten ;Zäune & Sichtschutz;Sonstiges Zaunzubehör;;;;;
27651;Garten & Heimwerken;Garten ;Zäune & Sichtschutz;Zaunpfosten & -pfähle;;;;;
69559;Garten & Heimwerken;Garten ;Zäune & Sichtschutz;Zaunzubehör;;;;;
69562;Garten & Heimwerken;Garten ;Zäune & Sichtschutz;Zaunzubehör;Pfostenträger und Bodenhülsen;;;;
69560;Garten & Heimwerken;Garten ;Zäune & Sichtschutz;Zaunzubehör;Pfostenkappen;;;;
69561;Garten & Heimwerken;Garten ;Zäune & Sichtschutz;Zaunzubehör;Drahtspanner;;;;
27631;Garten & Heimwerken;Garten ;Zäune & Sichtschutz;Gabionen;;;;;
59231;Garten & Heimwerken;Garten ;Zäune & Sichtschutz;Beeteinfassungen;;;;;
69544;Garten & Heimwerken;Garten ;Zäune & Sichtschutz;Gartenzäune;;;;;
27601;Garten & Heimwerken;Garten ;Zäune & Sichtschutz;Gartentore;;;;;
64361;Garten & Heimwerken;Garten ;Zäune & Sichtschutz;Metallzäune;;;;;
27621;Garten & Heimwerken;Garten ;Zäune & Sichtschutz;Palisaden;;;;;
69211;Garten & Heimwerken;Garten ;Zäune & Sichtschutz;Zaunlatten;;;;;
69545;Garten & Heimwerken;Garten ;Zäune & Sichtschutz;Sichtschutzstreifen;;;;;
66341;Garten & Heimwerken;Garten ;Garten- & Gewächshaus-Zubehör;;;;;;
24401;Garten & Heimwerken;Garten ;Garten- & Gewächshäuser;;;;;;
26121;Garten & Heimwerken;Garten ;Garten- & Gewächshäuser;Gartenschränke;;;;;
26101;Garten & Heimwerken;Garten ;Garten- & Gewächshäuser;Gartenspielhäuser;;;;;
26081;Garten & Heimwerken;Garten ;Garten- & Gewächshäuser;Gartenhäuser;;;;;
26351;Garten & Heimwerken;Garten ;Garten- & Gewächshäuser;Gartenregale;;;;;
26401;Garten & Heimwerken;Garten ;Garten- & Gewächshäuser;Gewächshäuser;;;;;
26391;Garten & Heimwerken;Garten ;Garten- & Gewächshäuser;Geräteschuppen;;;;;
68909;Garten & Heimwerken;Garten ;Garten- & Gewächshäuser;Mülltonnenboxen;;;;;
69647;Garten & Heimwerken;Garten ;Garten- & Terrassenbeheizung;;;;;;
24531;Garten & Heimwerken;Garten ;Garten- & Terrassenbeheizung;;;;;;
69648;Garten & Heimwerken;Garten ;Garten- & Terrassenbeheizung;Garten- & Terrassenbeheizung Zubehör;;;;;
49621;Garten & Heimwerken;Garten ;Garten- & Terrassenbeheizung;Gartenkamine;;;;;
31801;Garten & Heimwerken;Garten ;Garten- & Terrassenbeheizung;Heizpilze;;;;;
45581;Garten & Heimwerken;Garten ;Garten- & Terrassenbeheizung;Heizstrahler;;;;;
68907;Garten & Heimwerken;Garten ;Gartendekoration;;;;;;
49461;Garten & Heimwerken;Garten ;Gartendekoration;;;;;;
24341;Garten & Heimwerken;Garten ;Gartendekoration;;;;;;
49441;Garten & Heimwerken;Garten ;Gartendekoration;;;;;;
61411;Garten & Heimwerken;Garten ;Gartendekoration;Kunstrasen;;;;;
25501;Garten & Heimwerken;Garten ;Gartendekoration;Vogelhäuser;;;;;
25511;Garten & Heimwerken;Garten ;Gartendekoration;Vogeltränken;;;;;
25471;Garten & Heimwerken;Garten ;Gartendekoration;Deko- & Kräuterstecker;;;;;
62881;Garten & Heimwerken;Garten ;Gartendekoration;Deko- & Zinkeimer;;;;;
25371;Garten & Heimwerken;Garten ;Gartendekoration;Fahnenmasten;;;;;
43321;Garten & Heimwerken;Garten ;Gartendekoration;Brunnen;;;;;
67561;Garten & Heimwerken;Garten ;Gartendekoration;Rosenbögen;;;;;
25431;Garten & Heimwerken;Garten ;Gartendekoration;Gartenkörbe;;;;;
59011;Garten & Heimwerken;Garten ;Gartendekoration;Gartenbrücken;;;;;
25391;Garten & Heimwerken;Garten ;Gartendekoration;Gartenfiguren;;;;;
69161;Garten & Heimwerken;Garten ;Gartendekoration;Insektenhotels;;;;;
66541;Garten & Heimwerken;Garten ;Gartendekoration;Sonstige Gartendekorationen;;;;;
25451;Garten & Heimwerken;Garten ;Gartendekoration;Pergolen;;;;;
61911;Garten & Heimwerken;Garten ;Gartendekoration;Teichdekorationen;;;;;
25491;Garten & Heimwerken;Garten ;Gartendekoration;Rankgitter;;;;;
43331;Garten & Heimwerken;Garten ;Gartendekoration;Wasserspeier;;;;;
59541;Garten & Heimwerken;Garten ;Gartendekoration;Wetterfahnen;;;;;
24361;Garten & Heimwerken;Garten ;Gartenmöbel & Zubehör;;;;;;
68992;Garten & Heimwerken;Garten ;Gartenmöbel & Zubehör;Gartenmöbel;;;;;
49471;Garten & Heimwerken;Garten ;Gartenmöbel & Zubehör;Gartenmöbel;;;;;
25681;Garten & Heimwerken;Garten ;Gartenmöbel & Zubehör;Gartenmöbel;Strandkörbe;;;;
25781;Garten & Heimwerken;Garten ;Gartenmöbel & Zubehör;Gartenmöbel;Fußablagen;;;;
25531;Garten & Heimwerken;Garten ;Gartenmöbel & Zubehör;Gartenmöbel;Gartenbänke;;;;
25541;Garten & Heimwerken;Garten ;Gartenmöbel & Zubehör;Gartenmöbel;Gartenboxen;;;;
25571;Garten & Heimwerken;Garten ;Gartenmöbel & Zubehör;Gartenmöbel;Gartenstühle;;;;
58401;Garten & Heimwerken;Garten ;Gartenmöbel & Zubehör;Gartenmöbel;Sonneninseln;;;;
69163;Garten & Heimwerken;Garten ;Gartenmöbel & Zubehör;Gartenmöbel;Gartenmöbel-Sets;;;;
25551;Garten & Heimwerken;Garten ;Gartenmöbel & Zubehör;Gartenmöbel;Gartenliegen;;;;
25611;Garten & Heimwerken;Garten ;Gartenmöbel & Zubehör;Gartenmöbel;Gartensofas;;;;
51711;Garten & Heimwerken;Garten ;Gartenmöbel & Zubehör;Gartenmöbel;Gartenhocker;;;;
27051;Garten & Heimwerken;Garten ;Gartenmöbel & Zubehör;Gartenmöbel;Garten-Sonnenschutz;;;;
27101;Garten & Heimwerken;Garten ;Gartenmöbel & Zubehör;Gartenmöbel;Garten-Sonnenschutz;Markisen;;;
67251;Garten & Heimwerken;Garten ;Gartenmöbel & Zubehör;Gartenmöbel;Garten-Sonnenschutz;Vordächer;;;
68392;Garten & Heimwerken;Garten ;Gartenmöbel & Zubehör;Gartenmöbel;Garten-Sonnenschutz;Garten-Sonnenschutz Zubehör;;;
27071;Garten & Heimwerken;Garten ;Gartenmöbel & Zubehör;Gartenmöbel;Garten-Sonnenschutz;Sonnenschirme;;;
69419;Garten & Heimwerken;Garten ;Gartenmöbel & Zubehör;Gartenmöbel;Garten-Sonnenschutz;Terrassenüberdachungen;;;
27111;Garten & Heimwerken;Garten ;Gartenmöbel & Zubehör;Gartenmöbel;Garten-Sonnenschutz;Sonnensegel;;;
27091;Garten & Heimwerken;Garten ;Gartenmöbel & Zubehör;Gartenmöbel;Garten-Sonnenschutz;Sonnenschirmständer;;;
25661;Garten & Heimwerken;Garten ;Gartenmöbel & Zubehör;Gartenmöbel;Hollywoodschaukeln;;;;
25591;Garten & Heimwerken;Garten ;Gartenmöbel & Zubehör;Gartenmöbel;Gartentische;;;;
66241;Garten & Heimwerken;Garten ;Gartenmöbel & Zubehör;Gartenmöbel;Hängematten-Zubehör;;;;
25621;Garten & Heimwerken;Garten ;Gartenmöbel & Zubehör;Gartenmöbel;Hängematten;;;;
25641;Garten & Heimwerken;Garten ;Gartenmöbel & Zubehör;Gartenmöbel;Hängesessel;;;;
67682;Garten & Heimwerken;Garten ;Gartenmöbel & Zubehör;Gartenmöbel;Bierzeltgarnituren;;;;
25791;Garten & Heimwerken;Garten ;Gartenmöbel & Zubehör;Gartenmöbel;Pavillons & Partyzelte;;;;
68672;Garten & Heimwerken;Garten ;Gartenmöbel & Zubehör;Gartenmöbelzubehör;;;;;
68662;Garten & Heimwerken;Garten ;Gartenmöbel & Zubehör;Gartenmöbelzubehör;;;;;
49481;Garten & Heimwerken;Garten ;Gartenmöbel & Zubehör;Gartenmöbelzubehör;;;;;
25711;Garten & Heimwerken;Garten ;Gartenmöbel & Zubehör;Gartenmöbelzubehör;;;;;
25731;Garten & Heimwerken;Garten ;Gartenmöbel & Zubehör;Gartenmöbelzubehör;Gartenmöbelauflagen;;;;
25751;Garten & Heimwerken;Garten ;Gartenmöbel & Zubehör;Gartenmöbelzubehör;Gartenmöbel-Schutzhüllen;;;;
64961;Garten & Heimwerken;Garten ;Gartenmöbel & Zubehör;Gartenmöbelzubehör;Sonstiges Gartenmöbelzubehör;;;;
68892;Garten & Heimwerken;Garten ;Gartenmöbel & Zubehör;Gartenmöbelzubehör;Pavillon Dächer und -Seitenteile;;;;
24291;Garten & Heimwerken;Garten ;Außen- & Gartenbeleuchtung;;;;;;
68951;Garten & Heimwerken;Garten ;Außen- & Gartenbeleuchtung;;;;;;
68950;Garten & Heimwerken;Garten ;Außen- & Gartenbeleuchtung;;;;;;
24821;Garten & Heimwerken;Garten ;Außen- & Gartenbeleuchtung;Außenleuchten;;;;;
65001;Garten & Heimwerken;Garten ;Außen- & Gartenbeleuchtung;Feuerkörbe & -schalen;;;;;
24631;Garten & Heimwerken;Garten ;Außen- & Gartenbeleuchtung;Gartenleuchten;;;;;
66711;Garten & Heimwerken;Garten ;Außen- & Gartenbeleuchtung;Gartenbeleuchtung-Zubehör;;;;;
43301;Garten & Heimwerken;Garten ;Außen- & Gartenbeleuchtung;Gartenfackeln;;;;;
68949;Garten & Heimwerken;Garten ;Außen- & Gartenbeleuchtung;Grablaternen;;;;;
68926;Garten & Heimwerken;Garten ;Außen- & Gartenbeleuchtung;Lampenöle;;;;;
43311;Garten & Heimwerken;Garten ;Außen- & Gartenbeleuchtung;Öllampen;;;;;
24831;Garten & Heimwerken;Garten ;Außen- & Gartenbeleuchtung;Teichbeleuchtung;;;;;
24381;Garten & Heimwerken;Garten ;Gartenspielgeräte & Schwimmbecken;;;;;;
69842;Garten & Heimwerken;Garten ;Gartenspielgeräte;;;;;;
25931;Garten & Heimwerken;Garten ;Gartenspielgeräte;Klettergerüste;;;;;
67271;Garten & Heimwerken;Garten ;Gartenspielgeräte;Gartenspielgeräte-Zubehör;;;;;
25901;Garten & Heimwerken;Garten ;Gartenspielgeräte;Gartenwippen;;;;;
25941;Garten & Heimwerken;Garten ;Gartenspielgeräte;Gartenduschen;;;;;
25881;Garten & Heimwerken;Garten ;Gartenspielgeräte;Bollerwagen;;;;;
63341;Garten & Heimwerken;Garten ;Gartenspielgeräte;Strickleitern;;;;;
25911;Garten & Heimwerken;Garten ;Gartenspielgeräte;Sandkästen;;;;;
25871;Garten & Heimwerken;Garten ;Gartenspielgeräte;Rutschen;;;;;
25951;Garten & Heimwerken;Garten ;Gartenspielgeräte;Schaukeln;;;;;
49451;Garten & Heimwerken;Garten ;Gartenbewässerung;;;;;;
24331;Garten & Heimwerken;Garten ;Gartenbewässerung;;;;;;
25141;Garten & Heimwerken;Garten ;Gartenbewässerung;Hauswasserwerke;;;;;
62961;Garten & Heimwerken;Garten ;Gartenbewässerung;Schlauchwagen & -halter;;;;;
25101;Garten & Heimwerken;Garten ;Gartenbewässerung;Gartenschläuche;;;;;
69599;Garten & Heimwerken;Garten ;Gartenbewässerung;Gartenbrausen & Gartenspritzen;;;;;
65431;Garten & Heimwerken;Garten ;Gartenbewässerung;Gartenwasserhähne;;;;;
69667;Garten & Heimwerken;Garten ;Gartenbewässerung;Wassersäulen Garten;;;;;
68422;Garten & Heimwerken;Garten ;Gartenbewässerung;Gartenbewässerung Zubehör;;;;;
66131;Garten & Heimwerken;Garten ;Gartenbewässerung;Schlauchzubehör;;;;;
69668;Garten & Heimwerken;Garten ;Gartenbewässerung;Bewässerungssysteme;;;;;
24931;Garten & Heimwerken;Garten ;Gartenbewässerung;Rasensprenger & Sprinkler;;;;;
56871;Garten & Heimwerken;Garten ;Gartenbewässerung;Teichzubehör;;;;;
68202;Garten & Heimwerken;Garten ;Gartenbewässerung;Teichzubehör;;;;;
25241;Garten & Heimwerken;Garten ;Gartenbewässerung;Teichzubehör;;;;;
56901;Garten & Heimwerken;Garten ;Gartenbewässerung;Teichzubehör;;;;;
55371;Garten & Heimwerken;Garten ;Gartenbewässerung;Teichzubehör;;;;;
56881;Garten & Heimwerken;Garten ;Gartenbewässerung;Teichzubehör;Sonstiges Teichzubehör;;;;
25281;Garten & Heimwerken;Garten ;Gartenbewässerung;Teichzubehör;Teichabdeckungen;;;;
25261;Garten & Heimwerken;Garten ;Gartenbewässerung;Teichzubehör;Teichfolien;;;;
25251;Garten & Heimwerken;Garten ;Gartenbewässerung;Teichzubehör;Teichpflege;;;;
69538;Garten & Heimwerken;Garten ;Gartenbewässerung;Teiche;;;;;
25161;Garten & Heimwerken;Garten ;Gartenbewässerung;Pumpen & Teichtechnik;;;;;
69626;Garten & Heimwerken;Garten ;Gartenbewässerung;Pumpen & Teichtechnik;Kreiselpumpen;;;;
68861;Garten & Heimwerken;Garten ;Gartenbewässerung;Pumpen & Teichtechnik;Tiefbrunnenpumpen;;;;
68801;Garten & Heimwerken;Garten ;Gartenbewässerung;Pumpen & Teichtechnik;Gartenpumpen;;;;
68811;Garten & Heimwerken;Garten ;Gartenbewässerung;Pumpen & Teichtechnik;Schwengelpumpen;;;;
68871;Garten & Heimwerken;Garten ;Gartenbewässerung;Pumpen & Teichtechnik;Zimmerbrunnenpumpen;;;;
69625;Garten & Heimwerken;Garten ;Gartenbewässerung;Pumpen & Teichtechnik;Benzin Wasserpumpen;;;;
68831;Garten & Heimwerken;Garten ;Gartenbewässerung;Pumpen & Teichtechnik;Teichbelüfter;;;;
68841;Garten & Heimwerken;Garten ;Gartenbewässerung;Pumpen & Teichtechnik;Teichklärer;;;;
68821;Garten & Heimwerken;Garten ;Gartenbewässerung;Pumpen & Teichtechnik;Teichfilter;;;;
69627;Garten & Heimwerken;Garten ;Gartenbewässerung;Pumpen & Teichtechnik;Regenfasspumpen;;;;
69628;Garten & Heimwerken;Garten ;Gartenbewässerung;Pumpen & Teichtechnik;Tauchpumpen;;;;
68851;Garten & Heimwerken;Garten ;Gartenbewässerung;Pumpen & Teichtechnik;Saugschläuche;;;;
25201;Garten & Heimwerken;Garten ;Gartenbewässerung;Regentonnen;;;;;
25221;Garten & Heimwerken;Garten ;Gartenbewässerung;Regenwasserzisternen;;;;;
69202;Garten & Heimwerken;Garten ;Gartenbewässerung;Zisternenfilter & Zubehör;;;;;
25121;Garten & Heimwerken;Garten ;Gartenbewässerung;Gießkannen;;;;;
69440;Garten & Heimwerken;Garten ;Gartenbewässerung;Bewässerungscomputer;;;;;
24181;Garten & Heimwerken;Garten ;Gartenbekleidung;;;;;;
24611;Garten & Heimwerken;Garten ;Gartenbekleidung;Gartenschürzen;;;;;
33831;Garten & Heimwerken;Garten ;Gartenbekleidung;Gartenhandschuhe;;;;;
24591;Garten & Heimwerken;Garten ;Gartenbekleidung;Garten-Knieschoner;;;;;
24601;Garten & Heimwerken;Garten ;Gartenbekleidung;Gartenschuhe;;;;;
24481;Garten & Heimwerken;Garten ;Gartengeräte;;;;;;
49661;Garten & Heimwerken;Garten ;Gartengeräte;Gartenwerkzeuge;;;;;
26921;Garten & Heimwerken;Garten ;Gartengeräte;Gartenwerkzeuge;;;;;
26951;Garten & Heimwerken;Garten ;Gartengeräte;Gartenwerkzeuge;Äxte & Beile;;;;
27271;Garten & Heimwerken;Garten ;Gartengeräte;Gartenwerkzeuge;Räum- & Streugeräte;;;;
27301;Garten & Heimwerken;Garten ;Gartengeräte;Gartenwerkzeuge;Räum- & Streugeräte;Streusalz;;;
69854;Garten & Heimwerken;Garten ;Gartengeräte;Gartenwerkzeuge;Räum- & Streugeräte;Streugutbehälter;;;
60891;Garten & Heimwerken;Garten ;Gartengeräte;Gartenwerkzeuge;Räum- & Streugeräte;Eisstößer;;;
68903;Garten & Heimwerken;Garten ;Gartengeräte;Gartenwerkzeuge;Räum- & Streugeräte;Schneefräsen;;;
66281;Garten & Heimwerken;Garten ;Gartengeräte;Gartenwerkzeuge;Räum- & Streugeräte;Schneeschieber-Zubehör;;;
37291;Garten & Heimwerken;Garten ;Gartengeräte;Gartenwerkzeuge;Räum- & Streugeräte;Schneeschieber;;;
27291;Garten & Heimwerken;Garten ;Gartengeräte;Gartenwerkzeuge;Räum- & Streugeräte;Streuwagen;;;
59161;Garten & Heimwerken;Garten ;Gartengeräte;Gartenwerkzeuge;Obstpflücker;;;;
26961;Garten & Heimwerken;Garten ;Gartengeräte;Gartenwerkzeuge;Gartenscheren;;;;
43361;Garten & Heimwerken;Garten ;Gartengeräte;Gartenwerkzeuge;Fugenkratzer;;;;
63831;Garten & Heimwerken;Garten ;Gartengeräte;Gartenwerkzeuge;Handgartengeräte-Zubehör;;;;
26991;Garten & Heimwerken;Garten ;Gartengeräte;Gartenwerkzeuge;Heckenscheren;;;;
43351;Garten & Heimwerken;Garten ;Gartengeräte;Gartenwerkzeuge;Hacken;;;;
27011;Garten & Heimwerken;Garten ;Gartengeräte;Gartenwerkzeuge;Rasenkantenschneider;;;;
69806;Garten & Heimwerken;Garten ;Gartengeräte;Gartenwerkzeuge;Rasenrakel;;;;
27021;Garten & Heimwerken;Garten ;Gartengeräte;Gartenwerkzeuge;Rasenwalzen;;;;
26941;Garten & Heimwerken;Garten ;Gartengeräte;Gartenwerkzeuge;Astscheren;;;;
70157;Garten & Heimwerken;Garten ;Gartengeräte;Gartenwerkzeuge;Hand-Erdbohrer;;;;
27001;Garten & Heimwerken;Garten ;Gartengeräte;Gartenwerkzeuge;Heugabeln;;;;
26981;Garten & Heimwerken;Garten ;Gartengeräte;Gartenwerkzeuge;Handrasenmäher;;;;
27161;Garten & Heimwerken;Garten ;Gartengeräte;Gartenwerkzeuge;Rechen;;;;
27171;Garten & Heimwerken;Garten ;Gartengeräte;Gartenwerkzeuge;Rechen;Rasenrechen;;;
27181;Garten & Heimwerken;Garten ;Gartengeräte;Gartenwerkzeuge;Rechen;Laubrechen;;;
27231;Garten & Heimwerken;Garten ;Gartengeräte;Gartenwerkzeuge;Sensen & Sicheln;;;;
27191;Garten & Heimwerken;Garten ;Gartengeräte;Gartenwerkzeuge;Schaufeln & Spaten;;;;
69279;Garten & Heimwerken;Garten ;Gartengeräte;Gartenwerkzeuge;Unkrautbrenner;;;;
27251;Garten & Heimwerken;Garten ;Gartengeräte;Gartenwerkzeuge;Unkrautstecher;;;;
66171;Garten & Heimwerken;Garten ;Gartengeräte;Gartenwerkzeuge;Schubkarrenzubehör;;;;
27211;Garten & Heimwerken;Garten ;Gartengeräte;Gartenwerkzeuge;Schubkarren;;;;
26931;Garten & Heimwerken;Garten ;Gartengeräte;Motor-Gartengeräte;;;;;
69575;Garten & Heimwerken;Garten ;Gartengeräte;Motor-Gartengeräte;;;;;
31611;Garten & Heimwerken;Garten ;Gartengeräte;Motor-Gartengeräte;Erdbohrer;;;;
27391;Garten & Heimwerken;Garten ;Gartengeräte;Motor-Gartengeräte;Akku-Grasscheren;;;;
27431;Garten & Heimwerken;Garten ;Gartengeräte;Motor-Gartengeräte;Häcksler;;;;
61361;Garten & Heimwerken;Garten ;Gartengeräte;Motor-Gartengeräte;Elektro-Fugenreiniger;;;;
27441;Garten & Heimwerken;Garten ;Gartengeräte;Motor-Gartengeräte;Elektro-Heckenscheren;;;;
43401;Garten & Heimwerken;Garten ;Gartengeräte;Motor-Gartengeräte;Gartenfräsen;;;;
43391;Garten & Heimwerken;Garten ;Gartengeräte;Motor-Gartengeräte;Vertikutierer;;;;
27501;Garten & Heimwerken;Garten ;Gartengeräte;Motor-Gartengeräte;Rasentrimmer;;;;
27311;Garten & Heimwerken;Garten ;Gartengeräte;Motor-Gartengeräte;Rasenmäher & Zubehör;;;;
60731;Garten & Heimwerken;Garten ;Gartengeräte;Motor-Gartengeräte;Rasenmäher & Zubehör;Rasenmäher-Zubehör;;;
69603;Garten & Heimwerken;Garten ;Gartengeräte;Motor-Gartengeräte;Rasenmäher & Zubehör;Rasenmäher-Zubehör;Begrenzungskabel;;
60741;Garten & Heimwerken;Garten ;Gartengeräte;Motor-Gartengeräte;Rasenmäher & Zubehör;Rasenmäher-Zubehör;Grasfangkörbe;;
68919;Garten & Heimwerken;Garten ;Gartengeräte;Motor-Gartengeräte;Rasenmäher & Zubehör;Rasenmäher-Zubehör;Rasenmähermesser;;
68920;Garten & Heimwerken;Garten ;Gartengeräte;Motor-Gartengeräte;Rasenmäher & Zubehör;Rasenmäher-Zubehör;Rasenmäher Motoren;;
64531;Garten & Heimwerken;Garten ;Gartengeräte;Motor-Gartengeräte;Rasenmäher & Zubehör;Rasenmäher-Zubehör;Sonstiges Rasenmäherzubehör;;
69629;Garten & Heimwerken;Garten ;Gartengeräte;Motor-Gartengeräte;Rasenmäher & Zubehör;Rasenmäher-Zubehör;Mähroboter-Zubehör;;
69776;Garten & Heimwerken;Garten ;Gartengeräte;Motor-Gartengeräte;Rasenmäher & Zubehör;Rasenmäher-Zubehör;Mähroboter Garagen;;
43381;Garten & Heimwerken;Garten ;Gartengeräte;Motor-Gartengeräte;Rasenmäher & Zubehör;Rasenmäher;;;
27351;Garten & Heimwerken;Garten ;Gartengeräte;Motor-Gartengeräte;Rasenmäher & Zubehör;Rasenmäher;Elektrorasenmäher;;
27341;Garten & Heimwerken;Garten ;Gartengeräte;Motor-Gartengeräte;Rasenmäher & Zubehör;Rasenmäher;Benzinrasenmäher;;
27381;Garten & Heimwerken;Garten ;Gartengeräte;Motor-Gartengeräte;Rasenmäher & Zubehör;Rasenmäher;Rasentraktoren;;
68652;Garten & Heimwerken;Garten ;Gartengeräte;Motor-Gartengeräte;Rasenmäher & Zubehör;Rasenmäher;Mähroboter;;
27461;Garten & Heimwerken;Garten ;Gartengeräte;Motor-Gartengeräte;Laubsauger & Laubbläser;;;;
65591;Garten & Heimwerken;Garten ;Gartengeräte;Motor-Gartengeräte;Motor-Gartengeräte-Pflege;;;;
67632;Garten & Heimwerken;Garten ;Gartengeräte;Motor-Gartengeräte;Motor-Gartengeräte Zubehör;;;;
68632;Garten & Heimwerken;Garten ;Gartengeräte;Motor-Gartengeräte;Hochentaster;;;;
66121;Garten & Heimwerken;Garten ;Gartengeräte;Motor-Gartengeräte;Holzspalter-Zubehör;;;;
33891;Garten & Heimwerken;Garten ;Gartengeräte;Motor-Gartengeräte;Holzspalter;;;;
24411;Garten & Heimwerken;Garten ;Grills & Zubehör;;;;;;
49601;Garten & Heimwerken;Garten ;Grills & Zubehör;Grillzubehör;;;;;
26441;Garten & Heimwerken;Garten ;Grills & Zubehör;Grillzubehör;;;;;
49611;Garten & Heimwerken;Garten ;Grills & Zubehör;Grillzubehör;Grillschürzen;;;;
58061;Garten & Heimwerken;Garten ;Grills & Zubehör;Grillzubehör;Grill-Pellets;;;;
64951;Garten & Heimwerken;Garten ;Grills & Zubehör;Grillzubehör;Grill-Ersatzteile;;;;
69758;Garten & Heimwerken;Garten ;Grills & Zubehör;Grillzubehör;Grilltische;;;;
26501;Garten & Heimwerken;Garten ;Grills & Zubehör;Grillzubehör;Grillkohle;;;;
26521;Garten & Heimwerken;Garten ;Grills & Zubehör;Grillzubehör;Kohleschalen;;;;
69780;Garten & Heimwerken;Garten ;Grills & Zubehör;Grillzubehör;Dutch Ovens;;;;
61021;Garten & Heimwerken;Garten ;Grills & Zubehör;Grillzubehör;Brennpasten;;;;
26481;Garten & Heimwerken;Garten ;Grills & Zubehör;Grillzubehör;Grillbriketts;;;;
26491;Garten & Heimwerken;Garten ;Grills & Zubehör;Grillzubehör;Grillbürsten;;;;
26541;Garten & Heimwerken;Garten ;Grills & Zubehör;Grillzubehör;Grillschutzhüllen;;;;
49571;Garten & Heimwerken;Garten ;Grills & Zubehör;Grillzubehör;Grillgeschirr;;;;
49591;Garten & Heimwerken;Garten ;Grills & Zubehör;Grillzubehör;Grillgeschirr;;;;
26461;Garten & Heimwerken;Garten ;Grills & Zubehör;Grillzubehör;Grillgeschirr;;;;
26551;Garten & Heimwerken;Garten ;Grills & Zubehör;Grillzubehör;Grillgeschirr;Grillbretter;;;
26571;Garten & Heimwerken;Garten ;Grills & Zubehör;Grillzubehör;Grillgeschirr;Grillschalen;;;
26451;Garten & Heimwerken;Garten ;Grills & Zubehör;Grillzubehör;Grillbesteck;;;;
49511;Garten & Heimwerken;Garten ;Grills & Zubehör;Grillzubehör;Grillbesteck;Grillspieße;;;
49541;Garten & Heimwerken;Garten ;Grills & Zubehör;Grillzubehör;Grillbesteck;Maiskolbenhalter;;;
49491;Garten & Heimwerken;Garten ;Grills & Zubehör;Grillzubehör;Grillbesteck;Grillbesteck-Sets;;;
49501;Garten & Heimwerken;Garten ;Grills & Zubehör;Grillzubehör;Grillbesteck;Grillgabeln;;;
49531;Garten & Heimwerken;Garten ;Grills & Zubehör;Grillzubehör;Grillbesteck;Grillzangen;;;
49521;Garten & Heimwerken;Garten ;Grills & Zubehör;Grillzubehör;Grillbesteck;Grillwender;;;
49551;Garten & Heimwerken;Garten ;Grills & Zubehör;Grillzubehör;Grillbesteck;Marinierpinsel;;;
26511;Garten & Heimwerken;Garten ;Grills & Zubehör;Grillzubehör;Grillroste;;;;
26471;Garten & Heimwerken;Garten ;Grills & Zubehör;Grillzubehör;Grillanzünder;;;;
62571;Garten & Heimwerken;Garten ;Grills & Zubehör;Grillzubehör;Sonstiges Grillzubehör;;;;
43341;Garten & Heimwerken;Garten ;Grills & Zubehör;Grills;;;;;
68991;Garten & Heimwerken;Garten ;Grills & Zubehör;Grills;;;;;
26421;Garten & Heimwerken;Garten ;Grills & Zubehör;Grills;Holzkohlegrills;;;;
26431;Garten & Heimwerken;Garten ;Grills & Zubehör;Grills;Elektrogrills;;;;
26411;Garten & Heimwerken;Garten ;Grills & Zubehör;Grills;Gasgrills;;;;
24501;Garten & Heimwerken;Garten ;Schädlingsbekämpfung;;;;;;
58771;Garten & Heimwerken;Garten ;Schädlingsbekämpfung;Vogelabwehr;;;;;
69222;Garten & Heimwerken;Garten ;Schädlingsbekämpfung;Fliegengitter;;;;;
62721;Garten & Heimwerken;Garten ;Schädlingsbekämpfung;Fliegenklatschen;;;;;
4551;Garten & Heimwerken;Garten ;Schädlingsbekämpfung;Insektenlampen;;;;;
27671;Garten & Heimwerken;Garten ;Schädlingsbekämpfung;Insektenschutz;;;;;
66891;Garten & Heimwerken;Garten ;Schädlingsbekämpfung;Sonstige Schädlingsbekämpfung;;;;;
27691;Garten & Heimwerken;Garten ;Schädlingsbekämpfung;Maulwurffallen;;;;;
62441;Garten & Heimwerken;Garten ;Schädlingsbekämpfung;Mottenfallen;;;;;
27701;Garten & Heimwerken;Garten ;Schädlingsbekämpfung;Mäuse- & Rattenfallen;;;;;
27681;Garten & Heimwerken;Garten ;Schädlingsbekämpfung;Schädlingsköder;;;;;
27711;Garten & Heimwerken;Garten ;Schädlingsbekämpfung;Ungezieferfallen;;;;;
24431;Garten & Heimwerken;Garten ;Pflanzzubehör;;;;;;
26901;Garten & Heimwerken;Garten ;Pflanzzubehör;Rankhilfen;;;;;
26881;Garten & Heimwerken;Garten ;Pflanzzubehör;Komposter;;;;;
66691;Garten & Heimwerken;Garten ;Pflanzzubehör;Blumenkastenhalter;;;;;
63761;Garten & Heimwerken;Garten ;Pflanzzubehör;Gartenabfallsäcke;;;;;
58481;Garten & Heimwerken;Garten ;Pflanzzubehör;Sonstiges Pflanzzubehör;;;;;
61831;Garten & Heimwerken;Garten ;Pflanzzubehör;Pflanzenroller;;;;;
69811;Garten & Heimwerken;Garten ;Pflanzzubehör;Pflanzenlampen;;;;;
26911;Garten & Heimwerken;Garten ;Pflanzzubehör;Blumentopfuntersetzer;;;;;
26871;Garten & Heimwerken;Garten ;Pflanzzubehör;Blumenständer;;;;;
26801;Garten & Heimwerken;Garten ;Pflanzzubehör;Blumentreppen;;;;;
26851;Garten & Heimwerken;Garten ;Pflanzzubehör;Pflanzendrähte;;;;;
26751;Garten & Heimwerken;Garten ;Pflanzzubehör;Pflanzgefäße;;;;;
26821;Garten & Heimwerken;Garten ;Pflanzzubehör;Pflanzgefäße;Übertöpfe;;;;
69825;Garten & Heimwerken;Garten ;Pflanzzubehör;Pflanzgefäße;Anzuchttöpfe;;;;
26761;Garten & Heimwerken;Garten ;Pflanzzubehör;Pflanzgefäße;Blumentöpfe;;;;
26811;Garten & Heimwerken;Garten ;Pflanzzubehör;Pflanzgefäße;Blumenampeln;;;;
26771;Garten & Heimwerken;Garten ;Pflanzzubehör;Pflanzgefäße;Pflanzkübel;;;;
69695;Garten & Heimwerken;Garten ;Pflanzzubehör;Pflanzgefäße;Pflanzsäcke;;;;
26791;Garten & Heimwerken;Garten ;Pflanzzubehör;Pflanzgefäße;Pflanzkörbe;;;;
68412;Garten & Heimwerken;Garten ;Pflanzzubehör;Pflanzgefäße;Pflanzschalen;;;;
26781;Garten & Heimwerken;Garten ;Pflanzzubehör;Pflanzgefäße;Blumenkästen;;;;
26891;Garten & Heimwerken;Garten ;Pflanzzubehör;Pflanztische;;;;;
26831;Garten & Heimwerken;Garten ;Pflanzzubehör;Hochbeete;;;;;
69499;Garten & Heimwerken;Garten ;Pflanzzubehör;Rhizomsperren;;;;;
59651;Garten & Heimwerken;Garten ;Pflanzzubehör;Sprühflaschen;;;;;
68902;Garten & Heimwerken;Garten ;Pflanzzubehör;Universalstreuer & Sägeräte;;;;;
69445;Garten & Heimwerken;Garten ;Pflanzzubehör;Unkrautvlies;;;;;
27551;Garten & Heimwerken;Garten ;Pflanzzubehör;Unkrautspritzen;;;;;
69779;Garten & Heimwerken;Garten ;Pflanzzubehör;Winterschutz für Pflanzen;;;;;
24421;Garten & Heimwerken;Garten ;Pflanzen;;;;;;
56891;Garten & Heimwerken;Garten ;Pflanzen;Wasserpflanzen;;;;;
26611;Garten & Heimwerken;Garten ;Pflanzen;Bonsai;;;;;
26631;Garten & Heimwerken;Garten ;Pflanzen;Kakteen;;;;;
26621;Garten & Heimwerken;Garten ;Pflanzen;Dünger;;;;;
69441;Garten & Heimwerken;Garten ;Pflanzen;Dünger pfl./tier. unter 10kg, ohne Guano;;;;;
68882;Garten & Heimwerken;Garten ;Pflanzen;Blumensträuße;;;;;
26601;Garten & Heimwerken;Garten ;Pflanzen;Blumen & Stauden;;;;;
26661;Garten & Heimwerken;Garten ;Pflanzen;Zimmerpflanzen;;;;;
69581;Garten & Heimwerken;Garten ;Pflanzen;Zimmerpflanzen;Aloe Vera Pflanzen;;;;
69589;Garten & Heimwerken;Garten ;Pflanzen;Zimmerpflanzen;Bogenhanf;;;;
69600;Garten & Heimwerken;Garten ;Pflanzen;Zimmerpflanzen;Bananenpflanzen;;;;
69588;Garten & Heimwerken;Garten ;Pflanzen;Zimmerpflanzen;Calatheas;;;;
69590;Garten & Heimwerken;Garten ;Pflanzen;Zimmerpflanzen;Drachenbäume;;;;
69605;Garten & Heimwerken;Garten ;Pflanzen;Zimmerpflanzen;Elefantenfuß;;;;
69607;Garten & Heimwerken;Garten ;Pflanzen;Zimmerpflanzen;Geigenfeigen;;;;
69584;Garten & Heimwerken;Garten ;Pflanzen;Zimmerpflanzen;Efeututen;;;;
69608;Garten & Heimwerken;Garten ;Pflanzen;Zimmerpflanzen;Monsteras;;;;
69582;Garten & Heimwerken;Garten ;Pflanzen;Zimmerpflanzen;Orchideen;;;;
69576;Garten & Heimwerken;Garten ;Pflanzen;Zimmerpflanzen;Sonstige Zimmerpflanzen;;;;
69604;Garten & Heimwerken;Garten ;Pflanzen;Zimmerpflanzen;Philodendren;;;;
69606;Garten & Heimwerken;Garten ;Pflanzen;Zimmerpflanzen;Gummibäume;;;;
69580;Garten & Heimwerken;Garten ;Pflanzen;Zimmerpflanzen;Sukkulenten;;;;
69583;Garten & Heimwerken;Garten ;Pflanzen;Zimmerpflanzen;Birkenfeigen;;;;
26641;Garten & Heimwerken;Garten ;Pflanzen;Pflanzenschutz;;;;;
26581;Garten & Heimwerken;Garten ;Pflanzen;Pflanzenerde & Mulch;;;;;
26681;Garten & Heimwerken;Garten ;Pflanzen;Pflanzenerde & Mulch;Rindenmulch;;;;
59051;Garten & Heimwerken;Garten ;Pflanzen;Pflanzenerde & Mulch;Lavamulch;;;;
26671;Garten & Heimwerken;Garten ;Pflanzen;Pflanzenerde & Mulch;Blumenerde;;;;
56861;Garten & Heimwerken;Garten ;Pflanzen;Teichpflanzen;;;;;
26591;Garten & Heimwerken;Garten ;Pflanzen;Sämereien & Saatgut;;;;;
26711;Garten & Heimwerken;Garten ;Pflanzen;Sämereien & Saatgut;Kräutersamen;;;;
26691;Garten & Heimwerken;Garten ;Pflanzen;Sämereien & Saatgut;Rasensamen;;;;
26721;Garten & Heimwerken;Garten ;Pflanzen;Sämereien & Saatgut;Pflanzensamen;;;;
26701;Garten & Heimwerken;Garten ;Pflanzen;Sämereien & Saatgut;Gemüsesaat;;;;
26651;Garten & Heimwerken;Garten ;Pflanzen;Sträucher & Bäume;;;;;
66191;Garten & Heimwerken;Garten ;Poolzubehör;;;;;;
69754;Garten & Heimwerken;Garten ;Poolzubehör;;;;;;
69744;Garten & Heimwerken;Garten ;Poolzubehör;Sonstiges Poolzubehör;;;;;
69735;Garten & Heimwerken;Garten ;Poolzubehör;Poolpflegemittel;;;;;
69746;Garten & Heimwerken;Garten ;Poolzubehör;Poolsauger;;;;;
69477;Garten & Heimwerken;Garten ;Poolzubehör;Poolabdeckungen;;;;;
69748;Garten & Heimwerken;Garten ;Poolzubehör;Poolheizungen;;;;;
69747;Garten & Heimwerken;Garten ;Poolzubehör;Poolschläuche & -rohre;;;;;
69745;Garten & Heimwerken;Garten ;Poolzubehör;Poolleitern & Pooltreppen;;;;;
69751;Garten & Heimwerken;Garten ;Poolzubehör;Poolbeleuchtung;;;;;
69750;Garten & Heimwerken;Garten ;Poolzubehör;Poolpumpen & Sandfilteranlagen;;;;;
69749;Garten & Heimwerken;Garten ;Poolzubehör;Poolfolien;;;;;
69642;Garten & Heimwerken;Garten ;Poolzubehör;Poolroboter;;;;;
25961;Garten & Heimwerken;Garten ;Pools;;;;;;
25991;Garten & Heimwerken;Garten ;Pools;Einbaupools;;;;;
26001;Garten & Heimwerken;Garten ;Pools;Framepools;;;;;
25981;Garten & Heimwerken;Garten ;Pools;Aufblasbare Pools;;;;;
26051;Garten & Heimwerken;Garten ;Pools;Outdoor-Whirlpools;;;;;
26021;Garten & Heimwerken;Garten ;Pools;Planschbecken;;;;;
26071;Garten & Heimwerken;Garten ;Pools;Stahlwandpools;;;;;
69527;Garten & Heimwerken;Garten ;Pools;Holzpools;;;;;
23721;Garten & Heimwerken;Baumarkt;;;;;;;
49711;Garten & Heimwerken;Baumarkt;Badausstattung;;;;;;
66661;Garten & Heimwerken;Baumarkt;Badausstattung;;;;;;
65221;Garten & Heimwerken;Baumarkt;Badausstattung;;;;;;
69465;Garten & Heimwerken;Baumarkt;Badausstattung;;;;;;
27721;Garten & Heimwerken;Baumarkt;Badausstattung;;;;;;
49721;Garten & Heimwerken;Baumarkt;Badausstattung;;;;;;
49731;Garten & Heimwerken;Baumarkt;Badausstattung;;;;;;
49701;Garten & Heimwerken;Baumarkt;Badausstattung;Bad- & Duscharmaturen;;;;;
28401;Garten & Heimwerken;Baumarkt;Badausstattung;Badkeramik;;;;;
68682;Garten & Heimwerken;Baumarkt;Badausstattung;Badkeramik;Badkeramik-Zubehör;;;;
28411;Garten & Heimwerken;Baumarkt;Badausstattung;Badkeramik;Bidets;;;;
44521;Garten & Heimwerken;Baumarkt;Badausstattung;Badkeramik;Bidets;Stand-Bidets;;;
44511;Garten & Heimwerken;Baumarkt;Badausstattung;Badkeramik;Bidets;Hänge-Bidets;;;
28421;Garten & Heimwerken;Baumarkt;Badausstattung;Badkeramik;Waschbecken;;;;
28431;Garten & Heimwerken;Baumarkt;Badausstattung;Badkeramik;WCs;;;;
44491;Garten & Heimwerken;Baumarkt;Badausstattung;Badkeramik;WCs;Stand-WCs;;;
44501;Garten & Heimwerken;Baumarkt;Badausstattung;Badkeramik;WCs;Hänge-WCs;;;
61261;Garten & Heimwerken;Baumarkt;Badausstattung;Badkeramik;Urinale;;;;
69207;Garten & Heimwerken;Baumarkt;Badausstattung;Badkeramik;Waschtische;;;;
57231;Garten & Heimwerken;Baumarkt;Badausstattung;Badausstattungssets;;;;;
57261;Garten & Heimwerken;Baumarkt;Badausstattung;Badezimmeraufbewahrung;;;;;
62601;Garten & Heimwerken;Baumarkt;Badausstattung;Badezimmeraufbewahrung;Salbendosen;;;;
57281;Garten & Heimwerken;Baumarkt;Badausstattung;Badezimmeraufbewahrung;Wattepadspender;;;;
57271;Garten & Heimwerken;Baumarkt;Badausstattung;Badezimmeraufbewahrung;Kosmetiktuchboxen;;;;
57291;Garten & Heimwerken;Baumarkt;Badausstattung;Badezimmeraufbewahrung;Sonstige Badezimmeraufbewahrung;;;;
57321;Garten & Heimwerken;Baumarkt;Badausstattung;Badewannen- & Duscheinlagen;;;;;
43411;Garten & Heimwerken;Baumarkt;Badausstattung;Badewannen;;;;;
69337;Garten & Heimwerken;Baumarkt;Badausstattung;Desinfektionsspender;;;;;
62171;Garten & Heimwerken;Baumarkt;Badausstattung;Betätigungsplatten;;;;;
61181;Garten & Heimwerken;Baumarkt;Badausstattung;Händetrockner;;;;;
57251;Garten & Heimwerken;Baumarkt;Badausstattung;Handtuchhalter & -haken;;;;;
57331;Garten & Heimwerken;Baumarkt;Badausstattung;Sonstige Badausstattung;;;;;
57831;Garten & Heimwerken;Baumarkt;Badausstattung;Duschvorhänge;;;;;
69569;Garten & Heimwerken;Baumarkt;Badausstattung;Duschabzieher;;;;;
57241;Garten & Heimwerken;Baumarkt;Badausstattung;Duschhocker & -sitze;;;;;
28301;Garten & Heimwerken;Baumarkt;Badausstattung;Duschen;;;;;
28341;Garten & Heimwerken;Baumarkt;Badausstattung;Duschen;Duschzubehör;;;;
28381;Garten & Heimwerken;Baumarkt;Badausstattung;Duschen;Duschzubehör;Duschkörbe & -ablagen;;;
69154;Garten & Heimwerken;Baumarkt;Badausstattung;Duschen;Duschzubehör;Duschstangen;;;
69420;Garten & Heimwerken;Baumarkt;Badausstattung;Duschen;Duschzubehör;Duschabläufe;;;
69155;Garten & Heimwerken;Baumarkt;Badausstattung;Duschen;Duschzubehör;Brausehalter;;;
28331;Garten & Heimwerken;Baumarkt;Badausstattung;Duschen;Duschzubehör;Duschköpfe & -brausen;;;
28351;Garten & Heimwerken;Baumarkt;Badausstattung;Duschen;Duschzubehör;Duschschläuche;;;
28361;Garten & Heimwerken;Baumarkt;Badausstattung;Duschen;Duschzubehör;Duschabtrennungen;;;
28391;Garten & Heimwerken;Baumarkt;Badausstattung;Duschen;Duschzubehör;Duschregale;;;
28371;Garten & Heimwerken;Baumarkt;Badausstattung;Duschen;Duschzubehör;Duschwannen;;;
28311;Garten & Heimwerken;Baumarkt;Badausstattung;Duschen;Duschkabinen;;;;
28321;Garten & Heimwerken;Baumarkt;Badausstattung;Duschen;Dampfduschen;;;;
65361;Garten & Heimwerken;Baumarkt;Badausstattung;Waschbeckenstöpsel;;;;;
57201;Garten & Heimwerken;Baumarkt;Badausstattung;Seifenspender & -schalen;;;;;
65171;Garten & Heimwerken;Baumarkt;Badausstattung;Stützgriffe;;;;;
57301;Garten & Heimwerken;Baumarkt;Badausstattung;WC-Bürsten;;;;;
69013;Garten & Heimwerken;Baumarkt;Badausstattung;Spülkästen & Zubehör;;;;;
69014;Garten & Heimwerken;Baumarkt;Badausstattung;Spülkästen & Zubehör;Unterputz Spülkästen;;;;
69015;Garten & Heimwerken;Baumarkt;Badausstattung;Spülkästen & Zubehör;Aufputz Spülkästen;;;;
69016;Garten & Heimwerken;Baumarkt;Badausstattung;Spülkästen & Zubehör;Spülkastenzubehör;;;;
58131;Garten & Heimwerken;Baumarkt;Badausstattung;WC-Garnituren;;;;;
57221;Garten & Heimwerken;Baumarkt;Badausstattung;Toilettenpapierhalter;;;;;
57311;Garten & Heimwerken;Baumarkt;Badausstattung;WC-Sitze;;;;;
57211;Garten & Heimwerken;Baumarkt;Badausstattung;Handtuchspender;;;;;
43421;Garten & Heimwerken;Baumarkt;Badausstattung;Whirlpools;;;;;
27751;Garten & Heimwerken;Baumarkt;Baustoffe;;;;;;
68967;Garten & Heimwerken;Baumarkt;Baustoffe;Bauglas;;;;;
63261;Garten & Heimwerken;Baumarkt;Baustoffe;Zement;;;;;
28541;Garten & Heimwerken;Baumarkt;Baustoffe;Bauklebstoffe;;;;;
28581;Garten & Heimwerken;Baumarkt;Baustoffe;Bauschaum;;;;;
28591;Garten & Heimwerken;Baumarkt;Baustoffe;Dämmungen;;;;;
28551;Garten & Heimwerken;Baumarkt;Baustoffe;Mörtel;;;;;
66571;Garten & Heimwerken;Baumarkt;Baustoffe;Rohre;;;;;
28601;Garten & Heimwerken;Baumarkt;Baustoffe;Putz;;;;;
28561;Garten & Heimwerken;Baumarkt;Baustoffe;Abdichtungen;;;;;
49771;Garten & Heimwerken;Baumarkt;Baustoffe;Abdichtungen;Fugenabdichtungen;;;;
49761;Garten & Heimwerken;Baumarkt;Baustoffe;Abdichtungen;Dichtungsbänder;;;;
65081;Garten & Heimwerken;Baumarkt;Baustoffe;Silikon;;;;;
27951;Garten & Heimwerken;Baumarkt;Reinigungsmaschinen;;;;;;
49961;Garten & Heimwerken;Baumarkt;Reinigungsmaschinen;;;;;;
33951;Garten & Heimwerken;Baumarkt;Reinigungsmaschinen;Bohnermaschinen;;;;;
66391;Garten & Heimwerken;Baumarkt;Reinigungsmaschinen;Hochdruckreiniger-Zubehör;;;;;
33961;Garten & Heimwerken;Baumarkt;Reinigungsmaschinen;Hochdruckreiniger;;;;;
66271;Garten & Heimwerken;Baumarkt;Reinigungsmaschinen;Kehrmaschinen-Zubehör;;;;;
33981;Garten & Heimwerken;Baumarkt;Reinigungsmaschinen;Kehrmaschinen;;;;;
33931;Garten & Heimwerken;Baumarkt;Reinigungsmaschinen;Nass- & Trockensauger;;;;;
27761;Garten & Heimwerken;Baumarkt;Bauelemente;;;;;;
28621;Garten & Heimwerken;Baumarkt;Bauelemente;Schotter;;;;;
28641;Garten & Heimwerken;Baumarkt;Bauelemente;Kies;;;;;
28661;Garten & Heimwerken;Baumarkt;Bauelemente;Splitt;;;;;
28651;Garten & Heimwerken;Baumarkt;Bauelemente;Sand;;;;;
28611;Garten & Heimwerken;Baumarkt;Bauelemente;Stein;;;;;
28631;Garten & Heimwerken;Baumarkt;Bauelemente;Holz;;;;;
27791;Garten & Heimwerken;Baumarkt;Trockenausbau ;;;;;;
49811;Garten & Heimwerken;Baumarkt;Trockenausbau ;;;;;;
19311;Garten & Heimwerken;Baumarkt;Trockenausbau ;Spachtelmasse für Autos;;;;;
29541;Garten & Heimwerken;Baumarkt;Trockenausbau ;Gipsfaserplatten;;;;;
69444;Garten & Heimwerken;Baumarkt;Trockenausbau ;Baustützen;;;;;
29571;Garten & Heimwerken;Baumarkt;Trockenausbau ;Profile;;;;;
29561;Garten & Heimwerken;Baumarkt;Trockenausbau ;Rigipsplatten;;;;;
29591;Garten & Heimwerken;Baumarkt;Trockenausbau ;Arbeitsleuchten;;;;;
55641;Garten & Heimwerken;Baumarkt;Elektromaterial;;;;;;
27831;Garten & Heimwerken;Baumarkt;Elektromaterial;;;;;;
49841;Garten & Heimwerken;Baumarkt;Elektromaterial;;;;;;
49831;Garten & Heimwerken;Baumarkt;Elektromaterial;;;;;;
58081;Garten & Heimwerken;Baumarkt;Elektromaterial;Kabelklemmen;;;;;
58071;Garten & Heimwerken;Baumarkt;Elektromaterial;Kabelführungen;;;;;
30091;Garten & Heimwerken;Baumarkt;Elektromaterial;Kabelbinder;;;;;
43191;Garten & Heimwerken;Baumarkt;Elektromaterial;Kondensatoren;;;;;
69850;Garten & Heimwerken;Baumarkt;Elektromaterial;Schaltschränke;;;;;
30121;Garten & Heimwerken;Baumarkt;Elektromaterial;Regler;;;;;
63961;Garten & Heimwerken;Baumarkt;Elektromaterial;Krokodilklemmen;;;;;
30061;Garten & Heimwerken;Baumarkt;Elektromaterial;Türklingelanlagen & Zubehör;;;;;
30081;Garten & Heimwerken;Baumarkt;Elektromaterial;Türklingelanlagen & Zubehör;Türklingelknöpfe;;;;
43481;Garten & Heimwerken;Baumarkt;Elektromaterial;Türklingelanlagen & Zubehör;Türklingelanlagen;;;;
30031;Garten & Heimwerken;Baumarkt;Elektromaterial;Isolierbänder;;;;;
30181;Garten & Heimwerken;Baumarkt;Elektromaterial;Sicherungen & Schutzschalter;;;;;
30231;Garten & Heimwerken;Baumarkt;Elektromaterial;Buchsen & Dosen;;;;;
30261;Garten & Heimwerken;Baumarkt;Elektromaterial;Buchsen & Dosen;Antennendosen;;;;
30251;Garten & Heimwerken;Baumarkt;Elektromaterial;Buchsen & Dosen;Telefonbuchsen;;;;
62861;Garten & Heimwerken;Baumarkt;Elektromaterial;Leuchtmittel-Fassungen;;;;;
58591;Garten & Heimwerken;Baumarkt;Elektromaterial;Sonstiges Elektromaterial;;;;;
65651;Garten & Heimwerken;Baumarkt;Elektromaterial;Stecker;;;;;
62851;Garten & Heimwerken;Baumarkt;Elektromaterial;Verteiler;;;;;
30051;Garten & Heimwerken;Baumarkt;Elektromaterial;Lüsterklemmen;;;;;
30141;Garten & Heimwerken;Baumarkt;Elektromaterial;Steckdosen;;;;;
67431;Garten & Heimwerken;Baumarkt;Elektromaterial;Steckdosen;Gartensteckdosen;;;;
30151;Garten & Heimwerken;Baumarkt;Elektromaterial;Steckdosen;Mehrfachsteckdosen;;;;
64281;Garten & Heimwerken;Baumarkt;Elektromaterial;Steckdosen;Funksteckdosen;;;;
30171;Garten & Heimwerken;Baumarkt;Elektromaterial;Steckdosen;Wandsteckdosen;;;;
58281;Garten & Heimwerken;Baumarkt;Elektromaterial;Zeitschaltuhren;;;;;
65891;Garten & Heimwerken;Baumarkt;Elektromaterial;Elektronenröhren;;;;;
63381;Garten & Heimwerken;Baumarkt;Elektromaterial;Spannungswandler;;;;;
30271;Garten & Heimwerken;Baumarkt;Elektromaterial;Wandschalter;;;;;
69756;Garten & Heimwerken;Baumarkt;Elektromaterial;Windkraftanlagen;;;;;
57641;Garten & Heimwerken;Baumarkt;Elektromaterial;Kabelkanäle;;;;;
69757;Garten & Heimwerken;Baumarkt;Kamine & Öfen;;;;;;
27991;Garten & Heimwerken;Baumarkt;Kamine & Öfen;;;;;;
68692;Garten & Heimwerken;Baumarkt;Kamine & Öfen;Dekokamine;;;;;
34161;Garten & Heimwerken;Baumarkt;Kamine & Öfen;Dekokamine;Elektrokamine;;;;
69664;Garten & Heimwerken;Baumarkt;Kamine & Öfen;Dekokamine;Kaminkonsolen;;;;
34111;Garten & Heimwerken;Baumarkt;Kamine & Öfen;Dekokamine;Tischkamine;;;;
68702;Garten & Heimwerken;Baumarkt;Kamine & Öfen;Dekokamine;Wandkamine;;;;
34181;Garten & Heimwerken;Baumarkt;Kamine & Öfen;Kaminzubehör;;;;;
59341;Garten & Heimwerken;Baumarkt;Kamine & Öfen;Kaminzubehör;Ascheeimer;;;;
34271;Garten & Heimwerken;Baumarkt;Kamine & Öfen;Kaminzubehör;Kohlenschaufeln;;;;
34311;Garten & Heimwerken;Baumarkt;Kamine & Öfen;Kaminzubehör;Kaminbestecke;;;;
63061;Garten & Heimwerken;Baumarkt;Kamine & Öfen;Kaminzubehör;Kaminglasreiniger;;;;
69167;Garten & Heimwerken;Baumarkt;Kamine & Öfen;Kaminzubehör;Brennholz;;;;
34321;Garten & Heimwerken;Baumarkt;Kamine & Öfen;Kaminzubehör;Kaminholzkörbe;;;;
62311;Garten & Heimwerken;Baumarkt;Kamine & Öfen;Kaminzubehör;Kaminholzregale;;;;
34231;Garten & Heimwerken;Baumarkt;Kamine & Öfen;Kaminzubehör;Brennmaterialien;;;;
58541;Garten & Heimwerken;Baumarkt;Kamine & Öfen;Kaminzubehör;Sonstiges Kaminzubehör;;;;
34241;Garten & Heimwerken;Baumarkt;Kamine & Öfen;Kaminzubehör;Schürhaken;;;;
34251;Garten & Heimwerken;Baumarkt;Kamine & Öfen;Kaminzubehör;Funkenschutzplatten;;;;
34281;Garten & Heimwerken;Baumarkt;Kamine & Öfen;Kaminzubehör;Ofenrohrrosetten;;;;
34261;Garten & Heimwerken;Baumarkt;Kamine & Öfen;Kaminzubehör;Ofenrohre;;;;
34301;Garten & Heimwerken;Baumarkt;Kamine & Öfen;Kaminzubehör;Ofenvorsetzer;;;;
68722;Garten & Heimwerken;Baumarkt;Kamine & Öfen;Kamineinsätze;;;;;
34091;Garten & Heimwerken;Baumarkt;Kamine & Öfen;Kaminbausätze;;;;;
47451;Garten & Heimwerken;Baumarkt;Kamine & Öfen;Kamine;;;;;
68712;Garten & Heimwerken;Baumarkt;Kamine & Öfen;Küchenöfen;;;;;
34211;Garten & Heimwerken;Baumarkt;Kamine & Öfen;Ölöfen;;;;;
34201;Garten & Heimwerken;Baumarkt;Kamine & Öfen;Pelletöfen;;;;;
68732;Garten & Heimwerken;Baumarkt;Kamine & Öfen;Kachelöfen;;;;;
34061;Garten & Heimwerken;Baumarkt;Kamine & Öfen;Kaminöfen;;;;;
34191;Garten & Heimwerken;Baumarkt;Kamine & Öfen;Werkstattöfen;;;;;
49681;Garten & Heimwerken;Baumarkt;Forst- & Landwirtschaftsgeräte;;;;;;
27921;Garten & Heimwerken;Baumarkt;Forst- & Landwirtschaftsgeräte;;;;;;
49911;Garten & Heimwerken;Baumarkt;Forst- & Landwirtschaftsgeräte;;;;;;
33901;Garten & Heimwerken;Baumarkt;Forst- & Landwirtschaftsgeräte;Hammermühlen;;;;;
33911;Garten & Heimwerken;Baumarkt;Forst- & Landwirtschaftsgeräte;Pelletpressen;;;;;
68032;Garten & Heimwerken;Baumarkt;Heizungstechnik;;;;;;
68042;Garten & Heimwerken;Baumarkt;Heizungstechnik;Heizkessel;;;;;
66651;Garten & Heimwerken;Baumarkt;Heizungstechnik;Durchlauferhitzer;;;;;
66671;Garten & Heimwerken;Baumarkt;Heizungstechnik;Gasheizungen;;;;;
70148;Garten & Heimwerken;Baumarkt;Heizungstechnik;Wärmepumpen;;;;;
69425;Garten & Heimwerken;Baumarkt;Heizungstechnik;Warmwasserspeicher;;;;;
69500;Garten & Heimwerken;Baumarkt;Heizungstechnik;Infrarotheizungen;;;;;
69772;Garten & Heimwerken;Baumarkt;Heizungstechnik;Heizkörperverkleidungen;;;;;
69437;Garten & Heimwerken;Baumarkt;Heizungstechnik;Heizkörperthermostate;;;;;
67011;Garten & Heimwerken;Baumarkt;Heizungstechnik;Heizkörper;;;;;
69438;Garten & Heimwerken;Baumarkt;Heizungstechnik;Raumthermostate;;;;;
69283;Garten & Heimwerken;Baumarkt;Heizungstechnik;Fußbodenheizungen;;;;;
27781;Garten & Heimwerken;Baumarkt;Innenausbau ;;;;;;
69208;Garten & Heimwerken;Baumarkt;Innenausbau ;Deckenplatten;;;;;
28991;Garten & Heimwerken;Baumarkt;Innenausbau ;Türen & Zubehör;;;;;
43471;Garten & Heimwerken;Baumarkt;Innenausbau ;Türen & Zubehör;Türzubehör;;;;
63901;Garten & Heimwerken;Baumarkt;Innenausbau ;Türen & Zubehör;Türzubehör;Türketten;;;
29331;Garten & Heimwerken;Baumarkt;Innenausbau ;Türen & Zubehör;Türzubehör;Türschließer;;;
29321;Garten & Heimwerken;Baumarkt;Innenausbau ;Türen & Zubehör;Türzubehör;Türrahmen;;;
29301;Garten & Heimwerken;Baumarkt;Innenausbau ;Türen & Zubehör;Türzubehör;Türgriffe & -beschläge;;;
56721;Garten & Heimwerken;Baumarkt;Innenausbau ;Türen & Zubehör;Türzubehör;Türöffner;;;
58821;Garten & Heimwerken;Baumarkt;Innenausbau ;Türen & Zubehör;Türzubehör;Schließzylinder;;;
58451;Garten & Heimwerken;Baumarkt;Innenausbau ;Türen & Zubehör;Türzubehör;Sonstiges Türzubehör;;;
43461;Garten & Heimwerken;Baumarkt;Innenausbau ;Türen & Zubehör;Türen;;;;
64181;Garten & Heimwerken;Baumarkt;Innenausbau ;Türen & Zubehör;Türen;Revisionstüren;;;
29241;Garten & Heimwerken;Baumarkt;Innenausbau ;Türen & Zubehör;Türen;Balkon- & Terassentüren;;;
29291;Garten & Heimwerken;Baumarkt;Innenausbau ;Türen & Zubehör;Türen;Haustüren;;;
29351;Garten & Heimwerken;Baumarkt;Innenausbau ;Türen & Zubehör;Türen;Zimmertüren;;;
29001;Garten & Heimwerken;Baumarkt;Innenausbau ;Bodenbeläge;;;;;
69274;Garten & Heimwerken;Baumarkt;Innenausbau ;Bodenbeläge;;;;;
69508;Garten & Heimwerken;Baumarkt;Innenausbau ;Bodenbeläge;Trittschalldämmungen;;;;
69507;Garten & Heimwerken;Baumarkt;Innenausbau ;Bodenbeläge;Design- & Vinylböden;;;;
29421;Garten & Heimwerken;Baumarkt;Innenausbau ;Bodenbeläge;Laminat;;;;
29371;Garten & Heimwerken;Baumarkt;Innenausbau ;Bodenbeläge;PVC;;;;
29381;Garten & Heimwerken;Baumarkt;Innenausbau ;Bodenbeläge;Parkett;;;;
69591;Garten & Heimwerken;Baumarkt;Innenausbau ;Bodenbeläge;Stelzlager;;;;
29401;Garten & Heimwerken;Baumarkt;Innenausbau ;Bodenbeläge;Holzdielen;;;;
69268;Garten & Heimwerken;Baumarkt;Innenausbau ;Geländer und Handläufe;;;;;
69537;Garten & Heimwerken;Baumarkt;Innenausbau ;Bautenschutzmatten;;;;;
55401;Garten & Heimwerken;Baumarkt;Innenausbau ;Rollladenzubehör;;;;;
69807;Garten & Heimwerken;Baumarkt;Innenausbau ;Rollladenzubehör;Sonstiges Rollladenzubehör;;;;
69823;Garten & Heimwerken;Baumarkt;Innenausbau ;Rollladenzubehör;Rollladengurte;;;;
69821;Garten & Heimwerken;Baumarkt;Innenausbau ;Rollladenzubehör;Gurtwickler;;;;
69822;Garten & Heimwerken;Baumarkt;Innenausbau ;Rollladenzubehör;Rollladensteuerungen;;;;
69820;Garten & Heimwerken;Baumarkt;Innenausbau ;Rollladenzubehör;Rollladenmotoren;;;;
63251;Garten & Heimwerken;Baumarkt;Innenausbau ;Sockelleisten;;;;;
69204;Garten & Heimwerken;Baumarkt;Innenausbau ;Treppen;;;;;
67091;Garten & Heimwerken;Baumarkt;Innenausbau ;Stuckleisten;;;;;
29011;Garten & Heimwerken;Baumarkt;Innenausbau ;Fliesen;;;;;
69273;Garten & Heimwerken;Baumarkt;Innenausbau ;Wandpaneele & Deckenpaneele;;;;;
69498;Garten & Heimwerken;Baumarkt;Innenausbau ;Keile;;;;;
29021;Garten & Heimwerken;Baumarkt;Innenausbau ;Keile;;;;;
29511;Garten & Heimwerken;Baumarkt;Innenausbau ;Keile;Türkeile & Fensterstopper;;;;
29531;Garten & Heimwerken;Baumarkt;Innenausbau ;Keile;Fensterkeile;;;;
28981;Garten & Heimwerken;Baumarkt;Innenausbau ;Fenster & Zubehör;;;;;
43451;Garten & Heimwerken;Baumarkt;Innenausbau ;Fenster & Zubehör;Fensterzubehör;;;;
62581;Garten & Heimwerken;Baumarkt;Innenausbau ;Fenster & Zubehör;Fensterzubehör;Sonstiges Fensterzubehör;;;
29071;Garten & Heimwerken;Baumarkt;Innenausbau ;Fenster & Zubehör;Fensterzubehör;Fensterbeschläge;;;
61871;Garten & Heimwerken;Baumarkt;Innenausbau ;Fenster & Zubehör;Fensterzubehör;Fensterschlösser;;;
29061;Garten & Heimwerken;Baumarkt;Innenausbau ;Fenster & Zubehör;Fensterzubehör;Fensterbänke;;;
44541;Garten & Heimwerken;Baumarkt;Innenausbau ;Fenster & Zubehör;Fensterzubehör;Fensterbänke;Außenfensterbänke;;
44531;Garten & Heimwerken;Baumarkt;Innenausbau ;Fenster & Zubehör;Fensterzubehör;Fensterbänke;Innenfensterbänke;;
43441;Garten & Heimwerken;Baumarkt;Innenausbau ;Fenster & Zubehör;Fenster;;;;
29031;Garten & Heimwerken;Baumarkt;Innenausbau ;Fenster & Zubehör;Fenster;Aluminiumfenster;;;
29111;Garten & Heimwerken;Baumarkt;Innenausbau ;Fenster & Zubehör;Fenster;Kellerfenster;;;
29131;Garten & Heimwerken;Baumarkt;Innenausbau ;Fenster & Zubehör;Fenster;Kunststofffenster;;;
29041;Garten & Heimwerken;Baumarkt;Innenausbau ;Fenster & Zubehör;Fenster;Dachfenster;;;
29091;Garten & Heimwerken;Baumarkt;Innenausbau ;Fenster & Zubehör;Fenster;Holzfenster;;;
27801;Garten & Heimwerken;Baumarkt;Eisenwaren;;;;;;
49821;Garten & Heimwerken;Baumarkt;Eisenwaren;;;;;;
58841;Garten & Heimwerken;Baumarkt;Eisenwaren;;;;;;
29881;Garten & Heimwerken;Baumarkt;Eisenwaren;Winkel;;;;;
68932;Garten & Heimwerken;Baumarkt;Eisenwaren;Kugellager;;;;;
29681;Garten & Heimwerken;Baumarkt;Eisenwaren;Bolzen;;;;;
59211;Garten & Heimwerken;Baumarkt;Eisenwaren;Riegel;;;;;
29721;Garten & Heimwerken;Baumarkt;Eisenwaren;Karabiner;;;;;
29831;Garten & Heimwerken;Baumarkt;Eisenwaren;Senker;;;;;
64221;Garten & Heimwerken;Baumarkt;Eisenwaren;Verteilerstücke;;;;;
69662;Garten & Heimwerken;Baumarkt;Eisenwaren;Fittings;;;;;
29631;Garten & Heimwerken;Baumarkt;Eisenwaren;Garagentortechnik;;;;;
29661;Garten & Heimwerken;Baumarkt;Eisenwaren;Garagentortechnik;Garagentorantriebe;;;;
69376;Garten & Heimwerken;Baumarkt;Eisenwaren;Garagentortechnik;Garagentoröffner;;;;
69400;Garten & Heimwerken;Baumarkt;Eisenwaren;Garagentortechnik;Garagentor-Fernbedienungen;;;;
29651;Garten & Heimwerken;Baumarkt;Eisenwaren;Garagentortechnik;Garagentorfedern;;;;
58851;Garten & Heimwerken;Baumarkt;Eisenwaren;Scharniere;;;;;
62621;Garten & Heimwerken;Baumarkt;Eisenwaren;Ladenbänder;;;;;
63691;Garten & Heimwerken;Baumarkt;Eisenwaren;Schlüsselringe;;;;;
69563;Garten & Heimwerken;Baumarkt;Eisenwaren;Lamellenstopfen;;;;;
61601;Garten & Heimwerken;Baumarkt;Eisenwaren;Metallhaken;;;;;
69565;Garten & Heimwerken;Baumarkt;Eisenwaren;Metalldrähte;;;;;
57041;Garten & Heimwerken;Baumarkt;Eisenwaren;Sonstige Eisenwaren;;;;;
29771;Garten & Heimwerken;Baumarkt;Eisenwaren;Nägel;;;;;
29761;Garten & Heimwerken;Baumarkt;Eisenwaren;Muttern;;;;;
66831;Garten & Heimwerken;Baumarkt;Eisenwaren;Rohrschellen;;;;;
29851;Garten & Heimwerken;Baumarkt;Eisenwaren;Spitzkauschen;;;;;
29781;Garten & Heimwerken;Baumarkt;Eisenwaren;Nieten;;;;;
29701;Garten & Heimwerken;Baumarkt;Eisenwaren;Gewinde;;;;;
29811;Garten & Heimwerken;Baumarkt;Eisenwaren;Schrauben;;;;;
29801;Garten & Heimwerken;Baumarkt;Eisenwaren;Schäkel;;;;;
29741;Garten & Heimwerken;Baumarkt;Eisenwaren;Muffen;;;;;
63371;Garten & Heimwerken;Baumarkt;Eisenwaren;Splinte;;;;;
29861;Garten & Heimwerken;Baumarkt;Eisenwaren;Stahlketten;;;;;
29691;Garten & Heimwerken;Baumarkt;Eisenwaren;Dübel;;;;;
29871;Garten & Heimwerken;Baumarkt;Eisenwaren;Unterlegscheiben;;;;;
27731;Garten & Heimwerken;Baumarkt;Küchenausstattung;;;;;;
49751;Garten & Heimwerken;Baumarkt;Küchenausstattung;;;;;;
69375;Garten & Heimwerken;Baumarkt;Küchenausstattung;Siphons;;;;;
69276;Garten & Heimwerken;Baumarkt;Küchenausstattung;Küchenrückwände;;;;;
67622;Garten & Heimwerken;Baumarkt;Küchenausstattung;Küchenersatzteile;;;;;
45831;Garten & Heimwerken;Baumarkt;Küchenausstattung;Küchenarmaturen;;;;;
28441;Garten & Heimwerken;Baumarkt;Küchenausstattung;Spülen;;;;;
69470;Garten & Heimwerken;Baumarkt;Küchenausstattung;Strahlregler;;;;;
27891;Garten & Heimwerken;Baumarkt;Leitern;;;;;;
33641;Garten & Heimwerken;Baumarkt;Leitern;Kombileitern;;;;;
33631;Garten & Heimwerken;Baumarkt;Leitern;Klappleitern;;;;;
63041;Garten & Heimwerken;Baumarkt;Leitern;Trittstufen;;;;;
33611;Garten & Heimwerken;Baumarkt;Leitern;Haushaltsleitern;;;;;
64901;Garten & Heimwerken;Baumarkt;Leitern;Rolltritte;;;;;
66221;Garten & Heimwerken;Baumarkt;Leitern;Zubehör für Leitern;;;;;
60931;Garten & Heimwerken;Baumarkt;Leitern;Anlegeleitern;;;;;
33711;Garten & Heimwerken;Baumarkt;Leitern;Wartungsbühnen;;;;;
33661;Garten & Heimwerken;Baumarkt;Leitern;Mehrzweckleitern;;;;;
33671;Garten & Heimwerken;Baumarkt;Leitern;Podestleitern;;;;;
61511;Garten & Heimwerken;Baumarkt;Leitern;Rettungsleitern;;;;;
33581;Garten & Heimwerken;Baumarkt;Leitern;Dachleitern;;;;;
33601;Garten & Heimwerken;Baumarkt;Leitern;Gerüste;;;;;
33681;Garten & Heimwerken;Baumarkt;Leitern;Schiebeleitern;;;;;
33701;Garten & Heimwerken;Baumarkt;Leitern;Teleskopleitern;;;;;
27931;Garten & Heimwerken;Baumarkt;Materialpflege;;;;;;
49951;Garten & Heimwerken;Baumarkt;Materialpflege;;;;;;
49931;Garten & Heimwerken;Baumarkt;Materialpflege;;;;;;
49921;Garten & Heimwerken;Baumarkt;Materialpflege;;;;;;
49941;Garten & Heimwerken;Baumarkt;Materialpflege;;;;;;
61391;Garten & Heimwerken;Baumarkt;Materialpflege;Steinpflege;;;;;
55421;Garten & Heimwerken;Baumarkt;Messtechnik;;;;;;
27851;Garten & Heimwerken;Baumarkt;Messtechnik;;;;;;
55411;Garten & Heimwerken;Baumarkt;Messtechnik;;;;;;
65031;Garten & Heimwerken;Baumarkt;Messtechnik;Windmesser;;;;;
30681;Garten & Heimwerken;Baumarkt;Messtechnik;Winkelmessgeräte;;;;;
61561;Garten & Heimwerken;Baumarkt;Messtechnik;Messschieber;;;;;
65621;Garten & Heimwerken;Baumarkt;Messtechnik;Schlagschnüre & Zubehör;;;;;
65641;Garten & Heimwerken;Baumarkt;Messtechnik;Schlagschnüre & Zubehör;Schlagschnur-Zubehör;;;;
65631;Garten & Heimwerken;Baumarkt;Messtechnik;Schlagschnüre & Zubehör;Schlagschnüre;;;;
30291;Garten & Heimwerken;Baumarkt;Messtechnik;Dichtemessgeräte;;;;;
62461;Garten & Heimwerken;Baumarkt;Messtechnik;Detektoren;;;;;
30321;Garten & Heimwerken;Baumarkt;Messtechnik;Durometer;;;;;
30701;Garten & Heimwerken;Baumarkt;Messtechnik;Zollstöcke;;;;;
30341;Garten & Heimwerken;Baumarkt;Messtechnik;Kraftmessgeräte;;;;;
32511;Garten & Heimwerken;Baumarkt;Messtechnik;Hygrometer;;;;;
68921;Garten & Heimwerken;Baumarkt;Messtechnik;Industriewaagen;;;;;
63311;Garten & Heimwerken;Baumarkt;Messtechnik;Infrarot-Thermometer;;;;;
30351;Garten & Heimwerken;Baumarkt;Messtechnik;Lasermessgeräte;;;;;
30281;Garten & Heimwerken;Baumarkt;Messtechnik;Abziehlatten;;;;;
30571;Garten & Heimwerken;Baumarkt;Messtechnik;Luxmessgeräte;;;;;
30691;Garten & Heimwerken;Baumarkt;Messtechnik;Markierungsspray & -kreide;;;;;
66611;Garten & Heimwerken;Baumarkt;Messtechnik;Messtechnik-Zubehör;;;;;
30601;Garten & Heimwerken;Baumarkt;Messtechnik;Messbänder;;;;;
65371;Garten & Heimwerken;Baumarkt;Messtechnik;Sonstige Messtechnik;;;;;
60561;Garten & Heimwerken;Baumarkt;Messtechnik;Feuchtigkeitsmesser;;;;;
63681;Garten & Heimwerken;Baumarkt;Messtechnik;Redox-Messgeräte;;;;;
64381;Garten & Heimwerken;Baumarkt;Messtechnik;Lote;;;;;
64091;Garten & Heimwerken;Baumarkt;Messtechnik;Strommessgeräte;;;;;
30651;Garten & Heimwerken;Baumarkt;Messtechnik;Strahlungsmessgeräte;;;;;
30611;Garten & Heimwerken;Baumarkt;Messtechnik;Regenmesser;;;;;
69472;Garten & Heimwerken;Baumarkt;Messtechnik;Refraktometer;;;;;
30311;Garten & Heimwerken;Baumarkt;Messtechnik;Drehzahlmessgeräte;;;;;
30621;Garten & Heimwerken;Baumarkt;Messtechnik;Rotationslaser;;;;;
30631;Garten & Heimwerken;Baumarkt;Messtechnik;Schallpegelmessgeräte;;;;;
30671;Garten & Heimwerken;Baumarkt;Messtechnik;Wasserwaagen;;;;;
70155;Garten & Heimwerken;Baumarkt;Messtechnik;Wärmebildkameras;;;;;
30661;Garten & Heimwerken;Baumarkt;Messtechnik;Vibrationsmessgeräte;;;;;
30641;Garten & Heimwerken;Baumarkt;Messtechnik;Spannungsmessgeräte;;;;;
69398;Garten & Heimwerken;Baumarkt;Messtechnik;Ortungsgeräte;;;;;
59561;Garten & Heimwerken;Baumarkt;Messtechnik;Wasser- & Stromzähler;;;;;
48281;Garten & Heimwerken;Baumarkt;Messtechnik;Funkwetterstationen & Zubehör;;;;;
30911;Garten & Heimwerken;Baumarkt;Messtechnik;Funkwetterstationen & Zubehör;Funkwetterstationen-Schutzfolien;;;;
48291;Garten & Heimwerken;Baumarkt;Messtechnik;Funkwetterstationen & Zubehör;Funkwetterstationen;;;;
27971;Garten & Heimwerken;Baumarkt;Umzugsmaterial;;;;;;
62921;Garten & Heimwerken;Baumarkt;Umzugsmaterial;Packpapier;;;;;
45881;Garten & Heimwerken;Baumarkt;Umzugsmaterial;Umzugskartons;;;;;
34001;Garten & Heimwerken;Baumarkt;Umzugsmaterial;Polstermaterialien;;;;;
34011;Garten & Heimwerken;Baumarkt;Umzugsmaterial;Transporthilfsmittel;;;;;
34031;Garten & Heimwerken;Baumarkt;Umzugsmaterial;Transporthilfsmittel;Sackkarren;;;;
34041;Garten & Heimwerken;Baumarkt;Umzugsmaterial;Transporthilfsmittel;Hubwagen;;;;
49891;Garten & Heimwerken;Baumarkt;Arbeitsschutz;;;;;;
27911;Garten & Heimwerken;Baumarkt;Arbeitsschutz;;;;;;
49901;Garten & Heimwerken;Baumarkt;Arbeitsschutz;;;;;;
62231;Garten & Heimwerken;Baumarkt;Arbeitsschutz;Absperrbänder;;;;;
33731;Garten & Heimwerken;Baumarkt;Arbeitsschutz;Absturzsicherungen;;;;;
33791;Garten & Heimwerken;Baumarkt;Arbeitsschutz;Gehörschutz;;;;;
49791;Garten & Heimwerken;Baumarkt;Arbeitsschutz;Schutzkleidung;;;;;
33871;Garten & Heimwerken;Baumarkt;Arbeitsschutz;Schutzkleidung;;;;;
69326;Garten & Heimwerken;Baumarkt;Arbeitsschutz;Schutzkleidung;;;;;
57131;Garten & Heimwerken;Baumarkt;Arbeitsschutz;Schutzkleidung;Feuerschutzkleidung;;;;
58761;Garten & Heimwerken;Baumarkt;Arbeitsschutz;Schutzkleidung;Warnschutzkleidung;;;;
57111;Garten & Heimwerken;Baumarkt;Arbeitsschutz;Schutzkleidung;Sonstige Schutzkleidung;;;;
59221;Garten & Heimwerken;Baumarkt;Arbeitsschutz;Schutzkleidung;Schutzanzüge;;;;
49871;Garten & Heimwerken;Baumarkt;Arbeitsschutz;Schutzkleidung;Schweißerkleidung;;;;
57081;Garten & Heimwerken;Baumarkt;Arbeitsschutz;Schutzkleidung;Arbeitsjacken;;;;
57051;Garten & Heimwerken;Baumarkt;Arbeitsschutz;Schutzkleidung;Arbeitshosen;;;;
57101;Garten & Heimwerken;Baumarkt;Arbeitsschutz;Schutzkleidung;Arbeitswesten;;;;
33861;Garten & Heimwerken;Baumarkt;Arbeitsschutz;Schutzbrillen;;;;;
33771;Garten & Heimwerken;Baumarkt;Arbeitsschutz;Atemschutzmasken;;;;;
33841;Garten & Heimwerken;Baumarkt;Arbeitsschutz;Sicherheitshelme;;;;;
33751;Garten & Heimwerken;Baumarkt;Arbeitsschutz;Arbeitshandschuhe;;;;;
33761;Garten & Heimwerken;Baumarkt;Arbeitsschutz;Arbeitsschuhe;;;;;
27771;Garten & Heimwerken;Baumarkt;Maler- & Tapezierbedarf;;;;;;
49801;Garten & Heimwerken;Baumarkt;Maler- & Tapezierbedarf;;;;;;
69674;Garten & Heimwerken;Baumarkt;Maler- & Tapezierbedarf;Boden- & Betonfarben;;;;;
28671;Garten & Heimwerken;Baumarkt;Maler- & Tapezierbedarf;Abklebebänder;;;;;
49781;Garten & Heimwerken;Baumarkt;Maler- & Tapezierbedarf;Maleranzüge;;;;;
28741;Garten & Heimwerken;Baumarkt;Maler- & Tapezierbedarf;Abstreifgitter;;;;;
60051;Garten & Heimwerken;Baumarkt;Maler- & Tapezierbedarf;Farbmixer;;;;;
28731;Garten & Heimwerken;Baumarkt;Maler- & Tapezierbedarf;Farbroller;;;;;
60481;Garten & Heimwerken;Baumarkt;Maler- & Tapezierbedarf;Farbspritzpistolen;;;;;
60251;Garten & Heimwerken;Baumarkt;Maler- & Tapezierbedarf;Abbeizer;;;;;
60061;Garten & Heimwerken;Baumarkt;Maler- & Tapezierbedarf;Farbwannen;;;;;
28761;Garten & Heimwerken;Baumarkt;Maler- & Tapezierbedarf;Malerpinsel;;;;;
63951;Garten & Heimwerken;Baumarkt;Maler- & Tapezierbedarf;Lackieranlagen;;;;;
28681;Garten & Heimwerken;Baumarkt;Maler- & Tapezierbedarf;Wandfarben;;;;;
28721;Garten & Heimwerken;Baumarkt;Maler- & Tapezierbedarf;Lacke;;;;;
28701;Garten & Heimwerken;Baumarkt;Maler- & Tapezierbedarf;Wandfarben;Fassadenfarben;;;;
28691;Garten & Heimwerken;Baumarkt;Maler- & Tapezierbedarf;Wandfarben;Innenfarben;;;;
28711;Garten & Heimwerken;Baumarkt;Maler- & Tapezierbedarf;Grundierungen;;;;;
28751;Garten & Heimwerken;Baumarkt;Maler- & Tapezierbedarf;Nahtroller;;;;;
28941;Garten & Heimwerken;Baumarkt;Maler- & Tapezierbedarf;Planen & Abdeckfolien;;;;;
19321;Garten & Heimwerken;Baumarkt;Maler- & Tapezierbedarf;Verdünner;;;;;
28891;Garten & Heimwerken;Baumarkt;Maler- & Tapezierbedarf;Tapetenbürsten;;;;;
28911;Garten & Heimwerken;Baumarkt;Maler- & Tapezierbedarf;Tapetenkleister;;;;;
28901;Garten & Heimwerken;Baumarkt;Maler- & Tapezierbedarf;Tapetenigel;;;;;
28931;Garten & Heimwerken;Baumarkt;Maler- & Tapezierbedarf;Tapetenschaber;;;;;
28921;Garten & Heimwerken;Baumarkt;Maler- & Tapezierbedarf;Tapetenlöser;;;;;
28961;Garten & Heimwerken;Baumarkt;Maler- & Tapezierbedarf;Tapeziertische;;;;;
28771;Garten & Heimwerken;Baumarkt;Maler- & Tapezierbedarf;Tapeten;;;;;
28781;Garten & Heimwerken;Baumarkt;Maler- & Tapezierbedarf;Tapeten;Bordüren;;;;
28871;Garten & Heimwerken;Baumarkt;Maler- & Tapezierbedarf;Tapeten;Türtapeten;;;;
28861;Garten & Heimwerken;Baumarkt;Maler- & Tapezierbedarf;Tapeten;Vliestapeten;;;;
28881;Garten & Heimwerken;Baumarkt;Maler- & Tapezierbedarf;Tapeten;Fototapeten;;;;
28841;Garten & Heimwerken;Baumarkt;Maler- & Tapezierbedarf;Tapeten;Papiertapeten;;;;
66471;Garten & Heimwerken;Baumarkt;Maler- & Tapezierbedarf;Tapeten;Vinyltapeten;;;;
28851;Garten & Heimwerken;Baumarkt;Maler- & Tapezierbedarf;Tapeten;Wandtattoos;;;;
62241;Garten & Heimwerken;Baumarkt;Dachbaustoffe;;;;;;
62271;Garten & Heimwerken;Baumarkt;Dachbaustoffe;Regen- & Dachrinnen-Zubehör;;;;;
62251;Garten & Heimwerken;Baumarkt;Dachbaustoffe;Regen- & Dachrinnen;;;;;
62261;Garten & Heimwerken;Baumarkt;Dachbaustoffe;Dachziegel & -schindeln;;;;;
27741;Garten & Heimwerken;Baumarkt;Saunen & Zubehör;;;;;;
69471;Garten & Heimwerken;Baumarkt;Saunen & Zubehör;Infrarotkabinen;;;;;
28491;Garten & Heimwerken;Baumarkt;Saunen & Zubehör;Saunazubehör;;;;;
69694;Garten & Heimwerken;Baumarkt;Saunen & Zubehör;Saunazubehör;;;;;
67231;Garten & Heimwerken;Baumarkt;Saunen & Zubehör;Saunazubehör;Sonstiges Saunazubehör;;;;
28511;Garten & Heimwerken;Baumarkt;Saunen & Zubehör;Saunazubehör;Saunabänke;;;;
28521;Garten & Heimwerken;Baumarkt;Saunen & Zubehör;Saunazubehör;Saunakübel;;;;
28531;Garten & Heimwerken;Baumarkt;Saunen & Zubehör;Saunazubehör;Saunauhren;;;;
28501;Garten & Heimwerken;Baumarkt;Saunen & Zubehör;Saunazubehör;Saunaaufgüsse ;;;;
66561;Garten & Heimwerken;Baumarkt;Saunen & Zubehör;Saunazubehör;Saunaöfen;;;;
43431;Garten & Heimwerken;Baumarkt;Saunen & Zubehör;Saunen;;;;;
27821;Garten & Heimwerken;Baumarkt;Sicherheitstechnik;;;;;;
29911;Garten & Heimwerken;Baumarkt;Sicherheitstechnik;Alarmanlagen;;;;;
66681;Garten & Heimwerken;Baumarkt;Sicherheitstechnik;Geldscheinprüfer;;;;;
30011;Garten & Heimwerken;Baumarkt;Sicherheitstechnik;Türsprechanlagen;;;;;
64101;Garten & Heimwerken;Baumarkt;Sicherheitstechnik;Sicherheitstechnik-Attrappen;;;;;
29971;Garten & Heimwerken;Baumarkt;Sicherheitstechnik;Löschdecken;;;;;
29941;Garten & Heimwerken;Baumarkt;Sicherheitstechnik;Feuerlöscher;;;;;
61071;Garten & Heimwerken;Baumarkt;Sicherheitstechnik;Gasmelder;;;;;
29961;Garten & Heimwerken;Baumarkt;Sicherheitstechnik;Glasbruchmelder;;;;;
29991;Garten & Heimwerken;Baumarkt;Sicherheitstechnik;Schlösser;;;;;
69092;Garten & Heimwerken;Baumarkt;Sicherheitstechnik;Schlösser;;;;;
45841;Garten & Heimwerken;Baumarkt;Sicherheitstechnik;Schlösser;Einbauschlösser;;;;
30001;Garten & Heimwerken;Baumarkt;Sicherheitstechnik;Schlösser;Vorhängeschlösser;;;;
69838;Garten & Heimwerken;Baumarkt;Sicherheitstechnik;Geldzählmaschinen;;;;;
29921;Garten & Heimwerken;Baumarkt;Sicherheitstechnik;Bewegungsmelder;;;;;
63331;Garten & Heimwerken;Baumarkt;Sicherheitstechnik;Stromausfallmelder;;;;;
56741;Garten & Heimwerken;Baumarkt;Sicherheitstechnik;Tresore;;;;;
68132;Garten & Heimwerken;Baumarkt;Sicherheitstechnik;Sicherheitsspiegel;;;;;
66861;Garten & Heimwerken;Baumarkt;Sicherheitstechnik;Sicherheitstechnik-Zubehör;;;;;
29981;Garten & Heimwerken;Baumarkt;Sicherheitstechnik;Rauchmelder;;;;;
30021;Garten & Heimwerken;Baumarkt;Sicherheitstechnik;Überwachungskameras;;;;;
61081;Garten & Heimwerken;Baumarkt;Sicherheitstechnik;Wassermelder;;;;;
69676;Garten & Heimwerken;Baumarkt;Solartechnik;;;;;;
69678;Garten & Heimwerken;Baumarkt;Solartechnik;Balkonkraftwerke;;;;;
69677;Garten & Heimwerken;Baumarkt;Solartechnik;Mobile Solaranlagen;;;;;
69680;Garten & Heimwerken;Baumarkt;Solartechnik;Solartaschen;;;;;
65261;Garten & Heimwerken;Baumarkt;Solartechnik;Solaranlagen;;;;;
69681;Garten & Heimwerken;Baumarkt;Solartechnik;Solaranlagen Komponenten;;;;;
69682;Garten & Heimwerken;Baumarkt;Solartechnik;Solaranlagen Komponenten;Wechselrichter;;;;
69685;Garten & Heimwerken;Baumarkt;Solartechnik;Solaranlagen Komponenten;Stecker für Solaranlagen;;;;
69777;Garten & Heimwerken;Baumarkt;Solartechnik;Solaranlagen Komponenten;Solarflüssigkeit;;;;
69688;Garten & Heimwerken;Baumarkt;Solartechnik;Solaranlagen Komponenten;Solar- & PV-Montagesysteme;;;;
69684;Garten & Heimwerken;Baumarkt;Solartechnik;Solaranlagen Komponenten;Solarkabel;;;;
69687;Garten & Heimwerken;Baumarkt;Solartechnik;Solaranlagen Komponenten;Solar Laderegler;;;;
69683;Garten & Heimwerken;Baumarkt;Solartechnik;Solaranlagen Komponenten;Solarspeicher;;;;
69679;Garten & Heimwerken;Baumarkt;Solartechnik;Pool-Solarheizungen;;;;;
27881;Garten & Heimwerken;Baumarkt;Werkzeuge;;;;;;
49861;Garten & Heimwerken;Baumarkt;Werkzeuge;;;;;;
31041;Garten & Heimwerken;Baumarkt;Werkzeuge;Handwerkzeuge;;;;;
56461;Garten & Heimwerken;Baumarkt;Werkzeuge;Handwerkzeuge;Cuttermesser;;;;
61531;Garten & Heimwerken;Baumarkt;Werkzeuge;Handwerkzeuge;Schnitzmesser;;;;
32661;Garten & Heimwerken;Baumarkt;Werkzeuge;Handwerkzeuge;Meißel;;;;
64051;Garten & Heimwerken;Baumarkt;Werkzeuge;Handwerkzeuge;Kreisschneider;;;;
32721;Garten & Heimwerken;Baumarkt;Werkzeuge;Handwerkzeuge;Zwingen;;;;
64541;Garten & Heimwerken;Baumarkt;Werkzeuge;Handwerkzeuge;Druckluftpistolen;;;;
32591;Garten & Heimwerken;Baumarkt;Werkzeuge;Handwerkzeuge;Brechstangen;;;;
32601;Garten & Heimwerken;Baumarkt;Werkzeuge;Handwerkzeuge;Entgrater;;;;
62191;Garten & Heimwerken;Baumarkt;Werkzeuge;Handwerkzeuge;Durchtreiber;;;;
32621;Garten & Heimwerken;Baumarkt;Werkzeuge;Handwerkzeuge;Feilen;;;;
64551;Garten & Heimwerken;Baumarkt;Werkzeuge;Handwerkzeuge;Dosierpistolen;;;;
32501;Garten & Heimwerken;Baumarkt;Werkzeuge;Handwerkzeuge;Hammer;;;;
32951;Garten & Heimwerken;Baumarkt;Werkzeuge;Handwerkzeuge;Hammer;Schreinerhämmer;;;
32851;Garten & Heimwerken;Baumarkt;Werkzeuge;Handwerkzeuge;Hammer;Fäustel;;;
32941;Garten & Heimwerken;Baumarkt;Werkzeuge;Handwerkzeuge;Hammer;Schlosserhämmer;;;
32971;Garten & Heimwerken;Baumarkt;Werkzeuge;Handwerkzeuge;Hammer;Schlagköpfe;;;
32931;Garten & Heimwerken;Baumarkt;Werkzeuge;Handwerkzeuge;Hammer;Maurerhämmer;;;
59841;Garten & Heimwerken;Baumarkt;Werkzeuge;Handwerkzeuge;Hammer;Sonstige Hämmer;;;
32901;Garten & Heimwerken;Baumarkt;Werkzeuge;Handwerkzeuge;Hammer;Kunststoffhämmer;;;
32911;Garten & Heimwerken;Baumarkt;Werkzeuge;Handwerkzeuge;Hammer;Latthämmer;;;
32881;Garten & Heimwerken;Baumarkt;Werkzeuge;Handwerkzeuge;Hammer;Gummihämmer;;;
32961;Garten & Heimwerken;Baumarkt;Werkzeuge;Handwerkzeuge;Hammer;Vorschlaghämmer;;;
32871;Garten & Heimwerken;Baumarkt;Werkzeuge;Handwerkzeuge;Hammer;Fliesenhämmer;;;
32411;Garten & Heimwerken;Baumarkt;Werkzeuge;Handwerkzeuge;Handsägen;;;;
32451;Garten & Heimwerken;Baumarkt;Werkzeuge;Handwerkzeuge;Handsägen;Rückensägen;;;
32391;Garten & Heimwerken;Baumarkt;Werkzeuge;Handwerkzeuge;Handsägen;Feinsägen;;;
32751;Garten & Heimwerken;Baumarkt;Werkzeuge;Handwerkzeuge;Handsägen;Laubsägen;;;
32821;Garten & Heimwerken;Baumarkt;Werkzeuge;Handwerkzeuge;Handsägen;Metallsägebögen;;;
32831;Garten & Heimwerken;Baumarkt;Werkzeuge;Handwerkzeuge;Handsägen;Bügelsägen;;;
32741;Garten & Heimwerken;Baumarkt;Werkzeuge;Handwerkzeuge;Handsägen;Japansägen;;;
32771;Garten & Heimwerken;Baumarkt;Werkzeuge;Handwerkzeuge;Handsägen;Metallsägen;;;
32791;Garten & Heimwerken;Baumarkt;Werkzeuge;Handwerkzeuge;Handsägen;Taschensägen;;;
32801;Garten & Heimwerken;Baumarkt;Werkzeuge;Handwerkzeuge;Handsägen;Astsägen;;;
32421;Garten & Heimwerken;Baumarkt;Werkzeuge;Handwerkzeuge;Handsägen;Holzsägen;;;
59081;Garten & Heimwerken;Baumarkt;Werkzeuge;Handwerkzeuge;Locheisen;;;;
62671;Garten & Heimwerken;Baumarkt;Werkzeuge;Handwerkzeuge;Laminatschneider;;;;
57061;Garten & Heimwerken;Baumarkt;Werkzeuge;Handwerkzeuge;Sonstige Handwerkzeuge;;;;
32671;Garten & Heimwerken;Baumarkt;Werkzeuge;Handwerkzeuge;Multitools;;;;
32701;Garten & Heimwerken;Baumarkt;Werkzeuge;Handwerkzeuge;Splinttreiber;;;;
32541;Garten & Heimwerken;Baumarkt;Werkzeuge;Handwerkzeuge;Zangen;;;;
33331;Garten & Heimwerken;Baumarkt;Werkzeuge;Handwerkzeuge;Zangen;Schrägschneider;;;
33321;Garten & Heimwerken;Baumarkt;Werkzeuge;Handwerkzeuge;Zangen;Schmuckbiegezangen;;;
33031;Garten & Heimwerken;Baumarkt;Werkzeuge;Handwerkzeuge;Zangen;Bolzenschneider;;;
33051;Garten & Heimwerken;Baumarkt;Werkzeuge;Handwerkzeuge;Zangen;Bremsfederzangen;;;
33161;Garten & Heimwerken;Baumarkt;Werkzeuge;Handwerkzeuge;Zangen;Kabelschneider;;;
32991;Garten & Heimwerken;Baumarkt;Werkzeuge;Handwerkzeuge;Zangen;Abisolierzangen;;;
33181;Garten & Heimwerken;Baumarkt;Werkzeuge;Handwerkzeuge;Zangen;Kettenrohrzangen;;;
33361;Garten & Heimwerken;Baumarkt;Werkzeuge;Handwerkzeuge;Zangen;Sicherungsringzangen;;;
33371;Garten & Heimwerken;Baumarkt;Werkzeuge;Handwerkzeuge;Zangen;Spannzangen;;;
33221;Garten & Heimwerken;Baumarkt;Werkzeuge;Handwerkzeuge;Zangen;Kombizangen;;;
33061;Garten & Heimwerken;Baumarkt;Werkzeuge;Handwerkzeuge;Zangen;Crimpzangen;;;
33421;Garten & Heimwerken;Baumarkt;Werkzeuge;Handwerkzeuge;Zangen;Vornschneider;;;
33091;Garten & Heimwerken;Baumarkt;Werkzeuge;Handwerkzeuge;Zangen;Flachzangen;;;
33141;Garten & Heimwerken;Baumarkt;Werkzeuge;Handwerkzeuge;Zangen;Gripzangen;;;
33311;Garten & Heimwerken;Baumarkt;Werkzeuge;Handwerkzeuge;Zangen;Schlauchklemmzangen;;;
33001;Garten & Heimwerken;Baumarkt;Werkzeuge;Handwerkzeuge;Zangen;Absetzzangen;;;
33131;Garten & Heimwerken;Baumarkt;Werkzeuge;Handwerkzeuge;Zangen;Greifzangen;;;
33251;Garten & Heimwerken;Baumarkt;Werkzeuge;Handwerkzeuge;Zangen;Monierzangen;;;
66511;Garten & Heimwerken;Baumarkt;Werkzeuge;Handwerkzeuge;Zangen;Sonstige Zangen;;;
63931;Garten & Heimwerken;Baumarkt;Werkzeuge;Handwerkzeuge;Zangen;Montagezangen;;;
33261;Garten & Heimwerken;Baumarkt;Werkzeuge;Handwerkzeuge;Zangen;Nadelzangen;;;
33391;Garten & Heimwerken;Baumarkt;Werkzeuge;Handwerkzeuge;Zangen;Spitzzangen;;;
33191;Garten & Heimwerken;Baumarkt;Werkzeuge;Handwerkzeuge;Zangen;Kneifzangen;;;
33291;Garten & Heimwerken;Baumarkt;Werkzeuge;Handwerkzeuge;Zangen;Rohrabschneider;;;
33301;Garten & Heimwerken;Baumarkt;Werkzeuge;Handwerkzeuge;Zangen;Rohrzangen;;;
33211;Garten & Heimwerken;Baumarkt;Werkzeuge;Handwerkzeuge;Zangen;Kolbenringzangen;;;
61141;Garten & Heimwerken;Baumarkt;Werkzeuge;Handwerkzeuge;Zangen;Zangensets;;;
58721;Garten & Heimwerken;Baumarkt;Werkzeuge;Handwerkzeuge;Zangen;Zangenschlüssel;;;
33241;Garten & Heimwerken;Baumarkt;Werkzeuge;Handwerkzeuge;Zangen;Lochzangen;;;
33281;Garten & Heimwerken;Baumarkt;Werkzeuge;Handwerkzeuge;Zangen;Nietzangen;;;
62941;Garten & Heimwerken;Baumarkt;Werkzeuge;Handwerkzeuge;Zangen;Rundzangen;;;
63241;Garten & Heimwerken;Baumarkt;Werkzeuge;Handwerkzeuge;Zangen;Falzzangen;;;
33341;Garten & Heimwerken;Baumarkt;Werkzeuge;Handwerkzeuge;Zangen;Seitenschneider;;;
33401;Garten & Heimwerken;Baumarkt;Werkzeuge;Handwerkzeuge;Zangen;Telefonzangen;;;
33101;Garten & Heimwerken;Baumarkt;Werkzeuge;Handwerkzeuge;Zangen;Gewindezangen;;;
61551;Garten & Heimwerken;Baumarkt;Werkzeuge;Handwerkzeuge;Zangen;Fliesenzangen;;;
33071;Garten & Heimwerken;Baumarkt;Werkzeuge;Handwerkzeuge;Zangen;Drahtseilzangen;;;
60681;Garten & Heimwerken;Baumarkt;Werkzeuge;Handwerkzeuge;Gipseisen;;;;
32711;Garten & Heimwerken;Baumarkt;Werkzeuge;Handwerkzeuge;Stechbeitel;;;;
59361;Garten & Heimwerken;Baumarkt;Werkzeuge;Handwerkzeuge;Reibebretter;;;;
32521;Garten & Heimwerken;Baumarkt;Werkzeuge;Handwerkzeuge;Schraubendreher;;;;
61581;Garten & Heimwerken;Baumarkt;Werkzeuge;Handwerkzeuge;Hobel;;;;
32681;Garten & Heimwerken;Baumarkt;Werkzeuge;Handwerkzeuge;Spachteln;;;;
63001;Garten & Heimwerken;Baumarkt;Werkzeuge;Handwerkzeuge;Spaltkeile;;;;
32631;Garten & Heimwerken;Baumarkt;Werkzeuge;Handwerkzeuge;Fliesenschneider;;;;
59241;Garten & Heimwerken;Baumarkt;Werkzeuge;Handwerkzeuge;Blechscheren;;;;
32651;Garten & Heimwerken;Baumarkt;Werkzeuge;Handwerkzeuge;Maurerkellen;;;;
60011;Garten & Heimwerken;Baumarkt;Werkzeuge;Handwerkzeuge;Drahtbürsten;;;;
66231;Garten & Heimwerken;Baumarkt;Werkzeuge;Handwerkzeuge;Werkzeugschlüssel-Zubehör;;;;
32561;Garten & Heimwerken;Baumarkt;Werkzeuge;Handwerkzeuge;Werkzeugschlüssel;;;;
33441;Garten & Heimwerken;Baumarkt;Werkzeuge;Handwerkzeuge;Werkzeugschlüssel;Doppelringschlüssel;;;
68931;Garten & Heimwerken;Baumarkt;Werkzeuge;Handwerkzeuge;Werkzeugschlüssel;Sechskantschlüssel;;;
33521;Garten & Heimwerken;Baumarkt;Werkzeuge;Handwerkzeuge;Werkzeugschlüssel;Rollgabelschlüssel;;;
33481;Garten & Heimwerken;Baumarkt;Werkzeuge;Handwerkzeuge;Werkzeugschlüssel;Maulschlüssel;;;
33491;Garten & Heimwerken;Baumarkt;Werkzeuge;Handwerkzeuge;Werkzeugschlüssel;Ratschen;;;
33511;Garten & Heimwerken;Baumarkt;Werkzeuge;Handwerkzeuge;Werkzeugschlüssel;Ringratschenschlüssel;;;
33541;Garten & Heimwerken;Baumarkt;Werkzeuge;Handwerkzeuge;Werkzeugschlüssel;Steckschlüssel;;;
33561;Garten & Heimwerken;Baumarkt;Werkzeuge;Handwerkzeuge;Werkzeugschlüssel;Drehmomentschlüssel;;;
33531;Garten & Heimwerken;Baumarkt;Werkzeuge;Handwerkzeuge;Werkzeugschlüssel;Schlüsselsätze;;;
47691;Garten & Heimwerken;Baumarkt;Werkzeuge;Sonstige Werkzeuge;;;;;
31031;Garten & Heimwerken;Baumarkt;Werkzeuge;Elektrowerkzeuge;;;;;
62411;Garten & Heimwerken;Baumarkt;Werkzeuge;Elektrowerkzeuge;;;;;
66291;Garten & Heimwerken;Baumarkt;Werkzeuge;Elektrowerkzeuge;Kompressor-Zubehör;;;;
31131;Garten & Heimwerken;Baumarkt;Werkzeuge;Elektrowerkzeuge;Kompressoren;;;;
67351;Garten & Heimwerken;Baumarkt;Werkzeuge;Elektrowerkzeuge;Betonmischer-Zubehör;;;;
31191;Garten & Heimwerken;Baumarkt;Werkzeuge;Elektrowerkzeuge;Betonmischer & -rührer;;;;
31071;Garten & Heimwerken;Baumarkt;Werkzeuge;Elektrowerkzeuge;Bohrmaschinen & Zubehör;;;;
31491;Garten & Heimwerken;Baumarkt;Werkzeuge;Elektrowerkzeuge;Bohrmaschinen & Zubehör;Bohrmaschinenzubehör;;;
31511;Garten & Heimwerken;Baumarkt;Werkzeuge;Elektrowerkzeuge;Bohrmaschinen & Zubehör;Bohrmaschinenzubehör;Allzweckbohrer;;
31751;Garten & Heimwerken;Baumarkt;Werkzeuge;Elektrowerkzeuge;Bohrmaschinen & Zubehör;Bohrmaschinenzubehör;Schlangenbohrer;;
31591;Garten & Heimwerken;Baumarkt;Werkzeuge;Elektrowerkzeuge;Bohrmaschinen & Zubehör;Bohrmaschinenzubehör;Durchbruchbohrer;;
31811;Garten & Heimwerken;Baumarkt;Werkzeuge;Elektrowerkzeuge;Bohrmaschinen & Zubehör;Bohrmaschinenzubehör;Zentrierbohrer;;
31701;Garten & Heimwerken;Baumarkt;Werkzeuge;Elektrowerkzeuge;Bohrmaschinen & Zubehör;Bohrmaschinenzubehör;Keramikbohrer;;
31541;Garten & Heimwerken;Baumarkt;Werkzeuge;Elektrowerkzeuge;Bohrmaschinen & Zubehör;Bohrmaschinenzubehör;Betonbohrer;;
31721;Garten & Heimwerken;Baumarkt;Werkzeuge;Elektrowerkzeuge;Bohrmaschinen & Zubehör;Bohrmaschinenzubehör;Kernbohrer;;
31731;Garten & Heimwerken;Baumarkt;Werkzeuge;Elektrowerkzeuge;Bohrmaschinen & Zubehör;Bohrmaschinenzubehör;Kreuzkopfbohrer;;
67281;Garten & Heimwerken;Baumarkt;Werkzeuge;Elektrowerkzeuge;Bohrmaschinen & Zubehör;Bohrmaschinenzubehör;Diamantbohrer;;
62291;Garten & Heimwerken;Baumarkt;Werkzeuge;Elektrowerkzeuge;Bohrmaschinen & Zubehör;Bohrmaschinenzubehör;Bohrmaschinen-Akkus;;
31561;Garten & Heimwerken;Baumarkt;Werkzeuge;Elektrowerkzeuge;Bohrmaschinen & Zubehör;Bohrmaschinenzubehör;Bohrkronen;;
31551;Garten & Heimwerken;Baumarkt;Werkzeuge;Elektrowerkzeuge;Bohrmaschinen & Zubehör;Bohrmaschinenzubehör;Bohrfutter;;
66731;Garten & Heimwerken;Baumarkt;Werkzeuge;Elektrowerkzeuge;Bohrmaschinen & Zubehör;Bohrmaschinenzubehör;Bohrersätze;;
63891;Garten & Heimwerken;Baumarkt;Werkzeuge;Elektrowerkzeuge;Bohrmaschinen & Zubehör;Bohrmaschinenzubehör;Bohrständer;;
31691;Garten & Heimwerken;Baumarkt;Werkzeuge;Elektrowerkzeuge;Bohrmaschinen & Zubehör;Bohrmaschinenzubehör;Zusatzhandgriffe;;
31631;Garten & Heimwerken;Baumarkt;Werkzeuge;Elektrowerkzeuge;Bohrmaschinen & Zubehör;Bohrmaschinenzubehör;Flachfräsbohrer;;
31651;Garten & Heimwerken;Baumarkt;Werkzeuge;Elektrowerkzeuge;Bohrmaschinen & Zubehör;Bohrmaschinenzubehör;Forstnerbohrer;;
31671;Garten & Heimwerken;Baumarkt;Werkzeuge;Elektrowerkzeuge;Bohrmaschinen & Zubehör;Bohrmaschinenzubehör;Hammerbohrer;;
31581;Garten & Heimwerken;Baumarkt;Werkzeuge;Elektrowerkzeuge;Bohrmaschinen & Zubehör;Bohrmaschinenzubehör;Dosenbohrer;;
31781;Garten & Heimwerken;Baumarkt;Werkzeuge;Elektrowerkzeuge;Bohrmaschinen & Zubehör;Bohrmaschinenzubehör;Steinbohrer;;
63981;Garten & Heimwerken;Baumarkt;Werkzeuge;Elektrowerkzeuge;Bohrmaschinen & Zubehör;Bohrmaschinenzubehör;Sonstiges Bohrmaschinenzubehör;;
31741;Garten & Heimwerken;Baumarkt;Werkzeuge;Elektrowerkzeuge;Bohrmaschinen & Zubehör;Bohrmaschinenzubehör;Schalungsbohrer;;
31771;Garten & Heimwerken;Baumarkt;Werkzeuge;Elektrowerkzeuge;Bohrmaschinen & Zubehör;Bohrmaschinenzubehör;Spiralbohrer;;
31791;Garten & Heimwerken;Baumarkt;Werkzeuge;Elektrowerkzeuge;Bohrmaschinen & Zubehör;Bohrmaschinenzubehör;Stufenbohrer;;
31661;Garten & Heimwerken;Baumarkt;Werkzeuge;Elektrowerkzeuge;Bohrmaschinen & Zubehör;Bohrmaschinenzubehör;Gewindebohrer;;
43501;Garten & Heimwerken;Baumarkt;Werkzeuge;Elektrowerkzeuge;Bohrmaschinen & Zubehör;Bohrmaschinen;;;
32081;Garten & Heimwerken;Baumarkt;Werkzeuge;Elektrowerkzeuge;Bohrmaschinen & Zubehör;Bohrmaschinen;Winkelbohrmaschinen;;
68302;Garten & Heimwerken;Baumarkt;Werkzeuge;Elektrowerkzeuge;Bohrmaschinen & Zubehör;Bohrmaschinen;Ständerbohrmaschinen;;
31871;Garten & Heimwerken;Baumarkt;Werkzeuge;Elektrowerkzeuge;Bohrmaschinen & Zubehör;Bohrmaschinen;Kernbohrmaschinen;;
31431;Garten & Heimwerken;Baumarkt;Werkzeuge;Elektrowerkzeuge;Bohrmaschinen & Zubehör;Bohrmaschinen;Abbruchhämmer;;
31411;Garten & Heimwerken;Baumarkt;Werkzeuge;Elektrowerkzeuge;Bohrmaschinen & Zubehör;Bohrmaschinen;Bohrhämmer;;
32051;Garten & Heimwerken;Baumarkt;Werkzeuge;Elektrowerkzeuge;Bohrmaschinen & Zubehör;Bohrmaschinen;Schlagbohrmaschinen;;
31921;Garten & Heimwerken;Baumarkt;Werkzeuge;Elektrowerkzeuge;Bohrmaschinen & Zubehör;Bohrmaschinen;Minibohrmaschinen;;
31891;Garten & Heimwerken;Baumarkt;Werkzeuge;Elektrowerkzeuge;Bohrmaschinen & Zubehör;Bohrmaschinen;Druckluftbohrmaschinen;;
61471;Garten & Heimwerken;Baumarkt;Werkzeuge;Elektrowerkzeuge;Elektrofeilen;;;;
31201;Garten & Heimwerken;Baumarkt;Werkzeuge;Elektrowerkzeuge;Elektrotacker & Zubehör;;;;
43581;Garten & Heimwerken;Baumarkt;Werkzeuge;Elektrowerkzeuge;Elektrotacker & Zubehör;Elektrotackerzubehör;;;
43571;Garten & Heimwerken;Baumarkt;Werkzeuge;Elektrowerkzeuge;Elektrotacker & Zubehör;Elektrotacker;;;
31221;Garten & Heimwerken;Baumarkt;Werkzeuge;Elektrowerkzeuge;Elektrotacker & Zubehör;Tackerklammern;;;
66251;Garten & Heimwerken;Baumarkt;Werkzeuge;Elektrowerkzeuge;Heißluftpistolen-Zubehör;;;;
31121;Garten & Heimwerken;Baumarkt;Werkzeuge;Elektrowerkzeuge;Heißluftpistolen;;;;
31111;Garten & Heimwerken;Baumarkt;Werkzeuge;Elektrowerkzeuge;Druckluftnagler;;;;
31161;Garten & Heimwerken;Baumarkt;Werkzeuge;Elektrowerkzeuge;Stromerzeuger;;;;
31171;Garten & Heimwerken;Baumarkt;Werkzeuge;Elektrowerkzeuge;Elektrohobel;;;;
69760;Garten & Heimwerken;Baumarkt;Werkzeuge;Elektrowerkzeuge;Pressmaschinen;;;;
66381;Garten & Heimwerken;Baumarkt;Werkzeuge;Elektrowerkzeuge;Fräsen-Zubehör;;;;
31181;Garten & Heimwerken;Baumarkt;Werkzeuge;Elektrowerkzeuge;Fräsen;;;;
66331;Garten & Heimwerken;Baumarkt;Werkzeuge;Elektrowerkzeuge;Rotationswerkzeuge-Zubehör;;;;
31151;Garten & Heimwerken;Baumarkt;Werkzeuge;Elektrowerkzeuge;Rotationswerkzeuge;;;;
31091;Garten & Heimwerken;Baumarkt;Werkzeuge;Elektrowerkzeuge;Schleifmaschinen & Zubehör;;;;
32221;Garten & Heimwerken;Baumarkt;Werkzeuge;Elektrowerkzeuge;Schleifmaschinen & Zubehör;Schleifmaschinenzubehör;;;
32231;Garten & Heimwerken;Baumarkt;Werkzeuge;Elektrowerkzeuge;Schleifmaschinen & Zubehör;Schleifmaschinenzubehör;Topfbürsten;;
32281;Garten & Heimwerken;Baumarkt;Werkzeuge;Elektrowerkzeuge;Schleifmaschinen & Zubehör;Schleifmaschinenzubehör;Trennscheiben;;
32271;Garten & Heimwerken;Baumarkt;Werkzeuge;Elektrowerkzeuge;Schleifmaschinen & Zubehör;Schleifmaschinenzubehör;Schleifscheiben;;
69153;Garten & Heimwerken;Baumarkt;Werkzeuge;Elektrowerkzeuge;Schleifmaschinen & Zubehör;Schleifmaschinenzubehör;Schruppscheiben;;
61041;Garten & Heimwerken;Baumarkt;Werkzeuge;Elektrowerkzeuge;Schleifmaschinen & Zubehör;Schleifmaschinenzubehör;Schleifköpfe;;
65771;Garten & Heimwerken;Baumarkt;Werkzeuge;Elektrowerkzeuge;Schleifmaschinen & Zubehör;Schleifmaschinenzubehör;Sonstiges Schleifmaschinenzubehör;;
32251;Garten & Heimwerken;Baumarkt;Werkzeuge;Elektrowerkzeuge;Schleifmaschinen & Zubehör;Schleifmaschinenzubehör;Polierscheiben;;
63221;Garten & Heimwerken;Baumarkt;Werkzeuge;Elektrowerkzeuge;Schleifmaschinen & Zubehör;Schleifmaschinenzubehör;Flächenbürsten;;
32261;Garten & Heimwerken;Baumarkt;Werkzeuge;Elektrowerkzeuge;Schleifmaschinen & Zubehör;Schleifmaschinenzubehör;Schleifbänder;;
32241;Garten & Heimwerken;Baumarkt;Werkzeuge;Elektrowerkzeuge;Schleifmaschinen & Zubehör;Schleifmaschinenzubehör;Schleifpapier;;
43511;Garten & Heimwerken;Baumarkt;Werkzeuge;Elektrowerkzeuge;Schleifmaschinen & Zubehör;Schleifmaschinen;;;
32211;Garten & Heimwerken;Baumarkt;Werkzeuge;Elektrowerkzeuge;Schleifmaschinen & Zubehör;Schleifmaschinen;Winkelschleifer;;
32151;Garten & Heimwerken;Baumarkt;Werkzeuge;Elektrowerkzeuge;Schleifmaschinen & Zubehör;Schleifmaschinen;Bandschleifer;;
32161;Garten & Heimwerken;Baumarkt;Werkzeuge;Elektrowerkzeuge;Schleifmaschinen & Zubehör;Schleifmaschinen;Deltaschleifer;;
66481;Garten & Heimwerken;Baumarkt;Werkzeuge;Elektrowerkzeuge;Schleifmaschinen & Zubehör;Schleifmaschinen;Sonstige Schleifmaschinen;;
32181;Garten & Heimwerken;Baumarkt;Werkzeuge;Elektrowerkzeuge;Schleifmaschinen & Zubehör;Schleifmaschinen;Multischleifer;;
32191;Garten & Heimwerken;Baumarkt;Werkzeuge;Elektrowerkzeuge;Schleifmaschinen & Zubehör;Schleifmaschinen;Schwingschleifer;;
32201;Garten & Heimwerken;Baumarkt;Werkzeuge;Elektrowerkzeuge;Schleifmaschinen & Zubehör;Schleifmaschinen;Poliermaschinen;;
32171;Garten & Heimwerken;Baumarkt;Werkzeuge;Elektrowerkzeuge;Schleifmaschinen & Zubehör;Schleifmaschinen;Exzenterschleifer;;
31101;Garten & Heimwerken;Baumarkt;Werkzeuge;Elektrowerkzeuge;Sägen;;;;
32361;Garten & Heimwerken;Baumarkt;Werkzeuge;Elektrowerkzeuge;Sägen;Bandsägen;;;
32291;Garten & Heimwerken;Baumarkt;Werkzeuge;Elektrowerkzeuge;Sägen;Kettensägen & Zubehör;;;
43551;Garten & Heimwerken;Baumarkt;Werkzeuge;Elektrowerkzeuge;Sägen;Kettensägen & Zubehör;Kettensägenzubehör;;
45861;Garten & Heimwerken;Baumarkt;Werkzeuge;Elektrowerkzeuge;Sägen;Kettensägen & Zubehör;Kettensägenzubehör;Sonstiges Kettensägenzubehör;
43561;Garten & Heimwerken;Baumarkt;Werkzeuge;Elektrowerkzeuge;Sägen;Kettensägen & Zubehör;Kettensägenzubehör;Sägeketten;
43541;Garten & Heimwerken;Baumarkt;Werkzeuge;Elektrowerkzeuge;Sägen;Kettensägen & Zubehör;Kettensägen;;
52171;Garten & Heimwerken;Baumarkt;Werkzeuge;Elektrowerkzeuge;Sägen;Kettensägen & Zubehör;Kettensägen;Benzin-Motorkettensägen;
52181;Garten & Heimwerken;Baumarkt;Werkzeuge;Elektrowerkzeuge;Sägen;Kettensägen & Zubehör;Kettensägen;Elektrokettensägen;
32401;Garten & Heimwerken;Baumarkt;Werkzeuge;Elektrowerkzeuge;Sägen;Kappsägen;;;
32301;Garten & Heimwerken;Baumarkt;Werkzeuge;Elektrowerkzeuge;Sägen;Kreissägen;;;
32351;Garten & Heimwerken;Baumarkt;Werkzeuge;Elektrowerkzeuge;Sägen;Kreissägen;Tischkreissägen;;
32311;Garten & Heimwerken;Baumarkt;Werkzeuge;Elektrowerkzeuge;Sägen;Kreissägen;Handkreissägen;;
32321;Garten & Heimwerken;Baumarkt;Werkzeuge;Elektrowerkzeuge;Sägen;Kreissägen;Metallkreissägen;;
32341;Garten & Heimwerken;Baumarkt;Werkzeuge;Elektrowerkzeuge;Sägen;Kreissägen;Tauchkreissägen;;
32331;Garten & Heimwerken;Baumarkt;Werkzeuge;Elektrowerkzeuge;Sägen;Kreissägen;Präzisionskreissägen;;
32371;Garten & Heimwerken;Baumarkt;Werkzeuge;Elektrowerkzeuge;Sägen;Betonsägen;;;
32431;Garten & Heimwerken;Baumarkt;Werkzeuge;Elektrowerkzeuge;Sägen;Lochsägen;;;
32481;Garten & Heimwerken;Baumarkt;Werkzeuge;Elektrowerkzeuge;Sägen;Wippsägen;;;
32471;Garten & Heimwerken;Baumarkt;Werkzeuge;Elektrowerkzeuge;Sägen;Stichsägen;;;
32461;Garten & Heimwerken;Baumarkt;Werkzeuge;Elektrowerkzeuge;Sägen;Säbelsägen;;;
58881;Garten & Heimwerken;Baumarkt;Werkzeuge;Elektrowerkzeuge;Sägen;Sägeblätter;;;
32381;Garten & Heimwerken;Baumarkt;Werkzeuge;Elektrowerkzeuge;Sägen;Dekupiersägen;;;
31061;Garten & Heimwerken;Baumarkt;Werkzeuge;Elektrowerkzeuge;Schrauber & Zubehör;;;;
43491;Garten & Heimwerken;Baumarkt;Werkzeuge;Elektrowerkzeuge;Schrauber & Zubehör;Schrauber;;;
31251;Garten & Heimwerken;Baumarkt;Werkzeuge;Elektrowerkzeuge;Schrauber & Zubehör;Schrauber;Bauschrauber;;
31241;Garten & Heimwerken;Baumarkt;Werkzeuge;Elektrowerkzeuge;Schrauber & Zubehör;Schrauber;Akkuschrauber;;
31341;Garten & Heimwerken;Baumarkt;Werkzeuge;Elektrowerkzeuge;Schrauber & Zubehör;Schrauber;Trockenbauschrauber;;
31311;Garten & Heimwerken;Baumarkt;Werkzeuge;Elektrowerkzeuge;Schrauber & Zubehör;Schrauber;Elektroschrauber;;
31321;Garten & Heimwerken;Baumarkt;Werkzeuge;Elektrowerkzeuge;Schrauber & Zubehör;Schrauber;Schlagschrauber;;
31361;Garten & Heimwerken;Baumarkt;Werkzeuge;Elektrowerkzeuge;Schrauber & Zubehör;Schrauberzubehör;;;
66701;Garten & Heimwerken;Baumarkt;Werkzeuge;Elektrowerkzeuge;Schrauber & Zubehör;Schrauberzubehör;Bithalter;;
31381;Garten & Heimwerken;Baumarkt;Werkzeuge;Elektrowerkzeuge;Schrauber & Zubehör;Schrauberzubehör;Bits;;
45851;Garten & Heimwerken;Baumarkt;Werkzeuge;Elektrowerkzeuge;Schrauber & Zubehör;Schrauberzubehör;Sonstiges Schrauberzubehör;;
55431;Garten & Heimwerken;Baumarkt;Werkzeuge;Elektrowerkzeuge;Schrauber & Zubehör;Schrauberzubehör;Ersatzakkus;;
60851;Garten & Heimwerken;Baumarkt;Werkzeuge;Elektrowerkzeuge;Lötgeräte & Zubehör;;;;
60871;Garten & Heimwerken;Baumarkt;Werkzeuge;Elektrowerkzeuge;Lötgeräte & Zubehör;Lötgeräte-Zubehör;;;
31141;Garten & Heimwerken;Baumarkt;Werkzeuge;Elektrowerkzeuge;Lötgeräte & Zubehör;Lötpistolen;;;
60861;Garten & Heimwerken;Baumarkt;Werkzeuge;Elektrowerkzeuge;Lötgeräte & Zubehör;Lötkolben;;;
63291;Garten & Heimwerken;Baumarkt;Werkzeuge;Elektrowerkzeuge;Vakuumpistolen;;;;
31081;Garten & Heimwerken;Baumarkt;Werkzeuge;Elektrowerkzeuge;Schweißgeräte & Zubehör;;;;
49881;Garten & Heimwerken;Baumarkt;Werkzeuge;Elektrowerkzeuge;Schweißgeräte & Zubehör;Schweißgerätezubehör;;;
43531;Garten & Heimwerken;Baumarkt;Werkzeuge;Elektrowerkzeuge;Schweißgeräte & Zubehör;Schweißgerätezubehör;;;
55441;Garten & Heimwerken;Baumarkt;Werkzeuge;Elektrowerkzeuge;Schweißgeräte & Zubehör;Schweißgerätezubehör;Sonstiges Schweißgerätezubehör;;
62981;Garten & Heimwerken;Baumarkt;Werkzeuge;Elektrowerkzeuge;Schweißgeräte & Zubehör;Schweißgerätezubehör;Schweißdrähte;;
43521;Garten & Heimwerken;Baumarkt;Werkzeuge;Elektrowerkzeuge;Schweißgeräte & Zubehör;Schweißgeräte;;;
32121;Garten & Heimwerken;Baumarkt;Werkzeuge;Elektrowerkzeuge;Schweißgeräte & Zubehör;Schweißgeräte;Lichtbogenschweißgeräte;;
32141;Garten & Heimwerken;Baumarkt;Werkzeuge;Elektrowerkzeuge;Schweißgeräte & Zubehör;Schweißgeräte;Fülldrahtschweißgeräte;;
32101;Garten & Heimwerken;Baumarkt;Werkzeuge;Elektrowerkzeuge;Schweißgeräte & Zubehör;Schweißgeräte;Elektrodenschweißgeräte;;
59551;Garten & Heimwerken;Baumarkt;Werkzeuge;Werkzeugzubehör;;;;;
38951;Garten & Heimwerken;Baumarkt;Werkzeuge;Werkzeugakkus;;;;;
53281;Garten & Heimwerken;Baumarkt;Werkzeuge;Werkzeugsets;;;;;
67421;Garten & Heimwerken;Baumarkt;Lüftungsgitter;;;;;;
49851;Garten & Heimwerken;Baumarkt;Werkstattbedarf;;;;;;
27861;Garten & Heimwerken;Baumarkt;Werkstattbedarf;;;;;;
30851;Garten & Heimwerken;Baumarkt;Werkstattbedarf;Gurte, Seile & Netze;;;;;
60101;Garten & Heimwerken;Baumarkt;Werkstattbedarf;Gurte, Seile & Netze;Abdecknetze;;;;
30861;Garten & Heimwerken;Baumarkt;Werkstattbedarf;Gurte, Seile & Netze;Spanngurte;;;;
30901;Garten & Heimwerken;Baumarkt;Werkstattbedarf;Gurte, Seile & Netze;Hebebänder;;;;
30881;Garten & Heimwerken;Baumarkt;Werkstattbedarf;Gurte, Seile & Netze;Seile;;;;
30871;Garten & Heimwerken;Baumarkt;Werkstattbedarf;Gurte, Seile & Netze;Rundschlingen;;;;
30111;Garten & Heimwerken;Baumarkt;Werkstattbedarf;Kabeltrommeln;;;;;
62731;Garten & Heimwerken;Baumarkt;Werkstattbedarf;Seilwinden;;;;;
63231;Garten & Heimwerken;Baumarkt;Werkstattbedarf;Werkstattkräne;;;;;
62111;Garten & Heimwerken;Baumarkt;Werkstattbedarf;Absauganlagen;;;;;
68900;Garten & Heimwerken;Baumarkt;Werkstattbedarf;Schläuche;;;;;
30941;Garten & Heimwerken;Baumarkt;Werkstattbedarf;Hebebühnen;;;;;
62991;Garten & Heimwerken;Baumarkt;Werkstattbedarf;Sonstiger Werkstattbedarf;;;;;
69267;Garten & Heimwerken;Baumarkt;Werkstattbedarf;Gehrungsladen;;;;;
53371;Garten & Heimwerken;Baumarkt;Werkstattbedarf;Plattenheber;;;;;
60581;Garten & Heimwerken;Baumarkt;Werkstattbedarf;Flaschenzüge;;;;;
69725;Garten & Heimwerken;Baumarkt;Werkstattbedarf;Sandsäcke;;;;;
68282;Garten & Heimwerken;Baumarkt;Werkstattbedarf;Baustellenradios;;;;;
30971;Garten & Heimwerken;Baumarkt;Werkstattbedarf;Transportroller;;;;;
69266;Garten & Heimwerken;Baumarkt;Werkstattbedarf;Saugheber;;;;;
30961;Garten & Heimwerken;Baumarkt;Werkstattbedarf;Schraubstöcke;;;;;
30721;Garten & Heimwerken;Baumarkt;Werkstattbedarf;Arbeitsböcke;;;;;
31011;Garten & Heimwerken;Baumarkt;Werkstattbedarf;Werkbänke;;;;;
30741;Garten & Heimwerken;Baumarkt;Werkstattbedarf;Werkstattordnung ;;;;;
66051;Garten & Heimwerken;Baumarkt;Werkstattbedarf;Werkstattordnung ;Sonstige Werkstattordnung;;;;
30771;Garten & Heimwerken;Baumarkt;Werkstattbedarf;Werkstattordnung ;Lager- & Regalsysteme;;;;
30751;Garten & Heimwerken;Baumarkt;Werkstattbedarf;Werkstattordnung ;Aufbewahrungsboxen;;;;
65981;Garten & Heimwerken;Baumarkt;Werkstattbedarf;Werkstattordnung ;Werkzeugtaschen;;;;
61331;Garten & Heimwerken;Baumarkt;Werkstattbedarf;Werkstattordnung ;Werkzeuggürtel;;;;
58301;Garten & Heimwerken;Baumarkt;Werkstattbedarf;Werkstattordnung ;Werkzeugschränke;;;;
30831;Garten & Heimwerken;Baumarkt;Werkstattbedarf;Werkstattordnung ;Werkstattwagen;;;;
30801;Garten & Heimwerken;Baumarkt;Werkstattbedarf;Werkstattordnung ;Werkzeughalter;;;;
30781;Garten & Heimwerken;Baumarkt;Werkstattbedarf;Werkstattordnung ;Werkzeugkoffer;;;;
24151;Garten & Heimwerken;Tierbedarf;;;;;;;
28121;Garten & Heimwerken;Tierbedarf;Aquaristik;;;;;;
68977;Garten & Heimwerken;Tierbedarf;Aquaristik;Aquarienpflege;;;;;
68980;Garten & Heimwerken;Tierbedarf;Aquaristik;Aquarienpflege;Algenbekämpfung;;;;
68982;Garten & Heimwerken;Tierbedarf;Aquaristik;Aquarienpflege;Aquarienreiniger;;;;
68979;Garten & Heimwerken;Tierbedarf;Aquaristik;Aquarienpflege;Wasserpflege;;;;
68981;Garten & Heimwerken;Tierbedarf;Aquaristik;Aquarienpflege;Wassertests;;;;
68974;Garten & Heimwerken;Tierbedarf;Aquaristik;Aquarien-Deko;;;;;
61351;Garten & Heimwerken;Tierbedarf;Aquaristik;Aquarienpflanzen;;;;;
68976;Garten & Heimwerken;Tierbedarf;Aquaristik;Aquarien-Technik;;;;;
69175;Garten & Heimwerken;Tierbedarf;Aquaristik;Aquarien-Technik;Aquarium Filter;;;;
69170;Garten & Heimwerken;Tierbedarf;Aquaristik;Aquarien-Technik;Aquarien Heizungen;;;;
69176;Garten & Heimwerken;Tierbedarf;Aquaristik;Aquarien-Technik;Aquarien Beleuchtung;;;;
69220;Garten & Heimwerken;Tierbedarf;Aquaristik;Aquarien-Technik;Aquarien-Messgeräte;;;;
69173;Garten & Heimwerken;Tierbedarf;Aquaristik;Aquarien-Technik;Aquarien Thermometer;;;;
69174;Garten & Heimwerken;Tierbedarf;Aquaristik;Aquarien-Technik;CO2 Geräte;;;;
44171;Garten & Heimwerken;Tierbedarf;Aquaristik;Aquarien;;;;;
51181;Garten & Heimwerken;Tierbedarf;Aquaristik;Fischfutter;;;;;
63151;Garten & Heimwerken;Tierbedarf;Aquaristik;Fischfutter;Futterperlen & -granulat;;;;
43691;Garten & Heimwerken;Tierbedarf;Aquaristik;Fischfutter;Flockenfutter;;;;
69162;Garten & Heimwerken;Tierbedarf;Aquaristik;Fischfutter;Sonstiges Fischfutter;;;;
43611;Garten & Heimwerken;Tierbedarf;Aquaristik;Fischfutter;Teichfutter;;;;
51191;Garten & Heimwerken;Tierbedarf;Aquaristik;Fischfutter;Tablettenfutter;;;;
68978;Garten & Heimwerken;Tierbedarf;Aquaristik;Sonstiges Aquarienzubehör;;;;;
50501;Garten & Heimwerken;Tierbedarf;Vogelbedarf;;;;;;
51061;Garten & Heimwerken;Tierbedarf;Vogelbedarf;Vogelzubehör;;;;;
51111;Garten & Heimwerken;Tierbedarf;Vogelbedarf;Vogelzubehör;Vogelbadehäuser;;;;
51071;Garten & Heimwerken;Tierbedarf;Vogelbedarf;Vogelzubehör;Vogelkäfige;;;;
51091;Garten & Heimwerken;Tierbedarf;Vogelbedarf;Vogelzubehör;Vogelleitern;;;;
51101;Garten & Heimwerken;Tierbedarf;Vogelbedarf;Vogelzubehör;Vogelnester;;;;
51081;Garten & Heimwerken;Tierbedarf;Vogelbedarf;Vogelzubehör;Vogelstangen;;;;
51511;Garten & Heimwerken;Tierbedarf;Vogelbedarf;Vogelzubehör;Sonstiges Vogelzubehör;;;;
52191;Garten & Heimwerken;Tierbedarf;Vogelbedarf;Vögel-Fütterungszubehör;;;;;
52201;Garten & Heimwerken;Tierbedarf;Vogelbedarf;Vögel-Fütterungszubehör;Vögel-Futterspender;;;;
52221;Garten & Heimwerken;Tierbedarf;Vogelbedarf;Vögel-Fütterungszubehör;Vögel-Futternäpfe;;;;
52211;Garten & Heimwerken;Tierbedarf;Vogelbedarf;Vögel-Fütterungszubehör;Vögel-Tränken;;;;
51131;Garten & Heimwerken;Tierbedarf;Vogelbedarf;Vogelfutter;;;;;
51171;Garten & Heimwerken;Tierbedarf;Vogelbedarf;Vogelfutter;Vogel-Nahrungsmittelergänzung;;;;
51151;Garten & Heimwerken;Tierbedarf;Vogelbedarf;Vogelfutter;Vogelsnacks;;;;
51141;Garten & Heimwerken;Tierbedarf;Vogelbedarf;Vogelfutter;Vogelhauptfutter;;;;
51161;Garten & Heimwerken;Tierbedarf;Vogelbedarf;Vogelfutter;Spezial- & Diät-Vogelfutter;;;;
51121;Garten & Heimwerken;Tierbedarf;Vogelbedarf;Vogelspielzeuge;;;;;
28261;Garten & Heimwerken;Tierbedarf;Zuchtbedarf;;;;;;
63561;Garten & Heimwerken;Tierbedarf;Zuchtbedarf;;;;;;
44451;Garten & Heimwerken;Tierbedarf;Zuchtbedarf;Brutautomaten;;;;;
44441;Garten & Heimwerken;Tierbedarf;Zuchtbedarf;Viehzeichensprays;;;;;
44461;Garten & Heimwerken;Tierbedarf;Zuchtbedarf;Spiralringe;;;;;
28071;Garten & Heimwerken;Tierbedarf;Katzenzubehör;;;;;;
50701;Garten & Heimwerken;Tierbedarf;Katzenzubehör;Schlafplätze;;;;;
50711;Garten & Heimwerken;Tierbedarf;Katzenzubehör;Schlafplätze;Katzenbetten;;;;
50721;Garten & Heimwerken;Tierbedarf;Katzenzubehör;Schlafplätze;Katzenhöhlen;;;;
50731;Garten & Heimwerken;Tierbedarf;Katzenzubehör;Schlafplätze;Katzensofas;;;;
64981;Garten & Heimwerken;Tierbedarf;Katzenzubehör;Katzenpflege;;;;;
69123;Garten & Heimwerken;Tierbedarf;Katzenzubehör;Katzenpflege;;;;;
50651;Garten & Heimwerken;Tierbedarf;Katzenzubehör;Katzenpflege;;;;;
50681;Garten & Heimwerken;Tierbedarf;Katzenzubehör;Katzenpflege;Katzenbürsten;;;;
50691;Garten & Heimwerken;Tierbedarf;Katzenzubehör;Katzenpflege;Katzenpflegemittel;;;;
50671;Garten & Heimwerken;Tierbedarf;Katzenzubehör;Katzenpflege;Katzenkämme;;;;
50771;Garten & Heimwerken;Tierbedarf;Katzenzubehör;Katzen-Fütterungszubehör;;;;;
69646;Garten & Heimwerken;Tierbedarf;Katzenzubehör;Katzen-Fütterungszubehör;;;;;
50801;Garten & Heimwerken;Tierbedarf;Katzenzubehör;Katzen-Fütterungszubehör;Katzen-Napfunterlagen;;;;
69277;Garten & Heimwerken;Tierbedarf;Katzenzubehör;Katzen-Fütterungszubehör;Katzennäpfe;;;;
50781;Garten & Heimwerken;Tierbedarf;Katzenzubehör;Katzen-Fütterungszubehör;Katzen-Trinknäpfe;;;;
50791;Garten & Heimwerken;Tierbedarf;Katzenzubehör;Katzen-Fütterungszubehör;Katzen-Futternäpfe;;;;
50581;Garten & Heimwerken;Tierbedarf;Katzenzubehör;Katzenklappen;;;;;
50601;Garten & Heimwerken;Tierbedarf;Katzenzubehör;Katzenfutter;;;;;
50631;Garten & Heimwerken;Tierbedarf;Katzenzubehör;Katzenfutter;Katzen-Nassfutter;;;;
50641;Garten & Heimwerken;Tierbedarf;Katzenzubehör;Katzenfutter;Katzensnacks;;;;
50621;Garten & Heimwerken;Tierbedarf;Katzenzubehör;Katzenfutter;Katzen-Trockenfutter;;;;
69219;Garten & Heimwerken;Tierbedarf;Katzenzubehör;Katzenfutter;BARF Katzenfutter;;;;
50611;Garten & Heimwerken;Tierbedarf;Katzenzubehör;Katzenfutter;Spezial- & Diät-Katzenfutter;;;;
51531;Garten & Heimwerken;Tierbedarf;Katzenzubehör;Katzenstreu;;;;;
50591;Garten & Heimwerken;Tierbedarf;Katzenzubehör;Katzenspielzeuge;;;;;
50741;Garten & Heimwerken;Tierbedarf;Katzenzubehör;Katzentransport;;;;;
50751;Garten & Heimwerken;Tierbedarf;Katzenzubehör;Katzentransport;Katzentragetaschen;;;;
50761;Garten & Heimwerken;Tierbedarf;Katzenzubehör;Katzentransport;Katzentransportboxen;;;;
50571;Garten & Heimwerken;Tierbedarf;Katzenzubehör;Katzentoiletten;;;;;
50891;Garten & Heimwerken;Tierbedarf;Katzenzubehör;Sonstiges Katzenzubehör;;;;;
50561;Garten & Heimwerken;Tierbedarf;Katzenzubehör;Kratzbretter;;;;;
50551;Garten & Heimwerken;Tierbedarf;Katzenzubehör;Kratzbäume;;;;;
28021;Garten & Heimwerken;Tierbedarf;Hundezubehör;;;;;;
50341;Garten & Heimwerken;Tierbedarf;Hundezubehör;Betten & Körbe;;;;;
50381;Garten & Heimwerken;Tierbedarf;Hundezubehör;Betten & Körbe;Hundekörbe;;;;
50371;Garten & Heimwerken;Tierbedarf;Hundezubehör;Betten & Körbe;Hundebetten;;;;
50351;Garten & Heimwerken;Tierbedarf;Hundezubehör;Betten & Körbe;Hundedecken;;;;
50361;Garten & Heimwerken;Tierbedarf;Hundezubehör;Betten & Körbe;Hundekissen;;;;
50291;Garten & Heimwerken;Tierbedarf;Hundezubehör;Hundepflege;;;;;
50321;Garten & Heimwerken;Tierbedarf;Hundezubehör;Hundepflege;Hundebürsten;;;;
50331;Garten & Heimwerken;Tierbedarf;Hundezubehör;Hundepflege;Hundepflegemittel;;;;
50311;Garten & Heimwerken;Tierbedarf;Hundezubehör;Hundepflege;Hundekämme;;;;
43871;Garten & Heimwerken;Tierbedarf;Hundezubehör;Hundepflege;Hundekotbeutel;;;;
64971;Garten & Heimwerken;Tierbedarf;Hundezubehör;Hundepflege;Fellscheren;;;;
69122;Garten & Heimwerken;Tierbedarf;Hundezubehör;Hundepflege;Tier-Zeckenschutz;;;;
50491;Garten & Heimwerken;Tierbedarf;Hundezubehör;Hundebekleidung;;;;;
51541;Garten & Heimwerken;Tierbedarf;Hundezubehör;Hundebekleidung;Hunde-Halstücher;;;;
50521;Garten & Heimwerken;Tierbedarf;Hundezubehör;Hundebekleidung;Hundemäntel;;;;
50531;Garten & Heimwerken;Tierbedarf;Hundezubehör;Hundebekleidung;Hundepullover;;;;
44411;Garten & Heimwerken;Tierbedarf;Hundezubehör;Hundebekleidung;Pfotenschutz;;;;
57391;Garten & Heimwerken;Tierbedarf;Hundezubehör;Hundebekleidung;Hundeschutzhosen;;;;
50091;Garten & Heimwerken;Tierbedarf;Hundezubehör;Hundebekleidung;Sicherheitswesten;;;;
50441;Garten & Heimwerken;Tierbedarf;Hundezubehör;Hunde-Fütterungszubehör;;;;;
69645;Garten & Heimwerken;Tierbedarf;Hundezubehör;Hunde-Fütterungszubehör;Futterautomaten;;;;
50471;Garten & Heimwerken;Tierbedarf;Hundezubehör;Hunde-Fütterungszubehör;Hunde-Napfunterlagen;;;;
69121;Garten & Heimwerken;Tierbedarf;Hundezubehör;Hunde-Fütterungszubehör;Hundenäpfe;;;;
50481;Garten & Heimwerken;Tierbedarf;Hundezubehör;Hunde-Fütterungszubehör;Hunde-Snackbeutel;;;;
69223;Garten & Heimwerken;Tierbedarf;Hundezubehör;Hunde-Fütterungszubehör;Aufbewahrungsdosen für Hunde-Trockenfutter;;;;
50221;Garten & Heimwerken;Tierbedarf;Hundezubehör;Hundefutter;;;;;
50271;Garten & Heimwerken;Tierbedarf;Hundezubehör;Hundefutter;Hunde-Nassfutter;;;;
50251;Garten & Heimwerken;Tierbedarf;Hundezubehör;Hundefutter;Kauknochen;;;;
50241;Garten & Heimwerken;Tierbedarf;Hundezubehör;Hundefutter;Hunde-Nahrungsmittelergänzung;;;;
50261;Garten & Heimwerken;Tierbedarf;Hundezubehör;Hundefutter;Hundesnacks;;;;
50281;Garten & Heimwerken;Tierbedarf;Hundezubehör;Hundefutter;Hunde-Trockenfutter;;;;
69218;Garten & Heimwerken;Tierbedarf;Hundezubehör;Hundefutter;BARF Hundefutter;;;;
50231;Garten & Heimwerken;Tierbedarf;Hundezubehör;Hundefutter;Spezial- & Diät-Hundefutter;;;;
69275;Garten & Heimwerken;Tierbedarf;Hundezubehör;Hundegeschirre & Zubehör;;;;;
50051;Garten & Heimwerken;Tierbedarf;Hundezubehör;Hundegeschirre & Zubehör;Adressanhänger;;;;
50181;Garten & Heimwerken;Tierbedarf;Hundezubehör;Hundegeschirre & Zubehör;Würger;;;;
50131;Garten & Heimwerken;Tierbedarf;Hundezubehör;Hundegeschirre & Zubehör;Hunde-Halsbänder;;;;
50121;Garten & Heimwerken;Tierbedarf;Hundezubehör;Hundegeschirre & Zubehör;Hundegeschirre;;;;
50101;Garten & Heimwerken;Tierbedarf;Hundezubehör;Hundegeschirre & Zubehör;Hundeleinen;;;;
50071;Garten & Heimwerken;Tierbedarf;Hundezubehör;Hundegeschirre & Zubehör;Klettsticker;;;;
50191;Garten & Heimwerken;Tierbedarf;Hundezubehör;Hundegeschirre & Zubehör;Maulkörbe;;;;
50141;Garten & Heimwerken;Tierbedarf;Hundezubehör;Hundegeschirre & Zubehör;Halskrausen;;;;
50151;Garten & Heimwerken;Tierbedarf;Hundezubehör;Hundegeschirre & Zubehör;Halsbandanhänger;;;;
50111;Garten & Heimwerken;Tierbedarf;Hundezubehör;Hundehütten;;;;;
69799;Garten & Heimwerken;Tierbedarf;Hundezubehör;Hundetreppen;;;;;
50201;Garten & Heimwerken;Tierbedarf;Hundezubehör;Hundespielzeuge;;;;;
50391;Garten & Heimwerken;Tierbedarf;Hundezubehör;Hundetransport;;;;;
50421;Garten & Heimwerken;Tierbedarf;Hundezubehör;Hundetransport;Hunde-Tragetaschen;;;;
50411;Garten & Heimwerken;Tierbedarf;Hundezubehör;Hundetransport;Hunde-Sicherheitsgurte;;;;
69085;Garten & Heimwerken;Tierbedarf;Hundezubehör;Hundetransport;Hundebuggys;;;;
50431;Garten & Heimwerken;Tierbedarf;Hundezubehör;Hundetransport;Hunde-Transportboxen;;;;
50171;Garten & Heimwerken;Tierbedarf;Hundezubehör;Hundepfeifen;;;;;
50211;Garten & Heimwerken;Tierbedarf;Hundezubehör;Sonstiges Hundezubehör;;;;;
69086;Garten & Heimwerken;Tierbedarf;Hundezubehör;Welpenauslauf;;;;;
50081;Garten & Heimwerken;Tierbedarf;Hundezubehör;Clicker;;;;;
51461;Garten & Heimwerken;Tierbedarf;Nutztiere;;;;;;
63551;Garten & Heimwerken;Tierbedarf;Nutztiere;Trächtigkeitsmessgeräte;;;;;
68918;Garten & Heimwerken;Tierbedarf;Nutztiere;Weidezaungeräte;;;;;
51471;Garten & Heimwerken;Tierbedarf;Nutztiere;Nutztierzubehör;;;;;
52861;Garten & Heimwerken;Tierbedarf;Nutztiere;Nutztierpflege;;;;;
52871;Garten & Heimwerken;Tierbedarf;Nutztiere;Nutztierpflege;Nutztier-Enthornungsgeräte;;;;
52881;Garten & Heimwerken;Tierbedarf;Nutztiere;Nutztierpflege;Nutztier-Hufbeschneidung;;;;
62641;Garten & Heimwerken;Tierbedarf;Nutztiere;Nutztierpflege;Sonstige Nutztierpflege;;;;
60041;Garten & Heimwerken;Tierbedarf;Nutztiere;Nutztierpflege;Euterpflege;;;;
51481;Garten & Heimwerken;Tierbedarf;Nutztiere;Nutztierfutter;;;;;
51491;Garten & Heimwerken;Tierbedarf;Nutztiere;Nutztier-Fütterungszubehör;;;;;
61301;Garten & Heimwerken;Tierbedarf;Nutztiere;Weidezäune;;;;;
69391;Garten & Heimwerken;Tierbedarf;Pferdezubehör;;;;;;
28081;Garten & Heimwerken;Tierbedarf;Pferdezubehör;;;;;;
69356;Garten & Heimwerken;Tierbedarf;Pferdezubehör;Gebisse;;;;;
69359;Garten & Heimwerken;Tierbedarf;Pferdezubehör;Gebisse;Stangengebiss;;;;
69357;Garten & Heimwerken;Tierbedarf;Pferdezubehör;Gebisse;Doppelt gebrochenes Gebiss;;;;
69358;Garten & Heimwerken;Tierbedarf;Pferdezubehör;Gebisse;Einfach gebrochenes Gebiss;;;;
69353;Garten & Heimwerken;Tierbedarf;Pferdezubehör;Zaumzeug & Zubehör;;;;;
69354;Garten & Heimwerken;Tierbedarf;Pferdezubehör;Zaumzeug & Zubehör;Kandarenzäume;;;;
62561;Garten & Heimwerken;Tierbedarf;Pferdezubehör;Zaumzeug & Zubehör;Pferdestirnbänder;;;;
69355;Garten & Heimwerken;Tierbedarf;Pferdezubehör;Zaumzeug & Zubehör;Reithalfter;;;;
51231;Garten & Heimwerken;Tierbedarf;Pferdezubehör;Zaumzeug & Zubehör;Zügel;;;;
51241;Garten & Heimwerken;Tierbedarf;Pferdezubehör;Zaumzeug & Zubehör;Trensen;;;;
69364;Garten & Heimwerken;Tierbedarf;Pferdezubehör;Fliegenschutz für Pferde;;;;;
69367;Garten & Heimwerken;Tierbedarf;Pferdezubehör;Fliegenschutz für Pferde;Fliegenhauben für Pferde;;;;
69366;Garten & Heimwerken;Tierbedarf;Pferdezubehör;Fliegenschutz für Pferde;Fliegenmasken für Pferde und Fransen;;;;
69368;Garten & Heimwerken;Tierbedarf;Pferdezubehör;Fliegenschutz für Pferde;Fliegendecken für Pferde;;;;
69363;Garten & Heimwerken;Tierbedarf;Pferdezubehör;Halfter & Stricke;;;;;
51281;Garten & Heimwerken;Tierbedarf;Pferdezubehör;Halfter & Stricke;Pferde-Halfter;;;;
69377;Garten & Heimwerken;Tierbedarf;Pferdezubehör;Halfter & Stricke;Führstricke;;;;
57181;Garten & Heimwerken;Tierbedarf;Pferdezubehör;Pferdedecken;;;;;
69347;Garten & Heimwerken;Tierbedarf;Pferdezubehör;Pferdedecken;Ausreitdecken;;;;
69345;Garten & Heimwerken;Tierbedarf;Pferdezubehör;Pferdedecken;Abschwitzdecken;;;;
69346;Garten & Heimwerken;Tierbedarf;Pferdezubehör;Pferdedecken;Regendecken für Pferde;;;;
69348;Garten & Heimwerken;Tierbedarf;Pferdezubehör;Pferdedecken;Stalldecken;;;;
69349;Garten & Heimwerken;Tierbedarf;Pferdezubehör;Pferdedecken;Ekzemerdecken;;;;
69344;Garten & Heimwerken;Tierbedarf;Pferdezubehör;Pferdedecken;Winterdecken für Pferde;;;;
51341;Garten & Heimwerken;Tierbedarf;Pferdezubehör;Pferdepflege;;;;;
51371;Garten & Heimwerken;Tierbedarf;Pferdezubehör;Pferdepflege;Striegel;;;;
51351;Garten & Heimwerken;Tierbedarf;Pferdezubehör;Pferdepflege;Putzboxen;;;;
51381;Garten & Heimwerken;Tierbedarf;Pferdezubehör;Pferdepflege;Hufkratzer;;;;
69384;Garten & Heimwerken;Tierbedarf;Pferdezubehör;Pferdepflege;Hufraspel;;;;
67131;Garten & Heimwerken;Tierbedarf;Pferdezubehör;Pferdepflege;Pferdebandagen;;;;
51361;Garten & Heimwerken;Tierbedarf;Pferdezubehör;Pferdepflege;Kardätschen;;;;
51411;Garten & Heimwerken;Tierbedarf;Pferdezubehör;Pferdepflege;Pferde-Pflegemittel;;;;
58161;Garten & Heimwerken;Tierbedarf;Pferdezubehör;Pferdepflege;Mähnenkämme;;;;
69383;Garten & Heimwerken;Tierbedarf;Pferdezubehör;Pferdepflege;Schweif- und Mähnenbürsten;;;;
51301;Garten & Heimwerken;Tierbedarf;Pferdezubehör;Pferdefutter;;;;;
69365;Garten & Heimwerken;Tierbedarf;Pferdezubehör;Beinschutz & Hufschutz;;;;;
69379;Garten & Heimwerken;Tierbedarf;Pferdezubehör;Beinschutz & Hufschutz;Bandagierunterlagen;;;;
69378;Garten & Heimwerken;Tierbedarf;Pferdezubehör;Beinschutz & Hufschutz;Bandagen für Pferde;;;;
69381;Garten & Heimwerken;Tierbedarf;Pferdezubehör;Beinschutz & Hufschutz;Hufglocken;;;;
69380;Garten & Heimwerken;Tierbedarf;Pferdezubehör;Beinschutz & Hufschutz;Streichkappen;;;;
69382;Garten & Heimwerken;Tierbedarf;Pferdezubehör;Beinschutz & Hufschutz;Hufschuhe;;;;
57171;Garten & Heimwerken;Tierbedarf;Pferdezubehör;Beinschutz & Hufschutz;Gamaschen für Pferde;;;;
51501;Garten & Heimwerken;Tierbedarf;Pferdezubehör;Sonstiges Pferdezubehör;;;;;
69360;Garten & Heimwerken;Tierbedarf;Pferdezubehör;Sattelunterlagen;;;;;
69362;Garten & Heimwerken;Tierbedarf;Pferdezubehör;Sattelunterlagen;Satteldecken;;;;
51271;Garten & Heimwerken;Tierbedarf;Pferdezubehör;Sattelunterlagen;Schabracken;;;;
69361;Garten & Heimwerken;Tierbedarf;Pferdezubehör;Sattelunterlagen;Sattelpads;;;;
69350;Garten & Heimwerken;Tierbedarf;Pferdezubehör;Sättel & Sattel-Zubehör;;;;;
51291;Garten & Heimwerken;Tierbedarf;Pferdezubehör;Sättel & Sattel-Zubehör;Pferdesättel;;;;
69352;Garten & Heimwerken;Tierbedarf;Pferdezubehör;Sättel & Sattel-Zubehör;Sonstiges Sattelzubehör;;;;
51261;Garten & Heimwerken;Tierbedarf;Pferdezubehör;Sättel & Sattel-Zubehör;Sattelgurte;;;;
69351;Garten & Heimwerken;Tierbedarf;Pferdezubehör;Sättel & Sattel-Zubehör;Steigbügelriemen;;;;
51251;Garten & Heimwerken;Tierbedarf;Pferdezubehör;Sättel & Sattel-Zubehör;Steigbügel;;;;
51421;Garten & Heimwerken;Tierbedarf;Pferdezubehör;Stallzubehör;;;;;
69386;Garten & Heimwerken;Tierbedarf;Pferdezubehör;Stallzubehör;Futterschaufeln;;;;
51441;Garten & Heimwerken;Tierbedarf;Pferdezubehör;Stallzubehör;Heuraufen;;;;
51451;Garten & Heimwerken;Tierbedarf;Pferdezubehör;Stallzubehör;Pferdefuttertröge;;;;
51431;Garten & Heimwerken;Tierbedarf;Pferdezubehör;Stallzubehör;Pferdetränken;;;;
28051;Garten & Heimwerken;Tierbedarf;Kleintierzubehör;;;;;;
50811;Garten & Heimwerken;Tierbedarf;Kleintierzubehör;Kleintier- und Nagerzubehör;;;;;
51521;Garten & Heimwerken;Tierbedarf;Kleintierzubehör;Kleintier- und Nagerzubehör;Sonstiges Kleintierzubehör;;;;
50881;Garten & Heimwerken;Tierbedarf;Kleintierzubehör;Kleintier- und Nagerzubehör;Schutzhüllen für Ställe;;;;
57581;Garten & Heimwerken;Tierbedarf;Kleintierzubehör;Kleintier- und Nagerzubehör;Kleintier-Betten;;;;
50831;Garten & Heimwerken;Tierbedarf;Kleintierzubehör;Kleintier- und Nagerzubehör;Kleintier-Käfige;;;;
50851;Garten & Heimwerken;Tierbedarf;Kleintierzubehör;Kleintier- und Nagerzubehör;Kleintier-Höhlen;;;;
50841;Garten & Heimwerken;Tierbedarf;Kleintierzubehör;Kleintier- und Nagerzubehör;Kleintier-Gehege;;;;
50861;Garten & Heimwerken;Tierbedarf;Kleintierzubehör;Kleintier- und Nagerzubehör;Kleintier-Häuser;;;;
50821;Garten & Heimwerken;Tierbedarf;Kleintierzubehör;Kleintier- und Nagerzubehör;Kleintier-Ställe;;;;
50871;Garten & Heimwerken;Tierbedarf;Kleintierzubehör;Kleintier- und Nagerzubehör;Kleintier-Tunnel;;;;
50991;Garten & Heimwerken;Tierbedarf;Kleintierzubehör;Kleintierpflege;;;;;
51011;Garten & Heimwerken;Tierbedarf;Kleintierzubehör;Kleintier-Fütterungszubehör;;;;;
51041;Garten & Heimwerken;Tierbedarf;Kleintierzubehör;Kleintier-Fütterungszubehör;Kleintier-Trinknäpfe;;;;
51051;Garten & Heimwerken;Tierbedarf;Kleintierzubehör;Kleintier-Fütterungszubehör;Kleintier-Futternäpfe;;;;
51021;Garten & Heimwerken;Tierbedarf;Kleintierzubehör;Kleintier-Fütterungszubehör;Kleintier-Raufen;;;;
68402;Garten & Heimwerken;Tierbedarf;Kleintierzubehör;Kleintier-Fütterungszubehör;Kleintier-Trinkflaschen;;;;
50911;Garten & Heimwerken;Tierbedarf;Kleintierzubehör;Kleintier-Futter;;;;;
50951;Garten & Heimwerken;Tierbedarf;Kleintierzubehör;Kleintier-Futter;Nagesteine;;;;
50981;Garten & Heimwerken;Tierbedarf;Kleintierzubehör;Kleintier-Futter;Heu;;;;
50941;Garten & Heimwerken;Tierbedarf;Kleintierzubehör;Kleintier-Futter;Lecksteine;;;;
50961;Garten & Heimwerken;Tierbedarf;Kleintierzubehör;Kleintier-Futter;Kleintier-Nahrungmittelergänzung;;;;
50971;Garten & Heimwerken;Tierbedarf;Kleintierzubehör;Kleintier-Futter;Kleintier-Snacks;;;;
50921;Garten & Heimwerken;Tierbedarf;Kleintierzubehör;Kleintier-Futter;Kleintier-Hauptfutter;;;;
50931;Garten & Heimwerken;Tierbedarf;Kleintierzubehör;Kleintier-Futter;Spezial- & Diät-Kleintierfutter;;;;
50901;Garten & Heimwerken;Tierbedarf;Kleintierzubehör;Kleintier-Spielzeuge;;;;;
51001;Garten & Heimwerken;Tierbedarf;Kleintierzubehör;Kleintier-Transport;;;;;
50511;Garten & Heimwerken;Tierbedarf;Terraristik;;;;;;
51741;Garten & Heimwerken;Tierbedarf;Terraristik;Terrarienzubehör;;;;;
44201;Garten & Heimwerken;Tierbedarf;Terraristik;Terrarienzubehör;;;;;
58321;Garten & Heimwerken;Tierbedarf;Terraristik;Terrarienzubehör;Sonstiges Terrarienzubehör;;;;
58421;Garten & Heimwerken;Tierbedarf;Terraristik;Terrarienzubehör;Terrariendekorationen;;;;
58411;Garten & Heimwerken;Tierbedarf;Terraristik;Terrarienzubehör;Terrarienpflanzen;;;;
51201;Garten & Heimwerken;Tierbedarf;Terraristik;Terraristik-Futter;;;;;
43701;Garten & Heimwerken;Tierbedarf;Terraristik;Terraristik-Futter;Lebendfutter;;;;
51211;Garten & Heimwerken;Tierbedarf;Terraristik;Terraristik-Futter;Terraristik-Ergänzungsfutter;;;;
44191;Garten & Heimwerken;Tierbedarf;Terraristik;Terrarien;;;;;
1931;Wohnen & Einrichten;;;;;;;;
1961;Wohnen & Einrichten;Möbel;;;;;;;
2101;Wohnen & Einrichten;Möbel;Betten & Zubehör;;;;;;
51561;Wohnen & Einrichten;Möbel;Betten & Zubehör;Bettausstattungen;;;;;
2891;Wohnen & Einrichten;Möbel;Betten & Zubehör;Bettausstattungen;;;;;
5531;Wohnen & Einrichten;Möbel;Betten & Zubehör;Bettausstattungen;Lattenroste;;;;
5541;Wohnen & Einrichten;Möbel;Betten & Zubehör;Bettausstattungen;Kopfteile;;;;
5581;Wohnen & Einrichten;Möbel;Betten & Zubehör;Bettausstattungen;Matratzenschoner;;;;
63511;Wohnen & Einrichten;Möbel;Betten & Zubehör;Bettausstattungen;Matratzenschoner;Nässeschutzauflagen;;;
63521;Wohnen & Einrichten;Möbel;Betten & Zubehör;Bettausstattungen;Matratzenschoner;Unterbetten;;;
63531;Wohnen & Einrichten;Möbel;Betten & Zubehör;Bettausstattungen;Matratzenschoner;Sonstige Matratzenschoner;;;
63501;Wohnen & Einrichten;Möbel;Betten & Zubehör;Bettausstattungen;Matratzenschoner;Moltonauflagen;;;
68791;Wohnen & Einrichten;Möbel;Betten & Zubehör;Bettausstattungen;Matratzen;;;;
5491;Wohnen & Einrichten;Möbel;Betten & Zubehör;Bettausstattungen;Matratzen;;;;
69571;Wohnen & Einrichten;Möbel;Betten & Zubehör;Bettausstattungen;Matratzen;Boxspringmatratzen;;;
63441;Wohnen & Einrichten;Möbel;Betten & Zubehör;Bettausstattungen;Matratzen;Schaummatratzen;;;
5501;Wohnen & Einrichten;Möbel;Betten & Zubehör;Bettausstattungen;Matratzen;Schaummatratzen;Kaltschaummatratzen;;
69452;Wohnen & Einrichten;Möbel;Betten & Zubehör;Bettausstattungen;Matratzen;Schaummatratzen;Klappmatratzen;;
68432;Wohnen & Einrichten;Möbel;Betten & Zubehör;Bettausstattungen;Matratzen;Schaummatratzen;Gelmatratzen;;
63461;Wohnen & Einrichten;Möbel;Betten & Zubehör;Bettausstattungen;Matratzen;Schaummatratzen;Latexmatratzen;;
63471;Wohnen & Einrichten;Möbel;Betten & Zubehör;Bettausstattungen;Matratzen;Schaummatratzen;Sonstige Matratzen;;
63451;Wohnen & Einrichten;Möbel;Betten & Zubehör;Bettausstattungen;Matratzen;Schaummatratzen;Visco-Matratzen;;
5511;Wohnen & Einrichten;Möbel;Betten & Zubehör;Bettausstattungen;Matratzen;Federkernmatratzen;;;
63491;Wohnen & Einrichten;Möbel;Betten & Zubehör;Bettausstattungen;Matratzen;Federkernmatratzen;Bonellfedermatratzen;;
63481;Wohnen & Einrichten;Möbel;Betten & Zubehör;Bettausstattungen;Matratzen;Federkernmatratzen;Taschenfederkernmatratzen;;
64001;Wohnen & Einrichten;Möbel;Betten & Zubehör;Bettausstattungen;Matratzen;Topper;;;
45051;Wohnen & Einrichten;Möbel;Betten & Zubehör;Bettausstattungen;Sonstige Bettausstattung;;;;
58751;Wohnen & Einrichten;Möbel;Betten & Zubehör;Bettausstattungen;Wasserbettenzubehör;;;;
42631;Wohnen & Einrichten;Möbel;Betten & Zubehör;Betten;;;;;
54981;Wohnen & Einrichten;Möbel;Betten & Zubehör;Betten;;;;;
55021;Wohnen & Einrichten;Möbel;Betten & Zubehör;Betten;;;;;
54991;Wohnen & Einrichten;Möbel;Betten & Zubehör;Betten;;;;;
55001;Wohnen & Einrichten;Möbel;Betten & Zubehör;Betten;;;;;
2861;Wohnen & Einrichten;Möbel;Betten & Zubehör;Betten;Luftbetten;;;;
2731;Wohnen & Einrichten;Möbel;Betten & Zubehör;Betten;Boxspringbetten;;;;
2761;Wohnen & Einrichten;Möbel;Betten & Zubehör;Betten;Himmelbetten;;;;
45041;Wohnen & Einrichten;Möbel;Betten & Zubehör;Betten;Klassische Betten;;;;
2831;Wohnen & Einrichten;Möbel;Betten & Zubehör;Betten;Tagesbetten;;;;
2781;Wohnen & Einrichten;Möbel;Betten & Zubehör;Betten;Klappbetten;;;;
2721;Wohnen & Einrichten;Möbel;Betten & Zubehör;Betten;Futonbetten;;;;
2821;Wohnen & Einrichten;Möbel;Betten & Zubehör;Betten;Rundbetten;;;;
2751;Wohnen & Einrichten;Möbel;Betten & Zubehör;Betten;Polsterbetten;;;;
69579;Wohnen & Einrichten;Möbel;Betten & Zubehör;Betten;Schrankbetten;;;;
2791;Wohnen & Einrichten;Möbel;Betten & Zubehör;Betten;Wasserbetten;;;;
2771;Wohnen & Einrichten;Möbel;Betten & Zubehör;Betten;Jugendbetten;;;;
2321;Wohnen & Einrichten;Möbel;Nachttische & -schränke;;;;;;
65941;Wohnen & Einrichten;Möbel;Bänke;;;;;;
2091;Wohnen & Einrichten;Möbel;Bänke;;;;;;
2711;Wohnen & Einrichten;Möbel;Bänke;Bankteile;;;;;
2701;Wohnen & Einrichten;Möbel;Bänke;Sitzbänke;;;;;
61321;Wohnen & Einrichten;Möbel;Bänke;Eckbänke;;;;;
2641;Wohnen & Einrichten;Möbel;Bänke;Fußbänke;;;;;
2681;Wohnen & Einrichten;Möbel;Bänke;Sitztruhen;;;;;
3871;Wohnen & Einrichten;Möbel;Sekretäre;;;;;;
2251;Wohnen & Einrichten;Möbel;Schränke & Zubehör;;;;;;
4001;Wohnen & Einrichten;Möbel;Schränke & Zubehör;Schrankzubehör;;;;;
59671;Wohnen & Einrichten;Möbel;Schränke & Zubehör;Schrankzubehör;Gürtel- & Krawattenhalter;;;;
6071;Wohnen & Einrichten;Möbel;Schränke & Zubehör;Schrankzubehör;Schranktüren;;;;
6111;Wohnen & Einrichten;Möbel;Schränke & Zubehör;Schrankzubehör;Schrankgriffe;;;;
58101;Wohnen & Einrichten;Möbel;Schränke & Zubehör;Schrankzubehör;Kleidersäcke;;;;
6051;Wohnen & Einrichten;Möbel;Schränke & Zubehör;Schrankzubehör;Kleiderbügel;;;;
64251;Wohnen & Einrichten;Möbel;Schränke & Zubehör;Schrankzubehör;Schrank-Abdeckplatten;;;;
64461;Wohnen & Einrichten;Möbel;Schränke & Zubehör;Schrankzubehör;Schubladeneinsätze & -organizer;;;;
6081;Wohnen & Einrichten;Möbel;Schränke & Zubehör;Schrankzubehör;Schubladen;;;;
60441;Wohnen & Einrichten;Möbel;Schränke & Zubehör;Schrankzubehör;Faltboxen;;;;
69663;Wohnen & Einrichten;Möbel;Schränke & Zubehör;Schrankzubehör;Möbelfolien;;;;
6101;Wohnen & Einrichten;Möbel;Schränke & Zubehör;Schrankzubehör;Einlegeböden;;;;
58091;Wohnen & Einrichten;Möbel;Schränke & Zubehör;Schrankzubehör;Kleiderstangen;;;;
51681;Wohnen & Einrichten;Möbel;Schränke & Zubehör;Schränke;;;;;
55061;Wohnen & Einrichten;Möbel;Schränke & Zubehör;Schränke;;;;;
42651;Wohnen & Einrichten;Möbel;Schränke & Zubehör;Schränke;;;;;
3901;Wohnen & Einrichten;Möbel;Schränke & Zubehör;Schränke;Badezimmerschränke;;;;
3951;Wohnen & Einrichten;Möbel;Schränke & Zubehör;Schränke;Vitrinen;;;;
4041;Wohnen & Einrichten;Möbel;Schränke & Zubehör;Schränke;Küchenschränke;;;;
69649;Wohnen & Einrichten;Möbel;Schränke & Zubehör;Schränke;Küchenschränke;Küchenhängeschränke;;;
69651;Wohnen & Einrichten;Möbel;Schränke & Zubehör;Schränke;Küchenschränke;Küchenunterschränke;;;
69654;Wohnen & Einrichten;Möbel;Schränke & Zubehör;Schränke;Küchenschränke;Herdumbauschränke;;;
69656;Wohnen & Einrichten;Möbel;Schränke & Zubehör;Schränke;Küchenschränke;Küche Hochschränke;;;
45091;Wohnen & Einrichten;Möbel;Schränke & Zubehör;Schränke;Wohnzimmerschränke;;;;
69639;Wohnen & Einrichten;Möbel;Schränke & Zubehör;Schränke;Spinde;;;;
4051;Wohnen & Einrichten;Möbel;Schränke & Zubehör;Schränke;Apothekerschränke;;;;
3931;Wohnen & Einrichten;Möbel;Schränke & Zubehör;Schränke;Spiegelschränke;;;;
4031;Wohnen & Einrichten;Möbel;Schränke & Zubehör;Schränke;Büroschränke;;;;
6141;Wohnen & Einrichten;Möbel;Schränke & Zubehör;Schränke;Büroschränke;Schubladenschränke;;;
6121;Wohnen & Einrichten;Möbel;Schränke & Zubehör;Schränke;Büroschränke;Aktenschränke;;;
57631;Wohnen & Einrichten;Möbel;Schränke & Zubehör;Schränke;Büroschränke;Flügeltürenschränke;;;
6131;Wohnen & Einrichten;Möbel;Schränke & Zubehör;Schränke;Büroschränke;Rollcontainer;;;
3961;Wohnen & Einrichten;Möbel;Schränke & Zubehör;Schränke;Schuhschränke;;;;
4061;Wohnen & Einrichten;Möbel;Schränke & Zubehör;Schränke;TV-Schränke;;;;
3891;Wohnen & Einrichten;Möbel;Schränke & Zubehör;Schränke;Kleiderschränke;;;;
69637;Wohnen & Einrichten;Möbel;Schränke & Zubehör;Schränke;Kleiderschränke;Stoffschränke;;;
69632;Wohnen & Einrichten;Möbel;Schränke & Zubehör;Schränke;Kleiderschränke;Eckkleiderschränke;;;
69641;Wohnen & Einrichten;Möbel;Schränke & Zubehör;Schränke;Kleiderschränke;Schwebetürenschränke;;;
69633;Wohnen & Einrichten;Möbel;Schränke & Zubehör;Schränke;Kleiderschränke;Drehtürenschränke;;;
69635;Wohnen & Einrichten;Möbel;Schränke & Zubehör;Schränke;Kleiderschränke;Schiebetürenschränke;;;
66321;Wohnen & Einrichten;Möbel;Stuhlzubehör;;;;;;
2341;Wohnen & Einrichten;Möbel;Stühle;;;;;;
55081;Wohnen & Einrichten;Möbel;Stühle;;;;;;
55091;Wohnen & Einrichten;Möbel;Stühle;;;;;;
4311;Wohnen & Einrichten;Möbel;Stühle;Armlehnstühle;;;;;
4281;Wohnen & Einrichten;Möbel;Stühle;Bistrostühle;;;;;
4231;Wohnen & Einrichten;Möbel;Stühle;Freischwinger;;;;;
4301;Wohnen & Einrichten;Möbel;Stühle;Liegestühle;;;;;
4211;Wohnen & Einrichten;Möbel;Stühle;Esszimmerstühle;;;;;
4221;Wohnen & Einrichten;Möbel;Stühle;Klappstühle;;;;;
4261;Wohnen & Einrichten;Möbel;Stühle;Friseurstühle;;;;;
4241;Wohnen & Einrichten;Möbel;Stühle;Bürostühle;;;;;
57501;Wohnen & Einrichten;Möbel;Stühle;Schaukelstühle;;;;;
4321;Wohnen & Einrichten;Möbel;Stühle;Hocker;;;;;
6431;Wohnen & Einrichten;Möbel;Stühle;Hocker;Barhocker;;;;
6251;Wohnen & Einrichten;Möbel;Stühle;Hocker;Strandhocker;;;;
6391;Wohnen & Einrichten;Möbel;Stühle;Hocker;Kinderhocker;;;;
6291;Wohnen & Einrichten;Möbel;Stühle;Hocker;Klapphocker;;;;
6211;Wohnen & Einrichten;Möbel;Stühle;Hocker;Fußhocker & -bänke;;;;
6321;Wohnen & Einrichten;Möbel;Stühle;Hocker;Kniehocker;;;;
6401;Wohnen & Einrichten;Möbel;Stühle;Hocker;Fotohocker;;;;
6371;Wohnen & Einrichten;Möbel;Stühle;Hocker;Rollhocker;;;;
69099;Wohnen & Einrichten;Möbel;Stühle;Hocker;Stehhilfen;;;;
6341;Wohnen & Einrichten;Möbel;Stühle;Hocker;Stapelhocker;;;;
6351;Wohnen & Einrichten;Möbel;Stühle;Hocker;Sitzhocker;;;;
61161;Wohnen & Einrichten;Möbel;Stühle;Hocker;Drehhocker;;;;
6281;Wohnen & Einrichten;Möbel;Stühle;Hocker;Dreibeinhocker;;;;
4251;Wohnen & Einrichten;Möbel;Stühle;Besucherstühle;;;;;
2111;Wohnen & Einrichten;Möbel;Garderoben;;;;;;
63111;Wohnen & Einrichten;Möbel;Garderoben;;;;;;
45061;Wohnen & Einrichten;Möbel;Garderoben;Garderobenschränke;;;;;
3171;Wohnen & Einrichten;Möbel;Garderoben;Garderobensets;;;;;
3011;Wohnen & Einrichten;Möbel;Garderoben;Garderobenständer;;;;;
3081;Wohnen & Einrichten;Möbel;Garderoben;Türgarderoben;;;;;
3141;Wohnen & Einrichten;Möbel;Garderoben;Klappgarderoben;;;;;
3181;Wohnen & Einrichten;Möbel;Garderoben;Rollgarderoben;;;;;
3231;Wohnen & Einrichten;Möbel;Garderoben;Herrendiener;;;;;
3051;Wohnen & Einrichten;Möbel;Garderoben;Wandgarderoben und Haken;;;;;
2121;Wohnen & Einrichten;Möbel;Kompletteinrichtungen;;;;;;
54941;Wohnen & Einrichten;Möbel;Kompletteinrichtungen;;;;;;
54951;Wohnen & Einrichten;Möbel;Kompletteinrichtungen;;;;;;
3461;Wohnen & Einrichten;Möbel;Kompletteinrichtungen;Badezimmer;;;;;
3271;Wohnen & Einrichten;Möbel;Kompletteinrichtungen;Schlafzimmer;;;;;
3481;Wohnen & Einrichten;Möbel;Kompletteinrichtungen;Esszimmer;;;;;
69243;Wohnen & Einrichten;Möbel;Kompletteinrichtungen;Küchen;;;;;
69242;Wohnen & Einrichten;Möbel;Kompletteinrichtungen;Küchen;;;;;
69245;Wohnen & Einrichten;Möbel;Kompletteinrichtungen;Küchen;;;;;
69237;Wohnen & Einrichten;Möbel;Kompletteinrichtungen;Küchen;;;;;
69238;Wohnen & Einrichten;Möbel;Kompletteinrichtungen;Küchen;;;;;
69235;Wohnen & Einrichten;Möbel;Kompletteinrichtungen;Küchen;;;;;
69240;Wohnen & Einrichten;Möbel;Kompletteinrichtungen;Küchen;;;;;
69239;Wohnen & Einrichten;Möbel;Kompletteinrichtungen;Küchen;;;;;
69236;Wohnen & Einrichten;Möbel;Kompletteinrichtungen;Küchen;;;;;
69241;Wohnen & Einrichten;Möbel;Kompletteinrichtungen;Küchen;;;;;
60201;Wohnen & Einrichten;Möbel;Kompletteinrichtungen;Küchen;;;;;
68771;Wohnen & Einrichten;Möbel;Kompletteinrichtungen;Küchen;Küchenzeilen;;;;
68781;Wohnen & Einrichten;Möbel;Kompletteinrichtungen;Küchen;Pantryküchen;;;;
70182;Wohnen & Einrichten;Möbel;Kompletteinrichtungen;Küchen;Outdoorküchen;;;;
3381;Wohnen & Einrichten;Möbel;Kompletteinrichtungen;Wohnzimmer;;;;;
3471;Wohnen & Einrichten;Möbel;Kompletteinrichtungen;Büroeinrichtungen;;;;;
3491;Wohnen & Einrichten;Möbel;Kompletteinrichtungen;Jugendzimmer;;;;;
3361;Wohnen & Einrichten;Möbel;Kompletteinrichtungen;Wohnwände;;;;;
2241;Wohnen & Einrichten;Möbel;Kommoden;;;;;;
68292;Wohnen & Einrichten;Möbel;Möbelschoner;;;;;;
51601;Wohnen & Einrichten;Möbel;Büromöbel;;;;;;
51621;Wohnen & Einrichten;Möbel;Büromöbel;;;;;;
51651;Wohnen & Einrichten;Möbel;Büromöbel;;;;;;
51611;Wohnen & Einrichten;Möbel;Büromöbel;;;;;;
51661;Wohnen & Einrichten;Möbel;Büromöbel;;;;;;
51591;Wohnen & Einrichten;Möbel;Büromöbel;;;;;;
51631;Wohnen & Einrichten;Möbel;Büromöbel;;;;;;
51581;Wohnen & Einrichten;Möbel;Büromöbel;;;;;;
55451;Wohnen & Einrichten;Möbel;Büromöbel;;;;;;
2161;Wohnen & Einrichten;Möbel;Büromöbel;;;;;;
2351;Wohnen & Einrichten;Möbel;Raumteiler;;;;;;
4331;Wohnen & Einrichten;Möbel;Raumteiler;Paravents;;;;;
63281;Wohnen & Einrichten;Möbel;Raumteiler;Vorhang-Raumteiler;;;;;
4341;Wohnen & Einrichten;Möbel;Raumteiler;Raumteilerregale;;;;;
66351;Wohnen & Einrichten;Möbel;Regalzubehör;;;;;;
2331;Wohnen & Einrichten;Möbel;Regale;;;;;;
55071;Wohnen & Einrichten;Möbel;Regale;;;;;;
51701;Wohnen & Einrichten;Möbel;Regale;;;;;;
4111;Wohnen & Einrichten;Möbel;Regale;Badregale;;;;;
4101;Wohnen & Einrichten;Möbel;Regale;Bücherregale;;;;;
4151;Wohnen & Einrichten;Möbel;Regale;CD- & DVD-Regale;;;;;
57571;Wohnen & Einrichten;Möbel;Regale;Klassische Regale;;;;;
4131;Wohnen & Einrichten;Möbel;Regale;Eckregale;;;;;
4171;Wohnen & Einrichten;Möbel;Regale;Hängeregale;;;;;
4141;Wohnen & Einrichten;Möbel;Regale;Küchenregale;;;;;
4201;Wohnen & Einrichten;Möbel;Regale;Zeitungsregale;;;;;
4181;Wohnen & Einrichten;Möbel;Regale;Büroregale;;;;;
4121;Wohnen & Einrichten;Möbel;Regale;Schuhregale;;;;;
4091;Wohnen & Einrichten;Möbel;Regale;Wandregale;;;;;
4161;Wohnen & Einrichten;Möbel;Regale;Weinregale;;;;;
68272;Wohnen & Einrichten;Möbel;Möbelbezüge;;;;;;
2141;Wohnen & Einrichten;Möbel;Tische & Zubehör;;;;;;
3641;Wohnen & Einrichten;Möbel;Tische & Zubehör;Tischzubehör;;;;;
65021;Wohnen & Einrichten;Möbel;Tische & Zubehör;Tischzubehör;Sonstiges Tischzubehör;;;;
5701;Wohnen & Einrichten;Möbel;Tische & Zubehör;Tischzubehör;Tischbeine;;;;
5691;Wohnen & Einrichten;Möbel;Tische & Zubehör;Tischzubehör;Tischplatten;;;;
42641;Wohnen & Einrichten;Möbel;Tische & Zubehör;Tische;;;;;
68997;Wohnen & Einrichten;Möbel;Tische & Zubehör;Tische;;;;;
54971;Wohnen & Einrichten;Möbel;Tische & Zubehör;Tische;;;;;
54961;Wohnen & Einrichten;Möbel;Tische & Zubehör;Tische;;;;;
3721;Wohnen & Einrichten;Möbel;Tische & Zubehör;Tische;Stehtische & Bistrotische;;;;
3531;Wohnen & Einrichten;Möbel;Tische & Zubehör;Tische;Couchtische;;;;
3561;Wohnen & Einrichten;Möbel;Tische & Zubehör;Tische;Konsolentische;;;;
51641;Wohnen & Einrichten;Möbel;Tische & Zubehör;Tische;Theken;;;;
3521;Wohnen & Einrichten;Möbel;Tische & Zubehör;Tische;Esstische;;;;
59691;Wohnen & Einrichten;Möbel;Tische & Zubehör;Tische;Schminktische;;;;
3701;Wohnen & Einrichten;Möbel;Tische & Zubehör;Tische;Klapptische;;;;
3591;Wohnen & Einrichten;Möbel;Tische & Zubehör;Tische;Balkon Klapptische;;;;
3691;Wohnen & Einrichten;Möbel;Tische & Zubehör;Tische;Küchenarbeitstische;;;;
3551;Wohnen & Einrichten;Möbel;Tische & Zubehör;Tische;Bürotische;;;;
5661;Wohnen & Einrichten;Möbel;Tische & Zubehör;Tische;Bürotische;Computertische;;;
5671;Wohnen & Einrichten;Möbel;Tische & Zubehör;Tische;Bürotische;Konferenztische;;;
5651;Wohnen & Einrichten;Möbel;Tische & Zubehör;Tische;Bürotische;Schreibtische;;;
3601;Wohnen & Einrichten;Möbel;Tische & Zubehör;Tische;Säulentische;;;;
3541;Wohnen & Einrichten;Möbel;Tische & Zubehör;Tische;Beistelltische;;;;
2191;Wohnen & Einrichten;Möbel;Polstermöbel;;;;;;
3821;Wohnen & Einrichten;Möbel;Polstermöbel;Sitzsäcke;;;;;
55051;Wohnen & Einrichten;Möbel;Polstermöbel;Sitzsäcke;;;;;
5981;Wohnen & Einrichten;Möbel;Polstermöbel;Sitzsäcke;Klassische Sitzsäcke;;;;
6021;Wohnen & Einrichten;Möbel;Polstermöbel;Sitzsäcke;Outdoor Sitzsäcke;;;;
3791;Wohnen & Einrichten;Möbel;Polstermöbel;Sessel;;;;;
55031;Wohnen & Einrichten;Möbel;Polstermöbel;Sessel;;;;;
45071;Wohnen & Einrichten;Möbel;Polstermöbel;Sessel;Klassische Sessel;;;;
5831;Wohnen & Einrichten;Möbel;Polstermöbel;Sessel;Cocktailsessel;;;;
5871;Wohnen & Einrichten;Möbel;Polstermöbel;Sessel;Massagesessel;;;;
58231;Wohnen & Einrichten;Möbel;Polstermöbel;Sessel;Fernseh- & Relaxsessel;;;;
5861;Wohnen & Einrichten;Möbel;Polstermöbel;Sessel;Ohrensessel;;;;
61251;Wohnen & Einrichten;Möbel;Polstermöbel;Liegen;;;;;
55041;Wohnen & Einrichten;Möbel;Polstermöbel;Sofas;;;;;
3801;Wohnen & Einrichten;Möbel;Polstermöbel;Sofas;;;;;
5931;Wohnen & Einrichten;Möbel;Polstermöbel;Sofas;Recamieren;;;;
45081;Wohnen & Einrichten;Möbel;Polstermöbel;Sofas;Klassische Sofas;;;;
5911;Wohnen & Einrichten;Möbel;Polstermöbel;Sofas;Ecksofas;;;;
69558;Wohnen & Einrichten;Möbel;Polstermöbel;Sofas;Futonsofas;;;;
5941;Wohnen & Einrichten;Möbel;Polstermöbel;Sofas;Schlafsofas;;;;
5961;Wohnen & Einrichten;Möbel;Polstermöbel;Sofas;Couchgarnituren;;;;
2071;Wohnen & Einrichten;Wohnaccessoires;;;;;;;
2471;Wohnen & Einrichten;Wohnaccessoires;Jalousien & Zubehör;;;;;;
4981;Wohnen & Einrichten;Wohnaccessoires;Jalousien & Zubehör;Jalousien;;;;;
4971;Wohnen & Einrichten;Wohnaccessoires;Jalousien & Zubehör;Plissees;;;;;
5001;Wohnen & Einrichten;Wohnaccessoires;Jalousien & Zubehör;Rollo- und Jalousienbefestigungen;;;;;
4961;Wohnen & Einrichten;Wohnaccessoires;Jalousien & Zubehör;Rollos;;;;;
2571;Wohnen & Einrichten;Wohnaccessoires;Wohndekorationen;;;;;;
5171;Wohnen & Einrichten;Wohnaccessoires;Wohndekorationen;Kunstpflanzen;;;;;
5211;Wohnen & Einrichten;Wohnaccessoires;Wohndekorationen;Kerzen & Dekobeleuchtungen;;;;;
51801;Wohnen & Einrichten;Wohnaccessoires;Wohndekorationen;Kerzen & Dekobeleuchtungen;;;;;
51791;Wohnen & Einrichten;Wohnaccessoires;Wohndekorationen;Kerzen & Dekobeleuchtungen;;;;;
7311;Wohnen & Einrichten;Wohnaccessoires;Wohndekorationen;Kerzen & Dekobeleuchtungen;Tropfschutz Kerzen;;;;
7321;Wohnen & Einrichten;Wohnaccessoires;Wohndekorationen;Kerzen & Dekobeleuchtungen;Kerzenständer;;;;
69510;Wohnen & Einrichten;Wohnaccessoires;Wohndekorationen;Kerzen & Dekobeleuchtungen;Kerzenteller;;;;
7361;Wohnen & Einrichten;Wohnaccessoires;Wohndekorationen;Kerzen & Dekobeleuchtungen;Kerzenlöscher;;;;
7071;Wohnen & Einrichten;Wohnaccessoires;Wohndekorationen;Kerzen & Dekobeleuchtungen;Kerzen;;;;
64731;Wohnen & Einrichten;Wohnaccessoires;Wohndekorationen;Kerzen & Dekobeleuchtungen;Kerzen;Kugelkerzen;;;
64741;Wohnen & Einrichten;Wohnaccessoires;Wohndekorationen;Kerzen & Dekobeleuchtungen;Kerzen;Kuchenkerzen;;;
64751;Wohnen & Einrichten;Wohnaccessoires;Wohndekorationen;Kerzen & Dekobeleuchtungen;Kerzen;Adventskerzen;;;
64821;Wohnen & Einrichten;Wohnaccessoires;Wohndekorationen;Kerzen & Dekobeleuchtungen;Kerzen;Altarkerzen und Kirchenkerzen;;;
67672;Wohnen & Einrichten;Wohnaccessoires;Wohndekorationen;Kerzen & Dekobeleuchtungen;Kerzen;Kommunion-, Hochzeits- & Taufkerzen;;;
64661;Wohnen & Einrichten;Wohnaccessoires;Wohndekorationen;Kerzen & Dekobeleuchtungen;Kerzen;Tropfkerzen;;;
64771;Wohnen & Einrichten;Wohnaccessoires;Wohndekorationen;Kerzen & Dekobeleuchtungen;Kerzen;Eikerzen;;;
64701;Wohnen & Einrichten;Wohnaccessoires;Wohndekorationen;Kerzen & Dekobeleuchtungen;Kerzen;Schwimmkerzen;;;
64761;Wohnen & Einrichten;Wohnaccessoires;Wohndekorationen;Kerzen & Dekobeleuchtungen;Kerzen;Gelkerzen;;;
62711;Wohnen & Einrichten;Wohnaccessoires;Wohndekorationen;Kerzen & Dekobeleuchtungen;Kerzen;Grabkerzen;;;
64641;Wohnen & Einrichten;Wohnaccessoires;Wohndekorationen;Kerzen & Dekobeleuchtungen;Kerzen;Räucherkerzen;;;
64871;Wohnen & Einrichten;Wohnaccessoires;Wohndekorationen;Kerzen & Dekobeleuchtungen;Kerzen;LED-Kerzen;;;
64811;Wohnen & Einrichten;Wohnaccessoires;Wohndekorationen;Kerzen & Dekobeleuchtungen;Kerzen;Sonstige Kerzen;;;
64651;Wohnen & Einrichten;Wohnaccessoires;Wohndekorationen;Kerzen & Dekobeleuchtungen;Kerzen;Zahlenkerzen;;;
64671;Wohnen & Einrichten;Wohnaccessoires;Wohndekorationen;Kerzen & Dekobeleuchtungen;Kerzen;Stumpenkerzen;;;
64711;Wohnen & Einrichten;Wohnaccessoires;Wohndekorationen;Kerzen & Dekobeleuchtungen;Kerzen;Pyramidenkerzen;;;
64781;Wohnen & Einrichten;Wohnaccessoires;Wohndekorationen;Kerzen & Dekobeleuchtungen;Kerzen;Duftkerzen;;;
64681;Wohnen & Einrichten;Wohnaccessoires;Wohndekorationen;Kerzen & Dekobeleuchtungen;Kerzen;Stabkerzen;;;
64691;Wohnen & Einrichten;Wohnaccessoires;Wohndekorationen;Kerzen & Dekobeleuchtungen;Kerzen;Spitzkerzen;;;
64111;Wohnen & Einrichten;Wohnaccessoires;Wohndekorationen;Kerzen & Dekobeleuchtungen;Kerzen;Teelichter;;;
64791;Wohnen & Einrichten;Wohnaccessoires;Wohndekorationen;Kerzen & Dekobeleuchtungen;Kerzen;Dosenkerzen;;;
64801;Wohnen & Einrichten;Wohnaccessoires;Wohndekorationen;Kerzen & Dekobeleuchtungen;Kerzen;Baumkerzen;;;
7301;Wohnen & Einrichten;Wohnaccessoires;Wohndekorationen;Kerzen & Dekobeleuchtungen;Windlichter;;;;
68948;Wohnen & Einrichten;Wohnaccessoires;Wohndekorationen;Kerzen & Dekobeleuchtungen;Laternen;;;;
7341;Wohnen & Einrichten;Wohnaccessoires;Wohndekorationen;Kerzen & Dekobeleuchtungen;Lampions;;;;
7351;Wohnen & Einrichten;Wohnaccessoires;Wohndekorationen;Kerzen & Dekobeleuchtungen;Tischlichter;;;;
69567;Wohnen & Einrichten;Wohnaccessoires;Wohndekorationen;Kerzen & Dekobeleuchtungen;Teelichthalter;;;;
5341;Wohnen & Einrichten;Wohnaccessoires;Wohndekorationen;Weihnachtsdekorationen;;;;;
55481;Wohnen & Einrichten;Wohnaccessoires;Wohndekorationen;Weihnachtsdekorationen;;;;;
51821;Wohnen & Einrichten;Wohnaccessoires;Wohndekorationen;Weihnachtsdekorationen;;;;;
7551;Wohnen & Einrichten;Wohnaccessoires;Wohndekorationen;Weihnachtsdekorationen;Adventskalender;;;;
7541;Wohnen & Einrichten;Wohnaccessoires;Wohndekorationen;Weihnachtsdekorationen;Adventskränze;;;;
69115;Wohnen & Einrichten;Wohnaccessoires;Wohndekorationen;Weihnachtsdekorationen;Künstliche Weihnachtsbäume;;;;
7501;Wohnen & Einrichten;Wohnaccessoires;Wohndekorationen;Weihnachtsdekorationen;Lichterbögen;;;;
57711;Wohnen & Einrichten;Wohnaccessoires;Wohndekorationen;Weihnachtsdekorationen;Weihnachtsfiguren;;;;
7531;Wohnen & Einrichten;Wohnaccessoires;Wohndekorationen;Weihnachtsdekorationen;Weihnachtsgirlanden;;;;
56621;Wohnen & Einrichten;Wohnaccessoires;Wohndekorationen;Weihnachtsdekorationen;Weihnachtsbeleuchtung;;;;
7471;Wohnen & Einrichten;Wohnaccessoires;Wohndekorationen;Weihnachtsdekorationen;Weihnachtspyramiden;;;;
69619;Wohnen & Einrichten;Wohnaccessoires;Wohndekorationen;Weihnachtsdekorationen;Christbaumschmuck;;;;
7431;Wohnen & Einrichten;Wohnaccessoires;Wohndekorationen;Weihnachtsdekorationen;Christbaumschmuck;;;;
69620;Wohnen & Einrichten;Wohnaccessoires;Wohndekorationen;Weihnachtsdekorationen;Christbaumschmuck;Christbaumkugeln;;;
69618;Wohnen & Einrichten;Wohnaccessoires;Wohndekorationen;Weihnachtsdekorationen;Christbaumschmuck;Christbaumspitzen;;;
69601;Wohnen & Einrichten;Wohnaccessoires;Wohndekorationen;Weihnachtsdekorationen;Christbaumschmuck;Sonstiger Christbaumschmuck;;;
7521;Wohnen & Einrichten;Wohnaccessoires;Wohndekorationen;Weihnachtsdekorationen;Christbaumschmuck;Lametta;;;
69596;Wohnen & Einrichten;Wohnaccessoires;Wohndekorationen;Weihnachtsdekorationen;Weihnachtsbaumdecken;;;;
7461;Wohnen & Einrichten;Wohnaccessoires;Wohndekorationen;Weihnachtsdekorationen;Christbaumständer;;;;
69595;Wohnen & Einrichten;Wohnaccessoires;Wohndekorationen;Weihnachtsdekorationen;Wichteltüren;;;;
69289;Wohnen & Einrichten;Wohnaccessoires;Wohndekorationen;Weihnachtsdekorationen;Räuchermännchen;;;;
69529;Wohnen & Einrichten;Wohnaccessoires;Wohndekorationen;Weihnachtsdekorationen;Aufblasbare Weihnachtsdeko;;;;
57701;Wohnen & Einrichten;Wohnaccessoires;Wohndekorationen;Weihnachtsdekorationen;Sonstige Weihnachtsdekorationen;;;;
7491;Wohnen & Einrichten;Wohnaccessoires;Wohndekorationen;Weihnachtsdekorationen;Krippenfiguren;;;;
7481;Wohnen & Einrichten;Wohnaccessoires;Wohndekorationen;Weihnachtsdekorationen;Krippen;;;;
7441;Wohnen & Einrichten;Wohnaccessoires;Wohndekorationen;Weihnachtsdekorationen;Nussknacker;;;;
69114;Wohnen & Einrichten;Wohnaccessoires;Wohndekorationen;Weihnachtsdekorationen;Echte Weihnachtsbäume;;;;
7511;Wohnen & Einrichten;Wohnaccessoires;Wohndekorationen;Weihnachtsdekorationen;Schneekugeln;;;;
5241;Wohnen & Einrichten;Wohnaccessoires;Wohndekorationen;Dekokugeln;;;;;
51781;Wohnen & Einrichten;Wohnaccessoires;Wohndekorationen;Dekogefäße;;;;;
5191;Wohnen & Einrichten;Wohnaccessoires;Wohndekorationen;Dekogefäße;;;;;
6911;Wohnen & Einrichten;Wohnaccessoires;Wohndekorationen;Dekogefäße;Dekokörbe;;;;
6891;Wohnen & Einrichten;Wohnaccessoires;Wohndekorationen;Dekogefäße;Dekoschalen;;;;
63811;Wohnen & Einrichten;Wohnaccessoires;Wohndekorationen;Dekogefäße;Obstkörbe;;;;
6981;Wohnen & Einrichten;Wohnaccessoires;Wohndekorationen;Dekogefäße;Räuchergefäße;;;;
69288;Wohnen & Einrichten;Wohnaccessoires;Wohndekorationen;Dekogefäße;Räuchergefäße;;;;
69597;Wohnen & Einrichten;Wohnaccessoires;Wohndekorationen;Dekogefäße;Räuchergefäße;;;;
7051;Wohnen & Einrichten;Wohnaccessoires;Wohndekorationen;Dekogefäße;Räuchergefäße;Duftlampen;;;
7021;Wohnen & Einrichten;Wohnaccessoires;Wohndekorationen;Dekogefäße;Räuchergefäße;Duftöle;;;
69286;Wohnen & Einrichten;Wohnaccessoires;Wohndekorationen;Dekogefäße;Räuchergefäße;Weihrauch;;;
68988;Wohnen & Einrichten;Wohnaccessoires;Wohndekorationen;Dekogefäße;Räuchergefäße;Räucherschalen;;;
69285;Wohnen & Einrichten;Wohnaccessoires;Wohndekorationen;Dekogefäße;Räuchergefäße;Räucherstäbchenhalter;;;
7061;Wohnen & Einrichten;Wohnaccessoires;Wohndekorationen;Dekogefäße;Räuchergefäße;Räucherstäbchen;;;
69287;Wohnen & Einrichten;Wohnaccessoires;Wohndekorationen;Dekogefäße;Räuchergefäße;Sonstige Räuchergefäße;;;
59801;Wohnen & Einrichten;Wohnaccessoires;Wohndekorationen;Dekogefäße;Sonstige Dekogefäße;;;;
69371;Wohnen & Einrichten;Wohnaccessoires;Wohndekorationen;Dekogefäße;Klangschalen;;;;
6931;Wohnen & Einrichten;Wohnaccessoires;Wohndekorationen;Dekogefäße;Vasen;;;;
5111;Wohnen & Einrichten;Wohnaccessoires;Wohndekorationen;Dekofiguren;;;;;
69587;Wohnen & Einrichten;Wohnaccessoires;Wohndekorationen;Dekoleitern;;;;;
69566;Wohnen & Einrichten;Wohnaccessoires;Wohndekorationen;Deko Schriftzüge;;;;;
69573;Wohnen & Einrichten;Wohnaccessoires;Wohndekorationen;Türdekorationen;;;;;
69675;Wohnen & Einrichten;Wohnaccessoires;Wohndekorationen;Türdekorationen;;;;;
69574;Wohnen & Einrichten;Wohnaccessoires;Wohndekorationen;Türdekorationen;;;;;
5231;Wohnen & Einrichten;Wohnaccessoires;Wohndekorationen;Türdekorationen;;;;;
7401;Wohnen & Einrichten;Wohnaccessoires;Wohndekorationen;Türdekorationen;Türstopper;;;;
7411;Wohnen & Einrichten;Wohnaccessoires;Wohndekorationen;Türdekorationen;Türkränze;;;;
58291;Wohnen & Einrichten;Wohnaccessoires;Wohndekorationen;Türdekorationen;Zugluftstopper;;;;
5331;Wohnen & Einrichten;Wohnaccessoires;Wohndekorationen;Traumfänger;;;;;
69712;Wohnen & Einrichten;Wohnaccessoires;Wohndekorationen;Trockenblumen;;;;;
5371;Wohnen & Einrichten;Wohnaccessoires;Wohndekorationen;Osterdeko;;;;;
7561;Wohnen & Einrichten;Wohnaccessoires;Wohndekorationen;Osterdeko;Osternester;;;;
69535;Wohnen & Einrichten;Wohnaccessoires;Wohndekorationen;Osterdeko;Osterkörbchen;;;;
7571;Wohnen & Einrichten;Wohnaccessoires;Wohndekorationen;Osterdeko;Osterhasen;;;;
69533;Wohnen & Einrichten;Wohnaccessoires;Wohndekorationen;Osterdeko;Ostereier;;;;
69534;Wohnen & Einrichten;Wohnaccessoires;Wohndekorationen;Osterdeko;Ostergras;;;;
69798;Wohnen & Einrichten;Wohnaccessoires;Wohndekorationen;Osterdeko;Eierfarben;;;;
45141;Wohnen & Einrichten;Wohnaccessoires;Wohndekorationen;Osterdeko;Sonstige Osterdekorationen;;;;
68572;Wohnen & Einrichten;Wohnaccessoires;Wohndekorationen;Flaggen;;;;;
5141;Wohnen & Einrichten;Wohnaccessoires;Wohndekorationen;Gestecke;;;;;
5301;Wohnen & Einrichten;Wohnaccessoires;Wohndekorationen;Edelsteine;;;;;
69372;Wohnen & Einrichten;Wohnaccessoires;Wohndekorationen;Sanduhren;;;;;
5161;Wohnen & Einrichten;Wohnaccessoires;Wohndekorationen;Hausnummern;;;;;
5281;Wohnen & Einrichten;Wohnaccessoires;Wohndekorationen;Zimmerbrunnen;;;;;
5181;Wohnen & Einrichten;Wohnaccessoires;Wohndekorationen;Briefkästen;;;;;
59791;Wohnen & Einrichten;Wohnaccessoires;Wohndekorationen;Sonstige Wohndekorationen;;;;;
5121;Wohnen & Einrichten;Wohnaccessoires;Wohndekorationen;Skulpturen;;;;;
5221;Wohnen & Einrichten;Wohnaccessoires;Wohndekorationen;Streudeko;;;;;
7391;Wohnen & Einrichten;Wohnaccessoires;Wohndekorationen;Streudeko;Dekogranulat;;;;
7381;Wohnen & Einrichten;Wohnaccessoires;Wohndekorationen;Streudeko;Dekosand;;;;
7371;Wohnen & Einrichten;Wohnaccessoires;Wohndekorationen;Streudeko;Dekosteine;;;;
45131;Wohnen & Einrichten;Wohnaccessoires;Wohndekorationen;Streudeko;Sonstige Streudeko;;;;
69101;Wohnen & Einrichten;Wohnaccessoires;Wohndekorationen;Fliesenaufkleber;;;;;
55471;Wohnen & Einrichten;Wohnaccessoires;Wohndekorationen;Wanddeko;;;;;
51811;Wohnen & Einrichten;Wohnaccessoires;Wohndekorationen;Wanddeko;;;;;
5261;Wohnen & Einrichten;Wohnaccessoires;Wohndekorationen;Wanddeko;;;;;
69301;Wohnen & Einrichten;Wohnaccessoires;Wohndekorationen;Wanddeko;;;;;
69302;Wohnen & Einrichten;Wohnaccessoires;Wohndekorationen;Wanddeko;;;;;
69309;Wohnen & Einrichten;Wohnaccessoires;Wohndekorationen;Wanddeko;;;;;
69307;Wohnen & Einrichten;Wohnaccessoires;Wohndekorationen;Wanddeko;;;;;
69303;Wohnen & Einrichten;Wohnaccessoires;Wohndekorationen;Wanddeko;;;;;
69305;Wohnen & Einrichten;Wohnaccessoires;Wohndekorationen;Wanddeko;;;;;
69304;Wohnen & Einrichten;Wohnaccessoires;Wohndekorationen;Wanddeko;;;;;
69306;Wohnen & Einrichten;Wohnaccessoires;Wohndekorationen;Wanddeko;;;;;
69373;Wohnen & Einrichten;Wohnaccessoires;Wohndekorationen;Wanddeko;Kruzifixe;;;;
69691;Wohnen & Einrichten;Wohnaccessoires;Wohndekorationen;Wanddeko;Ikonen;;;;
69611;Wohnen & Einrichten;Wohnaccessoires;Wohndekorationen;Wanddeko;Wandteppiche;;;;
68927;Wohnen & Einrichten;Wohnaccessoires;Wohndekorationen;Wanddeko;Wandskulpturen;;;;
5321;Wohnen & Einrichten;Wohnaccessoires;Wohndekorationen;Windspiele;;;;;
5101;Wohnen & Einrichten;Wohnaccessoires;Wohndekorationen;Fensterdekos;;;;;
64081;Wohnen & Einrichten;Wohnaccessoires;Wohndekorationen;Fensterfolien;;;;;
69547;Wohnen & Einrichten;Wohnaccessoires;Wohndekorationen;Baumscheiben;;;;;
51771;Wohnen & Einrichten;Wohnaccessoires;Heimtextilien;;;;;;
2451;Wohnen & Einrichten;Wohnaccessoires;Heimtextilien;;;;;;
4951;Wohnen & Einrichten;Wohnaccessoires;Heimtextilien;Badtextilien;;;;;
69693;Wohnen & Einrichten;Wohnaccessoires;Heimtextilien;Badtextilien;;;;;
51761;Wohnen & Einrichten;Wohnaccessoires;Heimtextilien;Badtextilien;;;;;
6801;Wohnen & Einrichten;Wohnaccessoires;Heimtextilien;Badtextilien;Strandtücher;;;;
69692;Wohnen & Einrichten;Wohnaccessoires;Heimtextilien;Badtextilien;Saunakilts;;;;
6771;Wohnen & Einrichten;Wohnaccessoires;Heimtextilien;Badtextilien;Duschtücher;;;;
65231;Wohnen & Einrichten;Wohnaccessoires;Heimtextilien;Badtextilien;WC-Deckelbezüge;;;;
6731;Wohnen & Einrichten;Wohnaccessoires;Heimtextilien;Badtextilien;Handtücher;;;;
6821;Wohnen & Einrichten;Wohnaccessoires;Heimtextilien;Badtextilien;Waschlappen;;;;
4821;Wohnen & Einrichten;Wohnaccessoires;Heimtextilien;Bettwäschen;;;;;
60001;Wohnen & Einrichten;Wohnaccessoires;Heimtextilien;Betttücher;;;;;
62121;Wohnen & Einrichten;Wohnaccessoires;Heimtextilien;Bettwarensets;;;;;
4911;Wohnen & Einrichten;Wohnaccessoires;Heimtextilien;Tagesdecken;;;;;
4861;Wohnen & Einrichten;Wohnaccessoires;Heimtextilien;Decken;;;;;
4941;Wohnen & Einrichten;Wohnaccessoires;Heimtextilien;Hussen;;;;;
4891;Wohnen & Einrichten;Wohnaccessoires;Heimtextilien;Gardinen & Zubehör;;;;;
6631;Wohnen & Einrichten;Wohnaccessoires;Heimtextilien;Gardinen & Zubehör;Gardinenzubehör;;;;
69281;Wohnen & Einrichten;Wohnaccessoires;Heimtextilien;Gardinen & Zubehör;Gardinenzubehör;Gardinenschienen;;;
69672;Wohnen & Einrichten;Wohnaccessoires;Heimtextilien;Gardinen & Zubehör;Gardinenzubehör;Gardinenringe;;;
6661;Wohnen & Einrichten;Wohnaccessoires;Heimtextilien;Gardinen & Zubehör;Gardinenzubehör;Gardinenstangen;;;
69671;Wohnen & Einrichten;Wohnaccessoires;Heimtextilien;Gardinen & Zubehör;Gardinenzubehör;Raffhalter;;;
69282;Wohnen & Einrichten;Wohnaccessoires;Heimtextilien;Gardinen & Zubehör;Gardinenzubehör;Gardinengleiter;;;
58491;Wohnen & Einrichten;Wohnaccessoires;Heimtextilien;Gardinen & Zubehör;Gardinenzubehör;Sonstiges Gardinenzubehör;;;
62071;Wohnen & Einrichten;Wohnaccessoires;Heimtextilien;Gardinen & Zubehör;Türvorhänge;;;;
42661;Wohnen & Einrichten;Wohnaccessoires;Heimtextilien;Gardinen & Zubehör;Gardinen & Vorhänge;;;;
4921;Wohnen & Einrichten;Wohnaccessoires;Heimtextilien;Dekostoffe;;;;;
4811;Wohnen & Einrichten;Wohnaccessoires;Heimtextilien;Bettdecken;;;;;
65711;Wohnen & Einrichten;Wohnaccessoires;Heimtextilien;Stofftischläufer;;;;;
65681;Wohnen & Einrichten;Wohnaccessoires;Heimtextilien;Stofftischdecken;;;;;
4881;Wohnen & Einrichten;Wohnaccessoires;Heimtextilien;Stoffe-Meterwaren;;;;;
4841;Wohnen & Einrichten;Wohnaccessoires;Heimtextilien;Spannbettlaken;;;;;
65721;Wohnen & Einrichten;Wohnaccessoires;Heimtextilien;Papiertischläufer;;;;;
65691;Wohnen & Einrichten;Wohnaccessoires;Heimtextilien;Papiertischdecken;;;;;
4931;Wohnen & Einrichten;Wohnaccessoires;Heimtextilien;Kissenbezüge;;;;;
4831;Wohnen & Einrichten;Wohnaccessoires;Heimtextilien;Kissen;;;;;
69669;Wohnen & Einrichten;Wohnaccessoires;Heimtextilien;Kissen;Badewannenkissen;;;;
67161;Wohnen & Einrichten;Wohnaccessoires;Heimtextilien;Kissen;Sonstige Kissen;;;;
58171;Wohnen & Einrichten;Wohnaccessoires;Heimtextilien;Kissen;Nackenkissen;;;;
57681;Wohnen & Einrichten;Wohnaccessoires;Heimtextilien;Kissen;Sitzkissen;;;;
45111;Wohnen & Einrichten;Wohnaccessoires;Heimtextilien;Kissen;Kopfkissen;;;;
45121;Wohnen & Einrichten;Wohnaccessoires;Heimtextilien;Kissen;Dekokissen;;;;
65701;Wohnen & Einrichten;Wohnaccessoires;Heimtextilien;Kunststofftischdecken;;;;;
4901;Wohnen & Einrichten;Wohnaccessoires;Heimtextilien;Tischläufer;;;;;
4871;Wohnen & Einrichten;Wohnaccessoires;Heimtextilien;Tischdecken;;;;;
66211;Wohnen & Einrichten;Wohnaccessoires;Lampenzubehör;;;;;;
49691;Wohnen & Einrichten;Wohnaccessoires;Lampen;;;;;;
56941;Wohnen & Einrichten;Wohnaccessoires;Lampen;;;;;;
51751;Wohnen & Einrichten;Wohnaccessoires;Lampen;;;;;;
2371;Wohnen & Einrichten;Wohnaccessoires;Lampen;;;;;;
4361;Wohnen & Einrichten;Wohnaccessoires;Lampen;Deckenleuchten;;;;;
4421;Wohnen & Einrichten;Wohnaccessoires;Lampen;Kronleuchter;;;;;
4451;Wohnen & Einrichten;Wohnaccessoires;Lampen;Kinderlampen;;;;;
4381;Wohnen & Einrichten;Wohnaccessoires;Lampen;Dekoleuchten;;;;;
6511;Wohnen & Einrichten;Wohnaccessoires;Lampen;Dekoleuchten;Lichterketten;;;;
68908;Wohnen & Einrichten;Wohnaccessoires;Lampen;Dekoleuchten;LED Streifen;;;;
6471;Wohnen & Einrichten;Wohnaccessoires;Lampen;Dekoleuchten;Lavalampen;;;;
62661;Wohnen & Einrichten;Wohnaccessoires;Lampen;Dekoleuchten;Lichterschläuche;;;;
57011;Wohnen & Einrichten;Wohnaccessoires;Lampen;Dekoleuchten;Sonstige Dekoleuchten;;;;
64421;Wohnen & Einrichten;Wohnaccessoires;Lampen;Dekoleuchten;Partybeleuchtung;;;;
69661;Wohnen & Einrichten;Wohnaccessoires;Lampen;Dekoleuchten;Sternenhimmel Projektoren;;;;
65481;Wohnen & Einrichten;Wohnaccessoires;Lampen;Dekoleuchten;Wassersäulen & Zubehör;;;;
65501;Wohnen & Einrichten;Wohnaccessoires;Lampen;Dekoleuchten;Wassersäulen & Zubehör;Wassersäulenzubehör;;;
65491;Wohnen & Einrichten;Wohnaccessoires;Lampen;Dekoleuchten;Wassersäulen & Zubehör;Wassersäulen;;;
4441;Wohnen & Einrichten;Wohnaccessoires;Lampen;Stehlampen;;;;;
4521;Wohnen & Einrichten;Wohnaccessoires;Lampen;Bodenleuchten;;;;;
51731;Wohnen & Einrichten;Wohnaccessoires;Lampen;Infrarotlampen;;;;;
69504;Wohnen & Einrichten;Wohnaccessoires;Lampen;Spiegelleuchten;;;;;
4471;Wohnen & Einrichten;Wohnaccessoires;Lampen;Nachtlichter;;;;;
68901;Wohnen & Einrichten;Wohnaccessoires;Lampen;Pendelleuchten;;;;;
4461;Wohnen & Einrichten;Wohnaccessoires;Lampen;Lese- und Klemmleuchten;;;;;
4411;Wohnen & Einrichten;Wohnaccessoires;Lampen;Strahler;;;;;
69643;Wohnen & Einrichten;Wohnaccessoires;Lampen;Tischleuchten;;;;;
4371;Wohnen & Einrichten;Wohnaccessoires;Lampen;Tischleuchten;;;;;
69631;Wohnen & Einrichten;Wohnaccessoires;Lampen;Tischleuchten;Bankerlampen;;;;
4531;Wohnen & Einrichten;Wohnaccessoires;Lampen;Tischleuchten;Nachttischlampen;;;;
69707;Wohnen & Einrichten;Wohnaccessoires;Lampen;Tischleuchten;Klassische Tischleuchten;;;;
69630;Wohnen & Einrichten;Wohnaccessoires;Lampen;Tischleuchten;Schreibtischlampen;;;;
4481;Wohnen & Einrichten;Wohnaccessoires;Lampen;Unterbauleuchten;;;;;
4351;Wohnen & Einrichten;Wohnaccessoires;Lampen;Wandleuchten;;;;;
2441;Wohnen & Einrichten;Wohnaccessoires;Spiegel;;;;;;
4781;Wohnen & Einrichten;Wohnaccessoires;Spiegel;Badspiegel;;;;;
4801;Wohnen & Einrichten;Wohnaccessoires;Spiegel;Kosmetikspiegel;;;;;
60921;Wohnen & Einrichten;Wohnaccessoires;Spiegel;Standspiegel;;;;;
4791;Wohnen & Einrichten;Wohnaccessoires;Spiegel;Handspiegel;;;;;
4771;Wohnen & Einrichten;Wohnaccessoires;Spiegel;Wandspiegel;;;;;
65661;Wohnen & Einrichten;Wohnaccessoires;Sonstige Wohnaccessoires;;;;;;
2501;Wohnen & Einrichten;Wohnaccessoires;Ordnen & Sortieren;;;;;;
5071;Wohnen & Einrichten;Wohnaccessoires;Ordnen & Sortieren;Körbe;;;;;
5011;Wohnen & Einrichten;Wohnaccessoires;Ordnen & Sortieren;Kisten;;;;;
5021;Wohnen & Einrichten;Wohnaccessoires;Ordnen & Sortieren;Truhen;;;;;
5051;Wohnen & Einrichten;Wohnaccessoires;Ordnen & Sortieren;Schlüsselkästen;;;;;
5081;Wohnen & Einrichten;Wohnaccessoires;Ordnen & Sortieren;Schlüsselbretter;;;;;
5041;Wohnen & Einrichten;Wohnaccessoires;Ordnen & Sortieren;Zeitungsständer;;;;;
5031;Wohnen & Einrichten;Wohnaccessoires;Ordnen & Sortieren;Ordnungsboxen;;;;;
5091;Wohnen & Einrichten;Wohnaccessoires;Ordnen & Sortieren;Spardosen;;;;;
69766;Wohnen & Einrichten;Wohnaccessoires;Ordnen & Sortieren;Schuhabtropfschalen;;;;;
5061;Wohnen & Einrichten;Wohnaccessoires;Ordnen & Sortieren;Schirmständer;;;;;
64171;Wohnen & Einrichten;Wohnaccessoires;Ordnen & Sortieren;Wandorganizer;;;;;
2421;Wohnen & Einrichten;Wohnaccessoires;Bilder;;;;;;
4681;Wohnen & Einrichten;Wohnaccessoires;Bilder;Acrylbilder;;;;;
4671;Wohnen & Einrichten;Wohnaccessoires;Bilder;Alubilder;;;;;
4731;Wohnen & Einrichten;Wohnaccessoires;Bilder;Kunstdrucke;;;;;
4711;Wohnen & Einrichten;Wohnaccessoires;Bilder;Leinwandbilder;;;;;
4691;Wohnen & Einrichten;Wohnaccessoires;Bilder;Glasbilder;;;;;
4661;Wohnen & Einrichten;Wohnaccessoires;Bilder;Minibilder;;;;;
57031;Wohnen & Einrichten;Wohnaccessoires;Bilder;Sonstige Bilder;;;;;
4721;Wohnen & Einrichten;Wohnaccessoires;Bilder;Ölgemälde;;;;;
4701;Wohnen & Einrichten;Wohnaccessoires;Bilder;Panoramabilder;;;;;
4751;Wohnen & Einrichten;Wohnaccessoires;Bilder;Bilderrahmen;;;;;
4761;Wohnen & Einrichten;Wohnaccessoires;Bilder;Poster;;;;;
4741;Wohnen & Einrichten;Wohnaccessoires;Bilder;Reliefs;;;;;
2411;Wohnen & Einrichten;Wohnaccessoires;Teppiche;;;;;;
4641;Wohnen & Einrichten;Wohnaccessoires;Teppiche;Badematten;;;;;
68989;Wohnen & Einrichten;Wohnaccessoires;Teppiche;Teppichunterlagen;;;;;
69501;Wohnen & Einrichten;Wohnaccessoires;Teppiche;Teppichböden;;;;;
4621;Wohnen & Einrichten;Wohnaccessoires;Teppiche;Kinderteppiche;;;;;
45101;Wohnen & Einrichten;Wohnaccessoires;Teppiche;Hochflorteppiche;;;;;
4631;Wohnen & Einrichten;Wohnaccessoires;Teppiche;Designerteppiche;;;;;
4561;Wohnen & Einrichten;Wohnaccessoires;Teppiche;Fußmatten;;;;;
4581;Wohnen & Einrichten;Wohnaccessoires;Teppiche;Flokatiteppiche;;;;;
69775;Wohnen & Einrichten;Wohnaccessoires;Teppiche;Juteteppiche;;;;;
4611;Wohnen & Einrichten;Wohnaccessoires;Teppiche;Orientteppiche;;;;;
69402;Wohnen & Einrichten;Wohnaccessoires;Teppiche;Outdoorteppiche;;;;;
4601;Wohnen & Einrichten;Wohnaccessoires;Teppiche;Teppichläufer;;;;;
4571;Wohnen & Einrichten;Wohnaccessoires;Teppiche;Kurzflorteppiche;;;;;
62051;Wohnen & Einrichten;Wohnaccessoires;Teppiche;Stufenmatten;;;;;
4591;Wohnen & Einrichten;Wohnaccessoires;Teppiche;Webteppiche;;;;;
9541;Küchenartikel & Haushaltsartikel;;;;;;;;
9941;Küchenartikel & Haushaltsartikel;Haushaltsgeräte;;;;;;;
10981;Küchenartikel & Haushaltsartikel;Haushaltsgeräte;Haushaltsgroßgeräte;;;;;;
34081;Küchenartikel & Haushaltsartikel;Haushaltsgeräte;Haushaltsgroßgeräte;Wäschetrockner;;;;;
66101;Küchenartikel & Haushaltsartikel;Haushaltsgeräte;Haushaltsgroßgeräte;Haushaltsgroßgeräte-Zubehör;;;;;
69319;Küchenartikel & Haushaltsartikel;Haushaltsgeräte;Haushaltsgroßgeräte;Waschtrockner;;;;;
34101;Küchenartikel & Haushaltsartikel;Haushaltsgeräte;Haushaltsgroßgeräte;Waschmaschinen;;;;;
34141;Küchenartikel & Haushaltsartikel;Haushaltsgeräte;Haushaltsgroßgeräte;Waschmaschinen;Frontlader;;;;
34121;Küchenartikel & Haushaltsartikel;Haushaltsgeräte;Haushaltsgroßgeräte;Waschmaschinen;Toplader;;;;
45571;Küchenartikel & Haushaltsartikel;Haushaltsgeräte;Haushaltskleingeräte;;;;;;
10881;Küchenartikel & Haushaltsartikel;Haushaltsgeräte;Haushaltskleingeräte;Klima- und Heizgeräte;;;;;
66781;Küchenartikel & Haushaltsartikel;Haushaltsgeräte;Haushaltskleingeräte;Klima- und Heizgeräte;Klima- & Heizgeräte Zubehör;;;;
31851;Küchenartikel & Haushaltsartikel;Haushaltsgeräte;Haushaltskleingeräte;Klima- und Heizgeräte;Klimaanlagen;;;;
31901;Küchenartikel & Haushaltsartikel;Haushaltsgeräte;Haushaltskleingeräte;Klima- und Heizgeräte;Luftregulierung;;;;
31931;Küchenartikel & Haushaltsartikel;Haushaltsgeräte;Haushaltskleingeräte;Klima- und Heizgeräte;Luftregulierung;Lufttrockner;;;
69572;Küchenartikel & Haushaltsartikel;Haushaltsgeräte;Haushaltskleingeräte;Klima- und Heizgeräte;Luftregulierung;Luftreinigerfilter & -ersatzteile;;;
31971;Küchenartikel & Haushaltsartikel;Haushaltsgeräte;Haushaltskleingeräte;Klima- und Heizgeräte;Luftregulierung;Luftreiniger;;;
31951;Küchenartikel & Haushaltsartikel;Haushaltsgeräte;Haushaltskleingeräte;Klima- und Heizgeräte;Luftregulierung;Luftbefeuchter;;;
69835;Küchenartikel & Haushaltsartikel;Haushaltsgeräte;Haushaltskleingeräte;Klima- und Heizgeräte;Luftregulierung;Lüftungsanlagen;;;
69759;Küchenartikel & Haushaltsartikel;Haushaltsgeräte;Haushaltskleingeräte;Klima- und Heizgeräte;Luftentfeuchter Granulate;;;;
31881;Küchenartikel & Haushaltsartikel;Haushaltsgeräte;Haushaltskleingeräte;Klima- und Heizgeräte;Ventilatoren;;;;
62061;Küchenartikel & Haushaltsartikel;Haushaltsgeräte;Haushaltskleingeräte;Klima- und Heizgeräte;Ventilatoren;Einbauventilatoren;;;
41871;Küchenartikel & Haushaltsartikel;Haushaltsgeräte;Haushaltskleingeräte;Klima- und Heizgeräte;Ventilatoren;Deckenventilatoren;;;
60991;Küchenartikel & Haushaltsartikel;Haushaltsgeräte;Haushaltskleingeräte;Klima- und Heizgeräte;Ventilatoren;Handventilatoren;;;
41881;Küchenartikel & Haushaltsartikel;Haushaltsgeräte;Haushaltskleingeräte;Klima- und Heizgeräte;Ventilatoren;Standventilatoren;;;
41891;Küchenartikel & Haushaltsartikel;Haushaltsgeräte;Haushaltskleingeräte;Klima- und Heizgeräte;Ventilatoren;Tischventilatoren;;;
41901;Küchenartikel & Haushaltsartikel;Haushaltsgeräte;Haushaltskleingeräte;Klima- und Heizgeräte;Ventilatoren;Turmventilatoren;;;
69623;Küchenartikel & Haushaltsartikel;Haushaltsgeräte;Haushaltskleingeräte;Klima- und Heizgeräte;Heizgeräte;;;;
52491;Küchenartikel & Haushaltsartikel;Haushaltsgeräte;Haushaltskleingeräte;Klima- und Heizgeräte;Heizgeräte;;;;
56291;Küchenartikel & Haushaltsartikel;Haushaltsgeräte;Haushaltskleingeräte;Klima- und Heizgeräte;Heizgeräte;;;;
49641;Küchenartikel & Haushaltsartikel;Haushaltsgeräte;Haushaltskleingeräte;Klima- und Heizgeräte;Heizgeräte;;;;
31761;Küchenartikel & Haushaltsartikel;Haushaltsgeräte;Haushaltskleingeräte;Klima- und Heizgeräte;Heizgeräte;;;;
31831;Küchenartikel & Haushaltsartikel;Haushaltsgeräte;Haushaltskleingeräte;Klima- und Heizgeräte;Heizgeräte;Konvektoren & Radiatoren;;;
31841;Küchenartikel & Haushaltsartikel;Haushaltsgeräte;Haushaltskleingeräte;Klima- und Heizgeräte;Heizgeräte;Heizlüfter;;;
52081;Küchenartikel & Haushaltsartikel;Haushaltsgeräte;Haushaltskleingeräte;Reinigungsgeräte;;;;;
10941;Küchenartikel & Haushaltsartikel;Haushaltsgeräte;Haushaltskleingeräte;Reinigungsgeräte;;;;;
52091;Küchenartikel & Haushaltsartikel;Haushaltsgeräte;Haushaltskleingeräte;Reinigungsgeräte;;;;;
52101;Küchenartikel & Haushaltsartikel;Haushaltsgeräte;Haushaltskleingeräte;Reinigungsgeräte;;;;;
31981;Küchenartikel & Haushaltsartikel;Haushaltsgeräte;Haushaltskleingeräte;Reinigungsgeräte;Schuhputzmaschinen;;;;
31991;Küchenartikel & Haushaltsartikel;Haushaltsgeräte;Haushaltskleingeräte;Reinigungsgeräte;Dampfreiniger;;;;
63121;Küchenartikel & Haushaltsartikel;Haushaltsgeräte;Haushaltskleingeräte;Reinigungsgeräte;Ultraschallreiniger;;;;
32001;Küchenartikel & Haushaltsartikel;Haushaltsgeräte;Haushaltskleingeräte;Reinigungsgeräte;Staubsauger & Zubehör;;;;
32041;Küchenartikel & Haushaltsartikel;Haushaltsgeräte;Haushaltskleingeräte;Reinigungsgeräte;Staubsauger & Zubehör;Staubsaugerzubehör;;;
58791;Küchenartikel & Haushaltsartikel;Haushaltsgeräte;Haushaltskleingeräte;Reinigungsgeräte;Staubsauger & Zubehör;Staubsaugerzubehör;Sonstiges Staubsaugerzubehör;;
22691;Küchenartikel & Haushaltsartikel;Haushaltsgeräte;Haushaltskleingeräte;Reinigungsgeräte;Staubsauger & Zubehör;Staubsaugerzubehör;Staubsaugerbeutel;;
32091;Küchenartikel & Haushaltsartikel;Haushaltsgeräte;Haushaltskleingeräte;Reinigungsgeräte;Staubsauger & Zubehör;Staubsaugerzubehör;Staubsaugeraufsätze;;
60491;Küchenartikel & Haushaltsartikel;Haushaltsgeräte;Haushaltskleingeräte;Reinigungsgeräte;Staubsauger & Zubehör;Staubsaugerzubehör;Staubsaugerfilter;;
32061;Küchenartikel & Haushaltsartikel;Haushaltsgeräte;Haushaltskleingeräte;Reinigungsgeräte;Staubsauger & Zubehör;Staubsaugerzubehör;Staubsaugerschläuche;;
52111;Küchenartikel & Haushaltsartikel;Haushaltsgeräte;Haushaltskleingeräte;Reinigungsgeräte;Staubsauger & Zubehör;Staubsauger;;;
41781;Küchenartikel & Haushaltsartikel;Haushaltsgeräte;Haushaltskleingeräte;Reinigungsgeräte;Staubsauger & Zubehör;Staubsauger;;;
68999;Küchenartikel & Haushaltsartikel;Haushaltsgeräte;Haushaltskleingeräte;Reinigungsgeräte;Staubsauger & Zubehör;Staubsauger;Zentralstaubsauger;;
32021;Küchenartikel & Haushaltsartikel;Haushaltsgeräte;Haushaltskleingeräte;Reinigungsgeräte;Staubsauger & Zubehör;Staubsauger;Handstaubsauger;;
32011;Küchenartikel & Haushaltsartikel;Haushaltsgeräte;Haushaltskleingeräte;Reinigungsgeräte;Staubsauger & Zubehör;Staubsauger;Staubsauger Roboter;;
32031;Küchenartikel & Haushaltsartikel;Haushaltsgeräte;Haushaltskleingeräte;Reinigungsgeräte;Staubsauger & Zubehör;Staubsauger;Bodenstaubsauger;;
68998;Küchenartikel & Haushaltsartikel;Haushaltsgeräte;Haushaltskleingeräte;Reinigungsgeräte;Staubsauger & Zubehör;Staubsauger;Wasserstaubsauger;;
69532;Küchenartikel & Haushaltsartikel;Haushaltsgeräte;Haushaltskleingeräte;Reinigungsgeräte;Fensterputzroboter;;;;
10821;Küchenartikel & Haushaltsartikel;Haushaltsgeräte;Haushaltskleingeräte;Bügeleisen;;;;;
62761;Küchenartikel & Haushaltsartikel;Haushaltsgeräte;Haushaltskleingeräte;Bügeleisen;Trockenbügeleisen;;;;
41851;Küchenartikel & Haushaltsartikel;Haushaltsgeräte;Haushaltskleingeräte;Bügeleisen;Dampfbügelstationen;;;;
41841;Küchenartikel & Haushaltsartikel;Haushaltsgeräte;Haushaltskleingeräte;Bügeleisen;Dampfbügeleisen;;;;
53381;Küchenartikel & Haushaltsartikel;Haushaltsgeräte;Haushaltskleingeräte;Bügeleisen;Dampfglätter;;;;
41861;Küchenartikel & Haushaltsartikel;Haushaltsgeräte;Haushaltskleingeräte;Bügeleisen;Reisebügeleisen;;;;
55601;Küchenartikel & Haushaltsartikel;Haushaltsgeräte;Haushaltskleingeräte;Körperpflegegeräte;;;;;
53391;Küchenartikel & Haushaltsartikel;Haushaltsgeräte;Haushaltskleingeräte;Körperpflegegeräte;;;;;
53401;Küchenartikel & Haushaltsartikel;Haushaltsgeräte;Haushaltskleingeräte;Körperpflegegeräte;;;;;
55621;Küchenartikel & Haushaltsartikel;Haushaltsgeräte;Haushaltskleingeräte;Körperpflegegeräte;;;;;
55611;Küchenartikel & Haushaltsartikel;Haushaltsgeräte;Haushaltskleingeräte;Körperpflegegeräte;;;;;
67411;Küchenartikel & Haushaltsartikel;Haushaltsgeräte;Haushaltskleingeräte;Körperpflegegeräte;Laser-Haarentferner;;;;
67882;Küchenartikel & Haushaltsartikel;Haushaltsgeräte;Haushaltskleingeräte;Körperpflegegeräte;Sonstige Körperpflegegeräte;;;;
10971;Küchenartikel & Haushaltsartikel;Haushaltsgeräte;Haushaltskleingeräte;Waagen;;;;;
32691;Küchenartikel & Haushaltsartikel;Haushaltsgeräte;Haushaltskleingeräte;Waagen;Küchenwaagen;;;;
32781;Küchenartikel & Haushaltsartikel;Haushaltsgeräte;Haushaltskleingeräte;Waagen;Präzisionswaagen;;;;
32811;Küchenartikel & Haushaltsartikel;Haushaltsgeräte;Haushaltskleingeräte;Waagen;Dosierwaagen;;;;
69434;Küchenartikel & Haushaltsartikel;Haushaltsgeräte;Haushaltskleingeräte;Nähmaschinen & Zubehör;;;;;
69435;Küchenartikel & Haushaltsartikel;Haushaltsgeräte;Haushaltskleingeräte;Nähmaschinen & Zubehör;Nähmaschinenzubehör;;;;
10911;Küchenartikel & Haushaltsartikel;Haushaltsgeräte;Haushaltskleingeräte;Nähmaschinen & Zubehör;Nähmaschinen;;;;
10961;Küchenartikel & Haushaltsartikel;Haushaltsgeräte;Haushaltskleingeräte;Thermometer;;;;;
32571;Küchenartikel & Haushaltsartikel;Haushaltsgeräte;Haushaltskleingeräte;Thermometer;Badethermometer;;;;
32531;Küchenartikel & Haushaltsartikel;Haushaltsgeräte;Haushaltskleingeräte;Thermometer;Fieberthermometer;;;;
32641;Küchenartikel & Haushaltsartikel;Haushaltsgeräte;Haushaltskleingeräte;Thermometer;Klimamessgeräte;;;;
60911;Küchenartikel & Haushaltsartikel;Haushaltsgeräte;Haushaltskleingeräte;Thermometer;Kühlschrankthermometer;;;;
32491;Küchenartikel & Haushaltsartikel;Haushaltsgeräte;Haushaltskleingeräte;Thermometer;Innenthermometer;;;;
32551;Küchenartikel & Haushaltsartikel;Haushaltsgeräte;Haushaltskleingeräte;Thermometer;Bratenthermometer;;;;
66461;Küchenartikel & Haushaltsartikel;Haushaltsgeräte;Haushaltskleingeräte;Thermometer;Sonstige Thermometer;;;;
32611;Küchenartikel & Haushaltsartikel;Haushaltsgeräte;Haushaltskleingeräte;Thermometer;Außenthermometer;;;;
32581;Küchenartikel & Haushaltsartikel;Haushaltsgeräte;Haushaltskleingeräte;Thermometer;Backofenthermometer;;;;
32111;Küchenartikel & Haushaltsartikel;Haushaltsgeräte;Haushaltskleingeräte;Thermometer;Poolthermometer;;;;
58671;Küchenartikel & Haushaltsartikel;Haushaltsgeräte;Haushaltskleingeräte;Thermometer;Teethermometer;;;;
32131;Küchenartikel & Haushaltsartikel;Haushaltsgeräte;Haushaltskleingeräte;Thermometer;Weinthermometer;;;;
56281;Küchenartikel & Haushaltsartikel;Haushaltswaren;;;;;;;
51941;Küchenartikel & Haushaltsartikel;Haushaltswaren;;;;;;;
9931;Küchenartikel & Haushaltsartikel;Haushaltswaren;;;;;;;
55541;Küchenartikel & Haushaltsartikel;Haushaltswaren;;;;;;;
55561;Küchenartikel & Haushaltsartikel;Haushaltswaren;;;;;;;
56931;Küchenartikel & Haushaltsartikel;Haushaltswaren;;;;;;;
10811;Küchenartikel & Haushaltsartikel;Haushaltswaren;Wecker & Uhren;;;;;;
31001;Küchenartikel & Haushaltsartikel;Haushaltswaren;Wecker & Uhren;Wecker;;;;;
31021;Küchenartikel & Haushaltsartikel;Haushaltswaren;Wecker & Uhren;Standuhren;;;;;
56771;Küchenartikel & Haushaltsartikel;Haushaltswaren;Wecker & Uhren;Tischuhren;;;;;
31051;Küchenartikel & Haushaltsartikel;Haushaltswaren;Wecker & Uhren;Wanduhren;;;;;
10731;Küchenartikel & Haushaltsartikel;Haushaltswaren;Bastelbedarf;;;;;;
23511;Küchenartikel & Haushaltsartikel;Haushaltswaren;Bastelbedarf;Künstlerfarben;;;;;
51971;Küchenartikel & Haushaltsartikel;Haushaltswaren;Bastelbedarf;Künstlerfarben;;;;;
51991;Küchenartikel & Haushaltsartikel;Haushaltswaren;Bastelbedarf;Künstlerfarben;;;;;
51981;Küchenartikel & Haushaltsartikel;Haushaltswaren;Bastelbedarf;Künstlerfarben;;;;;
51961;Küchenartikel & Haushaltsartikel;Haushaltswaren;Bastelbedarf;Künstlerfarben;;;;;
52001;Küchenartikel & Haushaltsartikel;Haushaltswaren;Bastelbedarf;Künstlerfarben;;;;;
41191;Küchenartikel & Haushaltsartikel;Haushaltswaren;Bastelbedarf;Künstlerfarben;Acrylfarben;;;;
60651;Küchenartikel & Haushaltsartikel;Haushaltswaren;Bastelbedarf;Künstlerfarben;Airbrush-Farben;;;;
41211;Küchenartikel & Haushaltsartikel;Haushaltswaren;Bastelbedarf;Künstlerfarben;Bastelfarben;;;;
41221;Küchenartikel & Haushaltsartikel;Haushaltswaren;Bastelbedarf;Künstlerfarben;Fingerfarben;;;;
41251;Küchenartikel & Haushaltsartikel;Haushaltswaren;Bastelbedarf;Künstlerfarben;Leuchtfarben;;;;
69741;Küchenartikel & Haushaltsartikel;Haushaltswaren;Bastelbedarf;Künstlerfarben;Lederfarben;;;;
66441;Küchenartikel & Haushaltsartikel;Haushaltswaren;Bastelbedarf;Künstlerfarben;Sonstige Künstlerfarben;;;;
41231;Küchenartikel & Haushaltsartikel;Haushaltswaren;Bastelbedarf;Künstlerfarben;Ölfarben;;;;
41151;Küchenartikel & Haushaltsartikel;Haushaltswaren;Bastelbedarf;Künstlerfarben;Ölpastellkreiden;;;;
41141;Küchenartikel & Haushaltsartikel;Haushaltswaren;Bastelbedarf;Künstlerfarben;Deckweiß;;;;
62031;Küchenartikel & Haushaltsartikel;Haushaltswaren;Bastelbedarf;Künstlerfarben;Seidenmalfarben;;;;
41201;Küchenartikel & Haushaltsartikel;Haushaltswaren;Bastelbedarf;Künstlerfarben;Textilfarben;;;;
41171;Küchenartikel & Haushaltsartikel;Haushaltswaren;Bastelbedarf;Künstlerfarben;Batikfarben;;;;
58891;Küchenartikel & Haushaltsartikel;Haushaltswaren;Bastelbedarf;Künstlerfarben;Aquarellfarben;;;;
41181;Küchenartikel & Haushaltsartikel;Haushaltswaren;Bastelbedarf;Künstlerfarben;Wasserfarben;;;;
41161;Küchenartikel & Haushaltsartikel;Haushaltswaren;Bastelbedarf;Künstlerfarben;Wachsmalkreiden;;;;
23411;Küchenartikel & Haushaltsartikel;Haushaltswaren;Bastelbedarf;Bastel- & Malpapiere;;;;;
41131;Küchenartikel & Haushaltsartikel;Haushaltswaren;Bastelbedarf;Bastel- & Malpapiere;Tonpapier;;;;
41121;Küchenartikel & Haushaltsartikel;Haushaltswaren;Bastelbedarf;Bastel- & Malpapiere;Wellpappe;;;;
41111;Küchenartikel & Haushaltsartikel;Haushaltswaren;Bastelbedarf;Bastel- & Malpapiere;Krepppapier;;;;
41081;Küchenartikel & Haushaltsartikel;Haushaltswaren;Bastelbedarf;Bastel- & Malpapiere;Zeichenblöcke;;;;
41101;Küchenartikel & Haushaltsartikel;Haushaltswaren;Bastelbedarf;Bastel- & Malpapiere;Transparentpapier;;;;
41091;Küchenartikel & Haushaltsartikel;Haushaltswaren;Bastelbedarf;Bastel- & Malpapiere;Aquarellpapier;;;;
52031;Küchenartikel & Haushaltsartikel;Haushaltswaren;Bastelbedarf;Bastelmaterial;;;;;
52021;Küchenartikel & Haushaltsartikel;Haushaltswaren;Bastelbedarf;Bastelmaterial;;;;;
52011;Küchenartikel & Haushaltsartikel;Haushaltswaren;Bastelbedarf;Bastelmaterial;;;;;
23521;Küchenartikel & Haushaltsartikel;Haushaltswaren;Bastelbedarf;Bastelmaterial;;;;;
23571;Küchenartikel & Haushaltsartikel;Haushaltswaren;Bastelbedarf;Bastelmaterial;Künstlerpinsel;;;;
68938;Küchenartikel & Haushaltsartikel;Haushaltswaren;Bastelbedarf;Bastelmaterial;Bastelschmuck;;;;
68945;Küchenartikel & Haushaltsartikel;Haushaltswaren;Bastelbedarf;Bastelmaterial;Bastelschmuck;;;;
68939;Küchenartikel & Haushaltsartikel;Haushaltswaren;Bastelbedarf;Bastelmaterial;Bastelschmuck;Armbänder & Colliers;;;
68943;Küchenartikel & Haushaltsartikel;Haushaltswaren;Bastelbedarf;Bastelmaterial;Bastelschmuck;Verschlüsse;;;
68940;Küchenartikel & Haushaltsartikel;Haushaltswaren;Bastelbedarf;Bastelmaterial;Bastelschmuck;Kristalle;;;
68941;Küchenartikel & Haushaltsartikel;Haushaltswaren;Bastelbedarf;Bastelmaterial;Bastelschmuck;Schmucksteine;;;
68942;Küchenartikel & Haushaltsartikel;Haushaltswaren;Bastelbedarf;Bastelmaterial;Bastelschmuck;Semi- & Kombinationsanhänger;;;
68946;Küchenartikel & Haushaltsartikel;Haushaltswaren;Bastelbedarf;Bastelmaterial;Bastelschmuck;Sonstiger Bastelschmuck;;;
41311;Küchenartikel & Haushaltsartikel;Haushaltswaren;Bastelbedarf;Bastelmaterial;Perlen;;;;
41361;Küchenartikel & Haushaltsartikel;Haushaltswaren;Bastelbedarf;Bastelmaterial;Schleifen;;;;
69505;Küchenartikel & Haushaltsartikel;Haushaltswaren;Bastelbedarf;Bastelmaterial;Kerzengießformen;;;;
69540;Küchenartikel & Haushaltsartikel;Haushaltswaren;Bastelbedarf;Bastelmaterial;Kerzenwachs;;;;
69570;Küchenartikel & Haushaltsartikel;Haushaltswaren;Bastelbedarf;Bastelmaterial;Kerzendochte;;;;
23641;Küchenartikel & Haushaltsartikel;Haushaltswaren;Bastelbedarf;Bastelmaterial;Leinwände & Keilrahmen;;;;
69781;Küchenartikel & Haushaltsartikel;Haushaltswaren;Bastelbedarf;Bastelmaterial;Gießharze;;;;
41331;Küchenartikel & Haushaltsartikel;Haushaltswaren;Bastelbedarf;Bastelmaterial;Kordeln;;;;
62971;Küchenartikel & Haushaltsartikel;Haushaltswaren;Bastelbedarf;Bastelmaterial;Schnüre;;;;
41291;Küchenartikel & Haushaltsartikel;Haushaltswaren;Bastelbedarf;Bastelmaterial;Bastelfolien;;;;
23631;Küchenartikel & Haushaltsartikel;Haushaltswaren;Bastelbedarf;Bastelmaterial;Bastelsets;;;;
23771;Küchenartikel & Haushaltsartikel;Haushaltswaren;Bastelbedarf;Bastelmaterial;Bastelmesser;;;;
41391;Küchenartikel & Haushaltsartikel;Haushaltswaren;Bastelbedarf;Bastelmaterial;Basteldrähte;;;;
69300;Küchenartikel & Haushaltsartikel;Haushaltswaren;Bastelbedarf;Bastelmaterial;Staffeleien;;;;
41271;Küchenartikel & Haushaltsartikel;Haushaltswaren;Bastelbedarf;Bastelmaterial;Federn;;;;
41301;Küchenartikel & Haushaltsartikel;Haushaltswaren;Bastelbedarf;Bastelmaterial;Bastelvliese;;;;
41381;Küchenartikel & Haushaltsartikel;Haushaltswaren;Bastelbedarf;Bastelmaterial;Steckschaum;;;;
23551;Küchenartikel & Haushaltsartikel;Haushaltswaren;Bastelbedarf;Bastelmaterial;Moosgummi;;;;
69536;Küchenartikel & Haushaltsartikel;Haushaltswaren;Bastelbedarf;Bastelmaterial;Wackelaugen;;;;
62321;Küchenartikel & Haushaltsartikel;Haushaltswaren;Bastelbedarf;Bastelmaterial;Heißklebepistolen & Zubehör;;;;
62351;Küchenartikel & Haushaltsartikel;Haushaltswaren;Bastelbedarf;Bastelmaterial;Heißklebepistolen & Zubehör;Heißklebepatronen;;;
62331;Küchenartikel & Haushaltsartikel;Haushaltswaren;Bastelbedarf;Bastelmaterial;Heißklebepistolen & Zubehör;Heißklebepistolen;;;
45541;Küchenartikel & Haushaltsartikel;Haushaltswaren;Bastelbedarf;Bastelmaterial;Sonstiges Bastelmaterial;;;;
41401;Küchenartikel & Haushaltsartikel;Haushaltswaren;Bastelbedarf;Bastelmaterial;Modelliermassen;;;;
41351;Küchenartikel & Haushaltsartikel;Haushaltswaren;Bastelbedarf;Bastelmaterial;Modellierformen;;;;
41371;Küchenartikel & Haushaltsartikel;Haushaltswaren;Bastelbedarf;Bastelmaterial;Mosaiksteine;;;;
59431;Küchenartikel & Haushaltsartikel;Haushaltswaren;Bastelbedarf;Bastelmaterial;Pinselbecher;;;;
23681;Küchenartikel & Haushaltsartikel;Haushaltswaren;Bastelbedarf;Bastelmaterial;Plastikartikel;;;;
41261;Küchenartikel & Haushaltsartikel;Haushaltswaren;Bastelbedarf;Bastelmaterial;Bast;;;;
41321;Küchenartikel & Haushaltsartikel;Haushaltswaren;Bastelbedarf;Bastelmaterial;Bänder;;;;
41491;Küchenartikel & Haushaltsartikel;Haushaltswaren;Bastelbedarf;Bastelmaterial;Schultüten;;;;
58801;Küchenartikel & Haushaltsartikel;Haushaltswaren;Bastelbedarf;Bastelmaterial;Schablonen;;;;
23661;Küchenartikel & Haushaltsartikel;Haushaltswaren;Bastelbedarf;Bastelmaterial;Styroporartikel;;;;
23751;Küchenartikel & Haushaltsartikel;Haushaltswaren;Bastelbedarf;Bastelmaterial;Window Color;;;;
9441;Küchenartikel & Haushaltsartikel;Haushaltswaren;Bastelbedarf;Bastelmaterial;Holzperlen;;;;
23651;Küchenartikel & Haushaltsartikel;Haushaltswaren;Bastelbedarf;Bastelmaterial;Holzartikel;;;;
41341;Küchenartikel & Haushaltsartikel;Haushaltswaren;Bastelbedarf;Bastelmaterial;Wolle;;;;
10671;Küchenartikel & Haushaltsartikel;Haushaltswaren;Eimer;;;;;;
56301;Küchenartikel & Haushaltsartikel;Haushaltswaren;Eimer;;;;;;
63171;Küchenartikel & Haushaltsartikel;Haushaltswaren;Eimer;;;;;;
69464;Küchenartikel & Haushaltsartikel;Haushaltswaren;Eimer;Badezimmermülleimer;;;;;
68022;Küchenartikel & Haushaltsartikel;Haushaltswaren;Eimer;Müllsackständer;;;;;
23281;Küchenartikel & Haushaltsartikel;Haushaltswaren;Eimer;Putzeimer;;;;;
23291;Küchenartikel & Haushaltsartikel;Haushaltswaren;Eimer;Baueimer;;;;;
69463;Küchenartikel & Haushaltsartikel;Haushaltswaren;Eimer;Tischmülleimer;;;;;
23301;Küchenartikel & Haushaltsartikel;Haushaltswaren;Eimer;Mülleimer;;;;;
23271;Küchenartikel & Haushaltsartikel;Haushaltswaren;Eimer;Mülltonnen;;;;;
10571;Küchenartikel & Haushaltsartikel;Haushaltswaren;Putz- & Waschartikel;;;;;;
22571;Küchenartikel & Haushaltsartikel;Haushaltswaren;Putz- & Waschartikel;Putz- & Pflegemittel;;;;;
55521;Küchenartikel & Haushaltsartikel;Haushaltswaren;Putz- & Waschartikel;Putz- & Pflegemittel;;;;;
37211;Küchenartikel & Haushaltsartikel;Haushaltswaren;Putz- & Waschartikel;Putz- & Pflegemittel;Reinigungstücher;;;;
69088;Küchenartikel & Haushaltsartikel;Haushaltswaren;Putz- & Waschartikel;Putz- & Pflegemittel;Reinigungsmittel;;;;
36701;Küchenartikel & Haushaltsartikel;Haushaltswaren;Putz- & Waschartikel;Putz- & Pflegemittel;Reinigungsmittel;;;;
36801;Küchenartikel & Haushaltsartikel;Haushaltswaren;Putz- & Waschartikel;Putz- & Pflegemittel;Reinigungsmittel;Allzweckreiniger;;;
36721;Küchenartikel & Haushaltsartikel;Haushaltswaren;Putz- & Waschartikel;Putz- & Pflegemittel;Reinigungsmittel;Badreiniger;;;
68995;Küchenartikel & Haushaltsartikel;Haushaltswaren;Putz- & Waschartikel;Putz- & Pflegemittel;Reinigungsmittel;Glaskeramikfeldreiniger;;;
36751;Küchenartikel & Haushaltsartikel;Haushaltswaren;Putz- & Waschartikel;Putz- & Pflegemittel;Reinigungsmittel;Spülmaschinentabs;;;
57891;Küchenartikel & Haushaltsartikel;Haushaltswaren;Putz- & Waschartikel;Putz- & Pflegemittel;Reinigungsmittel;Rohrreiniger;;;
36781;Küchenartikel & Haushaltsartikel;Haushaltswaren;Putz- & Waschartikel;Putz- & Pflegemittel;Reinigungsmittel;Fußbodenreiniger;;;
36761;Küchenartikel & Haushaltsartikel;Haushaltswaren;Putz- & Waschartikel;Putz- & Pflegemittel;Reinigungsmittel;Glasreiniger;;;
59891;Küchenartikel & Haushaltsartikel;Haushaltswaren;Putz- & Waschartikel;Putz- & Pflegemittel;Reinigungsmittel;Sonstige Reinigungsmittel;;;
36831;Küchenartikel & Haushaltsartikel;Haushaltswaren;Putz- & Waschartikel;Putz- & Pflegemittel;Reinigungsmittel;Backofenreiniger;;;
36841;Küchenartikel & Haushaltsartikel;Haushaltswaren;Putz- & Waschartikel;Putz- & Pflegemittel;Reinigungsmittel;Parkettreiniger;;;
36851;Küchenartikel & Haushaltsartikel;Haushaltswaren;Putz- & Waschartikel;Putz- & Pflegemittel;Reinigungsmittel;Kunststoffreiniger;;;
57601;Küchenartikel & Haushaltsartikel;Haushaltswaren;Putz- & Waschartikel;Putz- & Pflegemittel;Reinigungsmittel;Klarspüler;;;
36861;Küchenartikel & Haushaltsartikel;Haushaltswaren;Putz- & Waschartikel;Putz- & Pflegemittel;Reinigungsmittel;Edelstahlreiniger;;;
36741;Küchenartikel & Haushaltsartikel;Haushaltswaren;Putz- & Waschartikel;Putz- & Pflegemittel;Reinigungsmittel;WC-Reiniger;;;
36711;Küchenartikel & Haushaltsartikel;Haushaltswaren;Putz- & Waschartikel;Putz- & Pflegemittel;Reinigungsmittel;Spülmittel;;;
36951;Küchenartikel & Haushaltsartikel;Haushaltswaren;Putz- & Waschartikel;Putz- & Pflegemittel;Entkalker;;;;
36881;Küchenartikel & Haushaltsartikel;Haushaltswaren;Putz- & Waschartikel;Putz- & Pflegemittel;Waschmittel;;;;
36891;Küchenartikel & Haushaltsartikel;Haushaltswaren;Putz- & Waschartikel;Putz- & Pflegemittel;Waschmittel;Weichspüler;;;
69829;Küchenartikel & Haushaltsartikel;Haushaltswaren;Putz- & Waschartikel;Putz- & Pflegemittel;Waschmittel;Wäscheparfüms;;;
36921;Küchenartikel & Haushaltsartikel;Haushaltswaren;Putz- & Waschartikel;Putz- & Pflegemittel;Waschmittel;Flüssigwaschmittel;;;
36941;Küchenartikel & Haushaltsartikel;Haushaltswaren;Putz- & Waschartikel;Putz- & Pflegemittel;Waschmittel;Waschmaschinentabs;;;
36911;Küchenartikel & Haushaltsartikel;Haushaltswaren;Putz- & Waschartikel;Putz- & Pflegemittel;Waschmittel;Waschpulver;;;
58861;Küchenartikel & Haushaltsartikel;Haushaltswaren;Putz- & Waschartikel;Putz- & Pflegemittel;Schimmelentferner;;;;
37201;Küchenartikel & Haushaltsartikel;Haushaltswaren;Putz- & Waschartikel;Putz- & Pflegemittel;Lufterfrischer;;;;
37021;Küchenartikel & Haushaltsartikel;Haushaltswaren;Putz- & Waschartikel;Putz- & Pflegemittel;Textil-, Schuh- und Polsterreiniger;;;;
37131;Küchenartikel & Haushaltsartikel;Haushaltswaren;Putz- & Waschartikel;Putz- & Pflegemittel;Textil-, Schuh- und Polsterreiniger;Teppichreiniger;;;
37161;Küchenartikel & Haushaltsartikel;Haushaltswaren;Putz- & Waschartikel;Putz- & Pflegemittel;Textil-, Schuh- und Polsterreiniger;Lederreiniger;;;
37191;Küchenartikel & Haushaltsartikel;Haushaltswaren;Putz- & Waschartikel;Putz- & Pflegemittel;Textil-, Schuh- und Polsterreiniger;Fusselbürsten;;;
65071;Küchenartikel & Haushaltsartikel;Haushaltswaren;Putz- & Waschartikel;Putz- & Pflegemittel;Textil-, Schuh- und Polsterreiniger;Sonstige Schuhpflege;;;
62041;Küchenartikel & Haushaltsartikel;Haushaltswaren;Putz- & Waschartikel;Putz- & Pflegemittel;Textil-, Schuh- und Polsterreiniger;Schuhbürsten;;;
37171;Küchenartikel & Haushaltsartikel;Haushaltswaren;Putz- & Waschartikel;Putz- & Pflegemittel;Textil-, Schuh- und Polsterreiniger;Schuhcreme;;;
37141;Küchenartikel & Haushaltsartikel;Haushaltswaren;Putz- & Waschartikel;Putz- & Pflegemittel;Textil-, Schuh- und Polsterreiniger;Textilpflegemittel;;;
37151;Küchenartikel & Haushaltsartikel;Haushaltswaren;Putz- & Waschartikel;Putz- & Pflegemittel;Textil-, Schuh- und Polsterreiniger;Polsterreiniger;;;
37181;Küchenartikel & Haushaltsartikel;Haushaltswaren;Putz- & Waschartikel;Putz- & Pflegemittel;Textil-, Schuh- und Polsterreiniger;Imprägnierspray;;;
37001;Küchenartikel & Haushaltsartikel;Haushaltswaren;Putz- & Waschartikel;Putz- & Pflegemittel;Holz- & Möbelpflege;;;;
37081;Küchenartikel & Haushaltsartikel;Haushaltswaren;Putz- & Waschartikel;Putz- & Pflegemittel;Holz- & Möbelpflege;Möbelpflegemittel;;;
63141;Küchenartikel & Haushaltsartikel;Haushaltswaren;Putz- & Waschartikel;Putz- & Pflegemittel;Holz- & Möbelpflege;Metall- & Filzgleiter;;;
37091;Küchenartikel & Haushaltsartikel;Haushaltswaren;Putz- & Waschartikel;Putz- & Pflegemittel;Holz- & Möbelpflege;Parkettpflege;;;
65251;Küchenartikel & Haushaltsartikel;Haushaltswaren;Putz- & Waschartikel;Putz- & Pflegemittel;Holz- & Möbelpflege;Holzreiniger;;;
37061;Küchenartikel & Haushaltsartikel;Haushaltswaren;Putz- & Waschartikel;Putz- & Pflegemittel;Holz- & Möbelpflege;Holzöle;;;
70166;Küchenartikel & Haushaltsartikel;Haushaltswaren;Putz- & Waschartikel;Putz- & Pflegemittel;Holz- & Möbelpflege;Holzbeize;;;
37041;Küchenartikel & Haushaltsartikel;Haushaltswaren;Putz- & Waschartikel;Putz- & Pflegemittel;Holz- & Möbelpflege;Holzlasuren;;;
37071;Küchenartikel & Haushaltsartikel;Haushaltswaren;Putz- & Waschartikel;Putz- & Pflegemittel;Holz- & Möbelpflege;Holzwachse;;;
49671;Küchenartikel & Haushaltsartikel;Haushaltswaren;Putz- & Waschartikel;Putzutensilien;;;;;
22581;Küchenartikel & Haushaltsartikel;Haushaltswaren;Putz- & Waschartikel;Putzutensilien;;;;;
55531;Küchenartikel & Haushaltsartikel;Haushaltswaren;Putz- & Waschartikel;Putzutensilien;;;;;
37261;Küchenartikel & Haushaltsartikel;Haushaltswaren;Putz- & Waschartikel;Putzutensilien;Besen;;;;
37431;Küchenartikel & Haushaltsartikel;Haushaltswaren;Putz- & Waschartikel;Putzutensilien;Reinigungsbürsten;;;;
37371;Küchenartikel & Haushaltsartikel;Haushaltswaren;Putz- & Waschartikel;Putzutensilien;Putztücher;;;;
45421;Küchenartikel & Haushaltsartikel;Haushaltswaren;Putz- & Waschartikel;Putzutensilien;Putztücher;Baumwolltücher;;;
37391;Küchenartikel & Haushaltsartikel;Haushaltswaren;Putz- & Waschartikel;Putzutensilien;Putztücher;Mikrofasertücher;;;
63181;Küchenartikel & Haushaltsartikel;Haushaltswaren;Putz- & Waschartikel;Putzutensilien;Putzsets;;;;
37311;Küchenartikel & Haushaltsartikel;Haushaltswaren;Putz- & Waschartikel;Putzutensilien;Putzwagen;;;;
57731;Küchenartikel & Haushaltsartikel;Haushaltswaren;Putz- & Waschartikel;Putzutensilien;Kehrschaufeln;;;;
37321;Küchenartikel & Haushaltsartikel;Haushaltswaren;Putz- & Waschartikel;Putzutensilien;Staubwedel;;;;
37241;Küchenartikel & Haushaltsartikel;Haushaltswaren;Putz- & Waschartikel;Putzutensilien;Bodenwischer;;;;
37281;Küchenartikel & Haushaltsartikel;Haushaltswaren;Putz- & Waschartikel;Putzutensilien;Handfeger;;;;
37231;Küchenartikel & Haushaltsartikel;Haushaltswaren;Putz- & Waschartikel;Putzutensilien;Wischmops;;;;
57981;Küchenartikel & Haushaltsartikel;Haushaltswaren;Putz- & Waschartikel;Putzutensilien;Gummihandschuhe;;;;
61541;Küchenartikel & Haushaltsartikel;Haushaltswaren;Putz- & Waschartikel;Putzutensilien;Schrubber;;;;
37351;Küchenartikel & Haushaltsartikel;Haushaltswaren;Putz- & Waschartikel;Putzutensilien;Schwämme;;;;
37401;Küchenartikel & Haushaltsartikel;Haushaltswaren;Putz- & Waschartikel;Putzutensilien;Spülutensilien;;;;
37341;Küchenartikel & Haushaltsartikel;Haushaltswaren;Putz- & Waschartikel;Putzutensilien;Fensterwischer;;;;
22591;Küchenartikel & Haushaltsartikel;Haushaltswaren;Putz- & Waschartikel;Wäsche- & Waschzubehör;;;;;
37461;Küchenartikel & Haushaltsartikel;Haushaltswaren;Putz- & Waschartikel;Wäsche- & Waschzubehör;Wäscheständer;;;;
37471;Küchenartikel & Haushaltsartikel;Haushaltswaren;Putz- & Waschartikel;Wäsche- & Waschzubehör;Wäscheleinen;;;;
37541;Küchenartikel & Haushaltsartikel;Haushaltswaren;Putz- & Waschartikel;Wäsche- & Waschzubehör;Wäscheklammern;;;;
59281;Küchenartikel & Haushaltsartikel;Haushaltswaren;Putz- & Waschartikel;Wäsche- & Waschzubehör;Bügelbrettbezüge;;;;
37521;Küchenartikel & Haushaltsartikel;Haushaltswaren;Putz- & Waschartikel;Wäsche- & Waschzubehör;Bügelbretter;;;;
37531;Küchenartikel & Haushaltsartikel;Haushaltswaren;Putz- & Waschartikel;Wäsche- & Waschzubehör;Wäschekörbe;;;;
56831;Küchenartikel & Haushaltsartikel;Haushaltswaren;Putz- & Waschartikel;Wäsche- & Waschzubehör;Wäschenetze;;;;
58441;Küchenartikel & Haushaltsartikel;Haushaltswaren;Putz- & Waschartikel;Wäsche- & Waschzubehör;Sonstiges Waschzubehör;;;;
60281;Küchenartikel & Haushaltsartikel;Haushaltswaren;Putz- & Waschartikel;Wäsche- & Waschzubehör;Bügeltücher;;;;
37491;Küchenartikel & Haushaltsartikel;Haushaltswaren;Putz- & Waschartikel;Wäsche- & Waschzubehör;Wäschespinnen;;;;
66581;Küchenartikel & Haushaltsartikel;Haushaltswaren;Putz- & Waschartikel;Wäsche- & Waschzubehör;Hosenbügler;;;;
37501;Küchenartikel & Haushaltsartikel;Haushaltswaren;Putz- & Waschartikel;Wäsche- & Waschzubehör;Wäschewannen;;;;
64271;Küchenartikel & Haushaltsartikel;Haushaltswaren;Destilliertes Wasser;;;;;;
55591;Küchenartikel & Haushaltsartikel;Haushaltswaren;Okulare & Optik;;;;;;
10781;Küchenartikel & Haushaltsartikel;Haushaltswaren;Okulare & Optik;;;;;;
30161;Küchenartikel & Haushaltsartikel;Haushaltswaren;Okulare & Optik;Ferngläser & Zubehör;;;;;
41771;Küchenartikel & Haushaltsartikel;Haushaltswaren;Okulare & Optik;Ferngläser & Zubehör;Ferngläser;;;;
30191;Küchenartikel & Haushaltsartikel;Haushaltswaren;Okulare & Optik;Ferngläser & Zubehör;Ferngläser;Binokulare Ferngläser;;;
30201;Küchenartikel & Haushaltsartikel;Haushaltswaren;Okulare & Optik;Ferngläser & Zubehör;Ferngläser;Monokulare Ferngläser;;;
30211;Küchenartikel & Haushaltsartikel;Haushaltswaren;Okulare & Optik;Ferngläser & Zubehör;Fernglaszubehör;;;;
30241;Küchenartikel & Haushaltsartikel;Haushaltswaren;Okulare & Optik;Ferngläser & Zubehör;Fernglaszubehör;Fernglastaschen;;;
30331;Küchenartikel & Haushaltsartikel;Haushaltswaren;Okulare & Optik;Ferngläser & Zubehör;Fernglaszubehör;Fernglas-Tragegurte;;;
30221;Küchenartikel & Haushaltsartikel;Haushaltswaren;Okulare & Optik;Ferngläser & Zubehör;Fernglaszubehör;Fernglas-Stativadapter;;;
66591;Küchenartikel & Haushaltsartikel;Haushaltswaren;Okulare & Optik;Lupenzubehör;;;;;
30361;Küchenartikel & Haushaltsartikel;Haushaltswaren;Okulare & Optik;Lupen;;;;;
30371;Küchenartikel & Haushaltsartikel;Haushaltswaren;Okulare & Optik;Mikroskope;;;;;
41811;Küchenartikel & Haushaltsartikel;Haushaltswaren;Okulare & Optik;Mikroskope;Binokulare Mikroskope;;;;
41821;Küchenartikel & Haushaltsartikel;Haushaltswaren;Okulare & Optik;Mikroskope;Monokulare Mikroskope;;;;
41831;Küchenartikel & Haushaltsartikel;Haushaltswaren;Okulare & Optik;Mikroskope;Trinokulare Mikroskope;;;;
29891;Küchenartikel & Haushaltsartikel;Haushaltswaren;Okulare & Optik;Teleskope & Zubehör;;;;;
29901;Küchenartikel & Haushaltsartikel;Haushaltswaren;Okulare & Optik;Teleskope & Zubehör;Teleskopzubehör;;;;
29951;Küchenartikel & Haushaltsartikel;Haushaltswaren;Okulare & Optik;Teleskope & Zubehör;Teleskopzubehör;Teleskopadapter;;;
30101;Küchenartikel & Haushaltsartikel;Haushaltswaren;Okulare & Optik;Teleskope & Zubehör;Teleskopzubehör;Teleskoptaschen;;;
30131;Küchenartikel & Haushaltsartikel;Haushaltswaren;Okulare & Optik;Teleskope & Zubehör;Teleskopzubehör;Teleskopfilter;;;
29931;Küchenartikel & Haushaltsartikel;Haushaltswaren;Okulare & Optik;Teleskope & Zubehör;Teleskopzubehör;Teleskopstative;;;
30071;Küchenartikel & Haushaltsartikel;Haushaltswaren;Okulare & Optik;Teleskope & Zubehör;Teleskopzubehör;Prismen;;;
41761;Küchenartikel & Haushaltsartikel;Haushaltswaren;Okulare & Optik;Teleskope & Zubehör;Teleskope;;;;
10591;Küchenartikel & Haushaltsartikel;Haushaltswaren;Folien & Beutel;;;;;;
22601;Küchenartikel & Haushaltsartikel;Haushaltswaren;Folien & Beutel;Aluminiumfolien;;;;;
68052;Küchenartikel & Haushaltsartikel;Haushaltswaren;Folien & Beutel;Verschlussclips;;;;;
22611;Küchenartikel & Haushaltsartikel;Haushaltswaren;Folien & Beutel;Frischhaltefolien;;;;;
57621;Küchenartikel & Haushaltsartikel;Haushaltswaren;Folien & Beutel;Bodenbeutel;;;;;
22641;Küchenartikel & Haushaltsartikel;Haushaltswaren;Folien & Beutel;Gefrierbeutel;;;;;
22681;Küchenartikel & Haushaltsartikel;Haushaltswaren;Folien & Beutel;Müllbeutel;;;;;
22651;Küchenartikel & Haushaltsartikel;Haushaltswaren;Folien & Beutel;Papiertüten;;;;;
22671;Küchenartikel & Haushaltsartikel;Haushaltswaren;Folien & Beutel;Papierhandtücher;;;;;
22621;Küchenartikel & Haushaltsartikel;Haushaltswaren;Folien & Beutel;Backpapiere;;;;;
22661;Küchenartikel & Haushaltsartikel;Haushaltswaren;Folien & Beutel;Servietten;;;;;
61281;Küchenartikel & Haushaltsartikel;Haushaltswaren;Folien & Beutel;Vakuumbeutel;;;;;
58251;Küchenartikel & Haushaltsartikel;Haushaltswaren;Folien & Beutel;Druckverschlussbeutel;;;;;
10651;Küchenartikel & Haushaltsartikel;Haushaltswaren;Schilder;;;;;;
23241;Küchenartikel & Haushaltsartikel;Haushaltswaren;Schilder;Werbeschilder;;;;;
23221;Küchenartikel & Haushaltsartikel;Haushaltswaren;Schilder;Türschilder;;;;;
45501;Küchenartikel & Haushaltsartikel;Haushaltswaren;Schilder;Lustige Schilder;;;;;
23231;Küchenartikel & Haushaltsartikel;Haushaltswaren;Schilder;Namensschilder;;;;;
45511;Küchenartikel & Haushaltsartikel;Haushaltswaren;Schilder;Verkehrsschilder;;;;;
23211;Küchenartikel & Haushaltsartikel;Haushaltswaren;Schilder;Hinweisschilder;;;;;
66311;Küchenartikel & Haushaltsartikel;Haushaltswaren;Leuchtmittel-Zubehör;;;;;;
10741;Küchenartikel & Haushaltsartikel;Haushaltswaren;Leuchtmittel;;;;;;
62871;Küchenartikel & Haushaltsartikel;Haushaltswaren;Leuchtmittel;;;;;;
28831;Küchenartikel & Haushaltsartikel;Haushaltswaren;Leuchtmittel;Energiesparlampen;;;;;
28801;Küchenartikel & Haushaltsartikel;Haushaltswaren;Leuchtmittel;Leuchtstoffröhren;;;;;
28791;Küchenartikel & Haushaltsartikel;Haushaltswaren;Leuchtmittel;Knicklichter;;;;;
28821;Küchenartikel & Haushaltsartikel;Haushaltswaren;Leuchtmittel;Halogenlampen;;;;;
70150;Küchenartikel & Haushaltsartikel;Haushaltswaren;Leuchtmittel;Infrarotbirnen;;;;;
28971;Küchenartikel & Haushaltsartikel;Haushaltswaren;Leuchtmittel;LEDs;;;;;
28951;Küchenartikel & Haushaltsartikel;Haushaltswaren;Leuchtmittel;Glühbirnen;;;;;
59871;Küchenartikel & Haushaltsartikel;Haushaltswaren;Leuchtmittel;Sonstige Leuchtmittel;;;;;
64431;Küchenartikel & Haushaltsartikel;Haushaltswaren;Partydekorationen;;;;;;
55571;Küchenartikel & Haushaltsartikel;Haushaltswaren;Partydekorationen;;;;;;
52051;Küchenartikel & Haushaltsartikel;Haushaltswaren;Partydekorationen;;;;;;
55581;Küchenartikel & Haushaltsartikel;Haushaltswaren;Partydekorationen;;;;;;
52061;Küchenartikel & Haushaltsartikel;Haushaltswaren;Partydekorationen;;;;;;
10771;Küchenartikel & Haushaltsartikel;Haushaltswaren;Partydekorationen;;;;;;
52041;Küchenartikel & Haushaltsartikel;Haushaltswaren;Partydekorationen;;;;;;
51891;Küchenartikel & Haushaltsartikel;Haushaltswaren;Partydekorationen;;;;;;
29311;Küchenartikel & Haushaltsartikel;Haushaltswaren;Partydekorationen;Luftballons;;;;;
69700;Küchenartikel & Haushaltsartikel;Haushaltswaren;Partydekorationen;Pappaufsteller;;;;;
65811;Küchenartikel & Haushaltsartikel;Haushaltswaren;Partydekorationen;Kinderpartysets;;;;;
29731;Küchenartikel & Haushaltsartikel;Haushaltswaren;Partydekorationen;Konfetti;;;;;
65921;Küchenartikel & Haushaltsartikel;Haushaltswaren;Partydekorationen;Discokugeln;;;;;
29411;Küchenartikel & Haushaltsartikel;Haushaltswaren;Partydekorationen;Feuerwerke;;;;;
29641;Küchenartikel & Haushaltsartikel;Haushaltswaren;Partydekorationen;Feuerwerke;Knallerbsen;;;;
29671;Küchenartikel & Haushaltsartikel;Haushaltswaren;Partydekorationen;Feuerwerke;Feuerwerksbatterien;;;;
29611;Küchenartikel & Haushaltsartikel;Haushaltswaren;Partydekorationen;Feuerwerke;Kinderfeuerwerke;;;;
29551;Küchenartikel & Haushaltsartikel;Haushaltswaren;Partydekorationen;Feuerwerke;Böller & Knaller;;;;
29581;Küchenartikel & Haushaltsartikel;Haushaltswaren;Partydekorationen;Feuerwerke;Silvesterraketen;;;;
29601;Küchenartikel & Haushaltsartikel;Haushaltswaren;Partydekorationen;Feuerwerke;Fontänen;;;;
29521;Küchenartikel & Haushaltsartikel;Haushaltswaren;Partydekorationen;Feuerwerke;Wunderkerzen;;;;
29751;Küchenartikel & Haushaltsartikel;Haushaltswaren;Partydekorationen;Nebelmaschinen;;;;;
29361;Küchenartikel & Haushaltsartikel;Haushaltswaren;Partydekorationen;Girlanden;;;;;
29821;Küchenartikel & Haushaltsartikel;Haushaltswaren;Partydekorationen;Scherzartikel;;;;;
64351;Küchenartikel & Haushaltsartikel;Haushaltswaren;Partydekorationen;Sonstige Partydekorationen;;;;;
29391;Küchenartikel & Haushaltsartikel;Haushaltswaren;Partydekorationen;Papp- und Plastikbecher;;;;;
29341;Küchenartikel & Haushaltsartikel;Haushaltswaren;Partydekorationen;Pappteller;;;;;
63641;Küchenartikel & Haushaltsartikel;Haushaltswaren;Partydekorationen;Partypicker;;;;;
69315;Küchenartikel & Haushaltsartikel;Haushaltswaren;Partydekorationen;Pinatas;;;;;
29791;Küchenartikel & Haushaltsartikel;Haushaltswaren;Partydekorationen;Strohhalme;;;;;
29711;Küchenartikel & Haushaltsartikel;Haushaltswaren;Partydekorationen;Luftschlangen;;;;;
69832;Küchenartikel & Haushaltsartikel;Haushaltswaren;Partydekorationen;Hochzeitsbögen;;;;;
10751;Küchenartikel & Haushaltsartikel;Haushaltswaren;Scheren;;;;;;
29121;Küchenartikel & Haushaltsartikel;Haushaltswaren;Scheren;Kinderscheren;;;;;
29051;Küchenartikel & Haushaltsartikel;Haushaltswaren;Scheren;Haushaltsscheren;;;;;
29151;Küchenartikel & Haushaltsartikel;Haushaltswaren;Scheren;Küchenscheren;;;;;
29141;Küchenartikel & Haushaltsartikel;Haushaltswaren;Scheren;Linkshänderscheren;;;;;
29221;Küchenartikel & Haushaltsartikel;Haushaltswaren;Scheren;Papierscheren;;;;;
29251;Küchenartikel & Haushaltsartikel;Haushaltswaren;Scheren;Papierscheren;Konturenscheren;;;;
29231;Küchenartikel & Haushaltsartikel;Haushaltswaren;Scheren;Papierscheren;Bastelscheren;;;;
29271;Küchenartikel & Haushaltsartikel;Haushaltswaren;Scheren;Papierscheren;Büroscheren;;;;
29161;Küchenartikel & Haushaltsartikel;Haushaltswaren;Scheren;Geflügelscheren;;;;;
29081;Küchenartikel & Haushaltsartikel;Haushaltswaren;Scheren;Schneiderscheren;;;;;
69479;Küchenartikel & Haushaltsartikel;Haushaltswaren;Nähutensilien;;;;;;
56671;Küchenartikel & Haushaltsartikel;Haushaltswaren;Nähutensilien;;;;;;
69480;Küchenartikel & Haushaltsartikel;Haushaltswaren;Nähutensilien;;;;;;
67241;Küchenartikel & Haushaltsartikel;Haushaltswaren;Nähutensilien;Schneiderpuppen;;;;;
56661;Küchenartikel & Haushaltsartikel;Haushaltswaren;Nähutensilien;Kurzwaren;;;;;
69493;Küchenartikel & Haushaltsartikel;Haushaltswaren;Nähutensilien;Kurzwaren;;;;;
69495;Küchenartikel & Haushaltsartikel;Haushaltswaren;Nähutensilien;Kurzwaren;Taschenverschlüsse und -zubehör;;;;
69494;Küchenartikel & Haushaltsartikel;Haushaltswaren;Nähutensilien;Kurzwaren;Schrägbänder;;;;
56781;Küchenartikel & Haushaltsartikel;Haushaltswaren;Nähutensilien;Kurzwaren;BH-Polster & -Verschlüsse;;;;
56791;Küchenartikel & Haushaltsartikel;Haushaltswaren;Nähutensilien;Kurzwaren;Knöpfe;;;;
69486;Küchenartikel & Haushaltsartikel;Haushaltswaren;Nähutensilien;Kurzwaren;Schneidematten;;;;
65951;Küchenartikel & Haushaltsartikel;Haushaltswaren;Nähutensilien;Kurzwaren;Klettverschlüsse;;;;
68966;Küchenartikel & Haushaltsartikel;Haushaltswaren;Nähutensilien;Kurzwaren;Schaufensterpuppen;;;;
69488;Küchenartikel & Haushaltsartikel;Haushaltswaren;Nähutensilien;Kurzwaren;Nadeleinfädler;;;;
69490;Küchenartikel & Haushaltsartikel;Haushaltswaren;Nähutensilien;Kurzwaren;Nadeln;;;;
69491;Küchenartikel & Haushaltsartikel;Haushaltswaren;Nähutensilien;Kurzwaren;Nadeln;Stecknadeln;;;
69492;Küchenartikel & Haushaltsartikel;Haushaltswaren;Nähutensilien;Kurzwaren;Nadeln;Sicherheitsnadeln;;;
69740;Küchenartikel & Haushaltsartikel;Haushaltswaren;Nähutensilien;Kurzwaren;Sonstige Kurzwaren;;;;
56761;Küchenartikel & Haushaltsartikel;Haushaltswaren;Nähutensilien;Kurzwaren;Applikationen;;;;
56731;Küchenartikel & Haushaltsartikel;Haushaltswaren;Nähutensilien;Kurzwaren;Nadelkissen;;;;
69487;Küchenartikel & Haushaltsartikel;Haushaltswaren;Nähutensilien;Kurzwaren;Rollschneider;;;;
69485;Küchenartikel & Haushaltsartikel;Haushaltswaren;Nähutensilien;Kurzwaren;Nahttrenner;;;;
56691;Küchenartikel & Haushaltsartikel;Haushaltswaren;Nähutensilien;Kurzwaren;Nähkörbe;;;;
69489;Küchenartikel & Haushaltsartikel;Haushaltswaren;Nähutensilien;Kurzwaren;Stoffklammern;;;;
69484;Küchenartikel & Haushaltsartikel;Haushaltswaren;Nähutensilien;Kurzwaren;Handmaße;;;;
56711;Küchenartikel & Haushaltsartikel;Haushaltswaren;Nähutensilien;Kurzwaren;Nähgarn;;;;
69483;Küchenartikel & Haushaltsartikel;Haushaltswaren;Nähutensilien;Kurzwaren;Schneiderkreide;;;;
56821;Küchenartikel & Haushaltsartikel;Haushaltswaren;Nähutensilien;Kurzwaren;Schneidermaßbänder;;;;
69482;Küchenartikel & Haushaltsartikel;Haushaltswaren;Nähutensilien;Kurzwaren;Fingerhüte;;;;
69246;Küchenartikel & Haushaltsartikel;Haushaltswaren;Nähutensilien;Kurzwaren;Reißverschlüsse;;;;
56681;Küchenartikel & Haushaltsartikel;Haushaltswaren;Nähutensilien;Nähsets;;;;;
56751;Küchenartikel & Haushaltsartikel;Haushaltswaren;Nähutensilien;Nähnadeln;;;;;
69481;Küchenartikel & Haushaltsartikel;Haushaltswaren;Nähutensilien;Schnittmuster;;;;;
68162;Küchenartikel & Haushaltsartikel;Haushaltswaren;Einkaufskörbe & -taschen;;;;;;
69403;Küchenartikel & Haushaltsartikel;Haushaltswaren;Einkaufskörbe & -taschen;;;;;;
10791;Küchenartikel & Haushaltsartikel;Haushaltswaren;Einkaufskörbe & -taschen;Einkaufskörbe;;;;;
68172;Küchenartikel & Haushaltsartikel;Haushaltswaren;Einkaufskörbe & -taschen;Einkaufstrolleys;;;;;
10681;Küchenartikel & Haushaltsartikel;Haushaltswaren;Raucherzubehör;;;;;;
23341;Küchenartikel & Haushaltsartikel;Haushaltswaren;Raucherzubehör;Aschenbecher;;;;;
41061;Küchenartikel & Haushaltsartikel;Haushaltswaren;Raucherzubehör;Aschenbecher;Kombiaschenbecher;;;;
41071;Küchenartikel & Haushaltsartikel;Haushaltswaren;Raucherzubehör;Aschenbecher;Standaschenbecher;;;;
41051;Küchenartikel & Haushaltsartikel;Haushaltswaren;Raucherzubehör;Aschenbecher;Tischaschenbecher;;;;
41041;Küchenartikel & Haushaltsartikel;Haushaltswaren;Raucherzubehör;Aschenbecher;Wandaschenbecher;;;;
58701;Küchenartikel & Haushaltsartikel;Haushaltswaren;Raucherzubehör;Zigarettenetuis;;;;;
23381;Küchenartikel & Haushaltsartikel;Haushaltswaren;Raucherzubehör;E-Zigaretten & Zubehör;;;;;
41421;Küchenartikel & Haushaltsartikel;Haushaltswaren;Raucherzubehör;E-Zigaretten & Zubehör;E-Zigarettenzubehör;;;;
41471;Küchenartikel & Haushaltsartikel;Haushaltswaren;Raucherzubehör;E-Zigaretten & Zubehör;E-Zigarettenzubehör;Atomizer;;;
41441;Küchenartikel & Haushaltsartikel;Haushaltswaren;Raucherzubehör;E-Zigaretten & Zubehör;E-Zigarettenzubehör;Clearomizer;;;
41431;Küchenartikel & Haushaltsartikel;Haushaltswaren;Raucherzubehör;E-Zigaretten & Zubehör;E-Zigarettenzubehör;E-Zigaretten Akkus;;;
41461;Küchenartikel & Haushaltsartikel;Haushaltswaren;Raucherzubehör;E-Zigaretten & Zubehör;E-Zigarettenzubehör;E-Zigaretten Ladegeräte;;;
41451;Küchenartikel & Haushaltsartikel;Haushaltswaren;Raucherzubehör;E-Zigaretten & Zubehör;E-Zigarettenzubehör;E-Zigaretten Liquide;;;
68082;Küchenartikel & Haushaltsartikel;Haushaltswaren;Raucherzubehör;E-Zigaretten & Zubehör;E-Zigarettenzubehör;E-Zigaretten Ersatzteile;;;
68963;Küchenartikel & Haushaltsartikel;Haushaltswaren;Raucherzubehör;E-Zigaretten & Zubehör;E-Zigarettenzubehör;Sonstiges E-Zigarettenzubehör;;;
41481;Küchenartikel & Haushaltsartikel;Haushaltswaren;Raucherzubehör;E-Zigaretten & Zubehör;E-Zigarettenzubehör;Tankomizer;;;
41411;Küchenartikel & Haushaltsartikel;Haushaltswaren;Raucherzubehör;E-Zigaretten & Zubehör;E-Zigaretten;;;;
67401;Küchenartikel & Haushaltsartikel;Haushaltswaren;Raucherzubehör;Feuerzeugbenzine;;;;;
23321;Küchenartikel & Haushaltsartikel;Haushaltswaren;Raucherzubehör;Feuerzeuge;;;;;
23371;Küchenartikel & Haushaltsartikel;Haushaltswaren;Raucherzubehör;Streichhölzer;;;;;
23361;Küchenartikel & Haushaltsartikel;Haushaltswaren;Raucherzubehör;Pfeifen;;;;;
23351;Küchenartikel & Haushaltsartikel;Haushaltswaren;Raucherzubehör;Shishas & Zubehör;;;;;
52791;Küchenartikel & Haushaltsartikel;Haushaltswaren;Raucherzubehör;Shishas & Zubehör;;;;;
45531;Küchenartikel & Haushaltsartikel;Haushaltswaren;Raucherzubehör;Shishas & Zubehör;Shishazubehör;;;;
52811;Küchenartikel & Haushaltsartikel;Haushaltswaren;Raucherzubehör;Shishas & Zubehör;Shisha-Kohle;;;;
45521;Küchenartikel & Haushaltsartikel;Haushaltswaren;Raucherzubehör;Shishas & Zubehör;Shishas;;;;
55551;Küchenartikel & Haushaltsartikel;Haushaltswaren;Schreibwaren;;;;;;
10621;Küchenartikel & Haushaltsartikel;Haushaltswaren;Schreibwaren;;;;;;
23011;Küchenartikel & Haushaltsartikel;Haushaltswaren;Schreibwaren;Klebstoffe;;;;;
62421;Küchenartikel & Haushaltsartikel;Haushaltswaren;Schreibwaren;Klebstoffe;;;;;
40541;Küchenartikel & Haushaltsartikel;Haushaltswaren;Schreibwaren;Klebstoffe;Klebstoffentferner;;;;
40601;Küchenartikel & Haushaltsartikel;Haushaltswaren;Schreibwaren;Klebstoffe;Alleskleber;;;;
40611;Küchenartikel & Haushaltsartikel;Haushaltswaren;Schreibwaren;Klebstoffe;Kraftkleber;;;;
40531;Küchenartikel & Haushaltsartikel;Haushaltswaren;Schreibwaren;Klebstoffe;Folienkleber;;;;
40581;Küchenartikel & Haushaltsartikel;Haushaltswaren;Schreibwaren;Klebstoffe;Klebestifte;;;;
62141;Küchenartikel & Haushaltsartikel;Haushaltswaren;Schreibwaren;Klebstoffe;Leime;;;;
58351;Küchenartikel & Haushaltsartikel;Haushaltswaren;Schreibwaren;Klebstoffe;Sonstige Klebstoffe;;;;
40571;Küchenartikel & Haushaltsartikel;Haushaltswaren;Schreibwaren;Klebstoffe;Klebestreifen;;;;
40561;Küchenartikel & Haushaltsartikel;Haushaltswaren;Schreibwaren;Klebstoffe;Klebebandabroller;;;;
40551;Küchenartikel & Haushaltsartikel;Haushaltswaren;Schreibwaren;Klebstoffe;Klebebänder;;;;
40591;Küchenartikel & Haushaltsartikel;Haushaltswaren;Schreibwaren;Klebstoffe;Sekundenkleber;;;;
61811;Küchenartikel & Haushaltsartikel;Haushaltswaren;Schreibwaren;Klebstoffe;Textilkleber;;;;
23191;Küchenartikel & Haushaltsartikel;Haushaltswaren;Schreibwaren;Buchbinderbedarf;;;;;
40901;Küchenartikel & Haushaltsartikel;Haushaltswaren;Schreibwaren;Buchbinderbedarf;Binderücken;;;;
40891;Küchenartikel & Haushaltsartikel;Haushaltswaren;Schreibwaren;Buchbinderbedarf;Bindegeräte;;;;
59501;Küchenartikel & Haushaltsartikel;Haushaltswaren;Schreibwaren;Buchbinderbedarf;Einbanddeckel;;;;
45491;Küchenartikel & Haushaltsartikel;Haushaltswaren;Schreibwaren;Buchbinderbedarf;Sonstiger Buchbindebedarf;;;;
23201;Küchenartikel & Haushaltsartikel;Haushaltswaren;Schreibwaren;Karten;;;;;
40991;Küchenartikel & Haushaltsartikel;Haushaltswaren;Schreibwaren;Karten;Visitenkarten;;;;
40951;Küchenartikel & Haushaltsartikel;Haushaltswaren;Schreibwaren;Karten;Kartensets;;;;
40911;Küchenartikel & Haushaltsartikel;Haushaltswaren;Schreibwaren;Karten;Klappkarten;;;;
67541;Küchenartikel & Haushaltsartikel;Haushaltswaren;Schreibwaren;Karten;Gutscheinkarten;;;;
58001;Küchenartikel & Haushaltsartikel;Haushaltswaren;Schreibwaren;Karten;Glückwunschkarten;;;;
40971;Küchenartikel & Haushaltsartikel;Haushaltswaren;Schreibwaren;Karten;Grußkarten;;;;
57381;Küchenartikel & Haushaltsartikel;Haushaltswaren;Schreibwaren;Karten;Einladungskarten;;;;
40961;Küchenartikel & Haushaltsartikel;Haushaltswaren;Schreibwaren;Karten;Motivkarten;;;;
40921;Küchenartikel & Haushaltsartikel;Haushaltswaren;Schreibwaren;Karten;Briefkarten;;;;
40931;Küchenartikel & Haushaltsartikel;Haushaltswaren;Schreibwaren;Karten;Passepartoutkarten;;;;
40941;Küchenartikel & Haushaltsartikel;Haushaltswaren;Schreibwaren;Karten;Tischkarten;;;;
40981;Küchenartikel & Haushaltsartikel;Haushaltswaren;Schreibwaren;Karten;Postkarten;;;;
67321;Küchenartikel & Haushaltsartikel;Haushaltswaren;Schreibwaren;Vertragsvorlagen;;;;;
23181;Küchenartikel & Haushaltsartikel;Haushaltswaren;Schreibwaren;Schreibtischunterlagen;;;;;
23041;Küchenartikel & Haushaltsartikel;Haushaltswaren;Schreibwaren;Dokumentenfixierung;;;;;
40651;Küchenartikel & Haushaltsartikel;Haushaltswaren;Schreibwaren;Dokumentenfixierung;Foldback-Klammern;;;;
40671;Küchenartikel & Haushaltsartikel;Haushaltswaren;Schreibwaren;Dokumentenfixierung;Klemmbretter;;;;
62511;Küchenartikel & Haushaltsartikel;Haushaltswaren;Schreibwaren;Dokumentenfixierung;Geldklammern;;;;
40621;Küchenartikel & Haushaltsartikel;Haushaltswaren;Schreibwaren;Dokumentenfixierung;Büroklammern;;;;
63591;Küchenartikel & Haushaltsartikel;Haushaltswaren;Schreibwaren;Dokumentenfixierung;Musterbeutelklammern;;;;
40661;Küchenartikel & Haushaltsartikel;Haushaltswaren;Schreibwaren;Dokumentenfixierung;Pinnwandstifte & Reißnägel;;;;
40641;Küchenartikel & Haushaltsartikel;Haushaltswaren;Schreibwaren;Dokumentenfixierung;Gummibänder;;;;
63771;Küchenartikel & Haushaltsartikel;Haushaltswaren;Schreibwaren;Dokumentenfixierung;Enthefter;;;;
40631;Küchenartikel & Haushaltsartikel;Haushaltswaren;Schreibwaren;Dokumentenfixierung;Heftklammern;;;;
22941;Küchenartikel & Haushaltsartikel;Haushaltswaren;Schreibwaren;Dokumentenordnung;;;;;
38961;Küchenartikel & Haushaltsartikel;Haushaltswaren;Schreibwaren;Dokumentenordnung;Fächermappen;;;;
38981;Küchenartikel & Haushaltsartikel;Haushaltswaren;Schreibwaren;Dokumentenordnung;Sammelmappen;;;;
40401;Küchenartikel & Haushaltsartikel;Haushaltswaren;Schreibwaren;Dokumentenordnung;Lesezeichen;;;;
39121;Küchenartikel & Haushaltsartikel;Haushaltswaren;Schreibwaren;Dokumentenordnung;Aktendeckel;;;;
39011;Küchenartikel & Haushaltsartikel;Haushaltswaren;Schreibwaren;Dokumentenordnung;Ordner;;;;
39061;Küchenartikel & Haushaltsartikel;Haushaltswaren;Schreibwaren;Dokumentenordnung;Heftstreifen;;;;
39051;Küchenartikel & Haushaltsartikel;Haushaltswaren;Schreibwaren;Dokumentenordnung;Hängemappen;;;;
57461;Küchenartikel & Haushaltsartikel;Haushaltswaren;Schreibwaren;Dokumentenordnung;Register;;;;
39081;Küchenartikel & Haushaltsartikel;Haushaltswaren;Schreibwaren;Dokumentenordnung;Karteikarten;;;;
40371;Küchenartikel & Haushaltsartikel;Haushaltswaren;Schreibwaren;Dokumentenordnung;Bewerbungsmappen;;;;
39091;Küchenartikel & Haushaltsartikel;Haushaltswaren;Schreibwaren;Dokumentenordnung;Laminierfolientaschen;;;;
39031;Küchenartikel & Haushaltsartikel;Haushaltswaren;Schreibwaren;Dokumentenordnung;Schnellhefter;;;;
39001;Küchenartikel & Haushaltsartikel;Haushaltswaren;Schreibwaren;Dokumentenordnung;Stehsammler;;;;
59811;Küchenartikel & Haushaltsartikel;Haushaltswaren;Schreibwaren;Dokumentenordnung;Sonstige Dokumentenordnung;;;;
62181;Küchenartikel & Haushaltsartikel;Haushaltswaren;Schreibwaren;Dokumentenordnung;Heftboxen;;;;
40361;Küchenartikel & Haushaltsartikel;Haushaltswaren;Schreibwaren;Dokumentenordnung;Zeichenmappen;;;;
40251;Küchenartikel & Haushaltsartikel;Haushaltswaren;Schreibwaren;Dokumentenordnung;Aushänge & Präsentationen;;;;
40281;Küchenartikel & Haushaltsartikel;Haushaltswaren;Schreibwaren;Dokumentenordnung;Aushänge & Präsentationen;Tafeln;;;
40311;Küchenartikel & Haushaltsartikel;Haushaltswaren;Schreibwaren;Dokumentenordnung;Aushänge & Präsentationen;Prospekthalter;;;
40301;Küchenartikel & Haushaltsartikel;Haushaltswaren;Schreibwaren;Dokumentenordnung;Aushänge & Präsentationen;Visitenkartenhalter;;;
69299;Küchenartikel & Haushaltsartikel;Haushaltswaren;Schreibwaren;Dokumentenordnung;Aushänge & Präsentationen;Tafelfolien;;;
58831;Küchenartikel & Haushaltsartikel;Haushaltswaren;Schreibwaren;Dokumentenordnung;Aushänge & Präsentationen;Schaukästen;;;
40331;Küchenartikel & Haushaltsartikel;Haushaltswaren;Schreibwaren;Dokumentenordnung;Aushänge & Präsentationen;Konzepthalter;;;
40351;Küchenartikel & Haushaltsartikel;Haushaltswaren;Schreibwaren;Dokumentenordnung;Aushänge & Präsentationen;Flipcharts;;;
40271;Küchenartikel & Haushaltsartikel;Haushaltswaren;Schreibwaren;Dokumentenordnung;Aushänge & Präsentationen;Infotafeln;;;
40291;Küchenartikel & Haushaltsartikel;Haushaltswaren;Schreibwaren;Dokumentenordnung;Aushänge & Präsentationen;Etikettenhalter;;;
40341;Küchenartikel & Haushaltsartikel;Haushaltswaren;Schreibwaren;Dokumentenordnung;Aushänge & Präsentationen;Magnettafeln & Whiteboards;;;
58471;Küchenartikel & Haushaltsartikel;Haushaltswaren;Schreibwaren;Dokumentenordnung;Aushänge & Präsentationen;Sonstiges Präsentationszubehör;;;
69311;Küchenartikel & Haushaltsartikel;Haushaltswaren;Schreibwaren;Dokumentenordnung;Aushänge & Präsentationen;Kundenstopper;;;
40261;Küchenartikel & Haushaltsartikel;Haushaltswaren;Schreibwaren;Dokumentenordnung;Aushänge & Präsentationen;Pinnwände;;;
40321;Küchenartikel & Haushaltsartikel;Haushaltswaren;Schreibwaren;Dokumentenordnung;Aushänge & Präsentationen;Tischaufsteller;;;
40381;Küchenartikel & Haushaltsartikel;Haushaltswaren;Schreibwaren;Dokumentenordnung;Präsentationsmappen;;;;
57851;Küchenartikel & Haushaltsartikel;Haushaltswaren;Schreibwaren;Dokumentenordnung;Prospekthüllen;;;;
39111;Küchenartikel & Haushaltsartikel;Haushaltswaren;Schreibwaren;Dokumentenordnung;Ringmappen;;;;
38971;Küchenartikel & Haushaltsartikel;Haushaltswaren;Schreibwaren;Dokumentenordnung;Ablagen;;;;
22851;Küchenartikel & Haushaltsartikel;Haushaltswaren;Schreibwaren;Geometrie;;;;;
38651;Küchenartikel & Haushaltsartikel;Haushaltswaren;Schreibwaren;Geometrie;Zirkel;;;;
63271;Küchenartikel & Haushaltsartikel;Haushaltswaren;Schreibwaren;Geometrie;Zeichenbretter;;;;
65151;Küchenartikel & Haushaltsartikel;Haushaltswaren;Schreibwaren;Geometrie;Parabelschablonen;;;;
38631;Küchenartikel & Haushaltsartikel;Haushaltswaren;Schreibwaren;Geometrie;Winkelmesser;;;;
38621;Küchenartikel & Haushaltsartikel;Haushaltswaren;Schreibwaren;Geometrie;Lineale;;;;
38611;Küchenartikel & Haushaltsartikel;Haushaltswaren;Schreibwaren;Geometrie;Maßstäbe;;;;
38641;Küchenartikel & Haushaltsartikel;Haushaltswaren;Schreibwaren;Geometrie;Geodreiecke;;;;
23081;Küchenartikel & Haushaltsartikel;Haushaltswaren;Schreibwaren;Geschenkverpackungen;;;;;
40701;Küchenartikel & Haushaltsartikel;Haushaltswaren;Schreibwaren;Geschenkverpackungen;Klarsichtfolien;;;;
26301;Küchenartikel & Haushaltsartikel;Haushaltswaren;Schreibwaren;Geschenkverpackungen;Geschenktaschen;;;;
40711;Küchenartikel & Haushaltsartikel;Haushaltswaren;Schreibwaren;Geschenkverpackungen;Geschenkboxen;;;;
40721;Küchenartikel & Haushaltsartikel;Haushaltswaren;Schreibwaren;Geschenkverpackungen;Geschenkbänder;;;;
40681;Küchenartikel & Haushaltsartikel;Haushaltswaren;Schreibwaren;Geschenkverpackungen;Geschenkpapier;;;;
23091;Küchenartikel & Haushaltsartikel;Haushaltswaren;Schreibwaren;Locher;;;;;
23121;Küchenartikel & Haushaltsartikel;Haushaltswaren;Schreibwaren;Etiketten;;;;;
40771;Küchenartikel & Haushaltsartikel;Haushaltswaren;Schreibwaren;Etiketten;Adressaufkleber;;;;
40831;Küchenartikel & Haushaltsartikel;Haushaltswaren;Schreibwaren;Etiketten;Barcode Label;;;;
40781;Küchenartikel & Haushaltsartikel;Haushaltswaren;Schreibwaren;Etiketten;CD- & DVD Etiketten;;;;
40761;Küchenartikel & Haushaltsartikel;Haushaltswaren;Schreibwaren;Etiketten;Motivetiketten;;;;
40791;Küchenartikel & Haushaltsartikel;Haushaltswaren;Schreibwaren;Etiketten;Frankieretiketten;;;;
62891;Küchenartikel & Haushaltsartikel;Haushaltswaren;Schreibwaren;Etiketten;Lochverstärker;;;;
40841;Küchenartikel & Haushaltsartikel;Haushaltswaren;Schreibwaren;Etiketten;Markierungspunkte;;;;
40741;Küchenartikel & Haushaltsartikel;Haushaltswaren;Schreibwaren;Etiketten;Druckeretiketten;;;;
40731;Küchenartikel & Haushaltsartikel;Haushaltswaren;Schreibwaren;Etiketten;Selbstklebende Etiketten;;;;
40811;Küchenartikel & Haushaltsartikel;Haushaltswaren;Schreibwaren;Etiketten;Selbstklebende Buchstaben & Zahlen;;;;
40751;Küchenartikel & Haushaltsartikel;Haushaltswaren;Schreibwaren;Etiketten;Ordnerrücken;;;;
40821;Küchenartikel & Haushaltsartikel;Haushaltswaren;Schreibwaren;Etiketten;Sticker;;;;
22981;Küchenartikel & Haushaltsartikel;Haushaltswaren;Schreibwaren;Briefversand & -bearbeitung;;;;;
51921;Küchenartikel & Haushaltsartikel;Haushaltswaren;Schreibwaren;Briefversand & -bearbeitung;;;;;
40461;Küchenartikel & Haushaltsartikel;Haushaltswaren;Schreibwaren;Briefversand & -bearbeitung;Briefumschläge;;;;
40511;Küchenartikel & Haushaltsartikel;Haushaltswaren;Schreibwaren;Briefversand & -bearbeitung;Briefständer;;;;
40501;Küchenartikel & Haushaltsartikel;Haushaltswaren;Schreibwaren;Briefversand & -bearbeitung;Brieföffner;;;;
40481;Küchenartikel & Haushaltsartikel;Haushaltswaren;Schreibwaren;Briefversand & -bearbeitung;Versandtaschen;;;;
40521;Küchenartikel & Haushaltsartikel;Haushaltswaren;Schreibwaren;Briefversand & -bearbeitung;Briefbeschwerer;;;;
40451;Küchenartikel & Haushaltsartikel;Haushaltswaren;Schreibwaren;Briefversand & -bearbeitung;Briefmarken;;;;
64211;Küchenartikel & Haushaltsartikel;Haushaltswaren;Schreibwaren;Briefversand & -bearbeitung;Versandrollen;;;;
40491;Küchenartikel & Haushaltsartikel;Haushaltswaren;Schreibwaren;Briefversand & -bearbeitung;Briefpapier;;;;
58641;Küchenartikel & Haushaltsartikel;Haushaltswaren;Schreibwaren;Sonstige Schreibwaren;;;;;
59261;Küchenartikel & Haushaltsartikel;Haushaltswaren;Schreibwaren;Heft- & Buchumschläge;;;;;
22821;Küchenartikel & Haushaltsartikel;Haushaltswaren;Schreibwaren;Blöcke & Hefte;;;;;
45431;Küchenartikel & Haushaltsartikel;Haushaltswaren;Schreibwaren;Blöcke & Hefte;Freundschaftsbücher;;;;
38151;Küchenartikel & Haushaltsartikel;Haushaltswaren;Schreibwaren;Blöcke & Hefte;Tagebücher;;;;
38161;Küchenartikel & Haushaltsartikel;Haushaltswaren;Schreibwaren;Blöcke & Hefte;Notizblöcke;;;;
67531;Küchenartikel & Haushaltsartikel;Haushaltswaren;Schreibwaren;Blöcke & Hefte;Sonstige Blöcke & Hefte;;;;
38121;Küchenartikel & Haushaltsartikel;Haushaltswaren;Schreibwaren;Blöcke & Hefte;Hefte;;;;
38131;Küchenartikel & Haushaltsartikel;Haushaltswaren;Schreibwaren;Blöcke & Hefte;Blöcke;;;;
66821;Küchenartikel & Haushaltsartikel;Haushaltswaren;Schreibwaren;Blöcke & Hefte;Quittungsblöcke;;;;
38171;Küchenartikel & Haushaltsartikel;Haushaltswaren;Schreibwaren;Blöcke & Hefte;Haftnotizen;;;;
22921;Küchenartikel & Haushaltsartikel;Haushaltswaren;Schreibwaren;Büroordnung;;;;;
38851;Küchenartikel & Haushaltsartikel;Haushaltswaren;Schreibwaren;Büroordnung;Archivboxen;;;;
38891;Küchenartikel & Haushaltsartikel;Haushaltswaren;Schreibwaren;Büroordnung;Buchstützen;;;;
38841;Küchenartikel & Haushaltsartikel;Haushaltswaren;Schreibwaren;Büroordnung;Karteikästen;;;;
38741;Küchenartikel & Haushaltsartikel;Haushaltswaren;Schreibwaren;Büroordnung;Geldkassetten;;;;
62651;Küchenartikel & Haushaltsartikel;Haushaltswaren;Schreibwaren;Büroordnung;Münzfächer;;;;
67331;Küchenartikel & Haushaltsartikel;Haushaltswaren;Schreibwaren;Büroordnung;Bodenschutzmatten;;;;
38791;Küchenartikel & Haushaltsartikel;Haushaltswaren;Schreibwaren;Büroordnung;Magnete;;;;
58711;Küchenartikel & Haushaltsartikel;Haushaltswaren;Schreibwaren;Büroordnung;Zettelboxen;;;;
59781;Küchenartikel & Haushaltsartikel;Haushaltswaren;Schreibwaren;Büroordnung;Sonstige Büroordnung;;;;
38771;Küchenartikel & Haushaltsartikel;Haushaltswaren;Schreibwaren;Büroordnung;Büroklammerdispenser;;;;
38801;Küchenartikel & Haushaltsartikel;Haushaltswaren;Schreibwaren;Büroordnung;Stifthalter;;;;
63161;Küchenartikel & Haushaltsartikel;Haushaltswaren;Schreibwaren;Büroordnung;Papierkörbe;;;;
22961;Küchenartikel & Haushaltsartikel;Haushaltswaren;Schreibwaren;Organizer;;;;;
40421;Küchenartikel & Haushaltsartikel;Haushaltswaren;Schreibwaren;Organizer;Adressbücher;;;;
40411;Küchenartikel & Haushaltsartikel;Haushaltswaren;Schreibwaren;Organizer;Terminkalender;;;;
40431;Küchenartikel & Haushaltsartikel;Haushaltswaren;Schreibwaren;Organizer;Notizbücher;;;;
40441;Küchenartikel & Haushaltsartikel;Haushaltswaren;Schreibwaren;Organizer;Schreibmappen;;;;
49971;Küchenartikel & Haushaltsartikel;Haushaltswaren;Schreibwaren;Verpackungen;;;;;
23161;Küchenartikel & Haushaltsartikel;Haushaltswaren;Schreibwaren;Verpackungen;;;;;
51931;Küchenartikel & Haushaltsartikel;Haushaltswaren;Schreibwaren;Verpackungen;;;;;
40881;Küchenartikel & Haushaltsartikel;Haushaltswaren;Schreibwaren;Verpackungen;Kartons;;;;
40871;Küchenartikel & Haushaltsartikel;Haushaltswaren;Schreibwaren;Verpackungen;Faltschachteln;;;;
69502;Küchenartikel & Haushaltsartikel;Haushaltswaren;Schreibwaren;Verpackungen;Einschlagpapiere;;;;
45481;Küchenartikel & Haushaltsartikel;Haushaltswaren;Schreibwaren;Verpackungen;Sonstige Verpackungen;;;;
62931;Küchenartikel & Haushaltsartikel;Haushaltswaren;Schreibwaren;Papier & Folien;;;;;
51911;Küchenartikel & Haushaltsartikel;Haushaltswaren;Schreibwaren;Papier & Folien;;;;;
22801;Küchenartikel & Haushaltsartikel;Haushaltswaren;Schreibwaren;Papier & Folien;;;;;
59091;Küchenartikel & Haushaltsartikel;Haushaltswaren;Schreibwaren;Papier & Folien;Löschpapiere;;;;
37891;Küchenartikel & Haushaltsartikel;Haushaltswaren;Schreibwaren;Papier & Folien;Kohlepapiere;;;;
37931;Küchenartikel & Haushaltsartikel;Haushaltswaren;Schreibwaren;Papier & Folien;Korrekturbänder;;;;
37861;Küchenartikel & Haushaltsartikel;Haushaltswaren;Schreibwaren;Papier & Folien;Zeichenpapiere;;;;
63781;Küchenartikel & Haushaltsartikel;Haushaltswaren;Schreibwaren;Papier & Folien;Elefantenhautpapiere;;;;
64581;Küchenartikel & Haushaltsartikel;Haushaltswaren;Schreibwaren;Papier & Folien;Additionsrollen;;;;
69415;Küchenartikel & Haushaltsartikel;Haushaltswaren;Schreibwaren;Papier & Folien;Sonstige Papiere;;;;
69752;Küchenartikel & Haushaltsartikel;Haushaltswaren;Schreibwaren;Papier & Folien;Sonstige Schutzfolien;;;;
38101;Küchenartikel & Haushaltsartikel;Haushaltswaren;Schreibwaren;Papier & Folien;Pergamentpapiere;;;;
37961;Küchenartikel & Haushaltsartikel;Haushaltswaren;Schreibwaren;Papier & Folien;Perforierte Papiere;;;;
38011;Küchenartikel & Haushaltsartikel;Haushaltswaren;Schreibwaren;Papier & Folien;Fotopapiere;;;;
38031;Küchenartikel & Haushaltsartikel;Haushaltswaren;Schreibwaren;Papier & Folien;Plotterfolien & Plotterpapier;;;;
38071;Küchenartikel & Haushaltsartikel;Haushaltswaren;Schreibwaren;Papier & Folien;Plotterfolien & Plotterpapier;PVC-Folien;;;
38051;Küchenartikel & Haushaltsartikel;Haushaltswaren;Schreibwaren;Papier & Folien;Plotterfolien & Plotterpapier;Polypropylenfolien;;;
38091;Küchenartikel & Haushaltsartikel;Haushaltswaren;Schreibwaren;Papier & Folien;Plotterfolien & Plotterpapier;Thermische Papiere;;;
37871;Küchenartikel & Haushaltsartikel;Haushaltswaren;Schreibwaren;Papier & Folien;Druckerpapiere;;;;
59711;Küchenartikel & Haushaltsartikel;Haushaltswaren;Schreibwaren;Papier & Folien;Seidenpapiere;;;;
38111;Küchenartikel & Haushaltsartikel;Haushaltswaren;Schreibwaren;Papier & Folien;Transparentfolien;;;;
22841;Küchenartikel & Haushaltsartikel;Haushaltswaren;Schreibwaren;Stifte & Schreibmaterial;;;;;
66811;Küchenartikel & Haushaltsartikel;Haushaltswaren;Schreibwaren;Stifte & Schreibmaterial;Kugelschreiberminen;;;;
38481;Küchenartikel & Haushaltsartikel;Haushaltswaren;Schreibwaren;Stifte & Schreibmaterial;Kugelschreiber;;;;
60511;Küchenartikel & Haushaltsartikel;Haushaltswaren;Schreibwaren;Stifte & Schreibmaterial;Tafelkreiden;;;;
60211;Küchenartikel & Haushaltsartikel;Haushaltswaren;Schreibwaren;Stifte & Schreibmaterial;Kreidemarker;;;;
38561;Küchenartikel & Haushaltsartikel;Haushaltswaren;Schreibwaren;Stifte & Schreibmaterial;Kohlestifte;;;;
38541;Küchenartikel & Haushaltsartikel;Haushaltswaren;Schreibwaren;Stifte & Schreibmaterial;Buntstifte;;;;
57611;Küchenartikel & Haushaltsartikel;Haushaltswaren;Schreibwaren;Stifte & Schreibmaterial;Korrekturflüssigkeit;;;;
38521;Küchenartikel & Haushaltsartikel;Haushaltswaren;Schreibwaren;Stifte & Schreibmaterial;Radiergummis;;;;
62551;Küchenartikel & Haushaltsartikel;Haushaltswaren;Schreibwaren;Stifte & Schreibmaterial;Stoffmalstifte;;;;
38451;Küchenartikel & Haushaltsartikel;Haushaltswaren;Schreibwaren;Stifte & Schreibmaterial;Filzstifte;;;;
38201;Küchenartikel & Haushaltsartikel;Haushaltswaren;Schreibwaren;Stifte & Schreibmaterial;Fineliner;;;;
38241;Küchenartikel & Haushaltsartikel;Haushaltswaren;Schreibwaren;Stifte & Schreibmaterial;Füllfederhalter & Füllfederhalterzubehör;;;;
38321;Küchenartikel & Haushaltsartikel;Haushaltswaren;Schreibwaren;Stifte & Schreibmaterial;Füllfederhalter & Füllfederhalterzubehör;Füllfederhalterzubehör;;;
65391;Küchenartikel & Haushaltsartikel;Haushaltswaren;Schreibwaren;Stifte & Schreibmaterial;Füllfederhalter & Füllfederhalterzubehör;Füllfederhalterzubehör;Füllfederhalter-Ersatzkappen;;
38421;Küchenartikel & Haushaltsartikel;Haushaltswaren;Schreibwaren;Stifte & Schreibmaterial;Füllfederhalter & Füllfederhalterzubehör;Füllfederhalterzubehör;Tintenpatronen;;
38401;Küchenartikel & Haushaltsartikel;Haushaltswaren;Schreibwaren;Stifte & Schreibmaterial;Füllfederhalter & Füllfederhalterzubehör;Füllfederhalterzubehör;Tintenfässchen;;
65901;Küchenartikel & Haushaltsartikel;Haushaltswaren;Schreibwaren;Stifte & Schreibmaterial;Füllfederhalter & Füllfederhalterzubehör;Füllfederhalterzubehör;Zeichenkegel;;
38281;Küchenartikel & Haushaltsartikel;Haushaltswaren;Schreibwaren;Stifte & Schreibmaterial;Füllfederhalter & Füllfederhalterzubehör;Füllfederhalter;;;
61891;Küchenartikel & Haushaltsartikel;Haushaltswaren;Schreibwaren;Stifte & Schreibmaterial;Gelstifte;;;;
38221;Küchenartikel & Haushaltsartikel;Haushaltswaren;Schreibwaren;Stifte & Schreibmaterial;Leuchtmarker;;;;
38461;Küchenartikel & Haushaltsartikel;Haushaltswaren;Schreibwaren;Stifte & Schreibmaterial;Tintenkiller;;;;
57871;Küchenartikel & Haushaltsartikel;Haushaltswaren;Schreibwaren;Stifte & Schreibmaterial;Folienstifte;;;;
38591;Küchenartikel & Haushaltsartikel;Haushaltswaren;Schreibwaren;Stifte & Schreibmaterial;Lackmarker;;;;
45441;Küchenartikel & Haushaltsartikel;Haushaltswaren;Schreibwaren;Stifte & Schreibmaterial;Bleistifte;;;;
38231;Küchenartikel & Haushaltsartikel;Haushaltswaren;Schreibwaren;Stifte & Schreibmaterial;Permanent-Marker;;;;
45451;Küchenartikel & Haushaltsartikel;Haushaltswaren;Schreibwaren;Stifte & Schreibmaterial;Minen;;;;
38601;Küchenartikel & Haushaltsartikel;Haushaltswaren;Schreibwaren;Stifte & Schreibmaterial;Tintenroller;;;;
38501;Küchenartikel & Haushaltsartikel;Haushaltswaren;Schreibwaren;Stifte & Schreibmaterial;Anspitzer;;;;
45461;Küchenartikel & Haushaltsartikel;Haushaltswaren;Schreibwaren;Stifte & Schreibmaterial;Whiteboardstifte;;;;
58211;Küchenartikel & Haushaltsartikel;Haushaltswaren;Schreibwaren;Stifte & Schreibmaterial;Schreibsets;;;;
23051;Küchenartikel & Haushaltsartikel;Haushaltswaren;Schreibwaren;Fotoalben;;;;;
23141;Küchenartikel & Haushaltsartikel;Haushaltswaren;Schreibwaren;Stempel & Stempelkissen;;;;;
58341;Küchenartikel & Haushaltsartikel;Haushaltswaren;Schreibwaren;Stempel & Stempelkissen;Stempelfarben;;;;
40851;Küchenartikel & Haushaltsartikel;Haushaltswaren;Schreibwaren;Stempel & Stempelkissen;Stempelkissen;;;;
58331;Küchenartikel & Haushaltsartikel;Haushaltswaren;Schreibwaren;Stempel & Stempelkissen;Stempelhalter;;;;
45471;Küchenartikel & Haushaltsartikel;Haushaltswaren;Schreibwaren;Stempel & Stempelkissen;Stempel;;;;
23101;Küchenartikel & Haushaltsartikel;Haushaltswaren;Schreibwaren;Tacker;;;;;
60941;Küchenartikel & Haushaltsartikel;Haushaltswaren;Schreibwaren;Wertmarken;;;;;
63301;Küchenartikel & Haushaltsartikel;Haushaltswaren;Tischdeckenbeschwerer;;;;;;
9821;Küchenartikel & Haushaltsartikel;Küchenzubehör;;;;;;;
10471;Küchenartikel & Haushaltsartikel;Küchenzubehör;Backzubehör;;;;;;
51861;Küchenartikel & Haushaltsartikel;Küchenzubehör;Backzubehör;;;;;;
20261;Küchenartikel & Haushaltsartikel;Küchenzubehör;Backzubehör;Backformen;;;;;
35161;Küchenartikel & Haushaltsartikel;Küchenzubehör;Backzubehör;Backformen;Backform Sets;;;;
35181;Küchenartikel & Haushaltsartikel;Küchenzubehör;Backzubehör;Backformen;Brotbackformen;;;;
35281;Küchenartikel & Haushaltsartikel;Küchenzubehör;Backzubehör;Backformen;Kuchenbackformen;;;;
35341;Küchenartikel & Haushaltsartikel;Küchenzubehör;Backzubehör;Backformen;Kuchenbackformen;Guglhupfformen;;;
35321;Küchenartikel & Haushaltsartikel;Küchenzubehör;Backzubehör;Backformen;Kuchenbackformen;Tortenböden;;;
35301;Küchenartikel & Haushaltsartikel;Küchenzubehör;Backzubehör;Backformen;Kuchenbackformen;Tortenringe;;;
35351;Küchenartikel & Haushaltsartikel;Küchenzubehör;Backzubehör;Backformen;Kuchenbackformen;Dessertringe;;;
45591;Küchenartikel & Haushaltsartikel;Küchenzubehör;Backzubehör;Backformen;Kuchenbackformen;Kastenformen;;;
59131;Küchenartikel & Haushaltsartikel;Küchenzubehör;Backzubehör;Backformen;Kuchenbackformen;Motivbackformen;;;
35331;Küchenartikel & Haushaltsartikel;Küchenzubehör;Backzubehör;Backformen;Kuchenbackformen;Springformen;;;
35241;Küchenartikel & Haushaltsartikel;Küchenzubehör;Backzubehör;Backformen;Pralinenförmchen;;;;
65381;Küchenartikel & Haushaltsartikel;Küchenzubehör;Backzubehör;Backformen;Sonstige Backformen;;;;
35261;Küchenartikel & Haushaltsartikel;Küchenzubehör;Backzubehör;Backformen;Muffinbackformen;;;;
35191;Küchenartikel & Haushaltsartikel;Küchenzubehör;Backzubehör;Backformen;Ausstecher;;;;
35221;Küchenartikel & Haushaltsartikel;Küchenzubehör;Backzubehör;Backformen;Quicheformen;;;;
20241;Küchenartikel & Haushaltsartikel;Küchenzubehör;Backzubehör;Tortendekorationen;;;;;
20231;Küchenartikel & Haushaltsartikel;Küchenzubehör;Backzubehör;Teigschaber;;;;;
20251;Küchenartikel & Haushaltsartikel;Küchenzubehör;Backzubehör;Mehlschaufeln;;;;;
20271;Küchenartikel & Haushaltsartikel;Küchenzubehör;Backzubehör;Messbecher;;;;;
58621;Küchenartikel & Haushaltsartikel;Küchenzubehör;Backzubehör;Sonstiges Backzubehör;;;;;
20211;Küchenartikel & Haushaltsartikel;Küchenzubehör;Backzubehör;Rührschüsseln;;;;;
20171;Küchenartikel & Haushaltsartikel;Küchenzubehör;Backzubehör;Backpinsel;;;;;
20181;Küchenartikel & Haushaltsartikel;Küchenzubehör;Backzubehör;Gebäckpressen;;;;;
20221;Küchenartikel & Haushaltsartikel;Küchenzubehör;Backzubehör;Spritzbeutel;;;;;
20191;Küchenartikel & Haushaltsartikel;Küchenzubehör;Backzubehör;Nudelhölzer;;;;;
20201;Küchenartikel & Haushaltsartikel;Küchenzubehör;Backzubehör;Schlagkessel;;;;;
10451;Küchenartikel & Haushaltsartikel;Küchenzubehör;Barbedarf;;;;;;
62811;Küchenartikel & Haushaltsartikel;Küchenzubehör;Barbedarf;;;;;;
58941;Küchenartikel & Haushaltsartikel;Küchenzubehör;Barbedarf;;;;;;
20161;Küchenartikel & Haushaltsartikel;Küchenzubehör;Barbedarf;Bargeräte-Ersatzteile;;;;;
35001;Küchenartikel & Haushaltsartikel;Küchenzubehör;Barbedarf;Bargeräte-Ersatzteile;Bierschläuche;;;;
35031;Küchenartikel & Haushaltsartikel;Küchenzubehör;Barbedarf;Bargeräte-Ersatzteile;Schankhähne;;;;
35111;Küchenartikel & Haushaltsartikel;Küchenzubehör;Barbedarf;Bargeräte-Ersatzteile;Flaschenverschlüsse;;;;
34991;Küchenartikel & Haushaltsartikel;Küchenzubehör;Barbedarf;Bargeräte-Ersatzteile;Braubehälter;;;;
35121;Küchenartikel & Haushaltsartikel;Küchenzubehör;Barbedarf;Bargeräte-Ersatzteile;CO2-Flaschen;;;;
35101;Küchenartikel & Haushaltsartikel;Küchenzubehör;Barbedarf;Bargeräte-Ersatzteile;Schanksäulen;;;;
35091;Küchenartikel & Haushaltsartikel;Küchenzubehör;Barbedarf;Bargeräte-Ersatzteile;Auffangwannen;;;;
35051;Küchenartikel & Haushaltsartikel;Küchenzubehör;Barbedarf;Bargeräte-Ersatzteile;Tropfbleche;;;;
35081;Küchenartikel & Haushaltsartikel;Küchenzubehör;Barbedarf;Bargeräte-Ersatzteile;Spülboy-Ersatzteile;;;;
35061;Küchenartikel & Haushaltsartikel;Küchenzubehör;Barbedarf;Bargeräte-Ersatzteile;Druckregler;;;;
35011;Küchenartikel & Haushaltsartikel;Küchenzubehör;Barbedarf;Bargeräte-Ersatzteile;Zapfköpfe;;;;
20111;Küchenartikel & Haushaltsartikel;Küchenzubehör;Barbedarf;Barmesser;;;;;
58951;Küchenartikel & Haushaltsartikel;Küchenzubehör;Barbedarf;Barmaße;;;;;
20091;Küchenartikel & Haushaltsartikel;Küchenzubehör;Barbedarf;Flaschenkühler;;;;;
56581;Küchenartikel & Haushaltsartikel;Küchenzubehör;Barbedarf;Flaschenhalter;;;;;
20101;Küchenartikel & Haushaltsartikel;Küchenzubehör;Barbedarf;Flaschenöffner;;;;;
20041;Küchenartikel & Haushaltsartikel;Küchenzubehör;Barbedarf;Brauzubehör;;;;;
20121;Küchenartikel & Haushaltsartikel;Küchenzubehör;Barbedarf;Cocktailmixer;;;;;
20141;Küchenartikel & Haushaltsartikel;Küchenzubehör;Barbedarf;Korkenzieher;;;;;
20151;Küchenartikel & Haushaltsartikel;Küchenzubehör;Barbedarf;Schank- & Zapfanlagen;;;;;
34881;Küchenartikel & Haushaltsartikel;Küchenzubehör;Barbedarf;Schank- & Zapfanlagen;Bierzapfanlagen;;;;
34971;Küchenartikel & Haushaltsartikel;Küchenzubehör;Barbedarf;Schank- & Zapfanlagen;Getränke-Durchlauferhitzer;;;;
68983;Küchenartikel & Haushaltsartikel;Küchenzubehör;Barbedarf;Schank- & Zapfanlagen;Wassersprudler;;;;
34931;Küchenartikel & Haushaltsartikel;Küchenzubehör;Barbedarf;Schank- & Zapfanlagen;Softdrink-Zapfanlagen;;;;
34891;Küchenartikel & Haushaltsartikel;Küchenzubehör;Barbedarf;Schank- & Zapfanlagen;Tafelwassergeräte;;;;
65421;Küchenartikel & Haushaltsartikel;Küchenzubehör;Barbedarf;Glasträger;;;;;
20071;Küchenartikel & Haushaltsartikel;Küchenzubehör;Barbedarf;Spülboys;;;;;
20081;Küchenartikel & Haushaltsartikel;Küchenzubehör;Barbedarf;Eisgefäße;;;;;
20131;Küchenartikel & Haushaltsartikel;Küchenzubehör;Barbedarf;Eiscrusher;;;;;
20061;Küchenartikel & Haushaltsartikel;Küchenzubehör;Barbedarf;Eiswürfelformen;;;;;
65531;Küchenartikel & Haushaltsartikel;Küchenzubehör;Barbedarf;Sonstiger Barbedarf;;;;;
20051;Küchenartikel & Haushaltsartikel;Küchenzubehör;Barbedarf;Ausgießer;;;;;
63191;Küchenartikel & Haushaltsartikel;Küchenzubehör;Barbedarf;Rührstäbchen;;;;;
10511;Küchenartikel & Haushaltsartikel;Küchenzubehör;Flaschen & Kannen;;;;;;
20571;Küchenartikel & Haushaltsartikel;Küchenzubehör;Flaschen & Kannen;Trinkflaschen;;;;;
26291;Küchenartikel & Haushaltsartikel;Küchenzubehör;Flaschen & Kannen;Flaschentaschen;;;;;
20551;Küchenartikel & Haushaltsartikel;Küchenzubehör;Flaschen & Kannen;Flaschen;;;;;
20611;Küchenartikel & Haushaltsartikel;Küchenzubehör;Flaschen & Kannen;Karaffen;;;;;
20601;Küchenartikel & Haushaltsartikel;Küchenzubehör;Flaschen & Kannen;Kaffeebereiter;;;;;
57651;Küchenartikel & Haushaltsartikel;Küchenzubehör;Flaschen & Kannen;Kaffeekannen;;;;;
20581;Küchenartikel & Haushaltsartikel;Küchenzubehör;Flaschen & Kannen;Flachmänner;;;;;
65191;Küchenartikel & Haushaltsartikel;Küchenzubehör;Flaschen & Kannen;Milchkannen;;;;;
62691;Küchenartikel & Haushaltsartikel;Küchenzubehör;Flaschen & Kannen;Krüge;;;;;
20591;Küchenartikel & Haushaltsartikel;Küchenzubehör;Flaschen & Kannen;Teekannen;;;;;
20561;Küchenartikel & Haushaltsartikel;Küchenzubehör;Flaschen & Kannen;Thermoskannen;;;;;
10541;Küchenartikel & Haushaltsartikel;Küchenzubehör;Kochmesser & Messerschärfer;;;;;;
42901;Küchenartikel & Haushaltsartikel;Küchenzubehör;Kochmesser & Messerschärfer;Kochmesser;;;;;
22281;Küchenartikel & Haushaltsartikel;Küchenzubehör;Kochmesser & Messerschärfer;Kochmesser;Allzweckmesser;;;;
22261;Küchenartikel & Haushaltsartikel;Küchenzubehör;Kochmesser & Messerschärfer;Kochmesser;Brotmesser;;;;
22271;Küchenartikel & Haushaltsartikel;Küchenzubehör;Kochmesser & Messerschärfer;Kochmesser;Wiegemesser;;;;
22311;Küchenartikel & Haushaltsartikel;Küchenzubehör;Kochmesser & Messerschärfer;Kochmesser;Elektromesser;;;;
22231;Küchenartikel & Haushaltsartikel;Küchenzubehör;Kochmesser & Messerschärfer;Kochmesser;Fischmesser;;;;
22331;Küchenartikel & Haushaltsartikel;Küchenzubehör;Kochmesser & Messerschärfer;Kochmesser;Messer japanischer Art;;;;
36161;Küchenartikel & Haushaltsartikel;Küchenzubehör;Kochmesser & Messerschärfer;Kochmesser;Messer japanischer Art;Ajikiri-Messer;;;
36111;Küchenartikel & Haushaltsartikel;Küchenzubehör;Kochmesser & Messerschärfer;Kochmesser;Messer japanischer Art;Deba-Messer;;;
36141;Küchenartikel & Haushaltsartikel;Küchenzubehör;Kochmesser & Messerschärfer;Kochmesser;Messer japanischer Art;Gyuto-Messer;;;
36121;Küchenartikel & Haushaltsartikel;Küchenzubehör;Kochmesser & Messerschärfer;Kochmesser;Messer japanischer Art;Nakiri-Messer;;;
36191;Küchenartikel & Haushaltsartikel;Küchenzubehör;Kochmesser & Messerschärfer;Kochmesser;Messer japanischer Art;Petty-Messer;;;
36061;Küchenartikel & Haushaltsartikel;Küchenzubehör;Kochmesser & Messerschärfer;Kochmesser;Messer japanischer Art;Santokumesser;;;
36181;Küchenartikel & Haushaltsartikel;Küchenzubehör;Kochmesser & Messerschärfer;Kochmesser;Messer japanischer Art;Sashimi-Messer;;;
36091;Küchenartikel & Haushaltsartikel;Küchenzubehör;Kochmesser & Messerschärfer;Kochmesser;Messer japanischer Art;Yanagiba-Messer;;;
67451;Küchenartikel & Haushaltsartikel;Küchenzubehör;Kochmesser & Messerschärfer;Kochmesser;Messer japanischer Art;Yoshikin-Messer;;;
22301;Küchenartikel & Haushaltsartikel;Küchenzubehör;Kochmesser & Messerschärfer;Kochmesser;Messerblöcke;;;;
22291;Küchenartikel & Haushaltsartikel;Küchenzubehör;Kochmesser & Messerschärfer;Kochmesser;Messersets;;;;
22191;Küchenartikel & Haushaltsartikel;Küchenzubehör;Kochmesser & Messerschärfer;Kochmesser;Fleischmesser;;;;
36021;Küchenartikel & Haushaltsartikel;Küchenzubehör;Kochmesser & Messerschärfer;Kochmesser;Fleischmesser;Ausbeinmesser;;;
35991;Küchenartikel & Haushaltsartikel;Küchenzubehör;Kochmesser & Messerschärfer;Kochmesser;Fleischmesser;Filiermesser;;;
36011;Küchenartikel & Haushaltsartikel;Küchenzubehör;Kochmesser & Messerschärfer;Kochmesser;Fleischmesser;Schinkenmesser;;;
36001;Küchenartikel & Haushaltsartikel;Küchenzubehör;Kochmesser & Messerschärfer;Kochmesser;Fleischmesser;Steakmesser;;;
22251;Küchenartikel & Haushaltsartikel;Küchenzubehör;Kochmesser & Messerschärfer;Kochmesser;Gemüsemesser;;;;
67461;Küchenartikel & Haushaltsartikel;Küchenzubehör;Kochmesser & Messerschärfer;Messer-Zubehör;;;;;
67481;Küchenartikel & Haushaltsartikel;Küchenzubehör;Kochmesser & Messerschärfer;Messer-Zubehör;Klingenschutz;;;;
67471;Küchenartikel & Haushaltsartikel;Küchenzubehör;Kochmesser & Messerschärfer;Messer-Zubehör;Messeretuis;;;;
22321;Küchenartikel & Haushaltsartikel;Küchenzubehör;Kochmesser & Messerschärfer;Messer-Zubehör;Messerschärfer;;;;
60841;Küchenartikel & Haushaltsartikel;Küchenzubehör;Kochgeschirr;;;;;;
42891;Küchenartikel & Haushaltsartikel;Küchenzubehör;Kochgeschirr;;;;;;
11821;Küchenartikel & Haushaltsartikel;Küchenzubehör;Kochgeschirr;Pfannen;;;;;
34761;Küchenartikel & Haushaltsartikel;Küchenzubehör;Kochgeschirr;Pfannen;Schmorpfannen;;;;
61981;Küchenartikel & Haushaltsartikel;Küchenzubehör;Kochgeschirr;Pfannen;Crepespfannen;;;;
61991;Küchenartikel & Haushaltsartikel;Küchenzubehör;Kochgeschirr;Pfannen;Elektropfannen;;;;
61971;Küchenartikel & Haushaltsartikel;Küchenzubehör;Kochgeschirr;Pfannen;Fischpfannen;;;;
34751;Küchenartikel & Haushaltsartikel;Küchenzubehör;Kochgeschirr;Pfannen;Grillpfannen;;;;
61961;Küchenartikel & Haushaltsartikel;Küchenzubehör;Kochgeschirr;Pfannen;Paellapfannen;;;;
62211;Küchenartikel & Haushaltsartikel;Küchenzubehör;Kochgeschirr;Pfannen;Pfannensets;;;;
34691;Küchenartikel & Haushaltsartikel;Küchenzubehör;Kochgeschirr;Pfannen;Servierpfannen;;;;
34681;Küchenartikel & Haushaltsartikel;Küchenzubehör;Kochgeschirr;Pfannen;Universalpfannen;;;;
11851;Küchenartikel & Haushaltsartikel;Küchenzubehör;Kochgeschirr;Topf- und Pfannendeckel;;;;;
11831;Küchenartikel & Haushaltsartikel;Küchenzubehör;Kochgeschirr;Töpfe;;;;;
34801;Küchenartikel & Haushaltsartikel;Küchenzubehör;Kochgeschirr;Töpfe;Gemüsetöpfe;;;;
34831;Küchenartikel & Haushaltsartikel;Küchenzubehör;Kochgeschirr;Töpfe;Bräter;;;;
34781;Küchenartikel & Haushaltsartikel;Küchenzubehör;Kochgeschirr;Töpfe;Milchtöpfe;;;;
34851;Küchenartikel & Haushaltsartikel;Küchenzubehör;Kochgeschirr;Töpfe;Topf-Sets;;;;
34861;Küchenartikel & Haushaltsartikel;Küchenzubehör;Kochgeschirr;Töpfe;Dampfkochtöpfe;;;;
34821;Küchenartikel & Haushaltsartikel;Küchenzubehör;Kochgeschirr;Töpfe;Fleischtöpfe;;;;
34771;Küchenartikel & Haushaltsartikel;Küchenzubehör;Kochgeschirr;Töpfe;Universal-Kochtöpfe;;;;
11841;Küchenartikel & Haushaltsartikel;Küchenzubehör;Kochgeschirr;Schnellkochtöpfe;;;;;
11881;Küchenartikel & Haushaltsartikel;Küchenzubehör;Kochgeschirr;Flötenkessel;;;;;
11861;Küchenartikel & Haushaltsartikel;Küchenzubehör;Kochgeschirr;Woks;;;;;
51901;Küchenartikel & Haushaltsartikel;Küchenzubehör;Geschirre;;;;;;
10561;Küchenartikel & Haushaltsartikel;Küchenzubehör;Geschirre;;;;;;
22511;Küchenartikel & Haushaltsartikel;Küchenzubehör;Geschirre;Schüsseln & Schalen;;;;;
36521;Küchenartikel & Haushaltsartikel;Küchenzubehör;Geschirre;Schüsseln & Schalen;Schalen;;;;
57951;Küchenartikel & Haushaltsartikel;Küchenzubehör;Geschirre;Schüsseln & Schalen;Brotkörbe;;;;
36531;Küchenartikel & Haushaltsartikel;Küchenzubehör;Geschirre;Schüsseln & Schalen;Müslischalen;;;;
60331;Küchenartikel & Haushaltsartikel;Küchenzubehör;Geschirre;Schüsseln & Schalen;Dessertschalen;;;;
59511;Küchenartikel & Haushaltsartikel;Küchenzubehör;Geschirre;Schüsseln & Schalen;Eisbecher;;;;
36511;Küchenartikel & Haushaltsartikel;Küchenzubehör;Geschirre;Schüsseln & Schalen;Schüsseln;;;;
56811;Küchenartikel & Haushaltsartikel;Küchenzubehör;Geschirre;Schüsseln & Schalen;Terrinen;;;;
22561;Küchenartikel & Haushaltsartikel;Küchenzubehör;Geschirre;Frühstücksbrettchen;;;;;
22541;Küchenartikel & Haushaltsartikel;Küchenzubehör;Geschirre;Kindergeschirre;;;;;
22481;Küchenartikel & Haushaltsartikel;Küchenzubehör;Geschirre;Untersetzer;;;;;
22441;Küchenartikel & Haushaltsartikel;Küchenzubehör;Geschirre;Tassen;;;;;
22501;Küchenartikel & Haushaltsartikel;Küchenzubehör;Geschirre;Becher;;;;;
36321;Küchenartikel & Haushaltsartikel;Küchenzubehör;Geschirre;Tassen;Kaffeetassen;;;;
36481;Küchenartikel & Haushaltsartikel;Küchenzubehör;Geschirre;Becher;Kaffeebecher;;;;
65411;Küchenartikel & Haushaltsartikel;Küchenzubehör;Geschirre;Becher;Trinkbecher;;;;
36311;Küchenartikel & Haushaltsartikel;Küchenzubehör;Geschirre;Tassen;Espressotassen;;;;
69724;Küchenartikel & Haushaltsartikel;Küchenzubehör;Geschirre;Becher;Protein Shaker;;;;
57531;Küchenartikel & Haushaltsartikel;Küchenzubehör;Geschirre;Tassen;Untertassen;;;;
64201;Küchenartikel & Haushaltsartikel;Küchenzubehör;Geschirre;Tassen;Suppentassen;;;;
36341;Küchenartikel & Haushaltsartikel;Küchenzubehör;Geschirre;Tassen;Teetassen;;;;
36491;Küchenartikel & Haushaltsartikel;Küchenzubehör;Geschirre;Becher;Thermobecher;;;;
56501;Küchenartikel & Haushaltsartikel;Küchenzubehör;Geschirre;Dekanter;;;;;
22521;Küchenartikel & Haushaltsartikel;Küchenzubehör;Geschirre;Tafelservices;;;;;
36541;Küchenartikel & Haushaltsartikel;Küchenzubehör;Geschirre;Tafelservices;Kaffeeservices;;;;
36561;Küchenartikel & Haushaltsartikel;Küchenzubehör;Geschirre;Tafelservices;Kombiservices;;;;
61481;Küchenartikel & Haushaltsartikel;Küchenzubehör;Geschirre;Tafelservices;Essservices;;;;
36551;Küchenartikel & Haushaltsartikel;Küchenzubehör;Geschirre;Tafelservices;Teeservices;;;;
22451;Küchenartikel & Haushaltsartikel;Küchenzubehör;Geschirre;Platten;;;;;
22471;Küchenartikel & Haushaltsartikel;Küchenzubehör;Geschirre;Eierbecher;;;;;
22531;Küchenartikel & Haushaltsartikel;Küchenzubehör;Geschirre;Gläser;;;;;
36621;Küchenartikel & Haushaltsartikel;Küchenzubehör;Geschirre;Gläser;Biergläser;;;;
36581;Küchenartikel & Haushaltsartikel;Küchenzubehör;Geschirre;Gläser;Sektgläser;;;;
36631;Küchenartikel & Haushaltsartikel;Küchenzubehör;Geschirre;Gläser;Cocktailgläser;;;;
36601;Küchenartikel & Haushaltsartikel;Küchenzubehör;Geschirre;Gläser;Latte Macchiato-Gläser;;;;
59831;Küchenartikel & Haushaltsartikel;Küchenzubehör;Geschirre;Gläser;Sonstige Gläser;;;;
36641;Küchenartikel & Haushaltsartikel;Küchenzubehör;Geschirre;Gläser;Schnapsgläser;;;;
36661;Küchenartikel & Haushaltsartikel;Küchenzubehör;Geschirre;Gläser;Wasser- und Saftgläser;;;;
56601;Küchenartikel & Haushaltsartikel;Küchenzubehör;Geschirre;Gläser;Whiskygläser;;;;
36571;Küchenartikel & Haushaltsartikel;Küchenzubehör;Geschirre;Gläser;Weingläser;;;;
57491;Küchenartikel & Haushaltsartikel;Küchenzubehör;Geschirre;Saucieren;;;;;
57671;Küchenartikel & Haushaltsartikel;Küchenzubehör;Geschirre;Milchkännchen;;;;;
66041;Küchenartikel & Haushaltsartikel;Küchenzubehör;Geschirre;Sonstige Geschirre;;;;;
22491;Küchenartikel & Haushaltsartikel;Küchenzubehör;Geschirre;Teller;;;;;
36461;Küchenartikel & Haushaltsartikel;Küchenzubehör;Geschirre;Teller;Frühstücksteller;;;;
36381;Küchenartikel & Haushaltsartikel;Küchenzubehör;Geschirre;Teller;Platzteller;;;;
36431;Küchenartikel & Haushaltsartikel;Küchenzubehör;Geschirre;Teller;Dessertteller;;;;
36441;Küchenartikel & Haushaltsartikel;Küchenzubehör;Geschirre;Teller;Essteller;;;;
36411;Küchenartikel & Haushaltsartikel;Küchenzubehör;Geschirre;Teller;Pastateller;;;;
36391;Küchenartikel & Haushaltsartikel;Küchenzubehör;Geschirre;Teller;Pizzateller;;;;
36421;Küchenartikel & Haushaltsartikel;Küchenzubehör;Geschirre;Teller;Suppenteller;;;;
22551;Küchenartikel & Haushaltsartikel;Küchenzubehör;Geschirre;Serviertabletts;;;;;
57521;Küchenartikel & Haushaltsartikel;Küchenzubehör;Geschirre;Zuckerdosen;;;;;
36361;Küchenartikel & Haushaltsartikel;Küchenzubehör;Geschirre;Stövchen;;;;;
22461;Küchenartikel & Haushaltsartikel;Küchenzubehör;Geschirre;Etageren;;;;;
10551;Küchenartikel & Haushaltsartikel;Küchenzubehör;Bestecke & Zubehör;;;;;;
42911;Küchenartikel & Haushaltsartikel;Küchenzubehör;Bestecke & Zubehör;Bestecke;;;;;
49581;Küchenartikel & Haushaltsartikel;Küchenzubehör;Bestecke & Zubehör;Bestecke;;;;;
51871;Küchenartikel & Haushaltsartikel;Küchenzubehör;Bestecke & Zubehör;Bestecke;;;;;
60531;Küchenartikel & Haushaltsartikel;Küchenzubehör;Bestecke & Zubehör;Bestecke;Tortenheber;;;;
22361;Küchenartikel & Haushaltsartikel;Küchenzubehör;Bestecke & Zubehör;Bestecke;Campingbestecke;;;;
56591;Küchenartikel & Haushaltsartikel;Küchenzubehör;Bestecke & Zubehör;Bestecke;Kinderbestecke;;;;
56521;Küchenartikel & Haushaltsartikel;Küchenzubehör;Bestecke & Zubehör;Bestecke;Essstäbchen;;;;
22431;Küchenartikel & Haushaltsartikel;Küchenzubehör;Bestecke & Zubehör;Bestecke;Besteck-Einzelteile;;;;
58931;Küchenartikel & Haushaltsartikel;Küchenzubehör;Bestecke & Zubehör;Bestecke;Besteck-Einzelteile;Barlöffel;;;
36221;Küchenartikel & Haushaltsartikel;Küchenzubehör;Bestecke & Zubehör;Bestecke;Besteck-Einzelteile;Brötchenmesser;;;
36241;Küchenartikel & Haushaltsartikel;Küchenzubehör;Bestecke & Zubehör;Bestecke;Besteck-Einzelteile;Buttermesser;;;
36231;Küchenartikel & Haushaltsartikel;Küchenzubehör;Bestecke & Zubehör;Bestecke;Besteck-Einzelteile;Käsemesser;;;
36261;Küchenartikel & Haushaltsartikel;Küchenzubehör;Bestecke & Zubehör;Bestecke;Besteck-Einzelteile;Kuchengabeln;;;
36271;Küchenartikel & Haushaltsartikel;Küchenzubehör;Bestecke & Zubehör;Bestecke;Besteck-Einzelteile;Espressolöffel;;;
60601;Küchenartikel & Haushaltsartikel;Küchenzubehör;Bestecke & Zubehör;Bestecke;Besteck-Einzelteile;Fonduegabeln;;;
36301;Küchenartikel & Haushaltsartikel;Küchenzubehör;Bestecke & Zubehör;Bestecke;Besteck-Einzelteile;Gabeln;;;
36251;Küchenartikel & Haushaltsartikel;Küchenzubehör;Bestecke & Zubehör;Bestecke;Besteck-Einzelteile;Vespermesser;;;
36291;Küchenartikel & Haushaltsartikel;Küchenzubehör;Bestecke & Zubehör;Bestecke;Besteck-Einzelteile;Löffel;;;
36201;Küchenartikel & Haushaltsartikel;Küchenzubehör;Bestecke & Zubehör;Bestecke;Besteck-Einzelteile;Tafelmesser;;;
36281;Küchenartikel & Haushaltsartikel;Küchenzubehör;Bestecke & Zubehör;Bestecke;Besteck-Einzelteile;Teelöffel;;;
22411;Küchenartikel & Haushaltsartikel;Küchenzubehör;Bestecke & Zubehör;Bestecke;Bestecksets;;;;
22351;Küchenartikel & Haushaltsartikel;Küchenzubehör;Bestecke & Zubehör;Bestecke;Dessertbestecke;;;;
22371;Küchenartikel & Haushaltsartikel;Küchenzubehör;Bestecke & Zubehör;Bestecke;Fischbestecke;;;;
22391;Küchenartikel & Haushaltsartikel;Küchenzubehör;Bestecke & Zubehör;Bestecke;Kuchenbestecke;;;;
22381;Küchenartikel & Haushaltsartikel;Küchenzubehör;Bestecke & Zubehör;Bestecke;Plastikbestecke;;;;
56851;Küchenartikel & Haushaltsartikel;Küchenzubehör;Bestecke & Zubehör;Bestecke;Salatbestecke;;;;
22401;Küchenartikel & Haushaltsartikel;Küchenzubehör;Bestecke & Zubehör;Bestecke;Steakbestecke;;;;
22341;Küchenartikel & Haushaltsartikel;Küchenzubehör;Bestecke & Zubehör;Bestecke;Tafelbestecke;;;;
68142;Küchenartikel & Haushaltsartikel;Küchenzubehör;Bestecke & Zubehör;Besteck-Zubehör;;;;;
68152;Küchenartikel & Haushaltsartikel;Küchenzubehör;Bestecke & Zubehör;Besteck-Zubehör;;;;;
65271;Küchenartikel & Haushaltsartikel;Küchenzubehör;Bestecke & Zubehör;Besteck-Zubehör;;;;;
22421;Küchenartikel & Haushaltsartikel;Küchenzubehör;Bestecke & Zubehör;Besteck-Zubehör;Besteckkästen;;;;
64191;Küchenartikel & Haushaltsartikel;Küchenzubehör;Bestecke & Zubehör;Besteck-Zubehör;Magnetleisten;;;;
65441;Küchenartikel & Haushaltsartikel;Küchenzubehör;Bestecke & Zubehör;Besteck-Zubehör;Sonstiges Besteckzubehör;;;;
10501;Küchenartikel & Haushaltsartikel;Küchenzubehör;Küchenhelfer;;;;;;
20481;Küchenartikel & Haushaltsartikel;Küchenzubehör;Küchenhelfer;Spritzschutz;;;;;
59271;Küchenartikel & Haushaltsartikel;Küchenzubehör;Küchenhelfer;Buffetständer;;;;;
56471;Küchenartikel & Haushaltsartikel;Küchenzubehör;Küchenhelfer;Dosenöffner;;;;;
68994;Küchenartikel & Haushaltsartikel;Küchenzubehör;Küchenhelfer;Glaskeramikfeldschaber;;;;;
20421;Küchenartikel & Haushaltsartikel;Küchenzubehör;Küchenhelfer;Kochbestecke;;;;;
55391;Küchenartikel & Haushaltsartikel;Küchenzubehör;Küchenhelfer;Kochbestecke;;;;;
55511;Küchenartikel & Haushaltsartikel;Küchenzubehör;Küchenhelfer;Kochbestecke;;;;;
57721;Küchenartikel & Haushaltsartikel;Küchenzubehör;Küchenhelfer;Kochbestecke;Kochbesteck-Sets;;;;
56991;Küchenartikel & Haushaltsartikel;Küchenzubehör;Küchenhelfer;Kochbestecke;Kochlöffel;;;;
35421;Küchenartikel & Haushaltsartikel;Küchenzubehör;Küchenhelfer;Kochbestecke;Küchenzangen;;;;
35591;Küchenartikel & Haushaltsartikel;Küchenzubehör;Küchenhelfer;Kochbestecke;Schöpfkellen;;;;
57561;Küchenartikel & Haushaltsartikel;Küchenzubehör;Küchenhelfer;Kochbestecke;Fleischgabeln;;;;
35511;Küchenartikel & Haushaltsartikel;Küchenzubehör;Küchenhelfer;Kochbestecke;Fleischklopfer;;;;
59661;Küchenartikel & Haushaltsartikel;Küchenzubehör;Küchenhelfer;Kochbestecke;Fleischspieße;;;;
65321;Küchenartikel & Haushaltsartikel;Küchenzubehör;Küchenhelfer;Kochbestecke;Sonstige Kochbestecke;;;;
35471;Küchenartikel & Haushaltsartikel;Küchenzubehör;Küchenhelfer;Kochbestecke;Kartoffelstampfer;;;;
35491;Küchenartikel & Haushaltsartikel;Küchenzubehör;Küchenhelfer;Kochbestecke;Schaumlöffel;;;;
35451;Küchenartikel & Haushaltsartikel;Küchenzubehör;Küchenhelfer;Kochbestecke;Pfannenwender;;;;
35431;Küchenartikel & Haushaltsartikel;Küchenzubehör;Küchenhelfer;Kochbestecke;Schneebesen;;;;
69446;Küchenartikel & Haushaltsartikel;Küchenzubehör;Küchenhelfer;Sahnespender;;;;;
20461;Küchenartikel & Haushaltsartikel;Küchenzubehör;Küchenhelfer;Schneidebretter;;;;;
34641;Küchenartikel & Haushaltsartikel;Küchenzubehör;Küchenhelfer;Abtropfgitter;;;;;
20521;Küchenartikel & Haushaltsartikel;Küchenzubehör;Küchenhelfer;Eierköpfer;;;;;
20491;Küchenartikel & Haushaltsartikel;Küchenzubehör;Küchenhelfer;Eierpiekser;;;;;
20511;Küchenartikel & Haushaltsartikel;Küchenzubehör;Küchenhelfer;Eieruhren;;;;;
60591;Küchenartikel & Haushaltsartikel;Küchenzubehör;Küchenhelfer;Folienschneider;;;;;
61921;Küchenartikel & Haushaltsartikel;Küchenzubehör;Küchenhelfer;Trichter;;;;;
51881;Küchenartikel & Haushaltsartikel;Küchenzubehör;Küchenhelfer;Reiben & Zerkleinern;;;;;
20541;Küchenartikel & Haushaltsartikel;Küchenzubehör;Küchenhelfer;Reiben & Zerkleinern;;;;;
35791;Küchenartikel & Haushaltsartikel;Küchenzubehör;Küchenhelfer;Reiben & Zerkleinern;Krauthobel;;;;
35751;Küchenartikel & Haushaltsartikel;Küchenzubehör;Küchenhelfer;Reiben & Zerkleinern;Käsereiben;;;;
35801;Küchenartikel & Haushaltsartikel;Küchenzubehör;Küchenhelfer;Reiben & Zerkleinern;Käsehobel;;;;
35921;Küchenartikel & Haushaltsartikel;Küchenzubehör;Küchenhelfer;Reiben & Zerkleinern;Entkerner;;;;
35841;Küchenartikel & Haushaltsartikel;Küchenzubehör;Küchenhelfer;Reiben & Zerkleinern;Eierteiler;;;;
35831;Küchenartikel & Haushaltsartikel;Küchenzubehör;Küchenhelfer;Reiben & Zerkleinern;Obstteiler;;;;
35821;Küchenartikel & Haushaltsartikel;Küchenzubehör;Küchenhelfer;Reiben & Zerkleinern;Knoblauchpressen;;;;
35731;Küchenartikel & Haushaltsartikel;Küchenzubehör;Küchenhelfer;Reiben & Zerkleinern;Multireiben;;;;
35911;Küchenartikel & Haushaltsartikel;Küchenzubehör;Küchenhelfer;Reiben & Zerkleinern;Mörser;;;;
35871;Küchenartikel & Haushaltsartikel;Küchenzubehör;Küchenhelfer;Reiben & Zerkleinern;Zwiebelschneider;;;;
35961;Küchenartikel & Haushaltsartikel;Küchenzubehör;Küchenhelfer;Reiben & Zerkleinern;Sparschäler;;;;
35891;Küchenartikel & Haushaltsartikel;Küchenzubehör;Küchenhelfer;Reiben & Zerkleinern;Pommes-Frites-Schneider;;;;
35941;Küchenartikel & Haushaltsartikel;Küchenzubehör;Küchenhelfer;Reiben & Zerkleinern;Kartoffelpressen;;;;
63201;Küchenartikel & Haushaltsartikel;Küchenzubehör;Küchenhelfer;Reiben & Zerkleinern;Spätzlepressen & -hobel;;;;
62131;Küchenartikel & Haushaltsartikel;Küchenzubehör;Küchenhelfer;Reiben & Zerkleinern;Trüffelhobel;;;;
35861;Küchenartikel & Haushaltsartikel;Küchenzubehör;Küchenhelfer;Reiben & Zerkleinern;Gemüseschneider;;;;
35771;Küchenartikel & Haushaltsartikel;Küchenzubehör;Küchenhelfer;Reiben & Zerkleinern;Gemüsereiben;;;;
60761;Küchenartikel & Haushaltsartikel;Küchenzubehör;Küchenhelfer;Hamburgerpressen;;;;;
20451;Küchenartikel & Haushaltsartikel;Küchenzubehör;Küchenhelfer;Eisportionierer;;;;;
62901;Küchenartikel & Haushaltsartikel;Küchenzubehör;Küchenhelfer;Kugelausstecher;;;;;
58611;Küchenartikel & Haushaltsartikel;Küchenzubehör;Küchenhelfer;Sonstige Küchenhelfer;;;;;
56511;Küchenartikel & Haushaltsartikel;Küchenzubehör;Küchenhelfer;Essig- & Ölspender;;;;;
60831;Küchenartikel & Haushaltsartikel;Küchenzubehör;Küchenhelfer;Pfannenschutz;;;;;
20441;Küchenartikel & Haushaltsartikel;Küchenzubehör;Küchenhelfer;Pizzaschneider;;;;;
63651;Küchenartikel & Haushaltsartikel;Küchenzubehör;Küchenhelfer;Pizzaschaufeln;;;;;
56841;Küchenartikel & Haushaltsartikel;Küchenzubehör;Küchenhelfer;Salatschleudern;;;;;
20531;Küchenartikel & Haushaltsartikel;Küchenzubehör;Küchenhelfer;Siebe;;;;;
62801;Küchenartikel & Haushaltsartikel;Küchenzubehör;Küchenhelfer;Siebe;Barsiebe;;;;
62791;Küchenartikel & Haushaltsartikel;Küchenzubehör;Küchenhelfer;Siebe;Seiher;;;;
62821;Küchenartikel & Haushaltsartikel;Küchenzubehör;Küchenhelfer;Siebe;Mehlsiebe;;;;
62781;Küchenartikel & Haushaltsartikel;Küchenzubehör;Küchenhelfer;Siebe;Küchensiebe;;;;
62841;Küchenartikel & Haushaltsartikel;Küchenzubehör;Küchenhelfer;Siebe;Abflusssiebe;;;;
62771;Küchenartikel & Haushaltsartikel;Küchenzubehör;Küchenhelfer;Siebe;Teesiebe;;;;
20431;Küchenartikel & Haushaltsartikel;Küchenzubehör;Küchenhelfer;Gewürzmühlen & -streuer;;;;;
59101;Küchenartikel & Haushaltsartikel;Küchenzubehör;Küchenhelfer;Gewürzmühlen & -streuer;Menagen;;;;
35691;Küchenartikel & Haushaltsartikel;Küchenzubehör;Küchenhelfer;Gewürzmühlen & -streuer;Salz- & Pfeffermühlen;;;;
35631;Küchenartikel & Haushaltsartikel;Küchenzubehör;Küchenhelfer;Gewürzmühlen & -streuer;Salz- & Pfefferstreuer;;;;
35621;Küchenartikel & Haushaltsartikel;Küchenzubehör;Küchenhelfer;Gewürzmühlen & -streuer;Gewürzmühlen;;;;
35671;Küchenartikel & Haushaltsartikel;Küchenzubehör;Küchenhelfer;Gewürzmühlen & -streuer;Zuckerstreuer;;;;
56701;Küchenartikel & Haushaltsartikel;Küchenzubehör;Küchenhelfer;Überkochschutz;;;;;
64061;Küchenartikel & Haushaltsartikel;Küchenzubehör;Küchenhelfer;Tee- & Gewürzkugeln;;;;;
61171;Küchenartikel & Haushaltsartikel;Küchenzubehör;Küchenhelfer;Zitronenschaber;;;;;
10491;Küchenartikel & Haushaltsartikel;Küchenzubehör;Küchenaufbewahrung;;;;;;
20291;Küchenartikel & Haushaltsartikel;Küchenzubehör;Küchenaufbewahrung;Brotkästen;;;;;
20411;Küchenartikel & Haushaltsartikel;Küchenzubehör;Küchenaufbewahrung;Buffetvitrinen;;;;;
20311;Küchenartikel & Haushaltsartikel;Küchenzubehör;Küchenaufbewahrung;Butterdosen;;;;;
60521;Küchenartikel & Haushaltsartikel;Küchenzubehör;Küchenaufbewahrung;Tortenbutler;;;;;
68322;Küchenartikel & Haushaltsartikel;Küchenzubehör;Küchenaufbewahrung;Dosendeckel;;;;;
20351;Küchenartikel & Haushaltsartikel;Küchenzubehör;Küchenaufbewahrung;Einmachgläser;;;;;
35381;Küchenartikel & Haushaltsartikel;Küchenzubehör;Küchenaufbewahrung;Einmachgläser;Marmeladengläser;;;;
35401;Küchenartikel & Haushaltsartikel;Küchenzubehör;Küchenaufbewahrung;Einmachgläser;Einkochgläser;;;;
57841;Küchenartikel & Haushaltsartikel;Küchenzubehör;Küchenaufbewahrung;Käseglocken;;;;;
20331;Küchenartikel & Haushaltsartikel;Küchenzubehör;Küchenaufbewahrung;Kaffeedosen;;;;;
53441;Küchenartikel & Haushaltsartikel;Küchenzubehör;Küchenaufbewahrung;Kühltaschen & -boxen;;;;;
26331;Küchenartikel & Haushaltsartikel;Küchenzubehör;Küchenaufbewahrung;Kühltaschen & -boxen;Kühltaschen;;;;
20371;Küchenartikel & Haushaltsartikel;Küchenzubehör;Küchenaufbewahrung;Kühltaschen & -boxen;Kühlboxen;;;;
53451;Küchenartikel & Haushaltsartikel;Küchenzubehör;Küchenaufbewahrung;Kühltaschen & -boxen;Kühlakkus;;;;
61681;Küchenartikel & Haushaltsartikel;Küchenzubehör;Küchenaufbewahrung;Tellerglocken;;;;;
68910;Küchenartikel & Haushaltsartikel;Küchenzubehör;Küchenaufbewahrung;Thermobehälter;;;;;
20381;Küchenartikel & Haushaltsartikel;Küchenzubehör;Küchenaufbewahrung;Küchenrollenhalter;;;;;
69767;Küchenartikel & Haushaltsartikel;Küchenzubehör;Küchenaufbewahrung;Küchenutensilienhalter;;;;;
20361;Küchenartikel & Haushaltsartikel;Küchenzubehör;Küchenaufbewahrung;Lunchboxen;;;;;
63581;Küchenartikel & Haushaltsartikel;Küchenzubehör;Küchenaufbewahrung;Mikrowellengeschirr;;;;;
57091;Küchenartikel & Haushaltsartikel;Küchenzubehör;Küchenaufbewahrung;Sonstige Küchenaufbewahrung;;;;;
59311;Küchenartikel & Haushaltsartikel;Küchenzubehör;Küchenaufbewahrung;Müslispender;;;;;
62741;Küchenartikel & Haushaltsartikel;Küchenzubehör;Küchenaufbewahrung;Serviettenhalter;;;;;
62751;Küchenartikel & Haushaltsartikel;Küchenzubehör;Küchenaufbewahrung;Serviettenringe;;;;;
20301;Küchenartikel & Haushaltsartikel;Küchenzubehör;Küchenaufbewahrung;Gebäckdosen;;;;;
68332;Küchenartikel & Haushaltsartikel;Küchenzubehör;Küchenaufbewahrung;Rumtöpfe;;;;;
26531;Küchenartikel & Haushaltsartikel;Küchenzubehör;Küchenaufbewahrung;Servierwagen;;;;;
60881;Küchenartikel & Haushaltsartikel;Küchenzubehör;Küchenaufbewahrung;Gewürzregale;;;;;
20281;Küchenartikel & Haushaltsartikel;Küchenzubehör;Küchenaufbewahrung;Vorratsdosen;;;;;
20321;Küchenartikel & Haushaltsartikel;Küchenzubehör;Küchenaufbewahrung;Teeboxen;;;;;
20341;Küchenartikel & Haushaltsartikel;Küchenzubehör;Küchenaufbewahrung;Teedosen;;;;;
10531;Küchenartikel & Haushaltsartikel;Küchenzubehör;Küchentextilien;;;;;;
57591;Küchenartikel & Haushaltsartikel;Küchenzubehör;Küchentextilien;Kittelschürzen;;;;;
63631;Küchenartikel & Haushaltsartikel;Küchenzubehör;Küchentextilien;Passiertücher;;;;;
20671;Küchenartikel & Haushaltsartikel;Küchenzubehör;Küchentextilien;Kochschürzen;;;;;
20681;Küchenartikel & Haushaltsartikel;Küchenzubehör;Küchentextilien;Geschirrtücher;;;;;
57971;Küchenartikel & Haushaltsartikel;Küchenzubehör;Küchentextilien;Ofenhandschuhe;;;;;
20691;Küchenartikel & Haushaltsartikel;Küchenzubehör;Küchentextilien;Tischsets;;;;;
20661;Küchenartikel & Haushaltsartikel;Küchenzubehör;Küchentextilien;Topflappen;;;;;
58531;Küchenartikel & Haushaltsartikel;Küchenzubehör;Sonstiges Küchenzubehör;;;;;;
10521;Küchenartikel & Haushaltsartikel;Küchenzubehör;Backofenzubehör;;;;;;
20641;Küchenartikel & Haushaltsartikel;Küchenzubehör;Backofenzubehör;Backbleche;;;;;
20621;Küchenartikel & Haushaltsartikel;Küchenzubehör;Backofenzubehör;Fettpfannen;;;;;
62011;Küchenartikel & Haushaltsartikel;Küchenzubehör;Backofenzubehör;Herdabdeckplatten;;;;;
58651;Küchenartikel & Haushaltsartikel;Küchenzubehör;Backofenzubehör;Sonstiges Backofenzubehör;;;;;
20651;Küchenartikel & Haushaltsartikel;Küchenzubehör;Backofenzubehör;Backofenroste;;;;;
62001;Küchenartikel & Haushaltsartikel;Küchenzubehör;Backofenzubehör;Backofen-Ersatzteile;;;;;
20631;Küchenartikel & Haushaltsartikel;Küchenzubehör;Backofenzubehör;Pizzableche;;;;;
52591;Küchenartikel & Haushaltsartikel;Küchenzubehör;Ofenformen;;;;;;
52601;Küchenartikel & Haushaltsartikel;Küchenzubehör;Ofenformen;Hähnchenbräter;;;;;
11891;Küchenartikel & Haushaltsartikel;Küchenzubehör;Ofenformen;Römertöpfe;;;;;
11901;Küchenartikel & Haushaltsartikel;Küchenzubehör;Ofenformen;Auflaufformen;;;;;
52611;Küchenartikel & Haushaltsartikel;Küchenzubehör;Ofenformen;Souffleformen;;;;;
9781;Küchenartikel & Haushaltsartikel;Küchengeräte;;;;;;;
45401;Küchenartikel & Haushaltsartikel;Küchengeräte;Küchengroßgeräte;;;;;;
55491;Küchenartikel & Haushaltsartikel;Küchengeräte;Küchengroßgeräte;;;;;;
33501;Küchenartikel & Haushaltsartikel;Küchengeräte;Küchengroßgeräte;Kühlgeräte;;;;;
33571;Küchenartikel & Haushaltsartikel;Küchengeräte;Küchengroßgeräte;Kühlgeräte;Fasskühler;;;;
33591;Küchenartikel & Haushaltsartikel;Küchengeräte;Küchengroßgeräte;Kühlgeräte;Flaschenkühlschränke;;;;
33741;Küchenartikel & Haushaltsartikel;Küchengeräte;Küchengroßgeräte;Kühlgeräte;Kühl-/Gefrierkombinationen;;;;
33921;Küchenartikel & Haushaltsartikel;Küchengeräte;Küchengroßgeräte;Kühlgeräte;Kühlgeräte Ersatzteile;;;;
33621;Küchenartikel & Haushaltsartikel;Küchengeräte;Küchengroßgeräte;Kühlgeräte;Kühlvitrinen;;;;
33551;Küchenartikel & Haushaltsartikel;Küchengeräte;Küchengroßgeräte;Kühlgeräte;Elektrische Kühlboxen;;;;
33801;Küchenartikel & Haushaltsartikel;Küchengeräte;Küchengroßgeräte;Kühlgeräte;Gefriergeräte;;;;
33851;Küchenartikel & Haushaltsartikel;Küchengeräte;Küchengroßgeräte;Kühlgeräte;Gefriergeräte;Schockfroster;;;
33881;Küchenartikel & Haushaltsartikel;Küchengeräte;Küchengroßgeräte;Kühlgeräte;Gefriergeräte;Tiefkühltruhen;;;
33811;Küchenartikel & Haushaltsartikel;Küchengeräte;Küchengroßgeräte;Kühlgeräte;Gefriergeräte;Tiefkühlschränke;;;
33721;Küchenartikel & Haushaltsartikel;Küchengeräte;Küchengroßgeräte;Kühlgeräte;Minikühlschränke;;;;
33651;Küchenartikel & Haushaltsartikel;Küchengeräte;Küchengroßgeräte;Kühlgeräte;Kühltische;;;;
33781;Küchenartikel & Haushaltsartikel;Küchengeräte;Küchengroßgeräte;Kühlgeräte;Kühlschränke;;;;
33691;Küchenartikel & Haushaltsartikel;Küchengeräte;Küchengroßgeräte;Kühlgeräte;Weinkühlschränke;;;;
33941;Küchenartikel & Haushaltsartikel;Küchengeräte;Küchengroßgeräte;Geschirrspüler & Zubehör;;;;;
41801;Küchenartikel & Haushaltsartikel;Küchengeräte;Küchengroßgeräte;Geschirrspüler & Zubehör;Spülmaschinenzubehör;;;;
33991;Küchenartikel & Haushaltsartikel;Küchengeräte;Küchengroßgeräte;Geschirrspüler & Zubehör;Spülmaschinenzubehör;Besteckkörbe;;;
34021;Küchenartikel & Haushaltsartikel;Küchengeräte;Küchengroßgeräte;Geschirrspüler & Zubehör;Spülmaschinenzubehör;Geschirrkörbe;;;
33971;Küchenartikel & Haushaltsartikel;Küchengeräte;Küchengroßgeräte;Geschirrspüler & Zubehör;Geschirrspüler;;;;
66161;Küchenartikel & Haushaltsartikel;Küchengeräte;Küchengroßgeräte;Dunstabzugshauben-Zubehör;;;;;
33471;Küchenartikel & Haushaltsartikel;Küchengeräte;Küchengroßgeräte;Dunstabzugshauben;;;;;
41951;Küchenartikel & Haushaltsartikel;Küchengeräte;Küchengroßgeräte;Dunstabzugshauben;Kopffreihauben;;;;
41941;Küchenartikel & Haushaltsartikel;Küchengeräte;Küchengroßgeräte;Dunstabzugshauben;Kaminhauben;;;;
41931;Küchenartikel & Haushaltsartikel;Küchengeräte;Küchengroßgeräte;Dunstabzugshauben;Inselhauben;;;;
41921;Küchenartikel & Haushaltsartikel;Küchengeräte;Küchengroßgeräte;Dunstabzugshauben;Unterbauhauben;;;;
41911;Küchenartikel & Haushaltsartikel;Küchengeräte;Küchengroßgeräte;Dunstabzugshauben;Wandhauben;;;;
45561;Küchenartikel & Haushaltsartikel;Küchengeräte;Küchengroßgeräte;Küchengroßgeräte-Ersatzteile;;;;;
68937;Küchenartikel & Haushaltsartikel;Küchengeräte;Küchengroßgeräte;Backöfen & Herde;;;;;
68936;Küchenartikel & Haushaltsartikel;Küchengeräte;Küchengroßgeräte;Backöfen & Herde;;;;;
68933;Küchenartikel & Haushaltsartikel;Küchengeräte;Küchengroßgeräte;Backöfen & Herde;;;;;
33351;Küchenartikel & Haushaltsartikel;Küchengeräte;Küchengroßgeräte;Backöfen & Herde;Kochfelder;;;;
33451;Küchenartikel & Haushaltsartikel;Küchengeräte;Küchengroßgeräte;Backöfen & Herde;Kochfelder;Gusseisenfelder;;;
68993;Küchenartikel & Haushaltsartikel;Küchengeräte;Küchengroßgeräte;Backöfen & Herde;Kochfelder;Glaskeramikfelder;;;
33431;Küchenartikel & Haushaltsartikel;Küchengeräte;Küchengroßgeräte;Backöfen & Herde;Kochfelder;Gasfelder;;;
33411;Küchenartikel & Haushaltsartikel;Küchengeräte;Küchengroßgeräte;Backöfen & Herde;Kochfelder;Induktionskochfelder;;;
68934;Küchenartikel & Haushaltsartikel;Küchengeräte;Küchengroßgeräte;Backöfen & Herde;Herdsets;;;;
52121;Küchenartikel & Haushaltsartikel;Küchengeräte;Küchengroßgeräte;Backöfen & Herde;Backöfen;;;;
33111;Küchenartikel & Haushaltsartikel;Küchengeräte;Küchengroßgeräte;Backöfen & Herde;Beistellherde;;;;
45391;Küchenartikel & Haushaltsartikel;Küchengeräte;Küchenkleingeräte;;;;;;
56331;Küchenartikel & Haushaltsartikel;Küchengeräte;Küchenkleingeräte;Allesschneider;;;;;
10361;Küchenartikel & Haushaltsartikel;Küchengeräte;Küchenkleingeräte;Mixer;;;;;
11111;Küchenartikel & Haushaltsartikel;Küchengeräte;Küchenkleingeräte;Mixer;Stabmixer;;;;
11131;Küchenartikel & Haushaltsartikel;Küchengeräte;Küchenkleingeräte;Mixer;Handmixer;;;;
11101;Küchenartikel & Haushaltsartikel;Küchengeräte;Küchenkleingeräte;Mixer;Standmixer;;;;
10061;Küchenartikel & Haushaltsartikel;Küchengeräte;Küchenkleingeräte;Brotbackautomaten;;;;;
9961;Küchenartikel & Haushaltsartikel;Küchengeräte;Küchenkleingeräte;Brötchenbäcker;;;;;
61781;Küchenartikel & Haushaltsartikel;Küchengeräte;Küchenkleingeräte;Cake-Pop-Maker;;;;;
68929;Küchenartikel & Haushaltsartikel;Küchengeräte;Küchenkleingeräte;Zuckerwattemaschinen;;;;;
51851;Küchenartikel & Haushaltsartikel;Küchengeräte;Küchenkleingeräte;Gastronomiebedarf;;;;;
51841;Küchenartikel & Haushaltsartikel;Küchengeräte;Küchenkleingeräte;Gastronomiebedarf;;;;;
10421;Küchenartikel & Haushaltsartikel;Küchengeräte;Küchenkleingeräte;Gastronomiebedarf;;;;;
51831;Küchenartikel & Haushaltsartikel;Küchengeräte;Küchenkleingeräte;Gastronomiebedarf;;;;;
69280;Küchenartikel & Haushaltsartikel;Küchengeräte;Küchenkleingeräte;Gastronomiebedarf;Tiefkühlzellen;;;;
33201;Küchenartikel & Haushaltsartikel;Küchengeräte;Küchenkleingeräte;Gastronomiebedarf;Kochkessel;;;;
61011;Küchenartikel & Haushaltsartikel;Küchengeräte;Küchenkleingeräte;Gastronomiebedarf;GN-Behälter;;;;
63821;Küchenartikel & Haushaltsartikel;Küchengeräte;Küchenkleingeräte;Gastronomiebedarf;GN-Deckel;;;;
33171;Küchenartikel & Haushaltsartikel;Küchengeräte;Küchenkleingeräte;Gastronomiebedarf;Griddleplatten;;;;
58911;Küchenartikel & Haushaltsartikel;Küchengeräte;Küchenkleingeräte;Gastronomiebedarf;Sonstiges Gastronomiezubehör;;;;
33151;Küchenartikel & Haushaltsartikel;Küchengeräte;Küchenkleingeräte;Gastronomiebedarf;Multibräter;;;;
69778;Küchenartikel & Haushaltsartikel;Küchengeräte;Küchenkleingeräte;Gastronomiebedarf;Wurstfüllmaschinen;;;;
33121;Küchenartikel & Haushaltsartikel;Küchengeräte;Küchenkleingeräte;Gastronomiebedarf;Kippbräter;;;;
10011;Küchenartikel & Haushaltsartikel;Küchengeräte;Küchenkleingeräte;Chafing Dishes;;;;;
10041;Küchenartikel & Haushaltsartikel;Küchengeräte;Küchenkleingeräte;Schokoladenbrunnen;;;;;
64071;Küchenartikel & Haushaltsartikel;Küchengeräte;Küchenkleingeräte;Zitrus- & Saftpressen;;;;;
10371;Küchenartikel & Haushaltsartikel;Küchengeräte;Küchenkleingeräte;Kaffeemaschinen & Zubehör;;;;;
55501;Küchenartikel & Haushaltsartikel;Küchengeräte;Küchenkleingeräte;Kaffeemaschinen & Zubehör;Kaffeemaschinenzubehör;;;;
34351;Küchenartikel & Haushaltsartikel;Küchengeräte;Küchenkleingeräte;Kaffeemaschinen & Zubehör;Kaffeemaschinenzubehör;;;;
34591;Küchenartikel & Haushaltsartikel;Küchengeräte;Küchenkleingeräte;Kaffeemaschinen & Zubehör;Kaffeemaschinenzubehör;Kapselhalter;;;
34411;Küchenartikel & Haushaltsartikel;Küchengeräte;Küchenkleingeräte;Kaffeemaschinen & Zubehör;Kaffeemaschinenzubehör;Kaffeefilter;;;
34371;Küchenartikel & Haushaltsartikel;Küchengeräte;Küchenkleingeräte;Kaffeemaschinen & Zubehör;Kaffeemaschinenzubehör;Kaffeemühlen;;;
34381;Küchenartikel & Haushaltsartikel;Küchengeräte;Küchenkleingeräte;Kaffeemaschinen & Zubehör;Kaffeemaschinenzubehör;Kaffeemühlen;Elektrische Kaffeemühlen;;
34391;Küchenartikel & Haushaltsartikel;Küchengeräte;Küchenkleingeräte;Kaffeemaschinen & Zubehör;Kaffeemaschinenzubehör;Kaffeemühlen;Handkaffeemühlen;;
69097;Küchenartikel & Haushaltsartikel;Küchengeräte;Küchenkleingeräte;Kaffeemaschinen & Zubehör;Kaffeemaschinenzubehör;Kaffeemaschinenreiniger;;;
69690;Küchenartikel & Haushaltsartikel;Küchengeräte;Küchenkleingeräte;Kaffeemaschinen & Zubehör;Kaffeemaschinenzubehör;Kaffeemaschinen-Abtropfgitter;;;
34661;Küchenartikel & Haushaltsartikel;Küchengeräte;Küchenkleingeräte;Kaffeemaschinen & Zubehör;Kaffeemaschinenzubehör;Kaffeemaschinen-Ersatzteile;;;
61061;Küchenartikel & Haushaltsartikel;Küchengeräte;Küchenkleingeräte;Kaffeemaschinen & Zubehör;Kaffeemaschinenzubehör;Kaffeeautomaten-Wasserfilter;;;
60121;Küchenartikel & Haushaltsartikel;Küchengeräte;Küchenkleingeräte;Kaffeemaschinen & Zubehör;Kaffeemaschinenzubehör;Kaffeeportionierer;;;
45381;Küchenartikel & Haushaltsartikel;Küchengeräte;Küchenkleingeräte;Kaffeemaschinen & Zubehör;Kaffeemaschinenzubehör;Sonstiges Kaffeemaschinenzubehör;;;
34671;Küchenartikel & Haushaltsartikel;Küchengeräte;Küchenkleingeräte;Kaffeemaschinen & Zubehör;Kaffeemaschinenzubehör;Dichtungsringe;;;
34361;Küchenartikel & Haushaltsartikel;Küchengeräte;Küchenkleingeräte;Kaffeemaschinen & Zubehör;Kaffeemaschinenzubehör;Padhalter;;;
34621;Küchenartikel & Haushaltsartikel;Küchengeräte;Küchenkleingeräte;Kaffeemaschinen & Zubehör;Kaffeemaschinenzubehör;Ersatz-Glaskannen;;;
34601;Küchenartikel & Haushaltsartikel;Küchengeräte;Küchenkleingeräte;Kaffeemaschinen & Zubehör;Kaffeemaschinenzubehör;Wasserbehälter;;;
34341;Küchenartikel & Haushaltsartikel;Küchengeräte;Küchenkleingeräte;Kaffeemaschinen & Zubehör;Kaffeemaschinen;;;;
11241;Küchenartikel & Haushaltsartikel;Küchengeräte;Küchenkleingeräte;Kaffeemaschinen & Zubehör;Kaffeemaschinen;Kaffeekapselmaschinen;;;
11201;Küchenartikel & Haushaltsartikel;Küchengeräte;Küchenkleingeräte;Kaffeemaschinen & Zubehör;Kaffeemaschinen;Kaffeepadmaschinen;;;
61051;Küchenartikel & Haushaltsartikel;Küchengeräte;Küchenkleingeräte;Kaffeemaschinen & Zubehör;Kaffeemaschinen;Espressokocher;;;
11211;Küchenartikel & Haushaltsartikel;Küchengeräte;Küchenkleingeräte;Kaffeemaschinen & Zubehör;Kaffeemaschinen;Filterkaffeemaschinen;;;
11171;Küchenartikel & Haushaltsartikel;Küchengeräte;Küchenkleingeräte;Kaffeemaschinen & Zubehör;Kaffeemaschinen;Kaffeevollautomaten;;;
11161;Küchenartikel & Haushaltsartikel;Küchengeräte;Küchenkleingeräte;Kaffeemaschinen & Zubehör;Kaffeemaschinen;Siebträger-/Espressomaschinen;;;
70177;Küchenartikel & Haushaltsartikel;Küchengeräte;Küchenkleingeräte;Kontaktgrills;;;;;
10021;Küchenartikel & Haushaltsartikel;Küchengeräte;Küchenkleingeräte;Crêpes-Maker;;;;;
59461;Küchenartikel & Haushaltsartikel;Küchengeräte;Küchenkleingeräte;Currywurstschneider;;;;;
10381;Küchenartikel & Haushaltsartikel;Küchengeräte;Küchenkleingeräte;Friteusen;;;;;
11311;Küchenartikel & Haushaltsartikel;Küchengeräte;Küchenkleingeräte;Friteusen;Kompaktfriteusen;;;;
11281;Küchenartikel & Haushaltsartikel;Küchengeräte;Küchenkleingeräte;Friteusen;Gastronomie-Friteusen;;;;
69320;Küchenartikel & Haushaltsartikel;Küchengeräte;Küchenkleingeräte;Dörrautomaten;;;;;
9981;Küchenartikel & Haushaltsartikel;Küchengeräte;Küchenkleingeräte;Donut-Maker;;;;;
10131;Küchenartikel & Haushaltsartikel;Küchengeräte;Küchenkleingeräte;Eierkocher;;;;;
9951;Küchenartikel & Haushaltsartikel;Küchengeräte;Küchenkleingeräte;Fondues;;;;;
10001;Küchenartikel & Haushaltsartikel;Küchengeräte;Küchenkleingeräte;Speisenwärmer;;;;;
10031;Küchenartikel & Haushaltsartikel;Küchengeräte;Küchenkleingeräte;Hotdoggeräte;;;;;
45411;Küchenartikel & Haushaltsartikel;Küchengeräte;Küchenkleingeräte;Kochplatten;;;;;
69466;Küchenartikel & Haushaltsartikel;Küchengeräte;Küchenkleingeräte;Heißwasserspender;;;;;
10051;Küchenartikel & Haushaltsartikel;Küchengeräte;Küchenkleingeräte;Eismaschinen;;;;;
10291;Küchenartikel & Haushaltsartikel;Küchengeräte;Küchenkleingeräte;Eiswürfelbereiter;;;;;
10181;Küchenartikel & Haushaltsartikel;Küchengeräte;Küchenkleingeräte;Tauchsieder;;;;;
10161;Küchenartikel & Haushaltsartikel;Küchengeräte;Küchenkleingeräte;Entsafter;;;;;
10311;Küchenartikel & Haushaltsartikel;Küchengeräte;Küchenkleingeräte;Wasserkocher;;;;;
10331;Küchenartikel & Haushaltsartikel;Küchengeräte;Küchenkleingeräte;Küchenmaschinen;;;;;
61491;Küchenartikel & Haushaltsartikel;Küchengeräte;Küchenkleingeräte;Fleischwölfe;;;;;
10411;Küchenartikel & Haushaltsartikel;Küchengeräte;Küchenkleingeräte;Mikrowellen;;;;;
11341;Küchenartikel & Haushaltsartikel;Küchengeräte;Küchenkleingeräte;Mikrowellen;Einbaumikrowellen;;;;
11351;Küchenartikel & Haushaltsartikel;Küchengeräte;Küchenkleingeräte;Mikrowellen;Standmikrowellen;;;;
69539;Küchenartikel & Haushaltsartikel;Küchengeräte;Küchenkleingeräte;Mikrowellen;Mikrowellenteller;;;;
10201;Küchenartikel & Haushaltsartikel;Küchengeräte;Küchenkleingeräte;Milchaufschäumer;;;;;
68935;Küchenartikel & Haushaltsartikel;Küchengeräte;Küchenkleingeräte;Minibacköfen;;;;;
59861;Küchenartikel & Haushaltsartikel;Küchengeräte;Küchenkleingeräte;Sonstige Küchenkleingeräte;;;;;
61751;Küchenartikel & Haushaltsartikel;Küchengeräte;Küchenkleingeräte;Muffin-Maker;;;;;
10231;Küchenartikel & Haushaltsartikel;Küchengeräte;Küchenkleingeräte;Nudelmaschinen;;;;;
9991;Küchenartikel & Haushaltsartikel;Küchengeräte;Küchenkleingeräte;Popcornmaschinen;;;;;
10271;Küchenartikel & Haushaltsartikel;Küchengeräte;Küchenkleingeräte;Kartoffelschälmaschinen;;;;;
61031;Küchenartikel & Haushaltsartikel;Küchengeräte;Küchenkleingeräte;Einkochautomaten;;;;;
10091;Küchenartikel & Haushaltsartikel;Küchengeräte;Küchenkleingeräte;Raclettes;;;;;
10111;Küchenartikel & Haushaltsartikel;Küchengeräte;Küchenkleingeräte;Reiskocher;;;;;
10081;Küchenartikel & Haushaltsartikel;Küchengeräte;Küchenkleingeräte;Sandwichmaker;;;;;
45551;Küchenartikel & Haushaltsartikel;Küchengeräte;Küchenkleingeräte;Küchenkleingeräte-Zubehör;;;;;
10351;Küchenartikel & Haushaltsartikel;Küchengeräte;Küchenkleingeräte;Dampf- & Schongarer;;;;;
63011;Küchenartikel & Haushaltsartikel;Küchengeräte;Küchenkleingeräte;Teemaschinen;;;;;
10071;Küchenartikel & Haushaltsartikel;Küchengeräte;Küchenkleingeräte;Toaster;;;;;
10251;Küchenartikel & Haushaltsartikel;Küchengeräte;Küchenkleingeräte;Vakuumverpackungsmaschinen;;;;;
10101;Küchenartikel & Haushaltsartikel;Küchengeräte;Küchenkleingeräte;Waffeleisen;;;;;
62021;Küchenartikel & Haushaltsartikel;Küchengeräte;Küchenkleingeräte;Wasserfilter;;;;;
9971;Küchenartikel & Haushaltsartikel;Küchengeräte;Küchenkleingeräte;Joghurtmaschinen;;;;;
4011;Medien;;;;;;;;
6521;Medien;Hörbücher;;;;;;;
6501;Medien;Hörspiele;;;;;;;
6261;Medien;Bücher;;;;;;;
48231;Medien;Bücher;Kinder- und Jugendbücher;;;;;;
52851;Medien;Bücher;Kalender;;;;;;
6491;Medien;Bücher;Kalender;;;;;;
65461;Medien;Bücher;Kalender;Tischkalender;;;;;
6541;Medien;Bücher;Kalender;Fankalender;;;;;
6531;Medien;Bücher;Kalender;Wandkalender;;;;;
70175;Medien;Bücher;Comics;;;;;;
57511;Medien;Bücher;Kochbücher;;;;;;
6361;Medien;Bücher;Belletristik;;;;;;
6481;Medien;Bücher;Ratgeber;;;;;;
53011;Medien;Bücher;Geisteswissenschaften, Kunst & Musik;;;;;;
69722;Medien;Bücher;Manga;;;;;;
56321;Medien;Bücher;Landkarten;;;;;;
53021;Medien;Bücher;Naturwissenschaften, Medizin, Informatik & Technik;;;;;;
53051;Medien;Bücher;Sachbücher;;;;;;
65971;Medien;Bücher;Postkartenbücher;;;;;;
64471;Medien;Bücher;Posterbücher;;;;;;
69753;Medien;Bücher;Rätselbücher;;;;;;
69515;Medien;Bücher;Regelwerke;;;;;;
53041;Medien;Bücher;Schule und Lernen;;;;;;
69203;Medien;Bücher;Musiknoten;;;;;;
53031;Medien;Bücher;Sozialwissenschaften, Recht & Wirtschaft;;;;;;
69546;Medien;Bücher;Stickeralben;;;;;;
62091;Medien;Bücher;Lösungsbücher;;;;;;
53001;Medien;Bücher;Reisen;;;;;;
68112;Medien;Eventgutscheine;;;;;;;
69310;Medien;Eventgutscheine;Erlebnisgutscheine;;;;;;
68122;Medien;Eventgutscheine;Hotelgutscheine;;;;;;
67562;Medien;Eventgutscheine;Reisegutscheine;;;;;;
6201;Medien;Filme;;;;;;;
6241;Medien;Spiele;;;;;;;
6221;Medien;Musik;;;;;;;
47071;Medien;Musik;Blues;;;;;;
47111;Medien;Musik;Musik für Kinder;;;;;;
65791;Medien;Musik;Weihnachtsmusik;;;;;;
46611;Medien;Musik;Klassik;;;;;;
46641;Medien;Musik;Klassik;Kammermusik;;;;;
46631;Medien;Musik;Klassik;Chor- & Orchesterwerke;;;;;
46651;Medien;Musik;Klassik;Oper & Operetten;;;;;
46661;Medien;Musik;Klassik;Symphonien;;;;;
46921;Medien;Musik;Country & Folk;;;;;;
46931;Medien;Musik;Country & Folk;Country;;;;;
46951;Medien;Musik;Country & Folk;Country;Americana;;;;
46961;Medien;Musik;Country & Folk;Country;Bluegrass;;;;
46971;Medien;Musik;Country & Folk;Country;Honky Tonk;;;;
46981;Medien;Musik;Country & Folk;Country;Nashville Sounds;;;;
46991;Medien;Musik;Country & Folk;Country;Western Swing;;;;
46941;Medien;Musik;Country & Folk;Folk;;;;;
47011;Medien;Musik;Country & Folk;Folk;Celtic Folk;;;;
47021;Medien;Musik;Country & Folk;Folk;English Folk;;;;
47041;Medien;Musik;Country & Folk;Folk;Irish Folk;;;;
47051;Medien;Musik;Country & Folk;Folk;Moderner Folk;;;;
47061;Medien;Musik;Country & Folk;Folk;Traditional Folk;;;;
46811;Medien;Musik;Dance & Electronic;;;;;;
46821;Medien;Musik;Dance & Electronic;Clubbing;;;;;
46831;Medien;Musik;Dance & Electronic;Electro;;;;;
46841;Medien;Musik;Dance & Electronic;House;;;;;
46851;Medien;Musik;Dance & Electronic;Techno;;;;;
46861;Medien;Musik;Dance & Electronic;Trance;;;;;
46671;Medien;Musik;Hip-Hop & Soul;;;;;;
46691;Medien;Musik;Hip-Hop & Soul;Hip-Hop;;;;;
46711;Medien;Musik;Hip-Hop & Soul;R&B;;;;;
46681;Medien;Musik;Hip-Hop & Soul;Funk;;;;;
46721;Medien;Musik;Hip-Hop & Soul;Soul;;;;;
46511;Medien;Musik;Jazz;;;;;;
46521;Medien;Musik;Jazz;Bebop;;;;;
46541;Medien;Musik;Jazz;Cool Jazz;;;;;
46571;Medien;Musik;Jazz;Fusion & Jazz Funk;;;;;
46581;Medien;Musik;Jazz;Smooth Jazz;;;;;
46591;Medien;Musik;Jazz;Swing & Big Band;;;;;
46601;Medien;Musik;Jazz;Vocal Jazz;;;;;
46731;Medien;Musik;Metal;;;;;;
46751;Medien;Musik;Metal;Death Metal;;;;;
46761;Medien;Musik;Metal;Gothic;;;;;
46771;Medien;Musik;Metal;Hard Rock;;;;;
46781;Medien;Musik;Metal;Hardcore;;;;;
46791;Medien;Musik;Metal;Heavy Metal;;;;;
46801;Medien;Musik;Metal;Nu Metal;;;;;
65871;Medien;Musik;New Age;;;;;;
46501;Medien;Musik;Pop;;;;;;
46871;Medien;Musik;Reggae;;;;;;
46881;Medien;Musik;Reggae;Dancehall;;;;;
46891;Medien;Musik;Reggae;Dub;;;;;
46901;Medien;Musik;Reggae;Roots Reggae;;;;;
46911;Medien;Musik;Reggae;Ska;;;;;
61501;Medien;Musik;Relax- & Entspannungsmusik;;;;;;
44611;Medien;Musik;Rock;;;;;;
44621;Medien;Musik;Rock;Alternative;;;;;
46431;Medien;Musik;Rock;Classic Rock;;;;;
46451;Medien;Musik;Rock;Progressive Rock;;;;;
46461;Medien;Musik;Rock;Punk;;;;;
46491;Medien;Musik;Rock;Rock ´n´ Roll;;;;;
47081;Medien;Musik;Schlager & Volksmusik;;;;;;
47101;Medien;Musik;Schlager & Volksmusik;Volksmusik;;;;;
47091;Medien;Musik;Schlager & Volksmusik;Schlager;;;;;
57351;Medien;Musik;Soundtracks;;;;;;
47121;Medien;Musik;Weltmusik;;;;;;
47151;Medien;Musik;Weltmusik;Osteuropäische Musik;;;;;
47131;Medien;Musik;Weltmusik;Französische Musik;;;;;
47141;Medien;Musik;Weltmusik;Italienische Musik;;;;;
47171;Medien;Musik;Weltmusik;Südamerikanische Musik;;;;;
47161;Medien;Musik;Weltmusik;Spanische Musik;;;;;
47181;Medien;Musik;Weltmusik;Westeuropäische Musik;;;;;
53061;Medien;Pornofilme;;;;;;;
69270;Medien;Guthabenkarten;;;;;;;
55631;Medien;Software;;;;;;;
41631;Medien;Software;;;;;;;
69117;Medien;Software;Antivirensoftware und Firewalls;;;;;;
60071;Medien;Software;Garantieerweiterungen;;;;;;
41711;Medien;Software;Hobby- & Freizeitanwendungen;;;;;;
41671;Medien;Software;Bild-, Audio- & Videobearbeitung;;;;;;
41741;Medien;Software;Sprachsoftware;;;;;;
41681;Medien;Software;Lern- & Wissenssoftware;;;;;;
41751;Medien;Software;Lexikon- & Enzyklopädiesoftware;;;;;;
41691;Medien;Software;Büroanwendungen;;;;;;
41661;Medien;Software;Betriebssysteme;;;;;;
41721;Medien;Software;Programmierung & IT;;;;;;
65601;Medien;Software;Recovery- & Backupsoftware;;;;;;
41701;Medien;Software;Steuer- & Finanzsoftware;;;;;;
41731;Medien;Software;Webdesign & Webentwicklung;;;;;;
41501;Sonstige 1;;;;;;;;
46001;Sonstige 1;Sonstiges;;;;;;;
7581;Sexspielzeuge;;;;;;;;
8141;Sexspielzeuge;Analketten;;;;;;;
7661;Sexspielzeuge;Analplugs;;;;;;;
7631;Sexspielzeuge;Liebeskugeln;;;;;;;
7591;Sexspielzeuge;Bondage & Fetisch;;;;;;;
7801;Sexspielzeuge;Bondage & Fetisch;Hodenpressen;;;;;;
7761;Sexspielzeuge;Bondage & Fetisch;Fesselspiele;;;;;;
7821;Sexspielzeuge;Bondage & Fetisch;Elektrische Stimulationen;;;;;;
7791;Sexspielzeuge;Bondage & Fetisch;Latexmasken;;;;;;
44791;Sexspielzeuge;Bondage & Fetisch;Ledermasken;;;;;;
45151;Sexspielzeuge;Bondage & Fetisch;Sonstiges Bondage & Fetisch-Zubehör;;;;;;
7751;Sexspielzeuge;Bondage & Fetisch;Brustklammern;;;;;;
7811;Sexspielzeuge;Bondage & Fetisch;Spekula;;;;;;
7781;Sexspielzeuge;Bondage & Fetisch;Hodengewichte;;;;;;
7771;Sexspielzeuge;Bondage & Fetisch;Peitschen;;;;;;
7641;Sexspielzeuge;Penisringe;;;;;;;
7621;Sexspielzeuge;Dildos;;;;;;;
8101;Sexspielzeuge;Dildos;Analdildos;;;;;;
8111;Sexspielzeuge;Dildos;Klassische Dildos;;;;;;
8121;Sexspielzeuge;Dildos;Doppeldildos;;;;;;
8131;Sexspielzeuge;Dildos;Strap-Ons;;;;;;
7711;Sexspielzeuge;Intimduschen;;;;;;;
7731;Sexspielzeuge;Erotikdrogerie;;;;;;;
60661;Sexspielzeuge;Erotikdrogerie;Erotische Massagekerzen;;;;;;
61901;Sexspielzeuge;Erotikdrogerie;Erotische Massagecremes;;;;;;
56101;Sexspielzeuge;Erotikdrogerie;Erotische Massageöle;;;;;;
8261;Sexspielzeuge;Erotikdrogerie;Liebestropfen;;;;;;
45171;Sexspielzeuge;Erotikdrogerie;Sonstige Erotikdrogerie;;;;;;
8271;Sexspielzeuge;Erotikdrogerie;Potenzmittel;;;;;;
61841;Sexspielzeuge;Erotikdrogerie;Sexspielzeugreiniger;;;;;;
7741;Sexspielzeuge;Erotische Spaßartikel;;;;;;;
69450;Sexspielzeuge;Erotische Spaßartikel;Erotische Kunst;;;;;;
8281;Sexspielzeuge;Erotische Spaßartikel;Erotikgesellschaftsspiele;;;;;;
68952;Sexspielzeuge;Erotische Spaßartikel;Erotische Kalender;;;;;;
69290;Sexspielzeuge;Erotische Spaßartikel;Erotik-Literatur;;;;;;
8301;Sexspielzeuge;Erotische Spaßartikel;Erotiksets;;;;;;
45181;Sexspielzeuge;Erotische Spaßartikel;Sonstige erotische Spaßartikel;;;;;;
7721;Sexspielzeuge;Erotikmöbel;;;;;;;
45161;Sexspielzeuge;Erotikmöbel;Sonstige Erotikmöbel;;;;;;
8231;Sexspielzeuge;Erotikmöbel;Liebesmaschinen;;;;;;
8221;Sexspielzeuge;Erotikmöbel;Liebesschaukeln;;;;;;
7601;Sexspielzeuge;Erotikwäsche;;;;;;;
7851;Sexspielzeuge;Erotikwäsche;Erotik-Strings & Shorts;;;;;;
7921;Sexspielzeuge;Erotikwäsche;Erotik-Strings & Shorts;Erotik-Strings;;;;;
7961;Sexspielzeuge;Erotikwäsche;Erotik-Strings & Shorts;Erotik-Boxer;;;;;
7941;Sexspielzeuge;Erotikwäsche;Erotik-Strings & Shorts;Erotik-Slips;;;;;
8311;Sexspielzeuge;Erotikwäsche;Erotik-Strings & Shorts;Erotik-Hipster;;;;;
42721;Sexspielzeuge;Erotikwäsche;Erotik-Strings & Shorts;Erotik-Pantys;;;;;
7951;Sexspielzeuge;Erotikwäsche;Erotik-Strings & Shorts;Erotik-Shorts;;;;;
67992;Sexspielzeuge;Erotikwäsche;Erotik-Babydolls;;;;;;
7861;Sexspielzeuge;Erotikwäsche;Erotik-Bodies;;;;;;
7841;Sexspielzeuge;Erotikwäsche;Erotik-BH-Sets;;;;;;
7831;Sexspielzeuge;Erotikwäsche;Erotik-BH´s;;;;;;
7871;Sexspielzeuge;Erotikwäsche;Erotik-Bustiers & Corsagen;;;;;;
67962;Sexspielzeuge;Erotikwäsche;Erotik-Kostüme;;;;;;
7901;Sexspielzeuge;Erotikwäsche;Erotik-Kleider;;;;;;
7881;Sexspielzeuge;Erotikwäsche;Erotik-Strapsen;;;;;;
7971;Sexspielzeuge;Erotikwäsche;Erotik-Strapsen;Erotik-Strapsgürtel;;;;;
7981;Sexspielzeuge;Erotikwäsche;Erotik-Strapsen;Erotik-Strapstops;;;;;
62101;Sexspielzeuge;Erotikwäsche;Erotik-Leggings;;;;;;
68742;Sexspielzeuge;Erotikwäsche;Erotik-Negligés;;;;;;
60031;Sexspielzeuge;Erotikwäsche;Erotik-Shirts;;;;;;
66631;Sexspielzeuge;Erotikwäsche;Erotik-Röcke;;;;;;
7891;Sexspielzeuge;Erotikwäsche;Erotik-Strümpfe;;;;;;
8001;Sexspielzeuge;Erotikwäsche;Erotik-Strümpfe;Erotik-Strapsstrümpfe;;;;;
7991;Sexspielzeuge;Erotikwäsche;Erotik-Strümpfe;Erotik-Selbsthalter;;;;;
60021;Sexspielzeuge;Erotikwäsche;Erotik-Strumpfhosen;;;;;;
66551;Sexspielzeuge;Erotikwäsche;Sonstige Erotikwäsche;;;;;;
7691;Sexspielzeuge;Erotikpumpen;;;;;;;
8171;Sexspielzeuge;Erotikpumpen;Brustpumpen;;;;;;
8201;Sexspielzeuge;Erotikpumpen;Nippelsauger;;;;;;
8181;Sexspielzeuge;Erotikpumpen;Penispumpen;;;;;;
8191;Sexspielzeuge;Erotikpumpen;Vagina- & Klitorispumpen;;;;;;
60671;Sexspielzeuge;Erotik-Schuhe;;;;;;;
60701;Sexspielzeuge;Erotik-Schuhe;Erotik-Stiefel;;;;;;
60691;Sexspielzeuge;Erotik-Schuhe;Erotik-High Heels;;;;;;
7651;Sexspielzeuge;Hodengurte;;;;;;;
7681;Sexspielzeuge;Masturbatoren;;;;;;;
59171;Sexspielzeuge;Penishüllen;;;;;;;
7701;Sexspielzeuge;Gummipuppen;;;;;;;
7671;Sexspielzeuge;Toy-Sets;;;;;;;
53311;Sexspielzeuge;Vibratoren & Zubehör;;;;;;;
53321;Sexspielzeuge;Vibratoren & Zubehör;Vibratorenzubehör;;;;;;
7611;Sexspielzeuge;Vibratoren & Zubehör;Vibratoren;;;;;;
8021;Sexspielzeuge;Vibratoren & Zubehör;Vibratoren;Analvibratoren;;;;;
8041;Sexspielzeuge;Vibratoren & Zubehör;Vibratoren;Klassische Vibratoren;;;;;
8061;Sexspielzeuge;Vibratoren & Zubehör;Vibratoren;Klitorisvibratoren;;;;;
8051;Sexspielzeuge;Vibratoren & Zubehör;Vibratoren;Auflegevibratoren;;;;;
8031;Sexspielzeuge;Vibratoren & Zubehör;Vibratoren;G-Punkt-Vibratoren;;;;;
8071;Sexspielzeuge;Vibratoren & Zubehör;Vibratoren;Minivibratoren;;;;;
8091;Sexspielzeuge;Vibratoren & Zubehör;Vibratoren;Vibro-Eier;;;;;
69055;Sport & Outdoor;;;;;;;;
12211;Sport & Outdoor;Outdoorausrüstung;;;;;;;
15181;Sport & Outdoor;Outdoorausrüstung;Luftpumpen;;;;;;
62301;Sport & Outdoor;Outdoorausrüstung;Strandmatten;;;;;;
55881;Sport & Outdoor;Outdoorausrüstung;Camping Artikel;;;;;;
55901;Sport & Outdoor;Outdoorausrüstung;Camping Artikel;;;;;;
68953;Sport & Outdoor;Outdoorausrüstung;Camping Artikel;;;;;;
55871;Sport & Outdoor;Outdoorausrüstung;Camping Artikel;;;;;;
12341;Sport & Outdoor;Outdoorausrüstung;Camping Artikel;;;;;;
55891;Sport & Outdoor;Outdoorausrüstung;Camping Artikel;;;;;;
59291;Sport & Outdoor;Outdoorausrüstung;Camping Artikel;Campinggeschirre;;;;;
13231;Sport & Outdoor;Outdoorausrüstung;Camping Artikel;Campingausrüstung;;;;;
13241;Sport & Outdoor;Outdoorausrüstung;Camping Artikel;Campingmöbel;;;;;
15161;Sport & Outdoor;Outdoorausrüstung;Camping Artikel;Campingmöbel;Campingbetten & -liegen;;;;
59301;Sport & Outdoor;Outdoorausrüstung;Camping Artikel;Campingmöbel;Campingschränke;;;;
15211;Sport & Outdoor;Outdoorausrüstung;Camping Artikel;Campingmöbel;Campingstühle;;;;
15201;Sport & Outdoor;Outdoorausrüstung;Camping Artikel;Campingmöbel;Campingmatratzen;;;;
15221;Sport & Outdoor;Outdoorausrüstung;Camping Artikel;Campingmöbel;Campingtische;;;;
15191;Sport & Outdoor;Outdoorausrüstung;Camping Artikel;Campingmöbel;Isomatten;;;;
13261;Sport & Outdoor;Outdoorausrüstung;Camping Artikel;Campinglampen;;;;;
68971;Sport & Outdoor;Outdoorausrüstung;Camping Artikel;Campingkocher;;;;;
66721;Sport & Outdoor;Outdoorausrüstung;Camping Artikel;Campingtoiletten-Zubehör;;;;;
13251;Sport & Outdoor;Outdoorausrüstung;Camping Artikel;Campingtoiletten;;;;;
61241;Sport & Outdoor;Outdoorausrüstung;Camping Artikel;Kanister;;;;;
66941;Sport & Outdoor;Outdoorausrüstung;Camping Artikel;Wohnwagen-Zubehör;;;;;
69217;Sport & Outdoor;Outdoorausrüstung;Camping Artikel;Gasdruckbehälter;;;;;
13271;Sport & Outdoor;Outdoorausrüstung;Camping Artikel;Schlafsäcke;;;;;
13281;Sport & Outdoor;Outdoorausrüstung;Camping Artikel;Zelte ;;;;;
55911;Sport & Outdoor;Outdoorausrüstung;Camping Artikel;Zelte ;;;;;
15321;Sport & Outdoor;Outdoorausrüstung;Camping Artikel;Zelte ;Vorzelte;;;;
15291;Sport & Outdoor;Outdoorausrüstung;Camping Artikel;Zelte ;Strandmuscheln;;;;
15261;Sport & Outdoor;Outdoorausrüstung;Camping Artikel;Zelte ;Campingzelte;;;;
15251;Sport & Outdoor;Outdoorausrüstung;Camping Artikel;Zelte ;Kinderzelte;;;;
15331;Sport & Outdoor;Outdoorausrüstung;Camping Artikel;Zelte ;Zeltzubehör;;;;
55921;Sport & Outdoor;Outdoorausrüstung;Camping Artikel;Zelte ;Zeltzubehör;;;;
55931;Sport & Outdoor;Outdoorausrüstung;Camping Artikel;Zelte ;Zeltzubehör;;;;
16311;Sport & Outdoor;Outdoorausrüstung;Camping Artikel;Zelte ;Zeltzubehör;Reepschnüre;;;
16291;Sport & Outdoor;Outdoorausrüstung;Camping Artikel;Zelte ;Zeltzubehör;Abspannleinen;;;
16251;Sport & Outdoor;Outdoorausrüstung;Camping Artikel;Zelte ;Zeltzubehör;Zeltleinen;;;
16241;Sport & Outdoor;Outdoorausrüstung;Camping Artikel;Zelte ;Zeltzubehör;Innenzelte;;;
66521;Sport & Outdoor;Outdoorausrüstung;Camping Artikel;Zelte ;Zeltzubehör;Sonstiges Zeltzubehör;;;
16281;Sport & Outdoor;Outdoorausrüstung;Camping Artikel;Zelte ;Zeltzubehör;Moskitonetze;;;
16321;Sport & Outdoor;Outdoorausrüstung;Camping Artikel;Zelte ;Zeltzubehör;Tarps;;;
16261;Sport & Outdoor;Outdoorausrüstung;Camping Artikel;Zelte ;Zeltzubehör;Zeltunterlagen;;;
16331;Sport & Outdoor;Outdoorausrüstung;Camping Artikel;Zelte ;Zeltzubehör;Heringe;;;
16271;Sport & Outdoor;Outdoorausrüstung;Camping Artikel;Zelte ;Zeltzubehör;Zeltgestänge;;;
61151;Sport & Outdoor;Outdoorausrüstung;Camping Artikel;Zelte ;Zeltzubehör;Zeltreparatur;;;
16301;Sport & Outdoor;Outdoorausrüstung;Camping Artikel;Zelte ;Zeltzubehör;Imprägniermittel;;;
58741;Sport & Outdoor;Outdoorausrüstung;Camping Artikel;Zelte ;Zeltzubehör;Windschutz;;;
56911;Sport & Outdoor;Outdoorausrüstung;Taschenmesser;;;;;;
56921;Sport & Outdoor;Outdoorausrüstung;Taschenlampen;;;;;;
66031;Sport & Outdoor;Outdoorausrüstung;Wasseraufbereitung;;;;;;
12201;Sport & Outdoor;Sportausrüstung;;;;;;;
12231;Sport & Outdoor;Sportausrüstung;Ballsport;;;;;;
67762;Sport & Outdoor;Sportausrüstung;Ballsport;American Football Ausrüstung;;;;;
12451;Sport & Outdoor;Sportausrüstung;Ballsport;American Football Ausrüstung;;;;;
15011;Sport & Outdoor;Sportausrüstung;Ballsport;American Football Ausrüstung;Footballhelme;;;;
45651;Sport & Outdoor;Sportausrüstung;Ballsport;American Football Ausrüstung;Football-Protektoren;;;;
12401;Sport & Outdoor;Sportausrüstung;Ballsport;Badminton Ausrüstung;;;;;
67812;Sport & Outdoor;Sportausrüstung;Ballsport;Badminton Ausrüstung;;;;;
67982;Sport & Outdoor;Sportausrüstung;Ballsport;Badminton Ausrüstung;Badmintongriffbänder;;;;
57931;Sport & Outdoor;Sportausrüstung;Ballsport;Badminton Ausrüstung;Badmintonnetze;;;;
42981;Sport & Outdoor;Sportausrüstung;Ballsport;Badminton Ausrüstung;Badmintonschläger;;;;
67972;Sport & Outdoor;Sportausrüstung;Ballsport;Badminton Ausrüstung;Badmintonsaiten;;;;
12411;Sport & Outdoor;Sportausrüstung;Ballsport;Baseball Ausrüstung;;;;;
67802;Sport & Outdoor;Sportausrüstung;Ballsport;Baseball Ausrüstung;;;;;
13401;Sport & Outdoor;Sportausrüstung;Ballsport;Baseball Ausrüstung;Baseballschläger;;;;
13411;Sport & Outdoor;Sportausrüstung;Ballsport;Baseball Ausrüstung;Fanghandschuhe;;;;
13161;Sport & Outdoor;Sportausrüstung;Ballsport;Baseball Ausrüstung;Baseball-Schutzausrüstung;;;;
12421;Sport & Outdoor;Sportausrüstung;Ballsport;Basketball Ausrüstung;;;;;
67792;Sport & Outdoor;Sportausrüstung;Ballsport;Basketball Ausrüstung;;;;;
13431;Sport & Outdoor;Sportausrüstung;Ballsport;Basketball Ausrüstung;Basketballkörbe;;;;
67121;Sport & Outdoor;Sportausrüstung;Ballsport;Basketball Ausrüstung;Basketballnetze;;;;
12431;Sport & Outdoor;Sportausrüstung;Ballsport;Beachvolleyball Ausrüstung;;;;;
67782;Sport & Outdoor;Sportausrüstung;Ballsport;Beachvolleyball Ausrüstung;;;;;
13451;Sport & Outdoor;Sportausrüstung;Ballsport;Beachvolleyball Ausrüstung;Beachvolleyballnetze;;;;
67772;Sport & Outdoor;Sportausrüstung;Ballsport;Feldhockey Ausrüstung;;;;;
12441;Sport & Outdoor;Sportausrüstung;Ballsport;Feldhockey Ausrüstung;;;;;
13471;Sport & Outdoor;Sportausrüstung;Ballsport;Feldhockey Ausrüstung;Feldhockeyschläger;;;;
67872;Sport & Outdoor;Sportausrüstung;Ballsport;Fußball Ausrüstung;;;;;
67832;Sport & Outdoor;Sportausrüstung;Ballsport;Fußball Ausrüstung;;;;;
12381;Sport & Outdoor;Sportausrüstung;Ballsport;Fußball Ausrüstung;;;;;
13321;Sport & Outdoor;Sportausrüstung;Ballsport;Fußball Ausrüstung;Tore & Torwände;;;;
45611;Sport & Outdoor;Sportausrüstung;Ballsport;Fußball Ausrüstung;Sonstiges Fußballzubehör;;;;
13311;Sport & Outdoor;Sportausrüstung;Ballsport;Fußball Ausrüstung;Schiedsrichterbedarf;;;;
26171;Sport & Outdoor;Sportausrüstung;Ballsport;Fußball Ausrüstung;Fußballtaschen;;;;
12391;Sport & Outdoor;Sportausrüstung;Ballsport;Golfausrüstung;;;;;
26181;Sport & Outdoor;Sportausrüstung;Ballsport;Golfausrüstung;Golftaschen;;;;
42961;Sport & Outdoor;Sportausrüstung;Ballsport;Golfausrüstung;Golfbälle;;;;
13371;Sport & Outdoor;Sportausrüstung;Ballsport;Golfausrüstung;Golfwagen & Caddys;;;;
13361;Sport & Outdoor;Sportausrüstung;Ballsport;Golfausrüstung;Golfschläger;;;;
60721;Sport & Outdoor;Sportausrüstung;Ballsport;Golfausrüstung;Golfhandschuhe;;;;
42971;Sport & Outdoor;Sportausrüstung;Ballsport;Golfausrüstung;Golf Tees;;;;
13351;Sport & Outdoor;Sportausrüstung;Ballsport;Golfausrüstung;Minigolfschläger;;;;
69011;Sport & Outdoor;Sportausrüstung;Ballsport;Golfausrüstung;Sonstige Golfausrüstung;;;;
12461;Sport & Outdoor;Sportausrüstung;Ballsport;Handball Ausrüstung;;;;;
67752;Sport & Outdoor;Sportausrüstung;Ballsport;Handball Ausrüstung;;;;;
69519;Sport & Outdoor;Sportausrüstung;Ballsport;Padel Ausrüstung;;;;;
69522;Sport & Outdoor;Sportausrüstung;Ballsport;Padel Ausrüstung;;;;;
69523;Sport & Outdoor;Sportausrüstung;Ballsport;Padel Ausrüstung;Sonstige Padel Ausrüstung;;;;
69788;Sport & Outdoor;Sportausrüstung;Ballsport;Padel Ausrüstung;Padeltaschen;;;;
69787;Sport & Outdoor;Sportausrüstung;Ballsport;Padel Ausrüstung;Padelbälle;;;;
69520;Sport & Outdoor;Sportausrüstung;Ballsport;Padel Ausrüstung;Padelschläger;;;;
69809;Sport & Outdoor;Sportausrüstung;Ballsport;Pickleball Ausrüstung;;;;;
69810;Sport & Outdoor;Sportausrüstung;Ballsport;Pickleball Ausrüstung;Pickleball-Schläger;;;;
12471;Sport & Outdoor;Sportausrüstung;Ballsport;Rugby Ausrüstung;;;;;
67742;Sport & Outdoor;Sportausrüstung;Ballsport;Rugby Ausrüstung;;;;;
14971;Sport & Outdoor;Sportausrüstung;Ballsport;Rugby Ausrüstung;Rugbyhelme;;;;
67732;Sport & Outdoor;Sportausrüstung;Ballsport;Squash Ausrüstung;;;;;
12481;Sport & Outdoor;Sportausrüstung;Ballsport;Squash Ausrüstung;;;;;
13511;Sport & Outdoor;Sportausrüstung;Ballsport;Squash Ausrüstung;Squashschläger;;;;
67722;Sport & Outdoor;Sportausrüstung;Ballsport;Tischtennis Ausrüstung;;;;;
12491;Sport & Outdoor;Sportausrüstung;Ballsport;Tischtennis Ausrüstung;;;;;
65471;Sport & Outdoor;Sportausrüstung;Ballsport;Tischtennis Ausrüstung;Sonstiges Tischtennis-Zubehör;;;;
45671;Sport & Outdoor;Sportausrüstung;Ballsport;Tischtennis Ausrüstung;Tischtennis-Netze;;;;
13551;Sport & Outdoor;Sportausrüstung;Ballsport;Tischtennis Ausrüstung;Tischtennisschlägerbeläge;;;;
13541;Sport & Outdoor;Sportausrüstung;Ballsport;Tischtennis Ausrüstung;Tischtennisschläger;;;;
58431;Sport & Outdoor;Sportausrüstung;Ballsport;Tischtennis Ausrüstung;Tischtennisschlägerhüllen;;;;
63021;Sport & Outdoor;Sportausrüstung;Ballsport;Tischtennis Ausrüstung;Tischtennis-Roboter;;;;
52391;Sport & Outdoor;Sportausrüstung;Ballsport;Tischtennis Ausrüstung;Tischtennis-Sets;;;;
52381;Sport & Outdoor;Sportausrüstung;Ballsport;Tischtennis Ausrüstung;Tischtennis-Abdeckhauben;;;;
45661;Sport & Outdoor;Sportausrüstung;Ballsport;Tischtennis Ausrüstung;Tischtennisplatten;;;;
63071;Sport & Outdoor;Sportausrüstung;Ballsport;Tischtennis Ausrüstung;Tischtennisplatten;Indoor-Tischtennisplatten;;;
63081;Sport & Outdoor;Sportausrüstung;Ballsport;Tischtennis Ausrüstung;Tischtennisplatten;Outdoor-Tischtennisplatten;;;
69432;Sport & Outdoor;Sportausrüstung;Ballsport;Tennis Ausrüstung;;;;;
67952;Sport & Outdoor;Sportausrüstung;Ballsport;Tennis Ausrüstung;;;;;
12501;Sport & Outdoor;Sportausrüstung;Ballsport;Tennis Ausrüstung;;;;;
67712;Sport & Outdoor;Sportausrüstung;Ballsport;Tennis Ausrüstung;;;;;
45691;Sport & Outdoor;Sportausrüstung;Ballsport;Tennis Ausrüstung;Griffbänder;;;;
69433;Sport & Outdoor;Sportausrüstung;Ballsport;Tennis Ausrüstung;Sonstiges Tennis-Zubehör;;;;
45701;Sport & Outdoor;Sportausrüstung;Ballsport;Tennis Ausrüstung;Bespannungsmaschinen;;;;
13571;Sport & Outdoor;Sportausrüstung;Ballsport;Tennis Ausrüstung;Tennisschläger;;;;
45681;Sport & Outdoor;Sportausrüstung;Ballsport;Tennis Ausrüstung;Tennis-Saiten;;;;
69526;Sport & Outdoor;Sportausrüstung;Ballsport;Tennis Ausrüstung;Dämpfer für Tennisschläger;;;;
67702;Sport & Outdoor;Sportausrüstung;Ballsport;Volleyball Ausrüstung;;;;;
12511;Sport & Outdoor;Sportausrüstung;Ballsport;Volleyball Ausrüstung;;;;;
13591;Sport & Outdoor;Sportausrüstung;Ballsport;Volleyball Ausrüstung;Volleyballnetze;;;;
12261;Sport & Outdoor;Sportausrüstung;Fahrräder & Zubehör;;;;;;
43011;Sport & Outdoor;Sportausrüstung;Fahrräder & Zubehör;Fahrräder;;;;;
55711;Sport & Outdoor;Sportausrüstung;Fahrräder & Zubehör;Fahrräder;;;;;
12751;Sport & Outdoor;Sportausrüstung;Fahrräder & Zubehör;Fahrräder;BMX;;;;
58971;Sport & Outdoor;Sportausrüstung;Fahrräder & Zubehör;Fahrräder;Beachcruiser;;;;
12761;Sport & Outdoor;Sportausrüstung;Fahrräder & Zubehör;Fahrräder;Citybikes;;;;
12801;Sport & Outdoor;Sportausrüstung;Fahrräder & Zubehör;Fahrräder;Hollandräder;;;;
12771;Sport & Outdoor;Sportausrüstung;Fahrräder & Zubehör;Fahrräder;E-Bikes;;;;
69614;Sport & Outdoor;Sportausrüstung;Fahrräder & Zubehör;Fahrräder;E-Bikes;City E-Bikes & E-Hollandräder;;;
69616;Sport & Outdoor;Sportausrüstung;Fahrräder & Zubehör;Fahrräder;E-Bikes;E-Bike Klappräder;;;
69613;Sport & Outdoor;Sportausrüstung;Fahrräder & Zubehör;Fahrräder;E-Bikes;E-Bikes MTB;;;
69615;Sport & Outdoor;Sportausrüstung;Fahrräder & Zubehör;Fahrräder;E-Bikes;S-Pedelec;;;
69612;Sport & Outdoor;Sportausrüstung;Fahrräder & Zubehör;Fahrräder;E-Bikes;E-Bikes Trekking;;;
12791;Sport & Outdoor;Sportausrüstung;Fahrräder & Zubehör;Fahrräder;Fitnessbikes;;;;
12821;Sport & Outdoor;Sportausrüstung;Fahrräder & Zubehör;Fahrräder;Klappräder;;;;
70149;Sport & Outdoor;Sportausrüstung;Fahrräder & Zubehör;Fahrräder;Gravel Bikes;;;;
12831;Sport & Outdoor;Sportausrüstung;Fahrräder & Zubehör;Fahrräder;Mountainbikes;;;;
12841;Sport & Outdoor;Sportausrüstung;Fahrräder & Zubehör;Fahrräder;Rennräder;;;;
67551;Sport & Outdoor;Sportausrüstung;Fahrräder & Zubehör;Fahrräder;Tandems;;;;
12851;Sport & Outdoor;Sportausrüstung;Fahrräder & Zubehör;Fahrräder;Trekkingräder;;;;
12781;Sport & Outdoor;Sportausrüstung;Fahrräder & Zubehör;Fahrräder;Einräder;;;;
12811;Sport & Outdoor;Sportausrüstung;Fahrräder & Zubehör;Fahrräder;Jugend- & Kinderfahrräder;;;;
68893;Sport & Outdoor;Sportausrüstung;Fahrräder & Zubehör;Fahrradzubehör;;;;;
12871;Sport & Outdoor;Sportausrüstung;Fahrräder & Zubehör;Fahrradzubehör;;;;;
14911;Sport & Outdoor;Sportausrüstung;Fahrräder & Zubehör;Fahrradzubehör;BMX Helme;;;;
13961;Sport & Outdoor;Sportausrüstung;Fahrräder & Zubehör;Fahrradzubehör;Fahrradabdeckungen;;;;
69826;Sport & Outdoor;Sportausrüstung;Fahrräder & Zubehör;Fahrradzubehör;Fahrradlift;;;;
26041;Sport & Outdoor;Sportausrüstung;Fahrräder & Zubehör;Fahrradzubehör;Fahrradrucksäcke;;;;
13991;Sport & Outdoor;Sportausrüstung;Fahrräder & Zubehör;Fahrradzubehör;Fahrradflaschenhalter;;;;
14031;Sport & Outdoor;Sportausrüstung;Fahrräder & Zubehör;Fahrradzubehör;Fahrradreinigung & -pflege;;;;
67071;Sport & Outdoor;Sportausrüstung;Fahrräder & Zubehör;Fahrradzubehör;Fahrradcomputer-Schutzfolien;;;;
13951;Sport & Outdoor;Sportausrüstung;Fahrräder & Zubehör;Fahrradzubehör;Fahrradcomputer;;;;
14021;Sport & Outdoor;Sportausrüstung;Fahrräder & Zubehör;Fahrradzubehör;Fahrradbehälter;;;;
15721;Sport & Outdoor;Sportausrüstung;Fahrräder & Zubehör;Fahrradzubehör;Fahrradbehälter;Fahrradtaschen;;;
15731;Sport & Outdoor;Sportausrüstung;Fahrräder & Zubehör;Fahrradzubehör;Fahrradbehälter;Fahrradkörbe;;;
15711;Sport & Outdoor;Sportausrüstung;Fahrräder & Zubehör;Fahrradzubehör;Fahrradbehälter;Fahrradkoffer;;;
14901;Sport & Outdoor;Sportausrüstung;Fahrräder & Zubehör;Fahrradzubehör;Fahrradhelme;;;;
14041;Sport & Outdoor;Sportausrüstung;Fahrräder & Zubehör;Fahrradzubehör;Fahrradpumpen;;;;
14051;Sport & Outdoor;Sportausrüstung;Fahrräder & Zubehör;Fahrradzubehör;Fahrradträger;;;;
14061;Sport & Outdoor;Sportausrüstung;Fahrräder & Zubehör;Fahrradzubehör;Fahrradsicherheitsausstattung;;;;
15791;Sport & Outdoor;Sportausrüstung;Fahrräder & Zubehör;Fahrradzubehör;Fahrradsicherheitsausstattung;Fahrradklingeln;;;
15771;Sport & Outdoor;Sportausrüstung;Fahrräder & Zubehör;Fahrradzubehör;Fahrradsicherheitsausstattung;Fahrradfahnen;;;
15781;Sport & Outdoor;Sportausrüstung;Fahrräder & Zubehör;Fahrradzubehör;Fahrradsicherheitsausstattung;Fahrradhupen;;;
15801;Sport & Outdoor;Sportausrüstung;Fahrräder & Zubehör;Fahrradzubehör;Fahrradsicherheitsausstattung;Fahrradlampen;;;
43031;Sport & Outdoor;Sportausrüstung;Fahrräder & Zubehör;Fahrradzubehör;Fahrradsicherheitsausstattung;Fahrradlampen;Frontleuchten;;
43041;Sport & Outdoor;Sportausrüstung;Fahrräder & Zubehör;Fahrradzubehör;Fahrradsicherheitsausstattung;Fahrradlampen;Rückleuchten;;
15811;Sport & Outdoor;Sportausrüstung;Fahrräder & Zubehör;Fahrradzubehör;Fahrradsicherheitsausstattung;Fahrradschlösser;;;
15741;Sport & Outdoor;Sportausrüstung;Fahrräder & Zubehör;Fahrradzubehör;Fahrradsicherheitsausstattung;Fahrradspiegel;;;
15751;Sport & Outdoor;Sportausrüstung;Fahrräder & Zubehör;Fahrradzubehör;Fahrradsicherheitsausstattung;Reflektoren;;;
15761;Sport & Outdoor;Sportausrüstung;Fahrräder & Zubehör;Fahrradzubehör;Fahrradsicherheitsausstattung;Stützräder;;;
13981;Sport & Outdoor;Sportausrüstung;Fahrräder & Zubehör;Fahrradzubehör;Fahrradwerkzeuge;;;;
45721;Sport & Outdoor;Sportausrüstung;Fahrräder & Zubehör;Fahrradzubehör;Fahrradwerkzeuge;Sonstige Fahrradwerkzeuge;;;
15701;Sport & Outdoor;Sportausrüstung;Fahrräder & Zubehör;Fahrradzubehör;Fahrradwerkzeuge;Flickwerkzeuge;;;
15691;Sport & Outdoor;Sportausrüstung;Fahrräder & Zubehör;Fahrradzubehör;Fahrradwerkzeuge;Speichenspanner;;;
69525;Sport & Outdoor;Sportausrüstung;Fahrräder & Zubehör;Fahrradzubehör;Fahrradwerkzeuge;Reifenheber;;;
13941;Sport & Outdoor;Sportausrüstung;Fahrräder & Zubehör;Fahrradzubehör;Fahrradanhänger;;;;
13971;Sport & Outdoor;Sportausrüstung;Fahrräder & Zubehör;Fahrradzubehör;Fahrradtrinkflaschen;;;;
14011;Sport & Outdoor;Sportausrüstung;Fahrräder & Zubehör;Fahrradzubehör;Fahrradkindersitze;;;;
64521;Sport & Outdoor;Sportausrüstung;Fahrräder & Zubehör;Fahrradzubehör;Bügelparker;;;;
27261;Sport & Outdoor;Sportausrüstung;Fahrräder & Zubehör;Fahrradzubehör;Fahrradhandschuhe;;;;
58571;Sport & Outdoor;Sportausrüstung;Fahrräder & Zubehör;Fahrradzubehör;Sonstiges Fahrradzubehör;;;;
14001;Sport & Outdoor;Sportausrüstung;Fahrräder & Zubehör;Fahrradzubehör;Schutzbleche;;;;
65401;Sport & Outdoor;Sportausrüstung;Fahrräder & Zubehör;Fahrradzubehör;Spacer;;;;
12861;Sport & Outdoor;Sportausrüstung;Fahrräder & Zubehör;Fahrrad Ersatzteile;;;;;
13861;Sport & Outdoor;Sportausrüstung;Fahrräder & Zubehör;Fahrrad Ersatzteile;Fahrradbremsen;;;;
69113;Sport & Outdoor;Sportausrüstung;Fahrräder & Zubehör;Fahrrad Ersatzteile;Fahrradbremsen;Fahrrad-Bremszüge;;;
15381;Sport & Outdoor;Sportausrüstung;Fahrräder & Zubehör;Fahrrad Ersatzteile;Fahrradbremsen;Fahrrad Bremsbeläge;;;
15401;Sport & Outdoor;Sportausrüstung;Fahrräder & Zubehör;Fahrrad Ersatzteile;Fahrradbremsen;Fahrrad Scheibenbremsen;;;
15391;Sport & Outdoor;Sportausrüstung;Fahrräder & Zubehör;Fahrrad Ersatzteile;Fahrradbremsen;Bremsgriffgummis;;;
59251;Sport & Outdoor;Sportausrüstung;Fahrräder & Zubehör;Fahrrad Ersatzteile;Fahrradbremsen;Bremshebel;;;
63421;Sport & Outdoor;Sportausrüstung;Fahrräder & Zubehör;Fahrrad Ersatzteile;Fahrradbremsen;Seitenzugbremsen;;;
13911;Sport & Outdoor;Sportausrüstung;Fahrräder & Zubehör;Fahrrad Ersatzteile;Fahrradantrieb;;;;
15581;Sport & Outdoor;Sportausrüstung;Fahrräder & Zubehör;Fahrrad Ersatzteile;Fahrradantrieb;Fahrradketten;;;
15601;Sport & Outdoor;Sportausrüstung;Fahrräder & Zubehör;Fahrrad Ersatzteile;Fahrradantrieb;Fahrradnaben;;;
15571;Sport & Outdoor;Sportausrüstung;Fahrräder & Zubehör;Fahrrad Ersatzteile;Fahrradantrieb;Fahrradpedale;;;
15611;Sport & Outdoor;Sportausrüstung;Fahrräder & Zubehör;Fahrrad Ersatzteile;Fahrradantrieb;Tretlager;;;
15591;Sport & Outdoor;Sportausrüstung;Fahrräder & Zubehör;Fahrrad Ersatzteile;Fahrradantrieb;Kettenblätter & -garnituren;;;
64511;Sport & Outdoor;Sportausrüstung;Fahrräder & Zubehör;Fahrrad Ersatzteile;Fahrradantrieb;Kurbelarme;;;
59481;Sport & Outdoor;Sportausrüstung;Fahrräder & Zubehör;Fahrrad Ersatzteile;Fahrradantrieb;E-Bike-Akkus;;;
69732;Sport & Outdoor;Sportausrüstung;Fahrräder & Zubehör;Fahrrad Ersatzteile;Fahrradantrieb;E-Bike Umbausätze;;;
15621;Sport & Outdoor;Sportausrüstung;Fahrräder & Zubehör;Fahrrad Ersatzteile;Fahrradantrieb;Zahnkranzkassetten;;;
13871;Sport & Outdoor;Sportausrüstung;Fahrräder & Zubehör;Fahrrad Ersatzteile;Fahrraddynamos;;;;
13921;Sport & Outdoor;Sportausrüstung;Fahrräder & Zubehör;Fahrrad Ersatzteile;Fahrradsättel & Zubehör;;;;
15631;Sport & Outdoor;Sportausrüstung;Fahrräder & Zubehör;Fahrrad Ersatzteile;Fahrradsättel & Zubehör;Sattelbezüge;;;
45711;Sport & Outdoor;Sportausrüstung;Fahrräder & Zubehör;Fahrrad Ersatzteile;Fahrradsättel & Zubehör;Sättel;;;
15641;Sport & Outdoor;Sportausrüstung;Fahrräder & Zubehör;Fahrrad Ersatzteile;Fahrradsättel & Zubehör;Sattelstützen;;;
58871;Sport & Outdoor;Sportausrüstung;Fahrräder & Zubehör;Fahrrad Ersatzteile;Fahrradsättel & Zubehör;Sattelstützklemmen;;;
13881;Sport & Outdoor;Sportausrüstung;Fahrräder & Zubehör;Fahrrad Ersatzteile;Fahrradfederungen & Rahmen;;;;
15461;Sport & Outdoor;Sportausrüstung;Fahrräder & Zubehör;Fahrrad Ersatzteile;Fahrradfederungen & Rahmen;Fahrradständer;;;
15421;Sport & Outdoor;Sportausrüstung;Fahrräder & Zubehör;Fahrrad Ersatzteile;Fahrradfederungen & Rahmen;Starrgabeln;;;
15451;Sport & Outdoor;Sportausrüstung;Fahrräder & Zubehör;Fahrrad Ersatzteile;Fahrradfederungen & Rahmen;Fahrradrahmen;;;
15481;Sport & Outdoor;Sportausrüstung;Fahrräder & Zubehör;Fahrrad Ersatzteile;Fahrradfederungen & Rahmen;Fahrradfedern;;;
15471;Sport & Outdoor;Sportausrüstung;Fahrräder & Zubehör;Fahrrad Ersatzteile;Fahrradfederungen & Rahmen;Kettenschutz;;;
15441;Sport & Outdoor;Sportausrüstung;Fahrräder & Zubehör;Fahrrad Ersatzteile;Fahrradfederungen & Rahmen;Gepäckträger;;;
15431;Sport & Outdoor;Sportausrüstung;Fahrräder & Zubehör;Fahrrad Ersatzteile;Fahrradfederungen & Rahmen;Federgabeln;;;
13891;Sport & Outdoor;Sportausrüstung;Fahrräder & Zubehör;Fahrrad Ersatzteile;Fahrradreifen- & felgen;;;;
43021;Sport & Outdoor;Sportausrüstung;Fahrräder & Zubehör;Fahrrad Ersatzteile;Fahrradreifen- & felgen;Fahrradfelgen;;;
15511;Sport & Outdoor;Sportausrüstung;Fahrräder & Zubehör;Fahrrad Ersatzteile;Fahrradreifen- & felgen;Fahrradspeichen;;;
15521;Sport & Outdoor;Sportausrüstung;Fahrräder & Zubehör;Fahrrad Ersatzteile;Fahrradreifen- & felgen;Fahrradschläuche;;;
15491;Sport & Outdoor;Sportausrüstung;Fahrräder & Zubehör;Fahrrad Ersatzteile;Fahrradreifen- & felgen;Fahrradreifen;;;
58811;Sport & Outdoor;Sportausrüstung;Fahrräder & Zubehör;Fahrrad Ersatzteile;Fahrradreifen- & felgen;Schnellspanner;;;
60551;Sport & Outdoor;Sportausrüstung;Fahrräder & Zubehör;Fahrrad Ersatzteile;Fahrradreifen- & felgen;Felgenbänder;;;
15531;Sport & Outdoor;Sportausrüstung;Fahrräder & Zubehör;Fahrrad Ersatzteile;Fahrradreifen- & felgen;Laufradsätze;;;
13901;Sport & Outdoor;Sportausrüstung;Fahrräder & Zubehör;Fahrrad Ersatzteile;Schaltungen;;;;
15551;Sport & Outdoor;Sportausrüstung;Fahrräder & Zubehör;Fahrrad Ersatzteile;Schaltungen;Fahrradschaltwerke;;;
15541;Sport & Outdoor;Sportausrüstung;Fahrräder & Zubehör;Fahrrad Ersatzteile;Schaltungen;Fahrradschalthebel;;;
15561;Sport & Outdoor;Sportausrüstung;Fahrräder & Zubehör;Fahrrad Ersatzteile;Schaltungen;Schaltzüge;;;
69460;Sport & Outdoor;Sportausrüstung;Fahrräder & Zubehör;Fahrrad Ersatzteile;Schaltungen;Umwerfer;;;
13931;Sport & Outdoor;Sportausrüstung;Fahrräder & Zubehör;Fahrrad Ersatzteile;Lenkerzubehör;;;;
15681;Sport & Outdoor;Sportausrüstung;Fahrräder & Zubehör;Fahrrad Ersatzteile;Lenkerzubehör;Fahrradlenker;;;
15671;Sport & Outdoor;Sportausrüstung;Fahrräder & Zubehör;Fahrrad Ersatzteile;Lenkerzubehör;Fahrradgriffe;;;
15651;Sport & Outdoor;Sportausrüstung;Fahrräder & Zubehör;Fahrrad Ersatzteile;Lenkerzubehör;Fahrradsteuersätze;;;
15661;Sport & Outdoor;Sportausrüstung;Fahrräder & Zubehör;Fahrrad Ersatzteile;Lenkerzubehör;Fahrrad-Vorbauten;;;
62501;Sport & Outdoor;Sportausrüstung;Fahrräder & Zubehör;Fahrrad Ersatzteile;Lenkerzubehör;Lenkeradapter;;;
59071;Sport & Outdoor;Sportausrüstung;Fahrräder & Zubehör;Fahrrad Ersatzteile;Lenkerzubehör;Lenkerenden;;;
65061;Sport & Outdoor;Sportausrüstung;Fahrräder & Zubehör;Fahrrad Ersatzteile;Lenkerzubehör;Lenkerbänder;;;
68915;Sport & Outdoor;Sportausrüstung;Fahrräder & Zubehör;Fahrrad Ersatzteile;Sonstige Fahrrad Ersatzteile;;;;
12271;Sport & Outdoor;Sportausrüstung;Reitsport;;;;;;
65181;Sport & Outdoor;Sportausrüstung;Reitsport;Chaps;;;;;
69108;Sport & Outdoor;Sportausrüstung;Reitsport;Reithosen;;;;;
59901;Sport & Outdoor;Sportausrüstung;Reitsport;Sonstige Reitausrüstung;;;;;
69022;Sport & Outdoor;Sportausrüstung;Reitsport;Reitstiefel;;;;;
57471;Sport & Outdoor;Sportausrüstung;Reitsport;Reithandschuhe;;;;;
14951;Sport & Outdoor;Sportausrüstung;Reitsport;Reithelme;;;;;
45731;Sport & Outdoor;Sportausrüstung;Reitsport;Peitschen & Gerten;;;;;
12241;Sport & Outdoor;Sportausrüstung;Angelsportausrüstung;;;;;;
68959;Sport & Outdoor;Sportausrüstung;Angelsportausrüstung;Futterschleuder;;;;;
12611;Sport & Outdoor;Sportausrüstung;Angelsportausrüstung;Bissanzeiger;;;;;
12521;Sport & Outdoor;Sportausrüstung;Angelsportausrüstung;Angelhaken & Angelköder;;;;;
13621;Sport & Outdoor;Sportausrüstung;Angelsportausrüstung;Angelhaken & Angelköder;Boilies;;;;
13631;Sport & Outdoor;Sportausrüstung;Angelsportausrüstung;Angelhaken & Angelköder;Makks;;;;
69622;Sport & Outdoor;Sportausrüstung;Angelsportausrüstung;Angelhaken & Angelköder;Angelfutter;;;;
13601;Sport & Outdoor;Sportausrüstung;Angelsportausrüstung;Angelhaken & Angelköder;Angelblinker;;;;
66411;Sport & Outdoor;Sportausrüstung;Angelsportausrüstung;Angelhaken & Angelköder;Angelhaken;;;;
13611;Sport & Outdoor;Sportausrüstung;Angelsportausrüstung;Angelhaken & Angelköder;Angelspinner;;;;
13671;Sport & Outdoor;Sportausrüstung;Angelsportausrüstung;Angelhaken & Angelköder;Zocker;;;;
59731;Sport & Outdoor;Sportausrüstung;Angelsportausrüstung;Angelhaken & Angelköder;Sonstige Angelköder;;;;
13641;Sport & Outdoor;Sportausrüstung;Angelsportausrüstung;Angelhaken & Angelköder;Pilker;;;;
69517;Sport & Outdoor;Sportausrüstung;Angelsportausrüstung;Angelhaken & Angelköder;Gummiköder;;;;
13661;Sport & Outdoor;Sportausrüstung;Angelsportausrüstung;Angelhaken & Angelköder;Wobbler;;;;
12551;Sport & Outdoor;Sportausrüstung;Angelsportausrüstung;Angelmesser;;;;;
12531;Sport & Outdoor;Sportausrüstung;Angelsportausrüstung;Angelbleie;;;;;
12581;Sport & Outdoor;Sportausrüstung;Angelsportausrüstung;Angelschnüre;;;;;
12621;Sport & Outdoor;Sportausrüstung;Angelsportausrüstung;Kescher;;;;;
12561;Sport & Outdoor;Sportausrüstung;Angelsportausrüstung;Angelrollen;;;;;
12601;Sport & Outdoor;Sportausrüstung;Angelsportausrüstung;Angeltaschen;;;;;
12571;Sport & Outdoor;Sportausrüstung;Angelsportausrüstung;Angelruten;;;;;
12591;Sport & Outdoor;Sportausrüstung;Angelsportausrüstung;Angelsets;;;;;
13651;Sport & Outdoor;Sportausrüstung;Angelsportausrüstung;Posen;;;;;
12641;Sport & Outdoor;Sportausrüstung;Angelsportausrüstung;Vorfächer;;;;;
67261;Sport & Outdoor;Sportausrüstung;Angelsportausrüstung;Sonstiges Angelzubehör;;;;;
12631;Sport & Outdoor;Sportausrüstung;Angelsportausrüstung;Spinnstangen;;;;;
12651;Sport & Outdoor;Sportausrüstung;Angelsportausrüstung;Wirbel;;;;;
12541;Sport & Outdoor;Sportausrüstung;Angelsportausrüstung;Angelboxen;;;;;
69442;Sport & Outdoor;Sportausrüstung;Angelsportausrüstung;Wathosen;;;;;
12301;Sport & Outdoor;Sportausrüstung;Fitnessprodukte;;;;;;
13061;Sport & Outdoor;Sportausrüstung;Fitnessprodukte;Fitnessgeräte;;;;;
14691;Sport & Outdoor;Sportausrüstung;Fitnessprodukte;Fitnessgeräte;Bauchtrainer;;;;
66841;Sport & Outdoor;Sportausrüstung;Fitnessprodukte;Fitnessgeräte;Rückenstrecker;;;;
14671;Sport & Outdoor;Sportausrüstung;Fitnessprodukte;Fitnessgeräte;Balancegeräte;;;;
14701;Sport & Outdoor;Sportausrüstung;Fitnessprodukte;Fitnessgeräte;Crosstrainer;;;;
69090;Sport & Outdoor;Sportausrüstung;Fitnessprodukte;Fitnessgeräte;EMS-Geräte;;;;
69104;Sport & Outdoor;Sportausrüstung;Fitnessprodukte;Fitnessgeräte;Ergometer & Heimtrainer;;;;
69755;Sport & Outdoor;Sportausrüstung;Fitnessprodukte;Fitnessgeräte;Fitnessbälle;;;;
69401;Sport & Outdoor;Sportausrüstung;Fitnessprodukte;Fitnessgeräte;Fitnessreifen;;;;
66621;Sport & Outdoor;Sportausrüstung;Fitnessprodukte;Fitnessgeräte;Fitnessgeräte-Zubehör;;;;
64291;Sport & Outdoor;Sportausrüstung;Fitnessprodukte;Fitnessgeräte;Handtrainer;;;;
14811;Sport & Outdoor;Sportausrüstung;Fitnessprodukte;Fitnessgeräte;Massage & Gymnastik;;;;
16121;Sport & Outdoor;Sportausrüstung;Fitnessprodukte;Fitnessgeräte;Massage & Gymnastik;Gymnastikbälle;;;
68987;Sport & Outdoor;Sportausrüstung;Fitnessprodukte;Fitnessgeräte;Massage & Gymnastik;Faszienrollen;;;
16151;Sport & Outdoor;Sportausrüstung;Fitnessprodukte;Fitnessgeräte;Massage & Gymnastik;Massagebälle;;;
16131;Sport & Outdoor;Sportausrüstung;Fitnessprodukte;Fitnessgeräte;Massage & Gymnastik;Massagebänke;;;
16111;Sport & Outdoor;Sportausrüstung;Fitnessprodukte;Fitnessgeräte;Massage & Gymnastik;Medizinbälle;;;
61101;Sport & Outdoor;Sportausrüstung;Fitnessprodukte;Fitnessgeräte;Massage & Gymnastik;Pilates- & Yogakissen;;;
16141;Sport & Outdoor;Sportausrüstung;Fitnessprodukte;Fitnessgeräte;Massage & Gymnastik;Sportmatten;;;
59951;Sport & Outdoor;Sportausrüstung;Fitnessprodukte;Fitnessgeräte;Massage & Gymnastik;Yogataschen;;;
59941;Sport & Outdoor;Sportausrüstung;Fitnessprodukte;Fitnessgeräte;Massage & Gymnastik;Yoga-Gurte;;;
59931;Sport & Outdoor;Sportausrüstung;Fitnessprodukte;Fitnessgeräte;Massage & Gymnastik;Yoga-Blöcke;;;
64241;Sport & Outdoor;Sportausrüstung;Fitnessprodukte;Fitnessgeräte;Sonstige Fitnessgeräte;;;;
68382;Sport & Outdoor;Sportausrüstung;Fitnessprodukte;Fitnessgeräte;Therapiebänder;;;;
14751;Sport & Outdoor;Sportausrüstung;Fitnessprodukte;Fitnessgeräte;Rudergeräte;;;;
61231;Sport & Outdoor;Sportausrüstung;Fitnessprodukte;Fitnessgeräte;Stoßkugeln;;;;
14761;Sport & Outdoor;Sportausrüstung;Fitnessprodukte;Fitnessgeräte;Springseile;;;;
14721;Sport & Outdoor;Sportausrüstung;Fitnessprodukte;Fitnessgeräte;Fitnesskleingeräte;;;;
14771;Sport & Outdoor;Sportausrüstung;Fitnessprodukte;Fitnessgeräte;Stepper;;;;
14731;Sport & Outdoor;Sportausrüstung;Fitnessprodukte;Fitnessgeräte;Kraftstationen;;;;
66111;Sport & Outdoor;Sportausrüstung;Fitnessprodukte;Fitnessgeräte;Trampolin-Zubehör;;;;
14781;Sport & Outdoor;Sportausrüstung;Fitnessprodukte;Fitnessgeräte;Trampoline;;;;
14741;Sport & Outdoor;Sportausrüstung;Fitnessprodukte;Fitnessgeräte;Laufbänder;;;;
68925;Sport & Outdoor;Sportausrüstung;Fitnessprodukte;Fitnessgeräte;Vibrationsplatten;;;;
14831;Sport & Outdoor;Sportausrüstung;Fitnessprodukte;Fitnessgeräte;Hanteltraining;;;;
16171;Sport & Outdoor;Sportausrüstung;Fitnessprodukte;Fitnessgeräte;Hanteltraining;Hanteln;;;
61191;Sport & Outdoor;Sportausrüstung;Fitnessprodukte;Fitnessgeräte;Hanteltraining;Hanteln;Langhanteln;;
61221;Sport & Outdoor;Sportausrüstung;Fitnessprodukte;Fitnessgeräte;Hanteltraining;Hanteln;Hantelsets;;
61201;Sport & Outdoor;Sportausrüstung;Fitnessprodukte;Fitnessgeräte;Hanteltraining;Hanteln;Kurzhanteln;;
61211;Sport & Outdoor;Sportausrüstung;Fitnessprodukte;Fitnessgeräte;Hanteltraining;Hanteln;Kugelhanteln;;
16191;Sport & Outdoor;Sportausrüstung;Fitnessprodukte;Fitnessgeräte;Hanteltraining;Hantelstangen;;;
16161;Sport & Outdoor;Sportausrüstung;Fitnessprodukte;Fitnessgeräte;Hanteltraining;Hantelbänke;;;
16181;Sport & Outdoor;Sportausrüstung;Fitnessprodukte;Fitnessgeräte;Hanteltraining;Hantelscheiben;;;
68372;Sport & Outdoor;Sportausrüstung;Fitnessprodukte;Fitnessgeräte;Gewichthebergürtel;;;;
69000;Sport & Outdoor;Sportausrüstung;Fitnessprodukte;Fitnessgeräte;Balancekissen;;;;
13071;Sport & Outdoor;Sportausrüstung;Fitnessprodukte;Sporternährung;;;;;
69073;Sport & Outdoor;Sportausrüstung;Fitnessprodukte;Sporternährung;;;;;
14841;Sport & Outdoor;Sportausrüstung;Fitnessprodukte;Sporternährung;Aminosäuren;;;;
14851;Sport & Outdoor;Sportausrüstung;Fitnessprodukte;Sporternährung;Creatin Pulver & Kapseln;;;;
14861;Sport & Outdoor;Sportausrüstung;Fitnessprodukte;Sporternährung;Diätprodukte;;;;
70171;Sport & Outdoor;Sportausrüstung;Fitnessprodukte;Sporternährung;Energie Gel;;;;
14881;Sport & Outdoor;Sportausrüstung;Fitnessprodukte;Sporternährung;L-Carnitin;;;;
66451;Sport & Outdoor;Sportausrüstung;Fitnessprodukte;Sporternährung;Sonstige Sporternährung;;;;
68968;Sport & Outdoor;Sportausrüstung;Fitnessprodukte;Sporternährung;Ernährungszusatz-Sets;;;;
70164;Sport & Outdoor;Sportausrüstung;Fitnessprodukte;Sporternährung;Proteinriegel;;;;
14891;Sport & Outdoor;Sportausrüstung;Fitnessprodukte;Sporternährung;Proteine & Eiweiße;;;;
67842;Sport & Outdoor;Sportausrüstung;Funsportartikel;;;;;;
12251;Sport & Outdoor;Sportausrüstung;Funsportartikel;;;;;;
67692;Sport & Outdoor;Sportausrüstung;Funsportartikel;;;;;;
12671;Sport & Outdoor;Sportausrüstung;Funsportartikel;Softair Ausrüstung;;;;;
43001;Sport & Outdoor;Sportausrüstung;Funsportartikel;Softair Ausrüstung;Softair Munition;;;;
13731;Sport & Outdoor;Sportausrüstung;Funsportartikel;Softair Ausrüstung;Softair Pistolen;;;;
13741;Sport & Outdoor;Sportausrüstung;Funsportartikel;Softair Ausrüstung;Softair Gewehre;;;;
69399;Sport & Outdoor;Sportausrüstung;Funsportartikel;Metalldetektoren;;;;;
12661;Sport & Outdoor;Sportausrüstung;Funsportartikel;Paintball Ausrüstung;;;;;
69078;Sport & Outdoor;Sportausrüstung;Funsportartikel;Paintball Ausrüstung;HP & CO2;;;;
13681;Sport & Outdoor;Sportausrüstung;Funsportartikel;Paintball Ausrüstung;Markierer;;;;
69082;Sport & Outdoor;Sportausrüstung;Funsportartikel;Paintball Ausrüstung;Paintball Zubehör;;;;
13691;Sport & Outdoor;Sportausrüstung;Funsportartikel;Paintball Ausrüstung;Paintball Kugeln;;;;
69079;Sport & Outdoor;Sportausrüstung;Funsportartikel;Paintball Ausrüstung;Paintball Läufe;;;;
69077;Sport & Outdoor;Sportausrüstung;Funsportartikel;Paintball Ausrüstung;Paintball Battlepacks und Westen;;;;
69081;Sport & Outdoor;Sportausrüstung;Funsportartikel;Paintball Ausrüstung;Paintball Spielbekleidung;;;;
13711;Sport & Outdoor;Sportausrüstung;Funsportartikel;Paintball Ausrüstung;Paintballhandschuhe;;;;
13721;Sport & Outdoor;Sportausrüstung;Funsportartikel;Paintball Ausrüstung;Paintball Loader;;;;
13701;Sport & Outdoor;Sportausrüstung;Funsportartikel;Paintball Ausrüstung;Paintballmasken;;;;
69080;Sport & Outdoor;Sportausrüstung;Funsportartikel;Paintball Ausrüstung;Paintball Schutzausrüstung;;;;
12701;Sport & Outdoor;Sportausrüstung;Funsportartikel;Pocket- & Dirtbikes;;;;;
13791;Sport & Outdoor;Sportausrüstung;Funsportartikel;Pocket- & Dirtbikes;Dirt Bikes;;;;
13781;Sport & Outdoor;Sportausrüstung;Funsportartikel;Pocket- & Dirtbikes;Pocket Bikes;;;;
12681;Sport & Outdoor;Sportausrüstung;Funsportartikel;Roller & Scooter;;;;;
55691;Sport & Outdoor;Sportausrüstung;Funsportartikel;Roller & Scooter;;;;;
13771;Sport & Outdoor;Sportausrüstung;Funsportartikel;Roller & Scooter;Kinderroller;;;;
13761;Sport & Outdoor;Sportausrüstung;Funsportartikel;Roller & Scooter;Cityroller;;;;
13751;Sport & Outdoor;Sportausrüstung;Funsportartikel;Roller & Scooter;Elektroscooter;;;;
69158;Sport & Outdoor;Sportausrüstung;Funsportartikel;Roller & Scooter;Hoverboards;;;;
66081;Sport & Outdoor;Sportausrüstung;Funsportartikel;Roller & Scooter;Roller & Scooter Zubehör;;;;
12721;Sport & Outdoor;Sportausrüstung;Funsportartikel;Skating Ausrüstung;;;;;
13811;Sport & Outdoor;Sportausrüstung;Funsportartikel;Skating Ausrüstung;Inline Skates;;;;
13841;Sport & Outdoor;Sportausrüstung;Funsportartikel;Skating Ausrüstung;Kickboards;;;;
13851;Sport & Outdoor;Sportausrüstung;Funsportartikel;Skating Ausrüstung;Longboards;;;;
13121;Sport & Outdoor;Sportausrüstung;Funsportartikel;Skating Ausrüstung;Schoner;;;;
48371;Sport & Outdoor;Sportausrüstung;Funsportartikel;Skating Ausrüstung;Schoner;Ellbogenschoner;;;
48361;Sport & Outdoor;Sportausrüstung;Funsportartikel;Skating Ausrüstung;Schoner;Knieschoner;;;
52401;Sport & Outdoor;Sportausrüstung;Funsportartikel;Skating Ausrüstung;Schoner;Schoner-Sets;;;
48381;Sport & Outdoor;Sportausrüstung;Funsportartikel;Skating Ausrüstung;Schoner;Handgelenkschoner;;;
58241;Sport & Outdoor;Sportausrüstung;Funsportartikel;Skating Ausrüstung;Rollschuhe;;;;
57121;Sport & Outdoor;Sportausrüstung;Funsportartikel;Skating Ausrüstung;Skaterhelme;;;;
13801;Sport & Outdoor;Sportausrüstung;Funsportartikel;Skating Ausrüstung;Skateboards;;;;
66151;Sport & Outdoor;Sportausrüstung;Funsportartikel;Skating Ausrüstung;Skate-Zubehör;;;;
13821;Sport & Outdoor;Sportausrüstung;Funsportartikel;Skating Ausrüstung;Snakeboards;;;;
13831;Sport & Outdoor;Sportausrüstung;Funsportartikel;Skating Ausrüstung;Waveboards;;;;
61861;Sport & Outdoor;Sportausrüstung;Funsportartikel;Slacklines;;;;;
64131;Sport & Outdoor;Sportausrüstung;Funsportartikel;Streethockey;;;;;
45781;Sport & Outdoor;Sportausrüstung;Multisportausrüstung;;;;;;
59401;Sport & Outdoor;Sportausrüstung;Multisportausrüstung;Ballwägen;;;;;
59391;Sport & Outdoor;Sportausrüstung;Multisportausrüstung;Ballnetze;;;;;
69100;Sport & Outdoor;Sportausrüstung;Multisportausrüstung;Bälle;;;;;
61571;Sport & Outdoor;Sportausrüstung;Multisportausrüstung;Bälle;;;;;
13381;Sport & Outdoor;Sportausrüstung;Multisportausrüstung;Bälle;Badmintonbälle;;;;
13391;Sport & Outdoor;Sportausrüstung;Multisportausrüstung;Bälle;Baseballs;;;;
13421;Sport & Outdoor;Sportausrüstung;Multisportausrüstung;Bälle;Basketbälle;;;;
13441;Sport & Outdoor;Sportausrüstung;Multisportausrüstung;Bälle;Beachvolleybälle;;;;
13461;Sport & Outdoor;Sportausrüstung;Multisportausrüstung;Bälle;Feldhockeybälle;;;;
13481;Sport & Outdoor;Sportausrüstung;Multisportausrüstung;Bälle;Footballs;;;;
13491;Sport & Outdoor;Sportausrüstung;Multisportausrüstung;Bälle;Handbälle;;;;
12731;Sport & Outdoor;Sportausrüstung;Multisportausrüstung;Bälle;Jonglierbälle;;;;
13501;Sport & Outdoor;Sportausrüstung;Multisportausrüstung;Bälle;Rugbybälle;;;;
13291;Sport & Outdoor;Sportausrüstung;Multisportausrüstung;Bälle;Fußbälle;;;;
11921;Sport & Outdoor;Sportausrüstung;Multisportausrüstung;Bälle;Softbälle;;;;
13521;Sport & Outdoor;Sportausrüstung;Multisportausrüstung;Bälle;Squashbälle;;;;
13531;Sport & Outdoor;Sportausrüstung;Multisportausrüstung;Bälle;Tischtennisbälle;;;;
13561;Sport & Outdoor;Sportausrüstung;Multisportausrüstung;Bälle;Tennisbälle;;;;
13581;Sport & Outdoor;Sportausrüstung;Multisportausrüstung;Bälle;Volleybälle;;;;
13131;Sport & Outdoor;Sportausrüstung;Multisportausrüstung;Bandagen;;;;;
48341;Sport & Outdoor;Sportausrüstung;Multisportausrüstung;Bandagen;Knöchelbandagen;;;;
15101;Sport & Outdoor;Sportausrüstung;Multisportausrüstung;Bandagen;Bandagen Sets;;;;
67491;Sport & Outdoor;Sportausrüstung;Multisportausrüstung;Bandagen;Boxbandagen;;;;
48331;Sport & Outdoor;Sportausrüstung;Multisportausrüstung;Bandagen;Ellbogenbandagen;;;;
15081;Sport & Outdoor;Sportausrüstung;Multisportausrüstung;Bandagen;Fersenbandagen;;;;
69094;Sport & Outdoor;Sportausrüstung;Multisportausrüstung;Bandagen;Kinesiologie Tapes;;;;
48311;Sport & Outdoor;Sportausrüstung;Multisportausrüstung;Bandagen;Kniebandagen;;;;
67501;Sport & Outdoor;Sportausrüstung;Multisportausrüstung;Bandagen;Sonstige Bandagen;;;;
48351;Sport & Outdoor;Sportausrüstung;Multisportausrüstung;Bandagen;Schienbeinbandagen;;;;
15091;Sport & Outdoor;Sportausrüstung;Multisportausrüstung;Bandagen;Oberschenkelbandagen;;;;
48321;Sport & Outdoor;Sportausrüstung;Multisportausrüstung;Bandagen;Handgelenkbandagen;;;;
14451;Sport & Outdoor;Sportausrüstung;Multisportausrüstung;Kompasse;;;;;
47271;Sport & Outdoor;Sportausrüstung;Multisportausrüstung;Helme;;;;;
67652;Sport & Outdoor;Sportausrüstung;Multisportausrüstung;Helme;Motorradhelme;;;;
69449;Sport & Outdoor;Sportausrüstung;Multisportausrüstung;Helme;Motorradhelme;Endurohelme;;;
69448;Sport & Outdoor;Sportausrüstung;Multisportausrüstung;Helme;Motorradhelme;Klapphelme;;;
15001;Sport & Outdoor;Sportausrüstung;Multisportausrüstung;Helme;Motorradhelme;Integralhelme;;;
14961;Sport & Outdoor;Sportausrüstung;Multisportausrüstung;Helme;Motorradhelme;Motocrosshelme;;;
14991;Sport & Outdoor;Sportausrüstung;Multisportausrüstung;Helme;Motorradhelme;Jethelme;;;
15021;Sport & Outdoor;Sportausrüstung;Multisportausrüstung;Helme;Ski- & Snowboardhelme;;;;
48391;Sport & Outdoor;Sportausrüstung;Multisportausrüstung;Schienbeinschoner;;;;;
66501;Sport & Outdoor;Sportausrüstung;Multisportausrüstung;Sporthandtücher;;;;;
67912;Sport & Outdoor;Sportausrüstung;Multisportausrüstung;Sportbrillen;;;;;
28111;Sport & Outdoor;Sportausrüstung;Multisportausrüstung;Sportbrillen;Radsportbrillen;;;;
43121;Sport & Outdoor;Sportausrüstung;Multisportausrüstung;Sportbrillen;Taucherbrillen;;;;
28041;Sport & Outdoor;Sportausrüstung;Multisportausrüstung;Sportbrillen;Motocrossbrillen;;;;
28031;Sport & Outdoor;Sportausrüstung;Multisportausrüstung;Sportbrillen;Motorradbrillen;;;;
28101;Sport & Outdoor;Sportausrüstung;Multisportausrüstung;Sportbrillen;Ski- & Snowboardbrillen;;;;
28061;Sport & Outdoor;Sportausrüstung;Multisportausrüstung;Sportbrillen;Schwimmbrillen;;;;
65241;Sport & Outdoor;Sportausrüstung;Multisportausrüstung;Trainingshandschuhe;;;;;
59971;Sport & Outdoor;Sportausrüstung;Multisportausrüstung;Trillerpfeifen;;;;;
12291;Sport & Outdoor;Sportausrüstung;Sonstige Sportausrüstung;;;;;;
13001;Sport & Outdoor;Sportausrüstung;Sonstige Sportausrüstung;Billard Ausrüstung;;;;;
14511;Sport & Outdoor;Sportausrüstung;Sonstige Sportausrüstung;Billard Ausrüstung;Billardkugeln;;;;
10121;Sport & Outdoor;Sportausrüstung;Sonstige Sportausrüstung;Billard Ausrüstung;Billardtische;;;;
14501;Sport & Outdoor;Sportausrüstung;Sonstige Sportausrüstung;Billard Ausrüstung;Billardzubehör;;;;
14491;Sport & Outdoor;Sportausrüstung;Sonstige Sportausrüstung;Billard Ausrüstung;Queues;;;;
13031;Sport & Outdoor;Sportausrüstung;Sonstige Sportausrüstung;Bowlingausrüstung;;;;;
26211;Sport & Outdoor;Sportausrüstung;Sonstige Sportausrüstung;Bowlingausrüstung;Bowlingtaschen;;;;
14551;Sport & Outdoor;Sportausrüstung;Sonstige Sportausrüstung;Bowlingausrüstung;Bowlingkugeln;;;;
12991;Sport & Outdoor;Sportausrüstung;Sonstige Sportausrüstung;Kletter- & Wanderausrüstung;;;;;
55761;Sport & Outdoor;Sportausrüstung;Sonstige Sportausrüstung;Kletter- & Wanderausrüstung;;;;;
14441;Sport & Outdoor;Sportausrüstung;Sonstige Sportausrüstung;Kletter- & Wanderausrüstung;Kletterausrüstung;;;;
15931;Sport & Outdoor;Sportausrüstung;Sonstige Sportausrüstung;Kletter- & Wanderausrüstung;Kletterausrüstung;Klettergurte;;;
14941;Sport & Outdoor;Sportausrüstung;Sonstige Sportausrüstung;Kletter- & Wanderausrüstung;Kletterausrüstung;Kletterhelme;;;
15901;Sport & Outdoor;Sportausrüstung;Sonstige Sportausrüstung;Kletter- & Wanderausrüstung;Kletterausrüstung;Klettergriffe;;;
15941;Sport & Outdoor;Sportausrüstung;Sonstige Sportausrüstung;Kletter- & Wanderausrüstung;Kletterausrüstung;Kletterseilrollen;;;
15891;Sport & Outdoor;Sportausrüstung;Sonstige Sportausrüstung;Kletter- & Wanderausrüstung;Kletterausrüstung;Kletterseile;;;
15951;Sport & Outdoor;Sportausrüstung;Sonstige Sportausrüstung;Kletter- & Wanderausrüstung;Kletterausrüstung;Stirnlampen;;;
15921;Sport & Outdoor;Sportausrüstung;Sonstige Sportausrüstung;Kletter- & Wanderausrüstung;Kletterausrüstung;Schlingen;;;
14471;Sport & Outdoor;Sportausrüstung;Sonstige Sportausrüstung;Kletter- & Wanderausrüstung;Wander- & Trekkingstöcke;;;;
66491;Sport & Outdoor;Sportausrüstung;Sonstige Sportausrüstung;Kletter- & Wanderausrüstung;Sonstiges Kletter- & Wanderzubehör;;;;
14461;Sport & Outdoor;Sportausrüstung;Sonstige Sportausrüstung;Kletter- & Wanderausrüstung;Nordic Walking Stöcke;;;;
26061;Sport & Outdoor;Sportausrüstung;Sonstige Sportausrüstung;Kletter- & Wanderausrüstung;Trekkingrucksäcke;;;;
45771;Sport & Outdoor;Sportausrüstung;Sonstige Sportausrüstung;Kampfsportausrüstung;;;;;
52411;Sport & Outdoor;Sportausrüstung;Sonstige Sportausrüstung;Kampfsportausrüstung;Boxsets;;;;
14401;Sport & Outdoor;Sportausrüstung;Sonstige Sportausrüstung;Kampfsportausrüstung;Boxhandschuhe;;;;
60271;Sport & Outdoor;Sportausrüstung;Sonstige Sportausrüstung;Kampfsportausrüstung;Brustschutz;;;;
13091;Sport & Outdoor;Sportausrüstung;Sonstige Sportausrüstung;Kampfsportausrüstung;Augenschutz;;;;
65011;Sport & Outdoor;Sportausrüstung;Sonstige Sportausrüstung;Kampfsportausrüstung;Faustschützer;;;;
14431;Sport & Outdoor;Sportausrüstung;Sonstige Sportausrüstung;Kampfsportausrüstung;Pratzen;;;;
15041;Sport & Outdoor;Sportausrüstung;Sonstige Sportausrüstung;Kampfsportausrüstung;Kopfschutz;;;;
13111;Sport & Outdoor;Sportausrüstung;Sonstige Sportausrüstung;Kampfsportausrüstung;Tiefschutz;;;;
68911;Sport & Outdoor;Sportausrüstung;Sonstige Sportausrüstung;Kampfsportausrüstung;Sonstige Kampfsportausrüstung;;;;
13101;Sport & Outdoor;Sportausrüstung;Sonstige Sportausrüstung;Kampfsportausrüstung;Mundschutz;;;;
14411;Sport & Outdoor;Sportausrüstung;Sonstige Sportausrüstung;Kampfsportausrüstung;Boxsäcke;;;;
14421;Sport & Outdoor;Sportausrüstung;Sonstige Sportausrüstung;Kampfsportausrüstung;Punchingballs;;;;
13021;Sport & Outdoor;Sportausrüstung;Sonstige Sportausrüstung;Dart Ausrüstung;;;;;
14541;Sport & Outdoor;Sportausrüstung;Sonstige Sportausrüstung;Dart Ausrüstung;Dartscheiben;;;;
14531;Sport & Outdoor;Sportausrüstung;Sonstige Sportausrüstung;Dart Ausrüstung;Dartpfeile;;;;
65911;Sport & Outdoor;Sportausrüstung;Sonstige Sportausrüstung;Dart Ausrüstung;Dartkoffer;;;;
69467;Sport & Outdoor;Sportausrüstung;Sonstige Sportausrüstung;Dart Ausrüstung;Dartteppiche;;;;
13011;Sport & Outdoor;Sportausrüstung;Sonstige Sportausrüstung;Kicker Ausrüstung;;;;;
45761;Sport & Outdoor;Sportausrüstung;Sonstige Sportausrüstung;Kicker Ausrüstung;Kickerzubehör;;;;
14521;Sport & Outdoor;Sportausrüstung;Sonstige Sportausrüstung;Kicker Ausrüstung;Kickerbälle;;;;
10141;Sport & Outdoor;Sportausrüstung;Sonstige Sportausrüstung;Kicker Ausrüstung;Kickertische;;;;
13051;Sport & Outdoor;Sportausrüstung;Sonstige Sportausrüstung;Motorradausrüstung;;;;;
65161;Sport & Outdoor;Sportausrüstung;Sonstige Sportausrüstung;Motorradausrüstung;Helmrucksäcke;;;;
14661;Sport & Outdoor;Sportausrüstung;Sonstige Sportausrüstung;Motorradausrüstung;Motorradbekleidung;;;;
68896;Sport & Outdoor;Sportausrüstung;Sonstige Sportausrüstung;Motorradausrüstung;Motorradbekleidung;;;;
68897;Sport & Outdoor;Sportausrüstung;Sonstige Sportausrüstung;Motorradausrüstung;Motorradbekleidung;;;;
65211;Sport & Outdoor;Sportausrüstung;Sonstige Sportausrüstung;Motorradausrüstung;Motorradbekleidung;;;;
16071;Sport & Outdoor;Sportausrüstung;Sonstige Sportausrüstung;Motorradausrüstung;Motorradbekleidung;Nierengurte;;;
58151;Sport & Outdoor;Sportausrüstung;Sonstige Sportausrüstung;Motorradausrüstung;Motorradbekleidung;Motorradstiefel;;;
27331;Sport & Outdoor;Sportausrüstung;Sonstige Sportausrüstung;Motorradausrüstung;Motorradbekleidung;Motorradhandschuhe;;;
16081;Sport & Outdoor;Sportausrüstung;Sonstige Sportausrüstung;Motorradausrüstung;Motorradbekleidung;Motorrad-Overalls;;;
21801;Sport & Outdoor;Sportausrüstung;Sonstige Sportausrüstung;Motorradausrüstung;Motorradbekleidung;Motorradjacken;;;
22211;Sport & Outdoor;Sportausrüstung;Sonstige Sportausrüstung;Motorradausrüstung;Motorradbekleidung;Motorradhosen;;;
69801;Sport & Outdoor;Sportausrüstung;Sonstige Sportausrüstung;Motorradausrüstung;Motorradbekleidung;Motorradhemden;;;
21901;Sport & Outdoor;Sportausrüstung;Sonstige Sportausrüstung;Motorradausrüstung;Motorradbekleidung;Motorradwesten;;;
56951;Sport & Outdoor;Sportausrüstung;Sonstige Sportausrüstung;Motorradausrüstung;Motorradbekleidung;Sturmhauben;;;
47321;Sport & Outdoor;Sportausrüstung;Sonstige Sportausrüstung;Motorradausrüstung;Motorrad Protektoren;;;;
47361;Sport & Outdoor;Sportausrüstung;Sonstige Sportausrüstung;Motorradausrüstung;Motorrad Protektoren;Rückenprotektoren;;;
47341;Sport & Outdoor;Sportausrüstung;Sonstige Sportausrüstung;Motorradausrüstung;Motorrad Protektoren;Motorrad Protektorjacken & -westen;;;
47351;Sport & Outdoor;Sportausrüstung;Sonstige Sportausrüstung;Motorradausrüstung;Motorrad Protektoren;Motorrad Protektorhosen;;;
12961;Sport & Outdoor;Sportausrüstung;Sonstige Sportausrüstung;Laufsport Ausrüstung;;;;;
65541;Sport & Outdoor;Sportausrüstung;Sonstige Sportausrüstung;Laufsport Ausrüstung;Pulsgurte;;;;
27281;Sport & Outdoor;Sportausrüstung;Sonstige Sportausrüstung;Laufsport Ausrüstung;Laufhandschuhe;;;;
35781;Sport & Outdoor;Sportausrüstung;Sonstige Sportausrüstung;Laufsport Ausrüstung;Sportarmbänder;;;;
69704;Sport & Outdoor;Sportausrüstung;Sonstige Sportausrüstung;Laufsport Ausrüstung;Sportuhren & -messgeräte;;;;
69706;Sport & Outdoor;Sportausrüstung;Sonstige Sportausrüstung;Laufsport Ausrüstung;Sportuhren & -messgeräte;;;;
14281;Sport & Outdoor;Sportausrüstung;Sonstige Sportausrüstung;Laufsport Ausrüstung;Sportuhren & -messgeräte;;;;
69703;Sport & Outdoor;Sportausrüstung;Sonstige Sportausrüstung;Laufsport Ausrüstung;Sportuhren & -messgeräte;Fitnesstracker;;;
45741;Sport & Outdoor;Sportausrüstung;Sonstige Sportausrüstung;Laufsport Ausrüstung;Sportuhren & -messgeräte;Laufcomputer;;;
45751;Sport & Outdoor;Sportausrüstung;Sonstige Sportausrüstung;Laufsport Ausrüstung;Sportuhren & -messgeräte;GPS Geräte;;;
15841;Sport & Outdoor;Sportausrüstung;Sonstige Sportausrüstung;Laufsport Ausrüstung;Sportuhren & -messgeräte;Pulsuhren;;;
57151;Sport & Outdoor;Sportausrüstung;Sonstige Sportausrüstung;Laufsport Ausrüstung;Sportuhren & -messgeräte;Schrittzähler;;;
58661;Sport & Outdoor;Sportausrüstung;Sonstige Sportausrüstung;Laufsport Ausrüstung;Sportuhren & -messgeräte;Stoppuhren;;;
12221;Sport & Outdoor;Sportausrüstung;Sonstige Sportausrüstung;Selbstverteidigung;;;;;
68912;Sport & Outdoor;Sportausrüstung;Sonstige Sportausrüstung;Selbstverteidigung;Schlagstöcke;;;;
12351;Sport & Outdoor;Sportausrüstung;Sonstige Sportausrüstung;Selbstverteidigung;Kampfmesser;;;;
69109;Sport & Outdoor;Sportausrüstung;Sonstige Sportausrüstung;Selbstverteidigung;Schlagringe;;;;
69110;Sport & Outdoor;Sportausrüstung;Sonstige Sportausrüstung;Selbstverteidigung;Kubotan;;;;
12361;Sport & Outdoor;Sportausrüstung;Sonstige Sportausrüstung;Selbstverteidigung;Pfeffersprays;;;;
12371;Sport & Outdoor;Sportausrüstung;Sonstige Sportausrüstung;Selbstverteidigung;Elektroschocker;;;;
13041;Sport & Outdoor;Sportausrüstung;Sonstige Sportausrüstung;Schießsport Ausrüstung;;;;;
14601;Sport & Outdoor;Sportausrüstung;Sonstige Sportausrüstung;Schießsport Ausrüstung;Luftpistolen;;;;
14591;Sport & Outdoor;Sportausrüstung;Sonstige Sportausrüstung;Schießsport Ausrüstung;Luftgewehre;;;;
14611;Sport & Outdoor;Sportausrüstung;Sonstige Sportausrüstung;Schießsport Ausrüstung;Munition;;;;
15971;Sport & Outdoor;Sportausrüstung;Sonstige Sportausrüstung;Schießsport Ausrüstung;Munition;Pfeile;;;
16001;Sport & Outdoor;Sportausrüstung;Sonstige Sportausrüstung;Schießsport Ausrüstung;Munition;Patronenkästen;;;
15961;Sport & Outdoor;Sportausrüstung;Sonstige Sportausrüstung;Schießsport Ausrüstung;Munition;Armbrustpfeile;;;
15991;Sport & Outdoor;Sportausrüstung;Sonstige Sportausrüstung;Schießsport Ausrüstung;Munition;KK- / Großkaliber;;;
15981;Sport & Outdoor;Sportausrüstung;Sonstige Sportausrüstung;Schießsport Ausrüstung;Munition;LG- / LP-Munition;;;
14581;Sport & Outdoor;Sportausrüstung;Sonstige Sportausrüstung;Schießsport Ausrüstung;Bogenschießen;;;;
14571;Sport & Outdoor;Sportausrüstung;Sonstige Sportausrüstung;Schießsport Ausrüstung;Armbrüste;;;;
14631;Sport & Outdoor;Sportausrüstung;Sonstige Sportausrüstung;Schießsport Ausrüstung;Waffenpflege;;;;
14641;Sport & Outdoor;Sportausrüstung;Sonstige Sportausrüstung;Schießsport Ausrüstung;Zielfernrohre;;;;
14621;Sport & Outdoor;Sportausrüstung;Sonstige Sportausrüstung;Schießsport Ausrüstung;Schießausrüstung & Zubehör;;;;
16041;Sport & Outdoor;Sportausrüstung;Sonstige Sportausrüstung;Schießsport Ausrüstung;Schießausrüstung & Zubehör;Pfeilköcher;;;
16021;Sport & Outdoor;Sportausrüstung;Sonstige Sportausrüstung;Schießsport Ausrüstung;Schießausrüstung & Zubehör;Tragegurte;;;
16031;Sport & Outdoor;Sportausrüstung;Sonstige Sportausrüstung;Schießsport Ausrüstung;Schießausrüstung & Zubehör;Waffenkoffer;;;
16011;Sport & Outdoor;Sportausrüstung;Sonstige Sportausrüstung;Schießsport Ausrüstung;Schießausrüstung & Zubehör;Holster;;;
16051;Sport & Outdoor;Sportausrüstung;Sonstige Sportausrüstung;Schießsport Ausrüstung;Schießausrüstung & Zubehör;Schießhandschuhe;;;
67582;Sport & Outdoor;Sportausrüstung;Sonstige Sportausrüstung;Schießsport Ausrüstung;Zwillen;;;;
14651;Sport & Outdoor;Sportausrüstung;Sonstige Sportausrüstung;Schießsport Ausrüstung;Zielscheiben;;;;
68894;Sport & Outdoor;Sportausrüstung;Sonstige Sportausrüstung;Wassersport Ausrüstung;;;;;
12971;Sport & Outdoor;Sportausrüstung;Sonstige Sportausrüstung;Wassersport Ausrüstung;;;;;
55731;Sport & Outdoor;Sportausrüstung;Sonstige Sportausrüstung;Wassersport Ausrüstung;;;;;
55741;Sport & Outdoor;Sportausrüstung;Sonstige Sportausrüstung;Wassersport Ausrüstung;;;;;
55751;Sport & Outdoor;Sportausrüstung;Sonstige Sportausrüstung;Wassersport Ausrüstung;;;;;
14301;Sport & Outdoor;Sportausrüstung;Sonstige Sportausrüstung;Wassersport Ausrüstung;Boote;;;;
43091;Sport & Outdoor;Sportausrüstung;Sonstige Sportausrüstung;Wassersport Ausrüstung;Boote;Kanus;;;
43101;Sport & Outdoor;Sportausrüstung;Sonstige Sportausrüstung;Wassersport Ausrüstung;Boote;Kinderboote;;;
43071;Sport & Outdoor;Sportausrüstung;Sonstige Sportausrüstung;Wassersport Ausrüstung;Boote;Schlauchboote;;;
43081;Sport & Outdoor;Sportausrüstung;Sonstige Sportausrüstung;Wassersport Ausrüstung;Boote;Kajaks;;;
55721;Sport & Outdoor;Sportausrüstung;Sonstige Sportausrüstung;Wassersport Ausrüstung;Tauchausrüstung;;;;
14381;Sport & Outdoor;Sportausrüstung;Sonstige Sportausrüstung;Wassersport Ausrüstung;Tauchausrüstung;;;;
68895;Sport & Outdoor;Sportausrüstung;Sonstige Sportausrüstung;Wassersport Ausrüstung;Tauchausrüstung;;;;
43141;Sport & Outdoor;Sportausrüstung;Sonstige Sportausrüstung;Wassersport Ausrüstung;Tauchausrüstung;Tarierjackets;;;
69212;Sport & Outdoor;Sportausrüstung;Sonstige Sportausrüstung;Wassersport Ausrüstung;Tauchausrüstung;Tauchcomputer;;;
43131;Sport & Outdoor;Sportausrüstung;Sonstige Sportausrüstung;Wassersport Ausrüstung;Tauchausrüstung;Tauchersets;;;
43151;Sport & Outdoor;Sportausrüstung;Sonstige Sportausrüstung;Wassersport Ausrüstung;Tauchausrüstung;Atemregler;;;
14391;Sport & Outdoor;Sportausrüstung;Sonstige Sportausrüstung;Wassersport Ausrüstung;Tauchausrüstung;Tauchlampen;;;
65041;Sport & Outdoor;Sportausrüstung;Sonstige Sportausrüstung;Wassersport Ausrüstung;Tauchausrüstung;Sonstige Tauchausrüstung;;;
43111;Sport & Outdoor;Sportausrüstung;Sonstige Sportausrüstung;Wassersport Ausrüstung;Tauchausrüstung;Schnorchel;;;
14311;Sport & Outdoor;Sportausrüstung;Sonstige Sportausrüstung;Wassersport Ausrüstung;Tauchringe;;;;
14331;Sport & Outdoor;Sportausrüstung;Sonstige Sportausrüstung;Wassersport Ausrüstung;Schwimmflossen;;;;
14361;Sport & Outdoor;Sportausrüstung;Sonstige Sportausrüstung;Wassersport Ausrüstung;Kiteboards;;;;
14321;Sport & Outdoor;Sportausrüstung;Sonstige Sportausrüstung;Wassersport Ausrüstung;Paddel;;;;
43061;Sport & Outdoor;Sportausrüstung;Sonstige Sportausrüstung;Wassersport Ausrüstung;Paddles;;;;
61851;Sport & Outdoor;Sportausrüstung;Sonstige Sportausrüstung;Wassersport Ausrüstung;Skimboards;;;;
69439;Sport & Outdoor;Sportausrüstung;Sonstige Sportausrüstung;Wassersport Ausrüstung;Stand Up Paddle Boards;;;;
14371;Sport & Outdoor;Sportausrüstung;Sonstige Sportausrüstung;Wassersport Ausrüstung;Surfbretter;;;;
14341;Sport & Outdoor;Sportausrüstung;Sonstige Sportausrüstung;Wassersport Ausrüstung;Schwimmhilfen;;;;
15171;Sport & Outdoor;Sportausrüstung;Sonstige Sportausrüstung;Wassersport Ausrüstung;Schwimmhilfen;Luftmatratzen;;;
58221;Sport & Outdoor;Sportausrüstung;Sonstige Sportausrüstung;Wassersport Ausrüstung;Schwimmhilfen;Schwimmbretter;;;
15851;Sport & Outdoor;Sportausrüstung;Sonstige Sportausrüstung;Wassersport Ausrüstung;Schwimmhilfen;Schwimmwesten;;;
15871;Sport & Outdoor;Sportausrüstung;Sonstige Sportausrüstung;Wassersport Ausrüstung;Schwimmhilfen;Schwimmnudeln;;;
59701;Sport & Outdoor;Sportausrüstung;Sonstige Sportausrüstung;Wassersport Ausrüstung;Schwimmhilfen;Schwimmgürtel;;;
61951;Sport & Outdoor;Sportausrüstung;Sonstige Sportausrüstung;Wassersport Ausrüstung;Schwimmhilfen;Schwimmsitze;;;
15861;Sport & Outdoor;Sportausrüstung;Sonstige Sportausrüstung;Wassersport Ausrüstung;Schwimmhilfen;Schwimmflügel;;;
14291;Sport & Outdoor;Sportausrüstung;Sonstige Sportausrüstung;Wassersport Ausrüstung;Badekappen;;;;
66741;Sport & Outdoor;Sportausrüstung;Sonstige Sportausrüstung;Wassersport Ausrüstung;Wassersport-Zubehör;;;;
14351;Sport & Outdoor;Sportausrüstung;Sonstige Sportausrüstung;Wassersport Ausrüstung;Neoprenanzüge;;;;
55851;Sport & Outdoor;Sportausrüstung;Sporttaschen & -rucksäcke;;;;;;
55811;Sport & Outdoor;Sportausrüstung;Sporttaschen & -rucksäcke;;;;;;
55771;Sport & Outdoor;Sportausrüstung;Sporttaschen & -rucksäcke;;;;;;
55831;Sport & Outdoor;Sportausrüstung;Sporttaschen & -rucksäcke;;;;;;
12321;Sport & Outdoor;Sportausrüstung;Sporttaschen & -rucksäcke;;;;;;
55821;Sport & Outdoor;Sportausrüstung;Sporttaschen & -rucksäcke;;;;;;
58681;Sport & Outdoor;Sportausrüstung;Sporttaschen & -rucksäcke;Sonstige Sporttaschen;;;;;
26221;Sport & Outdoor;Sportausrüstung;Sporttaschen & -rucksäcke;Ski- & Snowboardtaschen;;;;;
26191;Sport & Outdoor;Sportausrüstung;Sporttaschen & -rucksäcke;Tennistaschen;;;;;
52621;Sport & Outdoor;Sportausrüstung;Sportbekleidung;;;;;;
60231;Sport & Outdoor;Sportausrüstung;Sportbekleidung;Armlinge;;;;;
52631;Sport & Outdoor;Sportausrüstung;Sportbekleidung;Trikots;;;;;
52691;Sport & Outdoor;Sportausrüstung;Sportbekleidung;Stutzen;;;;;
63671;Sport & Outdoor;Sportausrüstung;Sportbekleidung;Beinlinge;;;;;
52681;Sport & Outdoor;Sportausrüstung;Sportbekleidung;Leibchen;;;;;
69339;Sport & Outdoor;Sportausrüstung;Sportbekleidung;Skijacken;;;;;
69394;Sport & Outdoor;Sportausrüstung;Sportbekleidung;Skianzüge;;;;;
52661;Sport & Outdoor;Sportausrüstung;Sportbekleidung;Sportjacken;;;;;
69225;Sport & Outdoor;Sportausrüstung;Sportbekleidung;Funktionsshirts;;;;;
69423;Sport & Outdoor;Sportausrüstung;Sportbekleidung;Sportoberteile;;;;;
69424;Sport & Outdoor;Sportausrüstung;Sportbekleidung;Sportoberteile;Laufshirts;;;;
52651;Sport & Outdoor;Sportausrüstung;Sportbekleidung;Sporthosen;;;;;
69407;Sport & Outdoor;Sportausrüstung;Sportbekleidung;Sporthosen;Fahrradhosen;;;;
69409;Sport & Outdoor;Sportausrüstung;Sportbekleidung;Sporthosen;Wanderhosen;;;;
69412;Sport & Outdoor;Sportausrüstung;Sportbekleidung;Sporthosen;Jogginghosen;;;;
69411;Sport & Outdoor;Sportausrüstung;Sportbekleidung;Sporthosen;Sonstige Sporthosen;;;;
69408;Sport & Outdoor;Sportausrüstung;Sportbekleidung;Sporthosen;Laufhosen;;;;
69338;Sport & Outdoor;Sportausrüstung;Sportbekleidung;Sporthosen;Skihosen;;;;
69406;Sport & Outdoor;Sportausrüstung;Sportbekleidung;Sporthosen;Sportleggings;;;;
69413;Sport & Outdoor;Sportausrüstung;Sportbekleidung;Sporthosen;Kurze Sporthosen;;;;
69405;Sport & Outdoor;Sportausrüstung;Sportbekleidung;Sporthosen;Trainingshosen;;;;
69410;Sport & Outdoor;Sportausrüstung;Sportbekleidung;Sporthosen;Yogahosen;;;;
52741;Sport & Outdoor;Sportausrüstung;Sportbekleidung;Sportzubehör;;;;;
53331;Sport & Outdoor;Sportausrüstung;Sportbekleidung;Sportbekleidung-Sets;;;;;
52711;Sport & Outdoor;Sportausrüstung;Sportbekleidung;Sportkleider;;;;;
67852;Sport & Outdoor;Sportausrüstung;Sportbekleidung;Sporthandschuhe;;;;;
15341;Sport & Outdoor;Sportausrüstung;Sportbekleidung;Sporthandschuhe;Torwarthandschuhe;;;;
27221;Sport & Outdoor;Sportausrüstung;Sportbekleidung;Sporthandschuhe;Ski- & Snowboardhandschuhe;;;;
63871;Sport & Outdoor;Sportausrüstung;Sportbekleidung;Sportpullover;;;;;
69028;Sport & Outdoor;Sportausrüstung;Sportbekleidung;Sportschuhe;;;;;
69023;Sport & Outdoor;Sportausrüstung;Sportbekleidung;Sportschuhe;;;;;
52751;Sport & Outdoor;Sportausrüstung;Sportbekleidung;Sportschuhe;;;;;
69020;Sport & Outdoor;Sportausrüstung;Sportbekleidung;Sportschuhe;Basketballschuhe;;;;
69021;Sport & Outdoor;Sportausrüstung;Sportbekleidung;Sportschuhe;Fahrradschuhe;;;;
69019;Sport & Outdoor;Sportausrüstung;Sportbekleidung;Sportschuhe;Fußballschuhe;;;;
69024;Sport & Outdoor;Sportausrüstung;Sportbekleidung;Sportschuhe;Wanderschuhe;;;;
69025;Sport & Outdoor;Sportausrüstung;Sportbekleidung;Sportschuhe;Hallenschuhe;;;;
69026;Sport & Outdoor;Sportausrüstung;Sportbekleidung;Sportschuhe;Sonstige Sportschuhe;;;;
69521;Sport & Outdoor;Sportausrüstung;Sportbekleidung;Sportschuhe;Padelschuhe;;;;
69018;Sport & Outdoor;Sportausrüstung;Sportbekleidung;Sportschuhe;Laufschuhe;;;;
69431;Sport & Outdoor;Sportausrüstung;Sportbekleidung;Sportschuhe;Tennisschuhe;;;;
69120;Sport & Outdoor;Sportausrüstung;Sportbekleidung;Sport-Shorts;;;;;
52701;Sport & Outdoor;Sportausrüstung;Sportbekleidung;Sportröcke;;;;;
52731;Sport & Outdoor;Sportausrüstung;Sportbekleidung;Sportsocken;;;;;
65731;Sport & Outdoor;Sportausrüstung;Sportbekleidung;Sport-Bademoden;;;;;
63881;Sport & Outdoor;Sportausrüstung;Sportbekleidung;Sporttops;;;;;
69076;Sport & Outdoor;Sportausrüstung;Sportbekleidung;Sportunterwäsche;;;;;
52671;Sport & Outdoor;Sportausrüstung;Sportbekleidung;Trainingsanzüge;;;;;
69251;Sport & Outdoor;Sportausrüstung;Sportbekleidung;Triathlonanzüge;;;;;
12331;Sport & Outdoor;Sportausrüstung;Pokale & Auszeichnungen;;;;;;
13221;Sport & Outdoor;Sportausrüstung;Pokale & Auszeichnungen;Urkunden;;;;;
13201;Sport & Outdoor;Sportausrüstung;Pokale & Auszeichnungen;Medaillen;;;;;
13211;Sport & Outdoor;Sportausrüstung;Pokale & Auszeichnungen;Pokale;;;;;
12281;Sport & Outdoor;Sportausrüstung;Wintersportausrüstung;;;;;;
12941;Sport & Outdoor;Sportausrüstung;Wintersportausrüstung;Eishockey Ausrüstung;;;;;
14931;Sport & Outdoor;Sportausrüstung;Wintersportausrüstung;Eishockey Ausrüstung;Eishockeyhelme;;;;
14241;Sport & Outdoor;Sportausrüstung;Wintersportausrüstung;Eishockey Ausrüstung;Eishockeyschlittschuhe;;;;
14221;Sport & Outdoor;Sportausrüstung;Wintersportausrüstung;Eishockey Ausrüstung;Eishockeyschläger;;;;
13191;Sport & Outdoor;Sportausrüstung;Wintersportausrüstung;Eishockey Ausrüstung;Eishockeyschutzausrüstungen;;;;
14231;Sport & Outdoor;Sportausrüstung;Wintersportausrüstung;Eishockey Ausrüstung;Pucks;;;;
12931;Sport & Outdoor;Sportausrüstung;Wintersportausrüstung;Eislaufausrüstung;;;;;
14201;Sport & Outdoor;Sportausrüstung;Wintersportausrüstung;Eislaufausrüstung;Eiskunstlaufschuhe;;;;
66361;Sport & Outdoor;Sportausrüstung;Wintersportausrüstung;Eislaufausrüstung;Schlittschuh-Zubehör;;;;
14211;Sport & Outdoor;Sportausrüstung;Wintersportausrüstung;Eislaufausrüstung;Schlittschuhe;;;;
14191;Sport & Outdoor;Sportausrüstung;Wintersportausrüstung;Eislaufausrüstung;Eisschnelllaufschuhe;;;;
67932;Sport & Outdoor;Sportausrüstung;Wintersportausrüstung;Ski- & Snowboardausrüstung;;;;;
67922;Sport & Outdoor;Sportausrüstung;Wintersportausrüstung;Ski- & Snowboardausrüstung;;;;;
45791;Sport & Outdoor;Sportausrüstung;Wintersportausrüstung;Ski- & Snowboardausrüstung;;;;;
67892;Sport & Outdoor;Sportausrüstung;Wintersportausrüstung;Ski- & Snowboardausrüstung;;;;;
69743;Sport & Outdoor;Sportausrüstung;Wintersportausrüstung;Ski- & Snowboardausrüstung;;;;;
67902;Sport & Outdoor;Sportausrüstung;Wintersportausrüstung;Ski- & Snowboardausrüstung;;;;;
69783;Sport & Outdoor;Sportausrüstung;Wintersportausrüstung;Ski- & Snowboardausrüstung;Langlaufschuhe;;;;
69800;Sport & Outdoor;Sportausrüstung;Wintersportausrüstung;Ski- & Snowboardausrüstung;Langlaufskier;;;;
69784;Sport & Outdoor;Sportausrüstung;Wintersportausrüstung;Ski- & Snowboardausrüstung;Sonstiges Skizubehör;;;;
69785;Sport & Outdoor;Sportausrüstung;Wintersportausrüstung;Ski- & Snowboardausrüstung;Sonstiges Snowboardzubehör;;;;
14101;Sport & Outdoor;Sportausrüstung;Wintersportausrüstung;Ski- & Snowboardausrüstung;Ski- & Snowboardschuhe;;;;
69116;Sport & Outdoor;Sportausrüstung;Wintersportausrüstung;Ski- & Snowboardausrüstung;Ski & Snowboard Protektoren;;;;
45801;Sport & Outdoor;Sportausrüstung;Wintersportausrüstung;Ski- & Snowboardausrüstung;Ski & Snowboard Protektoren;;;;
13151;Sport & Outdoor;Sportausrüstung;Wintersportausrüstung;Ski- & Snowboardausrüstung;Ski & Snowboard Protektoren;Protektorenhandschuhe;;;
15111;Sport & Outdoor;Sportausrüstung;Wintersportausrüstung;Ski- & Snowboardausrüstung;Ski & Snowboard Protektoren;Wintersport Protektorenjacken & -westen;;;
15131;Sport & Outdoor;Sportausrüstung;Wintersportausrüstung;Ski- & Snowboardausrüstung;Ski & Snowboard Protektoren;Wintersport Protektorenhosen;;;
14091;Sport & Outdoor;Sportausrüstung;Wintersportausrüstung;Ski- & Snowboardausrüstung;Skibindungen;;;;
14081;Sport & Outdoor;Sportausrüstung;Wintersportausrüstung;Ski- & Snowboardausrüstung;Skistöcke;;;;
14071;Sport & Outdoor;Sportausrüstung;Wintersportausrüstung;Ski- & Snowboardausrüstung;Skier;;;;
14111;Sport & Outdoor;Sportausrüstung;Wintersportausrüstung;Ski- & Snowboardausrüstung;Snowboardbindungen;;;;
69774;Sport & Outdoor;Sportausrüstung;Wintersportausrüstung;Ski- & Snowboardausrüstung;Snowboard-Boots;;;;
14121;Sport & Outdoor;Sportausrüstung;Wintersportausrüstung;Ski- & Snowboardausrüstung;Snowboards;;;;
12921;Sport & Outdoor;Sportausrüstung;Wintersportausrüstung;Schlitten & Bobs;;;;;
14151;Sport & Outdoor;Sportausrüstung;Wintersportausrüstung;Schlitten & Bobs;Rutschteller;;;;
14171;Sport & Outdoor;Sportausrüstung;Wintersportausrüstung;Schlitten & Bobs;Klappschlitten;;;;
66181;Sport & Outdoor;Sportausrüstung;Wintersportausrüstung;Schlitten & Bobs;Schlitten-Zubehör;;;;
14161;Sport & Outdoor;Sportausrüstung;Wintersportausrüstung;Schlitten & Bobs;Lenkschlitten;;;;
14141;Sport & Outdoor;Sportausrüstung;Wintersportausrüstung;Schlitten & Bobs;Schneebobs;;;;
14181;Sport & Outdoor;Sportausrüstung;Wintersportausrüstung;Schlitten & Bobs;Holzschlitten;;;;
12951;Sport & Outdoor;Sportausrüstung;Wintersportausrüstung;Winterwandern Ausrüstung;;;;;
66021;Sport & Outdoor;Sportausrüstung;Wintersportausrüstung;Winterwandern Ausrüstung;Schuhkrallen;;;;
14261;Sport & Outdoor;Sportausrüstung;Wintersportausrüstung;Winterwandern Ausrüstung;Schneeschuhstöcke;;;;
14251;Sport & Outdoor;Sportausrüstung;Wintersportausrüstung;Winterwandern Ausrüstung;Schneeschuhe;;;;
69233;Sport & Outdoor;Sportausrüstung;Yogazubehör;;;;;;
69231;Sport & Outdoor;Sportausrüstung;Yogazubehör;;;;;;
69228;Sport & Outdoor;Sportausrüstung;Yogazubehör;;;;;;
69229;Sport & Outdoor;Sportausrüstung;Yogazubehör;;;;;;
69232;Sport & Outdoor;Sportausrüstung;Yogazubehör;;;;;;
69230;Sport & Outdoor;Sportausrüstung;Yogazubehör;;;;;;