SKU,Localised For,Title,Subtitle,Product Description,Additional Info,Group Picture URL,Picture URL 1,Picture URL 2,Picture URL 3,Picture URL 4,Picture URL 5,Picture URL 6,Picture URL 7,Picture URL 8,Picture URL 9,Picture URL 10,Picture URL 11,Picture URL 12,Picture URL 13,Picture URL 14,Picture URL 15,Picture URL 16,Picture URL 17,Picture URL 18,Picture URL 19,Picture URL 20,Picture URL 21,Picture URL 22,Picture URL 23,Picture URL 24,UPC,ISBN,EAN,MPN,Brand,ePID,Attribute Name 1,Attribute Value 1,Attribute Name 2,Attribute Value 2,Attribute Name 3,Attribute Value 3,Attribute Name 4,Attribute Value 4,Attribute Name 5,Attribute Value 5,Attribute Name 6,Attribute Value 6,Attribute Name 7,Attribute Value 7,Attribute Name 8,Attribute Value 8,Attribute Name 9,Attribute Value 9,Attribute Name 10,Attribute Value 10,Attribute Name 11,Attribute Value 11,Attribute Name 12,Attribute Value 12,Attribute Name 13,Attribute Value 13,Attribute Name 14,Attribute Value 14,Attribute Name 15,Attribute Value 15,Attribute Name 16,Attribute Value 16,Attribute Name 17,Attribute Value 17,Attribute Name 18,Attribute Value 18,Attribute Name 19,Attribute Value 19,Attribute Name 20,Attribute Value 20,Attribute Name 21,Attribute Value 21,Attribute Name 22,Attribute Value 22,Attribute Name 23,Attribute Value 23,Attribute Name 24,Attribute Value 24,Attribute Name 25,Attribute Value 25,Attribute Name 26,Attribute Value 26,Attribute Name 27,Attribute Value 27,Attribute Name 28,Attribute Value 28,Attribute Name 29,Attribute Value 29,Attribute Name 30,Attribute Value 30,Condition,Condition Description,Measurement System,Length,Width,Height,Weight Major,Weight Minor,Package Type,Total Ship To Home Quantity,Channel Id,Category,Shipping Policy,Payment Policy,Return Policy,List Price,Max Quantity Per Buyer,Strikethrough Price,Minimum Advertised Price,Minimum Advertised Price Handling,Store Category Name 1,Store Category Name 2,Sold Off eBay,Sold On eBay,Apply Tax,Tax Category,VAT Percent,Include eBay Product Details,Domestic Shipping P1 Cost,Domestic Shipping P1 Additional Cost,Domestic Shipping P1 Surcharge,Domestic Shipping P2 Cost,Domestic Shipping P2 Additional Cost,Domestic Shipping P2 Surcharge,Domestic Shipping P3 Cost,Domestic Shipping P3 Additional Cost,Domestic Shipping P3 Surcharge,Domestic Shipping P4 Cost,Domestic Shipping P4 Additional Cost,Domestic Shipping P4 Surcharge,International Shipping P1 Cost,International Shipping P1 Additional Cost,International Shipping P1 Surcharge,International Shipping P2 Cost,International Shipping P2 Additional Cost,International Shipping P2 Surcharge,International Shipping P3 Cost,International Shipping P3 Additional Cost,International Shipping P3 Surcharge,International Shipping P4 Cost,International Shipping P4 Additional Cost,International Shipping P4 Surcharge,International Shipping P5 Cost,International Shipping P5 Additional Cost,International Shipping P5 Surcharge,Template Name,Custom Fields,Eligible For eBay Plus,
"SKU-1489693054","de_DE","16er Pack Gastgeschenke Salbeigrün für Brautparty Hochzeit Deko Partyzubehör",,,,,,,,,,,,,,,,,,,,,,,,,,,,,,,,,,,"Besonderheiten",,"Muster",,"Herstellernummer",,"Personalisieren",,"Anzahl der Einheiten",,"Breite",,"Duft",,"Gewicht",,"Herstellungsjahr",,"Höhe",,"Länge",,"Maßeinheit",,"Anleitung für Personalisierung",,"Anlass","Brautparty","Marke",,"Produktart","Gastgeschenk","Set enthält","Deko","Farbe","Salbeigrün","Stückzahl","16","Material",,"Thema","Hochzeit, Braut","Form",,"Ursprungsland",,,,,,,,,,,,,,,,,,,,,,,,,,,33156,,,,,,,,,,,,,,,,,,,,,,,,,,,,,,,,,,,,,,,,,,,,,,,
"SKU-2365442999","de_DE","6er Set GN 1/6 Edelstahl Gastronormbehälter 2,4L – Stapelbar & Hygienisch",,,,,,,,,,,,,,,,,,,,,,,,,,,,,,,,,,,"Marke",,"Stil",,"Herstellernummer",,"Größe","GN 1/6","Stärke","0.7 mm","Anzahl der Einheiten","6","Maßeinheit","Stück","Ursprungsland","Deutschland",,,,,,,,,,,,,,,,,,,,,,,,,,,,,,,,,,,,,,,,,,,,,,,,,,,,,,,,258702,,,,,,,,,,,,,,,,,,,,,,,,,,,,,,,,,,,,,,,,,,,,,,,
"SKU-1665721376","de_DE","7 O’Clock PARIS Glas-Set 15-teilig | Geriffelt mit Karaffe & Deckelgläsern",,,,,,,,,,,,,,,,,,,,,,,,,,,,,,,,,,,"Charakter",,"Anlass",,"Abteilung",,"Charakter Familie",,"Form",,"Höhe",,"Breite",,"Muster",,"Herstellernummer",,"Herstellergarantie",,"Anleitung für Personalisierung",,"Pflegeanleitung",,"Marke","7 O’Clock","Produktart","Glas","Set enthält","1 Karaffe, 2 Gläser mit Glasdeckel, 6 große Gläser, 6 kleine Gläs","Material","Glas","Glasgeschirrart","Gläser-Set","Gedeck für","6","Farbe","Transparent","Besonderheiten","Für Heißgetränke geeignet,Mit Deckel,Mit Strohhalm,Spülmaschinenfest","Kapazität","250 ml, 400 ml, 1550 ml","Thema","Essen & Trinken","Stil","Art déco","Ursprungsland",,"Anzahl der Teile","15","Design","Geriffelt","Modell","Paris","Gewicht","4,5 kg","Personalisieren","Nein","Anzahl der Einheiten","15",,,,,,,,,,,,20696,,,,,,,,,,,,,,,,,,,,,,,,,,,,,,,,,,,,,,,,,,,,,,,
"SKU-7255766247","de_DE","Abercrombie Fitch T-Shirt Gr. L Herren 100% Baumwolle Mehrfarbig NEU",,,,,,,,,,,,,,,,,,,,,,,,,,,,,,,,,,,"Charakter",,"Besonderheiten",,"Modell",,"Größenkategorie",,"Aktivität",,"Vintage",,"Herstellernummer",,"Anlass",,"Brustumfang",,"Charakter Familie",,"Gewebeart",,"Handgefertigt",,"Herstellungsjahr",,"Jahreszeit",,"Kompressionsstufe",,"Kragenart",,"Produktlinie",,"Shirt-Länge",,"Signiert",,"Verschluss",,"Waschung",,"Marke","Abercrombie & Fitch","Produktart","T-Shirt","Größe","L","Passform","Regular Fit","Ärmellänge","Kurzarm","Thema","Logo","Farbe","Mehrfarbig","Abteilung","Herren","Stil","Basic",,,,,,,,,,,,179982,,,,,,,,,,,,,,,,,,,,,,,,,,,,,,,,,,,,,,,,,,,,,,,
"SKU-3586300359","de_DE","Ablaufschlauch Verlängerung L: 150 cm Ø 19 mm - für Wasch- & Spülmaschinen",,,,,,,,,,,,,,,,,,,,,,,,,,,,,,,,,,,"Anzahl der Teile",,"Besonderheiten",,"Finish",,"Betriebsart",,"Breite",,"Tiefe",,"Markenkompatibilität",,"Modellkompatibilität",,"Herstellernummer",,"Kapazität",,"Höhe",,"Gewicht",,"Herstellergarantie",,"Leistung",,"Marke","Euro Part","Set enthält","Ablaufschlauch","Produktart","Ablaufschlauch","Geeignet für","Kodenstrockner,Schleudertrockner,Waschtrockner","Material","Kunststoff","Farbe","Grau","Modell","Flexibel","Ursprungsland","Deutschland","Installationsart","Freistehend","Anzahl der Einheiten","1","Maßeinheit","Einheit",,,,,,,,,,,,,,,,,,,,,,99697,,,,,,,,,,,,,,,,,,,,,,,,,,,,,,,,,,,,,,,,,,,,,,,
"SKU-5410787453","de_DE","acamp Hängesessel Schutzhülle: Ganzjähriger Premium Wetterschutz Ø110x200cm",,,,,,,,,,,,,,,,,,,,,,,,,,,,,,,,,,,"Form",,"Farbe",,"Breite",,"Besonderheiten",,"Länge",,"Höhe",,"Herstellungsjahr",,"Herstellernummer",,"Anzahl der Einheiten",,"Maßeinheit",,"Herstellergarantie",,"Modell",,"Pflegeanleitung",,"Geeignet für","Hängesessel","Marke","Acamp","Produktart","Schutzhülle","Material","Polyester","Ursprungsland",,,,,,,,,,,,,,,,,,,,,,,,,,,,,,,,,,,,,177031,,,,,,,,,,,,,,,,,,,,,,,,,,,,,,,,,,,,,,,,,,,,,,,
"SKU-0139597304","de_DE","acamp Schutzhülle Cappa für Ampelschirme – Ganzjahresschutz bis 300cm",,,,,,,,,,,,,,,,,,,,,,,,,,,,,,,,,,,"Breite",,"Verschlussart",,"Herstellernummer",,"Anzahl der Einheiten",,"Gewicht",,"Herstellergarantie",,"Im Lieferumfang enthalten",,"Maßeinheit",,"Produktart","Schutzhülle","Farbe","Anthrazit","Höhe",,"Besonderheiten",,"Material","Polyester","Marke","Acamp","Ursprungsland",,,,,,,,,,,,,,,,,,,,,,,,,,,,,,,,,,,,,,,,,,,261011,,,,,,,,,,,,,,,,,,,,,,,,,,,,,,,,,,,,,,,,,,,,,,,
"SKU-2724878095","de_DE","acamp Schutzhülle Cappa für ovale Tische - Wasserdicht & UV-beständig",,,,,,,,,,,,,,,,,,,,,,,,,,,,,,,,,,,"Geeignet für",,"Form",,"Herstellungsjahr",,"Anzahl der Einheiten",,"Maßeinheit",,"Herstellergarantie",,"Modell",,"Pflegeanleitung",,"Farbe","Anthrazit","Breite","160 cm","Besonderheiten","UV-Beständig","Marke","Acamp","Länge","160 cm","Höhe","160 cm","Produktart","Schutzhülle","Material","Polyestergewebe","Ursprungsland",,"Herstellernummer","57707",,,,,,,,,,,,,,,,,,,,,,,,,,,,,,,,,,,,177031,,,,,,,,,,,,,,,,,,,,,,,,,,,,,,,,,,,,,,,,,,,,,,,
"SKU-7700165856","de_DE","acamp Sonnenschirm Schutzhülle: Premium Ganzjahresschutz bis 400cm",,,,,,,,,,,,,,,,,,,,,,,,,,,,,,,,,,,"Verschlussart",,"Herstellernummer",,"Anzahl der Einheiten",,"Gewicht",,"Herstellergarantie",,"Im Lieferumfang enthalten",,"Maßeinheit",,"Produktart","Sonnenschirm Schutzhülle","Farbe","Anthrazit","Breite","200 cm","Höhe","200 cm","Besonderheiten","Wasserdicht, Wetterfest, Frostbeständig","Material","Polyestergewebe","Marke","Acamp","Ursprungsland",,,,,,,,,,,,,,,,,,,,,,,,,,,,,,,,,,,,,,,,,,,261011,,,,,,,,,,,,,,,,,,,,,,,,,,,,,,,,,,,,,,,,,,,,,,,
"SKU-5928571392","de_DE","acamp Strandkorb Schutzhülle Cappa – Optimaler Ganzjahresschutz",,,,,,,,,,,,,,,,,,,,,,,,,,,,,,,,,,,"Form",,"Farbe",,"Breite",,"Besonderheiten",,"Länge",,"Höhe",,"Material",,"Herstellungsjahr",,"Herstellernummer",,"Anzahl der Einheiten",,"Maßeinheit",,"Herstellergarantie",,"Modell",,"Pflegeanleitung",,"Geeignet für","Strandkorb","Marke","Acamp","Produktart","Premium","Ursprungsland",,,,,,,,,,,,,,,,,,,,,,,,,,,,,,,,,,,,,177031,,,,,,,,,,,,,,,,,,,,,,,,,,,,,,,,,,,,,,,,,,,,,,,
"SKU-6725568671","de_DE","ACRE Carbon Ultralight Rollator RTD08179P, Rot, 130kg, faltbar, CE-zertifiziert",,,,,,,,,,,,,,,,,,,,,,,,,,,,,,,,,,,"Altersgruppe",,"Breite",,"Höhe",,"Länge",,"Geeignet für",,"Herstellergarantie",,"Gütesiegel & Kennzeichnungen",,"Herstellernummer",,"Anzahl der Einheiten",,"Produktart","Rollator","Besonderheiten",,"Marke","ACRE","Material","Carbonfaser","Maximale Belastbarkeit","130 kg","Anzahl der Räder","4","Farbe","Rot","Gewicht","4.8","Ursprungsland","China","Modell","Carbon Ultralight","Maßeinheit",,,,,,,,,,,,,,,,,,,,,,,,,,,,,,,,,28176,,,,,,,,,,,,,,,,,,,,,,,,,,,,,,,,,,,,,,,,,,,,,,,
"SKU-1784585629","de_DE","adeo Verlag Kunstkarten-Set: Elegante Blumenmotive für herzliche Grüße",,,,,,,,,,,,,,,,,,,,,,,,,,,,,,,,,,,"Format",,"Lineatur",,"Drucktechnologie",,"Personalisieren",,"Herstellernummer",,"Anzahl der Einheiten",,"Maßeinheit",,"Anleitung für Personalisierung",,"Grammatur",,"Produktart","Kunstkarte","Besonderheiten","Mit Umschlägen","Farbe","Mehrfarbig","Marke","adeo Verlag","Ursprungsland",,,,,,,,,,,,,,,,,,,,,,,,,,,,,,,,,,,,,,,,,,,,,138910,,,,,,,,,,,,,,,,,,,,,,,,,,,,,,,,,,,,,,,,,,,,,,,
"SKU-0114729665","de_DE","Adidas Campus 00s Sneaker Gr. 42.5 – Ikonischer Retro-Stil für höchsten Komfort",,,,,,,,,,,,,,,,,,,,,,,,,,,,,,,,,,,"UK-Schuhgröße",,"US-Schuhgröße",,"Charakter",,"Schuhschaft-Typ",,"Schuhweite",,"Erscheinungsjahr",,"Herstellungsjahr",,"Jahreszeit",,"Aktivität",,"Vintage",,"Signiert",,"Muster",,"Herstellernummer",,"Individualisiert",,"Anzahl der Einheiten",,"Maßeinheit",,"Pronation",,"Marke","adidas","EU-Schuhgröße","42 2/3","Modell","adidas Campus 00s","Produktlinie","adidas Campus","Abteilung","Herren","Stil","Sneaker","Farbe","Rot","Innensohlenmaterial","Textil","Obermaterial","Faux-Wildleder","Thema","Retro","Laufsohlenmaterial","Gummi","Futtermaterial","Textil","Anlass","Freizeit",,,,,,,,,,,,15709,,,,,,,,,,,,,,,,,,,,,,,,,,,,,,,,,,,,,,,,,,,,,,,
"SKU-2391228513","de_DE","adidas Handball Spezial W Damen Sneaker Hellgrau / Hellblau Retro NEU OVP Gr. 38",,,,,,,,,,,,,,,,,,,,,,,,,,,,,,,,,,,"Charakter",,"Innensohlenmaterial",,"Futtermaterial",,"Laufsohlenmaterial",,"Schuhschaft-Typ",,"Verschluss",,"Jahreszeit",,"Besonderheiten",,"Akzente",,"Gewebeart",,"Produktart",,"Aktivität",,"Muster",,"Erscheinungsjahr",,"Herstellungsjahr",,"Stollentyp",,"Vintage",,"Signiert",,"Herstellernummer",,"Individualisiert",,"Anzahl der Einheiten",,"Maßeinheit",,"Pronation",,"EU-Schuhgröße","38","Marke","adidas","Abteilung","Damen","Stil","Sneaker","Farbe","Grau","Produktlinie","adidas Handball","Modell","adidas Handball",,,,,,,,,,,,95672,,,,,,,,,,,,,,,,,,,,,,,,,,,,,,,,,,,,,,,,,,,,,,,
"SKU-1419839651","de_DE","Adidas Kinder Sneaker VS Switch 3 CF C – Einfaches Anziehen mit Klettverschluss",,,,,,,,,,,,,,,,,,,,,,,,,,,,,,,,,,,"Jahreszeit",,"Charakter",,"Dämpfungsgrad",,"Schuhschaft-Typ",,"Gewebeart",,"Herstellungsjahr",,"Akzente",,"Vintage",,"Muster",,"Personalisieren",,"Schuhspitze",,"Individualisiert",,"Anleitung für Personalisierung",,"Anzahl der Einheiten",,"Handgefertigt",,"Herstellernummer",,"Maßeinheit",,"Pronation",,"Signiert",,"Sprengung",,"Stollenform",,"EU-Schuhgröße","30","Abteilung","Jungen","Marke","adidas","Stil","Sneaker","Produktart","Sportschuh","Besonderheiten","Klettverschluss","Farbe","Weiß","Produktlinie",,"AU-Schuhgröße","3",,,,,,,,,,,,57929,,,,,,,,,,,,,,,,,,,,,,,,,,,,,,,,,,,,,,,,,,,,,,,
"SKU-9804667250","de_DE","Adidas Originals Samba OG Junior Sneaker weiß/grün mit Gum-Sohle Gr. 38 2/3",,,,,,,,,,,,,,,,,,,,,,,,,,,,,,,,,,,"Charakter",,"Gewebeart",,"Aktivität",,"Muster",,"Erscheinungsjahr",,"Herstellungsjahr",,"Anzahl der Einheiten",,"Maßeinheit",,"Pronation",,"EU-Schuhgröße","38 2/3","Marke","adidas","Abteilung","Jugendliche","Stil","Sneaker","Farbe","Weiß/Grün/Gummi","Produktlinie","adidas Samba OG","Modell","adidas Samba","UK-Schuhgröße","5","US-Schuhgröße","6","Obermaterial","Leder","Innensohlenmaterial","Synthetik","Futtermaterial","Synthetik","Laufsohlenmaterial","Gummi","Schuhschaft-Typ","Low Top","Verschluss","Schnürung","Thema","Logo","Jahreszeit","Sommer","Besonderheiten",,"Schuhweite","Standard","Akzente","Logo","Anlass",,,,,,,,,,,,,95672,,,,,,,,,,,,,,,,,,,,,,,,,,,,,,,,,,,,,,,,,,,,,,,
"SKU-9146759920","de_DE","adidas Samba LT W Damen Sneaker Schwarz Weiß Leder Retro NEU OVP Gr. 44",,,,,,,,,,,,,,,,,,,,,,,,,,,,,,,,,,,"Herstellernummer",,"Anzahl der Einheiten",,"Maßeinheit",,"Absatzart",,"Absatzhöhe",,"Aktivität",,"Akzente",,"Anlass",,"Charakter",,"Charakter Familie",,"Dämpfungsgrad",,"Gewebeart",,"Herstellungsjahr",,"Individualisiert",,"Jahreszeit",,"Muster",,"Personalisiert",,"Plateauhöhe",,"Pronation",,"Schuhgröße",,"Schuhschaft-Typ",,"Schuhspitze",,"Signiert",,"Sprengung",,"Stollenform",,"Stollentyp",,"Vintage",,"Wadenweite",,"Zwischensohlen-Typ",,"Marke","Adidas",,,,,,,,,,,,35381,,,,,,,,,,,,,,,,,,,,,,,,,,,,,,,,,,,,,,,,,,,,,,,
"SKU-0989494543","de_DE","adidas SL 72 OG W Damen Sneaker Semi Pink / Red Glow Pink NEU OVP Gr. 38",,,,,,,,,,,,,,,,,,,,,,,,,,,,,,,,,,,"Charakter",,"Innensohlenmaterial",,"Futtermaterial",,"Laufsohlenmaterial",,"Schuhschaft-Typ",,"Verschluss",,"Thema",,"Jahreszeit",,"Akzente",,"Anlass",,"Gewebeart",,"Produktart",,"Aktivität",,"Muster",,"Erscheinungsjahr",,"Herstellungsjahr",,"Stollentyp",,"Vintage",,"Signiert",,"Herstellernummer",,"Individualisiert",,"Anzahl der Einheiten",,"Maßeinheit",,"Pronation",,"EU-Schuhgröße","38 2/3","Marke","adidas","Abteilung","Damen","Stil","Sneaker","Farbe","Semi Pink/Red Glow Pink","Produktlinie","adidas SL",,,,,,,,,,,,95672,,,,,,,,,,,,,,,,,,,,,,,,,,,,,,,,,,,,,,,,,,,,,,,
"SKU-2693030055","de_DE","Adidas Unisex Jogginghose Lila Gr. 2xS Baumwollmischung IY9636",,,,,,,,,,,,,,,,,,,,,,,,,,,,,,,,,,,"Anzahl der Einheiten",,"Maßeinheit",,"Akzente",,"Bundhöhe",,"Gewebeart",,"Größenkategorie",,"Herstellungsjahr",,"Hosenträgerknöpfe/Gürtelschlaufen",,"Jahreszeit",,"Muster",,"Personalisiert",,"Produktlinie",,"Schrittlänge",,"Taillenumfang",,"Thema",,"Vintage",,"Größe","2XS","Marke","Adidas","Herstellernummer","IY9636","Ursprungsland",,"Abteilung","Unisex","Anlass","Freizeit","Beinform","Regular","Besonderheiten",,"Farbe","Lila","Material","Baumwollmischung","Modell","ESS Joggers","Passform","Regular","Stil","Jogginghose","Textilpflege","Maschinenwäsche",,,,,,,,,,,,65415,,,,,,,,,,,,,,,,,,,,,,,,,,,,,,,,,,,,,,,,,,,,,,,
"SKU-4817360056","de_DE","Adidas UnisexKinder T-Shirt Grün Gr. 158 IY7431",,,,,,,,,,,,,,,,,,,,,,,,,,,,,,,,,,,"Jahrzehnt",,"Original/Reproduktion",,"Look",,"Brustumfang",,"Schrittlänge",,"Schulterbreite",,"Schulter zum Saum",,"Bund zum Saum",,"Material",,"Ursprungsland",,"Größe","158","Marke","Adidas","Herstellernummer","IY7431","Farbe","Grün","Anlass",,"Geschlecht","Unisex Kinder",,,,,,,,,,,,,,,,,,,,,,,,,,,,,,,,,,,,,,,,182043,,,,,,,,,,,,,,,,,,,,,,,,,,,,,,,,,,,,,,,,,,,,,,,
"SKU-2670059438","de_DE","AEG CLEAN 6000 ÖKO Staubsauger AB61C1OKO, 750W, grau, 65% recycelt",,,,,,,,,,,,,,,,,,,,,,,,,,,,,,,,,,,"Laufzeit",,"Smart Home Kommunikationsprotokoll",,"Ladezeit",,"Smart Home Kompatibilität",,"Schutzplan",,"Anzahl der Einheiten",,"Maßeinheit",,"Marke","AEG","Produktart","Bodenstaubsauger mit Beutel","Modell","AB61C1OKO","Mit/Ohne Beutel","Mit Beutel","Filter","99,99% der Partikel >0.3 Mikrometer","Anschlussart","Kabelgebunden","Besonderheiten","Regulierbar, Abnehmbare Bürste, Kabelaufwicklung,Höhenverstellbar, Tragbar, Abhebbar, Randreinigung","Leistung","750","Farbe","Granite Grey recycled","Enthaltenes Zubehör","Polsterbürste, Staubwedel, Düse, Bodenbürste, Fugendüse,Mikrofaserüberzug, Filter","Spannung","230","Kapazität","3.5","Ursprungsland",,"Herstellergarantie","10 Jahre","Gewicht","6 kg","Herstellernummer","AB61C1OKO",,,,,,,,,,,,,,,,,,,,,,,,,,20614,,,,,,,,,,,,,,,,,,,,,,,,,,,,,,,,,,,,,,,,,,,,,,,
"SKU-5561398463","de_DE","Alberomio Wickelauflage Schlafwolke Dreams 70x47 cm, Phthalatfrei, MDF",,,,,,,,,,,,,,,,,,,,,,,,,,,,,,,,,,,"Material",,"Thema",,"Geschlecht",,"Tiefe",,"Produktart","Wickelauflage","Marke","Alberomio","Eigenschaften","Phthalatfrei","Farbe","Weiß","Länge","70","Breite","47","Ursprungsland",,,,,,,,,,,,,,,,,,,,,,,,,,,,,,,,,,,,,,,,,,,,,,,,,,,66674,,,,,,,,,,,,,,,,,,,,,,,,,,,,,,,,,,,,,,,,,,,,,,,
"SKU-9400450055","de_DE","ALKAR Außenspiegel Rechts für Fiat Ducato, Citroën Jumper, Peugeot Boxer 9202922",,,,,,,,,,,,,,,,,,,,,,,,,,,,,,,,,,,"Anzahl der Schlösser",,"Anzahl pro Packung",,"Besonderheiten",,"OE/OEM Referenznummer(n)",,"Breite",,"Durchmesser",,"Gütesiegel & Kennzeichnungen",,"Herstellergarantie",,"Höhe",,"Im Lieferumfang enthalten",,"Länge",,"Oberflächenbeschaffenheit",,"Vergleichsnummer",,"Hersteller","ALKAR","Material","Kunststoff","Einbauposition","Rechts","Herstellernummer","9202922","Produktart","Außenspiegel","Farbe","Schwarz","Gewicht","1","Ursprungsland",,"Oldtimer-Teil","Nein","Tuning- & Styling-Teil","Nein","Universelle Kompatibilität","Nein",,,,,,,,,,,,,,,,,,,,,,,,262219,,,,,,,,,,,,,,,,,,,,,,,,,,,,,,,,,,,,,,,,,,,,,,,
"SKU-2638568297","de_DE","Altra Escalante 4 Herren Laufschuhe Black/White – Größe EU 48 (UK 12, US 13)",,,,,,,,,,,,,,,,,,,,,,,,,,,,,,,,,,,"Material",,"Sicherheitsklasse",,"Herstellernummer",,"Anzahl der Einheiten",,"Maßeinheit",,"Marke","Altra","Schuhgröße","48","Produktart","Laufschuh","Ursprungsland",,,,,,,,,,,,,,,,,,,,,,,,,,,,,,,,,,,,,,,,,,,,,,,,,,,,,,,165162,,,,,,,,,,,,,,,,,,,,,,,,,,,,,,,,,,,,,,,,,,,,,,,
"SKU-5740515403","de_DE","Altra Escalante Racer 2 Herren Laufschuh Gray/Blue EU 48 (UK 12) – leichter Perf",,,,,,,,,,,,,,,,,,,,,,,,,,,,,,,,,,,"Produktlinie",,"Innensohlenmaterial",,"Modell",,"Herstellungsjahr",,"Thema",,"Anlass",,"Aktivität",,"Schuhweite",,"Jahreszeit",,"Charakter Familie",,"Gewebeart",,"Laufsohlenmaterial",,"Futtermaterial",,"Pronation",,"Schuhschaft-Typ",,"Zwischensohlen-Typ",,"Vintage",,"Individualisiert",,"Herstellernummer",,"Muster",,"Sprengung",,"Akzente",,"Dämpfungsgrad",,"Handgefertigt",,"Signiert",,"Stollentyp",,"Anzahl der Einheiten",,"Maßeinheit",,"Marke","Altra","EU-Schuhgröße","48",,,,,,,,,,,,158952,,,,,,,,,,,,,,,,,,,,,,,,,,,,,,,,,,,,,,,,,,,,,,,
"SKU-3982672342","de_DE","Android Autoradio 6S9701P, HD Touchscreen, GPS, DSP",,,,,,,,,,,,,,,,,,,,,,,,,,,,,,,,,,,"Einbauposition",,"Maßeinheit",,"Oldtimer-Teil",,"Oberflächenbeschaffenheit",,"Tuning- & Styling-Teil",,"Personalisieren",,"Universelle Kompatibilität",,"Herstellergarantie",,"OE/OEM Referenznummer(n)",,"Anzahl der Einheiten",,"Anleitung für Personalisierung",,"Vergleichsnummer",,"Hersteller","Unbekannt","Ursprungsland",,"Herstellernummer","6S9701P",,,,,,,,,,,,,,,,,,,,,,,,,,,,,,,,,,,,,,,,,,9886,,,,,,,,,,,,,,,,,,,,,,,,,,,,,,,,,,,,,,,,,,,,,,,
"SKU-3097738026","de_DE","Anhängerspiegel Außenspiegel EMUK 100303 NEU",,,,,,,,,,,,,,,,,,,,,,,,,,,,,,,,,,,"Einbauposition",,"Maßeinheit",,"Oldtimer-Teil",,"Oberflächenbeschaffenheit",,"Tuning- & Styling-Teil",,"Personalisieren",,"Universelle Kompatibilität",,"Herstellernummer",,"OE/OEM Referenznummer(n)",,"Anzahl der Einheiten",,"Anleitung für Personalisierung",,"Vergleichsnummer",,"Hersteller","EMUK","Ursprungsland",,"Herstellergarantie","10 Jahre Herstellergarantie",,,,,,,,,,,,,,,,,,,,,,,,,,,,,,,,,,,,,,,,,,9886,,,,,,,,,,,,,,,,,,,,,,,,,,,,,,,,,,,,,,,,,,,,,,,
"SKU-1353005263","de_DE","Anlasser für Mazda Cx-5 HELLA 8EA 011 612-801 12V 1.2kW NEU",,,,,,,,,,,,,,,,,,,,,,,,,,,,,,,,,,,"Anzahl der Bohrungen",,"Zähnezahl",,"Besonderheiten",,"Oldtimer-Teil",,"Herstellergarantie",,"Tuning- & Styling-Teil",,"Universelle Kompatibilität",,"OE/OEM Referenznummer(n)",,"Kilometerstand",,"Oberflächenbeschaffenheit",,"Vergleichsnummer",,"Produktart","Anlasser","Hersteller","Behr Hella Service","Spannung","12 V","Starterleistung","1,2 kW","Ursprungsland",,"Herstellernummer","8EA 011 612-801",,,,,,,,,,,,,,,,,,,,,,,,,,,,,,,,,,,,,,177699,,,,,,,,,,,,,,,,,,,,,,,,,,,,,,,,,,,,,,,,,,,,,,,
"SKU-6536943755","de_DE","ANYCUBIC 3D Drucker Filament IPHHSBW-106 High Speed PLA 1.75mm Weiß",,,,,,,,,,,,,,,,,,,,,,,,,,,,,,,,,,,"Modell",,"3D-Technologie",,"Besonderheiten",,"Schnittstelle",,"Maximale Druckgröße",,"Anzahl der Einheiten",,"Druckgeschwindigkeit",,"Düsengröße",,"Maßeinheit",,"Maximale Auflösung",,"Herstellergarantie",,"Breite",,"Höhe",,"Länge",,"Marke","ANYCUBIC","Ursprungsland",,"Herstellernummer","IPHHSBW-106",,,,,,,,,,,,,,,,,,,,,,,,,,,,,,,,,,,,,,183063,,,,,,,,,,,,,,,,,,,,,,,,,,,,,,,,,,,,,,,,,,,,,,,
"SKU-1289172081","de_DE","APOLLO Phantom Pro LED Meteor Cityroller, klappbar, 200mm Räder, 100kg",,,,,,,,,,,,,,,,,,,,,,,,,,,,,,,,,,,"Besonderheiten",,"Farbe",,"Kompressionstyp",,"Anzahl der Einheiten",,"Produktart","Tretroller","Altersempfehlung","Erwachsene, Jugendliche","Marke","APOLLO","Modell","Phantom Pro LED Meteor","Abteilung","Erwachsene & Jugendliche","Radgröße","200mm","Maximales Benutzergewicht","100 kg","Lenkerhöhe","90-105 cm","Gewicht","6.12 kg","Material","Robuste Materialien","Herstellernummer","11405","Trittbrett-Länge","52.5","Trittbrett-Breite","11","Ursprungsland","Deutschland","Maßeinheit",,,,,,,,,,,,,,,,,,,,,,,,,,,,,,,,,,,11331,,,,,,,,,,,,,,,,,,,,,,,,,,,,,,,,,,,,,,,,,,,,,,,
"SKU-8605082485","de_DE","Aqua Marina Breeze 300cm SUP Board Set – Aufblasbares Allround Stand Up Paddle",,,,,,,,,,,,,,,,,,,,,,,,,,,,,,,,,,,"Marke","Aqua Marina","Kite-Sportart","Kitesurfen","Produktart","Stand Up Paddle Board","Besonderheiten","Drop-Stitch-Technologie, EVA-Deckpad","Modell","Breeze","Farbe","Grün","Herstellernummer","SKU-8605082485","Größe","300 cm","Abteilung","Unisex","Material","PVC","Ursprungsland",,,,,,,,,,,,,,,,,,,,,,,,,,,,,,,,,,,,,,,,,,,,,,,,,,,117150,,,,,,,,,,,,,,,,,,,,,,,,,,,,,,,,,,,,,,,,,,,,,,,
"SKU-6543182729","de_DE","AR HOME Spannbettlaken Gr. 140x200cm 80% Baumwolle 20% Recycelte",,,,,,,,,,,,,,,,,,,,,,,,,,,,,,,,,,,"Thema",,"Abteilung",,"Muster",,"Länge",,"Breite",,"Charakter",,"Stil",,"Charakter Familie",,"GSM (Gramm pro Quadratmeter)",,"Form",,"Produktlinie",,"Herstellernummer",,"Anzahl der Einheiten",,"Maßeinheit",,"Modell",,"Produktart","Spann-Bettlaken","Material","80% Baumwolle","Marke",,"Farbe","Beige","Ursprungsland",,"Besonderheiten","Recyceltes Material","Größe","140 x 200 cm","Zimmer","Schlafzimmer","Pflegeanleitung",,"Fadenzahl","201-400","Gütesiegel & Kennzeichnungen","Öko-Tex Standard",,,,,,,,,,,,,,,,,,,,20460,,,,,,,,,,,,,,,,,,,,,,,,,,,,,,,,,,,,,,,,,,,,,,,
"SKU-0110888325","de_DE","ARKK Copenhagen Sneaker Damen Gr. 37 Weiß Leder Visuklass Leather Strat65",,,,,,,,,,,,,,,,,,,,,,,,,,,,,,,,,,,"Produktlinie",,"Modell",,"Charakter",,"Verschluss",,"Thema",,"Jahreszeit",,"Schuhweite",,"Akzente",,"Anlass",,"Gewebeart",,"Produktart",,"Aktivität",,"Muster",,"Erscheinungsjahr",,"Herstellungsjahr",,"Stollentyp",,"Vintage",,"Signiert",,"Herstellernummer",,"Individualisiert",,"Anzahl der Einheiten",,"Maßeinheit",,"Pronation",,"EU-Schuhgröße","37","Marke","ARKK Copenhagen","Abteilung","Damen","Stil","Sneaker","Farbe","Weiß","UK-Schuhgröße","6","US-Schuhgröße","6",,,,,,,,,,,,95672,,,,,,,,,,,,,,,,,,,,,,,,,,,,,,,,,,,,,,,,,,,,,,,
"SKU-7234186083","de_DE","ASICS EX89 Herren Sneaker White/White aus Wildleder mit Gum-Sohle Größe 41.5",,,,,,,,,,,,,,,,,,,,,,,,,,,,,,,,,,,"Produktlinie",,"UK-Schuhgröße",,"US-Schuhgröße",,"Charakter",,"Schuhschaft-Typ",,"Innensohlenmaterial",,"Thema",,"Laufsohlenmaterial",,"Futtermaterial",,"Schuhweite",,"Erscheinungsjahr",,"Herstellungsjahr",,"Jahreszeit",,"Aktivität",,"Produktart",,"Vintage",,"Signiert",,"Muster",,"Stollentyp",,"Herstellernummer",,"Individualisiert",,"Anzahl der Einheiten",,"Maßeinheit",,"Pronation",,"Marke","ASICS","EU-Schuhgröße","41.5","Modell","ASICS EX89","Abteilung","Herren","Stil","Sneaker","Farbe","White/White mit Gum-Sohle",,,,,,,,,,,,15709,,,,,,,,,,,,,,,,,,,,,,,,,,,,,,,,,,,,,,,,,,,,,,,
"SKU-5729537867","de_DE","Astrid Lindgren Gebundene Ausgabe Deutsch",,,,,,,,,,,,,,,,,,,,,,,,,,,,,,,,,,,"Genre 2",,"Erscheinungsjahr",,"Genre",,"Eigenschaften",,"Ausgabe",,"Signiert",,"Sportart",,"Format","Gebundene Ausgabe","Sprache","Deutsch","Ursprungsland",,,,,,,,,,,,,,,,,,,,,,,,,,,,,,,,,,,,,,,,,,,,,,,,,,,,,65850,,,,,,,,,,,,,,,,,,,,,,,,,,,,,,,,,,,,,,,,,,,,,,,
"SKU-5619085780","de_DE","ATE Bremsbelagsatz Hinterachse für Opel Signum & Vectra, ECE R90",,,,,,,,,,,,,,,,,,,,,,,,,,,,,,,,,,,"Einbauposition",,"Material",,"Anzahl pro Packung",,"Im Lieferumfang enthalten",,"Besonderheiten",,"Herstellergarantie",,"Tuning- & Styling-Teil",,"Oldtimer-Teil",,"Herstellernummer",,"OE/OEM Referenznummer(n)",,"Breite",,"Vergleichsnummer",,"Produktart","Bremsbelagsatz","Hersteller","ATE","Ursprungsland",,,,,,,,,,,,,,,,,,,,,,,,,,,,,,,,,,,,,,,,,,,57357,,,,,,,,,,,,,,,,,,,,,,,,,,,,,,,,,,,,,,,,,,,,,,,
"SKU-8902752253","de_DE","ATE Bremsscheibe 321mm für Hyundai Kia Vorderachse OE 24.0128-0248.1",,,,,,,,,,,,,,,,,,,,,,,,,,,,,,,,,,,"Besonderheiten",,"Bremsscheiben-Aussendurchmesser",,"Herstellergarantie",,"Länge",,"Mindestdicke",,"Oberflächenbeschaffenheit",,"Stärke",,"Vergleichsnummer",,"Hersteller","ATE","Einbauposition","Vorne","Produktart","Bremsscheibe","Bremsscheibenart","Belüftet","Material",,"Im Lieferumfang enthalten","Bremsbelagsatz","Oldtimer-Teil","Nein","Ursprungsland",,"Tuning- & Styling-Teil","Nein","Universelle Kompatibilität","Nein","Herstellernummer","24.0128-0248.1","OE/OEM Referenznummer(n)","0588 + 0569","Höhe","67,1","Lochkreis","112",,,,,,,,,,,,,,,,,,,,,,,,,,,,33564,,,,,,,,,,,,,,,,,,,,,,,,,,,,,,,,,,,,,,,,,,,,,,,
"SKU-4616386559","de_DE","ATE Bremsscheibe Hinten 12mm für Audi A4/A5/A6/A7/Q5 OE: 412178",,,,,,,,,,,,,,,,,,,,,,,,,,,,,,,,,,,"Besonderheiten",,"Bremsscheiben-Aussendurchmesser",,"OE/OEM Referenznummer(n)",,"Herstellergarantie",,"Höhe",,"Lochkreis",,"Länge",,"Mindestdicke",,"Oberflächenbeschaffenheit",,"Stärke",,"Vergleichsnummer",,"Hersteller","31 Incorporated","Einbauposition","Hinten","Produktart","Bremsscheibe","Bremsscheibenart","Belüftet","Material","Grauguss","Im Lieferumfang enthalten","Befestigung","Oldtimer-Teil","Nein","Ursprungsland",,"Tuning- & Styling-Teil","Nein","Universelle Kompatibilität","Nein","Herstellernummer","24.0112-0178.1",,,,,,,,,,,,,,,,,,,,,,,,,,,,33564,,,,,,,,,,,,,,,,,,,,,,,,,,,,,,,,,,,,,,,,,,,,,,,
"SKU-5565646486","de_DE","ATHLON TOOLS Garagenwandschutz 2er Set XXL 50x50cm – selbstklebend,",,,,,,,,,,,,,,,,,,,,,,,,,,,,,,,,,,,"Oberflächenbeschaffenheit",,"Befestigungsart",,"Besonderheiten",,"Material",,"Oldtimer-Teil",,"Tuning- & Styling-Teil",,"Universelle Kompatibilität",,"OE/OEM Referenznummer(n)",,"Herstellergarantie",,"Länge",,"Vergleichsnummer",,"Hersteller","ATHLON TOOLS","Einbauposition",,"Farbe","Gelb/Schwarz","Produktart","Garagenwandschutz","Ursprungsland",,"Herstellernummer","C3611",,,,,,,,,,,,,,,,,,,,,,,,,,,,,,,,,,,,,,33654,,,,,,,,,,,,,,,,,,,,,,,,,,,,,,,,,,,,,,,,,,,,,,,
"SKU-3324867175","de_DE","Auledio Handtuchhalter wie abgebildet",,,,,,,,,,,,,,,,,,,,,,,,,,,,,,,,,,,"Finish",,"Anzahl der Teile",,"Installationsart",,"Abteilung",,"Anzahl der Einheiten",,"Maßeinheit",,"Anzahl pro Packung",,"Charakter",,"Charakter Familie",,"Durchmesser",,"Modell",,"Thema",,"Herstellernummer",,"Produktart","Handtuchhalter","Set enthält","Handtuchhalter","Material","Metall","Farbe","Schwarz","Marke","Auledio","Montage","Wandmontage","Zimmer",,"Höhe","60.99","Stil","Modern","Besonderheiten","Schwenkbar, Platzsparend","Montage erforderlich","Ja","Ursprungsland",,"Breite","14","Länge","33.48",,,,,,,,,,,,,,,,,,20442,,,,,,,,,,,,,,,,,,,,,,,,,,,,,,,,,,,,,,,,,,,,,,,
"SKU-7333529126","de_DE","Außenspiegel Rechts für Ford Transit V363 TYC 310-0237 elektrisch NEU",,,,,,,,,,,,,,,,,,,,,,,,,,,,,,,,,,,"Material",,"Spiegeleinstellung",,"Oldtimer-Teil",,"Befestigungsart",,"Oberflächenbeschaffenheit",,"Tuning- & Styling-Teil",,"Universelle Kompatibilität",,"Herstellergarantie",,"Im Lieferumfang enthalten",,"OE/OEM Referenznummer(n)",,"Breite",,"Farbcode",,"Höhe",,"Länge",,"Vergleichsnummer",,"Hersteller","AT Pac/TYC","Produktart","Außenspiegel","Einbauposition","Rechts","Besonderheiten","Beheizt","Anzahl der Teile","1","Farbe","Schwarz","Gewicht","1 kg","Ursprungsland",,"Herstellernummer","310-0237",,,,,,,,,,,,,,,,,,,,,,,,262161,,,,,,,,,,,,,,,,,,,,,,,,,,,,,,,,,,,,,,,,,,,,,,,
"SKU-7676899776","de_DE","AUTO NEWLAND Rangierwagenheber Hydraulisch 2T Flachprofil Doppelkolben",,,,,,,,,,,,,,,,,,,,,,,,,,,,,,,,,,,"Besonderheiten",,"Referenznummer(n) OE",,"Referenznummer(n) OEM",,"Herstellergarantie",,"Weitere Artikelnummer",,"Produktart","Rangierwagenheber","Betriebsart","Hydraulisch","Tragkraft per Heber","2 t","Geeignet für","PKW","Marke","AUTO NEWLAND","Material","Stahl","Herstellernummer","Q086B-5.5kg","Ursprungsland","China","Anzahl der Einheiten","1","Maßeinheit","Einheit",,,,,,,,,,,,,,,,,,,,,,,,,,,,,,,,,,,,,,,,,,179511,,,,,,,,,,,,,,,,,,,,,,,,,,,,,,,,,,,,,,,,,,,,,,,
"SKU-5091393302","de_DE","B423K Toner für Brother – Gestochen scharfe & kostengünstige Drucke",,,,,,,,,,,,,,,,,,,,,,,,,,,,,,,,,,,"Drucktechnologie",,"Herstellernummer",,"Druckermodell",,"Seitenertrag",,"Anzahl der Einheiten",,"Maßeinheit",,"Druckermarke","Brother","Marke","JOIDWAY","Version",,"Farbe","Schwarz","Ursprungsland",,"Markenkompatibilität","Für Brother",,,,,,,,,,,,,,,,,,,,,,,,,,,,,,,,,,,,,,,,,,,,,,,,62510,,,,,,,,,,,,,,,,,,,,,,,,,,,,,,,,,,,,,,,,,,,,,,,
"SKU-5032047149","de_DE","Bad-Hochschrank Weiß – Platzsparend für kleine Bäder",,,,,,,,,,,,,,,,,,,,,,,,,,,,,,,,,,,"Thema",,"Geschlecht",,"Material",,"Anzahl der Türen",,"Türensystem",,"Zubehör",,"Marke","Bad-Hochschrank Weiß – Platzsparend für kleine Bäder","Farbe","Weiß","Ursprungsland",,,,,,,,,,,,,,,,,,,,,,,,,,,,,,,,,,,,,,,,,,,,,,,,,,,,,,,15475,,,,,,,,,,,,,,,,,,,,,,,,,,,,,,,,,,,,,,,,,,,,,,,
"SKU-7226847075","de_DE","BBQ-Toro Gusseisen Grillpfanne 42,5 cm - 3,5L Rechteckig neu",,,,,,,,,,,,,,,,,,,,,,,,,,,,,,,,,,,"Durchmesser",,"Oberflächenbeschichtung",,"Tiefe",,"Ursprungsland",,"Modell",,"Anzahl der Teile",,"Hitzebeständigkeit",,"Herstellergarantie",,"Anzahl der Einheiten",,"Maßeinheit",,"Marke","BBQ-Toro","Produktart","Grillpfanne","Set enthält","Grillpfanne","Material","Gusseisen","Breite","27 cm","Höhe","12.5 cm","Länge","42.5 cm","Geeigneter Herdtyp","Gas,Elektrisch","Ofenart","Elektrisch","Besonderheiten","Mit Deckel","Form","Rund","Farbe","Schwarz","Herstellernummer","PAN1","Gewicht","1",,,,,,,,,,,,,,,,,,,,,,,,98845,,,,,,,,,,,,,,,,,,,,,,,,,,,,,,,,,,,,,,,,,,,,,,,
"SKU-3210037840","de_DE","Beautex Jersey Spannbettlaken 90x200cm Dunkelbraun für Boxspringbetten",,,,,,,,,,,,,,,,,,,,,,,,,,,,,,,,,,,"Herstellernummer",,"Anzahl der Einheiten",,"Maßeinheit",,"Marke","Beautex","Ursprungsland","Jersey",,,,,,,,,,,,,,,,,,,,,,,,,,,,,,,,,,,,,,,,,,,,,,,,,,,,,,,,,,,,,,147079,,,,,,,,,,,,,,,,,,,,,,,,,,,,,,,,,,,,,,,,,,,,,,,
"SKU-1000000005","de_DE","Bench Herren Hemd kurzarm Marineblau S Baumwolle Modell Bowdon EN31238",,,,,,,,,,,,,,,,,,,,,,,,,,,,,,,,,,,"Anzahl der Einheiten",,"Maßeinheit",,"Farbe","Marineblau","Marke","Bench","Größe","S","Geschlecht","Herren","Material","Baumwolle","Ursprungsland","Bangladesch",,,,,,,,,,,,,,,,,,,,,,,,,,,,,,,,,,,,,,,,,,,,,,,,,,,,,,,,181375,,,,,,,,,,,,,,,,,,,,,,,,,,,,,,,,,,,,,,,,,,,,,,,
"SKU-1000000003","de_DE","Bench Herren Jeans Eddie Dunkelblau W34 L34 Baumwollmischung Regular Fit",,,,,,,,,,,,,,,,,,,,,,,,,,,,,,,,,,,"Jahrzehnt",,"Original/Reproduktion",,"Look",,"Brustumfang",,"Schrittlänge",,"Schulterbreite",,"Schulter zum Saum",,"Bund zum Saum",,"Marke","Bench","Größe","W34 L34","Herstellernummer","BN2B116010DW3MAM4","Farbe","Dunkelblau","Anlass","Alltag, Freizeit","Material","Baumwollmischung","Geschlecht","Herren","Ursprungsland","Bangladesh",,,,,,,,,,,,,,,,,,,,,,,,,,,,,,,,,,,,,,,,182029,,,,,,,,,,,,,,,,,,,,,,,,,,,,,,,,,,,,,,,,,,,,,,,
"SKU-4324829129","de_DE","Bench Herren Performance Boxershorts 3er Pack Schwarz Gr. L",,,,,,,,,,,,,,,,,,,,,,,,,,,,,,,,,,,"Thema",,"Besonderheiten",,"Charakter",,"Gewebeart",,"Muster",,"Charakter Familie",,"Anzahl pro Packung",,"Vintage",,"Textilpflege",,"Personalisieren",,"Größenkategorie",,"Anleitung für Personalisierung",,"Anzahl der Einheiten",,"Herstellernummer",,"Modell",,"Abteilung","Herren","Stil","Boxershorts","Marke","Bench","Material","92% Polyester, 8% Elasthan","Größe","L","Produktart","Boxershorts","Farbe","Schwarz","Ursprungsland",,"Maßeinheit","L",,,,,,,,,,,,,,,,,,,,,,,,11507,,,,,,,,,,,,,,,,,,,,,,,,,,,,,,,,,,,,,,,,,,,,,,,
"SKU-4324829129","de_DE","Bench Herren Performance Boxershorts 3er Pack Schwarz Größe L – Atmungsaktiv,",,,,,,,,,,,,,,,,,,,,,,,,,,,,,,,,,,,"Thema",,"Besonderheiten",,"Charakter",,"Gewebeart",,"Muster",,"Charakter Familie",,"Anzahl pro Packung",,"Vintage",,"Textilpflege",,"Personalisieren",,"Größenkategorie",,"Anleitung für Personalisierung",,"Anzahl der Einheiten",,"Herstellernummer",,"Modell",,"Abteilung","Herren","Stil","Boxershorts","Marke","Bench","Material","92% Polyester, 8% Elasthan","Größe","L","Produktart","Boxershorts","Farbe","Schwarz","Ursprungsland",,"Maßeinheit","L",,,,,,,,,,,,,,,,,,,,,,,,11507,,,,,,,,,,,,,,,,,,,,,,,,,,,,,,,,,,,,,,,,,,,,,,,
"SKU-4832582390","de_DE","BENT Markisen-Zubehör 50023 250cm Gewebe 250x10cm Dunkelblau NEU",,,,,,,,,,,,,,,,,,,,,,,,,,,,,,,,,,,"Modellkompatibilität",,"Markenkompatibilität",,"Gehäusefarbe",,"Gewicht",,"Rahmenmaterial",,"Rahmendesign",,"Herstellernummer",,"Herstellergarantie",,"Kompatibles Jahr",,"Marke","BENT","Fahrzeugkompatibilität",,"Modell","50023","Produktart","Markisen-Zubehör","Set enthält","Adapter, Befestigungselemente","Länge","250 cm","Farbe","Dunkelblau","Höhe","250 cm","Breite","10 cm","Montage","Einfache Montage","Bedienungsart",,"Verwendungsbereich","Outdoor","Besonderheiten",,"Ursprungsland","Deutschland","Stoffmaterial","Dunkelblau","Befestigungsmaterial inklusive","Ja",,,,,,,,,,,,,,,,,,,,,,76072,,,,,,,,,,,,,,,,,,,,,,,,,,,,,,,,,,,,,,,,,,,,,,,
"SKU-9713309170","de_DE","Best Netzwerkdose LAND001 RJ45 2-fach für Cat5e/Cat6 Aufputz/Unterputz Neu",,,,,,,,,,,,,,,,,,,,,,,,,,,,,,,,,,,"Besonderheiten",,"Anschluss B",,"Anzahl der Einheiten",,"Herstellernummer",,"Maßeinheit",,"Herstellergarantie",,"Breite",,"Höhe",,"Länge",,"Anschluss A","RJ45","Produktart","Netzwerkdose","Marke","Best","Farbe","Weiß","Modellkompatibilität","Universal","Markenkompatibilität","Universell","Ursprungsland",,,,,,,,,,,,,,,,,,,,,,,,,,,,,,,,,,,,,,,,,67279,,,,,,,,,,,,,,,,,,,,,,,,,,,,,,,,,,,,,,,,,,,,,,,
"SKU-4470809769","de_DE","Beurer Heizkissen",,,,,,,,,,,,,,,,,,,,,,,,,,,,,,,,,,,"Herstellergarantie",,"Anzahl der Einheiten",,"Maßeinheit",,"Ablaufdatum",,"Produktart","Heizkissen","Marke","Beurer","Stromquelle","Netzstecker","Farbe","Grau","Besonderheiten","Waschbar,Mit Temperatureinstellungen","Ursprungsland",,"Abteilung","Erwachsene","Material","Stoff/Gewebe","Herstellernummer","27416","Modell","Beuer HK 123 XXL",,,,,,,,,,,,,,,,,,,,,,,,,,,,,,,,,,,,,,,,,,,,180953,,,,,,,,,,,,,,,,,,,,,,,,,,,,,,,,,,,,,,,,,,,,,,,
"SKU-7208980603","de_DE","Bilstein B4 Gasdruck Stoßdämpfer 19-264431 für VW T5 T6 Hinterachse",,,,,,,,,,,,,,,,,,,,,,,,,,,,,,,,,,,"Personalisieren",,"Anleitung für Personalisierung",,"Material","Stahl","Produktart","Stoßdämpfer","Marke","Bilstein","Ursprungsland","Deutschland",,,,,,,,,,,,,,,,,,,,,,,,,,,,,,,,,,,,,,,,,,,,,,,,,,,,,,,,,,,,494,,,,,,,,,,,,,,,,,,,,,,,,,,,,,,,,,,,,,,,,,,,,,,,
"SKU-7151143475","de_DE","Birkenstock Arizona Split Sapphire Herren Pantolette, Gr. 48, Weite Regular, Bir",,,,,,,,,,,,,,,,,,,,,,,,,,,,,,,,,,,"Produktart",,"Innensohlenmaterial",,"Laufsohlenmaterial",,"Futtermaterial",,"UK-Schuhgröße",,"AU-Schuhgröße",,"US-Schuhgröße",,"Charakter",,"Thema",,"Verschluss",,"Jahreszeit",,"Schuhweite",,"Muster",,"Akzente",,"Vintage",,"Individualisiert",,"Anzahl der Einheiten",,"Handgefertigt",,"Herstellernummer",,"Maßeinheit",,"Abteilung","Herren","EU-Schuhgröße","48","Marke","Birkenstock","Stil","Pantoletten / Zweiriemer","Obermaterial","Unbekannt","Modell","Birkenstock Arizona","Farbe","Blau","Produktlinie","Birkenstock Arizona","Besonderheiten",,"Ursprungsland",,,,,,,,,,,,,11504,,,,,,,,,,,,,,,,,,,,,,,,,,,,,,,,,,,,,,,,,,,,,,,
"SKU-3267245253","de_DE","Bitz Salatschüssel 30cm Steinzeug Schwarz Grün NEU",,,,,,,,,,,,,,,,,,,,,,,,,,,,,,,,,,,"Herkunft",,"Produktlinie",,"Herstellungsmethode",,"Muster",,"Thema",,"Herstellungsjahr",,"Anlass",,"Original/Lizenzierte Reproduktion",,"Höhe",,"Herstellungsstil",,"Finish",,"Herstellungszeitraum",,"Vintage",,"Handgefertigt",,"Abteilung",,"Antik",,"Breite",,"Epoche",,"Herstellergarantie",,"Länge",,"Tiefe",,"Bodenmarke",,"Pflegeanleitung",,"Marke","Bitz","Set enthält","Salatschüssel","Material","Steinzeug","Produktart","Salatschüssel","Farbe","Schwarz, Grün","Ursprungsland",,"Stil","Modern",,,,,,,,,,,,262366,,,,,,,,,,,,,,,,,,,,,,,,,,,,,,,,,,,,,,,,,,,,,,,
"SKU-4874908260","de_DE","Blend Langmantel Gr. M Herren Baumwolle Schwarz NEU",,,,,,,,,,,,,,,,,,,,,,,,,,,,,,,,,,,"Aktivität",,"Produktlinie",,"Besonderheiten",,"Verschluss",,"Jahreszeit",,"Anlass",,"Größenkategorie",,"Gewebeart",,"Isoliermaterial",,"Vintage",,"Personalisieren",,"Herstellernummer",,"Textilpflege",,"Brustumfang",,"Akzente",,"Charakter",,"Charakter Familie",,"Handgefertigt",,"Herstellungsjahr",,"Jacken-/Mantellänge",,"Kragenart",,"Thema",,"Wärmegrad",,"Anleitung für Personalisierung",,"Anzahl der Einheiten",,"Marke","Blend","Abteilung","Herren","Produktart","Langmantel","Stil","Mantel","Größe","M",,,,,,,,,,,,181134,,,,,,,,,,,,,,,,,,,,,,,,,,,,,,,,,,,,,,,,,,,,,,,
"SKU-8932764822","de_DE","Blue Tomato Sweatshirt Gr. L Herren Baumwolle Schwarz NEU",,,,,,,,,,,,,,,,,,,,,,,,,,,,,,,,,,,"Thema",,"Charakter Familie",,"Produktlinie",,"Gewebeart",,"Vintage",,"Personalisieren",,"Handgefertigt",,"Größenkategorie",,"Anleitung für Personalisierung",,"Anzahl der Einheiten",,"Herstellungsjahr",,"Marke","Blue Tomato","Produktart","Sweatshirt","Abteilung","Herren","Größe","L","Farbe","Schwarz","Charakter","Blue","Ausschnitt","Rundhals","Ärmellänge","Langarm","Material","Baumwolle","Ursprungsland",,"Besonderheiten",,"Passform","Regular Fit","Akzente",,"Muster","Unifarben","Jahreszeit","Ganzjährig","Textilpflege","Maschinenwäsche 30°C","Modell","231/4 Placket Sweater","Herstellernummer","BTFW 2342","Maßeinheit","L",,,,,,,,,,,,15687,,,,,,,,,,,,,,,,,,,,,,,,,,,,,,,,,,,,,,,,,,,,,,,
"SKU-0457243849","de_DE","Blue Tomato Weste Gr. L Herren Polarfleece Schwarz NEU",,,,,,,,,,,,,,,,,,,,,,,,,,,,,,,,,,,"Thema",,"Jacken-/Mantellänge",,"Produktlinie",,"Aktivität",,"Wärmegrad",,"Kragenart",,"Brustumfang",,"Anleitung für Personalisierung",,"Anzahl der Einheiten",,"Abteilung","Herren","Marke","Blue Tomato","Produktart","Weste","Größe","L","Stil","Weste","Farbe","Schwarz","Jahreszeit","Winter","Außenmaterial","Polyester","Futtermaterial","Polyester","Besonderheiten","Wendbar","Gewebeart","Fleece","Ursprungsland",,"Modell","23Reversible Polar Vest","Isoliermaterial","Synthetik","Verschluss","Reißverschluss","Muster","Ohne Muster","Anlass","Freizeit","Akzente","Reißverschluss","Passform","Regular","Vintage","Nein","Handgefertigt","Nein",,,,,,,,,,,,57988,,,,,,,,,,,,,,,,,,,,,,,,,,,,,,,,,,,,,,,,,,,,,,,
"SKU-6558668236","de_DE","Blumtal Doppelrollo / Zebra-Rollo 85 x 155 cm, lila",,,,,,,,,,,,,,,,,,,,,,,,,,,,,,,,,,,"Franchise",,"Set enthält",,"Kleidungsart",,"Anzahl der Teile",,"Tierart",,"Kollektion",,"Thema",,"Kleidungsstil",,"Verkaufseinheit",,"Original/Lizenzierte Reproduktion",,"Anlass",,"Antik",,"Charakter",,"Herstellungszeitraum",,"Kompatible Bärengröße",,"Vintage",,"Altersempfehlung",,"Anzahl der Einheiten",,"Gewicht",,"Handgefertigt",,"Herstellernummer",,"Herstellungsjahr",,"Höhe",,"Künstler",,"Maßeinheit",,"Personalisiert",,"Produktart","Doppelrollo","Farbe","Lila","Marke","Blumtal","Ursprungsland",,,,,,,,,,,,,387,,,,,,,,,,,,,,,,,,,,,,,,,,,,,,,,,,,,,,,,,,,,,,,
"SKU-6761538665","de_DE","BMW Fußmatten 4-teilig Maßgeschneidert für 2er F45 Active Tourer 2452014202112",,,,,,,,,,,,,,,,,,,,,,,,,,,,,,,,,,,"Produkttyp",,"Produktgruppe",,"Referenznummer(n) OE",,"Herstellergarantie",,"Referenznummer(n) OEM",,"Weitere Artikelnummer",,"Oberflächenbeschaffenheit",,"Anzahl der Einheiten",,"Maßeinheit",,"Hersteller","BMW","Herstellernummer","2452014202112","Einbauposition","vorne","Ursprungsland",,,,,,,,,,,,,,,,,,,,,,,,,,,,,,,,,,,,,,,,,,,,,,,64829,,,,,,,,,,,,,,,,,,,,,,,,,,,,,,,,,,,,,,,,,,,,,,,
"SKU-8529737282","de_DE","Boland Indianerin Poncho Kostüm für Damen – Braun, Einheitsgröße – Lederoptik",,,,,,,,,,,,,,,,,,,,,,,,,,,,,,,,,,,"Stil",,"Größenkategorie",,"Besonderheiten",,"Thema","Indianer, Hippie, Western","Größe","Einheitsgröße","Farbe","Braun","Marke","Boland","Material","Polyester","Ursprungsland",,"Herstellernummer","44095",,,,,,,,,,,,,,,,,,,,,,,,,,,,,,,,,,,,,,,,,,,,,,,,,,,,53369,,,,,,,,,,,,,,,,,,,,,,,,,,,,,,,,,,,,,,,,,,,,,,,
"SKU-3582144495","de_DE","Boland UnisexErwachsene Schlaghose Regenbogen Gr. M/L 100% Polyester 44744",,,,,,,,,,,,,,,,,,,,,,,,,,,,,,,,,,,"Anlass",,"Anzahl der Einheiten",,"Handgefertigt",,"Herstellungszeitraum",,"Thema","Disco 70er Jahre","Abteilung","Unisex Erwachsene,Unisex","Farbe","Regenbogen","Größe","M/L","Herstellernummer","44744","Marke","Boland","Maßeinheit","L","Ursprungsland",,,,,,,,,,,,,,,,,,,,,,,,,,,,,,,,,,,,,,,,,,,,,,,,,261635,,,,,,,,,,,,,,,,,,,,,,,,,,,,,,,,,,,,,,,,,,,,,,,
"SKU-7156173748","de_DE","BOSS Herren Business Socken 3er-Pack – Elegante Baumwollmischung, Schwarz,",,,,,,,,,,,,,,,,,,,,,,,,,,,,,,,,,,,"Charakter",,"Jahreszeit",,"Aktivität",,"Zehenart",,"Personalisieren",,"Handgefertigt",,"Anleitung für Personalisierung",,"Anzahl der Einheiten",,"Maßeinheit",,"Produktart","Socken","Abteilung","Herren","Marke","Boss","Größe","39-42","Farbe","Schwarz","Material","Baumwollmischung","Stil","Anzugsocken","Thema",,"Anzahl pro Packung","3 Paar","Besonderheiten","Alle Jahreszeiten","Anlass","Business, Freizeit","Sockenlänge","Regulär","Muster","Einfarbig","Ursprungsland","Sri Lanka","Textilpflege",,"Größenkategorie","Normalgröße","Herstellernummer","50469839",,,,,,,,,,,,,,,,,,,,11511,,,,,,,,,,,,,,,,,,,,,,,,,,,,,,,,,,,,,,,,,,,,,,,
"SKU-1747542074","de_DE","BOSS Herren T-Shirt 3er Pack Classic Crew Neck Regular Fit Bio-Baumwolle Gr. M",,,,,,,,,,,,,,,,,,,,,,,,,,,,,,,,,,,"Charakter",,"Charakter Familie",,"Akzente",,"Jahreszeit",,"Größenkategorie",,"Anleitung für Personalisierung",,"Anzahl der Einheiten",,"Herstellernummer",,"Marke","Boss","Produktart","T-Shirt","Abteilung","Herren","Größe","M","Farbe","Mehrfarbig (Schwarz, Blau, Dunkelblau)","Thema","Klassisch","Ausschnitt","Rundhals","Ärmellänge","Kurzarm","Material","100% Bio-Baumwolle","Ursprungsland","Sri Lanka","Besonderheiten",,"Passform","Regular Fit","Produktlinie","Classic Crew Neck","Muster","Unifarben","Gewebeart","Jersey","Vintage","Nein","Personalisieren","Nein","Handgefertigt","Nein","Textilpflege","Maschinenwäsche","Modell","Classic Crew Neck","Herstellungsjahr","2023","Maßeinheit","m",,,,,,,,,,,,15687,,,,,,,,,,,,,,,,,,,,,,,,,,,,,,,,,,,,,,,,,,,,,,,
"SKU-2789683373","de_DE","Brandson Standventilator – leise Kühlung mit 3 Stufen & Oszillation",,,,,,,,,,,,,,,,,,,,,,,,,,,,,,,,,,,"Stromquelle",,"Besonderheiten",,"Steuerungsart",,"Höhe",,"Tiefe",,"Spannung",,"Montage",,"Modell",,"Energieeffizienzklasse",,"Durchmesser",,"Form",,"Finish",,"Zimmer",,"Herstellungsjahr",,"Smart Home Kommunikationsprotokoll",,"Breite",,"Flügelausrichtung",,"Schallleistung",,"Kabellänge",,"Smart Home Kompatibilität",,"Gewicht",,"EEK Spektrum",,"Herstellernummer",,"Maßeinheit",,"Anzahl der Einheiten",,"Geeignet für",,"Luftvolumenstrom",,"Zeitsteuerung",,"Produktart","Standventilator","Marke","Brandson",,,,,,,,,,,,20612,,,,,,,,,,,,,,,,,,,,,,,,,,,,,,,,,,,,,,,,,,,,,,,
"SKU-8035511646","de_DE","Brevillier's CRETACOLOR 12 Brauntöne Pastellkreide Set, quadratisch hart",,,,,,,,,,,,,,,,,,,,,,,,,,,,,,,,,,,"Marke","Brevillier's CRETACOLOR","Produktart","Pastellkreide","Farbe","Brauntöne","Herstellernummer","484 12","Anzahl der Einheiten","12","Maßeinheit","Stück","Ursprungsland","Österreich",,,,,,,,,,,,,,,,,,,,,,,,,,,,,,,,,,,,,,,,,,,,,,,,,,,,,,,,,,28107,,,,,,,,,,,,,,,,,,,,,,,,,,,,,,,,,,,,,,,,,,,,,,,
"SKU-5392843955","de_DE","Brevillier's CRETACOLOR Artino Zeichenset 10-teilig – Professionelles Skizzier",,,,,,,,,,,,,,,,,,,,,,,,,,,,,,,,,,,"Marke","Brevillier's CRETACOLOR","Farbe","Sanguine, Sepia, Kohle, Weißkreide","Finish","Matt","Herstellernummer","Artino Drawing Set","Anzahl der Einheiten","1","Maßeinheit","Einheit","Ursprungsland","Österreich",,,,,,,,,,,,,,,,,,,,,,,,,,,,,,,,,,,,,,,,,,,,,,,,,,,,,,,,,,28109,,,,,,,,,,,,,,,,,,,,,,,,,,,,,,,,,,,,,,,,,,,,,,,
"SKU-4703570843","de_DE","BRUBECK Meißel Set",,,,,,,,,,,,,,,,,,,,,,,,,,,,,,,,,,,"Geeignet für",,"Anwendung",,"Breite",,"Durchmesser",,"Herstellernummer",,"Herstellergarantie",,"Höhe",,"Tiefe",,"Anzahl der Einheiten",,"Gewicht",,"Maßeinheit",,"Marke","BRUBECK","Anzahl der Teile","4","Packungsmenge","4","Material","Hochwertiger Stahl","Produktart","Meißel Set","Länge","280","Farbe","Silber","Ursprungsland",,"Modell","CHISEL-SDSM-S01-50X280X18",,,,,,,,,,,,,,,,,,,,,,,,,,,,,,,,50382,,,,,,,,,,,,,,,,,,,,,,,,,,,,,,,,,,,,,,,,,,,,,,,
"SKU-8073301246","de_DE","BRUT Clothing REWORK® BARBOUR V5 N° 084 Gr. XL",,,,,,,,,,,,,,,,,,,,,,,,,,,,,,,,,,,"Stil",,"Herstellernummer",,"Anzahl der Einheiten",,"Maßeinheit",,"Abteilung",,"Aktivität",,"Akzente",,"Anlass",,"Außenmaterial",,"Besonderheiten",,"Brustumfang",,"Charakter",,"Charakter Familie",,"Futtermaterial",,"Gewebeart",,"Größenkategorie",,"Handgefertigt",,"Herstellungsjahr",,"Isoliermaterial",,"Jahreszeit",,"Kragenart",,"Muster",,"Personalisiert",,"Produktlinie",,"Textilpflege",,"Verschluss",,"Vintage",,"Wärmegrad",,"Marke","Barbour","Ursprungsland",,,,,,,,,,,,,78695,,,,,,,,,,,,,,,,,,,,,,,,,,,,,,,,,,,,,,,,,,,,,,,
"SKU-1000000010","de_DE","Calvin Klein String Tanga 3er Set Gr. L",,,,,,,,,,,,,,,,,,,,,,,,,,,,,,,,,,,"Charakter",,"Kompressionszone",,"Bundhöhe",,"Muster",,"Vintage",,"Textilpflege",,"Personalisieren",,"Herstellernummer",,"Modell",,"Anleitung für Personalisierung",,"Abteilung","Damen","Stil","Tanga/String","Marke","Calvin Klein","Größe","L","Material","Baumwolle","Farbe","Mehrfarbig","Gewebeart","Jersey","Thema",,"Produktart","Panty","Besonderheiten","Stretch","Anzahl pro Packung","3er Pack","Größenkategorie","Normalgröße","Akzente",,"Transparenz","Blickdicht","Ursprungsland","Jersey",,,,,,,,,,,,,,,,,,,,,,63854,,,,,,,,,,,,,,,,,,,,,,,,,,,,,,,,,,,,,,,,,,,,,,,
"SKU-1000000008","de_DE","Calzedonia Damen Leggings Schwarz S/M Microfaser Skinny Fit 100 Denier",,,,,,,,,,,,,,,,,,,,,,,,,,,,,,,,,,,"Besonderheiten",,"Thema",,"Gewebeart",,"Charakter Familie",,"Charakter",,"Aktivität",,"Taillenumfang",,"Schrittlänge",,"Vintage",,"Handgefertigt",,"Herstellernummer",,"Textilpflege",,"Größe","S/M","Produktart","Leggings","Abteilung","Damen","Marke","Calzedonia","Farbe","Schwarz","Jahreszeit","Alle Jahreszeiten","Material","Microfaser","Anlass","Freizeit, Alltag","Muster","Einfarbig","Stil","Casual, Elegant","Ursprungsland",,,,,,,,,,,,,,,,,,,,,,,,,,,152719,,,,,,,,,,,,,,,,,,,,,,,,,,,,,,,,,,,,,,,,,,,,,,,
"SKU-5978901641","de_DE","Calzedonia Damen Thermo Strumpfhose Creme Gr. 40-42, 60% Modal, Super Opaque",,,,,,,,,,,,,,,,,,,,,,,,,,,,,,,,,,,"Thema",,"Charakter",,"Anzahl pro Packung",,"Textilpflege",,"Personalisieren",,"Handgefertigt",,"Anleitung für Personalisierung",,"Produktart","Strumpfhose","Marke","Calzedonia","Abteilung","Damen","Farbe","Creme","Stil","Basic","Denier","60 DEN","Material","Modal","Größe","40-42","Besonderheiten","Thermo","Transparenz","Blickdicht","Muster","Einfarbig","Jahreszeit","Herbst,Frühling,Winter","Zehenart","Voll","Anlass","Alltag","Größenkategorie","Normalgröße","Ursprungsland",,"Herstellernummer","MIC048",,,,,,,,,,,,,,,,,,,,,,,,11525,,,,,,,,,,,,,,,,,,,,,,,,,,,,,,,,,,,,,,,,,,,,,,,
"SKU-9150914979","de_DE","CanadianCat SATELLITE 2.0 Kratzbrett – Weiße Edition, umweltfreundlich",,,,,,,,,,,,,,,,,,,,,,,,,,,,,,,,,,,"Anzahl der Einheiten",,"Produktart","Kratzmöbel","Farbe","Weiß","Höhe","15","Material","Wellpappe","Marke","CanadianCat","Besonderheiten","Umweltfreundlich","Herstellernummer","C11154","Ursprungsland","DE","Maßeinheit",,,,,,,,,,,,,,,,,,,,,,,,,,,,,,,,,,,,,,,,,,,,,,,,,,,,,20740,,,,,,,,,,,,,,,,,,,,,,,,,,,,,,,,,,,,,,,,,,,,,,,
"SKU-4090290612","de_DE","Canon Toner 716 Schwarz für i-SENSYS LBP5050, MF8030C, MF8040C",,,,,,,,,,,,,,,,,,,,,,,,,,,,,,,,,,,"Maßeinheit",,"Druckermarke","Canon","Marke","Canon","Version","Original","Drucktechnologie","Laserdrucker","Herstellernummer","1980B002","Druckermodell","Laserbase-Serie","Farbe","Schwarz","Seitenertrag","2300","Anzahl der Einheiten","1","Ursprungsland","Deutschland","Markenkompatibilität","Für Canon",,,,,,,,,,,,,,,,,,,,,,,,,,,,,,,,,,,,,,,,,,,,,,,,62510,,,,,,,,,,,,,,,,,,,,,,,,,,,,,,,,,,,,,,,,,,,,,,,
"SKU-6099130668","de_DE","Canon Toner 718 Schwarz Original für gestochen scharfe Laserdrucke",,,,,,,,,,,,,,,,,,,,,,,,,,,,,,,,,,,"Anzahl der Einheiten",,"Maßeinheit",,"Herstellergarantie",,"Ablaufdatum",,"Breite",,"Höhe",,"Länge",,"Marke","Canon","Produktart","Original","Farbe","Schwarz","Drucktechnologie","Laser","Modell","Canon 718","Markenkompatibilität","Für Canon","Ursprungsland",,"Herstellernummer","2662B002","Modellkompatibilität","Canon I-Sensys LBP-7210 Cdn,Canon I-Sensys MF 720 Series,LBP-7200CN,Für Canon i-SENSYS,Für Canon I-Sensys LBP-7200 Series,Canon imageCLASS MF 720 Series,Wincor-NixdorfWincor-Nixdorf FD 4911-C 15,LBP-7200CDN,Canon I-Sensys LBP-7680 cdn,für i-SENSYS LBP 7680,Für Canon i-SENSYS MF8360C,Für Canon i-SENSYS LBP7200CDN,Für Canon i-SENSYS LBP7210,i-SENSYS LBP7200Cdn,Für Canon I-Sensys LBP-8300 Series,i-SENSYS MF728Cdw",,,,,,,,,,,,,,,,,,,,,,,,,,,,,,,,,,,,,,,,16204,,,,,,,,,,,,,,,,,,,,,,,,,,,,,,,,,,,,,,,,,,,,,,,
"SKU-3132874789","de_DE","CAPAS Reise Kurzflossen Unisex – Kompakte Schwimm- und Schnorchelflossen, Schwar",,,,,,,,,,,,,,,,,,,,,,,,,,,,,,,,,,,"Anzahl der Einheiten",,"Maßeinheit",,"Marke","CAPAS","Größe","26-32","Herstellernummer","BXXSXS","Ursprungsland",,,,,,,,,,,,,,,,,,,,,,,,,,,,,,,,,,,,,,,,,,,,,,,,,,,,,,,,,,,,,16054,,,,,,,,,,,,,,,,,,,,,,,,,,,,,,,,,,,,,,,,,,,,,,,
"SKU-3748510561","de_DE","Casaria Gartenliege 105967 60cm Erwachsene Akazienholz Anthrazit NEU",,,,,,,,,,,,,,,,,,,,,,,,,,,,,,,,,,,"Kissenfarbe",,"Anzahl der Liegepositionen",,"Herstellungsjahr",,"Kissenmaterial",,"Herstellernummer",,"Gewicht",,"Montagezustand",,"Anzahl der Einheiten",,"Benötigte Werkzeug",,"Herstellergarantie",,"Kissenfüllmaterial",,"Stil",,"Rahmenmaterial","Akazie","Marke","Casaria","Produktart","Deckchair","Besonderheiten","Klappbar","Farbe","Anthrazit","Gewichtskapazität","160 kg","Modell","105967","Breite","60 cm","Ursprungsland",,"Maximale Höhe","94 cm","Höhe","94 cm","Minimale Höhe","40 cm","Maximale Sitzhöhe","40 cm","Minimale Sitzhöhe","40 cm","Minimale Länge","200 cm","Anzahl der Sitzplätze","Bis 2","Maximale Länge","200 cm","Länge","200 cm",,,,,,,,,,,,79684,,,,,,,,,,,,,,,,,,,,,,,,,,,,,,,,,,,,,,,,,,,,,,,
"SKU-8036579486","de_DE","CECIPA Küchenarmatur Schwarz mit Ausziehbrause für flexible Küchenarbeit",,,,,,,,,,,,,,,,,,,,,,,,,,,,,,,,,,,"Zimmer",,"Anzahl der Armaturgriffe",,"Anzahl der Armaturlöcher",,"Besonderheiten",,"Produktlinie",,"Energieeffizienzklasse",,"Griffart",,"Abstand der Armaturanschlüsse",,"Form",,"Breite",,"Installationsart",,"Gütesiegel & Kennzeichnungen",,"Herstellergarantie",,"Höhe",,"Länge",,"Im Lieferumfang enthalten",,"Auslaufhöhe",,"Geeignet für",,"Gewicht",,"Modell",,"EEK Spektrum",,"Herstellernummer",,"Anzahl der Einheiten",,"Maßeinheit",,"Montage erforderlich",,"Produktart","Küchenarmatur","Marke","CECIPA","Farbe","Schwarz","Hersteller","CECIPA","Material","Messing",,,,,,,,,,,,29508,,,,,,,,,,,,,,,,,,,,,,,,,,,,,,,,,,,,,,,,,,,,,,,
"SKU-6586579725","de_DE","CENTA-STAR Bettdecke Royal Classic für ganzjährigen, erholsamen Schlaf",,,,,,,,,,,,,,,,,,,,,,,,,,,,,,,,,,,"Anleitung für Personalisierung",,"Anzahl der Einheiten",,"Fadenzahl",,"Füllstärke",,"GSM (Gramm pro Quadratmeter)",,"Maßeinheit",,"Modell",,"Personalisieren",,"Produktlinie",,"Produktart","Bettdecke","Set enthält","Daunendecke","Wärmestufe","Warm","Marke","Centa-Star","Material","High-Tech-Faser","Füllmaterial","Polyester","Größe","Standard","Breite","135 cm","Farbe","Weiß","Herstellernummer","0870.00","Länge","200 cm","Pflegeanleitung",,"TOG-Wert","4,5","Abteilung","Erwachsene","Anzahl der Teile","1","Besonderheiten","Atmungsaktiv,Hypoallergen","Gütesiegel & Kennzeichnungen","STANDARD 100 by OEKO-TEX","Ursprungsland",,"Zimmer","Schlafzimmer",,,,,,,,,,,,,,,,262978,,,,,,,,,,,,,,,,,,,,,,,,,,,,,,,,,,,,,,,,,,,,,,,
"SKU-7543211550","de_DE","CMP Kinder Schneestiefel Rae Snow Boots WP, wasserdicht, black/blue",,,,,,,,,,,,,,,,,,,,,,,,,,,,,,,,,,,"Besonderheiten",,"Produktlinie",,"AU-Schuhgröße",,"UK-Schuhgröße",,"US-Schuhgröße",,"Anlass",,"Modell",,"Thema",,"Aktivität",,"Schuhweite",,"Stollentyp",,"Dämpfungsgrad",,"Schuhschaft-Typ",,"Gewebeart",,"Herstellungsjahr",,"Vintage",,"Muster",,"Personalisieren",,"Schuhspitze",,"Individualisiert",,"Anleitung für Personalisierung",,"Anzahl der Einheiten",,"Handgefertigt",,"Herstellernummer",,"Maßeinheit",,"Pronation",,"Signiert",,"Sprengung",,"Stollenform",,"EU-Schuhgröße","28",,,,,,,,,,,,57929,,,,,,,,,,,,,,,,,,,,,,,,,,,,,,,,,,,,,,,,,,,,,,,
"SKU-4583716812","de_DE","Columbia OMNI-WICK Herren T-Shirt Schwarz M – Atmungsaktiv, Kühlend, Sport",,,,,,,,,,,,,,,,,,,,,,,,,,,,,,,,,,,"Charakter",,"Charakter Familie",,"Akzente",,"Produktlinie",,"Muster",,"Gewebeart",,"Jahreszeit",,"Vintage",,"Personalisieren",,"Handgefertigt",,"Größenkategorie",,"Anleitung für Personalisierung",,"Anzahl der Einheiten",,"Herstellungsjahr",,"Marke","Columbia","Produktart","T-Shirt","Abteilung","Herren","Größe","M","Farbe","Schwarz","Thema","Sport","Ausschnitt","Rundhals","Ärmellänge","Kurzarm","Material","Polyester","Ursprungsland",,"Besonderheiten",,"Passform","Regulär","Textilpflege",,"Modell","OMNI-WICK Short Sleeve T-Shirt","Herstellernummer","AM6084-010","Maßeinheit","m",,,,,,,,,,,,15687,,,,,,,,,,,,,,,,,,,,,,,,,,,,,,,,,,,,,,,,,,,,,,,
"SKU-5943400007","de_DE","Cretacolor Farbstifte 250er Set: Brillante Farben für grenzenlose Kreativität",,,,,,,,,,,,,,,,,,,,,,,,,,,,,,,,,,,"Maßeinheit",,"Marke","Cretacolor","Farbe","Mehrfarbig","Produktart","Farbstifte","Herstellernummer","VK280990T","Anzahl der Einheiten","250","Ursprungsland","Österreich",,,,,,,,,,,,,,,,,,,,,,,,,,,,,,,,,,,,,,,,,,,,,,,,,,,,,,,,,,28113,,,,,,,,,,,,,,,,,,,,,,,,,,,,,,,,,,,,,,,,,,,,,,,
"SKU-2151943751","de_DE","Cretacolor Harte Graupastelle 12er Set für präzise Linien & feine Schattieru",,,,,,,,,,,,,,,,,,,,,,,,,,,,,,,,,,,"Herstellernummer",,"Anzahl der Einheiten",,"Marke","Cretacolor","Produktart","Harte Pastellkreiden","Farbe","Grau","Maßeinheit","Einheit","Ursprungsland",,,,,,,,,,,,,,,,,,,,,,,,,,,,,,,,,,,,,,,,,,,,,,,,,,,,,,,,,,,28107,,,,,,,,,,,,,,,,,,,,,,,,,,,,,,,,,,,,,,,,,,,,,,,
"SKU-3877364215","de_DE","DELSEY PARIS BELMONT PLUS Trolley Koffer 71cm Himbeere Unisex TSA",,,,,,,,,,,,,,,,,,,,,,,,,,,,,,,,,,,"Ausführung",,"Marke","DELSEY PARIS","Produktart","Trolley Koffer","Rollen","Doppelrollen","Material","Polycarbonat","Farbe","Himbeere","Besonderheiten",,"Geschlecht","Unisex","Kapazität","97 Liter","Ursprungsland","Frankreich","Anzahl der Einheiten","1","Maßeinheit","Stück",,,,,,,,,,,,,,,,,,,,,,,,,,,,,,,,,,,,,,,,,,,,,,,,11236,,,,,,,,,,,,,,,,,,,,,,,,,,,,,,,,,,,,,,,,,,,,,,,
"SKU-9428729031","de_DE","Derby Rasierklingen Premium Professional für sanfte, gründliche Rasur",,,,,,,,,,,,,,,,,,,,,,,,,,,,,,,,,,,"Modell",,"Klingentyp",,"Herstellernummer",,"Rasierklingen Breite",,"Rasierklingen Länge",,"Anzahl der Einheiten",,"Maßeinheit",,"Gewicht",,"Länge",,"Produktart","Rasierhobel","Marke","Derby","Anzahl der Klingen","2","Anzahl der Patronen","2","Farbe","Silber","Abteilung","Herren","Griffmaterial",,"Ursprungsland",,"Besonderheiten","Korrosionsbeständig","Körperbereich","Gesicht","Klingenmaterial","Rostfreier Stahl",,,,,,,,,,,,,,,,,,,,,,,,,,,,,,,,47921,,,,,,,,,,,,,,,,,,,,,,,,,,,,,,,,,,,,,,,,,,,,,,,
"SKU-2019125675","de_DE","Derma Pen Germany Microneedling Pen für professionelle Hautverjüngung",,,,,,,,,,,,,,,,,,,,,,,,,,,,,,,,,,,"Formulierung",,"Set enthält",,"Inhalt",,"Hauptverwendungszweck",,"Inhaltsstoffe",,"Wirksame Inhaltsstoffe",,"Größe",,"Hauttyp",,"Besonderheiten",,"Duft",,"Lichtschutzfaktor (LSF)",,"Produktlinie",,"Herstellernummer",,"UVA-Schutz",,"Verwendungsdauer",,"Maßeinheit",,"Anzahl der Einheiten",,"Mindesthaltbarkeitsdatum",,"Marke","Derma Pen Germany","Produktart","Microneedling Pen","Körperbereich",,"Abteilung","Unisex","Ursprungsland",,,,,,,,,,,,,,,,,,,,,,,,,,,33164,,,,,,,,,,,,,,,,,,,,,,,,,,,,,,,,,,,,,,,,,,,,,,,
"SKU-8112287411","de_DE","Desigual Damen Sweatshirt AZRIEL: Stilvoll, bequem, 100% Baumwolle",,,,,,,,,,,,,,,,,,,,,,,,,,,,,,,,,,,"Gewebeart",,"Thema",,"Charakter",,"Akzente",,"Verschluss",,"Träger-/Riemenart",,"Größenkategorie",,"Vintage",,"Textilpflege",,"Handgefertigt",,"Personalisieren",,"Anleitung für Personalisierung",,"Anzahl der Einheiten",,"Herstellernummer",,"Maßeinheit",,"Produktart","Sweatshirt","Größe","XXL","Marke","Desigual","Abteilung","Damen","Farbe","Rosa","Material","100% Baumwolle","Stil","Casual","Ärmellänge","Langarm","Muster","Ohne Muster","Ausschnitt","Rundhalsausschnitt","Anlass","Freizeit","Besonderheiten",,"Jahreszeit","Frühling,Herbst,Winter","Passform","Regular","Ursprungsland",,,,,,,,,,,,,53159,,,,,,,,,,,,,,,,,,,,,,,,,,,,,,,,,,,,,,,,,,,,,,,
"SKU-9912977908","de_DE","Dexcom G7 Receiver - Kontinuierliche Glukosemessung (CGM) 2024",,,,,,,,,,,,,,,,,,,,,,,,,,,,,,,,,,,"Material",,"Anzahl der Einheiten",,"Maßeinheit",,"Herstellergarantie",,"Produktart","Blutzuckermessgerät","Marke","Dexcom","Farbe","Schwarz","Ursprungsland",,"Besonderheiten","Kontinuierliche Glukosemessung (CGM)","Herstellernummer","STK-GT-013","Modell","G7",,,,,,,,,,,,,,,,,,,,,,,,,,,,,,,,,,,,,,,,,,,,,,,,,,182125,,,,,,,,,,,,,,,,,,,,,,,,,,,,,,,,,,,,,,,,,,,,,,,
"SKU-2552797972","de_DE","Diesel Damen Leggings P-KOLL-E3 Zebra Print Slim Fit Schwarz/Weiß S",,,,,,,,,,,,,,,,,,,,,,,,,,,,,,,,,,,"Jahreszeit",,"Gewebeart",,"Aktivität",,"Größenkategorie",,"Charakter",,"Bundhöhe",,"Textilpflege",,"Produktlinie",,"Handgefertigt",,"Schrittlänge",,"Taillenumfang",,"Vintage",,"Personalisieren",,"Waschung",,"Anleitung für Personalisierung",,"Produktart","Leggings","Marke","Diesel","Abteilung","Damen","Thema","Sport","Größe","S","Farbe","Schwarz/Weiß","Material","95% Baumwolle, 5% Elasthan","Besonderheiten",,"Anlass","Freizeit,Sport","Akzente",,"Muster","Zebra Print","Stil","Pantaloni","Ursprungsland",,"Modell","P-KOLL-E3","Herstellernummer","A06456-0QDAR-8CQA-S--IT",,,,,,,,,,,,169001,,,,,,,,,,,,,,,,,,,,,,,,,,,,,,,,,,,,,,,,,,,,,,,
"SKU-7245071607","de_DE","DIGITAL REVOLUTION Tintenpatrone LC422 Gelb für 550 brillante Seiten",,,,,,,,,,,,,,,,,,,,,,,,,,,,,,,,,,,"Modell",,"Drucktechnologie",,"Modellkompatibilität",,"Breite",,"Herstellernummer",,"Anzahl der Einheiten",,"Maßeinheit",,"Herstellergarantie",,"Ablaufdatum",,"Höhe",,"Länge",,"Marke","Digital Revolution","Farbe","Gelb","Markenkompatibilität",,"Produktart","Kompatibel","Ursprungsland",,,,,,,,,,,,,,,,,,,,,,,,,,,,,,,,,,,,,,,,,16191,,,,,,,,,,,,,,,,,,,,,,,,,,,,,,,,,,,,,,,,,,,,,,,
"SKU-4008377248","de_DE","Divasya Yoga Yogamatte Profi-Grip für sichere & stabile Praxis",,,,,,,,,,,,,,,,,,,,,,,,,,,,,,,,,,,"Abteilung",,"Besonderheiten",,"Gewicht",,"Durchmesser",,"Personalisiert",,"Signiert",,"Vintage",,"Sportart/Aktivität","Yoga, Pilates, Fitness","Farbe","Pink","Ursprungsland","Deutschland","Marke","Divasya Yoga Yogamatte Profi-Grip für sichere & stabile Praxis","Herstellernummer","professional-grip YOGA MAT","Produktart","Yogamatte","Modell","professional-grip YOGA MAT","Breite","68","Material","Hochwertiges, rutschfestes Material","Anzahl der Einheiten","1","Maßeinheit","Stück","Anzahl der Teile","1","Höhe","0.45","Länge","185","Set enthält","1",,,,,,,,,,,,,,,,,,,,,,,,,,,,44086,,,,,,,,,,,,,,,,,,,,,,,,,,,,,,,,,,,,,,,,,,,,,,,
"SKU-2969022222","de_DE","DUNSOO Badteppich C04-061-04 Gr. 70x120cm Mikrofaser Grau NEU",,,,,,,,,,,,,,,,,,,,,,,,,,,,,,,,,,,"Anzahl der Teile",,"Thema",,"Besonderheiten",,"Muster",,"Pflegeanleitung",,"Charakter",,"Charakter Familie",,"Anzahl der Einheiten",,"Gütesiegel & Kennzeichnungen",,"Höhe",,"Herstellernummer",,"Produktart","Badteppich","Set enthält","Badteppich","Farbe","Grau","Marke","DUNSOO","Zimmer","Badezimmer","Form","Rechteck","Material","Mikrofaser","Breite","70 cm","Länge","120 cm","Abteilung","Erwachsene","Ursprungsland",,"Maßeinheit","kg","Produktlinie","Alwyn Home Maisy Bath Rug",,,,,,,,,,,,,,,,,,,,,,,,133696,,,,,,,,,,,,,,,,,,,,,,,,,,,,,,,,,,,,,,,,,,,,,,,
"SKU-8945251431","de_DE","Dyson Reinigungsset 971440-01 Schwarz NEU",,,,,,,,,,,,,,,,,,,,,,,,,,,,,,,,,,,"Kapazität",,"Material",,"Leistung",,"Besonderheiten",,"Tiefe",,"Modell",,"Herstellergarantie",,"Anzahl der Einheiten",,"Breite",,"Finish",,"Höhe",,"Marke","Dyson","Set enthält","Verlängerungsschlauch","Produktart","Werkzeug-Set","Anzahl pro Packung","1","Anzahl der Teile","3","Markenkompatibilität","Für Dyson","Geeignet für","Handstaubsauger","Modellkompatibilität","Für Dyson V7,Für Dyson V8,Für Dyson V11","Farbe","Schwarz","Ursprungsland",,"Stromquelle",,"Herstellernummer","971440-01","Gewicht","1 kg","Maßeinheit","kg",,,,,,,,,,,,,,,,,,,,,,42146,,,,,,,,,,,,,,,,,,,,,,,,,,,,,,,,,,,,,,,,,,,,,,,
"SKU-3186173398","de_DE","Eastpak Terminal Reisetasche 96L – Wasserabweisend, Triple Denim Blau",,,,,,,,,,,,,,,,,,,,,,,,,,,,,,,,,,,"Besonderheiten",,"Originalität",,"Ausführung",,"Kapazität",,"Anzahl der Einheiten",,"Marke","Eastpak","Material","Polyester","Geschlecht","Unisex","Farbe","Triple Denim Blau","Rollen","Ja","Vintage","Ja","Ursprungsland",,"Maßeinheit",,,,,,,,,,,,,,,,,,,,,,,,,,,,,,,,,,,,,,,,,,,,,,,113043,,,,,,,,,,,,,,,,,,,,,,,,,,,,,,,,,,,,,,,,,,,,,,,
"SKU-5952589845","de_DE","Einhandfräse 3709 220 V Silber/Türkis/Schwarz Kunststoff/Metall",,,,,,,,,,,,,,,,,,,,,,,,,,,,,,,,,,,"Zubehör",,"Produktlinie",,"Anzahl der Einheiten",,"Maßeinheit",,"Breite",,"Geschwindigkeit",,"Höhe",,"Länge",,"Maximale Betriebstemperatur",,"Minimale Betriebstemperatur",,"Marke","Markenlos","Werkzeugart","Fräse","Spannung","220 V","Betriebsart","Netzbetrieben","Herstellernummer","3709","Leistung (W)","Bis 250 W","Gewicht (kg)","1","Ursprungsland",,,,,,,,,,,,,,,,,,,,,,,,,,,,,,,,,,,,,127786,,,,,,,,,,,,,,,,,,,,,,,,,,,,,,,,,,,,,,,,,,,,,,,
"SKU-5526640633","de_DE","Element Hemden Gr. L Herren Beige NEU",,,,,,,,,,,,,,,,,,,,,,,,,,,,,,,,,,,"Charakter",,"Besonderheiten",,"Modell",,"Stil",,"Ausschnitt",,"Größenkategorie",,"Aktivität",,"Vintage",,"Herstellernummer",,"Anlass",,"Textilpflege",,"Akzente",,"Brustumfang",,"Charakter Familie",,"Gewebeart",,"Handgefertigt",,"Herstellungsjahr",,"Jahreszeit",,"Kompressionsstufe",,"Kompressionszone",,"Kragenart",,"Produktlinie",,"Shirt-Länge",,"Signiert",,"Verschluss",,"Waschung",,"Anzahl der Einheiten",,"Marke","Element","Produktart","Hemden","Größe","L",,,,,,,,,,,,179982,,,,,,,,,,,,,,,,,,,,,,,,,,,,,,,,,,,,,,,,,,,,,,,
"SKU-8447826159","de_DE","Ellesse Herren Boxershorts 5er Pack – Komfortable Baumwoll-Elastan Trunks",,,,,,,,,,,,,,,,,,,,,,,,,,,,,,,,,,,"Besonderheiten",,"Charakter",,"Gewebeart",,"Muster",,"Charakter Familie",,"Anzahl pro Packung",,"Vintage",,"Textilpflege",,"Personalisieren",,"Größenkategorie",,"Anleitung für Personalisierung",,"Anzahl der Einheiten",,"Modell",,"Abteilung","Herren","Stil","Boxershorts","Marke","ellesse","Material","95% Baumwolle, 5% Elastan","Größe","M","Produktart","Boxershorts","Farbe","Schwarz","Thema",,"Ursprungsland",,"Herstellernummer","SZA02765","Maßeinheit","m",,,,,,,,,,,,,,,,,,,,,,,,11507,,,,,,,,,,,,,,,,,,,,,,,,,,,,,,,,,,,,,,,,,,,,,,,
"SKU-8529588380","de_DE","Elring Dichtungssatz Zylinderkopf für VW T5 Sharan Alhambra 542.210",,,,,,,,,,,,,,,,,,,,,,,,,,,,,,,,,,,"Bolzenloch Anzahl",,"Anzahl pro Packung",,"Im Lieferumfang enthalten",,"Oldtimer-Teil",,"Tuning- & Styling-Teil",,"Universelle Kompatibilität",,"Einbauposition",,"Herstellernummer",,"OE/OEM Referenznummer(n)",,"Durchmesser",,"Durchmesser (innen)",,"Herstellergarantie",,"Länge",,"Oberflächenbeschaffenheit",,"Stärke",,"Vergleichsnummer",,"Hersteller","Elring","Produktart","Dichtungssatz","Material","Hochwiderstandsfähige Verbundstoffe","Farbe","Schwarz","Ursprungsland",,,,,,,,,,,,,,,,,,,,,,,,,,,,,,,262128,,,,,,,,,,,,,,,,,,,,,,,,,,,,,,,,,,,,,,,,,,,,,,,
"SKU-4780318569","de_DE","Elring Zylinderkopfdichtung Motor 1.57mm für VW Audi Ford Seat Skoda 150.162",,,,,,,,,,,,,,,,,,,,,,,,,,,,,,,,,,,"Anzahl der Einheiten",,"Maßeinheit",,"Original/Reproduktion",,"Material","Hochtemperatur-Verbundwerkstoff","Ursprungsland",,,,,,,,,,,,,,,,,,,,,,,,,,,,,,,,,,,,,,,,,,,,,,,,,,,,,,,,,,,,,,,21599,,,,,,,,,,,,,,,,,,,,,,,,,,,,,,,,,,,,,,,,,,,,,,,
"SKU-7321712010","de_DE","Elring Zylinderkopfdichtungssatz 1.49mm für Audi, VW 038103383BL, 1212188109",,,,,,,,,,,,,,,,,,,,,,,,,,,,,,,,,,,"Bolzenloch Anzahl",,"Anzahl pro Packung",,"Material",,"Im Lieferumfang enthalten",,"Stärke",,"Oberflächenbeschaffenheit",,"Durchmesser (innen)",,"Länge",,"Durchmesser",,"Herstellergarantie",,"Oldtimer-Teil",,"Tuning- & Styling-Teil",,"Universelle Kompatibilität",,"OE/OEM Referenznummer(n)",,"Vergleichsnummer",,"Hersteller","Elring","Produktart","Zylinderkopfdichtung","Einbauposition","Motorraum","Farbe","Braun","Ursprungsland",,"Herstellernummer","1212188109",,,,,,,,,,,,,,,,,,,,,,,,,,,,,,33665,,,,,,,,,,,,,,,,,,,,,,,,,,,,,,,,,,,,,,,,,,,,,,,
"SKU-8581934036","de_DE","Elring Zylinderkopfschraubensatz Zylinderkopf für VW Touran 057.240",,,,,,,,,,,,,,,,,,,,,,,,,,,,,,,,,,,"Anzahl der Einheiten",,"Maßeinheit",,"Original/Reproduktion",,"Material","Stahl","Ursprungsland",,,,,,,,,,,,,,,,,,,,,,,,,,,,,,,,,,,,,,,,,,,,,,,,,,,,,,,,,,,,,,,21599,,,,,,,,,,,,,,,,,,,,,,,,,,,,,,,,,,,,,,,,,,,,,,,
"SKU-5660339205","de_DE","Enders Holzkohlegrill Mason XL Schwarz Stahl NEU großer Grillfläche Ablagen",,,,,,,,,,,,,,,,,,,,,,,,,,,,,,,,,,,"Anzahl der Herdplatten",,"Anzahl der Roste",,"Breite des Kochbereichs",,"Länge des Kochbereichs",,"Höhe",,"Größe der Grillfläche",,"Tiefe",,"Breite",,"Herstellungsjahr",,"Steuerung",,"Gewicht",,"Montage erforderlich",,"Herstellergarantie",,"Herstellernummer",,"Finish",,"Anzahl der Einheiten",,"Maßeinheit",,"BTU",,"Benötigte Werkzeug",,"Maximale Temperatur",,"Marke","Enders","Produktart","Holzkohlegrill","Brennstoffart",,"Material","Stahl","Grillplattenmaterial","Stahl","Besonderheiten",,"Modell","Mason XL","Farbe","Schwarz","Im Lieferumfang enthalten",,"Ursprungsland",,,,,,,,,,,,,151621,,,,,,,,,,,,,,,,,,,,,,,,,,,,,,,,,,,,,,,,,,,,,,,
"SKU-2804135383","de_DE","ERZEKRIM Ferritkern Set für RFI/EMI Entstörung & klare Signale",,,,,,,,,,,,,,,,,,,,,,,,,,,,,,,,,,,"Herstellernummer",,"Anzahl der Einheiten",,"Maßeinheit",,"Markenkompatibilität",,"Marke","ERZEKRIM","Ursprungsland",,,,,,,,,,,,,,,,,,,,,,,,,,,,,,,,,,,,,,,,,,,,,,,,,,,,,,,,,,,,,123062,,,,,,,,,,,,,,,,,,,,,,,,,,,,,,,,,,,,,,,,,,,,,,,
"SKU-4715041854","de_DE","ESPRIT Bettwäsche-Set CHILL Streifen Blau 155x220 cm Baumwolle Renforcé OEKO-TEX",,,,,,,,,,,,,,,,,,,,,,,,,,,,,,,,,,,"Anzahl der Teile",,"Thema",,"Abteilung",,"Charakter Familie",,"Charakter",,"Stil",,"Besonderheiten",,"Länge",,"Breite",,"Form",,"Saison",,"Herstellergarantie",,"Gütesiegel & Kennzeichnungen",,"Fadenzahl",,"Pflegeanleitung",,"Personalisieren",,"Anzahl der Einheiten",,"GSM (Gramm pro Quadratmeter)",,"Maßeinheit",,"Produktlinie",,"Überhang",,"Anleitung für Personalisierung",,"Material","100% Baumwolle Renforcé","Marke","Esprit","Futtermaterial","Baumwolle","Farbe","Blau","Füllmaterial","Baumwolle","Produktart","Bettwäsche-Set","Muster","Streifen","Ursprungsland",,,,,,,,,,,,,37644,,,,,,,,,,,,,,,,,,,,,,,,,,,,,,,,,,,,,,,,,,,,,,,
"SKU-2902386366","de_DE","EURO DRIVELINE Antriebswelle Vorderachse links für VW Lupo, Polo, Scirocco W135",,,,,,,,,,,,,,,,,,,,,,,,,,,,,,,,,,,"Maßeinheit",,"Oldtimer-Teil",,"Oberflächenbeschaffenheit",,"Tuning- & Styling-Teil",,"Personalisieren",,"Universelle Kompatibilität",,"Herstellergarantie",,"OE/OEM Referenznummer(n)",,"Anzahl der Einheiten",,"Anleitung für Personalisierung",,"Vergleichsnummer",,"Hersteller","Euro Driveline","Einbauposition","Links","Ursprungsland",,"Herstellernummer","W135",,,,,,,,,,,,,,,,,,,,,,,,,,,,,,,,,,,,,,,,,,9886,,,,,,,,,,,,,,,,,,,,,,,,,,,,,,,,,,,,,,,,,,,,,,,
"SKU-8404970287","de_DE","Eurofirany Logan Verdunkelungsvorhang, 270x135 cm, Grau",,,,,,,,,,,,,,,,,,,,,,,,,,,,,,,,,,,"Franchise",,"Set enthält",,"Kleidungsart",,"Anzahl der Teile",,"Tierart",,"Kollektion",,"Kleidungsstil",,"Verkaufseinheit",,"Original/Lizenzierte Reproduktion",,"Anlass",,"Antik",,"Charakter",,"Herstellungszeitraum",,"Kompatible Bärengröße",,"Vintage",,"Altersempfehlung",,"Anzahl der Einheiten",,"Gewicht",,"Handgefertigt",,"Herstellernummer",,"Herstellungsjahr",,"Höhe",,"Künstler",,"Maßeinheit",,"Personalisiert",,"Produktart","Verdunkelungsvorhang","Farbe","Grau","Marke","Eurofirany","Thema",,"Ursprungsland",,,,,,,,,,,,,387,,,,,,,,,,,,,,,,,,,,,,,,,,,,,,,,,,,,,,,,,,,,,,,
"SKU-6068074259","de_DE","europet bernina Trinkbrunnen: Frisches & gefiltertes Wasser für Haustiere",,,,,,,,,,,,,,,,,,,,,,,,,,,,,,,,,,,"Anzahl Näpfe",,"Smart Home Kommunikationsprotokoll",,"Personalisieren",,"Smart Home Kompatibilität",,"Anleitung für Personalisierung",,"Anzahl der Einheiten",,"Maßeinheit",,"Produktart",,"Material","Kunststoff","Marke","europet bernina","Farbe","Weiß, Blau","Herstellernummer","603-413104","Ursprungsland",,,,,,,,,,,,,,,,,,,,,,,,,,,,,,,,,,,,,,,,,,,,,,,177784,,,,,,,,,,,,,,,,,,,,,,,,,,,,,,,,,,,,,,,,,,,,,,,
"SKU-7569423484","de_DE","EUROPLAST Revisionsklappe Metall 180x230mm Weiß NEU",,,,,,,,,,,,,,,,,,,,,,,,,,,,,,,,,,,"Geeignet für",,"Besonderheiten",,"Marke",,"Tiefe",,"Breite",,"Breite (innen)",,"Gewicht",,"Höhe",,"Höhe (innen)",,"Herstellernummer",,"Anzahl der Einheiten",,"Maßeinheit",,"Produktart","Revisionsklappe","Material","Metall","Rahmenmaterial","Metall","Farbe","Weiß","Form","Rechteckig","Ursprungsland",,,,,,,,,,,,,,,,,,,,,,,,,,,,,,,,,,,,,30527,,,,,,,,,,,,,,,,,,,,,,,,,,,,,,,,,,,,,,,,,,,,,,,
"SKU-4949389854","de_DE","evoTrek Loop Fahrradabschleppsystem für entspannte Familienausflüge",,,,,,,,,,,,,,,,,,,,,,,,,,,,,,,,,,,"Anzahl der Sitze",,"Reifengröße",,"Vintage",,"Maximale Belastbarkeit",,"Herstellergarantie",,"Herstellernummer",,"Höhe",,"Breite",,"Länge",,"Gewicht",,"Anzahl der Einheiten",,"Maßeinheit",,"Marke","evoTrek","Produktart","Fahrradabschleppsystem","Modell","Loop","Besonderheiten","Werkzeuglose Montage, Gummiseil, Kompakt","Material","Aluminium, Gummi, Nylon","Farbe","Schwarz","Ursprungsland",,,,,,,,,,,,,,,,,,,,,,,,,,,,,,,,,,,85040,,,,,,,,,,,,,,,,,,,,,,,,,,,,,,,,,,,,,,,,,,,,,,,
"SKU-4919757592","de_DE","Fashion Herren Flanellhemd: Kariert, Weich & Komfortabel",,,,,,,,,,,,,,,,,,,,,,,,,,,,,,,,,,,"Charakter",,"Thema",,"Jahreszeit",,"Kragenart",,"Akzente",,"Ausschnitt",,"Produktlinie",,"Verschluss",,"Größenkategorie",,"Brustumfang",,"Modell",,"Textilpflege",,"Anleitung für Personalisierung",,"Anzahl der Einheiten",,"Herstellernummer",,"Marke","Clockhouse Fashion","Abteilung","Herren","Größe","L","Ärmellänge","Langarm","Farbe","Blau","Material","Baumwolle","Muster","Kariert","Gewebeart","Flanell","Passform","Regular","Besonderheiten",,"Anlass","Freizeit","Ursprungsland",,"Produktart","Geknöpftes Hemd","Vintage","Nein","Personalisieren","Nein",,,,,,,,,,,,57990,,,,,,,,,,,,,,,,,,,,,,,,,,,,,,,,,,,,,,,,,,,,,,,
"SKU-9612106646","de_DE","FDS GmbH Wandgarderobe HW65983WH Weiß Holz, Metall NEU Gr. ca. 31.5 cm",,,,,,,,,,,,,,,,,,,,,,,,,,,,,,,,,,,"Produkttyp",,"Anzahl der Einheiten",,"Maßeinheit",,"Farbe","Weiß","Ursprungsland",,,,,,,,,,,,,,,,,,,,,,,,,,,,,,,,,,,,,,,,,,,,,,,,,,,,,,,,,,,,,,,135777,,,,,,,,,,,,,,,,,,,,,,,,,,,,,,,,,,,,,,,,,,,,,,,
"SKU-1609202291","de_DE","FEBI Bilstein Ölfilter 32103 65mm für Peugeot, Citroën, Ford, Opel",,,,,,,,,,,,,,,,,,,,,,,,,,,,,,,,,,,"Oldtimer-Teil",,"Tuning- & Styling-Teil",,"Universelle Kompatibilität",,"Herstellergarantie",,"Material",,"Dichtungsmaterial",,"Gewindedurchmesser",,"Gütesiegel & Kennzeichnungen",,"Breite",,"Durchmesser",,"Länge",,"Montageart",,"Oberflächenbeschaffenheit",,"Vergleichsnummer",,"Einbauposition",,"Hersteller","febi bilstein","Produktart","Ölfilter","Im Lieferumfang enthalten","1x Ölfilter","Ursprungsland","Deutschland","Besonderheiten",,"Herstellernummer","32103","OE/OEM Referenznummer(n)","9818914980","Höhe","69",,,,,,,,,,,,,,,,,,,,,,,,,,33661,,,,,,,,,,,,,,,,,,,,,,,,,,,,,,,,,,,,,,,,,,,,,,,
"SKU-3756924465","de_DE","FEDOUR Heizstab HP-608 50W mit Temperaturregler für Süß- & Meerwasser 20-34°",,,,,,,,,,,,,,,,,,,,,,,,,,,,,,,,,,,"Anzahl der Einheiten",,"Maßeinheit",,"Produktart","Heizstab","Marke","Happet","Aquarienkapazität","50 L","Energieverbrauch","50 W","Herstellernummer","G050","Ursprungsland",,,,,,,,,,,,,,,,,,,,,,,,,,,,,,,,,,,,,,,,,,,,,,,,,,,,,,,,,177799,,,,,,,,,,,,,,,,,,,,,,,,,,,,,,,,,,,,,,,,,,,,,,,
"SKU-3166809997","de_DE","FIRE+ICE Herren Wintersporthose SCOTT3-T Schwarz Gr. M Wasserdicht Atmungsaktiv",,,,,,,,,,,,,,,,,,,,,,,,,,,,,,,,,,,"Marke","FIRE+ICE","Farbe","Schwarz","Geschlecht","Herren","Größe","M","Material","100% Polyester (recycelt)","Ursprungsland","Deutschland",,,,,,,,,,,,,,,,,,,,,,,,,,,,,,,,,,,,,,,,,,,,,,,,,,,,,,,,,,,,44660,,,,,,,,,,,,,,,,,,,,,,,,,,,,,,,,,,,,,,,,,,,,,,,
"SKU-4747629782","de_DE","Fitbit Fitness-Tracker GA05184-EU gps Coral Champagne Gold NEU",,,,,,,,,,,,,,,,,,,,,,,,,,,,,,,,,,,"Sprache",,"Bildschirmauflösung",,"Bildschirmgröße",,"Herstellergarantie",,"Messsystem",,"Anzahl der Einheiten",,"Anzahl der Teile",,"Indoor/Outdoor",,"Maßeinheit",,"Marke","Fitbit","Sportart/Aktivität","Laufen & Joggen","Modell","Fitbit Charge 6","Besonderheiten","GPS","Farbe","Orange","Für Betriebssysteme","Android","Abteilung","Unisex Erwachsene","Produktart","Activity Tracker","Sensoren","Optisches Bio-Tracking,GPS","Stromquelle","Batterien","Material","Silikon,Aluminium","Akkulaufzeit","Bis zu 7 Tagen","Verfügbare Messungen","Herzfrequenz,Kalorien","Ursprungsland",,"Körperbereich","Hand","Breite","18,5 cm","Gewicht","0,157 kg","Herstellernummer","GA05184-EU","Größe","S, L","Höhe","1,17 cm","Länge","38,6 cm",,,,,,,,,,,,179798,,,,,,,,,,,,,,,,,,,,,,,,,,,,,,,,,,,,,,,,,,,,,,,
"SKU-4802639881","de_DE","FITGRIFF Gewichthebergürtel: Maximale Stabilität & optimaler Rückenschutz",,,,,,,,,,,,,,,,,,,,,,,,,,,,,,,,,,,"Abteilung",,"Sportart/Aktivität",,"Herstellernummer",,"Breite",,"Gewicht",,"Anzahl der Einheiten",,"Maßeinheit",,"Anzahl der Teile",,"Durchmesser",,"Höhe",,"Länge",,"Set enthält",,"Produktart","Gewichthebergürtel","Material","Leder","Marke","FITGRIFF","Farbe","Schwarz","Besonderheiten","Rückenstütze, Stabilität","Modell","Classic Leather Belt","Ursprungsland",,,,,,,,,,,,,,,,,,,,,,,,,,,,,,,,,,,36155,,,,,,,,,,,,,,,,,,,,,,,,,,,,,,,,,,,,,,,,,,,,,,,
"SKU-7702312083","de_DE","Flamingo Nevada Cottage Vogelvoliere grau, wetterfest, 8 Sitzstangen, 2 Türen",,,,,,,,,,,,,,,,,,,,,,,,,,,,,,,,,,,"Altersempfehlung",,"Marke","Flamingo","Herstellernummer","110088","Ursprungsland",,,,,,,,,,,,,,,,,,,,,,,,,,,,,,,,,,,,,,,,,,,,,,,,,,,,,,,,,,,,,,,,,84988,,,,,,,,,,,,,,,,,,,,,,,,,,,,,,,,,,,,,,,,,,,,,,,
"SKU-9182883969","de_DE","FLENNOR Radlagersatz Vorderachse für Mercedes-Benz W140 C140 FR490971",,,,,,,,,,,,,,,,,,,,,,,,,,,,,,,,,,,"Anzahl der Radbolzen",,"Im Lieferumfang enthalten",,"Antiblockiersystem",,"Oldtimer-Teil",,"Material",,"Herstellergarantie",,"Tuning- & Styling-Teil",,"Universelle Kompatibilität",,"Flanschform",,"Oberflächenbeschaffenheit",,"Lochkreis",,"Bohrungsdurchmesser",,"Breite",,"Durchmesser (außen)",,"Durchmesser (innen)",,"Flanschdurchmesser",,"Flanscheinpresstiefe",,"Gewicht",,"Nabenführungsdurchmesser",,"Radbolzengröße",,"Vergleichsnummer",,"Zentrierdurchmesser",,"Produktart","Radlagersatz","Hersteller","Flennor","Einbauposition",,"Ursprungsland",,"Herstellernummer","FR490971","OE/OEM Referenznummer(n)","1403300051",,,,,,,,,,,,,,,,170141,,,,,,,,,,,,,,,,,,,,,,,,,,,,,,,,,,,,,,,,,,,,,,,
"SKU-2064038107","de_DE","FNTCASE Schutzhülle für Apple iPhone 16 Pro Grau Stoßfest MagSafe-kompatibel NEU",,,,,,,,,,,,,,,,,,,,,,,,,,,,,,,,,,,"Charakter",,"Version",,"Modellkompatibilität",,"Design/Oberfläche",,"Charakter Familie",,"Thema",,"Kabelloser Ladestandard",,"Personalisieren",,"Herstellernummer",,"Gewicht",,"Herstellergarantie",,"Anleitung für Personalisierung",,"Anzahl der Einheiten",,"Breite",,"Höhe",,"Länge",,"Maßeinheit",,"Marke","FNTCASE","Material",,"Produktart","Schutzhülle","Farbe","Grau","Inbegriffene Artikel","Schutzhülle","Markenkompatibilität","Für Apple","Besonderheiten",,"Ursprungsland",,,,,,,,,,,,,,,,,,,,,,,20349,,,,,,,,,,,,,,,,,,,,,,,,,,,,,,,,,,,,,,,,,,,,,,,
"SKU-4401248629","de_DE","Fries GmbH Deutschland Fan Schal – Zeigen Sie Ihre Unterstützung stilvoll",,,,,,,,,,,,,,,,,,,,,,,,,,,,,,,,,,,"Team",,"Marke",,"Modell",,"Herstellernummer",,"Produktart","Schal","Farbe","Schwarz, Rot, Gold","Ursprungsland","Deutschland",,,,,,,,,,,,,,,,,,,,,,,,,,,,,,,,,,,,,,,,,,,,,,,,,,,,,,,,,,2024,,,,,,,,,,,,,,,,,,,,,,,,,,,,,,,,,,,,,,,,,,,,,,,
"SKU-6835511556","de_DE","Funny Fashion Kostüm Gr. EU 44-46 Damen 100% Polyester Beige NEU",,,,,,,,,,,,,,,,,,,,,,,,,,,,,,,,,,,"Größenkategorie",,"Besonderheiten",,"Herstellernummer",,"Thema","Dschungel","Stil","Safari","Größe","EU 44-46","Farbe","Beige","Marke","Funny Fashion","Material","100% Polyester","Ursprungsland",,,,,,,,,,,,,,,,,,,,,,,,,,,,,,,,,,,,,,,,,,,,,,,,,,,,,53369,,,,,,,,,,,,,,,,,,,,,,,,,,,,,,,,,,,,,,,,,,,,,,,
"SKU-8151275535","de_DE","FUVSHU Matratzenstaubsauger – UV-Milbenkiller für tiefenreine Betten",,,,,,,,,,,,,,,,,,,,,,,,,,,,,,,,,,,"Mit/Ohne Beutel",,"Filter",,"Anschlussart",,"Leistung",,"Farbe",,"Enthaltenes Zubehör",,"Spannung",,"Laufzeit",,"Smart Home Kommunikationsprotokoll",,"Kapazität",,"Ladezeit",,"Smart Home Kompatibilität",,"Herstellergarantie",,"Herstellernummer",,"Schutzplan",,"Anzahl der Einheiten",,"Maßeinheit",,"Marke","FUVSHU","Produktart","Kompakt","Modell","BT-Y02","Besonderheiten","Kompakt","Ursprungsland",,"Gewicht","2",,,,,,,,,,,,,,,,,,,,,,,,,,20614,,,,,,,,,,,,,,,,,,,,,,,,,,,,,,,,,,,,,,,,,,,,,,,
"SKU-1000000007","de_DE","GANT Herren Hemd Capri Blau Gr. L Popeline 2423000714",,,,,,,,,,,,,,,,,,,,,,,,,,,,,,,,,,,"Anzahl der Einheiten",,"Farbe","Capri Blau","Marke","GANT","Größe","L","Geschlecht","Herren","Material","Popeline","Ursprungsland",,"Maßeinheit","L",,,,,,,,,,,,,,,,,,,,,,,,,,,,,,,,,,,,,,,,,,,,,,,,,,,,,,,,181375,,,,,,,,,,,,,,,,,,,,,,,,,,,,,,,,,,,,,,,,,,,,,,,
"SKU-2629282795","de_DE","Glosen Schubladenbox mit 7 Schubladen Silber H31,5x B35x T29,8cm Stahl",,,,,,,,,,,,,,,,,,,,,,,,,,,,,,,,,,,"Besonderheiten",,"Herstellernummer",,"Anzahl der Einheiten",,"Maßeinheit",,"Anzahl der Fächer",,"Produktart","Schubladenbox","Marke","Glosen","Ursprungsland",,,,,,,,,,,,,,,,,,,,,,,,,,,,,,,,,,,,,,,,,,,,,,,,,,,,,,,,,74345,,,,,,,,,,,,,,,,,,,,,,,,,,,,,,,,,,,,,,,,,,,,,,,
"SKU-2611077541","de_DE","Glossyautoparts Nockenwelle Motor für EBY-1000335-1342 OE 1342M",,,,,,,,,,,,,,,,,,,,,,,,,,,,,,,,,,,"Oberflächenbeschaffenheit",,"Anzahl der Einheiten",,"OE/OEM Referenznummer(n)",,"Vergleichsnummer",,"Hersteller","Glossyautoparts","Tuning- & Styling-Teil","Nein","Oldtimer-Teil","Nein","Universelle Kompatibilität","Nein","Herstellernummer","EBY-1000335-1342","Herstellergarantie","1 Jahr","Ursprungsland","China","Maßeinheit","Einheit",,,,,,,,,,,,,,,,,,,,,,,,,,,,,,,,,,,,,,,,,,,,,,,,61304,,,,,,,,,,,,,,,,,,,,,,,,,,,,,,,,,,,,,,,,,,,,,,,
"SKU-5599844775","de_DE","Goffii Montessori Lernspielzeug 230404041 Unisex Holz Mehrfarbig NEU",,,,,,,,,,,,,,,,,,,,,,,,,,,,,,,,,,,"Altersempfehlung",,"Lerninhalt",,"Herstellernummer",,"Marke","Goffii","Ursprungsland",,,,,,,,,,,,,,,,,,,,,,,,,,,,,,,,,,,,,,,,,,,,,,,,,,,,,,,,,,,,,,,125341,,,,,,,,,,,,,,,,,,,,,,,,,,,,,,,,,,,,,,,,,,,,,,,
"SKU-3704607179","de_DE","Goki Murmelbahn Klangkaskade Holzspielzeug Soundeffekte ab 3 Jahre Neu",,,,,,,,,,,,,,,,,,,,,,,,,,,,,,,,,,,"Marke","Goki","Altersempfehlung","Ab 3 Jahre","Herstellernummer","4013594537810","Ursprungsland","Deutschland",,,,,,,,,,,,,,,,,,,,,,,,,,,,,,,,,,,,,,,,,,,,,,,,,,,,,,,,,,,,,,,,136874,,,,,,,,,,,,,,,,,,,,,,,,,,,,,,,,,,,,,,,,,,,,,,,
"SKU-5764056320","de_DE","good morning Flanell Bettwäsche BERNARDUS Kariert Sand 155x220cm Baumwolle NEU",,,,,,,,,,,,,,,,,,,,,,,,,,,,,,,,,,,"Thema",,"Abteilung",,"Charakter Familie",,"Charakter",,"Stil",,"Länge",,"Breite",,"Form",,"Saison",,"Herstellergarantie",,"Gütesiegel & Kennzeichnungen",,"Fadenzahl",,"Personalisieren",,"Herstellernummer",,"Anzahl der Einheiten",,"GSM (Gramm pro Quadratmeter)",,"Maßeinheit",,"Modell",,"Produktlinie",,"Überhang",,"Anleitung für Personalisierung",,"Material","100% Baumwolle,Baumwollflanell","Marke","Good Morning","Anzahl der Teile","2","Futtermaterial","Baumwolle","Farbe","Beige","Füllmaterial","100% Baumwolle","Produktart","Bettwäsche-Set","Muster","Kariert","Ursprungsland","Pakistan",,,,,,,,,,,,37644,,,,,,,,,,,,,,,,,,,,,,,,,,,,,,,,,,,,,,,,,,,,,,,
"SKU-7909541265","de_DE","Grana Home Bratpfanne Classic Line 24 cm Antihaft Edelstahl Schwarz Neu",,,,,,,,,,,,,,,,,,,,,,,,,,,,,,,,,,,"Tiefe",,"Modell",,"Herstellernummer",,"Anzahl der Teile",,"Hitzebeständigkeit",,"Gewicht",,"Herstellergarantie",,"Anzahl der Einheiten",,"Maßeinheit",,"Marke","GAS","Produktart","Bratpfanne","Durchmesser","24 cm","Set enthält","1x Bratpfanne","Material","Aluminium,Edelstahl","Breite","24 cm","Höhe","24 cm","Länge","24 cm","Oberflächenbeschichtung","Edelstahl","Geeigneter Herdtyp","Induktion,Gas,Elektrisch","Ofenart","Elektrisch","Besonderheiten","Elektrisch","Form","Rund","Farbe","Schwarz","Ursprungsland",,,,,,,,,,,,,,,,,,,,,,,,,98845,,,,,,,,,,,,,,,,,,,,,,,,,,,,,,,,,,,,,,,,,,,,,,,
"SKU-1186485817","de_DE","GROHE BauLoop Einhand-Waschtischarmatur M-Size Chrom EcoJoy 23762000",,,,,,,,,,,,,,,,,,,,,,,,,,,,,,,,,,,"Anzahl der Armaturgriffe",,"Anzahl der Armaturlöcher",,"Anzahl pro Packung",,"Form",,"Zimmer",,"Griffart",,"Produktlinie",,"Stil",,"Breite",,"Herstellergarantie",,"Abstand der Armaturanschlüsse",,"Geeignet für",,"Installationsart",,"Länge",,"Auslaufhöhe",,"Gewicht",,"Gütesiegel & Kennzeichnungen",,"Anzahl der Einheiten",,"Im Lieferumfang enthalten",,"Maßeinheit",,"Montage erforderlich",,"Marke","GROHE","Hersteller","GROHE","Material","Messing","Farbe","Chrom","Finish","Messing","Produktart","Einhand-Waschtischarmatur","Besonderheiten","Zugstangen-Ablaufgarnitur","Ursprungsland",,"Höhe","17",,,,,,,,,,,,260557,,,,,,,,,,,,,,,,,,,,,,,,,,,,,,,,,,,,,,,,,,,,,,,
"SKU-3849647644","de_DE","GYMFORM AB Booster Plus - Klappbarer Ganzkörpertrainer für Fitness",,,,,,,,,,,,,,,,,,,,,,,,,,,,,,,,,,,"Anzahl der Programme",,"Anzahl der Benutzerprofile",,"Programme",,"Modelljahr",,"Herstellergarantie",,"Anzahl der Einheiten",,"Anzahl der Teile",,"Maximale Schrittlänge",,"Maßeinheit",,"Vintage",,"Marke","GYM FORM","Benutzerhöchstgewicht","120","Besonderheiten","Klappbar, Höhenverstellbar, Rutschfest, Verstellbar","Verwendungsbereich","Für den Heimgebrauch","Widerstandsart","Einstellbar","Produktart","Ergometer & Heimtrainer","Farbe","Schwarz, Grün","Sportart/Aktivität","Fitnessstudio & Training","Herstellernummer","VDPGYCIND0056","Modell","AB Booster Plus","Breite","80","Gewicht","9.00 kg","Material","Stahl, PVC","Verfügbare Messungen","Wiederholungen, Trainingszeit, Kalorienverbrauch","Länge","41","Höhe","112","Ursprungsland",,"Set enthält","1x Gymform® Ab Booster PLUS, 1x Gebrauchsanleitung,1x Trainingsanleitung, 1x Diätplan",,,,,,,,,,,,,,,,72602,,,,,,,,,,,,,,,,,,,,,,,,,,,,,,,,,,,,,,,,,,,,,,,
"SKU-4303462818","de_DE","GYS Rutil Elektrode 252 Herst.-Nr. 186005, Ø2,5mm, 4,6kg",,,,,,,,,,,,,,,,,,,,,,,,,,,,,,,,,,,"Material",,"Länge",,"Anzahl der Einheiten",,"Produktart","Lichtbogenschweißdraht","Marke","GYS","AWS-Klassifizierung","E6013","Herstellernummer","186005","Geeignet für","WIG/TIG-Schweißgeräte","Maßeinheit","kg","Ursprungsland",,,,,,,,,,,,,,,,,,,,,,,,,,,,,,,,,,,,,,,,,,,,,,,,,,,,,34097,,,,,,,,,,,,,,,,,,,,,,,,,,,,,,,,,,,,,,,,,,,,,,,
"SKU-7049665224","de_DE","H&M Damen Strickjacke Hellblau Eleganter Komfort für vielseitige Outfits",,,,,,,,,,,,,,,,,,,,,,,,,,,,,,,,,,,"Charakter",,"Thema",,"Akzente",,"Charakter Familie",,"Vintage",,"Personalisieren",,"Anleitung für Personalisierung",,"Anzahl der Einheiten",,"Herstellernummer",,"Maßeinheit",,"Stil","Strickjacke","Abteilung","Damen","Produktart","Pullover","Größe","XL","Marke","H&M","Material","Materialmix","Farbe","Blau","Gewebeart","Strick","Ausschnitt","Rundhalsausschnitt","Strickart","Feinstrick","Jahreszeit","Alle Jahreszeiten","Besonderheiten","Atmungsaktiv","Muster","Uni","Ärmellänge","Langarm","Ursprungsland",,"Anlass","Business,Freizeit","Passform","Regular","Größenkategorie","Normalgröße","Textilpflege","Maschinenwäsche","Ärmelart","Langarm",,,,,,,,,,,,63866,,,,,,,,,,,,,,,,,,,,,,,,,,,,,,,,,,,,,,,,,,,,,,,
"SKU-0280699295","de_DE","H&M Damen Strickpullover: Zeitloser Komfort für jeden Anlass",,,,,,,,,,,,,,,,,,,,,,,,,,,,,,,,,,,"Charakter",,"Thema",,"Akzente",,"Charakter Familie",,"Anleitung für Personalisierung",,"Anzahl der Einheiten",,"Herstellernummer",,"Stil","Pullover","Abteilung","Damen","Produktart","Pullover","Größe","M","Marke","H&M","Material","100% Baumwolle,Baumwolle","Farbe","Rot","Gewebeart","Strick","Ausschnitt","Rundhalsausschnitt","Strickart","Feinstrick","Jahreszeit","Frühling,Herbst,Sommer,Winter","Besonderheiten","Atmungsaktiv,Leichtgewicht","Muster","Ohne Muster","Ärmellänge","Langarm","Ursprungsland",,"Anlass","Freizeit","Passform","Regular","Größenkategorie","Normalgröße","Textilpflege","Maschinenwäsche","Ärmelart","Langarm","Vintage","Nein","Personalisieren","Nein","Maßeinheit","m",,,,,,,,,,,,63866,,,,,,,,,,,,,,,,,,,,,,,,,,,,,,,,,,,,,,,,,,,,,,,
"SKU-2454152281","de_DE","H&M HOME Wandspiegel Rund 19mm 500mm Schwarz NEU",,,,,,,,,,,,,,,,,,,,,,,,,,,,,,,,,,,"Herstellernummer",,"Material",,"Rahmenmaterial",,"Design",,"Anzahl der Einheiten",,"Maßeinheit",,"Form","Rund","Marke","H&M HOME","Art","Wandspiegel","Rahmenfarbe","Schwarz","Ursprungsland",,,,,,,,,,,,,,,,,,,,,,,,,,,,,,,,,,,,,,,,,,,,,,,,,,,74173,,,,,,,,,,,,,,,,,,,,,,,,,,,,,,,,,,,,,,,,,,,,,,,
"SKU-2633108165","de_DE","Hagelschutzplane für PKW Größe S 5mm wasserabweisend 30973 Hagelschutzp",,,,,,,,,,,,,,,,,,,,,,,,,,,,,,,,,,,"Zielgruppe",,"Referenznummer(n) OE",,"Referenznummer(n) OEM",,"Herstellergarantie",,"Saison",,"Anzahl der Einheiten",,"Maßeinheit",,"Weitere Artikelnummer",,"Marke","WALSER","Größe","S","Farbe","Silber","Material","Wasserdichter Oberstoff, Neoprenschaumstoff, Vlies","Ursprungsland",,"Herstellernummer","30973",,,,,,,,,,,,,,,,,,,,,,,,,,,,,,,,,,,,,,,,,,,,6753,,,,,,,,,,,,,,,,,,,,,,,,,,,,,,,,,,,,,,,,,,,,,,,
"SKU-6856686072","de_DE","Hansgrohe Crometta 85 Vario Brauseset 90cm Brausestange Chrom",,,,,,,,,,,,,,,,,,,,,,,,,,,,,,,,,,,"Duschkopfart",,"Geeignet für",,"Anzahl der Strahlarten",,"Anzahl der Armaturlöcher",,"Duschkopfform",,"Strahlarten",,"Anzahl der Duschköpfe",,"Zimmer",,"Abstand der Armaturanschlüsse",,"Installationsart",,"Breite",,"Duschkopfgröße",,"Duschkopf inbegriffen",,"Im Lieferumfang enthalten",,"Wasserzufuhr",,"Herstellergarantie",,"Höhe",,"Stil",,"Minimaler Druck",,"Nennleistung",,"Gütesiegel & Kennzeichnungen",,"Anzahl der Einheiten",,"Durchflussmenge",,"Maßeinheit",,"Montage erforderlich",,"Marke","Hansgrohe","Besonderheiten","Wandmontage,3 Strahlarten,Massagefunktion,2 Strahlarten,Mehrfach-Position","Produktart","Brauseset","Farbe","Chrom","Hersteller","Hansgrohe",,,,,,,,,,,,71282,,,,,,,,,,,,,,,,,,,,,,,,,,,,,,,,,,,,,,,,,,,,,,,
"SKU-4961180992","de_DE","Hartmann MoliCare Premium Form Extra Plus 6 Tropfen Inkontinenzeinlagen 32 Stück",,,,,,,,,,,,,,,,,,,,,,,,,,,,,,,,,,,"Besonderheiten",,"Breite",,"Höhe",,"Länge",,"Kapazität",,"Herstellergarantie",,"Ablaufdatum",,"Maßeinheit",,"Marke","Hartmann","Produktart","Einlagen","Größe","Universal","Saugfähigkeit","Mittel","Abteilung","Unisex","Modell","Hartmann MoliCare Premium Form","Material","Vlies, Zellstoff, Superabsorber","Farbe","Weiß","Ursprungsland",,"Herstellernummer","1684060","Anzahl der Einheiten","32",,,,,,,,,,,,,,,,,,,,,,,,,,,,,,,,,,36440,,,,,,,,,,,,,,,,,,,,,,,,,,,,,,,,,,,,,,,,,,,,,,,
"SKU-7667739358","de_DE","Hartmann MoliCare Premium Mobile 6 Tropfen Schutzhose Gr. XL, 56 Stück",,,,,,,,,,,,,,,,,,,,,,,,,,,,,,,,,,,"Besonderheiten",,"Breite",,"Höhe",,"Kapazität",,"Herstellergarantie",,"Ablaufdatum",,"Maßeinheit",,"Anzahl der Einheiten",,"Marke","Hartmann","Produktart","Inkontinenzhosen","Größe","XL","Saugfähigkeit","Mittel,Super","Abteilung","Damen,Herren,Unisex","Modell","Hartmann MoliCare Premium Mobile","Material","Baumwolle,Elasthan,Kunststoff","Farbe","Weiß","Länge","Mittel","Ursprungsland",,"Herstellernummer","13506505",,,,,,,,,,,,,,,,,,,,,,,,,,,,,,,,,,36440,,,,,,,,,,,,,,,,,,,,,,,,,,,,,,,,,,,,,,,,,,,,,,,
"SKU-4885995332","de_DE","Heidelberger BETTWAREN Bettdecke Grönland: Luxuriös warm & klimaregulierend",,,,,,,,,,,,,,,,,,,,,,,,,,,,,,,,,,,"Set enthält",,"TOG-Wert",,"Abteilung",,"Anleitung für Personalisierung",,"Anzahl der Einheiten",,"Anzahl der Teile",,"Besonderheiten",,"Fadenzahl",,"Füllstärke",,"GSM (Gramm pro Quadratmeter)",,"Gütesiegel & Kennzeichnungen",,"Maßeinheit",,"Personalisieren",,"Produktlinie",,"Produktart","Bettdecke","Wärmestufe","Warm","Marke","Heidelberger BETTWAREN","Material",,"Füllmaterial","100% recycelte Polyester-Hohlfaser","Größe","Doppelbett","Breite","135 cm","Farbe","Weiß","Herstellernummer","805067","Länge","200 cm","Pflegeanleitung",,"Ursprungsland","Grönland","Modell","Grönland","Zimmer","Schlafzimmer",,,,,,,,,,,,,,,,262978,,,,,,,,,,,,,,,,,,,,,,,,,,,,,,,,,,,,,,,,,,,,,,,
"SKU-1566313678","de_DE","Heike Faller: Hundert, Was du im Leben lernen wirst. Zeitlose Lebensweisheiten",,,,,,,,,,,,,,,,,,,,,,,,,,,,,,,,,,,"Thematik",,"Buchreihe",,"Signiert von",,"Literarische Gattung",,"Zielgruppe",,"Literarische Bewegung",,"Vintage",,"Signiert",,"Personalisiert",,"Beschriftet",,"Personalisieren",,"Exlibris",,"Besonderheiten",,"Epoche",,"Herstellungszeitraum",,"Anzahl der Einheiten",,"Maßeinheit",,"Anleitung für Personalisierung",,"Autor","Heike Faller","Sprache","Deutsch","Genre","Verstand, Körper & Geist","Verlag","Kein + aber,Kein & aber","Erscheinungsjahr","2018","Originalsprache","Deutsch","Format","Gebundene Ausgabe","Ursprungsland",,"Produktart","Bilderbuch","Buchtitel","Hundert","Ausgabe","2","Illustrator","Valerio Vidali",,,,,,,,,,,,261186,,,,,,,,,,,,,,,,,,,,,,,,,,,,,,,,,,,,,,,,,,,,,,,
"SKU-2123165909","de_DE","HLI Schubladenschienen Vollauszug für maximalen Zugriff & Komfort",,,,,,,,,,,,,,,,,,,,,,,,,,,,,,,,,,,"Höhe",,"Breite",,"Anzahl pro Packung",,"Auszugslänge",,"Länge",,"Herstellernummer",,"Anzahl der Einheiten",,"Herstellergarantie",,"Marke","HLI","Produktart",,"Material","Metall","Farbe","Silber","Ursprungsland",,"Stil","Modern","Maßeinheit",,,,,,,,,,,,,,,,,,,,,,,,,,,,,,,,,,,,,,,,,,,134642,,,,,,,,,,,,,,,,,,,,,,,,,,,,,,,,,,,,,,,,,,,,,,,
"SKU-3023625088","de_DE","Hochwertiges 15-tlg Gewindereparaturset M14x1,5 Werkzeugsatz für Reparaturen",,,,,,,,,,,,,,,,,,,,,,,,,,,,,,,,,,,"Herstellernummer",,"Ablaufdatum",,"Anzahl der Einheiten",,"Maßeinheit",,"Marke","Markenlos","Produktart","Gewindereparaturset","Ursprungsland",,,,,,,,,,,,,,,,,,,,,,,,,,,,,,,,,,,,,,,,,,,,,,,,,,,,,,,,,,,11704,,,,,,,,,,,,,,,,,,,,,,,,,,,,,,,,,,,,,,,,,,,,,,,
"SKU-2561166298","de_DE","Hodalump Herren Geldbörse: Vintage Leder, RFID Schutz & 12 Kartenfächer",,,,,,,,,,,,,,,,,,,,,,,,,,,,,,,,,,,"Thema",,"Charakter",,"Akzente",,"Gewebeart",,"Anleitung für Personalisierung",,"Anzahl der Einheiten",,"Herstellernummer",,"Herstellungsjahr",,"Maßeinheit",,"Abteilung","Herren","Produktart","Geldbörse","Marke","Hodalump","Material","Echtleder","Farbe","Braun","Stil","Standard/Klassisch","Besonderheiten","Faltbar,RFID-Blockierung","Ursprungsland",,"Muster","Ohne Muster","Vintage","Ja","Handgefertigt","Nein","Personalisieren","Nein",,,,,,,,,,,,,,,,,,,,,,,,,,,,,,2996,,,,,,,,,,,,,,,,,,,,,,,,,,,,,,,,,,,,,,,,,,,,,,,
"SKU-1964286581","de_DE","Höfner Carmencita HC504 - 7/8 Konzertgitarre",,,,,,,,,,,,,,,,,,,,,,,,,,,,,,,,,,,"Korpusform",,"Anzahl der Bünde",,"Händigkeit",,"Modelljahr",,"Korpusfarbe",,"Serie",,"Griffbrettmaterial",,"Halsmaterial",,"Saitenkonfiguration",,"Modell",,"Set enthält",,"Marke","Höfner","Produktart","Konzertgitarre","Größe","7/8","Ursprungsland",,"Korpusmaterial",,"Erfahrungsniveau","Anfänger, Fortgeschrittene","Herstellernummer","HC504-7/8","Anzahl der Einheiten","1","Maßeinheit","Stück",,,,,,,,,,,,,,,,,,,,,,,,,,,,,,,,119544,,,,,,,,,,,,,,,,,,,,,,,,,,,,,,,,,,,,,,,,,,,,,,,
"SKU-9968230318","de_DE","HOLA KIT Reifenreparaturset 22-teilig für PKW, Motorrad, ATV, SUV HKDB02",,,,,,,,,,,,,,,,,,,,,,,,,,,,,,,,,,,"Einbauposition",,"Oldtimer-Teil",,"Oberflächenbeschaffenheit",,"Tuning- & Styling-Teil",,"Personalisieren",,"Universelle Kompatibilität",,"Herstellernummer",,"OE/OEM Referenznummer(n)",,"Anzahl der Einheiten",,"Anleitung für Personalisierung",,"Vergleichsnummer",,"Hersteller","HOLA KIT","Maßeinheit","kg","Ursprungsland",,"Herstellergarantie","2 Jahre",,,,,,,,,,,,,,,,,,,,,,,,,,,,,,,,,,,,,,,,,,9886,,,,,,,,,,,,,,,,,,,,,,,,,,,,,,,,,,,,,,,,,,,,,,,
"SKU-5687802687","de_DE","Homerella Badewanneneinlage rutschfest sicherer Stand 88x39 cm",,,,,,,,,,,,,,,,,,,,,,,,,,,,,,,,,,,"Geeignet für",,"Form",,"Muster",,"Anzahl pro Packung",,"Zimmer",,"Hersteller",,"Thema",,"Charakter Familie",,"Charakter",,"Durchmesser",,"Gewicht",,"Herstellernummer",,"Anzahl der Einheiten",,"Maßeinheit",,"Farbe","Weiß","Marke","Homerella","Produktart","Badewanneneinlage/-matte","Breite","39 cm","Material","Gemischtes Material","Höhe","39 cm","Länge","88 cm","Besonderheiten",,"Ursprungsland",,"Set enthält",,,,,,,,,,,,,,,,,,,,,,,,,66722,,,,,,,,,,,,,,,,,,,,,,,,,,,,,,,,,,,,,,,,,,,,,,,
"SKU-2472780726","de_DE","HOSIM X15 RC Buggy 1:10 4WD Brushless 70 km/h - Offroad Abenteuer",,,,,,,,,,,,,,,,,,,,,,,,,,,,,,,,,,,"Nachbildung von",,"Produktlinie",,"Eigenschaften",,"Material",,"Vintage",,"Marke","HOSIM","Produktart","Ferngesteuertes Auto","Maßstab","1:10","Kraftstoff","Benzin","Modell","X15","Motorart","Brushless","Empfohlenes Gelände","Offroad","Antrieb","4WD (Allradantrieb)","Montagezustand","Unmontierter Bausatz/Kit","Farbe","Bunt","Modellbauklasse","Hobby-Level","Herstellernummer","B0DSHFTR1M","Ursprungsland","CN",,,,,,,,,,,,,,,,,,,,,,,,,,,,,,,,,,,,182183,,,,,,,,,,,,,,,,,,,,,,,,,,,,,,,,,,,,,,,,,,,,,,,
"SKU-9671499764","de_DE","House Nordic Servierwagen Noel",,,,,,,,,,,,,,,,,,,,,,,,,,,,,,,,,,,"Herstellernummer",,"Stil",,"Anzahl der Regale",,"Belastbarkeit",,"Anzahl der Einheiten",,"Maßeinheit",,"Material","Metall","Marke","House Nordic","Ursprungsland",,,,,,,,,,,,,,,,,,,,,,,,,,,,,,,,,,,,,,,,,,,,,,,,,,,,,,,258697,,,,,,,,,,,,,,,,,,,,,,,,,,,,,,,,,,,,,,,,,,,,,,,
"SKU-3010724612","de_DE","HUGO BOSS Jeans Gr. 36/32 Herren Schwarz NEU",,,,,,,,,,,,,,,,,,,,,,,,,,,,,,,,,,,"Besonderheiten",,"Produktlinie",,"Gewebeart",,"Thema",,"Material",,"Verschluss",,"Größenkategorie",,"Jahreszeit",,"Akzente",,"Muster",,"Vintage",,"Waschung",,"Taschenart",,"Handgefertigt",,"Personalisieren",,"Anleitung für Personalisierung",,"Anzahl der Einheiten",,"Bundhöhe",,"Herstellernummer",,"Maßeinheit",,"Größe","36/32","Produktart","Jeans","Marke","HUGO BOSS","Abteilung","Herren","Farbe","Schwarz","Passform","Slim Fit","Modell","P-Delaware3-1-20","Taillenumfang","32 in","Stil","Gerades Bein","Ursprungsland",,,,,,,,,,,,,11483,,,,,,,,,,,,,,,,,,,,,,,,,,,,,,,,,,,,,,,,,,,,,,,
"SKU-5749801311","de_DE","HUGO Damen Blazer Antega Gr.36 – Taillierter Business-Jerseyblazer in Grün",,,,,,,,,,,,,,,,,,,,,,,,,,,,,,,,,,,"Gewebeart",,"Anzahl der Teile",,"Jahreszeit",,"Jackenschnitt",,"Passform",,"Ärmellänge",,"Brustumfang",,"Schrittlänge",,"Jackenrevers-Form",,"Jackenärmel-Knopfart",,"Knöpfung der Jacke",,"Taillenumfang",,"Textilpflege",,"Anleitung für Personalisierung",,"Stil","Smoking","Abteilung","Damen","Größe","36","Marke","HUGO BOSS","Produktart","Blazer","Farbe","Grün","Anlass","Berufskleidung,Business,Elegant,Freizeit,Hochzeit,Party/Cocktail","Thema","Hochzeit","Set enthält","Jacke","Material","Elastan 5%, Polyester 64%, Viskose 31%","Muster","Tailliert","Futtermaterial",,"Größenkategorie","Normalgröße","Jacken-/Mantellänge","Normal","Besonderheiten","Gefüttert","Ursprungsland","Deutschland",,,,,,,,,,,,63865,,,,,,,,,,,,,,,,,,,,,,,,,,,,,,,,,,,,,,,,,,,,,,,
"SKU-2005525534","de_DE","Hunkemöller Shapewear Body Damen Gr. M Schwarz NEU",,,,,,,,,,,,,,,,,,,,,,,,,,,,,,,,,,,"Gewebeart",,"Bügelart",,"Besonderheiten",,"Thema",,"Charakter",,"Akzente",,"Transparenz",,"Muster",,"Anzahl pro Packung",,"Größenkategorie",,"Personalisieren",,"Vintage",,"Kompressionsstufe",,"Herstellernummer",,"Anleitung für Personalisierung",,"Produktart","Body","Marke","Hunkemöller","Abteilung","Damen","Unterbrustumfang","M","Farbe","Schwarz","Körbchengröße","M","Größe","M","Material","100% Polyamid","Stil","Einteiler","Kompressionszone","Bauch","Ursprungsland",,"Textilpflege","Maschinenwäsche",,,,,,,,,,,,,,,,,,45279,,,,,,,,,,,,,,,,,,,,,,,,,,,,,,,,,,,,,,,,,,,,,,,
"SKU-1031821522","de_DE","Idea Factory Little Witch Nobeta Nintendo Switch Action-RPG Day One Edition",,,,,,,,,,,,,,,,,,,,,,,,,,,,,,,,,,,"Videospiel-Serie",,"Erscheinungsjahr",,"Besonderheiten",,"Subgenre",,"USK-Einstufung",,"Herstellernummer",,"Anzahl der Einheiten",,"Maßeinheit",,"Herstellergarantie",,"Spielname","Little Witch Nobeta","Herausgeber","Idea Factory","Plattform","Nintendo Switch","Ursprungsland",,"Genre","Action-RPG","Regionalcode","PAL",,,,,,,,,,,,,,,,,,,,,,,,,,,,,,,,,,,,,,,,,,139973,,,,,,,,,,,,,,,,,,,,,,,,,,,,,,,,,,,,,,,,,,,,,,,
"SKU-8310896573","de_DE","IKEA Pendelleuchte mit blendfreiem Licht für Esstisch und Küche",,,,,,,,,,,,,,,,,,,,,,,,,,,,,,,,,,,"Beleuchtungstechnik",,"Abteilung",,"Herstellernummer",,"Steuerungsart",,"Stromquelle",,"EEK Spektrum",,"Energieeffizienzklasse",,"Personalisieren",,"Anzahl der Einheiten",,"Anzahl der Einstellungen",,"Ausgangsspannung",,"Besonderheiten",,"Charakter",,"Charakter Familie",,"Energieverbrauch",,"Farbtemperatur",,"Finish",,"Gewicht",,"Glühbirnensockel",,"Gütesiegel & Kennzeichnungen",,"Hersteller",,"Herstellergarantie",,"Herstellungsjahr",,"Lebensdauer der Glühbirne",,"Lichtstrom",,"Maßeinheit",,"Modell",,"Muster",,"Produktlinie",,"Schirmform",,,,,,,,,,,,,112581,,,,,,,,,,,,,,,,,,,,,,,,,,,,,,,,,,,,,,,,,,,,,,,
"SKU-4762036663","de_DE","intelamp Solarleuchte YL005-16A LED Außenleuchte Bewegungsmelder Garten Neu",,,,,,,,,,,,,,,,,,,,,,,,,,,,,,,,,,,"Material",,"Finish",,"Anzahl der Lichter",,"Lichtfarbe",,"Farbe",,"Glühbirnensockel",,"Stil",,"Durchmesser",,"Spannung",,"Schutzart",,"Größe",,"Smart Home Kompatibilität",,"Energieeffizienzklasse",,"Lichtstrom",,"Energieverbrauch",,"Herstellernummer",,"EEK Spektrum",,"Anzahl der Einheiten",,"Maßeinheit",,"Anzahl der Einstellungen",,"Breite",,"Farbtemperatur",,"Gewicht",,"Gütesiegel & Kennzeichnungen",,"Höhe",,"Lebensdauer der Glühbirne",,"Länge",,"Marke","intelamp","Stromquelle","Solarbetrieben","Produktart","Solarleuchte",,,,,,,,,,,,94940,,,,,,,,,,,,,,,,,,,,,,,,,,,,,,,,,,,,,,,,,,,,,,,
"SKU-1651705310","de_DE","INTRATEC CEE Starkstromstecker 32A IP67 5-polig 400V 6h Neu",,,,,,,,,,,,,,,,,,,,,,,,,,,,,,,,,,,"Anzahl der Steckdosen",,"Besonderheiten",,"Anzahl der Einheiten",,"Maßeinheit",,"Ausgangsspannung",,"Eingangsspannung",,"Maximale kompatible Gerätewattzahl",,"Maximaler Eingangsstrom",,"Smart Home Kommunikationsprotokoll",,"Smart Home Kompatibilität",,"Spannungsumwandlung",,"Stecker-Typ",,"Kabellänge",,"Herstellergarantie",,"Beständigkeitseigenschaft",,"Empfohlene Umgebung",,"Marke","INTRATEC","Farbe","Grau","Material","Polyamid","Produktart","Elektrischer Stecker","Herstellernummer","MKCEES5-67-32A-P","Ursprungsland",,,,,,,,,,,,,,,,,,,,,,,,,,,,,73135,,,,,,,,,,,,,,,,,,,,,,,,,,,,,,,,,,,,,,,,,,,,,,,
"SKU-9289261489","de_DE","Isabel Abedi – Lola Löwenherz Kinderbuch Abenteuer 2007 Gebundene Ausgabe Neu",,,,,,,,,,,,,,,,,,,,,,,,,,,,,,,,,,,"Thematik",,"Produktart",,"Signiert von",,"Literarische Gattung",,"Zielgruppe",,"Ausgabe",,"Literarische Bewegung",,"Vintage",,"Signiert",,"Personalisiert",,"Beschriftet",,"Personalisieren",,"Exlibris",,"Besonderheiten",,"Epoche",,"Herstellungszeitraum",,"Anzahl der Einheiten",,"Maßeinheit",,"Anleitung für Personalisierung",,"Autor","Isabel Abedi","Sprache","Deutsch","Buchreihe","Lola","Genre","Abenteuer","Verlag","Loewe,Loewe Verlag Gmbh","Erscheinungsjahr","2007","Originalsprache","Deutsch","Format","Gebundene Ausgabe","Ursprungsland",,"Buchtitel","Lola Löwenherz","Illustrator","Dagmar Henze",,,,,,,,,,,,261186,,,,,,,,,,,,,,,,,,,,,,,,,,,,,,,,,,,,,,,,,,,,,,,
"SKU-5094533501","de_DE","IsolBau Leinöl-Firnis 5L NEU",,,,,,,,,,,,,,,,,,,,,,,,,,,,,,,,,,,"Deckkraft",,"Nassabriebbeständigkeit",,"Farbe & Grundierung in einem",,"Farbbasis",,"Herstellernummer",,"Maßeinheit",,"Anzahl der Einheiten",,"Abdeckung",,"Herstellergarantie",,"Minimale Verarbeitungstemperatur",,"Farbe","Transparent","Marke","IsolBau","Verarbeitung","Farbe","Produktart","Innen/Außen","Materialbasis","Öl-basierend","Geeignet für","Holz","Behältergröße","0,5 L","Besonderheiten","Für Außen","Zimmer","Geeignet für alle Zimmer","Glanzgrad","Glanzlos","Verpackung","Eimer","Schutzeigenschaft","Feuchtigkeitsbeständig","Ursprungsland",,"Trockendauer","90 Min","Überstreichbar nach ca.","180 Min",,,,,,,,,,,,,,,,,,,,,,180164,,,,,,,,,,,,,,,,,,,,,,,,,,,,,,,,,,,,,,,,,,,,,,,
"SKU-7334344420","de_DE","JACK JONES Socken Gr. Einheitsgröße Herren Schwarz NEU",,,,,,,,,,,,,,,,,,,,,,,,,,,,,,,,,,,"Herstellernummer",,"Anzahl der Einheiten",,"Maßeinheit",,"Besonderheiten",,"Denier",,"Größenkategorie",,"Stil",,"Thema",,"Produktart","Socken","Marke","JACK & JONES","Ursprungsland",,"Anlass","Freizeit","Farbe","Schwarz","Geschlecht","Herren","Größe","Einheitsgröße","Material","72% Baumwolle, 26% Polyester, 2% Elasthan","Muster","Uni","Textilpflege","Maschinenwäsche bei 40°C",,,,,,,,,,,,,,,,,,,,,,,,,,,,,,,,,,,,40519,,,,,,,,,,,,,,,,,,,,,,,,,,,,,,,,,,,,,,,,,,,,,,,
"SKU-2733489996","de_DE","Jack Wolfskin Outdoorjacke Gr. 3xL Herren Black Olive NEU",,,,,,,,,,,,,,,,,,,,,,,,,,,,,,,,,,,"Jahreszeit",,"Thema",,"Produktlinie",,"Anlass",,"Wärmegrad",,"Brustumfang",,"Anleitung für Personalisierung",,"Anzahl der Einheiten",,"Abteilung","Herren","Marke","Jack Wolfskin","Produktart","Jacke","Größe","3XL","Stil","3-in-1-Funktionsjacke","Farbe","Grün","Außenmaterial","Polyester","Futtermaterial","Polyester","Besonderheiten","Wasserdicht","Gewebeart","Fleece","Ursprungsland",,"Modell","Altenberg 3in1 Jkt M","Isoliermaterial","Synthetik","Jacken-/Mantellänge","Halblang","Verschluss","Reißverschluss","Muster","Ohne Muster","Akzente","Reißverschluss","Aktivität","Wandern","Passform","Regular","Kragenart","Stehkragen","Vintage","Nein","Handgefertigt","Nein",,,,,,,,,,,,57988,,,,,,,,,,,,,,,,,,,,,,,,,,,,,,,,,,,,,,,,,,,,,,,
"SKU-1769600457","de_DE","Jesebang In-Ear Kopfhörer YT18 Schwarz NEU True Wireless Bluetooth 5.3",,,,,,,,,,,,,,,,,,,,,,,,,,,,,,,,,,,"Kabellänge",,"Frequenzband",,"Treibergröße",,"Herstellungsjahr",,"Herstellergarantie",,"Herstellernummer",,"Maßeinheit",,"Ladebereich des Geräts",,"Anleitung für Personalisierung",,"Frequenzbereich",,"Marke","Jesebang","Konnektivität","Kabellos","Kabellose Technologie","Bluetooth","Modell","YT18","Produktart","In-Ear Kopfhörer","Mikrofontyp","Integriertes Mikrofon","Formfaktor","In-Ear","Farbe","Schwarz","Besonderheiten","Kabellos","Impedanz","50 Ohm","Geeignet für","Hi-Fi, Sport, Laufen","Ursprungsland",,"Anzahl der Ohrhörer","2","Inklusive Ladegerät","Ja","Personalisieren","Ja","Anzahl der Einheiten","1",,,,,,,,,,,,,,,,,,,,112529,,,,,,,,,,,,,,,,,,,,,,,,,,,,,,,,,,,,,,,,,,,,,,,
"SKU-6511282128","de_DE","JMIYAV Gaming Mauspad FGD-02 JD-80 Rosa Mikrofaser Gr. 300 mm",,,,,,,,,,,,,,,,,,,,,,,,,,,,,,,,,,,"Design",,"Personalisieren",,"Herstellernummer",,"Anzahl der Einheiten",,"Maßeinheit",,"Material",,"Herstellergarantie",,"Anleitung für Personalisierung",,"Breite",,"Höhe",,"Länge",,"Produktart","Mauspad","Besonderheiten","Gaming","Marke","JMIYAV","Farbe","Rosa","Ursprungsland",,,,,,,,,,,,,,,,,,,,,,,,,,,,,,,,,,,,,,,,,23895,,,,,,,,,,,,,,,,,,,,,,,,,,,,,,,,,,,,,,,,,,,,,,,
"SKU-4069701323","de_DE","Jolly Superstars Duo Fassermaler Set - 24 Farben, Auswaschbar, Ab 3 Jahren",,,,,,,,,,,,,,,,,,,,,,,,,,,,,,,,,,,"Stärke",,"Subtyp",,"Maßeinheit",,"Marke","Jolly","Schreibfarbe","Gemischte Farben","Besonderheiten","Doppelseitig, Auswaschbar","Herstellernummer","44250002","Anzahl der Einheiten","1","Ursprungsland",,,,,,,,,,,,,,,,,,,,,,,,,,,,,,,,,,,,,,,,,,,,,,,,,,,,,,,127616,,,,,,,,,,,,,,,,,,,,,,,,,,,,,,,,,,,,,,,,,,,,,,,
"SKU-9454243198","de_DE","Jolly Superwaxies Aqua Wachsmalstifte, wasservermalbar, 10 Farben",,,,,,,,,,,,,,,,,,,,,,,,,,,,,,,,,,,"Produktart",,"Marke",,"Schreibfarbe",,"Herstellernummer",,"Anzahl der Einheiten",,"Maßeinheit",,"Wasservermalbar",,"Ursprungsland",,,,,,,,,,,,,,,,,,,,,,,,,,,,,,,,,,,,,,,,,,,,,,,,,,,,,,,,,136240,,,,,,,,,,,,,,,,,,,,,,,,,,,,,,,,,,,,,,,,,,,,,,,
"SKU-9037226717","de_DE","JOSE TORRES Gitarrenhülle JTB-100 für Klassische Konzertgitarren 4/4 Schwarz NEU",,,,,,,,,,,,,,,,,,,,,,,,,,,,,,,,,,,"Korpusform",,"Anzahl der Bünde",,"Korpusmaterial",,"Händigkeit",,"Modelljahr",,"Erfahrungsniveau",,"Griffbrettmaterial",,"Halsmaterial",,"Saitenkonfiguration",,"Set enthält",,"Anzahl der Einheiten",,"Maßeinheit",,"Marke","JOSE TORRES","Produktart","Gitarrenhülle","Größe","4/4","Ursprungsland",,"Korpusfarbe","Schwarz","Serie","JTB","Modell","JTB-100","Herstellernummer","047353",,,,,,,,,,,,,,,,,,,,,,,,,,,,,,,,119544,,,,,,,,,,,,,,,,,,,,,,,,,,,,,,,,,,,,,,,,,,,,,,,
"SKU-5437386727","de_DE","JPN Radlagersatz Vorderachse für KIA Sportage SL, 10L0503-JPN",,,,,,,,,,,,,,,,,,,,,,,,,,,,,,,,,,,"Anzahl der Radbolzen",,"Im Lieferumfang enthalten",,"Herstellergarantie",,"Flanschform",,"Oberflächenbeschaffenheit",,"Lochkreis",,"Bohrungsdurchmesser",,"Durchmesser (außen)",,"Durchmesser (innen)",,"Flanschdurchmesser",,"Flanscheinpresstiefe",,"Nabenführungsdurchmesser",,"Radbolzengröße",,"Vergleichsnummer",,"Zentrierdurchmesser",,"Produktart","Radlager","Hersteller","JPN","Einbauposition","Vorderachse","Antiblockiersystem","Nein","Oldtimer-Teil","Nein","Material","Baustahl","Ursprungsland",,"Tuning- & Styling-Teil","Nein","Universelle Kompatibilität","Nein","Herstellernummer","10L0503-JPN","OE/OEM Referenznummer(n)","A.B.S.: 200923, BLUE PRINT: ADG08207, FEBI BILSTEIN: 172778,GSP: GK6891","Breite","1 Zoll","Gewicht","1",,,,,,,,,,,,,,,,170141,,,,,,,,,,,,,,,,,,,,,,,,,,,,,,,,,,,,,,,,,,,,,,,
"SKU-0411747828","de_DE","JURID Bremsbelagsatz Hinterachse für BMW 1er 2er 3er ECE R90 573429J",,,,,,,,,,,,,,,,,,,,,,,,,,,,,,,,,,,"Teilebereich Antrieb",,"Modell",,"Teilebereich Aufbau & Ladefläche",,"Teilebereich Autoelektrik",,"Referenznummer(n) OE",,"Teilebereich Abgasanlage",,"Referenznummer(n) OEM",,"Herstellergarantie",,"Teilebereich Karosserie",,"Teilebereich Innenausstattung",,"Leuchtenart",,"Gurtkapazität",,"Reifenart",,"Zollgröße",,"Anzahl der Einheiten",,"Maßeinheit",,"Weitere Artikelnummer",,"Hersteller","BMW","Teilebereich Bremse & Bremsteil","Bremsbelag","Fahrzeugmarke","BMW","Herstellernummer","573429J","Produktart","Bremse & Bremsteil","Teilebereich Fahrwerk",,"Ursprungsland",,"Präzise Produktart","Bremse & Bremsteil",,,,,,,,,,,,,,,,,,,,,,75975,,,,,,,,,,,,,,,,,,,,,,,,,,,,,,,,,,,,,,,,,,,,,,,
"SKU-3086033338","de_DE","JURID Bremsbelagsatz Vorderachse 18.3mm für BMW 1er-4er MPN 573602J",,,,,,,,,,,,,,,,,,,,,,,,,,,,,,,,,,,"Teilebereich Antrieb",,"Modell",,"Teilebereich Aufbau & Ladefläche",,"Teilebereich Autoelektrik",,"Referenznummer(n) OE",,"Teilebereich Abgasanlage",,"Referenznummer(n) OEM",,"Herstellergarantie",,"Teilebereich Fahrwerk",,"Teilebereich Karosserie",,"Teilebereich Innenausstattung",,"Leuchtenart",,"Gurtkapazität",,"Reifenart",,"Zollgröße",,"Anzahl der Einheiten",,"Maßeinheit",,"Weitere Artikelnummer",,"Hersteller","JURID","Teilebereich Bremse & Bremsteil","Bremsbelag","Fahrzeugmarke","BMW","Herstellernummer","573602J","Produktart","Bremse & Bremsteil","Ursprungsland",,"Präzise Produktart","Bremse & Bremsteil",,,,,,,,,,,,,,,,,,,,,,75975,,,,,,,,,,,,,,,,,,,,,,,,,,,,,,,,,,,,,,,,,,,,,,,
"SKU-0789448642","de_DE","Kalahari Wassergläser Set 2195173 8.5cm Glas 300ml Mehrfarbig NEU",,,,,,,,,,,,,,,,,,,,,,,,,,,,,,,,,,,"Personalisieren",,"Gläserart",,"Maßeinheit",,"Anleitung für Personalisierung",,"Marke","Kalahari","Herstellernummer","2195173","Füllmenge","300 ml","Anzahl der Einheiten","6","Ursprungsland","Italien",,,,,,,,,,,,,,,,,,,,,,,,,,,,,,,,,,,,,,,,,,,,,,,,,,,,,,258717,,,,,,,,,,,,,,,,,,,,,,,,,,,,,,,,,,,,,,,,,,,,,,,
"SKU-6816251293","de_DE","KAMOKA Radlagersatz Vorderachse für Hyundai KIA Sportage SL 5600063",,,,,,,,,,,,,,,,,,,,,,,,,,,,,,,,,,,"Anzahl der Radbolzen",,"Antiblockiersystem",,"Oldtimer-Teil",,"Tuning- & Styling-Teil",,"Universelle Kompatibilität",,"Flanschform",,"Oberflächenbeschaffenheit",,"Lochkreis",,"OE/OEM Referenznummer(n)",,"Bohrungsdurchmesser",,"Breite",,"Durchmesser (außen)",,"Durchmesser (innen)",,"Flanschdurchmesser",,"Flanscheinpresstiefe",,"Gewicht",,"Nabenführungsdurchmesser",,"Radbolzengröße",,"Vergleichsnummer",,"Zentrierdurchmesser",,"Produktart","Radlager","Hersteller","KAMOKA","Einbauposition","Links","Im Lieferumfang enthalten","Befestigung","Material","Metall","Herstellergarantie","7 Jahre","Ursprungsland",,"Herstellernummer","5600063",,,,,,,,,,,,,,,,170141,,,,,,,,,,,,,,,,,,,,,,,,,,,,,,,,,,,,,,,,,,,,,,,
"SKU-5446097686","de_DE","kecoolke Ultraschallreiniger KZ-F3, 3.0L, 120W Ultraschall, 150W Heizung Silber",,,,,,,,,,,,,,,,,,,,,,,,,,,,,,,,,,,"Set enthält",,"Formulierung",,"Besonderheiten",,"Volumen",,"Anzahl der Einheiten",,"Herstellernummer",,"Maßeinheit",,"Geeignet für","Silber","Produktart","Ultraschallreiniger","Marke","Kecoolke","Ursprungsland",,,,,,,,,,,,,,,,,,,,,,,,,,,,,,,,,,,,,,,,,,,,,,,,,,,67720,,,,,,,,,,,,,,,,,,,,,,,,,,,,,,,,,,,,,,,,,,,,,,,
"SKU-2879742273","de_DE","kela Heißer Stein 16647 24cm 24x16cm NEU",,,,,,,,,,,,,,,,,,,,,,,,,,,,,,,,,,,"Sportart/Aktivität",,"Oberflächenbeschichtung",,"Volumen",,"Farbe",,"Geeigneter Herdtyp",,"Anzahl der Einheiten",,"Durchmesser",,"Gewicht",,"Herstellergarantie",,"Herstellernummer",,"Hitzebeständigkeit",,"Maßeinheit",,"Produktlinie",,"Set enthält",,"Tiefe",,"Material","Stein","Griffmaterial","Stein","Produktart","Heißer Stein","Marke","kela","Anzahl der Teile","4","Besonderheiten",,"Ursprungsland",,"Breite","16","Form","Rechteckig","Höhe","4","Länge","24","Modell","Country",,,,,,,,,,,,,,,,,,87141,,,,,,,,,,,,,,,,,,,,,,,,,,,,,,,,,,,,,,,,,,,,,,,
"SKU-6154185094","de_DE","Khujo Wintermantel Gr.xxL Erwachsene light moss green NEU",,,,,,,,,,,,,,,,,,,,,,,,,,,,,,,,,,,"Jahrzehnt",,"Stil",,"Original/Reproduktion",,"Look",,"Schulterbreite",,"Material","100% Polyester","Marke","Khujo","Größe","XXL","Farbe","light moss green","Ursprungsland",,"Anlass","Vielseitig","Größenkategorie","Normalgröße","Herstellernummer","KH121U1KW-C11",,,,,,,,,,,,,,,,,,,,,,,,,,,,,,,,,,,,,,,,,,,,,,175771,,,,,,,,,,,,,,,,,,,,,,,,,,,,,,,,,,,,,,,,,,,,,,,
"SKU-3350934915","de_DE","Kibek Gartenstecker Molveno 2201290005 Mattschwarz Metall, Kunststoff NEU",,,,,,,,,,,,,,,,,,,,,,,,,,,,,,,,,,,"Motiv",,"Form",,"Größe",,"Anlass",,"Thema",,"Muster",,"Finish",,"Stil",,"Herstellungsmethode",,"Charakter",,"Charakter Familie",,"Herkunft",,"Produktlinie",,"Epoche",,"Herstellungsstil",,"Pflegeanleitung",,"Anleitung für Personalisierung",,"Anzahl der Einheiten",,"Produktart","Gartenstecker","Material","Metall,Kunststoff","Marke","Solar","Besonderheiten","LED","Farbe","Schwarz","Stromquelle","Solar","Breite","76 cm","Länge","76 cm","Höhe","76 cm","Einsatzgebiet","Garten","Ursprungsland",,"Innen-/Außenbereich","Außenbereich",,,,,,,,,,,,29511,,,,,,,,,,,,,,,,,,,,,,,,,,,,,,,,,,,,,,,,,,,,,,,
"SKU-9881775692","de_DE","Killtec Erwachsene Skihose Schwarz Gr.xL Polyester 30920 000 00925",,,,,,,,,,,,,,,,,,,,,,,,,,,,,,,,,,,"Anzahl der Einheiten",,"Maßeinheit",,"Anlass",,"Bundhöhe",,"Gewebeart",,"Herstellungsjahr",,"Hosenträgerknöpfe/Gürtelschlaufen",,"Jahreszeit",,"Muster",,"Personalisiert",,"Produktlinie",,"Schrittlänge",,"Stil",,"Taillenumfang",,"Textilpflege",,"Thema",,"Verschluss",,"Vintage",,"Größe","XL","Marke","Killtec","Herstellernummer","30920 000 00925","Ursprungsland",,"Abteilung","Erwachsene","Akzente",,"Beinform","Komfortabel","Besonderheiten",,"Farbe","Schwarz","Größenkategorie","Normalgröße","Material","Polyester","Modell","Enosh",,,,,,,,,,,,65415,,,,,,,,,,,,,,,,,,,,,,,,,,,,,,,,,,,,,,,,,,,,,,,
"SKU-8799542495","de_DE","Kiniris Komplett-Kostüm Gr. S M L xL Kinder Polyester Braun NEU",,,,,,,,,,,,,,,,,,,,,,,,,,,,,,,,,,,"Größenkategorie",,"Besonderheiten",,"Herstellernummer",,"Thema","Tier","Stil","Komplett-Kostüm","Größe","S, M, L, XL","Farbe","Braun","Marke","Kiniris","Material","Polyester","Ursprungsland",,,,,,,,,,,,,,,,,,,,,,,,,,,,,,,,,,,,,,,,,,,,,,,,,,,,,53369,,,,,,,,,,,,,,,,,,,,,,,,,,,,,,,,,,,,,,,,,,,,,,,
"SKU-9564743151","de_DE","Knirps Taschenschirm AS.050 Navy: Extrem windstabil & kompakt",,,,,,,,,,,,,,,,,,,,,,,,,,,,,,,,,,,"Farbe",,"Marke","Knirps","Stil","Taschenschirm","Ursprungsland",,,,,,,,,,,,,,,,,,,,,,,,,,,,,,,,,,,,,,,,,,,,,,,,,,,,,,,,,,,,,,,,,46036,,,,,,,,,,,,,,,,,,,,,,,,,,,,,,,,,,,,,,,,,,,,,,,
"SKU-4870064003","de_DE","Köln Matratzen 200cm 100x200cm 20cm NEU",,,,,,,,,,,,,,,,,,,,,,,,,,,,,,,,,,,"Länge",,"Thema",,"Anzahl der Federn",,"Form",,"Zimmer",,"Herstellungsjahr",,"Hersteller",,"Gewicht",,"Herstellergarantie",,"Stil",,"Gütesiegel & Kennzeichnungen",,"Herstellungszeitraum",,"Anzahl der Einheiten",,"Maßeinheit",,"Produktart","Taschenfederkern","Härtegrad","Weich (H2)","Marke","Matratzen Perfekt","Stärke","20 cm","Breite","90 cm","Atmungsaktivität","Hoch","Abteilung","Erwachsene","Besonderheiten","Allergikergeeignet,Mit Reißverschluss,7 Zonen,Punktelastizität,Beidseitig nutzbar,Waschbar,Anpassungsfähig,Atmungsaktiv,Abnehmbarer Bezug,Druckentlastung","Größe","90x200 cm","Farbe","Weiß","Ursprungsland",,"Bezugsmaterial","Stoff/Textil","Pflegeanleitung","Nicht trocknergeeignet","Muster","Einfarbig","Herstellernummer","MPMCGN_0920H2FK","Modell","Köln",,,,,,,,,,,,131588,,,,,,,,,,,,,,,,,,,,,,,,,,,,,,,,,,,,,,,,,,,,,,,
"SKU-7948301538","de_DE","Kompatibel Brother Tonerpatrone B423M Schwarz",,,,,,,,,,,,,,,,,,,,,,,,,,,,,,,,,,,"Modell",,"Herstellergarantie",,"Ablaufdatum",,"Breite",,"Höhe",,"Länge",,"Marke","Kompatibel","Produktart","Tonerpatrone","Farbe","Schwarz","Drucktechnologie","Laser","Markenkompatibilität","Für Brother","Ursprungsland",,"Herstellernummer","B423M","Modellkompatibilität","Universal","Anzahl der Einheiten","1","Maßeinheit","Einheit",,,,,,,,,,,,,,,,,,,,,,,,,,,,,,,,,,,,,,,,16204,,,,,,,,,,,,,,,,,,,,,,,,,,,,,,,,,,,,,,,,,,,,,,,
"SKU-7948301538","de_DE","Kompatible Brother TN-423M Magenta Tonerpatrone 4000 Seiten Leistung",,,,,,,,,,,,,,,,,,,,,,,,,,,,,,,,,,,"Herstellergarantie",,"Ablaufdatum",,"Breite",,"Höhe",,"Länge",,"Marke","Kompatibel","Produktart","Tonerpatrone","Farbe","Schwarz,Magenta","Drucktechnologie","Laser","Modell","TN-423M","Markenkompatibilität","Für Brother","Ursprungsland",,"Herstellernummer","B423M","Modellkompatibilität","Universal","Anzahl der Einheiten","1","Maßeinheit","Einheit",,,,,,,,,,,,,,,,,,,,,,,,,,,,,,,,,,,,,,,,16204,,,,,,,,,,,,,,,,,,,,,,,,,,,,,,,,,,,,,,,,,,,,,,,
"SKU-8463577445","de_DE","KSIBNW RGB LED Neon Streifen D347 für Innen Außen 20m IP65 Bluetooth App Neu",,,,,,,,,,,,,,,,,,,,,,,,,,,,,,,,,,,"Anzahl der Einstellungen",,"Sensorart",,"Anlass",,"LED-Chip",,"Zimmer",,"LED String/Strip Typ",,"Lichterform",,"Energieeffizienzklasse",,"Charakter Familie",,"Charakter",,"Stromstärke",,"Stil",,"Abteilung",,"Farbtemperatur",,"Lichtstrom",,"Gütesiegel & Kennzeichnungen",,"Herstellernummer",,"EEK Spektrum",,"Anzahl der Einheiten",,"Höhe",,"Beleuchtungstechnik","LED","Produktart","LED Streifen","Lichtfarbe","RGB","Besonderheiten","Flexibler Arm,RGB,Mit Fernbedienung","Stromquelle","Netzstrom","Anzahl der Lichter","Mehr als 400","Marke","KSIBNW","Farbe","Mehrfarbig","Kabelfarbe","Weiß","Hersteller","KSIBNW",,,,,,,,,,,,116022,,,,,,,,,,,,,,,,,,,,,,,,,,,,,,,,,,,,,,,,,,,,,,,
"SKU-2019632072","de_DE","KYB Staubschutzsatz Vorderachse für Mercedes E-Klasse W212 S212 910158",,,,,,,,,,,,,,,,,,,,,,,,,,,,,,,,,,,"Herstellergarantie",,"Oberflächenbeschaffenheit",,"Einbauposition",,"Weitere Artikelnummer",,"Tuning- & Styling-Teil",,"Hersteller","KYB","Herstellernummer","910158","Referenznummer(n) OE","910158","Referenznummer(n) OEM","910158","Ursprungsland","Indien","Anzahl der Einheiten","2","Maßeinheit","kg",,,,,,,,,,,,,,,,,,,,,,,,,,,,,,,,,,,,,,,,,,,,,,,,180494,,,,,,,,,,,,,,,,,,,,,,,,,,,,,,,,,,,,,,,,,,,,,,,
"SKU-0611814591","de_DE","Lacoste Herren Hoodie SH9623 - Classic Fit - Marineblau - Größe M",,,,,,,,,,,,,,,,,,,,,,,,,,,,,,,,,,,"Charakter",,"Ausschnitt",,"Gewebeart",,"Jahreszeit",,"Thema",,"Strickart",,"Akzente",,"Aktivität",,"Textilpflege",,"Personalisieren",,"Größenkategorie",,"Anleitung für Personalisierung",,"Anzahl der Einheiten",,"Herstellernummer",,"Abteilung","Herren","Stil","Kapuzenpullover","Produktart","Hoodie","Marke","Lacoste","Größe","M","Material","84% Baumwolle, 16% Polyester","Farbe","Marineblau","Ursprungsland",,"Muster","Unifarben","Passform","Classic Fit","Besonderheiten",,"Ärmellänge","Langarm","Anlass","Freizeit","Vintage","false","Maßeinheit","m",,,,,,,,,,,,,,11484,,,,,,,,,,,,,,,,,,,,,,,,,,,,,,,,,,,,,,,,,,,,,,,
"SKU-7824016126","de_DE","LADYHOW Handseilzug 1215 Stahl Metallisch/Schwarz NEU",,,,,,,,,,,,,,,,,,,,,,,,,,,,,,,,,,,"Anzahl der Einheiten",,"Breite",,"Höhe",,"Max. Tragfähigkeit",,"Seildicke",,"Seillänge",,"Tiefe",,"Produktart","Handseilzug","Marke","LADYHOW","Herstellernummer","1215","Maßeinheit",,"Ursprungsland",,,,,,,,,,,,,,,,,,,,,,,,,,,,,,,,,,,,,,,,,,,,,,,,,184197,,,,,,,,,,,,,,,,,,,,,,,,,,,,,,,,,,,,,,,,,,,,,,,
"SKU-2388529978","de_DE","Lasertoner B423K Schwarz für Brother Drucker - Hohe Seitenleistung",,,,,,,,,,,,,,,,,,,,,,,,,,,,,,,,,,,"Produktlinie",,"Technologie",,"Besonderheiten",,"Ausgabetyp",,"Eingabetyp",,"Konnektivität",,"Unterstützte Druckformate",,"S/W-Druckgeschwindigkeit",,"Maximale Auflösung",,"Arbeitsspeicher",,"Farbtiefe",,"Herstellergarantie",,"Bildsensor",,"Graustufentiefe",,"Herstellernummer",,"Anzahl der Einheiten",,"Maßeinheit",,"Breite",,"Höhe",,"Länge",,"Scanauflösung",,"Unterstützte Scanformate",,"Marke","Brother","Produktart","Toner-Kartusche","Modell","B423C","Ursprungsland",,,,,,,,,,,,,,,,,,,,,1245,,,,,,,,,,,,,,,,,,,,,,,,,,,,,,,,,,,,,,,,,,,,,,,
"SKU-9041995991","de_DE","Latex Handschuhe 10 Stück: Optimaler Schutz für Haushalt & Garten",,,,,,,,,,,,,,,,,,,,,,,,,,,,,,,,,,,"Geschlecht",,"Produktart",,"Besonderheiten",,"EN-Norm",,"Herstellernummer",,"Ablaufdatum",,"Anzahl der Einheiten",,"Maßeinheit",,"Marke","Nanyang NiuJin","Material","Naturkautschuk-Emulsion","Farbe","Gelb","Größe","XL","Ursprungsland",,,,,,,,,,,,,,,,,,,,,,,,,,,,,,,,,,,,,,,,,,,,,,,67023,,,,,,,,,,,,,,,,,,,,,,,,,,,,,,,,,,,,,,,,,,,,,,,
"SKU-0735099796","de_DE","Latex Handschuhe 6 Stück - für optimalen Schutz & Komfort",,,,,,,,,,,,,,,,,,,,,,,,,,,,,,,,,,,"Größe",,"Kopfmaterial",,"Griffmaterial",,"Passend für",,"Duft",,"Borstenmaterial",,"Herstellernummer",,"Kapazität",,"Materialform",,"Anzahl der Einheiten",,"Breite",,"Form",,"Geeignet für",,"Gewicht",,"Gütesiegel & Kennzeichnungen",,"Höhe",,"Länge",,"Maßeinheit",,"Modell",,"Thema",,"Marke","Dong Fang Hong","Material","Latex","Farbe","Gelb","Produktart","Haushaltshandschuhe","Anzahl pro Packung","6","Ursprungsland",,"Besonderheiten","Wiederverwendbar","Stromquelle",,,,,,,,,,,,,,,,,259347,,,,,,,,,,,,,,,,,,,,,,,,,,,,,,,,,,,,,,,,,,,,,,,
"SKU-9824375922","de_DE","Lawrence Grey Daunenjacke Gr. 34 Damen 100% Polyamid Schwarz NEU",,,,,,,,,,,,,,,,,,,,,,,,,,,,,,,,,,,"Jacken-/Mantellänge",,"Besonderheiten",,"Gewebeart",,"Muster",,"Größenkategorie",,"Modell",,"Vintage",,"Handgefertigt",,"Personalisieren",,"Anleitung für Personalisierung",,"Anzahl der Einheiten",,"Maßeinheit",,"Abteilung","Damen","Marke","Lawrence Grey","Produktart","Daunenjacke","Größe","34","Stil","Daunenjacke","Farbe","Schwarz","Jahreszeit","Ganzjährig","Außenmaterial","100% Polyamid","Futtermaterial","Polyamid","Isoliermaterial","Daunen","Thema",,"Verschluss","Reißverschluss","Akzente","Reißverschluss","Anlass","Business,Freizeit","Ursprungsland",,"Passform","Optimal","Ärmellänge","Langarm","Textilpflege","Maschinenwäsche",,,,,,,,,,,,63862,,,,,,,,,,,,,,,,,,,,,,,,,,,,,,,,,,,,,,,,,,,,,,,
"SKU-8382768165","de_DE","Lawrence Grey Home Satin Bettwäsche-Set für luxuriösen Schlafkomfort",,,,,,,,,,,,,,,,,,,,,,,,,,,,,,,,,,,"Herstellernummer",,"Anzahl der Einheiten",,"Maßeinheit",,"Marke","Lawrence Grey Home","Ursprungsland",,,,,,,,,,,,,,,,,,,,,,,,,,,,,,,,,,,,,,,,,,,,,,,,,,,,,,,,,,,,,,,147079,,,,,,,,,,,,,,,,,,,,,,,,,,,,,,,,,,,,,,,,,,,,,,,
"SKU-4017783375","de_DE","LED Strahler 300W – extrem hell für Außenbereiche",,,,,,,,,,,,,,,,,,,,,,,,,,,,,,,,,,,"Anzahl der Lichter",,"Installationsbereich",,"Glühbirnensockel",,"Spannung",,"Finish",,"Schutzart",,"Steuerungsart",,"Energieverbrauch",,"Montage",,"Smart Home Kommunikationsprotokoll",,"Energieeffizienzklasse",,"Herstellungsjahr",,"Smart Home Kompatibilität",,"Durchmesser",,"Lichtstrom",,"Herstellergarantie",,"Stromstärke",,"LED-Chip",,"Herstellernummer",,"EEK Spektrum",,"Personalisieren",,"Anzahl der Einheiten",,"Maßeinheit",,"Anzahl der Einstellungen",,"Benötigte Werkzeuge",,"Breite",,"Gewicht",,"Gütesiegel & Kennzeichnungen",,"Höhe",,"Lebensdauer der Glühbirne",,,,,,,,,,,,,183393,,,,,,,,,,,,,,,,,,,,,,,,,,,,,,,,,,,,,,,,,,,,,,,
"SKU-5799111421","de_DE","Ledvion LED Hallenleuchte 200W High Bay 35.000 lm 175 lm/W",,,,,,,,,,,,,,,,,,,,,,,,,,,,,,,,,,,"Anzahl der Einheiten",,"Maßeinheit",,"Ursprungsland",,"Produktart","LED High Bay Hallenleuchte","Marke","Philips","Material","Aluminium",,,,,,,,,,,,,,,,,,,,,,,,,,,,,,,,,,,,,,,,,,,,,,,,,,,,,,,,,,,,115289,,,,,,,,,,,,,,,,,,,,,,,,,,,,,,,,,,,,,,,,,,,,,,,
"SKU-6469360404","de_DE","Leevitex Spannbettlaken 100% Baumwolle 100x220cm 220cm Gelb",,,,,,,,,,,,,,,,,,,,,,,,,,,,,,,,,,,"Muster",,"Anzahl der Teile",,"Wärmestufe",,"Breite",,"Länge",,"Set enthält",,"Abteilung",,"Anzahl der Einheiten",,"Fadenzahl",,"Form",,"GSM (Gramm pro Quadratmeter)",,"Handgefertigt",,"Herstellungszeitraum",,"Maßeinheit",,"Original/Lizenzierte Reproduktion",,"Produktlinie",,"Technik",,"Thema",,"Überhang",,"Stil","Modern","Material","100% Baumwolle","Produktart","Spannbettlaken","Marke","Leevitex","Größe","100 x 220 cm","Farbe","Gelb","Füllmaterial","100% Baumwolle","Pflegeanleitung",,"Besonderheiten",,"Ursprungsland",,"Verschlussart","Ohne Verschluss",,,,,,,,,,,,261726,,,,,,,,,,,,,,,,,,,,,,,,,,,,,,,,,,,,,,,,,,,,,,,
"SKU-5740939127","de_DE","Leonardo Schalen-Set 5-tlg. Glas – Spülmaschinenfest & vielseitig einsetzbar",,,,,,,,,,,,,,,,,,,,,,,,,,,,,,,,,,,"Form",,"Finish",,"Größe",,"Herkunft",,"Anlass",,"Anzahl der Fächer",,"Anzahl der Teile",,"Stil",,"Breite",,"Tiefe",,"Länge",,"Muster",,"Produktlinie",,"Herstellungsmethode",,"Herstellungsstil",,"Herstellernummer",,"Personalisieren",,"Holzton",,"Durchmesser",,"Gewicht",,"Herstellergarantie",,"Anzahl der Einheiten",,"Maßeinheit",,"Anleitung für Personalisierung",,"Material","Glas","Produktart","Schalen-Set","Marke","LEONARDO","Farbe","Transparent","Besonderheiten","Spülmaschinenfest, Stapelbar, Hitzebeständig","Ursprungsland",,,,,,,,,,,,,45503,,,,,,,,,,,,,,,,,,,,,,,,,,,,,,,,,,,,,,,,,,,,,,,
"SKU-0026867017","de_DE","LESBJFDM Tattoo Armlehne",,,,,,,,,,,,,,,,,,,,,,,,,,,,,,,,,,,"Einbauposition",,"Tuning- & Styling-Teil",,"Referenznummer(n) OE",,"Referenznummer(n) OEM",,"Herstellergarantie",,"Oberflächenbeschaffenheit",,"Anzahl der Einheiten",,"Maßeinheit",,"Weitere Artikelnummer",,"Hersteller","LESBJFDM","Herstellernummer","SKU-0026867017","Ursprungsland",,,,,,,,,,,,,,,,,,,,,,,,,,,,,,,,,,,,,,,,,,,,,,,,,180475,,,,,,,,,,,,,,,,,,,,,,,,,,,,,,,,,,,,,,,,,,,,,,,
"SKU-4998968854","de_DE","LESJÖFORS Fahrwerksfeder 4027668 für Ford Ranger TKE 2.2/3.2 TDCI",,,,,,,,,,,,,,,,,,,,,,,,,,,,,,,,,,,"Produkttyp",,"Produktgruppe",,"Referenznummer(n) OE",,"Herstellergarantie",,"Weitere Artikelnummer",,"Oberflächenbeschaffenheit",,"Ursprungsland",,"Anzahl der Einheiten",,"Maßeinheit",,"Hersteller","LESJÖFORS","Herstellernummer","4027668","Referenznummer(n) OEM","22838220",,,,,,,,,,,,,,,,,,,,,,,,,,,,,,,,,,,,,,,,,,,,,,,,64831,,,,,,,,,,,,,,,,,,,,,,,,,,,,,,,,,,,,,,,,,,,,,,,
"SKU-3244413909","de_DE","Let's BBQ Grillkorb 8035810940 22cm Edelstahl Silber NEU",,,,,,,,,,,,,,,,,,,,,,,,,,,,,,,,,,,"Finish",,"Besonderheiten",,"Herstellungsjahr",,"Anzahl der Einheiten",,"Personalisieren",,"Anzahl der Teile",,"Gewicht",,"Herstellergarantie",,"Herstellernummer",,"Maßeinheit",,"Modell",,"Personalisiert",,"Anleitung für Personalisierung",,"Marke","Let's BBQ","Breite","18.5","Tiefe","22 cm","Durchmesser","22 cm","Produktart","Grillzubehör","Höhe","7","Anzahl pro Packung","2","Größe","22 cm","Farbe","Silber","Ursprungsland",,,,,,,,,,,,,,,,,,,,,,,,,,,260931,,,,,,,,,,,,,,,,,,,,,,,,,,,,,,,,,,,,,,,,,,,,,,,
"SKU-2002593737","de_DE","LEVEL8 Luminous Hartschalenkoffer 44cm Schwarz mit TSA-Zahlenschloss",,,,,,,,,,,,,,,,,,,,,,,,,,,,,,,,,,,"Rollen",,"Material",,"Ausführung",,"Besonderheiten",,"Geschlecht",,"Kapazität",,"Anzahl der Einheiten",,"Maßeinheit",,"Marke","LEVEL8","Produktart","Koffer","Farbe","Schwarz","Ursprungsland",,,,,,,,,,,,,,,,,,,,,,,,,,,,,,,,,,,,,,,,,,,,,,,,,11236,,,,,,,,,,,,,,,,,,,,,,,,,,,,,,,,,,,,,,,,,,,,,,,
"SKU-0196260000","de_DE","Levi's Damen Jeans 311 Shaping Skinny Schwarz, Mid Rise, L28 W27",,,,,,,,,,,,,,,,,,,,,,,,,,,,,,,,,,,"Jahrzehnt",,"Original/Reproduktion",,"Look",,"Brustumfang",,"Schrittlänge",,"Schulterbreite",,"Schulter zum Saum",,"Bund zum Saum",,"Marke","Levi's","Größe","L28 W27","Herstellernummer","S130772LSE","Farbe","Schwarz","Anlass","Freizeit","Material","Denim","Geschlecht","Damen","Ursprungsland",,,,,,,,,,,,,,,,,,,,,,,,,,,,,,,,,,,,,,,,,182029,,,,,,,,,,,,,,,,,,,,,,,,,,,,,,,,,,,,,,,,,,,,,,,
"SKU-8162676252","de_DE","Levi's Damen V-Neck Baby Tee Langarmshirt Slim Fit aus 100% Baumwolle",,,,,,,,,,,,,,,,,,,,,,,,,,,,,,,,,,,"Gewebeart",,"Muster",,"Thema",,"Charakter",,"Akzente",,"Jahreszeit",,"Verschluss",,"Träger-/Riemenart",,"Vintage",,"Handgefertigt",,"Personalisieren",,"Anleitung für Personalisierung",,"Anzahl der Einheiten",,"Maßeinheit",,"Produktart","Langarmshirt","Größe","XS","Marke","Levi's","Abteilung","Damen","Farbe","Weiß","Material","Baumwolle","Stil","Basic","Ärmellänge","Langarm","Ausschnitt","V-Ausschnitt","Anlass","Freizeit","Besonderheiten",,"Passform","Slim Fit","Ursprungsland",,"Ärmelart","Langarm","Größenkategorie","Normalgröße","Textilpflege",,,,,,,,,,,,,53159,,,,,,,,,,,,,,,,,,,,,,,,,,,,,,,,,,,,,,,,,,,,,,,
"SKU-1955199104","de_DE","Levoit Core 400S Intelligenter True HEPA-Luftreiniger für Räume bis 90m² –",,,,,,,,,,,,,,,,,,,,,,,,,,,,,,,,,,,"Anzahl der Reinigungsstufen",,"Geschwindigkeitsstufen",,"Herstellungsjahr",,"Material",,"Montage",,"Finish",,"Sensortechnik",,"Befeuchtungsmethode",,"Herstellergarantie",,"Zeitsteuerung",,"Filterstandzeit",,"Schallleistung",,"Anzahl der Einheiten",,"Abdeckung",,"CADR-Bewertung",,"Marke","LEVOIT","Filtrationstechnik","HEPA-Filter,Aktivkohle,Vorfilterung","Anwendung","Komplettes Zimmer","Modell","Levoit Core 400S","Schadstofferfassung","Hautschuppen von Haustieren,Allergene,Schimmel,Gerüche,Gase & Dämpfe,PM 2,5,Staub,Pollen","Spannung","220 V","Farbe","Weiß","Besonderheiten","Nacht-/Schlafmodus,Filterwechselanzeige,Kompatible App,Timerfunktion,Leiser Betrieb","Stromquelle","Elektrisch","Zimmer","Schlafzimmer,Wohnzimmer,Küche","Ursprungsland",,"Steuerungsart","App-Steuerung,Touch","Leistung","24 W","Produktart","Turm","Smart Home Kommunikationsprotokoll",,,,,,,,,,,,,43510,,,,,,,,,,,,,,,,,,,,,,,,,,,,,,,,,,,,,,,,,,,,,,,
"SKU-8245288059","de_DE","LICO Boulder V Kinder Hallenschuhe pink/türkis Größe 31 mit Klettverschluss",,,,,,,,,,,,,,,,,,,,,,,,,,,,,,,,,,,"Abteilung",,"Futtermaterial",,"Besatzmaterial",,"Stil",,"Gewebeart",,"Jahreszeit",,"Isoliermaterial",,"Thema",,"Akzente",,"Anlass",,"Vintage",,"Handschuh-Wärmegrad",,"Handschuhlänge",,"Aktivität",,"Muster",,"Handgefertigt",,"Personalisiert",,"Herstellernummer",,"Textilpflege",,"Material","Synthetik, Textil","Marke","LICO","Farbe","Pink, Türkis","Größe","31","Besonderheiten","Atmungsaktiv","Ursprungsland",,,,,,,,,,,,,,,,,,,,,,,105559,,,,,,,,,,,,,,,,,,,,,,,,,,,,,,,,,,,,,,,,,,,,,,,
"SKU-8921872481","de_DE","Liewood Kindertrommel LW15104 Unisex Buchenholz lackiertes MDF NEU",,,,,,,,,,,,,,,,,,,,,,,,,,,,,,,,,,,"Ursprungsland",,,,,,,,,,,,,,,,,,,,,,,,,,,,,,,,,,,,,,,,,,,,,,,,,,,,,,,,,,,,,,,,,,,,,,,33480,,,,,,,,,,,,,,,,,,,,,,,,,,,,,,,,,,,,,,,,,,,,,,,
"SKU-1053183477","de_DE","Lights4fun Canberra Deko Laterne mit TruGlow LED-Kerze, IP44, 29 cm",,,,,,,,,,,,,,,,,,,,,,,,,,,,,,,,,,,"Finish",,"Stil",,"Montage",,"Anlass",,"Thema",,"Ursprungsland",,"Form",,"Anzahl der Teile",,"Spannung",,"Herstellungsjahr",,"Herstellernummer",,"Batterie inklusive",,"Anzahl der Einheiten",,"Maßeinheit",,"Leistung",,"Größe","29 cm","Farbe","Schwarz","Marke","Lights4fun","Material","Metall","Produktart","Dekorative Laterne","Stromquelle","Batteriebetrieben","Besonderheiten","Mit Timer, Flackerfunktion","Breite","29 cm","Tiefe","29 cm","Durchmesser","29 cm","Höhe","29 cm","Modell","Canberra","Innen-/Außenbereich","Innenbereich, Geschützter Außenbereich","Herstellergarantie","2 Jahre",,,,,,,,,,,,,,183392,,,,,,,,,,,,,,,,,,,,,,,,,,,,,,,,,,,,,,,,,,,,,,,
"SKU-6407361668","de_DE","Lights4fun Canberra LED Gartenlaterne Outdoor | TruGlow Kerze, IP44, 45cm",,,,,,,,,,,,,,,,,,,,,,,,,,,,,,,,,,,"Größe",,"Finish",,"Stromquelle",,"Stil",,"Montage",,"Anlass",,"Thema",,"Form",,"Anzahl der Teile",,"Herstellungsjahr",,"Batterie inklusive",,"Anzahl der Einheiten",,"Herstellergarantie",,"Leistung",,"Farbe","Schwarz","Marke","Lights4fun","Material","Metall, Kunststoff","Produktart","Laterne","Besonderheiten",,"Breite","25 cm","Tiefe","25 cm","Durchmesser","25 cm","Höhe","45 cm","Ursprungsland",,"Modell","Canberra","Spannung","3 V","Innen-/Außenbereich",,"Herstellernummer","LA20019-BB01-1","Maßeinheit",,,,,,,,,,,,,,,183392,,,,,,,,,,,,,,,,,,,,,,,,,,,,,,,,,,,,,,,,,,,,,,,
"SKU-9143128563","de_DE","LINDENMANN Herren Gürtel Dunkelbraun 135cm Büffelleder 40mm nickelfrei",,,,,,,,,,,,,,,,,,,,,,,,,,,,,,,,,,,"Modell",,"Länge",,"Farbe","Dunkelbraun","Marke","LINDENMANN","Herstellernummer","LIN-B49-1000486-023-135","Produktart","Gürtel","Abteilung","Herren","Material","Büffelleder","Breite","40","Ursprungsland","Europa",,,,,,,,,,,,,,,,,,,,,,,,,,,,,,,,,,,,,,,,,,,,,,,,,,,,168904,,,,,,,,,,,,,,,,,,,,,,,,,,,,,,,,,,,,,,,,,,,,,,,
"SKU-2433624992","de_DE","LionSports Mobiles Sportnetz Profi 4m Freizeitspieler Familien Kunststoff",,,,,,,,,,,,,,,,,,,,,,,,,,,,,,,,,,,"Griffart",,"Anzahl Furniere",,"Geeignet für",,"Herstellernummer",,"Modell",,"Größe",,"Griffstärke",,"Abteilung",,"Marke","LionSports","Produktart","Set","Farbe","Schwarz","Material","Kunststoff","Lieferumfang","Netz","Gewicht","1","Ursprungsland",,,,,,,,,,,,,,,,,,,,,,,,,,,,,,,,,,,,,,,,,,,100220,,,,,,,,,,,,,,,,,,,,,,,,,,,,,,,,,,,,,,,,,,,,,,,
"SKU-0694979094","de_DE","LIQUI MOLY Motoröl Top Tec 4300 5W-30 für Benzin- und Dieselfahrzeuge OE 3740",,,,,,,,,,,,,,,,,,,,,,,,,,,,,,,,,,,"Anwendung",,"Legierung",,"Fahrzeugkompatibilität",,"Referenznummer(n) OE",,"Referenznummer(n) OEM",,"Herstellergarantie",,"Anzahl der Einheiten",,"Maßeinheit",,"Weitere Artikelnummer",,"SAE Viskosität","5W-30","Marke","Liqui Moly","Menge","1","Herstellerfreigabe",,"Produktart","Motoröl","Getriebetyp",,"Herstellernummer","3740","Ursprungsland","Deutschland",,,,,,,,,,,,,,,,,,,,,,,,,,,,,,,,,,,,,,179496,,,,,,,,,,,,,,,,,,,,,,,,,,,,,,,,,,,,,,,,,,,,,,,
"SKU-5037405516","de_DE","LOBERON Schafschere für präzise Tier- & Gartenpflege aus Stahl",,,,,,,,,,,,,,,,,,,,,,,,,,,,,,,,,,,"Anzahl der Einheiten",,"Maßeinheit",,"Beruf",,"Ursprungsland",,,,,,,,,,,,,,,,,,,,,,,,,,,,,,,,,,,,,,,,,,,,,,,,,,,,,,,,,,,,,,,,,86146,,,,,,,,,,,,,,,,,,,,,,,,,,,,,,,,,,,,,,,,,,,,,,,
"SKU-4541378818","de_DE","Longking Selbstklebefliesen – Schnelle & stilvolle Wandgestaltung",,,,,,,,,,,,,,,,,,,,,,,,,,,,,,,,,,,"Anzahl der Einheiten",,"Beruf",,"Maßeinheit",,"Ursprungsland",,,,,,,,,,,,,,,,,,,,,,,,,,,,,,,,,,,,,,,,,,,,,,,,,,,,,,,,,,,,,,,,,167046,,,,,,,,,,,,,,,,,,,,,,,,,,,,,,,,,,,,,,,,,,,,,,,
"SKU-4244843376","de_DE","Lubluelu L15 Saugroboter mit Wischfunktion, 5000Pa, smart, leise",,,,,,,,,,,,,,,,,,,,,,,,,,,,,,,,,,,"Mit/Ohne Beutel",,"Filter",,"Anschlussart",,"Leistung",,"Enthaltenes Zubehör",,"Spannung",,"Laufzeit",,"Smart Home Kommunikationsprotokoll",,"Kapazität",,"Ladezeit",,"Smart Home Kompatibilität",,"Herstellergarantie",,"Gewicht",,"Schutzplan",,"Anzahl der Einheiten",,"Maßeinheit",,"Marke","Lubluelu","Produktart","Saugroboter","Modell","L15","Besonderheiten",,"Farbe","Weiß","Ursprungsland",,"Herstellernummer","L15",,,,,,,,,,,,,,,,,,,,,,,,,,20614,,,,,,,,,,,,,,,,,,,,,,,,,,,,,,,,,,,,,,,,,,,,,,,
"SKU-8650951585","de_DE","Lyvanas Eiskratzer Schneebesen 2-in-1 für PKW/LKW ICE SCRAPER LYEK-01",,,,,,,,,,,,,,,,,,,,,,,,,,,,,,,,,,,"Fahrzeugmarke",,"Produkttyp",,"Anwendungsbereich",,"Referenznummer(n) OE",,"Referenznummer(n) OEM",,"Lackart",,"Herstellergarantie",,"Viskosität",,"Oberflächenbeschaffenheit",,"Anzahl der Einheiten",,"Maßeinheit",,"Weitere Artikelnummer",,"Hersteller","Lyvanas","Farbe","Blau, Schwarz","Herstellernummer","LYEK-01","Ursprungsland",,,,,,,,,,,,,,,,,,,,,,,,,,,,,,,,,,,,,,,,,179452,,,,,,,,,,,,,,,,,,,,,,,,,,,,,,,,,,,,,,,,,,,,,,,
"SKU-6044260478","de_DE","MAHLE Ausgleichsbehälter Kühlmittel für VW Transporter 8MA 376 783-494",,,,,,,,,,,,,,,,,,,,,,,,,,,,,,,,,,,"Einbauposition",,"Oldtimer-Teil",,"Tuning- & Styling-Teil",,"Herstellernummer",,"OE/OEM Referenznummer(n)",,"Herstellergarantie",,"Oberflächenbeschaffenheit",,"Anzahl der Einheiten",,"Maßeinheit",,"Universelle Kompatibilität",,"Vergleichsnummer",,"Hersteller","Mahle","Ursprungsland",,,,,,,,,,,,,,,,,,,,,,,,,,,,,,,,,,,,,,,,,,,,,,,14769,,,,,,,,,,,,,,,,,,,,,,,,,,,,,,,,,,,,,,,,,,,,,,,
"SKU-0000608676","de_DE","Maison Close Damen String Taupe Tüll (Polyamid Elasthan 608676",,,,,,,,,,,,,,,,,,,,,,,,,,,,,,,,,,,"Kompatibel mit",,"Modell",,"Spielerposition",,"Sportart/Aktivität",,"Anzahl der Einheiten",,"Breite",,"Erfahrungsniveau",,"Herstellernummer",,"Länge",,"Maßeinheit",,"Produktart","String","Marke","Maison Close","Abteilung","Damen","Farbe","Taupe","Material","Tüll (Polyamid, Elasthan)","Ursprungsland",,,,,,,,,,,,,,,,,,,,,,,,,,,,,,,,,,,,,,,,,261817,,,,,,,,,,,,,,,,,,,,,,,,,,,,,,,,,,,,,,,,,,,,,,,
"SKU-0000560248","de_DE","Maison Close Triangle BH 560248 Damen Gr. S 85% Polyamid 15% Elasthan",,,,,,,,,,,,,,,,,,,,,,,,,,,,,,,,,,,"Original/Reproduktion",,"Jahrzehnt",,"Herstellernummer",,"Look",,"Cup",,"Unterbrustumfang",,"Bundweite",,"Marke","Maison Close","Größe","S","Material","85% Polyamid, 15% Elasthan","Farbe","Taupe Rose Fluo/Gold","Ursprungsland",,,,,,,,,,,,,,,,,,,,,,,,,,,,,,,,,,,,,,,,,,,,,,,,,182049,,,,,,,,,,,,,,,,,,,,,,,,,,,,,,,,,,,,,,,,,,,,,,,
"SKU-0236764953","de_DE","Malossi Variator Antrieb für Motorroller Multivar 2000 105E-320",,,,,,,,,,,,,,,,,,,,,,,,,,,,,,,,,,,"Produktart",,"Im Lieferumfang enthalten",,"OE/OEM Referenznummer(n)",,"Einbauposition",,"Kraftradtyp",,"Herstellergarantie",,"Durchmesser",,"Gewicht",,"Länge",,"Oldtimer-Teil",,"Tuning- & Styling-Teil",,"Universelle Kompatibilität",,"Vergleichsnummer",,"Anzahl der Einheiten",,"Maßeinheit",,"Hersteller","Malossi","Herstellernummer","5119126","Ursprungsland",,"Besonderheiten",,,,,,,,,,,,,,,,,,,,,,,,,,,,,,,,,,,177942,,,,,,,,,,,,,,,,,,,,,,,,,,,,,,,,,,,,,,,,,,,,,,,
"SKU-7290912165","de_DE","Marco Tozzi Damen Pumps 2-22450-42 Nude, vegan, Größe 37",,,,,,,,,,,,,,,,,,,,,,,,,,,,,,,,,,,"Herstellernummer",,"Anzahl der Einheiten",,"Maßeinheit",,"Absatzhöhe",,"Aktivität",,"Akzente",,"Anlass",,"Charakter",,"Charakter Familie",,"Dämpfungsgrad",,"Gewebeart",,"Herstellungsjahr",,"Individualisiert",,"Jahreszeit",,"Muster",,"Personalisiert",,"Plateauhöhe",,"Produktlinie",,"Pronation",,"Schuhgröße",,"Schuhschaft-Typ",,"Schuhspitze",,"Schuhweite",,"Signiert",,"Sprengung",,"Stil",,"Stollenform",,"Stollentyp",,"Thema",,"Verschluss",,,,,,,,,,,,,35381,,,,,,,,,,,,,,,,,,,,,,,,,,,,,,,,,,,,,,,,,,,,,,,
"SKU-2417212434","de_DE","McDavid Kniebandage MD421 Größe M, Schwarz, Unisex, Sport/Reha",,,,,,,,,,,,,,,,,,,,,,,,,,,,,,,,,,,"Ablaufdatum",,"Stil",,"Breite",,"Durchmesser",,"Gewicht",,"Herstellergarantie",,"Höhe",,"Körperbereich","Knie","Produktart","Kniebandage","Marke","McDavid","Stückzahl","1","Farbe","Schwarz","Abteilung","Unisex Erwachsene","Anwendung","Wandern, Klettern, Sportunterstützung","Besonderheiten","Gepolsterte Patella-Stütze, Federstahlstreben,Verstellbare Riemen, Perforiertes Rückenteil","Größe","M / Medium","Herstellernummer","MD421-01-33","Ursprungsland",,"Material","Neopren","Modell","421","Anzahl der Einheiten","1","Länge","Bis 100 cm","Maßeinheit","Stück","Sportart/Aktivität","Fitnessstudio & Training",,,,,,,,,,,,,,,,,,,,,,,,179821,,,,,,,,,,,,,,,,,,,,,,,,,,,,,,,,,,,,,,,,,,,,,,,
"SKU-0333689520","de_DE","MEYLE Federbeinstützlager Vorderachse für Mercedes E-Klasse, CLS 014 641 0004",,,,,,,,,,,,,,,,,,,,,,,,,,,,,,,,,,,"Stoßdämpferart",,"Besonderheiten",,"Herstellergarantie",,"Länge",,"Montageart",,"OE/OEM Referenznummer(n)",,"Federweg",,"Vergleichsnummer",,"Stoßdämpfer-System",,"Produktart","Federbeinstützlager","Im Lieferumfang enthalten","Federbein","Hersteller","MEYLE","Einbauposition","Vorne","Material","Metall","Tuning- & Styling-Teil","Nein","Ursprungsland",,"Oldtimer-Teil","Nein","Universelle Kompatibilität","Nein","Herstellernummer","014 641 0004",,,,,,,,,,,,,,,,,,,,,,,,,,,,,,,,,,33590,,,,,,,,,,,,,,,,,,,,,,,,,,,,,,,,,,,,,,,,,,,,,,,
"SKU-6074840029","de_DE","MEYLE Gelenksatz radseitig für MCV0026 100 498 0057",,,,,,,,,,,,,,,,,,,,,,,,,,,,,,,,,,,"Herstellergarantie",,"Länge",,"Vergleichsnummer",,"Produktart","Antriebswellengelenk","Hersteller","MEYLE","Einbauposition","Rechts","Im Lieferumfang enthalten","Schmierfett,Gelenk,Manschette,Schellen-Set","Gewindedurchmesser der Achsmutter","53","Herstellernummer","100 498 0057","OE/OEM Referenznummer(n)","893 498 099 MX","Durchmesser","88","Ursprungsland",,"Oldtimer-Teil","Nein","Tuning- & Styling-Teil","Nein","Universelle Kompatibilität","Ja",,,,,,,,,,,,,,,,,,,,,,,,,,,,,,,,,,,,,,,,,,33729,,,,,,,,,,,,,,,,,,,,,,,,,,,,,,,,,,,,,,,,,,,,,,,
"SKU-9078406333","de_DE","MEYLE Inspektionspaket für Audi VW Seat Skoda 1.6 2.0 TDI 112 330 0003/S",,,,,,,,,,,,,,,,,,,,,,,,,,,,,,,,,,,"Herstellergarantie",,"Dichtungsmaterial",,"Besonderheiten",,"Gewindedurchmesser",,"Breite",,"Durchmesser",,"Höhe",,"Länge",,"Oberflächenbeschaffenheit",,"Vergleichsnummer",,"Einbauposition",,"Hersteller","MEYLE","Produktart","Filter-Satz","Im Lieferumfang enthalten","Dichtung,Dichtungsring","Oldtimer-Teil","Nein","Ursprungsland","Deutschland","Tuning- & Styling-Teil","Nein","Universelle Kompatibilität","Nein","Material","Papier","Gütesiegel & Kennzeichnungen","Euro 6","Herstellernummer","112 330 0003/S","OE/OEM Referenznummer(n)","03L115466, 1K0129620D, 1K1819653","Montageart","Angeklemmt",,,,,,,,,,,,,,,,,,,,,,,,,,33661,,,,,,,,,,,,,,,,,,,,,,,,,,,,,,,,,,,,,,,,,,,,,,,
"SKU-2859032659","de_DE","MFLAX Außenspiegelflagge Deutschland – Extrem stabil, einfache Montage",,,,,,,,,,,,,,,,,,,,,,,,,,,,,,,,,,,"Länge",,"Material",,"Höhe",,"Anzahl pro Packung",,"Stärke",,"Breite",,"Geeignete Pflanzenart",,"Gewicht",,"Gewichtskapazität",,"Herstellernummer",,"Besonderheiten",,"Form",,"Geeignet für",,"Innen-/Außenbereich",,"Anzahl der Einheiten",,"Maßeinheit",,"Produktart","Außenspiegelflagge","Farbe",,"Marke",,"Ursprungsland","Deutschland",,,,,,,,,,,,,,,,,,,,,,,,,,,,,,,,181001,,,,,,,,,,,,,,,,,,,,,,,,,,,,,,,,,,,,,,,,,,,,,,,
"SKU-6745469293","de_DE","MIVV Speed Edge Endschalldämpfer Black für Suzuki V-Strom 800 DE/SE 2023",,,,,,,,,,,,,,,,,,,,,,,,,,,,,,,,,,,"Im Lieferumfang enthalten",,"Einlassdurchmesser",,"Material",,"Einbauposition",,"OE/OEM Referenznummer(n)",,"Herstellergarantie",,"Auslassdurchmesser",,"Form",,"Gewicht",,"Oberflächenbeschaffenheit",,"Vergleichsnummer",,"Anzahl der Einheiten",,"Hersteller","MIVV","Produktart","Endschalldämpfer","Farbe","Black","Herstellernummer","00.73.S.061.LAB","Besonderheiten","100% Passgenauigkeit","Kraftradtyp","Straßenmotorrad","Ursprungsland","IT","Durchmesser (außen)","350 mm","Durchmesser (innen)","350 mm","Länge","350 mm","Montageart","Anschraubbar","Oldtimer-Teil","Nein","Tuning- & Styling-Teil","Ja","Universelle Kompatibilität","Nein","Maßeinheit","Einheit",,,,,,,,,,,,,,,,,,177999,,,,,,,,,,,,,,,,,,,,,,,,,,,,,,,,,,,,,,,,,,,,,,,
"SKU-9933881904","de_DE","MJCM Sana Tango Chacita, schwarz, offener Zehenbereich, niedriger Absatz, Größe ",,,,,,,,,,,,,,,,,,,,,,,,,,,,,,,,,,,"Produktart",,"Laufsohlenmaterial",,"Innensohlenmaterial",,"Futtermaterial",,"Schuhschaft-Typ",,"Jahreszeit",,"AU-Schuhgröße",,"UK-Schuhgröße",,"US-Schuhgröße",,"Modell",,"Thema",,"Schuhweite",,"Akzente",,"Produktlinie",,"Anlass",,"Muster",,"Plateauhöhe",,"Vintage",,"Wadenweite",,"Personalisieren",,"Individualisiert",,"Anleitung für Personalisierung",,"Anzahl der Einheiten",,"Charakter",,"Herstellernummer",,"Maßeinheit",,"EU-Schuhgröße","41","Abteilung","Damen","Marke","MJCM SARL","Farbe","Schwarz",,,,,,,,,,,,53557,,,,,,,,,,,,,,,,,,,,,,,,,,,,,,,,,,,,,,,,,,,,,,,
"SKU-4743695203","de_DE","molino Bilderbuch Hannelore: Zauberhaftes Zirkusabenteuer, fördert Fantasie",,,,,,,,,,,,,,,,,,,,,,,,,,,,,,,,,,,"Eigenschaften",,"Sprache","Deutsch","Format","Gebundene Ausgabe","Signiert","Nein","Ursprungsland",,,,,,,,,,,,,,,,,,,,,,,,,,,,,,,,,,,,,,,,,,,,,,,,,,,,,,,,,,,,,,,15480,,,,,,,,,,,,,,,,,,,,,,,,,,,,,,,,,,,,,,,,,,,,,,,
"SKU-3130743576","de_DE","MONASERA Lufterfrischer Halter Set HA-MS-B1-232097 Lüftung 87.5mm 5mm",,,,,,,,,,,,,,,,,,,,,,,,,,,,,,,,,,,"Stromquelle",,"Besonderheiten",,"Steuerungsart",,"Geschwindigkeitsstufen",,"Anzahl der Flügel",,"Spannung",,"Modell",,"Energieeffizienzklasse",,"Leistung",,"Form",,"Finish",,"Zimmer",,"Herstellungsjahr",,"Smart Home Kommunikationsprotokoll",,"Flügelausrichtung",,"Schallleistung",,"Kabellänge",,"Smart Home Kompatibilität",,"EEK Spektrum",,"Herstellernummer",,"Maßeinheit",,"Anzahl der Einheiten",,"Geeignet für",,"Zeitsteuerung",,"Produktart","Klemme","Marke","MONASERA","Farbe","Schwarz","Höhe","15 cm","Tiefe","15 cm","Montage","Klemme",,,,,,,,,,,,20612,,,,,,,,,,,,,,,,,,,,,,,,,,,,,,,,,,,,,,,,,,,,,,,
"SKU-2267173123","de_DE","MOTUL 8100 X-clean+ SAE 5W-30 Motoröl für BMW Mercedes Porsche VW 106376",,,,,,,,,,,,,,,,,,,,,,,,,,,,,,,,,,,"Menge",,"Legierung",,"Referenznummer(n) OE",,"Referenznummer(n) OEM",,"Herstellergarantie",,"Anzahl der Einheiten",,"Maßeinheit",,"Weitere Artikelnummer",,"SAE Viskosität","SAE 5W-30","Marke","MOTUL","Herstellerfreigabe","BMW LL-04, MB 229.51, Porsche C30, VW 504 00/507 00","Anwendung","Kraftfahrzeug","Produktart","Motoröl","Getriebetyp",,"Fahrzeugkompatibilität","Kraftfahrzeug","Herstellernummer","109222","Ursprungsland",,,,,,,,,,,,,,,,,,,,,,,,,,,,,,,,,,,,,,,179496,,,,,,,,,,,,,,,,,,,,,,,,,,,,,,,,,,,,,,,,,,,,,,,
"SKU-5017039989","de_DE","Mountain Guide Cuando Herren Outdoor-Sportschuh navy/khaki – wasserdicht & rutsc",,,,,,,,,,,,,,,,,,,,,,,,,,,,,,,,,,,"Schuhgröße",,"Material",,"Sicherheitsklasse",,"Herstellernummer",,"Anzahl der Einheiten",,"Maßeinheit",,"Marke","Mountain Guide","Produktart","Outdoor-Schuh","Ursprungsland",,,,,,,,,,,,,,,,,,,,,,,,,,,,,,,,,,,,,,,,,,,,,,,,,,,,,,,165162,,,,,,,,,,,,,,,,,,,,,,,,,,,,,,,,,,,,,,,,,,,,,,,
"SKU-9834509499","de_DE","MSV Handtuchhalter zum Einhängen, 3-stufig, Schwarz, 42 x 22 x 68,5 cm",,,,,,,,,,,,,,,,,,,,,,,,,,,,,,,,,,,"Besonderheiten",,"Montage erforderlich",,"Anzahl der Einheiten",,"Charakter",,"Charakter Familie",,"Durchmesser",,"Länge",,"Thema",,"Herstellernummer",,"Produktart","Handtuchhalter","Set enthält","Handtuchhalter","Material","Metall","Farbe","Schwarz","Marke","MSV","Montage","Über der Tür","Zimmer","Badezimmer","Finish","Matt","Höhe","68,5 cm","Anzahl der Teile","1","Installationsart","Hängend","Stil","Modern","Abteilung","Erwachsene","Ursprungsland","Deutschland","Maßeinheit","Einheit","Anzahl pro Packung","1","Breite","42 cm","Modell","MSV Badaccessoires",,,,,,,,,,,,,,,,,,20442,,,,,,,,,,,,,,,,,,,,,,,,,,,,,,,,,,,,,,,,,,,,,,,
"SKU-0500263191","de_DE","Namuk Kinder Schneehose Schokolade Gr. EU 104 Polyester Crusade",,,,,,,,,,,,,,,,,,,,,,,,,,,,,,,,,,,"Griffmaterial",,"Herstellernummer",,"Länge",,"Anzahl der Einheiten",,"Maßeinheit",,"Marke","Namuk","Produktart","Schneehose","Ursprungsland",,,,,,,,,,,,,,,,,,,,,,,,,,,,,,,,,,,,,,,,,,,,,,,,,,,,,,,,,258583,,,,,,,,,,,,,,,,,,,,,,,,,,,,,,,,,,,,,,,,,,,,,,,
"SKU-4649569251","de_DE","Near Dark Metallpfeife Screen Prince – Eleganter Genuss für unterwegs",,,,,,,,,,,,,,,,,,,,,,,,,,,,,,,,,,,"Farbe","Schwarz","Zustand","Unberaucht/Neu","Ursprungsland","Deutschland",,,,,,,,,,,,,,,,,,,,,,,,,,,,,,,,,,,,,,,,,,,,,,,,,,,,,,,,,,,,,,,,,,8868,,,,,,,,,,,,,,,,,,,,,,,,,,,,,,,,,,,,,,,,,,,,,,,
"SKU-1055381582","de_DE","Nespresso Kaffeegläser Set 130706 Glas Transparent NEU",,,,,,,,,,,,,,,,,,,,,,,,,,,,,,,,,,,"Anlass",,"Franchise",,"Charakter",,"Thema",,"Herstellungsjahr",,"Gedeck für",,"Original/Lizenzierte Reproduktion",,"Vintage",,"Personalisieren",,"Handgefertigt",,"Convention/Event",,"Größe",,"Muster",,"Stil",,"Besonderheiten",,"Abteilung",,"Getränkeart",,"Glasart",,"Herstellungszeitraum",,"Kapazität",,"Anzahl der Einheiten",,"Anzahl der Teile",,"Breite",,"Durchmesser",,"Form",,"Hält kühl für",,"Hält warm für",,"Höhe",,"Maßeinheit",,"Verschlussart",,,,,,,,,,,,,261672,,,,,,,,,,,,,,,,,,,,,,,,,,,,,,,,,,,,,,,,,,,,,,,
"SKU-6625137611","de_DE","Nike DRI-FIT Herren Knöchelsocken 3er-Pack, Gepolstert, Sportlich",,,,,,,,,,,,,,,,,,,,,,,,,,,,,,,,,,,"Charakter",,"Thema",,"Jahreszeit",,"Anzahl pro Packung",,"Besonderheiten",,"Aktivität",,"Zehenart",,"Textilpflege",,"Personalisieren",,"Handgefertigt",,"Größenkategorie",,"Anleitung für Personalisierung",,"Anzahl der Einheiten",,"Maßeinheit",,"Produktart","Socken","Abteilung","Herren","Marke","Nike","Größe","EUR 42-46","Farbe","Weiß","Material","Nylon","Stil","Sportlich","Anlass","Sport, Alltag","Sockenlänge","Knöchelhoch","Muster","Einfarbig","Ursprungsland",,"Herstellernummer","DH3827-902",,,,,,,,,,,,,,,,,,,,11511,,,,,,,,,,,,,,,,,,,,,,,,,,,,,,,,,,,,,,,,,,,,,,,
"SKU-7123124767","de_DE","Nike Jordan Herren T-Shirt 'Man or Machine' - Vintage Basketball XL Schwarz",,,,,,,,,,,,,,,,,,,,,,,,,,,,,,,,,,,"Ärmellänge",,"Charakter Familie",,"Besonderheiten",,"Akzente",,"Produktlinie",,"Gewebeart",,"Jahreszeit",,"Vintage",,"Personalisieren",,"Handgefertigt",,"Größenkategorie",,"Anleitung für Personalisierung",,"Anzahl der Einheiten",,"Herstellungsjahr",,"Maßeinheit",,"Marke","Nike","Produktart","T-Shirt","Abteilung","Herren","Größe","XL","Farbe","Schwarz","Thema","Vintage, 90er Jahre, Basketball","Charakter",,"Ausschnitt","Rundhals","Material","100% Baumwolle","Ursprungsland",,"Passform","Regular Fit","Muster","Logo Print","Textilpflege",,"Modell","Man or Machine","Herstellernummer","571001",,,,,,,,,,,,15687,,,,,,,,,,,,,,,,,,,,,,,,,,,,,,,,,,,,,,,,,,,,,,,
"SKU-3213392901","de_DE","Nike Zoom Vapor 12 CLY Tennisschuhe Herren Clay schwarz/weiß Größe EU 48.5",,,,,,,,,,,,,,,,,,,,,,,,,,,,,,,,,,,"Gebiet",,"Echtheit",,"Motiv",,"Zertifizierung",,"Erhaltungsgrad",,"MICHEL-Nummer",,"MICHEL-Katalogwert",,"Erhaltungszustand",,"Angebotsumfang",,"Expertengeprüft",,"Ursprungsland",,,,,,,,,,,,,,,,,,,,,,,,,,,,,,,,,,,,,,,,,,,,,,,,,,,162068,,,,,,,,,,,,,,,,,,,,,,,,,,,,,,,,,,,,,,,,,,,,,,,
"SKU-3476455542","de_DE","NINTH HALL Sweatshirt Gr. M Unisex Baumwollmischung NEU",,,,,,,,,,,,,,,,,,,,,,,,,,,,,,,,,,,"Verschluss",,"Charakter",,"Gewebeart",,"Thema",,"Jahreszeit",,"Futtermaterial",,"Größenkategorie",,"Vintage",,"Textilpflege",,"Muster",,"Aktivität",,"Besonderheiten",,"Produktlinie",,"Akzente",,"Brustumfang",,"Charakter Familie",,"Herstellungsjahr",,"Kompressionsstufe",,"Kompressionszone",,"Pulloverlänge",,"Saumtyp",,"Strickart",,"Anzahl der Einheiten",,"Marke","NINTH HALL","Stil","Casual","Produktart","Sweatshirt","Größe","M","Farbe","Gelb","Ursprungsland",,"Material","Baumwollmischung",,,,,,,,,,,,179983,,,,,,,,,,,,,,,,,,,,,,,,,,,,,,,,,,,,,,,,,,,,,,,
"SKU-1451160096","de_DE","NIU KQi1 Sport E-Scooter – StVZO-konform, 20km/h, 25km Reichweite",,,,,,,,,,,,,,,,,,,,,,,,,,,,,,,,,,,"Farbe",,"Material",,"Herstellernummer",,"Anzahl der Einheiten",,"Produktart","E-Scooter","Marke","NIU","Besonderheiten","StVZO-konform, Klappbar, Smart Lock, IP54 Wasserdichtigkeit","Modell","KQi1 Sport","Reichweite","Bis zu 25 km","Radgröße","22.9 cm","Leistung","250 W (Nenn), 450 W (Spitze)","Maximales Benutzergewicht","100 kg","Batteriespannung","48 V","Geschwindigkeit","20 km/h","Bremsart","Trommelbremse vorne + Rekuperation","Trittbrett-Breite","14.2 cm","Lenkerhöhe","115.5 cm","Akkuladezeit","5 Stunden","Akkukapazität","243 Wh","Trittbrett-Länge","41.2 cm","Ursprungsland","China","Maßeinheit",,,,,,,,,,,,,,,,,,,,,,,,,,,,,47349,,,,,,,,,,,,,,,,,,,,,,,,,,,,,,,,,,,,,,,,,,,,,,,
"SKU-9014992269","de_DE","NQY Fahrrad Rücklicht Pluto AQY-0117 LED USB wiederaufladbar Schwarz NEU",,,,,,,,,,,,,,,,,,,,,,,,,,,,,,,,,,,"Breite",,"Höhe",,"Länge",,"Anzahl der Einheiten",,"Herstellergarantie",,"Maßeinheit",,"Marke","NQY","Glühbirnentyp","LED","Produktart","Rücklicht","Besonderheiten","Wiederaufladbar, Automatischer Schlafmodus","Farbe","Schwarz","Material","Aluminiumlegierung + hochfestes PC-Material","Ursprungsland",,"Vintage","Nein","Herstellernummer","AQY-0117","Modell","AQY-0117","Gewicht","0.1",,,,,,,,,,,,,,,,,,,,,,,,,,,,,,,,,,,,,,22689,,,,,,,,,,,,,,,,,,,,,,,,,,,,,,,,,,,,,,,,,,,,,,,
"SKU-3341294632","de_DE","NRF Ladeluftkühler Vorne für BMW 3er E46 0030119A",,,,,,,,,,,,,,,,,,,,,,,,,,,,,,,,,,,"Herstellergarantie",,"Oberflächenbeschaffenheit",,"Anzahl der Einheiten",,"Vergleichsnummer",,"Hersteller","NRF","Einbauposition","Vorne","Oldtimer-Teil","Ja","Tuning- & Styling-Teil","Ja","Herstellernummer","0030119A","OE/OEM Referenznummer(n)","0030119A","Maßeinheit","Einheit","Ursprungsland","Deutschland","Universelle Kompatibilität","Nein",,,,,,,,,,,,,,,,,,,,,,,,,,,,,,,,,,,,,,,,,,,,,,14769,,,,,,,,,,,,,,,,,,,,,,,,,,,,,,,,,,,,,,,,,,,,,,,
"SKU-3988740005","de_DE","Offgridtec Sammelschiene 8-01-012830 Heavy Duty mit M8/M10 Anschlussbolzen",,,,,,,,,,,,,,,,,,,,,,,,,,,,,,,,,,,"Größe",,"VESA-Lochmuster",,"Herstellergarantie",,"Herstellungsjahr",,"Marke","Offgridtec","Produktart","Montieren","Herstellernummer","8-01-012830","Besonderheiten","Heavy Duty","Anzahl der Einheiten","1","Maßeinheit","Stück","Ursprungsland",,"Farbe","Schwarz","Markenkompatibilität","Universell","Modellkompatibilität","Universal",,,,,,,,,,,,,,,,,,,,,,,,,,,,,,,,,,,,,,,,,,,,61336,,,,,,,,,,,,,,,,,,,,,,,,,,,,,,,,,,,,,,,,,,,,,,,
"SKU-2841208491","de_DE","Olivia Huth: Hilfst du mir? Dann teilen wir! Freundschaft & Teilen ab 3 Jahren",,,,,,,,,,,,,,,,,,,,,,,,,,,,,,,,,,,"Buchreihe",,"Signiert von",,"Literarische Gattung",,"Zielgruppe",,"Ausgabe",,"Literarische Bewegung",,"Vintage",,"Signiert",,"Personalisiert",,"Beschriftet",,"Personalisieren",,"Exlibris",,"Illustrator",,"Epoche",,"Herstellungszeitraum",,"Anzahl der Einheiten",,"Maßeinheit",,"Anleitung für Personalisierung",,"Thematik","Freundschaft","Autor","Olivia Huth","Sprache","Deutsch","Genre","Geschichte","Verlag","Südpol Verlag Gmbh","Erscheinungsjahr","2020","Originalsprache","Deutsch","Format","Gebundene Ausgabe","Ursprungsland",,"Produktart","Bilderbuch","Buchtitel","Meiner!","Besonderheiten",,,,,,,,,,,,,261186,,,,,,,,,,,,,,,,,,,,,,,,,,,,,,,,,,,,,,,,,,,,,,,
"SKU-8344329494","de_DE","Olsson & Jensen Bellac Dunkelgrau Tischleuchte E27, 40W, Modern",,,,,,,,,,,,,,,,,,,,,,,,,,,,,,,,,,,"Steuerungsart",,"Stromquelle",,"EEK Spektrum",,"Energieeffizienzklasse",,"Personalisieren",,"Anzahl der Einstellungen",,"Ausgangsspannung",,"Besonderheiten",,"Breite",,"Charakter",,"Charakter Familie",,"Energieverbrauch",,"Farbtemperatur",,"Finish",,"Gütesiegel & Kennzeichnungen",,"Herstellergarantie",,"Herstellungsjahr",,"Höhe",,"Lebensdauer der Glühbirne",,"Lichtfarbe",,"Lichtstrom",,"Länge",,"Muster",,"Produktlinie",,"Schirmform",,"Schutzart",,"Sensorart",,"Stromstärke",,"Thema",,"Anleitung für Personalisierung",,,,,,,,,,,,,112581,,,,,,,,,,,,,,,,,,,,,,,,,,,,,,,,,,,,,,,,,,,,,,,
"SKU-7069040223","de_DE","O'Neal Backflip Eclipse V.23 Fullface MTB / Downhill Helm Grau/Neon Gelb",,,,,,,,,,,,,,,,,,,,,,,,,,,,,,,,,,,"Breite",,"Höhe",,"Länge",,"Anzahl der Einheiten",,"Herstellergarantie",,"Maßeinheit",,"Marke","O'Neal","Produktart","Visier","Farbe","Grau/Neon Gelb","Ursprungsland",,"Abteilung","Unisex Erwachsene","Material","EPS,EPS/ABS","Gewicht","1530g","Herstellernummer","0500-145",,,,,,,,,,,,,,,,,,,,,,,,,,,,,,,,,,,,,,,,,,,,177865,,,,,,,,,,,,,,,,,,,,,,,,,,,,,,,,,,,,,,,,,,,,,,,
"SKU-7447779999","de_DE","ONLINE Kalligrafie-Set Anfänger und Fortgeschrittene Mehrfarbig NEU",,,,,,,,,,,,,,,,,,,,,,,,,,,,,,,,,,,"Herstellernummer",,"Anzahl der Einheiten",,"Produktart","Kalligrapie Set","Marke","ONLINE","Maßeinheit","kg","Ursprungsland",,,,,,,,,,,,,,,,,,,,,,,,,,,,,,,,,,,,,,,,,,,,,,,,,,,,,,,,,,,,,41203,,,,,,,,,,,,,,,,,,,,,,,,,,,,,,,,,,,,,,,,,,,,,,,
"SKU-1000000006","de_DE","ONLY SONS Herren Jeansjacke Medium Blue Gr. L Baumwollmischung 22024333",,,,,,,,,,,,,,,,,,,,,,,,,,,,,,,,,,,"Anzahl der Einheiten",,"Akzente",,"Besonderheiten",,"Bundhöhe",,"Distressed",,"Gewebeart",,"Größenkategorie",,"Handgefertigt",,"Herstellungsjahr",,"Hosenträgerknöpfe/Gürtelschlaufen",,"Muster",,"Personalisiert",,"Produktlinie",,"Schrittlänge",,"Stil",,"Taillenumfang",,"Textilpflege",,"Thema",,"Verschluss",,"Vintage",,"Waschung",,"Abteilung","Herren","Produktart","Jeansjacke","Marke","ONLY & SONS","Herstellernummer","22024333","Maßeinheit","L","Ursprungsland",,"Beinform","Regular Fit","Farbe","Medium Blue","Größe","L",,,,,,,,,,,,78696,,,,,,,,,,,,,,,,,,,,,,,,,,,,,,,,,,,,,,,,,,,,,,,
"SKU-9688561402","de_DE","Oventrop Schrägsitzventil DN50 PN25 G2 Messing 1121016 Gold Y-Schmutzfänger",,,,,,,,,,,,,,,,,,,,,,,,,,,,,,,,,,,"Anzahl der Einheiten",,"Modell",,"Marke","Oventrop","Produktart","Y-Schmutzfänger","Herstellernummer","1121016","Ursprungsland",,"Maßeinheit","kg",,,,,,,,,,,,,,,,,,,,,,,,,,,,,,,,,,,,,,,,,,,,,,,,,,,,,,,,,,260496,,,,,,,,,,,,,,,,,,,,,,,,,,,,,,,,,,,,,,,,,,,,,,,
"SKU-3855746092","de_DE","PARKSIDE Benzin-Rucksack-Kombigerät PBRK 700 A1 1.5kW (2 PS Grün NEU",,,,,,,,,,,,,,,,,,,,,,,,,,,,,,,,,,,"Anzahl der Einheiten",,"Maßeinheit",,"Breite",,"Durchmesser",,"Länge",,"Material",,"Oberfläche",,"Farbe","Grün","Marke","PARKSIDE","Herstellernummer","PBRK 700 A1","Ursprungsland",,"Produktart","Benzin-Rucksack-Kombigerät",,,,,,,,,,,,,,,,,,,,,,,,,,,,,,,,,,,,,,,,,,,,,,,,74145,,,,,,,,,,,,,,,,,,,,,,,,,,,,,,,,,,,,,,,,,,,,,,,
"SKU-5133324860","de_DE","Patagonia Freizeithemd Gr. L Herren Bio-Baumwolle Salamandergrün NEU",,,,,,,,,,,,,,,,,,,,,,,,,,,,,,,,,,,"Original/Reproduktion",,"Jahrzehnt",,"Größenkategorie",,"Herstellernummer",,"Unterbrustumfang",,"Schulterbreite",,"Stil","Freizeithemden","Material","Bio-Baumwolle","Marke","Patagonia","Look",,"Farbe","Salamandergrün","Größe","L","Anlass","Freizeit","Ursprungsland",,,,,,,,,,,,,,,,,,,,,,,,,,,,,,,,,,,,,,,,,,,,,175770,,,,,,,,,,,,,,,,,,,,,,,,,,,,,,,,,,,,,,,,,,,,,,,
"SKU-4026350484","de_DE","Patagonia T-Shirt Gr. 24 Herren Recycelte Baumwolle Recyceltes Polyester",,,,,,,,,,,,,,,,,,,,,,,,,,,,,,,,,,,"Original/Reproduktion",,"Größenkategorie",,"Jahrzehnt",,"Look",,"Design",,"Marke","Patagonia","Ursprungsland",,"Material","Recycelte Baumwolle, Recyceltes Polyester","Größe","24","Herstellernummer","87655","Farbe","Sienna Clay","Anlass",,,,,,,,,,,,,,,,,,,,,,,,,,,,,,,,,,,,,,,,,,,,,,,,,175781,,,,,,,,,,,,,,,,,,,,,,,,,,,,,,,,,,,,,,,,,,,,,,,
"SKU-0279594894","de_DE","Patriot Solid State Drive P300P256GM28 256GB m.2 pcie NEU",,,,,,,,,,,,,,,,,,,,,,,,,,,,,,,,,,,"Produktlinie",,"Besonderheiten",,"Cache",,"Speicherart",,"Anzahl der Einheiten",,"Maßeinheit",,"Herstellergarantie",,"Datenübertragungsrate",,"Schnittstelle","M.2,NVME,PCI Express","Marke","Patriot","Speicherkapazität","256 GB","Formfaktor","M.2 2280","Modell","Patriot P300","Produktart","Interne SSD","Unterstützte Laufwerktypen","SSD (Solid State Drive),Interne SSD","Kompatibel mit","Laptop,PC,Mac","Lesegeschwindigkeit","1700MB/s","Farbe","Schwarz","Schreibgeschwindigkeit","1100 MB/s","Ursprungsland",,"Herstellernummer","P300P256GM28","Breite","22 mm","Höhe","3,8 mm","Länge","80 mm",,,,,,,,,,,,,,,,,,,,,,,,175669,,,,,,,,,,,,,,,,,,,,,,,,,,,,,,,,,,,,,,,,,,,,,,,
"SKU-9317337160","de_DE","PAUDIN Santokumesser",,,,,,,,,,,,,,,,,,,,,,,,,,,,,,,,,,,"Produktart",,"Set enthält",,"Muster",,"Anzahl der Teile",,"Anzahl der Stufen",,"Personalisieren",,"Klingenkante",,"Inkludierte Bestandteile",,"Herstellergarantie",,"Herstellernummer",,"Länge",,"Breite",,"Modell",,"Anzahl der Einheiten",,"Maßeinheit",,"Anleitung für Personalisierung",,"Zubereitungsart",,"Marke","PAUDIN","Ursprungsland",,"Material","Edelstahl, Pakkawood","Geeignete Lebensmittel",,"Farbe","Braun, Silber","Griffmaterial",,"Klingenlänge","17 cm","Besonderheiten","Wasserresistent, Ergonomischer Griff, Damast-Optik, Hohlschliff",,,,,,,,,,,,,,,,,,,,,,177005,,,,,,,,,,,,,,,,,,,,,,,,,,,,,,,,,,,,,,,,,,,,,,,
"SKU-8857013241","de_DE","Paul Green Damen Schnürschuhe 2688-00x Softlack Schwarz, Größe 38,5 (US 7,5)",,,,,,,,,,,,,,,,,,,,,,,,,,,,,,,,,,,"Innensohlenmaterial",,"Futtermaterial",,"Schuhschaft-Typ",,"Jahreszeit",,"AU-Schuhgröße",,"UK-Schuhgröße",,"US-Schuhgröße",,"Modell",,"Absatzart",,"Thema",,"Schuhweite",,"Akzente",,"Verschluss",,"Schuhspitze",,"Produktlinie",,"Gewebeart",,"Anlass",,"Muster",,"Plateauhöhe",,"Vintage",,"Wadenweite",,"Personalisieren",,"Individualisiert",,"Anleitung für Personalisierung",,"Anzahl der Einheiten",,"Charakter",,"Herstellernummer",,"Maßeinheit",,"EU-Schuhgröße","38,5","Abteilung","Damen",,,,,,,,,,,,53557,,,,,,,,,,,,,,,,,,,,,,,,,,,,,,,,,,,,,,,,,,,,,,,
"SKU-8367978772","de_DE","Pelikan Farbband Gr. 156 C Correctable für präzise, fehlerfreie Texte",,,,,,,,,,,,,,,,,,,,,,,,,,,,,,,,,,,"Farbe",,"Material",,"Format",,"Herstellernummer",,"Anzahl der Einheiten",,"Maßeinheit",,"Abmessung",,"Produktart","Farbband","Marke","Pelikan","Ursprungsland",,,,,,,,,,,,,,,,,,,,,,,,,,,,,,,,,,,,,,,,,,,,,,,,,,,,,9606,,,,,,,,,,,,,,,,,,,,,,,,,,,,,,,,,,,,,,,,,,,,,,,
"SKU-8205373469","de_DE","Penthouse Damen String Ouvert Schwarz Gr. L/xL Hot Getaway",,,,,,,,,,,,,,,,,,,,,,,,,,,,,,,,,,,"Kompatibel mit",,"Spielerposition",,"Sportart/Aktivität",,"Anzahl der Einheiten",,"Breite",,"Erfahrungsniveau",,"Herstellernummer",,"Länge",,"Produktart","String Ouvert","Marke","PENTHOUSE","Abteilung","Damen","Farbe","Schwarz","Material",,"Modell","Hot Getaway","Ursprungsland",,"Maßeinheit","L",,,,,,,,,,,,,,,,,,,,,,,,,,,,,,,,,,,,,,,,261817,,,,,,,,,,,,,,,,,,,,,,,,,,,,,,,,,,,,,,,,,,,,,,,
"SKU-0563915773","de_DE","PENTHOUSE String Open Secret Damen Gr. L/xL Polyamid Schwarz",,,,,,,,,,,,,,,,,,,,,,,,,,,,,,,,,,,"Kompatibel mit",,"Spielerposition",,"Sportart/Aktivität",,"Anzahl der Einheiten",,"Breite",,"Erfahrungsniveau",,"Herstellernummer",,"Länge",,"Produktart","String","Marke","PENTHOUSE","Abteilung","Damen","Farbe","Schwarz","Material","Polyamid","Modell","Open Secret","Ursprungsland",,"Maßeinheit","L",,,,,,,,,,,,,,,,,,,,,,,,,,,,,,,,,,,,,,,,261817,,,,,,,,,,,,,,,,,,,,,,,,,,,,,,,,,,,,,,,,,,,,,,,
"SKU-9988960743","de_DE","Pepe Jeans London W Albal Damen Sneaker Elegant Gold / Beige NEU OVP Gr. 40",,,,,,,,,,,,,,,,,,,,,,,,,,,,,,,,,,,"Produktlinie",,"Modell",,"UK-Schuhgröße",,"US-Schuhgröße",,"Charakter",,"Schuhschaft-Typ",,"Akzente",,"Gewebeart",,"Produktart",,"Aktivität",,"Muster",,"Erscheinungsjahr",,"Herstellungsjahr",,"Stollentyp",,"Vintage",,"Signiert",,"Herstellernummer",,"Individualisiert",,"Anzahl der Einheiten",,"Maßeinheit",,"Pronation",,"EU-Schuhgröße","40","Marke","Pepe Jeans","Abteilung","Damen","Stil","Sneaker","Farbe","Beige","Obermaterial","Synthetik","Innensohlenmaterial","Synthetik","Futtermaterial","Synthetik","Laufsohlenmaterial","Synthetik",,,,,,,,,,,,95672,,,,,,,,,,,,,,,,,,,,,,,,,,,,,,,,,,,,,,,,,,,,,,,
"SKU-7514362439","de_DE","Philips Airfryer 3000 Series NA331/00 6,2L Heißluftfritteuse Digital",,,,,,,,,,,,,,,,,,,,,,,,,,,,,,,,,,,"Öl-Fassungsvermögen",,"Anzahl der Scheiben",,"Anzahl der Bleche",,"Stromquelle",,"Herstellergarantie",,"Set enthält",,"Gedeck für",,"Minimale Temperatur",,"Anzahl der Einheiten",,"Marke","Philips","Produktart","Heißluftfritteuse","Anzahl der Einstellungen/Programme","Vorprogrammiert","Material","Kunststoff, Metall","Farbe","Schwarz","Leistung","1700 Watt","Bestandteile inbegriffen",,"Besonderheiten","Timer, Temperaturregelung, Antihaftbeschichtung","Modell","NA331/00","Breite","15,0 cm","Tiefe","xx cm","Spannung","220-240 V","Ursprungsland","DE","Maximale Temperatur","200","Höhe","xx cm","Herstellernummer","NA331/00","Gewicht","5600","Maximale Timerzeit","60 Minuten","Maßeinheit",,,,,,,,,,,,,,,,,185033,,,,,,,,,,,,,,,,,,,,,,,,,,,,,,,,,,,,,,,,,,,,,,,
"SKU-1423771699","de_DE","Piaggio Keilriemen Antrieb für Piaggio MP3 530 HPE 1A020495",,,,,,,,,,,,,,,,,,,,,,,,,,,,,,,,,,,"Einbauposition",,"Maßeinheit",,"Oldtimer-Teil",,"Oberflächenbeschaffenheit",,"Tuning- & Styling-Teil",,"Personalisieren",,"Universelle Kompatibilität",,"Herstellergarantie",,"OE/OEM Referenznummer(n)",,"Anleitung für Personalisierung",,"Vergleichsnummer",,"Hersteller","Piaggio","Ursprungsland",,"Herstellernummer","102C-510","Anzahl der Einheiten","1",,,,,,,,,,,,,,,,,,,,,,,,,,,,,,,,,,,,,,,,,,9886,,,,,,,,,,,,,,,,,,,,,,,,,,,,,,,,,,,,,,,,,,,,,,,
"SKU-4641833225","de_DE","Pierburg Luftmassenmesser 7.22184.39.0 für AUDI VW Porsche - Original Qualität",,,,,,,,,,,,,,,,,,,,,,,,,,,,,,,,,,,"Im Lieferumfang enthalten",,"Einbauposition",,"Schlüsselweite",,"Anschlusstyp",,"Herstellergarantie",,"Breite",,"Durchmesser",,"Gewicht",,"Gewindedurchmesser",,"Höhe",,"Länge",,"Montageart",,"Oldtimer-Teil",,"Tuning- & Styling-Teil",,"Universelle Kompatibilität",,"Vergleichsnummer",,"Hersteller","Pierburg","Anzahl der Kabel","5","Anzahl der Sensoren","1","Produktart","Sensor","Sensorart","Luftmassensensor","Steckertyp","Stecker","Material",,"Ursprungsland",,"Besonderheiten",,"Herstellernummer","7.22184.39.0","OE/OEM Referenznummer(n)","059 906 461 N","Steckerfarbe",,,,,,,,,,,,,,,,,33557,,,,,,,,,,,,,,,,,,,,,,,,,,,,,,,,,,,,,,,,,,,,,,,
"SKU-0231755176","de_DE","PME Legend Cargohose PTR2408602-6416 Herren 98% Baumwolle 2% Elasthan",,,,,,,,,,,,,,,,,,,,,,,,,,,,,,,,,,,"Größe",,"Anzahl der Einheiten",,"Maßeinheit",,"Akzente",,"Bundhöhe",,"Gewebeart",,"Größenkategorie",,"Herstellungsjahr",,"Hosenträgerknöpfe/Gürtelschlaufen",,"Jahreszeit",,"Muster",,"Personalisiert",,"Produktlinie",,"Schrittlänge",,"Taillenumfang",,"Thema",,"Verschluss",,"Vintage",,"Marke","PME Legend","Herstellernummer","PTR2408602-6416","Ursprungsland",,"Abteilung","Herren","Anlass","Freizeit","Beinform","Tapered Fit","Besonderheiten",,"Farbe","Olivgrün","Material","98% Baumwolle, 2% Elasthan","Modell","Nordrop Cargo","Passform","Tapered Fit","Stil","Cargo",,,,,,,,,,,,65415,,,,,,,,,,,,,,,,,,,,,,,,,,,,,,,,,,,,,,,,,,,,,,,
"SKU-6508368269","de_DE","PME Legend Cargohose PTR2408602-6416 Herren Gr. W33 L32 Stretch Twill",,,,,,,,,,,,,,,,,,,,,,,,,,,,,,,,,,,"Anzahl der Einheiten",,"Maßeinheit",,"Akzente",,"Bundhöhe",,"Größenkategorie",,"Herstellungsjahr",,"Hosenträgerknöpfe/Gürtelschlaufen",,"Jahreszeit",,"Personalisiert",,"Produktlinie",,"Schrittlänge",,"Taillenumfang",,"Textilpflege",,"Thema",,"Verschluss",,"Vintage",,"Größe","W33 L32","Marke","PME Legend","Herstellernummer","PTR2408602-6416","Ursprungsland",,"Abteilung","Herren","Anlass","Freizeit","Beinform","Tapered Fit","Besonderheiten","Taschen","Farbe","Travertine","Gewebeart","Twill","Material","Stretch Twill","Modell","Nordrop Cargo","Muster","Ohne Muster","Passform","Tapered Fit",,,,,,,,,,,,65415,,,,,,,,,,,,,,,,,,,,,,,,,,,,,,,,,,,,,,,,,,,,,,,
"SKU-9543142444","de_DE","PME Legend Erwachsene Cargohose Olivgrün Gr. W34 L32 Stretch Twill",,,,,,,,,,,,,,,,,,,,,,,,,,,,,,,,,,,"Marke","PME Legend","Farbe","Olivgrün","Geschlecht","Herren","Größe","W34 L32","Material","Stretch Twill","Ursprungsland",,,,,,,,,,,,,,,,,,,,,,,,,,,,,,,,,,,,,,,,,,,,,,,,,,,,,,,,,,,,,44660,,,,,,,,,,,,,,,,,,,,,,,,,,,,,,,,,,,,,,,,,,,,,,,
"SKU-0606185267","de_DE","PME Legend Herren Cargohose NORDROP Olivgrün Stretch Twill W30 L32",,,,,,,,,,,,,,,,,,,,,,,,,,,,,,,,,,,"Gewebeart",,"Thema",,"Bundfalte",,"Produktlinie",,"Größenkategorie",,"Akzente",,"Vintage",,"Textilpflege",,"Personalisieren",,"Handgefertigt",,"Anleitung für Personalisierung",,"Anzahl der Einheiten",,"Maßeinheit",,"Abteilung","Herren","Größe","W30/L32","Marke","PME Legend","Stil","Cargo","Produktart","Cargohose","Farbe","Olivgrün","Material","Stretch Twill","Taillenumfang","32 in","Besonderheiten","UV-Schutz","Passform","Regular","Jahreszeit","Ganzjährig","Muster","Uni","Ursprungsland",,"Anlass","Freizeit","Beinform","Gerade","Verschluss","Reißverschluss, Knopf","Modell","NORDROP",,,,,,,,,,,,57989,,,,,,,,,,,,,,,,,,,,,,,,,,,,,,,,,,,,,,,,,,,,,,,
"SKU-0167269441","de_DE","PME Legend Herren Cargohose olive night Baumwolle Elasthan PTR2408602-6416",,,,,,,,,,,,,,,,,,,,,,,,,,,,,,,,,,,"Größe",,"Marke","PME Legend","Farbe","olive night","Geschlecht","Herren","Material","Baumwolle, Elasthan","Ursprungsland",,,,,,,,,,,,,,,,,,,,,,,,,,,,,,,,,,,,,,,,,,,,,,,,,,,,,,,,,,,,,44660,,,,,,,,,,,,,,,,,,,,,,,,,,,,,,,,,,,,,,,,,,,,,,,
"SKU-7167329167","de_DE","PME Legend Herren Cargohose Olive Night Gr. W34 L34 Stretch Twill",,,,,,,,,,,,,,,,,,,,,,,,,,,,,,,,,,,"Anzahl der Einheiten",,"Maßeinheit",,"Größenkategorie",,"Herstellungsjahr",,"Hosenträgerknöpfe/Gürtelschlaufen",,"Jahreszeit",,"Muster",,"Produktlinie",,"Schrittlänge",,"Taillenumfang",,"Textilpflege",,"Thema",,"Größe","W34 L34","Marke","PME Legend","Herstellernummer","PTR2408602-6416","Ursprungsland",,"Abteilung","Herren","Akzente",,"Anlass","Freizeit","Beinform","Tapered Fit","Besonderheiten","Anti-UV","Bundhöhe","Mittel","Farbe","Olive Night","Gewebeart","Twill","Material","Stretch Twill","Modell","Nordrop Cargo","Passform","Tapered Fit","Personalisiert","Nein","Stil","Cargo","Verschluss",,,,,,,,,,,,,65415,,,,,,,,,,,,,,,,,,,,,,,,,,,,,,,,,,,,,,,,,,,,,,,
"SKU-2808592829","de_DE","PME Legend Herren Cargohose Olive Night Gr. W36 L34 Stretch Twill",,,,,,,,,,,,,,,,,,,,,,,,,,,,,,,,,,,"Anzahl der Einheiten",,"Maßeinheit",,"Akzente",,"Bundhöhe",,"Größenkategorie",,"Herstellungsjahr",,"Hosenträgerknöpfe/Gürtelschlaufen",,"Muster",,"Personalisiert",,"Produktlinie",,"Taillenumfang",,"Textilpflege",,"Thema",,"Vintage",,"Größe","W36 L34","Marke","PME Legend","Herstellernummer","PTR2408602-6416","Ursprungsland",,"Abteilung","Herren","Anlass","Freizeit","Beinform","Tapered Fit","Besonderheiten","Stretch","Farbe","Olive Night","Gewebeart","Twill","Jahreszeit","Ganzjährig","Material","Stretch Twill","Modell","Nordrop","Passform","Tapered Fit","Schrittlänge","68 cm","Stil","Cargo",,,,,,,,,,,,65415,,,,,,,,,,,,,,,,,,,,,,,,,,,,,,,,,,,,,,,,,,,,,,,
"SKU-8923961743","de_DE","PME Legend Herren Cargohose Olivgrün Gr. W31 L32 Baumwolle PTR2408602-6416",,,,,,,,,,,,,,,,,,,,,,,,,,,,,,,,,,,"Marke","PME Legend","Farbe","Olivgrün","Geschlecht","Herren","Größe","W31 L32","Material","Baumwolle","Ursprungsland",,,,,,,,,,,,,,,,,,,,,,,,,,,,,,,,,,,,,,,,,,,,,,,,,,,,,,,,,,,,,44660,,,,,,,,,,,,,,,,,,,,,,,,,,,,,,,,,,,,,,,,,,,,,,,
"SKU-9495443556","de_DE","PME Legend Herren Cargohose Olivgrün Gr. W36 L32 98% Baumwolle 2% Elasthan",,,,,,,,,,,,,,,,,,,,,,,,,,,,,,,,,,,"Anzahl der Einheiten",,"Maßeinheit",,"Akzente",,"Anlass",,"Besonderheiten",,"Bundhöhe",,"Gewebeart",,"Größenkategorie",,"Herstellungsjahr",,"Hosenträgerknöpfe/Gürtelschlaufen",,"Jahreszeit",,"Muster",,"Personalisiert",,"Produktlinie",,"Schrittlänge",,"Taillenumfang",,"Textilpflege",,"Thema",,"Verschluss",,"Vintage",,"Größe","W36 L32","Marke","PME Legend","Herstellernummer","PTR2408602-6416","Ursprungsland",,"Abteilung","Herren","Beinform","Tapered Fit","Farbe","Olivgrün","Material","98% Baumwolle, 2% Elasthan","Modell","Nordrop","Passform","Tapered Fit",,,,,,,,,,,,65415,,,,,,,,,,,,,,,,,,,,,,,,,,,,,,,,,,,,,,,,,,,,,,,
"SKU-7739152864","de_DE","PME Legend Herren Cargohose Travertine Gr. W31 L34 Stretch Twill",,,,,,,,,,,,,,,,,,,,,,,,,,,,,,,,,,,"Anzahl der Einheiten",,"Maßeinheit",,"Akzente",,"Anlass",,"Bundhöhe",,"Größenkategorie",,"Herstellungsjahr",,"Hosenträgerknöpfe/Gürtelschlaufen",,"Jahreszeit",,"Muster",,"Personalisiert",,"Produktlinie",,"Schrittlänge",,"Stil",,"Taillenumfang",,"Textilpflege",,"Verschluss",,"Vintage",,"Größe","W31 L34","Marke","PME Legend","Herstellernummer","PTR2408602-6416","Ursprungsland",,"Abteilung","Herren","Beinform","Klassisch","Besonderheiten","Anti-UV, Cargotaschen","Farbe","Travertine","Gewebeart","Twill","Material","Stretch Twill","Modell","Nordrop Stretch Twill","Passform","Klassisch",,,,,,,,,,,,65415,,,,,,,,,,,,,,,,,,,,,,,,,,,,,,,,,,,,,,,,,,,,,,,
"SKU-2215117275","de_DE","PME Legend Herren Cargohose Travertine Gr. W32 L32 Stretch Twill",,,,,,,,,,,,,,,,,,,,,,,,,,,,,,,,,,,"Marke","PME Legend","Farbe","Travertine","Geschlecht","Herren","Größe","W32 L32","Material","Stretch Twill","Ursprungsland",,,,,,,,,,,,,,,,,,,,,,,,,,,,,,,,,,,,,,,,,,,,,,,,,,,,,,,,,,,,,44660,,,,,,,,,,,,,,,,,,,,,,,,,,,,,,,,,,,,,,,,,,,,,,,
"SKU-4271597760","de_DE","PME Legend Herren Cargohose Travertine Gr. W33 L34 Stretch Twill",,,,,,,,,,,,,,,,,,,,,,,,,,,,,,,,,,,"Marke","PME Legend","Farbe","Travertine","Geschlecht","Herren","Größe","W33 L34","Material","Stretch Twill","Ursprungsland",,,,,,,,,,,,,,,,,,,,,,,,,,,,,,,,,,,,,,,,,,,,,,,,,,,,,,,,,,,,,44660,,,,,,,,,,,,,,,,,,,,,,,,,,,,,,,,,,,,,,,,,,,,,,,
"SKU-4862349606","de_DE","PME LEGEND Herren Langarm Poloshirt AMERICAN CLASSIC Baumwolle UV-Schutz",,,,,,,,,,,,,,,,,,,,,,,,,,,,,,,,,,,"Charakter",,"Aktivität",,"Produktlinie",,"Muster",,"Anlass",,"Verschluss",,"Ausschnitt",,"Gewebeart",,"Modell",,"Größenkategorie",,"Kragenart",,"Vintage",,"Personalisieren",,"Handgefertigt",,"Brustumfang",,"Shirt-Länge",,"Textilpflege",,"Waschung",,"Anleitung für Personalisierung",,"Marke","PME Legend","Abteilung","Herren","Größe","XXL","Produktart","Poloshirt","Farbe","Dunkelblau","Ärmellänge","Langarm","Passform","Regular Fit","Material","100% Baumwolle","Thema","Logo","Ursprungsland",,"Akzente","Logo",,,,,,,,,,,,185101,,,,,,,,,,,,,,,,,,,,,,,,,,,,,,,,,,,,,,,,,,,,,,,
"SKU-4906689601","de_DE","PME LEGEND Herren Poloshirt Blau Gr. L 100% Baumwolle",,,,,,,,,,,,,,,,,,,,,,,,,,,,,,,,,,,"Charakter",,"Aktivität",,"Thema",,"Produktlinie",,"Muster",,"Akzente",,"Verschluss",,"Ausschnitt",,"Jahreszeit",,"Gewebeart",,"Besonderheiten",,"Kragenart",,"Brustumfang",,"Herstellernummer",,"Shirt-Länge",,"Textilpflege",,"Waschung",,"Anleitung für Personalisierung",,"Marke","PME Legend","Abteilung","Herren","Größe","L","Produktart","Poloshirt","Farbe","Blau","Ärmellänge","Langarm","Passform","Regular Fit","Material","100% Baumwolle","Ursprungsland",,"Anlass","Freizeit","Modell","PPS2408801","Größenkategorie","Normalgröße",,,,,,,,,,,,185101,,,,,,,,,,,,,,,,,,,,,,,,,,,,,,,,,,,,,,,,,,,,,,,
"SKU-8896806933","de_DE","PME LEGEND Herren Poloshirt Blau Gr. M",,,,,,,,,,,,,,,,,,,,,,,,,,,,,,,,,,,"Charakter",,"Aktivität",,"Thema",,"Produktlinie",,"Muster",,"Anlass",,"Akzente",,"Verschluss",,"Ausschnitt",,"Jahreszeit",,"Gewebeart",,"Besonderheiten",,"Größenkategorie",,"Kragenart",,"Vintage",,"Personalisieren",,"Handgefertigt",,"Brustumfang",,"Herstellernummer",,"Shirt-Länge",,"Textilpflege",,"Waschung",,"Anleitung für Personalisierung",,"Marke","PME Legend","Abteilung","Herren","Größe","M","Produktart","Poloshirt","Farbe","Blau","Ärmellänge","Langarm","Passform","Regular",,,,,,,,,,,,185101,,,,,,,,,,,,,,,,,,,,,,,,,,,,,,,,,,,,,,,,,,,,,,,
"SKU-4129459884","de_DE","PME LEGEND Herren Poloshirt Blau Gr.xL Baumwolle",,,,,,,,,,,,,,,,,,,,,,,,,,,,,,,,,,,"Charakter",,"Aktivität",,"Thema",,"Produktlinie",,"Muster",,"Anlass",,"Akzente",,"Verschluss",,"Ausschnitt",,"Gewebeart",,"Modell",,"Größenkategorie",,"Kragenart",,"Vintage",,"Personalisieren",,"Handgefertigt",,"Brustumfang",,"Shirt-Länge",,"Waschung",,"Anleitung für Personalisierung",,"Marke","PME Legend","Abteilung","Herren","Größe","XL","Produktart","Poloshirt","Farbe","Blau","Ärmellänge","Langarm","Passform","Komfortabel","Material","Baumwolle","Ursprungsland",,"Jahreszeit",,,,,,,,,,,,,185101,,,,,,,,,,,,,,,,,,,,,,,,,,,,,,,,,,,,,,,,,,,,,,,
"SKU-4465818458","de_DE","PME LEGEND Herren Poloshirt Dunkelblau Gr. L 100% Baumwolle Piqué",,,,,,,,,,,,,,,,,,,,,,,,,,,,,,,,,,,"Charakter",,"Aktivität",,"Thema",,"Produktlinie",,"Muster",,"Akzente",,"Verschluss",,"Ausschnitt",,"Jahreszeit",,"Gewebeart",,"Besonderheiten",,"Größenkategorie",,"Kragenart",,"Vintage",,"Personalisieren",,"Handgefertigt",,"Brustumfang",,"Herstellernummer",,"Shirt-Länge",,"Textilpflege",,"Waschung",,"Anleitung für Personalisierung",,"Marke","PME Legend","Abteilung","Herren","Größe","L","Produktart","Poloshirt","Farbe","Dunkelblau","Ärmellänge","Kurzarm","Passform","Regular Fit","Material","100% Baumwolle Piqué",,,,,,,,,,,,185101,,,,,,,,,,,,,,,,,,,,,,,,,,,,,,,,,,,,,,,,,,,,,,,
"SKU-9245031381","de_DE","PME LEGEND Herren Poloshirt Dunkelblau Gr. M",,,,,,,,,,,,,,,,,,,,,,,,,,,,,,,,,,,"Charakter",,"Material",,"Aktivität",,"Produktlinie",,"Muster",,"Verschluss",,"Ausschnitt",,"Jahreszeit",,"Gewebeart",,"Modell",,"Größenkategorie",,"Kragenart",,"Vintage",,"Personalisieren",,"Handgefertigt",,"Brustumfang",,"Shirt-Länge",,"Textilpflege",,"Waschung",,"Anleitung für Personalisierung",,"Marke","PME Legend","Abteilung","Herren","Größe","M","Produktart","Poloshirt","Farbe","Dunkelblau","Ärmellänge","Langarm","Passform","Regular","Thema",,"Ursprungsland",,"Anlass","Freizeit",,,,,,,,,,,,185101,,,,,,,,,,,,,,,,,,,,,,,,,,,,,,,,,,,,,,,,,,,,,,,
"SKU-3102719705","de_DE","PME LEGEND Herren Poloshirt Dunkelblau Gr.xL 100% Baumwolle",,,,,,,,,,,,,,,,,,,,,,,,,,,,,,,,,,,"Charakter",,"Aktivität",,"Produktlinie",,"Muster",,"Verschluss",,"Ausschnitt",,"Jahreszeit",,"Gewebeart",,"Besonderheiten",,"Größenkategorie",,"Kragenart",,"Vintage",,"Personalisieren",,"Handgefertigt",,"Brustumfang",,"Herstellernummer",,"Shirt-Länge",,"Textilpflege",,"Waschung",,"Anleitung für Personalisierung",,"Marke","PME Legend","Abteilung","Herren","Größe","XL","Produktart","Poloshirt","Farbe","Dunkelblau","Ärmellänge","Langarm","Passform","Regular Fit","Material","100% Baumwolle","Thema",,"Ursprungsland",,,,,,,,,,,,,185101,,,,,,,,,,,,,,,,,,,,,,,,,,,,,,,,,,,,,,,,,,,,,,,
"SKU-4645470868","de_DE","PME LEGEND Herren Poloshirt Dunkelblau Gr.xxL 100% Baumwolle",,,,,,,,,,,,,,,,,,,,,,,,,,,,,,,,,,,"Charakter",,"Aktivität",,"Thema",,"Produktlinie",,"Muster",,"Ausschnitt",,"Jahreszeit",,"Gewebeart",,"Größenkategorie",,"Kragenart",,"Vintage",,"Personalisieren",,"Handgefertigt",,"Brustumfang",,"Herstellernummer",,"Shirt-Länge",,"Textilpflege",,"Waschung",,"Anleitung für Personalisierung",,"Marke","PME Legend","Abteilung","Herren","Größe","XXL","Produktart","Poloshirt","Farbe","Dunkelblau","Ärmellänge",,"Passform","Regular Fit","Material","100% Baumwolle","Ursprungsland",,"Anlass","Freizeit","Akzente","Knopf",,,,,,,,,,,,185101,,,,,,,,,,,,,,,,,,,,,,,,,,,,,,,,,,,,,,,,,,,,,,,
"SKU-1746174206","de_DE","Polcar Außenspiegel Rechts elektrisch beheizt für Fiat Ducato 3238522E",,,,,,,,,,,,,,,,,,,,,,,,,,,,,,,,,,,"Farbe",,"Befestigungsart",,"Oberflächenbeschaffenheit",,"Im Lieferumfang enthalten",,"OE/OEM Referenznummer(n)",,"Breite",,"Farbcode",,"Höhe",,"Länge",,"Vergleichsnummer",,"Hersteller","Polcar","Produktart","Außenspiegel","Einbauposition","Rechts","Besonderheiten","Beheizt","Anzahl der Teile","1","Material","Kunststoff","Spiegeleinstellung","Elektronisch einklappbar","Oldtimer-Teil","Nein","Gewicht","100 g","Ursprungsland",,"Tuning- & Styling-Teil","Nein","Universelle Kompatibilität","Nein","Herstellergarantie","2 Jahre","Herstellernummer","3238522E",,,,,,,,,,,,,,,,,,,,,,,,262161,,,,,,,,,,,,,,,,,,,,,,,,,,,,,,,,,,,,,,,,,,,,,,,
"SKU-0698797502","de_DE","Police WALDO Echtleder-Geldbörse für Herren mit stilvoller Ordnung",,,,,,,,,,,,,,,,,,,,,,,,,,,,,,,,,,,"Besonderheiten",,"Charakter",,"Akzente",,"Gewebeart",,"Anleitung für Personalisierung",,"Anzahl der Einheiten",,"Maßeinheit",,"Abteilung","Herren","Produktart","Geldbörse","Marke","Police","Material","Echtleder","Farbe","Braun","Stil","Bifold mit Münzfach","Thema","Klassisch","Ursprungsland",,"Muster","Uni","Vintage","Nein","Handgefertigt","Nein","Personalisieren","Nein","Herstellernummer","PT284.10054-03","Herstellungsjahr","2010-2019",,,,,,,,,,,,,,,,,,,,,,,,,,,,,,2996,,,,,,,,,,,,,,,,,,,,,,,,,,,,,,,,,,,,,,,,,,,,,,,
"SKU-7350795017","de_DE","Primewire Antennenkabel 15m gewinkelt für optimale Signalqualität",,,,,,,,,,,,,,,,,,,,,,,,,,,,,,,,,,,"Anzahl der Leiter",,"Verseilung (Anzahl der Drähte)",,"Isoliermaterial",,"Drahtart",,"Nennstrom",,"Leitermaterial",,"Beständigkeitseigenschaften",,"Spannung",,"Drahtstärke",,"Anzahl der Einheiten",,"Länge",,"Maßeinheit",,"Marke","Primewire","Farbe","Schwarz","Anwendung","TV","Ursprungsland",,"Herstellernummer","302867",,,,,,,,,,,,,,,,,,,,,,,,,,,,,,,,,,,,,,259293,,,,,,,,,,,,,,,,,,,,,,,,,,,,,,,,,,,,,,,,,,,,,,,
"SKU-7977735758","de_DE","Puma Boxershorts Gr.xL Herren Baumwolle Grau Schwarz NEU",,,,,,,,,,,,,,,,,,,,,,,,,,,,,,,,,,,"Thema",,"Charakter",,"Muster",,"Charakter Familie",,"Größenkategorie",,"Anleitung für Personalisierung",,"Anzahl der Einheiten",,"Herstellernummer",,"Maßeinheit",,"Modell",,"Abteilung","Herren","Stil","Boxershorts","Marke","PUMA","Material","Baumwolle","Größe","XL","Produktart","Unterhose","Farbe","Grau","Besonderheiten",,"Gewebeart","Jersey","Ursprungsland","Jersey","Anzahl pro Packung","2-teilig","Vintage","Nein","Textilpflege","Maschinenwäsche","Personalisieren","Nein",,,,,,,,,,,,,,,,,,,,,,,,11507,,,,,,,,,,,,,,,,,,,,,,,,,,,,,,,,,,,,,,,,,,,,,,,
"SKU-9436640030","de_DE","Puma Herren Golfschuh Fusion Crush Sport – Wasserdicht, Gr. 44, Weiß/Grau",,,,,,,,,,,,,,,,,,,,,,,,,,,,,,,,,,,"UK-Schuhgröße",,"AU-Schuhgröße",,"US-Schuhgröße",,"Jahreszeit",,"Charakter",,"Charakter Familie",,"Herstellernummer",,"Pronation",,"Sprengung",,"Stollentyp",,"Zwischensohlen-Typ",,"Anleitung für Personalisierung",,"Anzahl der Einheiten",,"Marke","PUMA","EU-Schuhgröße","44","Abteilung","Herren","Aktivität","Golf","Produktlinie","PUMA Classic","Besonderheiten",,"Farbe","Weiß/Grau mit Rot","Obermaterial","Unbekannt","Innensohlenmaterial","Synthetik","Laufsohlenmaterial","Synthetik","Futtermaterial","Synthetik","Schuhweite","M","Modell","Fusion Crush","Thema","Sport","Produktart","Sportschuh","Herstellungsjahr","2020-2029","Stil","Golfschuhe",,,,,,,,,,,,181136,,,,,,,,,,,,,,,,,,,,,,,,,,,,,,,,,,,,,,,,,,,,,,,
"SKU-3368481451","de_DE","PUMA Palais Artisan Clyde Unisex Sneaker Chocotart-Frosted Ivory",,,,,,,,,,,,,,,,,,,,,,,,,,,,,,,,,,,"Herstellernummer",,"Anzahl der Einheiten",,"Maßeinheit",,"Absatzart",,"Absatzhöhe",,"Aktivität",,"Akzente",,"Anlass",,"Charakter",,"Charakter Familie",,"Dämpfungsgrad",,"Gewebeart",,"Herstellungsjahr",,"Individualisiert",,"Jahreszeit",,"Muster",,"Personalisiert",,"Plateauhöhe",,"Produktlinie",,"Pronation",,"Schuhgröße",,"Schuhschaft-Typ",,"Schuhspitze",,"Schuhweite",,"Signiert",,"Sprengung",,"Stollenform",,"Stollentyp",,"Vintage",,"Wadenweite",,,,,,,,,,,,,35381,,,,,,,,,,,,,,,,,,,,,,,,,,,,,,,,,,,,,,,,,,,,,,,
"SKU-5722168408","de_DE","PUMA Road Rider SD Unisex Sneaker vivid blue/vapor gray Größe 38",,,,,,,,,,,,,,,,,,,,,,,,,,,,,,,,,,,"Franchise",,"Set enthält",,"Kleidungsart",,"Kollektion",,"Kleidungsstil",,"Verkaufseinheit",,"Original/Lizenzierte Reproduktion",,"Anlass",,"Antik",,"Charakter",,"Herstellungszeitraum",,"Kompatible Bärengröße",,"Material",,"Vintage",,"Altersempfehlung",,"Anzahl der Einheiten",,"Breite",,"Gewicht",,"Handgefertigt",,"Herstellernummer",,"Herstellungsjahr",,"Höhe",,"Künstler",,"Länge",,"Maßeinheit",,"Personalisiert",,"Produktart","Sneaker","Anzahl der Teile","38","Farbe","Vivid Blue / Vapor Gray","Tierart","Puma",,,,,,,,,,,,387,,,,,,,,,,,,,,,,,,,,,,,,,,,,,,,,,,,,,,,,,,,,,,,
"SKU-0135090467","de_DE","Purahelp Warnwesten Set PH-WW-SET+1 Kinder Erwachsene Gelb",,,,,,,,,,,,,,,,,,,,,,,,,,,,,,,,,,,"Herstellernummer",,"Anzahl der Einheiten",,"Marke","purahelp","Maßeinheit","kg","Ursprungsland",,,,,,,,,,,,,,,,,,,,,,,,,,,,,,,,,,,,,,,,,,,,,,,,,,,,,,,,,,,,,,,9715,,,,,,,,,,,,,,,,,,,,,,,,,,,,,,,,,,,,,,,,,,,,,,,
"SKU-4252129103","de_DE","purehelp Schuhüberzieher PH-SC-SET100 Einheitsgröße Blau CPE",,,,,,,,,,,,,,,,,,,,,,,,,,,,,,,,,,,"Impedanz",,"Anzahl der Leiter",,"Drahtart",,"Verseilung (Anzahl der Drähte)",,"Leitermaterial",,"Isoliermaterial",,"Nennstrom",,"Länge",,"Anzahl der Einheiten",,"Maßeinheit",,"Drahtstärke",,"Spannung",,"Marke","purehelp","Mantelfarbe","Blau","Herstellernummer","PH-SC-SET100","Ursprungsland",,"Anwendung","Hygienebereiche","Beständigkeitseigenschaften","Chemikalienbeständig",,,,,,,,,,,,,,,,,,,,,,,,,,,,,,,,,,,,129139,,,,,,,,,,,,,,,,,,,,,,,,,,,,,,,,,,,,,,,,,,,,,,,
"SKU-4846525236","de_DE","QinnFSIYANG E-Scooter F6 – Faltbar und umweltfreundliche Stadtmobilität",,,,,,,,,,,,,,,,,,,,,,,,,,,,,,,,,,,"Reichweite",,"Radgröße",,"Leistung",,"Maximales Benutzergewicht",,"Batteriespannung",,"Geschwindigkeit",,"Bremsart",,"Trittbrett-Breite",,"Lenkerhöhe",,"Akkuladezeit",,"Akkukapazität",,"Herstellernummer",,"Trittbrett-Länge",,"Anzahl der Einheiten",,"Maßeinheit",,"Produktart","E-Scooter","Marke","QinnFSIYANG","Besonderheiten","Faltbar","Modell","F6","Farbe","Pink","Material","Metall, Kunststoff","Ursprungsland",,,,,,,,,,,,,,,,,,,,,,,,,,,,,47349,,,,,,,,,,,,,,,,,,,,,,,,,,,,,,,,,,,,,,,,,,,,,,,
"SKU-8747609895","de_DE","Qkids WEISS Scooter Pink",,,,,,,,,,,,,,,,,,,,,,,,,,,,,,,,,,,"Altersempfehlung",,"Modell",,"Abteilung",,"Radgröße",,"Lenkerhöhe",,"Gewicht",,"Kompressionstyp",,"Herstellernummer",,"Trittbrett-Länge",,"Trittbrett-Breite",,"Anzahl der Einheiten",,"Produktart","Tretroller","Marke","QKIDS","Besonderheiten","Faltbar, Höhenverstellbarer Lenker, Ständer, Hinterradbremse","Farbe","Pink","Maximales Benutzergewicht",,"Material","Aluminium","Ursprungsland",,"Maßeinheit",,,,,,,,,,,,,,,,,,,,,,,,,,,,,,,,,,,11331,,,,,,,,,,,,,,,,,,,,,,,,,,,,,,,,,,,,,,,,,,,,,,,
"SKU-4092578845","de_DE","Quooker POWERSWITCH EU Energiemanager für Kochendwasserhahn & CUBE –",,,,,,,,,,,,,,,,,,,,,,,,,,,,,,,,,,,"Geeignet für",,"Farbe",,"Finish",,"Kapazität",,"Material",,"Tiefe",,"Stromquelle",,"Markenkompatibilität",,"Modellkompatibilität",,"Breite",,"Höhe",,"Gewicht",,"Besonderheiten",,"Herstellergarantie",,"Anzahl der Einheiten",,"Maßeinheit",,"Marke","Quooker","Produktart","Lastenwechsler","Ursprungsland",,"Modell","POWERSWITCH EU","Herstellernummer","31.253.00","Leistung",,,,,,,,,,,,,,,,,,,,,,,,,,,,,184971,,,,,,,,,,,,,,,,,,,,,,,,,,,,,,,,,,,,,,,,,,,,,,,
"SKU-5238535935","de_DE","RCB TECH HM2 Offroad Hoverboard 8,5 Zoll mit App, Bluetooth, CE - Lila",,,,,,,,,,,,,,,,,,,,,,,,,,,,,,,,,,,"Besonderheiten",,"Batteriespannung",,"Bremsart",,"Lenkerhöhe",,"Anzahl der Einheiten",,"Produktart","Hoverboard","Marke","RCB TECH","Modell","HY-A16","Reichweite","Bis 12 km","Radgröße","8.5 Zoll","Leistung","Zwei leistungsstarke Motoren","Farbe","Lila","Maximales Benutzergewicht","120 kg","Material","Aluminium, Kunststoff","Geschwindigkeit","15 km/h","Trittbrett-Breite","255 mm","Akkuladezeit","3-4 Stunden","Akkukapazität","4000 mAh","Herstellernummer","HY-A16","Trittbrett-Länge","255 mm","Ursprungsland","China","Maßeinheit",,,,,,,,,,,,,,,,,,,,,,,,,,,,,47349,,,,,,,,,,,,,,,,,,,,,,,,,,,,,,,,,,,,,,,,,,,,,,,
"SKU-3150649680","de_DE","RDX 6.5 Zoll Gewichthebergürtel für Krafttraining, Kreuzheben & Powerlifting –",,,,,,,,,,,,,,,,,,,,,,,,,,,,,,,,,,,"Maßeinheit",,"Anzahl der Teile",,"Durchmesser",,"Höhe",,"Länge",,"Set enthält",,"Produktart","Gewichthebergürtel","Material","Elastan, Spandex","Marke","RDX","Abteilung","Unisex Erwachsene","Farbe","Rot, Schwarz","Sportart/Aktivität","Gewichtheben","Besonderheiten","Ergonomisches Design, Lendenwirbelstütze,Verstellbarer Verschluss","Herstellernummer","X001BZFFCT","Modell","Gewichthebergürtel","Breite","6.5","Gewicht","1","Anzahl der Einheiten","1","Ursprungsland",,,,,,,,,,,,,,,,,,,,,,,,,,,,,,,,,,,36155,,,,,,,,,,,,,,,,,,,,,,,,,,,,,,,,,,,,,,,,,,,,,,,
"SKU-8483173682","de_DE","Reader's Digest Sachbuch: Weltgeschichte verstehen – Fundiertes Wissen",,,,,,,,,,,,,,,,,,,,,,,,,,,,,,,,,,,"Gebiet",,"Echtheit",,"Motiv",,"Zertifizierung",,"Erhaltungsgrad",,"MICHEL-Nummer",,"MICHEL-Katalogwert",,"Erhaltungszustand",,"Angebotsumfang",,"Expertengeprüft",,"Ursprungsland",,,,,,,,,,,,,,,,,,,,,,,,,,,,,,,,,,,,,,,,,,,,,,,,,,,68098,,,,,,,,,,,,,,,,,,,,,,,,,,,,,,,,,,,,,,,,,,,,,,,
"SKU-8351368256","de_DE","Regatta Shorts Gr. 56 Herren Golden Sand NEU",,,,,,,,,,,,,,,,,,,,,,,,,,,,,,,,,,,"Material",,"Produktlinie",,"Modell",,"Anzahl der Einheiten",,"Maßeinheit",,"Marke","Regatta","Größe","56","Produktart","Wanderhose","Farbe","Gold","Ursprungsland",,,,,,,,,,,,,,,,,,,,,,,,,,,,,,,,,,,,,,,,,,,,,,,,,,,,,181360,,,,,,,,,,,,,,,,,,,,,,,,,,,,,,,,,,,,,,,,,,,,,,,
"SKU-5246852701","de_DE","RELION Lithium Eisenphosphat Batterie 48V030-GC2 51.2V Blau UNGEPRÜFT",,,,,,,,,,,,,,,,,,,,,,,,,,,,,,,,,,,"Stromstärke bei Kaltstart",,"Besonderheiten",,"Bodenleiste",,"Oldtimer-Teil",,"Tuning- & Styling-Teil",,"Oberflächenbeschaffenheit",,"Universelle Kompatibilität",,"Herstellergarantie",,"Reservekapazität (RCM/RC)",,"Herstellernummer",,"Höhe",,"Länge",,"OE/OEM Referenznummer(n)",,"Breite",,"Vergleichsnummer",,"Hersteller","RELION","Amperestunden","30","Produktart","Batterie","Spannung","51.2","Ursprungsland",,"Gewicht","15.6",,,,,,,,,,,,,,,,,,,,,,,,,,,,,,179846,,,,,,,,,,,,,,,,,,,,,,,,,,,,,,,,,,,,,,,,,,,,,,,
"SKU-5722011324","de_DE","Renogy 3000W/6000W 12V auf 230V Reine Sinus Wechselrichter Spannungswandler",,,,,,,,,,,,,,,,,,,,,,,,,,,,,,,,,,,"Anzahl der Ausgänge",,"DC-Ausgangsspannungswert",,"DC-Nennspannung",,"AC-Ausgangsspannungswert",,"AC-Eingangsspannung",,"Maximale Betriebstemperatur",,"Minimale Betriebstemperatur",,"Montageart",,"Nennkapazität",,"Nennstromstärke",,"Stecker-Typ",,"Stromumwandlung",,"Anzahl der Einheiten",,"Besonderheiten",,"Breite",,"Durchmesser",,"Effizienz",,"Einschaltstromwert",,"Höhe",,"Nennleistungsstärke",,"Schutzeigenschaften",,"Serie",,"Tiefe",,"Produktart","Wechselrichter","Marke","Renogy","Herstellernummer","R-INVT-PUH1-301235-DE","Farbe","Schwarz","Ursprungsland",,"Maßeinheit",,,,,,,,,,,,,,,261512,,,,,,,,,,,,,,,,,,,,,,,,,,,,,,,,,,,,,,,,,,,,,,,
"SKU-5674295862","de_DE","Rhinowalk Transporttasche Aufbewahrungstasche Schutzhülle für Faltrad Klapprad 2",,,,,,,,,,,,,,,,,,,,,,,,,,,,,,,,,,,"Breite",,"Höhe",,"Länge",,"Anzahl der Einheiten",,"Gewicht",,"Herstellergarantie",,"Pflegeanleitung",,"Produktlinie",,"Tiefe",,"Herstellernummer",,"Marke","Rhinowalk","Produktart","Einzelne Fahrradtasche","Besonderheiten","Schulterriemen,Tragegriff,Wasserdicht","Position","Rückseite","Farbe","Schwarz","Anzahl der Taschen","1","Material","Polyester 600D Oxford + 300G Vlies","Größe","XL","Kompatibel mit","Alle Mountainbikes","Kapazität","20 L","Thema","Sport","Verschluss","Reißverschluss","Sportart/Aktivität","Radsport","Ursprungsland","Deutschland","Modell","RF260","Maßeinheit",,,,,,,,,,,,,,,,,,,,,177833,,,,,,,,,,,,,,,,,,,,,,,,,,,,,,,,,,,,,,,,,,,,,,,
"SKU-1018841553","de_DE","ROCKANDBLUE Mantel Gr. 46 Damen Winter Memory Poly Recycled Light Stone NEU",,,,,,,,,,,,,,,,,,,,,,,,,,,,,,,,,,,"Anzahl der Einheiten",,"Maßeinheit",,"Anlass",,"Besonderheiten",,"Charakter",,"Futtermaterial",,"Gewebeart",,"Größenkategorie",,"Herstellungsjahr",,"Isoliermaterial",,"Jacken-/Mantellänge",,"Kragenart",,"Muster",,"Personalisiert",,"Produktlinie",,"Textilpflege",,"Thema",,"Vintage",,"Wärmegrad",,"Abteilung","Damen","Marke","ROCKANDBLUE","Herstellernummer","22860-3610","Ursprungsland",,"Akzente",,"Außenmaterial","Winter Memory Poly Recycled","Farbe","Light Stone","Größe","46","Jahreszeit","Winter","Modell","Camila Coat","Produktart","Mantel",,,,,,,,,,,,65416,,,,,,,,,,,,,,,,,,,,,,,,,,,,,,,,,,,,,,,,,,,,,,,
"SKU-4118229261","de_DE","ROCKBROS Minipumpe Fahrradpumpe mit Halterung – Leicht & Robust",,,,,,,,,,,,,,,,,,,,,,,,,,,,,,,,,,,"Produktart",,"Besonderheiten",,"Anzahl der Adapter",,"Manometer Typ",,"Stromquelle",,"Ventiltyp",,"Farbe",,"Maximaler Betriebsdruck",,"Herstellergarantie",,"Sportart/Aktivität",,"Herstellernummer",,"Gewicht",,"Höhe",,"Luftschlauchlänge",,"Länge",,"Set enthält",,"Material",,"Modell",,"Anzahl der Einheiten",,"Breite",,"Maßeinheit",,"Spannung",,"Marke","RockBros","Maßeinheiten",,"Ursprungsland",,,,,,,,,,,,,,,,,,,,,,,22691,,,,,,,,,,,,,,,,,,,,,,,,,,,,,,,,,,,,,,,,,,,,,,,
"SKU-7998641824","de_DE","Rohema Drumsticks Holz",,,,,,,,,,,,,,,,,,,,,,,,,,,,,,,,,,,"Herstellernummer",,"Modell",,"Personalisieren",,"Maßeinheit",,"Länge",,"Anzahl der Einheiten",,"Breite",,"Höhe",,"Anleitung für Personalisierung",,"Produktart","Drumsticks","Marke","Rohema","Für Instrument","Snaredrum,Bassdrum,Tom","Ursprungsland",,"Gewicht","1",,,,,,,,,,,,,,,,,,,,,,,,,,,,,,,,,,,,,,,,,,,,41456,,,,,,,,,,,,,,,,,,,,,,,,,,,,,,,,,,,,,,,,,,,,,,,
"SKU-7357361636","de_DE","ROHO Sitzkissenbezug 61373208013 5cm Schwarz",,,,,,,,,,,,,,,,,,,,,,,,,,,,,,,,,,,"Geschlecht",,"Farbe","Schwarz","Marke","ROHO","Ursprungsland",,,,,,,,,,,,,,,,,,,,,,,,,,,,,,,,,,,,,,,,,,,,,,,,,,,,,,,,,,,,,,,,,77141,,,,,,,,,,,,,,,,,,,,,,,,,,,,,,,,,,,,,,,,,,,,,,,
"SKU-8203474346","de_DE","Sabeatex Nackenstützkissen – Optimale Stütze für erholsamen Schlaf",,,,,,,,,,,,,,,,,,,,,,,,,,,,,,,,,,,"Charakter",,"Futtermaterial",,"Thema",,"Stil",,"Verschlussart",,"Gütesiegel & Kennzeichnungen",,"Charakter Familie",,"Temperaturwert",,"Geeignet für",,"Saison",,"Reißverschluss-Position",,"Herstellernummer",,"Personalisieren",,"Anzahl der Einheiten",,"Fadenzahl",,"GSM (Gramm pro Quadratmeter)",,"Maßeinheit",,"Modell",,"Produktlinie",,"Anleitung für Personalisierung",,"Füllstärke",,"Herstellergarantie",,"Hüftumfang",,"Kompressionsvolumen",,"Packbeutel-Größe",,"R-Wert",,"Schlafsackkapazität",,"Schulterumfang",,"Produktart","Kopfkissen","Marke","Sabeatex",,,,,,,,,,,,20445,,,,,,,,,,,,,,,,,,,,,,,,,,,,,,,,,,,,,,,,,,,,,,,
"SKU-3671103995","de_DE","SACHS Federbeinlager 802 472 019 - Neu, Schwarz",,,,,,,,,,,,,,,,,,,,,,,,,,,,,,,,,,,"Im Lieferumfang enthalten",,"Einbauposition",,"Besonderheiten",,"Material",,"Herstellergarantie",,"Länge",,"Montageart",,"OE/OEM Referenznummer(n)",,"Federweg",,"Vergleichsnummer",,"Stoßdämpfer-System",,"Produktart","Federbeinlager","Hersteller","Sachs","Stoßdämpferart","Gas","Tuning- & Styling-Teil","Ja","Ursprungsland",,"Oldtimer-Teil","Ja","Universelle Kompatibilität","Ja","Herstellernummer","802 472 019",,,,,,,,,,,,,,,,,,,,,,,,,,,,,,,,,,33590,,,,,,,,,,,,,,,,,,,,,,,,,,,,,,,,,,,,,,,,,,,,,,,
"SKU-6954275739","de_DE","SAGENSPEZI Sägekette 16567432516506316, 1.6mm, 74TG, .325 Zoll Teilung",,,,,,,,,,,,,,,,,,,,,,,,,,,,,,,,,,,"Schnittlänge",,"Herstellernummer",,"Kettenlänge",,"Anzahl der Einheiten",,"Marke","Markenlos","Gliederanzahl","74","Markenkompatibilität","Universell","Teilung/Treibgliederstärke","325 Zoll","Gewicht","0.5","Maßeinheit","kg","Ursprungsland",,,,,,,,,,,,,,,,,,,,,,,,,,,,,,,,,,,,,,,,,,,,,,,,,,,131252,,,,,,,,,,,,,,,,,,,,,,,,,,,,,,,,,,,,,,,,,,,,,,,
"SKU-1708759606","de_DE","SCHIESSER Bustier 174926 Damen Gr. 42 95% Bio-Baumwolle 5% Elasthan Schwarz",,,,,,,,,,,,,,,,,,,,,,,,,,,,,,,,,,,"Körbchengröße",,"Verschluss",,"Gewebeart",,"Akzente",,"Träger-/Riemenart",,"Charakter",,"Größenkategorie",,"Muster",,"Bügelart",,"Transparenz",,"Halt",,"Körbchenform",,"Personalisieren",,"Herstellernummer",,"Textilpflege",,"Vintage",,"Anleitung für Personalisierung",,"Farbe","Schwarz","Marke","SCHIESSER","Abteilung","Damen","Stil","Bustier","Material","95","Größe","42","Unterbrustumfang","95","Produktart","Bustier","Thema","Basic","Besonderheiten","Bio-Baumwolle","Ursprungsland","Europa",,,,,,,,,,,,,,,,11522,,,,,,,,,,,,,,,,,,,,,,,,,,,,,,,,,,,,,,,,,,,,,,,
"SKU-8942698934","de_DE","SCHIESSER Musselin Bettwäsche-Set Unisex Braun 135x200/80x80 cm Baumwolle Neu",,,,,,,,,,,,,,,,,,,,,,,,,,,,,,,,,,,"Thema",,"Muster",,"Charakter Familie",,"Charakter",,"Besonderheiten",,"Länge",,"Breite",,"Form",,"Saison",,"Herstellergarantie",,"Gütesiegel & Kennzeichnungen",,"Fadenzahl",,"Pflegeanleitung",,"Personalisieren",,"Herstellernummer",,"Anzahl der Einheiten",,"GSM (Gramm pro Quadratmeter)",,"Maßeinheit",,"Modell",,"Produktlinie",,"Überhang",,"Anleitung für Personalisierung",,"Material","100% Baumwolle","Marke","Braun","Anzahl der Teile","2","Futtermaterial","Baumwolle","Farbe","Braun","Füllmaterial","100% Baumwolle","Produktart","Bettwäsche-Set","Abteilung","Unisex",,,,,,,,,,,,37644,,,,,,,,,,,,,,,,,,,,,,,,,,,,,,,,,,,,,,,,,,,,,,,
"SKU-3455080661","de_DE","SCHIESSER Taillenslip Gr. 40 Damen 100% Baumwolle Weiß NEU",,,,,,,,,,,,,,,,,,,,,,,,,,,,,,,,,,,"Charakter",,"Thema",,"Kompressionszone",,"Bundhöhe",,"Akzente",,"Transparenz",,"Vintage",,"Personalisieren",,"Herstellernummer",,"Modell",,"Anleitung für Personalisierung",,"Abteilung","Damen","Stil","Taillenslip","Marke","SCHIESSER","Größe","40","Material","100% Baumwolle","Farbe","Weiß","Gewebeart","Feinripp","Produktart","Taillenslip","Besonderheiten","Hohe Atmungsaktivität, Pflegeleicht, Formbeständig","Anzahl pro Packung","2 Slips","Größenkategorie","40","Muster","Feinripp","Ursprungsland",,"Textilpflege","Maschinenwäsche",,,,,,,,,,,,,,,,,,,,,,63854,,,,,,,,,,,,,,,,,,,,,,,,,,,,,,,,,,,,,,,,,,,,,,,
"SKU-7707703650","de_DE","SCHIESSER Teens Schlafanzug-Set Dunkelblau Gr. 38 Baumwolle 179297-803",,,,,,,,,,,,,,,,,,,,,,,,,,,,,,,,,,,"Gewebeart",,"Anzahl der Teile",,"Anlass",,"Thema",,"Muster",,"Rückenschlitz-Form",,"Taillenumfang",,"Besonderheiten",,"Jackenschnitt",,"Knöpfung der Jacke",,"Vintage",,"Größenkategorie",,"Jackenärmel-Knopfart",,"Handgefertigt",,"Brustumfang",,"Textilpflege",,"Bundfalte",,"Jackenrevers-Form",,"Personalisieren",,"Schrittlänge",,"Anleitung für Personalisierung",,"Anzahl der Einheiten",,"Maßeinheit",,"Produktart","Schlafanzug-Set","Abteilung","Jugendliche","Marke","SCHIESSER","Größe","38","Farbe","Dunkelblau","Material","Baumwolle","Stil","2-Teiler",,,,,,,,,,,,3001,,,,,,,,,,,,,,,,,,,,,,,,,,,,,,,,,,,,,,,,,,,,,,,
"SKU-1125185965","de_DE","Schwalbe One Performance MicroSkin TLE Classic Skin Rennrad Faltreifen 25-622",,,,,,,,,,,,,,,,,,,,,,,,,,,,,,,,,,,"Reifengröße",,"Anzahl der Teile",,"Reifentyp",,"Besonderheiten",,"Breite",,"Material",,"Set enthält",,"Anzahl der Einheiten",,"Herstellergarantie",,"Maßeinheit",,"Marke","Schwalbe","Teiletyp","Reifen","Kompatibler Fahrradtyp","Rennrad","Modell","One","Farbe","Schwarz/Braun","Ursprungsland",,"Herstellernummer","11654139","Gewicht","310 g",,,,,,,,,,,,,,,,,,,,,,,,,,,,,,,,,,,,177828,,,,,,,,,,,,,,,,,,,,,,,,,,,,,,,,,,,,,,,,,,,,,,,
"SKU-1040274599","de_DE","SCM Bilderbuch: Mut & Freundschaft ab 3 Jahren – Stärkt soziale Kompetenzen",,,,,,,,,,,,,,,,,,,,,,,,,,,,,,,,,,,"Buchreihe",,"Signiert von",,"Literarische Gattung",,"Zielgruppe",,"Ausgabe",,"Literarische Bewegung",,"Vintage",,"Signiert",,"Personalisiert",,"Beschriftet",,"Personalisieren",,"Exlibris",,"Besonderheiten",,"Illustrator",,"Epoche",,"Herstellungszeitraum",,"Anzahl der Einheiten",,"Maßeinheit",,"Anleitung für Personalisierung",,"Thematik","Freundschaft","Autor","Kerstin Toepel","Sprache","Deutsch","Genre","Abenteuer","Verlag","Scm R. Brockhaus,Scm Brockhaus, R.","Erscheinungsjahr","2021","Originalsprache","Deutsch","Format","Gebundene Ausgabe","Ursprungsland",,"Produktart","Bilderbuch","Buchtitel","Vom Kleinen Waschbären, der Sich Traute, Mutig zu Sein",,,,,,,,,,,,261186,,,,,,,,,,,,,,,,,,,,,,,,,,,,,,,,,,,,,,,,,,,,,,,
"SKU-4755521008","de_DE","Seguna Inkontinenz Pants Maxi Erwachsene Gr. L 135cm NEU",,,,,,,,,,,,,,,,,,,,,,,,,,,,,,,,,,,"Abteilung",,"Material",,"Besonderheiten",,"Farbe",,"Breite",,"Höhe",,"Länge",,"Kapazität",,"Herstellergarantie",,"Herstellernummer",,"Ablaufdatum",,"Anzahl der Einheiten",,"Marke","Seguna","Produktart","Inkontinenz Pants","Größe","L","Saugfähigkeit","Stark","Modell","Maxi","Ursprungsland",,"Maßeinheit","L",,,,,,,,,,,,,,,,,,,,,,,,,,,,,,,,,,36440,,,,,,,,,,,,,,,,,,,,,,,,,,,,,,,,,,,,,,,,,,,,,,,
"SKU-5019696431","de_DE","Selected Homme Pullover Strickwaren Gr. L Herren Dark Olive NEU",,,,,,,,,,,,,,,,,,,,,,,,,,,,,,,,,,,"Charakter",,"Gewebeart",,"Jahreszeit",,"Thema",,"Strickart",,"Muster",,"Akzente",,"Besonderheiten",,"Aktivität",,"Vintage",,"Textilpflege",,"Personalisieren",,"Größenkategorie",,"Anleitung für Personalisierung",,"Anzahl der Einheiten",,"Herstellernummer",,"Abteilung","Herren","Stil","Pullover","Produktart","Pullover","Marke","Selected Homme","Größe","L","Material","Baumwolle","Farbe","Grün","Ausschnitt","Kleiner Stehkragen","Ursprungsland",,"Passform","Regular","Ärmellänge","Langarm","Anlass",,"Maßeinheit","L",,,,,,,,,,,,,,11484,,,,,,,,,,,,,,,,,,,,,,,,,,,,,,,,,,,,,,,,,,,,,,,
"SKU-8317603092","de_DE","SETEX Matratzenschoner Noppen 140x200cm – Optimaler Schutz & Belüftung",,,,,,,,,,,,,,,,,,,,,,,,,,,,,,,,,,,"Verschlussart",,"Anzahl der Teile",,"Länge",,"Breite",,"Set enthält",,"Herstellernummer",,"Pflegeanleitung",,"Anzahl der Einheiten",,"Herstellergarantie",,"Maßeinheit",,"Modell",,"Produktlinie",,"Produktart","Matratzenschoner","Besonderheiten","Rutschfest","Marke","SETEX","Material","Polyester","Farbe","Weiß","Größe","Doppelbett","Ursprungsland",,"Gütesiegel & Kennzeichnungen","STANDARD 100 by OEKO-TEX","Zimmer","Schlafzimmer",,,,,,,,,,,,,,,,,,,,,,,,,,,,,,262979,,,,,,,,,,,,,,,,,,,,,,,,,,,,,,,,,,,,,,,,,,,,,,,
"SKU-1000000001","de_DE","Shimano HB-RM35 Vorderradnabe 100mm Aluminum für MTB, Trekking & Citybikes",,,,,,,,,,,,,,,,,,,,,,,,,,,,,,,,,,,"Anzahl der Teile",,"Länge",,"Durchmesser",,"Gewicht",,"Anzahl der Gänge",,"Herstellernummer",,"Anzahl der Einheiten",,"Herstellergarantie",,"Maßeinheit",,"Marke","Shimano","Teiletyp","Nabe","Anzahl der Speichenlöcher","36","Bremsmethode","Scheibenbremse","Freilauf/Antriebstyp","Kein Freilauf","Modell","HB-RM35","Set enthält","Naben","Kompatibler Fahrradtyp","Mountainbike, Trekkingrad, Citybike","Farbe","Schwarz","Anbautyp","Vorne","Breite",,"Markenkompatibilität","Universell","Ursprungsland","Japan","Material","Aluminium","Modellkompatibilität","Universal",,,,,,,,,,,,,,,,,,,,,,,,177820,,,,,,,,,,,,,,,,,,,,,,,,,,,,,,,,,,,,,,,,,,,,,,,
"SKU-7957694387","de_DE","SIRUS Mikrofonständer 516480 Desktop, höhenverstellbar 27-41cm",,,,,,,,,,,,,,,,,,,,,,,,,,,,,,,,,,,"Form",,"Geeignet für",,"Anzahl der Etagen",,"Maßeinheit",,"Anzahl der Einheiten",,"Breite",,"Länge",,"Marke","SIRUS","Farbe","Schwarz","Material","Metall","Besonderheiten","Höhenverstellbar","Herstellernummer","516480","Ursprungsland",,"Gewicht","1","Höhe","27-41",,,,,,,,,,,,,,,,,,,,,,,,,,,,,,,,,,,,,,,,,,29948,,,,,,,,,,,,,,,,,,,,,,,,,,,,,,,,,,,,,,,,,,,,,,,
"SKU-3132130051","de_DE","Skechers Street UNO – Stand on Air Herren Sneaker, weiß, Air-Cooled Memory Foam",,,,,,,,,,,,,,,,,,,,,,,,,,,,,,,,,,,"UK-Schuhgröße",,"US-Schuhgröße",,"Charakter",,"Schuhschaft-Typ",,"Innensohlenmaterial",,"Thema",,"Laufsohlenmaterial",,"Futtermaterial",,"Schuhweite",,"Erscheinungsjahr",,"Herstellungsjahr",,"Anlass",,"Jahreszeit",,"Aktivität",,"Produktart",,"Vintage",,"Signiert",,"Muster",,"Stollentyp",,"Herstellernummer",,"Individualisiert",,"Anzahl der Einheiten",,"Maßeinheit",,"Pronation",,"Marke","SKECHERS","EU-Schuhgröße","41","Modell","Street","Produktlinie","SKECHERS Street","Abteilung","Herren","Stil",,,,,,,,,,,,,15709,,,,,,,,,,,,,,,,,,,,,,,,,,,,,,,,,,,,,,,,,,,,,,,
"SKU-8906682806","de_DE","SKF Explorer Schrägkugellager 7315 BEGAP Innen-Ø 75mm Außen-Ø 160mm Dicke 37mm",,,,,,,,,,,,,,,,,,,,,,,,,,,,,,,,,,,"Dicke",,"Bohrlochdurchmesser",,"Oberfläche",,"Marke","SKF","Produkttyp","Schrägkugellager","Innendurchmesser","37 mm","Außendurchmesser","160 mm","Durchmesser","75 mm","Werkstoff","Stahl","Herstellernummer","7315 BEGAP","Anzahl der Einheiten","1","Maßeinheit","kg","Ursprungsland","Österreich",,,,,,,,,,,,,,,,,,,,,,,,,,,,,,,,,,,,,,,,,,,,,,131703,,,,,,,,,,,,,,,,,,,,,,,,,,,,,,,,,,,,,,,,,,,,,,,
"SKU-3084359057","de_DE","SKINTIST BY REDCARE Hydro Effect Augencreme",,,,,,,,,,,,,,,,,,,,,,,,,,,,,,,,,,,"Marke","SKINTIST BY REDCARE","Ursprungsland",,,,,,,,,,,,,,,,,,,,,,,,,,,,,,,,,,,,,,,,,,,,,,,,,,,,,,,,,,,,,,,,,,,,,106793,,,,,,,,,,,,,,,,,,,,,,,,,,,,,,,,,,,,,,,,,,,,,,,
"SKU-0997953441","de_DE","SKS Germany TOM 18 Multitool, 18 Funktionen, Kettennieter, silber/orange",,,,,,,,,,,,,,,,,,,,,,,,,,,,,,,,,,,"Anzahl der Einheiten",,"Maßeinheit",,"Marke","SKS","Produktart","Multifunktionswerkzeuge","Anwendungsbereich","Fahrrad","Ursprungsland",,"Material","Stahl","Farbe","Silber","Breite","48 mm","Gewicht","184 g","Länge","73 mm","Tiefe","21 mm","Herstellernummer","10016","Modell","SKS TOM 18",,,,,,,,,,,,,,,,,,,,,,,,,,,,,,,,,,,,,,,,,,,,177846,,,,,,,,,,,,,,,,,,,,,,,,,,,,,,,,,,,,,,,,,,,,,,,
"SKU-6099828388","de_DE","Sloggi GO Casual Damen Bralette Top, Bio-Baumwolle, Elfenbein, M",,,,,,,,,,,,,,,,,,,,,,,,,,,,,,,,,,,"Bügelart",,"Thema",,"Akzente",,"Gewebeart",,"Träger-/Riemenart",,"Transparenz",,"Größenkategorie",,"Textilpflege",,"Produktlinie",,"Vintage",,"Personalisieren",,"Anleitung für Personalisierung",,"Anzahl der Einheiten",,"Produktart","Bralette Top","Unterbrustumfang","M","Marke","sloggi","Körbchengröße","M","Größe","M","Farbe","Elfenbein","Stil","Bralette","Besonderheiten","Atmungsaktiv, Weich, Dehnbar","Abteilung","Damen","Material","Baumwolle","Verschluss","Ohne Verschluss","Muster","Unifarben","Ursprungsland",,"Herstellernummer","00GZ","Maßeinheit","m",,,,,,,,,,,,,,,,63853,,,,,,,,,,,,,,,,,,,,,,,,,,,,,,,,,,,,,,,,,,,,,,,
"SKU-4208989688","de_DE","Sloggi Hipster Gr. EU 6 Herren 96% Baumwolle 4% Elastan Mehrfarbig NEU",,,,,,,,,,,,,,,,,,,,,,,,,,,,,,,,,,,"Besonderheiten",,"Charakter",,"Gewebeart",,"Charakter Familie",,"Vintage",,"Personalisieren",,"Größenkategorie",,"Anleitung für Personalisierung",,"Anzahl der Einheiten",,"Herstellernummer",,"Maßeinheit",,"Modell",,"Abteilung","Herren","Stil","Lange Unterhose","Marke","sloggi","Material","Baumwolle,Elasthan","Größe","EU 6","Produktart","Unterhose","Farbe","Mehrfarbig","Thema","Hipster","Ursprungsland",,"Muster","Ohne Muster","Anzahl pro Packung","3-teilig","Textilpflege","Maschinenwäsche",,,,,,,,,,,,,,,,,,,,,,,,11507,,,,,,,,,,,,,,,,,,,,,,,,,,,,,,,,,,,,,,,,,,,,,,,
"SKU-1814556864","de_DE","Sloggi Mini Slip GO Crush Damen Gr. S Baumwollmischung Multi-Colour",,,,,,,,,,,,,,,,,,,,,,,,,,,,,,,,,,,"Durchmesser",,"Markenkompatibilität",,"Modellkompatibilität",,"Stärke",,"Anzahl der Einheiten",,"Gewicht",,"Herstellergarantie",,"Herstellernummer",,"Maßeinheit",,"Produktart","Mini Slip","Farbe","Multi-Colour","Marke","Sloggi","Ursprungsland",,"Material","Baumwollmischung","Modell","GO Crush",,,,,,,,,,,,,,,,,,,,,,,,,,,,,,,,,,,,,,,,,,262430,,,,,,,,,,,,,,,,,,,,,,,,,,,,,,,,,,,,,,,,,,,,,,,
"SKU-8223313532","de_DE","Smiffys Clown Kostüm Set Gr. M Damen Mehrfarbig NEU",,,,,,,,,,,,,,,,,,,,,,,,,,,,,,,,,,,"Material",,"Besonderheiten",,"Herstellernummer",,"Thema","Clowns & Zirkus","Stil","Komplett-Kostüm","Größe","S/M","Farbe","Mehrfarbig","Marke","Smiffys","Ursprungsland",,,,,,,,,,,,,,,,,,,,,,,,,,,,,,,,,,,,,,,,,,,,,,,,,,,,,,,52762,,,,,,,,,,,,,,,,,,,,,,,,,,,,,,,,,,,,,,,,,,,,,,,
"SKU-5496567952","de_DE","Snocks Damen Lace Tanga 3er Set Schwarz, Bio-Baumwolle, elastisch, S",,,,,,,,,,,,,,,,,,,,,,,,,,,,,,,,,,,"Charakter",,"Thema",,"Besonderheiten",,"Kompressionszone",,"Bundhöhe",,"Größenkategorie",,"Akzente",,"Transparenz",,"Vintage",,"Textilpflege",,"Personalisieren",,"Herstellernummer",,"Anleitung für Personalisierung",,"Abteilung","Damen","Stil","Thong","Marke","Snocks","Größe","S","Material","Bio-Baumwolle","Farbe","Schwarz","Gewebeart",,"Produktart","Tanga","Anzahl pro Packung","3 Stück","Muster","Unifarben","Ursprungsland",,"Modell","Lace Thong",,,,,,,,,,,,,,,,,,,,,,63854,,,,,,,,,,,,,,,,,,,,,,,,,,,,,,,,,,,,,,,,,,,,,,,
"SKU-9247228090","de_DE","SodaStream Quick Connect Leerer Tauschzylinder 60 L",,,,,,,,,,,,,,,,,,,,,,,,,,,,,,,,,,,"Anzahl der Bleche",,"Anzahl der Scheiben",,"Leistung",,"Herstellergarantie",,"Herstellernummer",,"Besonderheiten",,"Set enthält",,"Gedeck für",,"Tiefe",,"Höhe",,"Breite",,"Spannung",,"Anzahl der Einheiten",,"Marke","SodaStream","Bestandteile inbegriffen","Co2-Austauschzylinder","Stückzahl","1","Produktart","CO2-Flasche","Material","Metall","Farbe","Mehrfarbig","Modell","Quick Connect","Stromquelle","Manuell","Ursprungsland","Deutschland","Maßeinheit","L",,,,,,,,,,,,,,,,,,,,,,,,,,25845,,,,,,,,,,,,,,,,,,,,,,,,,,,,,,,,,,,,,,,,,,,,,,,
"SKU-0225495136","de_DE","SodaStream Wassersprudler Crystal 3.0 mit Glaskaraffe 0.7L Edelstahl OHNE CO²",,,,,,,,,,,,,,,,,,,,,,,,,,,,,,,,,,,"Anzahl der Bleche",,"Anzahl der Scheiben",,"Leistung",,"Herstellergarantie",,"Set enthält",,"Gedeck für",,"Tiefe",,"Höhe",,"Breite",,"Spannung",,"Anzahl der Einheiten",,"Marke","SodaStream","Bestandteile inbegriffen","Glasflasche,Kohlensäurezylinder,Schraubverschluss","Stückzahl","3","Produktart","Trinkwassersprudler","Material","Glas,ABS Kunststoff,Edelstahl","Farbe","Transparent,Silber,Schwarz","Modell","SodaStream Crystal 3.0","Stromquelle",,"Ursprungsland",,"Herstellernummer","1016411490","Besonderheiten","Glaskaraffe, CO2-Zylinder","Maßeinheit",,,,,,,,,,,,,,,,,,,,,,,,,,,25845,,,,,,,,,,,,,,,,,,,,,,,,,,,,,,,,,,,,,,,,,,,,,,,
"SKU-3947585623","de_DE","SoFlow SO1 E-Scooter 300W, StVZO-konform, 20 km/h, 12 km Reichweite",,,,,,,,,,,,,,,,,,,,,,,,,,,,,,,,,,,"Besonderheiten",,"Batteriespannung",,"Material",,"Bremsart",,"Trittbrett-Breite",,"Lenkerhöhe",,"Trittbrett-Länge",,"Anzahl der Einheiten",,"Produktart","E-Scooter","Marke","SoFlow","Modell","SO1","Reichweite","12 km","Radgröße","7.8 Zoll","Leistung","300 Watt","Farbe","Schwarz, Grün","Maximales Benutzergewicht","100 kg","Geschwindigkeit","20 km/h","Akkuladezeit","5 h","Akkukapazität","4000 mAh","Herstellernummer","300.310.01","Ursprungsland","Niederlande","Maßeinheit",,,,,,,,,,,,,,,,,,,,,,,,,,,,,47349,,,,,,,,,,,,,,,,,,,,,,,,,,,,,,,,,,,,,,,,,,,,,,,
"SKU-7200941317","de_DE","Sonnenschutz Panoramadach hinten für Tesla Model 3 Y CLI10206PDH",,,,,,,,,,,,,,,,,,,,,,,,,,,,,,,,,,,"Maßeinheit",,"Oldtimer-Teil",,"Tuning- & Styling-Teil",,"Personalisieren",,"Universelle Kompatibilität",,"Herstellergarantie",,"Herstellernummer",,"OE/OEM Referenznummer(n)",,"Anleitung für Personalisierung",,"Vergleichsnummer",,"Hersteller","Tesla","Einbauposition","Dach","Ursprungsland",,"Oberflächenbeschaffenheit","Matt","Anzahl der Einheiten","2",,,,,,,,,,,,,,,,,,,,,,,,,,,,,,,,,,,,,,,,,,9886,,,,,,,,,,,,,,,,,,,,,,,,,,,,,,,,,,,,,,,,,,,,,,,
"SKU-4629687923","de_DE","Sonodrum Premium Zungentrommel 35,5cm 15 Zungen C-Dur für Meditation",,,,,,,,,,,,,,,,,,,,,,,,,,,,,,,,,,,"Anzahl der Teile",,"Höhe",,"Anzahl der Einheiten",,"Lieferumfang",,"Tiefe",,"Produktart","Handpan","Anzahl der Pads","15","Durchmesser","35.5 cm","Marke","Sonodrum","Material","Stahl","Technologie","Analog","Besonderheiten","Leichtgewichtig","Ursprungsland",,"Herstellernummer","SD-P-C-Black","Modell","Premium","Gewicht","3.3 kg","Maßeinheit",,"Kenntnisstand","Fortgeschritten",,,,,,,,,,,,,,,,,,,,,,,,,,,,,,,,,,,,181236,,,,,,,,,,,,,,,,,,,,,,,,,,,,,,,,,,,,,,,,,,,,,,,
"SKU-0107097519","de_DE","Sontheimer Nockenschalter S06H 32A 690V 9kW | Herstellernummer 10008352",,,,,,,,,,,,,,,,,,,,,,,,,,,,,,,,,,,"Schalterart",,"Anzahl der Positionen",,"Anzahl der Steckdosen",,"Anzahl der Phasen",,"Finish",,"Anwendung",,"Smart Home Kompatibilität",,"Anzahl der Schaltkreise",,"Terminierungsart",,"Maximale Stromstärke",,"Geeignet für",,"Bedienungsart",,"Besonderheiten",,"Schutzart",,"Glühbirnenkompatibilität",,"Zimmer",,"Smart Home Kommunikationsprotokoll",,"Spulenspannung",,"Anzahl der Einheiten",,"Maßeinheit",,"Ausrichtung",,"Breite",,"Höhe",,"Kontaktkonfiguration",,"Leistung",,"Länge",,"Schutzeigenschaften",,"Zeitsteuerung",,"Marke","Sontheimer","Montageart","Frontplattenmontage",,,,,,,,,,,,58168,,,,,,,,,,,,,,,,,,,,,,,,,,,,,,,,,,,,,,,,,,,,,,,
"SKU-9268872444","de_DE","SPIVO Tennis Topspin Trainer Bundle Set I & II mit Akustischem Feedback",,,,,,,,,,,,,,,,,,,,,,,,,,,,,,,,,,,"Anzahl der Einheiten",,"Produktart","Topspin Trainer","Marke","Spivo","Farbe","Schwarz","Abteilung","Tennisspieler aller Spielstärken","Herstellernummer","spi-bun-DE1-bla","Modell","Bundle Set I & II","Ursprungsland",,"Maßeinheit",,,,,,,,,,,,,,,,,,,,,,,,,,,,,,,,,,,,,,,,,,,,,,,,,,,,,,,2917,,,,,,,,,,,,,,,,,,,,,,,,,,,,,,,,,,,,,,,,,,,,,,,
"SKU-1468228360","de_DE","SPOOK TACULAR CREATIONS Kostüm Kinder Grau NEU",,,,,,,,,,,,,,,,,,,,,,,,,,,,,,,,,,,"Größe",,"Herstellernummer",,"Stil",,"Thema","Ritter","Geschlecht","Kinder","Farbe","Grau","Marke","SPOOK TACULAR CREATIONS","Material",,"Ursprungsland",,,,,,,,,,,,,,,,,,,,,,,,,,,,,,,,,,,,,,,,,,,,,,,,,,,,,,,90635,,,,,,,,,,,,,,,,,,,,,,,,,,,,,,,,,,,,,,,,,,,,,,,
"SKU-3782469631","de_DE","Spring Copenhagen Dekofigur Spirit Eichenholz Neu Natur 19x8.3x13cm Chresten",,,,,,,,,,,,,,,,,,,,,,,,,,,,,,,,,,,"Größe",,"Farbe",,"Stil",,"Charakter Familie",,"Finish",,"Besonderheiten",,"Zimmer",,"Herkunft",,"Charakter",,"Abteilung",,"Montage",,"Produktlinie",,"Personalisieren",,"Zusätzlich benötigte Teile",,"Vintage",,"Anzahl der Einheiten",,"Batterieart",,"Gewicht",,"Glasherstellungstechnik",,"Maßeinheit",,"Maßgefertigt",,"Pflegeanleitung",,"Anleitung für Personalisierung",,"Marke","Spring Copenhagen","Motiv",,"Produktart","Dekofigur","Form","Tier","Material","Eichenholz","Thema","Natur","Ursprungsland",,,,,,,,,,,,,36025,,,,,,,,,,,,,,,,,,,,,,,,,,,,,,,,,,,,,,,,,,,,,,,
"SKU-5842899450","de_DE","Stahlia Schubladenschiene",,,,,,,,,,,,,,,,,,,,,,,,,,,,,,,,,,,"Höhe",,"Anzahl pro Packung",,"Auszugslänge",,"Stil",,"Herstellernummer",,"Anzahl der Einheiten",,"Maßeinheit",,"Herstellergarantie",,"Marke","Stahlia","Produktart","Schubladenschiene","Material","Stahl","Breite","45","Farbe","Silber","Länge","500","Ursprungsland",,,,,,,,,,,,,,,,,,,,,,,,,,,,,,,,,,,,,,,,,,,134642,,,,,,,,,,,,,,,,,,,,,,,,,,,,,,,,,,,,,,,,,,,,,,,
"SKU-0152828115","de_DE","STALESET Handtuchhalter für Wandmontage - Robust & Platzsparend",,,,,,,,,,,,,,,,,,,,,,,,,,,,,,,,,,,"Finish",,"Höhe",,"Anzahl der Teile",,"Installationsart",,"Stil",,"Abteilung",,"Besonderheiten",,"Montage erforderlich",,"Anzahl der Einheiten",,"Maßeinheit",,"Anzahl pro Packung",,"Breite",,"Charakter",,"Charakter Familie",,"Durchmesser",,"Länge",,"Thema",,"Produktart","Handtuchhalter","Set enthält","Handtuchhalter","Material","Metall","Farbe","Schwarz","Marke","STALESET","Montage","Wandmontage","Zimmer","Badezimmer","Ursprungsland",,"Modell","TH01-BK","Herstellernummer","TH01-BK",,,,,,,,,,,,,,,,,,20442,,,,,,,,,,,,,,,,,,,,,,,,,,,,,,,,,,,,,,,,,,,,,,,
"SKU-4138606905","de_DE","Stradivarius Damen Hose Schwarz Lederimitat 4565/664/001",,,,,,,,,,,,,,,,,,,,,,,,,,,,,,,,,,,"Größe",,"Marke","Stradivarius","Farbe","Schwarz","Geschlecht","Damen","Material","Lederimitat","Ursprungsland",,,,,,,,,,,,,,,,,,,,,,,,,,,,,,,,,,,,,,,,,,,,,,,,,,,,,,,,,,,,,44660,,,,,,,,,,,,,,,,,,,,,,,,,,,,,,,,,,,,,,,,,,,,,,,
"SKU-6388963375","de_DE","Stradivarius Damen Spitzen-Bodysuit Schwarz Gr. M – Eleganter Body mit",,,,,,,,,,,,,,,,,,,,,,,,,,,,,,,,,,,"Gewebeart",,"Bügelart",,"Thema",,"Charakter",,"Kompressionszone",,"Transparenz",,"Muster",,"Anzahl pro Packung",,"Personalisieren",,"Vintage",,"Kompressionsstufe",,"Textilpflege",,"Anleitung für Personalisierung",,"Produktart","Bodysuit","Marke","Stradivarius","Abteilung","Damen","Unterbrustumfang","M","Farbe","Schwarz","Körbchengröße","M","Größe","M","Material","85% Polyamid, 15% Elastan","Stil","Einteiler","Besonderheiten",,"Akzente",,"Ursprungsland","Spanien","Größenkategorie","Normalgröße","Herstellernummer","6791/341/001",,,,,,,,,,,,,,,,,,45279,,,,,,,,,,,,,,,,,,,,,,,,,,,,,,,,,,,,,,,,,,,,,,,
"SKU-5530631035","de_DE","Stradivarius Damen Stoffhose M – Hellblau, Kordelzug, Regular Fit, Neu",,,,,,,,,,,,,,,,,,,,,,,,,,,,,,,,,,,"Produktart",,"Material",,"Gewebeart",,"Taillenumfang",,"Jahreszeit",,"Thema",,"Größenkategorie",,"Bundfalte",,"Akzente",,"Verschluss",,"Schrittlänge",,"Textilpflege",,"Bundhöhe",,"Vintage",,"Personalisieren",,"Handgefertigt",,"Anleitung für Personalisierung",,"Anzahl der Einheiten",,"Abteilung","Damen","Größe","M","Marke","Stradivarius","Farbe","Hellblau","Stil","Modern, Casual","Beinform","Regular Fit","Besonderheiten",,"Muster","Einfarbig","Anlass","Alltag","Ursprungsland",,"Passform","Regular Fit","Modell","1235/505/040",,,,,,,,,,,,63863,,,,,,,,,,,,,,,,,,,,,,,,,,,,,,,,,,,,,,,,,,,,,,,
"SKU-5144694690","de_DE","Stratic Trolley Light 39cm 37L Unisex Gr. S Polyester 55cm Mint",,,,,,,,,,,,,,,,,,,,,,,,,,,,,,,,,,,"Produktart","Trolley","Ursprungsland",,,,,,,,,,,,,,,,,,,,,,,,,,,,,,,,,,,,,,,,,,,,,,,,,,,,,,,,,,,,,,,,,,,,,34457,,,,,,,,,,,,,,,,,,,,,,,,,,,,,,,,,,,,,,,,,,,,,,,
"SKU-5198272869","de_DE","Street One Damen Pullover Anthrazit Gr. EUR 44-48 Textil Unbekannt",,,,,,,,,,,,,,,,,,,,,,,,,,,,,,,,,,,"Marke","Street One","Ursprungsland",,,,,,,,,,,,,,,,,,,,,,,,,,,,,,,,,,,,,,,,,,,,,,,,,,,,,,,,,,,,,,,,,,,,,68778,,,,,,,,,,,,,,,,,,,,,,,,,,,,,,,,,,,,,,,,,,,,,,,
"SKU-3963918245","de_DE","Success Courier Pumpensteuerung DSK-1 für konstanten Wasserdruck",,,,,,,,,,,,,,,,,,,,,,,,,,,,,,,,,,,"Herstellernummer",,"Anzahl der Einheiten",,"Maßeinheit",,"Markenkompatibilität",,"Marke","Success Courier","Ursprungsland",,,,,,,,,,,,,,,,,,,,,,,,,,,,,,,,,,,,,,,,,,,,,,,,,,,,,,,,,,,,,123062,,,,,,,,,,,,,,,,,,,,,,,,,,,,,,,,,,,,,,,,,,,,,,,
"SKU-2178359678","de_DE","Suhr Effektpedal Woodshed Comp 9V 6,35 mm Klinke In/Out NEU",,,,,,,,,,,,,,,,,,,,,,,,,,,,,,,,,,,"Anzahl der Einheiten",,"Maßeinheit",,"Marke","Suhr","Produktart","Effektpedal","Ursprungsland",,"Analog/Digital","Analog","Passend für","E-Gitarre","Herstellernummer","03-WSC-0001","Modell","Woodshed Comp",,,,,,,,,,,,,,,,,,,,,,,,,,,,,,,,,,,,,,,,,,,,,,,,,,,,,,41416,,,,,,,,,,,,,,,,,,,,,,,,,,,,,,,,,,,,,,,,,,,,,,,
"SKU-5644516401","de_DE","Supplend Nagelpilzbehandlung Stift – Effektive Anti-Pilz Nagelpflege für",,,,,,,,,,,,,,,,,,,,,,,,,,,,,,,,,,,"Inhaltsstoffe",,"Formulierung",,"Inhalt",,"Duft",,"Herstellernummer",,"Produktlinie",,"Verwendungsdauer",,"Maßeinheit",,"Anzahl der Einheiten",,"Mindesthaltbarkeitsdatum",,"Modell",,"Wirksame Inhaltsstoffe",,"Marke","Supplend","Produktart","Hand & Nagelhaut","Ursprungsland",,,,,,,,,,,,,,,,,,,,,,,,,,,,,,,,,,,,,,,,,,,36432,,,,,,,,,,,,,,,,,,,,,,,,,,,,,,,,,,,,,,,,,,,,,,,
"SKU-9876441475","de_DE","Suzanne Francis Es war einmal ein Schneemann Gebundene Ausgabe Deutsch",,,,,,,,,,,,,,,,,,,,,,,,,,,,,,,,,,,"Serie & Programme",,"Medium",,"Produktart","Bilderbuch","Format","Gebundene Ausgabe","Sprache","Deutsch","Erscheinungsjahr","2020","Ursprungsland",,,,,,,,,,,,,,,,,,,,,,,,,,,,,,,,,,,,,,,,,,,,,,,,,,,,,,,,,,,166704,,,,,,,,,,,,,,,,,,,,,,,,,,,,,,,,,,,,,,,,,,,,,,,
"SKU-5780092798","de_DE","SW-Stahl Ring-Maulschlüssel 38mm – Präzision für Profis",,,,,,,,,,,,,,,,,,,,,,,,,,,,,,,,,,,"Länge",,"Herstellernummer",,"Sicherheits-Prüfzeichen",,"Anzahl der Einheiten",,"Maßeinheit",,"Besonderheiten",,"Produktart","Ring-Maulschlüssel","Marke","SW-Stahl","Schlüsselweite",,"Ursprungsland",,,,,,,,,,,,,,,,,,,,,,,,,,,,,,,,,,,,,,,,,,,,,,,,,,,,,124413,,,,,,,,,,,,,,,,,,,,,,,,,,,,,,,,,,,,,,,,,,,,,,,
"SKU-7800997883","de_DE","Tamaris Slingpumps M2940642 schwarz, Damen, Leder, Größe 41",,,,,,,,,,,,,,,,,,,,,,,,,,,,,,,,,,,"Produktart",,"AU-Schuhgröße",,"UK-Schuhgröße",,"US-Schuhgröße",,"Absatzart",,"Laufsohlenmaterial",,"Innensohlenmaterial",,"Futtermaterial",,"Charakter",,"Modell",,"Thema",,"Schuhweite",,"Plateauhöhe",,"Muster",,"Verschluss",,"Jahreszeit",,"Vintage",,"Sprengung",,"Absatzhöhe",,"Individualisiert",,"Personalisieren",,"Anleitung für Personalisierung",,"Anzahl der Einheiten",,"Herstellernummer",,"Maßeinheit",,"EU-Schuhgröße","41","Marke","Tamaris","Stil","Sling-Ballerina","Farbe","Schwarz","Abteilung","Damen",,,,,,,,,,,,55793,,,,,,,,,,,,,,,,,,,,,,,,,,,,,,,,,,,,,,,,,,,,,,,
"SKU-4820097368","de_DE","TAN.TOMI Rolltop Rucksack – Flexibel, wasserabweisend & Laptopfach",,,,,,,,,,,,,,,,,,,,,,,,,,,,,,,,,,,"Rahmenmaterial",,"Modell",,"Akzente",,"Anzahl der Einheiten",,"Ereignistyp",,"Gewicht",,"Herstellergarantie",,"Herstellernummer",,"Länge",,"Mannschaft",,"Maßeinheit",,"Position",,"Produktlinie",,"Riemenlänge",,"Saison",,"Taschenart",,"Tiefe",,"Veranstaltung",,"Marke","tan.tomi","Abteilung","Unisex Erwachsene","Größe","Einheitsgröße","Besonderheiten","Laptopfach","Anzahl der Taschen","2","Kapazität","20 L","Anzahl der Trennwände","2","Farbe","schwarz","Material","polyester, wasserabweisend","Verschluss","Schnalle","Besatzmaterial",,"Griff-/Gurtmaterial",,,,,,,,,,,,,87122,,,,,,,,,,,,,,,,,,,,,,,,,,,,,,,,,,,,,,,,,,,,,,,
"SKU-0336723314","de_DE","TEE-UU Rettungsmesser 9892-2510",,,,,,,,,,,,,,,,,,,,,,,,,,,,,,,,,,,"Serie",,"Herstellernummer",,"Besonderheiten",,"Anzahl der Einheiten",,"Maßeinheit",,"Passend für",,"Gewicht",,"Herstellergarantie",,"Marke","TEE-UU","Produktart","Rettungsmesser","Modell","SNAP","Ursprungsland",,,,,,,,,,,,,,,,,,,,,,,,,,,,,,,,,,,,,,,,,,,,,,,,,88668,,,,,,,,,,,,,,,,,,,,,,,,,,,,,,,,,,,,,,,,,,,,,,,
"SKU-4867865757","de_DE","TEMPO Beam MSD 295W 12R Moving Head - Professionelles Bühnenlicht",,,,,,,,,,,,,,,,,,,,,,,,,,,,,,,,,,,"Anzeigetechnologie",,"Anschlüsse",,"Native Auflösung",,"Bildseitenverhältnis",,"Kontrastverhältnis",,"Bildhelligkeit",,"Lüftergeräusch (dB)",,"HD Ready",,"Anzahl der Einheiten",,"Maßeinheit",,"Funktionen",,"Kompatibles Betriebssystem",,"Konnektivität",,"Projektionstyp",,"Marke","TEMPO","Herstellernummer","TP-BH29514R","Lampenlebensdauer","> 8000 Stunden","Ursprungsland",,"Material","Metall, Kunststoff",,,,,,,,,,,,,,,,,,,,,,,,,,,,,,,,,,9599,,,,,,,,,,,,,,,,,,,,,,,,,,,,,,,,,,,,,,,,,,,,,,,
"SKU-0785869755","de_DE","Terry Herrensattel Gel ergonomisch für druckfreies Langstreckenfahren",,,,,,,,,,,,,,,,,,,,,,,,,,,,,,,,,,,"Kompatibler Fahrradtyp",,"Anzahl der Teile",,"Farbe",,"Set enthält",,"Höhe",,"Markenkompatibilität",,"Länge",,"Material",,"Breite",,"Herstellernummer",,"Gewicht",,"Modell",,"Anzahl der Einheiten",,"Herstellergarantie",,"Maßeinheit",,"Modellkompatibilität",,"Marke","Terry","Teiletyp","Herrensattel","Ursprungsland",,,,,,,,,,,,,,,,,,,,,,,,,,,,,,,,,,,57267,,,,,,,,,,,,,,,,,,,,,,,,,,,,,,,,,,,,,,,,,,,,,,,
"SKU-3606468262","de_DE","TEXTAR Bremsscheibe 320mm 30mm für Mercedes-Benz S-Klasse 92056600",,,,,,,,,,,,,,,,,,,,,,,,,,,,,,,,,,,"Einbauposition",,"Bremsscheibenart",,"Material",,"Im Lieferumfang enthalten",,"Besonderheiten",,"Bremsscheiben-Aussendurchmesser",,"OE/OEM Referenznummer(n)",,"Herstellergarantie",,"Länge",,"Mindestdicke",,"Oberflächenbeschaffenheit",,"Stärke",,"Vergleichsnummer",,"Hersteller","Textar","Produktart","Bremsscheibe","Oldtimer-Teil","Nein","Ursprungsland",,"Tuning- & Styling-Teil","Nein","Universelle Kompatibilität","Nein","Herstellernummer","92056600","Höhe","82","Lochkreis","112",,,,,,,,,,,,,,,,,,,,,,,,,,,,33564,,,,,,,,,,,,,,,,,,,,,,,,,,,,,,,,,,,,,,,,,,,,,,,
"SKU-3264592188","de_DE","Thule Bodenmatte 20201523 Gummi Schwarz NEU",,,,,,,,,,,,,,,,,,,,,,,,,,,,,,,,,,,"Besonderheiten",,"Reifengröße",,"Vintage",,"Maximale Belastbarkeit",,"Höhe",,"Breite",,"Länge",,"Anzahl der Einheiten",,"Marke","Thule","Produktart","Haustieranhänger","Anzahl der Sitze","2","Modell","Thule Chariot Cross 2","Material","Gummi","Farbe","Schwarz","Ursprungsland",,"Herstellergarantie","2 Jahre","Herstellernummer","20201523","Gewicht","1","Maßeinheit","kg",,,,,,,,,,,,,,,,,,,,,,,,,,,,,,,,,,85040,,,,,,,,,,,,,,,,,,,,,,,,,,,,,,,,,,,,,,,,,,,,,,,
"SKU-9706798890","de_DE","Thule Fixpunkt Befestigungskit KIT187033 für Evo Dachträger, Schwarz",,,,,,,,,,,,,,,,,,,,,,,,,,,,,,,,,,,"Duft",,"Besonderheiten",,"Volumen",,"Zimmer",,"Anlass",,"Größe",,"Stromquelle",,"Charakter Familie",,"Original/Reproduktion",,"Abteilung",,"Anzahl der Einheiten",,"Breite",,"Dauer",,"Durchmesser",,"Effekt",,"Epoche",,"Feuchtigkeitskontrolle",,"Finish",,"Gewicht",,"Gütesiegel & Kennzeichnungen",,"Herstellungsjahr",,"Herstellungszeitraum",,"Höhe",,"Länge",,"Maßeinheit",,"Materialform",,"Muster",,"Produktlinie",,"Schallpegel",,"Smart Home Kommunikationsprotokoll",,,,,,,,,,,,,166724,,,,,,,,,,,,,,,,,,,,,,,,,,,,,,,,,,,,,,,,,,,,,,,
"SKU-5602954541","de_DE","Tischleuchte 165mm Innenbereich Vintage-Design Kompakte Bauweise",,,,,,,,,,,,,,,,,,,,,,,,,,,,,,,,,,,"Energieeffizienzklasse",,"Lichtfarbe",,"Herstellernummer",,"EEK Spektrum",,"Anzahl der Einheiten",,"Maßeinheit",,"Anzahl der Lichter",,"Armlänge",,"Farbtemperatur",,"Gesamthöhe",,"Länge",,"Leistung",,"Sockel",,"Marke","EGLO","Farbe",,"Besonderheiten","Vintage-Design, Kompakte Bauweise","Stil",,"Ursprungsland",,"Drehbarkeit des Leuchtenkopfes","Nein","Form","Rund","IP-Schutzart",,,,,,,,,,,,,,,,,,,,,,,,,,,,,,,21863,,,,,,,,,,,,,,,,,,,,,,,,,,,,,,,,,,,,,,,,,,,,,,,
"SKU-6274769815","de_DE","TNP Products RJ45 Splitter/Combiner 60W Schwarz",,,,,,,,,,,,,,,,,,,,,,,,,,,,,,,,,,,"Anschluss Splitter/Doppler",,"Anschluss B",,"Besonderheiten",,"Anzahl der Einheiten",,"Herstellernummer",,"Kabellänge",,"Maßeinheit",,"Herstellergarantie",,"Breite",,"Höhe",,"Länge",,"Markenkompatibilität",,"Modellkompatibilität",,"Anschluss A","RJ45","Produktart","RJ45 Splitter/Combiner","Marke","TNP Products","Farbe","Schwarz","Ursprungsland",,,,,,,,,,,,,,,,,,,,,,,,,,,,,,,,,,,,,67276,,,,,,,,,,,,,,,,,,,,,,,,,,,,,,,,,,,,,,,,,,,,,,,
"SKU-5795572847","de_DE","TOM Strandmuschel Pop-Up UV 50+ Sonnenschutz Mint",,,,,,,,,,,,,,,,,,,,,,,,,,,,,,,,,,,"Farbe",,"Anzahl der Fenster",,"Größe",,"Herstellernummer",,"Anzahl der Einheiten",,"Breite",,"Fensterabmessungen",,"Form",,"Gewicht",,"Höhe",,"Länge",,"Maßeinheit",,"Modell",,"Wassersäule",,"Besonderheiten",,"Marke","TOM","Produktart","Schutzdach","Material","190T PU-Gewebe, silberbeschichtet innen","Ursprungsland",,,,,,,,,,,,,,,,,,,,,,,,,,,,,,,,,,,179011,,,,,,,,,,,,,,,,,,,,,,,,,,,,,,,,,,,,,,,,,,,,,,,
"SKU-3825799024","de_DE","Tommy Hilfiger Damen Langarmshirt Gr.L Slim Fit Bretonstreifen Marineblau",,,,,,,,,,,,,,,,,,,,,,,,,,,,,,,,,,,"Akzente",,"Besonderheiten",,"Jahreszeit",,"Verschluss",,"Ärmelart",,"Träger-/Riemenart",,"Größenkategorie",,"Textilpflege",,"Anleitung für Personalisierung",,"Anzahl der Einheiten",,"Produktart","Langarmshirt","Größe","L","Marke","Tommy Hilfiger","Abteilung","Damen","Farbe","Breton Desert Sky","Material","100% Baumwolle","Stil","Casual","Ärmellänge","3/4-Ärmel","Gewebeart","Jersey","Muster","Gestreift","Ausschnitt","U-Boot-Ausschnitt","Thema","Klassisch, Maritim","Charakter","Tommy","Anlass","Freizeit","Passform","Slim Fit","Ursprungsland","Jersey","Vintage","Nein","Handgefertigt","Nein","Personalisieren","Nein","Herstellernummer","wwoww405890A6",,,,,,,,,,,,53159,,,,,,,,,,,,,,,,,,,,,,,,,,,,,,,,,,,,,,,,,,,,,,,
"SKU-6560672722","de_DE","Tommy Hilfiger Damen Langarmshirt Slim Fit U-Boot Streifen M Navy/Ecru",,,,,,,,,,,,,,,,,,,,,,,,,,,,,,,,,,,"Gewebeart",,"Thema",,"Akzente",,"Jahreszeit",,"Verschluss",,"Ärmelart",,"Träger-/Riemenart",,"Größenkategorie",,"Vintage",,"Textilpflege",,"Handgefertigt",,"Personalisieren",,"Anleitung für Personalisierung",,"Anzahl der Einheiten",,"Produktart","Langarmshirt","Größe","M","Marke","Tommy Hilfiger","Abteilung","Damen","Farbe","Breton Desert Sky","Material","100% Baumwolle","Stil","Casual","Ärmellänge","Dreiviertelarm","Muster","Gestreift","Ausschnitt","Rundhals","Charakter","Tommy","Anlass",,"Besonderheiten",,"Passform","Slim Fit","Ursprungsland",,"Herstellernummer","wwoww405890A6",,,,,,,,,,,,53159,,,,,,,,,,,,,,,,,,,,,,,,,,,,,,,,,,,,,,,,,,,,,,,
"SKU-6307001376","de_DE","Tommy Hilfiger Essential Runner Metallics Sneaker Ancient White Größe 40 Neu mit",,,,,,,,,,,,,,,,,,,,,,,,,,,,,,,,,,,"Modell",,"Produktlinie",,"UK-Schuhgröße",,"US-Schuhgröße",,"Schuhschaft-Typ",,"Innensohlenmaterial",,"Laufsohlenmaterial",,"Futtermaterial",,"Schuhweite",,"Erscheinungsjahr",,"Herstellungsjahr",,"Jahreszeit",,"Aktivität",,"Produktart",,"Vintage",,"Signiert",,"Muster",,"Stollentyp",,"Herstellernummer",,"Individualisiert",,"Anzahl der Einheiten",,"Maßeinheit",,"Pronation",,"Marke","Tommy Hilfiger","EU-Schuhgröße","40","Abteilung","Damen","Stil","Sneaker, Low-Top","Farbe","Ancient White / Weiß-Gold","Charakter","Tommy","Obermaterial","Unbekannt",,,,,,,,,,,,15709,,,,,,,,,,,,,,,,,,,,,,,,,,,,,,,,,,,,,,,,,,,,,,,
"SKU-8559262370","de_DE","Tommy Hilfiger Jungen Langarmshirt 100% Baumwolle Dunkelblau 164-176 cm",,,,,,,,,,,,,,,,,,,,,,,,,,,,,,,,,,,"Charakter Familie",,"Gewebeart",,"Besonderheiten",,"Jahreszeit",,"Verschluss",,"Brustumfang",,"Vintage",,"Personalisieren",,"Handgefertigt",,"Kragenart",,"Produktlinie",,"Textilpflege",,"Waschung",,"Anleitung für Personalisierung",,"Marke","Tommy Hilfiger","Größe","164-176 cm","Abteilung","Jungen","Produktart","Langarmshirt","Ärmellänge","Langarm","Farbe","Dunkelblau","Thema",,"Charakter","Tommy","Aktivität",,"Muster","Unifarben","Anlass","Freizeit","Stil","Casual","Ursprungsland",,"Material","Baumwolle","Akzente",,"Ausschnitt","Rundhals",,,,,,,,,,,,260966,,,,,,,,,,,,,,,,,,,,,,,,,,,,,,,,,,,,,,,,,,,,,,,
"SKU-6634800828","de_DE","Tommy Hilfiger Pullover Gr.xL Herren Baumwolle Kaschmir Dunkelblau NEU",,,,,,,,,,,,,,,,,,,,,,,,,,,,,,,,,,,"Jahrzehnt",,"Größenkategorie",,"Original/Reproduktion",,"Look",,"Stil","Casual","Material","Baumwolle, Kaschmir","Marke","Tommy Hilfiger","Ursprungsland",,"Größe","XL","Herstellernummer","MW0MW28046DW5","Farbe","Dunkelblau","Anlass","Freizeit, Business Casual",,,,,,,,,,,,,,,,,,,,,,,,,,,,,,,,,,,,,,,,,,,,,,,,175774,,,,,,,,,,,,,,,,,,,,,,,,,,,,,,,,,,,,,,,,,,,,,,,
"SKU-1041108089","de_DE","Tommy Hilfiger T-Shirt MWOMW34388 YBR Herren Gr. L Baumwolle Weiß NEU",,,,,,,,,,,,,,,,,,,,,,,,,,,,,,,,,,,"Original/Reproduktion",,"Größenkategorie",,"Jahrzehnt",,"Look",,"Anlass",,"Design",,"Marke","Tommy Hilfiger","Ursprungsland",,"Material","Baumwolle","Größe","L","Herstellernummer","MWOMW34388 YBR","Farbe","Weiß",,,,,,,,,,,,,,,,,,,,,,,,,,,,,,,,,,,,,,,,,,,,,,,,175781,,,,,,,,,,,,,,,,,,,,,,,,,,,,,,,,,,,,,,,,,,,,,,,
"SKU-4500500397","de_DE","TOMMY JEANS Damen Zip-Off Cargo Hose Faded Willow Gr. S Nylon",,,,,,,,,,,,,,,,,,,,,,,,,,,,,,,,,,,"Marke","TOMMY JEANS","Farbe","Faded Willow","Geschlecht","Damen","Größe","S","Material","Nylon","Ursprungsland",,,,,,,,,,,,,,,,,,,,,,,,,,,,,,,,,,,,,,,,,,,,,,,,,,,,,,,,,,,,,44660,,,,,,,,,,,,,,,,,,,,,,,,,,,,,,,,,,,,,,,,,,,,,,,
"SKU-5980539717","de_DE","Tommy Jeans Herren V-Neck T-Shirt Slim Fit Gr. M Navy",,,,,,,,,,,,,,,,,,,,,,,,,,,,,,,,,,,"Thema",,"Charakter Familie",,"Akzente",,"Muster",,"Gewebeart",,"Jahreszeit",,"Textilpflege",,"Größenkategorie",,"Anleitung für Personalisierung",,"Anzahl der Einheiten",,"Herstellungsjahr",,"Marke","Tommy Hilfiger","Produktart","T-Shirt","Abteilung","Herren","Größe","M","Farbe","Blau","Charakter","Tommy","Ausschnitt","V-Ausschnitt","Ärmellänge","Kurzarm","Material",,"Ursprungsland",,"Besonderheiten",,"Passform","Slim Fit","Produktlinie","Tommy Jeans","Vintage","Nein","Personalisieren","Nein","Handgefertigt","Nein","Modell","TJM XSLIM JASPE V NECK","Herstellernummer","DMODM09587 C1G","Maßeinheit","m",,,,,,,,,,,,15687,,,,,,,,,,,,,,,,,,,,,,,,,,,,,,,,,,,,,,,,,,,,,,,
"SKU-0651722148","de_DE","Topeak Bento Pack, Oberrohrtasche 0,85 L (TC2333B)",,,,,,,,,,,,,,,,,,,,,,,,,,,,,,,,,,,"Besonderheiten",,"Position",,"Anzahl der Taschen",,"Kompatibel mit",,"Kapazität",,"Thema",,"Verschluss",,"Sportart/Aktivität",,"Breite",,"Höhe",,"Länge",,"Anzahl der Einheiten",,"Gewicht",,"Herstellergarantie",,"Pflegeanleitung",,"Produktlinie",,"Tiefe",,"Marke","Topeak","Produktart","Einzelne Fahrradtasche","Farbe","Schwarz","Material","Robustes, wasserabweisendes Gewebe (Synthetik)","Größe","L","Ursprungsland",,"Modell","Bento Pack","Maßeinheit","L","Herstellernummer","TC2333B",,,,,,,,,,,,,,,,,,,,177833,,,,,,,,,,,,,,,,,,,,,,,,,,,,,,,,,,,,,,,,,,,,,,,
"SKU-7237772440","de_DE","Topeak Standpumpe JoeBlow Urban EX mit Fußmanometer 8 bar",,,,,,,,,,,,,,,,,,,,,,,,,,,,,,,,,,,"Anzahl der Adapter",,"Manometer Typ",,"Stromquelle",,"Ventiltyp",,"Farbe",,"Maximaler Betriebsdruck",,"Herstellergarantie",,"Sportart/Aktivität",,"Gewicht",,"Höhe",,"Luftschlauchlänge",,"Länge",,"Set enthält",,"Anzahl der Einheiten",,"Breite",,"Maßeinheit",,"Spannung",,"Marke","Topeak","Produktart","Standpumpe","Besonderheiten",,"Maßeinheiten","Bar","Ursprungsland",,"Herstellernummer","TJB-UET1","Material","Metallzylinder, Kunststoffgehäuse","Modell","JoeBlow Urban EX",,,,,,,,,,,,,,,,,,,,,,22691,,,,,,,,,,,,,,,,,,,,,,,,,,,,,,,,,,,,,,,,,,,,,,,
"SKU-4996518676","de_DE","Topeak Weatherproof DynaWedge Strap Mount - Large (0.6 L)",,,,,,,,,,,,,,,,,,,,,,,,,,,,,,,,,,,"Kompatibel mit",,"Sportart/Aktivität",,"Besonderheiten",,"Anzahl der Taschen",,"Thema",,"Länge",,"Höhe",,"Breite",,"Modell",,"Gewicht",,"Tiefe",,"Anzahl der Einheiten",,"Herstellergarantie",,"Herstellernummer",,"Marke","Topeak","Produktart","Satteltasche","Material","210D & 420D Nylon mit PU-Beschichtung","Rahmenmaterial",,"Farbe","Schwarz","Griff-/Gurtmaterial",,"Größe",,"Verschluss",,"Ursprungsland",,"Maßeinheit",,,,,,,,,,,,,,,,,,,,,,,,,177835,,,,,,,,,,,,,,,,,,,,,,,,,,,,,,,,,,,,,,,,,,,,,,,
"SKU-1097223332","de_DE","TOPSTAR Kinderdrehstuhl NIC Sportswagen - Ergonomisch für Kinder, Schwarz/Hellbl",,,,,,,,,,,,,,,,,,,,,,,,,,,,,,,,,,,"Anzahl der Einheiten",,"Höhe Armlehne",,"Marke","TOPSTAR","Herstellernummer","70570JD3","Maßeinheit",,"Ursprungsland","Deutschland","Anzahl der Rollen","nicht angegeben","Besonderheiten","Made in Germany, 3 Jahre Garantie","Gesamtbreite","nicht angegeben","Gesamthöhe","nicht angegeben","Gesamttiefe","nicht angegeben","Höhe Rückenlehne","41","Max. Belastbarkeit","60","Sitzbreite","44","Sitztiefe","31",,,,,,,,,,,,,,,,,,,,,,,,,,,,,,,,,,,,,,,,,,68463,,,,,,,,,,,,,,,,,,,,,,,,,,,,,,,,,,,,,,,,,,,,,,,
"SKU-7926913408","de_DE","Toptrek Fahrradabdeckung 210D Oxford – Wasserdicht, UV-Schutz & Diebstahlschutz",,,,,,,,,,,,,,,,,,,,,,,,,,,,,,,,,,,"Maximale Belastbarkeit",,"Gewicht",,"Anzahl der Einheiten",,"Herstellergarantie",,"Maßeinheit",,"Produktart","Abdeckplane/Schutzhülle","Befestigungsart","Boden","Maximale Anzahl an Fahrräder","2","Material","210D Oxford-Gewebe","Marke","TOPTREK","Farbe","Schwarz","Ursprungsland","Deutschland","Herstellernummer","846236311","Länge","200 cm","Breite","70 cm","Höhe","110 cm","Modell","Fahrradabdeckung 210D","Vintage","Nein",,,,,,,,,,,,,,,,,,,,,,,,,,,,,,,,,,,,158997,,,,,,,,,,,,,,,,,,,,,,,,,,,,,,,,,,,,,,,,,,,,,,,
"SKU-9116827107","de_DE","Toyfel Zahlenwurfspiel Tölky",,,,,,,,,,,,,,,,,,,,,,,,,,,,,,,,,,,"Altersempfehlung",,"Farbe",,"Herstellernummer",,"Produktart","Zahlenwurfspiel","Marke","Toyfel","Ursprungsland","Finnland",,,,,,,,,,,,,,,,,,,,,,,,,,,,,,,,,,,,,,,,,,,,,,,,,,,,,,,,,,,,25966,,,,,,,,,,,,,,,,,,,,,,,,,,,,,,,,,,,,,,,,,,,,,,,
"SKU-6148008788","de_DE","TPE Yoga Yogamatte Grün - Rutschfest & Komfortabel für Fitness & Pilates",,,,,,,,,,,,,,,,,,,,,,,,,,,,,,,,,,,"Breite",,"Herstellernummer",,"Länge",,"Form",,"Höhe",,"Modell",,"Anzahl der Einheiten",,"Durchmesser",,"Veranstaltung",,"Ereignistyp",,"Mannschaft",,"Pflegeanleitung",,"Set enthält",,"Anleitung für Personalisierung",,"Produktart","Yogamatte","Sportart/Aktivität","Yoga","Marke","TPE Yoga","Farbe","Grün","Besonderheiten","Rutschfest","Anzahl der Teile","1","Material","TPE","Ursprungsland",,"Abteilung","Unisex Erwachsene","Gewicht","1","Größe","183 x 61 cm","Personalisieren","Nein","Maßeinheit","kg","Personalisiert","Nein",,,,,,,,,,,,,,,,158928,,,,,,,,,,,,,,,,,,,,,,,,,,,,,,,,,,,,,,,,,,,,,,,
"SKU-0121175685","de_DE","TRESKO Hund Katze Transportbox L Anthrazit",,,,,,,,,,,,,,,,,,,,,,,,,,,,,,,,,,,"Gebiet",,"Echtheit",,"Motiv",,"Zertifizierung",,"Erhaltungsgrad",,"MICHEL-Nummer",,"MICHEL-Katalogwert",,"Erhaltungszustand",,"Angebotsumfang",,"Expertengeprüft",,"Ursprungsland",,,,,,,,,,,,,,,,,,,,,,,,,,,,,,,,,,,,,,,,,,,,,,,,,,,36687,,,,,,,,,,,,,,,,,,,,,,,,,,,,,,,,,,,,,,,,,,,,,,,
"SKU-6221197450","de_DE","TRIGGER POINT SYSTEMS Fitnessbänder Set Textil Grau Schwarz Hellgrau",,,,,,,,,,,,,,,,,,,,,,,,,,,,,,,,,,,"Sichtbares Logo",,"Besonderheiten",,"Jahreszeit",,"Motorrad-Stil",,"Protektoren",,"Jackenlänge",,"Verschluss",,"Futtermaterial",,"Halsausschnitt",,"Vintage",,"CE-Level",,"Größenkategorie",,"Personalisiert",,"Isoliermaterial",,"Taschentyp",,"Gütesiegel & Kennzeichnungen",,"Herstellernummer",,"Herstellergarantie",,"Textilpflege",,"Brustweite",,"Schichten",,"Marke","TRIGGER POINT SYSTEMS","Zielgruppe","Unisex Erwachsene","Größe","M","Material","Leder & Textil","Farbe","Grau","Anzahl der Taschen","3","Ursprungsland",,"Anzahl der Einheiten","3","Maßeinheit","m",,,,,,,,,,,,177117,,,,,,,,,,,,,,,,,,,,,,,,,,,,,,,,,,,,,,,,,,,,,,,
"SKU-5583443162","de_DE","Triumph Damen Zebra Bikini-Oberteil, C-Cup, gepolstert, schwarz-weiß",,,,,,,,,,,,,,,,,,,,,,,,,,,,,,,,,,,"Schwimmunterteil-Stil",,"Besonderheiten",,"Schwimmoberteil-Stil",,"Akzente",,"Muster",,"Träger-/Riemenart",,"Anzahl der Teile",,"Vintage",,"Personalisieren",,"Anleitung für Personalisierung",,"Anzahl der Einheiten",,"Textilpflege",,"Produktart","Bikini-Oberteil","Größe","42","Marke","Triumph","Abteilung","Damen","Körbchengröße","C","Farbe","Schwarz-Weiß","Thema","Zebra","Material","Polyamid, Polyester","Ursprungsland",,"Größenkategorie","Normalgröße","Herstellernummer","30111029","Maßeinheit","L",,,,,,,,,,,,,,,,,,,,,,,,63867,,,,,,,,,,,,,,,,,,,,,,,,,,,,,,,,,,,,,,,,,,,,,,,
"SKU-3857652007","de_DE","Triumph Summer Allure Damen Bikinihose Maxi Slip Zebra Schwarz-Weiß Gr. 42",,,,,,,,,,,,,,,,,,,,,,,,,,,,,,,,,,,"Schwimmunterteil-Stil",,"Körbchengröße",,"Besonderheiten",,"Schwimmoberteil-Stil",,"Akzente",,"Muster",,"Träger-/Riemenart",,"Anzahl der Teile",,"Größenkategorie",,"Vintage",,"Personalisieren",,"Anleitung für Personalisierung",,"Anzahl der Einheiten",,"Maßeinheit",,"Textilpflege",,"Produktart","Bikinihose","Größe","42","Marke","Triumph","Abteilung","Damen","Farbe","Schwarz-Weiß","Thema","Zebra","Material","Polyamid, Polyester","Ursprungsland",,"Herstellernummer","10218721",,,,,,,,,,,,,,,,,,,,,,,,63867,,,,,,,,,,,,,,,,,,,,,,,,,,,,,,,,,,,,,,,,,,,,,,,
"SKU-5868736484","de_DE","TRW Bremsbelagsatz Hinterachse für VW Polo, Seat Leon, Skoda Octavia GDB1330",,,,,,,,,,,,,,,,,,,,,,,,,,,,,,,,,,,"Material",,"Im Lieferumfang enthalten",,"Herstellergarantie",,"Tuning- & Styling-Teil",,"Oldtimer-Teil",,"OE/OEM Referenznummer(n)",,"Vergleichsnummer",,"Produktart","Bremsbelagsatz","Hersteller","TRW","Einbauposition","Hinterachse","Anzahl pro Packung","4","Besonderheiten","Geräuscharmer Lauf","Ursprungsland","Spanien","Herstellernummer","GDB1330","Breite","87",,,,,,,,,,,,,,,,,,,,,,,,,,,,,,,,,,,,,,,,,,57357,,,,,,,,,,,,,,,,,,,,,,,,,,,,,,,,,,,,,,,,,,,,,,,
"SKU-4873494474","de_DE","TRW Bremsscheibe Hinterachse 9mm für Honda Accord DF4982",,,,,,,,,,,,,,,,,,,,,,,,,,,,,,,,,,,"Im Lieferumfang enthalten",,"Besonderheiten",,"Bremsscheiben-Aussendurchmesser",,"OE/OEM Referenznummer(n)",,"Herstellergarantie",,"Höhe",,"Länge",,"Mindestdicke",,"Oberflächenbeschaffenheit",,"Stärke",,"Vergleichsnummer",,"Hersteller","TRW","Einbauposition","Hinten","Produktart","Bremsscheibe","Bremsscheibenart","Belüftet","Material","Stahl","Oldtimer-Teil","Nein","Ursprungsland",,"Tuning- & Styling-Teil","Nein","Universelle Kompatibilität","Nein","Herstellernummer","DF4982","Lochkreis","114,3",,,,,,,,,,,,,,,,,,,,,,,,,,,,33564,,,,,,,,,,,,,,,,,,,,,,,,,,,,,,,,,,,,,,,,,,,,,,,
"SKU-2941051529","de_DE","TRW Bremsscheibe Vorderachse für Audi A4 A5 A6 DF4866S",,,,,,,,,,,,,,,,,,,,,,,,,,,,,,,,,,,"Einbauposition",,"Im Lieferumfang enthalten",,"Oldtimer-Teil",,"Tuning- & Styling-Teil",,"Universelle Kompatibilität",,"Besonderheiten",,"Bremsscheiben-Aussendurchmesser",,"OE/OEM Referenznummer(n)",,"Herstellergarantie",,"Höhe",,"Lochkreis",,"Länge",,"Mindestdicke",,"Oberflächenbeschaffenheit",,"Stärke",,"Vergleichsnummer",,"Hersteller","TRW","Produktart","Bremsscheibe","Bremsscheibenart","Innenbelüftet","Material","Gusseisen","Ursprungsland",,"Herstellernummer","DF4866S",,,,,,,,,,,,,,,,,,,,,,,,,,,,33564,,,,,,,,,,,,,,,,,,,,,,,,,,,,,,,,,,,,,,,,,,,,,,,
"SKU-2312450352","de_DE","TT. BAGATT Leder Stiefeletten Damen EU 36 Cognac Echtleder NEU",,,,,,,,,,,,,,,,,,,,,,,,,,,,,,,,,,,"Schuhschaft-Typ",,"AU-Schuhgröße",,"UK-Schuhgröße",,"US-Schuhgröße",,"Thema",,"Schuhweite",,"Schuhspitze",,"Produktlinie",,"Gewebeart",,"Muster",,"Vintage",,"Wadenweite",,"Personalisieren",,"Individualisiert",,"Anleitung für Personalisierung",,"Anzahl der Einheiten",,"Charakter",,"Herstellernummer",,"Maßeinheit",,"EU-Schuhgröße","36","Abteilung","Damen","Marke","Bagatt","Produktart","Stiefeletten","Farbe","Braun","Obermaterial","Leder","Stil","Stiefelette","Laufsohlenmaterial","Gummi","Innensohlenmaterial","Gummi","Futtermaterial","Stoff","Jahreszeit",,,,,,,,,,,,,53557,,,,,,,,,,,,,,,,,,,,,,,,,,,,,,,,,,,,,,,,,,,,,,,
"SKU-3067192877","de_DE","TT. BAGATT Leder Stiefeletten Damen EU 38 Echtleder NEU",,,,,,,,,,,,,,,,,,,,,,,,,,,,,,,,,,,"Thema",,"Produktlinie",,"Gewebeart",,"Anleitung für Personalisierung",,"Anzahl der Einheiten",,"Herstellernummer",,"Maßeinheit",,"EU-Schuhgröße","38","Abteilung","Damen","Marke","Bagatt","Produktart","Stiefel","Farbe","Braun","Obermaterial","Leder","Stil","Stiefelette","Laufsohlenmaterial","Thermoplastischer Gummi","Innensohlenmaterial","Gummi","Futtermaterial","Textil","Schuhschaft-Typ","Knöchel","Jahreszeit","Winter","AU-Schuhgröße","8","UK-Schuhgröße","8","US-Schuhgröße","8","Modell","Chelsea","Besonderheiten",,"Absatzart","Blockabsatz","Schuhweite","Standard","Akzente","Reißverschluss","Ursprungsland",,"Verschluss","Reißverschluss","Schuhspitze","Runde Form",,,,,,,,,,,,53557,,,,,,,,,,,,,,,,,,,,,,,,,,,,,,,,,,,,,,,,,,,,,,,
"SKU-5359727068","de_DE","TT. BAGATT Leder Stiefeletten Damen EU 39 Echtleder NEU",,,,,,,,,,,,,,,,,,,,,,,,,,,,,,,,,,,"AU-Schuhgröße",,"UK-Schuhgröße",,"US-Schuhgröße",,"Modell",,"Thema",,"Schuhweite",,"Produktlinie",,"Gewebeart",,"Muster",,"Plateauhöhe",,"Anleitung für Personalisierung",,"Anzahl der Einheiten",,"Charakter",,"Herstellernummer",,"EU-Schuhgröße","39","Abteilung","Damen","Marke","Bagatt","Produktart","Stiefel","Farbe","Braun","Obermaterial","Leder","Stil","Stiefelette","Laufsohlenmaterial","Synthetik","Innensohlenmaterial","Leder","Futtermaterial","Baumwolle","Schuhschaft-Typ","Knöchel","Jahreszeit","Herbst,Winter,Frühling","Besonderheiten",,"Absatzart","Blockabsatz","Akzente","Reißverschluss","Ursprungsland",,,,,,,,,,,,,53557,,,,,,,,,,,,,,,,,,,,,,,,,,,,,,,,,,,,,,,,,,,,,,,
"SKU-8802720534","de_DE","TT. BAGATT Leder Stiefeletten Damen EU 40 Echtleder NEU",,,,,,,,,,,,,,,,,,,,,,,,,,,,,,,,,,,"Jahreszeit",,"Modell",,"Thema",,"Schuhweite",,"Schuhspitze",,"Produktlinie",,"Gewebeart",,"Muster",,"Plateauhöhe",,"Wadenweite",,"Anleitung für Personalisierung",,"Anzahl der Einheiten",,"Charakter",,"Maßeinheit",,"EU-Schuhgröße","40","Abteilung","Damen","Marke","Bagatt","Produktart","Stiefel","Farbe","Braun","Obermaterial","Leder","Stil","Stiefelette","Laufsohlenmaterial","Gummi","Innensohlenmaterial","Leder","Futtermaterial","Stoff","Schuhschaft-Typ","Knöchel","AU-Schuhgröße","7","UK-Schuhgröße","7","US-Schuhgröße","9","Besonderheiten",,"Absatzart","Blockabsatz",,,,,,,,,,,,53557,,,,,,,,,,,,,,,,,,,,,,,,,,,,,,,,,,,,,,,,,,,,,,,
"SKU-1479525764","de_DE","TT. BAGATT Leder Stiefeletten Damen EU 41  Echtleder NEU",,,,,,,,,,,,,,,,,,,,,,,,,,,,,,,,,,,"Besonderheiten",,"Thema",,"Produktlinie",,"Gewebeart",,"Muster",,"Plateauhöhe",,"Anleitung für Personalisierung",,"Anzahl der Einheiten",,"Herstellernummer",,"Maßeinheit",,"EU-Schuhgröße","41","Abteilung","Damen","Marke","Bagatt","Produktart","Stiefel","Farbe","Braun","Obermaterial","Leder","Stil","Stiefelette","Laufsohlenmaterial","Gummi","Innensohlenmaterial","Leder","Futtermaterial","Stoff","Schuhschaft-Typ","Knöchelhoch","Jahreszeit","Winter","AU-Schuhgröße","7","UK-Schuhgröße","7","US-Schuhgröße","10","Modell","D11-AGX33-1100","Absatzart","Blockabsatz","Schuhweite","Standard","Akzente","Reißverschluss","Ursprungsland",,,,,,,,,,,,,53557,,,,,,,,,,,,,,,,,,,,,,,,,,,,,,,,,,,,,,,,,,,,,,,
"SKU-8049033555","de_DE","UGREEN Handyhalterung 15846 Schwarz NEU",,,,,,,,,,,,,,,,,,,,,,,,,,,,,,,,,,,"Charakter Familie",,"Besonderheiten",,"Anzahl der Anschlüsse",,"Charakter",,"Version",,"Befestigung",,"Kabelloser Ladestandard",,"Design/Oberfläche",,"Kabellänge",,"Konnektivität",,"Thema",,"Personalisieren",,"Gewicht",,"Herstellergarantie",,"Anleitung für Personalisierung",,"Anzahl der Einheiten",,"Breite",,"Höhe",,"Länge",,"Maßeinheit",,"Produktart","Handyhalterung","Inbegriffene Artikel",,"Marke","Ugreen","Befestigungsart","Magnet","Befestigungsort","Lüftung","Modellkompatibilität","Universal","Material","Kunststoff","Farbe","Schwarz","Markenkompatibilität","Universell","Ursprungsland",,,,,,,,,,,,,35190,,,,,,,,,,,,,,,,,,,,,,,,,,,,,,,,,,,,,,,,,,,,,,,
"SKU-8884319986","de_DE","Under Armour Damen Sport-BH Mid Crossback, Schwarz, Size S, Atmungsaktiv",,,,,,,,,,,,,,,,,,,,,,,,,,,,,,,,,,,"Thema",,"Aktivität",,"Produktlinie",,"Charakter",,"Größenkategorie",,"Gewebeart",,"Halt",,"Textilpflege",,"Körbchenform",,"Vintage",,"Bügelart",,"Akzente",,"Charakter Familie",,"Herstellungsjahr",,"Anzahl der Einheiten",,"Maßeinheit",,"Marke","Under armour","Stil","Sport-BH","Unterbrustumfang","S","Größe","S","Körbchengröße",,"Produktart","Sport-BH","Farbe","Schwarz/Jet Gray","Träger-/Riemenart",,"Abteilung","Damen","Material","Polyester","Herstellernummer","1361034-001","Besonderheiten","Herausnehmbare Cups","Ursprungsland",,"Muster","Unifarben",,,,,,,,,,,,59315,,,,,,,,,,,,,,,,,,,,,,,,,,,,,,,,,,,,,,,,,,,,,,,
"SKU-1000000000","de_DE","Under Armour Herren T-Shirt Schwarz/Graphit Gr.xL Polyester 1326413",,,,,,,,,,,,,,,,,,,,,,,,,,,,,,,,,,,"Jahrzehnt",,"Original/Reproduktion",,"Look",,"Anlass",,"Brustumfang",,"Schrittlänge",,"Schulterbreite",,"Schulter zum Saum",,"Bund zum Saum",,"Material","Polyester","Ursprungsland",,"Größe","XL","Marke","Under armour","Herstellernummer","1326413","Farbe","Schwarz/Graphit","Geschlecht","Herren",,,,,,,,,,,,,,,,,,,,,,,,,,,,,,,,,,,,,,,,182043,,,,,,,,,,,,,,,,,,,,,,,,,,,,,,,,,,,,,,,,,,,,,,,
"SKU-3475457190","de_DE","Upgrade4cars X2 Universal Autositzauflage - 2er Set, Wasserdicht, Schwarz",,,,,,,,,,,,,,,,,,,,,,,,,,,,,,,,,,,"Referenznummer(n) OE",,"Referenznummer(n) OEM",,"Herstellergarantie",,"Maßeinheit",,"Weitere Artikelnummer",,"Hersteller","Upgrade4cars","Einbauposition","Vorne","Tuning- & Styling-Teil","Ja","Herstellernummer","X2 Universal","Oberflächenbeschaffenheit","Oxford-Polyester","Ursprungsland",,"Anzahl der Einheiten","2",,,,,,,,,,,,,,,,,,,,,,,,,,,,,,,,,,,,,,,,,,,,,,,,180472,,,,,,,,,,,,,,,,,,,,,,,,,,,,,,,,,,,,,,,,,,,,,,,
"SKU-4191907503","de_DE","UPMANN Revisionsklappe 20521 150x200mm Weiß NEU",,,,,,,,,,,,,,,,,,,,,,,,,,,,,,,,,,,"Material",,"Rahmenmaterial",,"Form",,"Tiefe",,"Breite",,"Breite (innen)",,"Gewicht",,"Höhe",,"Höhe (innen)",,"Anzahl der Einheiten",,"Maßeinheit",,"Produktart","Revisionsklappe","Farbe","Weiß","Geeignet für",,"Besonderheiten","Robuste Bauweise, präzise Verarbeitung","Marke","UPMANN","Ursprungsland",,"Herstellernummer","20521",,,,,,,,,,,,,,,,,,,,,,,,,,,,,,,,,,,,30527,,,,,,,,,,,,,,,,,,,,,,,,,,,,,,,,,,,,,,,,,,,,,,,
"SKU-1000000002","de_DE","Urban Classics Damen Leggings Schwarz Gr. S Baumwolle TB3216-20007",,,,,,,,,,,,,,,,,,,,,,,,,,,,,,,,,,,"Jahreszeit",,"Thema",,"Gewebeart",,"Charakter Familie",,"Charakter",,"Muster",,"Aktivität",,"Taillenumfang",,"Schrittlänge",,"Vintage",,"Handgefertigt",,"Textilpflege",,"Größe","S","Produktart","Leggings","Abteilung","Damen","Marke","Urban Classics","Besonderheiten","Spitzenbesatz","Farbe","Schwarz","Material","Baumwolle","Anlass","Freizeit","Stil","Leggings","Herstellernummer","TB3216-20007","Ursprungsland",,,,,,,,,,,,,,,,,,,,,,,,,,,152719,,,,,,,,,,,,,,,,,,,,,,,,,,,,,,,,,,,,,,,,,,,,,,,
"SKU-3016364513","de_DE","VAICO Bremsscheibe Hinterachse für Ford Kuga Galaxy Focus Mondeo V25-40006",,,,,,,,,,,,,,,,,,,,,,,,,,,,,,,,,,,"Material",,"Bremsscheiben-Aussendurchmesser",,"OE/OEM Referenznummer(n)",,"Herstellergarantie",,"Höhe",,"Lochkreis",,"Länge",,"Mindestdicke",,"Oberflächenbeschaffenheit",,"Stärke",,"Vergleichsnummer",,"Hersteller","Vaico","Einbauposition","Vorne","Produktart","Bremsscheibe","Bremsscheibenart","Belüftet","Im Lieferumfang enthalten","Befestigung","Oldtimer-Teil","Nein","Ursprungsland",,"Tuning- & Styling-Teil","Nein","Universelle Kompatibilität","Nein","Besonderheiten","Hohe Leistung","Herstellernummer","V25-40006",,,,,,,,,,,,,,,,,,,,,,,,,,,,33564,,,,,,,,,,,,,,,,,,,,,,,,,,,,,,,,,,,,,,,,,,,,,,,
"SKU-5932239224","de_DE","VALENTINO Motorrad Abdeckplane 41088",,,,,,,,,,,,,,,,,,,,,,,,,,,,,,,,,,,"Kraftradtyp",,"Besonderheiten",,"Anzahl der Teile",,"Befestigungsart",,"OE/OEM Referenznummer(n)",,"Gewicht",,"Herstellergarantie",,"Im Lieferumfang enthalten",,"Oldtimer-Teil",,"Tuning- & Styling-Teil",,"Universelle Kompatibilität",,"Vergleichsnummer",,"Produktart","Abdeckung","Hersteller","Walser","Farbe","Grau","Länge","185 cm","Material","PVC","Höhe","110 cm","Ursprungsland",,"Breite","90 cm","Herstellernummer","41088",,,,,,,,,,,,,,,,,,,,,,,,,,,,,,263146,,,,,,,,,,,,,,,,,,,,,,,,,,,,,,,,,,,,,,,,,,,,,,,
"SKU-1377750386","de_DE","Valuents Camping Teppich CampCarp-250-350 Outdoor Vorzeltteppich 250x350 cm NEU",,,,,,,,,,,,,,,,,,,,,,,,,,,,,,,,,,,"Montage",,"Rahmenart",,"Dachmaterial",,"Maximale Höhe",,"Umlaufmass",,"Rahmenmaterial",,"Aufenthaltsart",,"Minimale Höhe",,"Verwendungsbereich",,"Befestigungsmaterial inklusive",,"Markisen-Passform",,"Rahmendesign",,"Herstellergarantie",,"Kompatibles Jahr",,"Produktart","Campingteppich","Fahrzeugkompatibilität","Universal","Marke","Valuents","Markenkompatibilität","Universell","Modellkompatibilität","Universal","Farbe","Grau-Blau","Modell","CampCarp-250-350","Stoffmaterial","Polypropylen","Set enthält","8 Bodenanker, ausziehbare Wäscheleine","Besonderheiten",,"Breite","250","Ursprungsland",,"Länge","350","Gewicht","1","Herstellernummer","CampCarp-250-350",,,,,,,,,,,,,,49766,,,,,,,,,,,,,,,,,,,,,,,,,,,,,,,,,,,,,,,,,,,,,,,
"SKU-8735317765","de_DE","VaultX Deck Box Schwarz NEU Sammelkarten Exo-Tec Toploading 80+ Sammeln",,,,,,,,,,,,,,,,,,,,,,,,,,,,,,,,,,,"TV-Serie",,"Material",,"Film",,"Anzahl der Fächer",,"Herstellungsjahr",,"Altersempfehlung",,"Signiert von",,"Kartenkapazität",,"Kompatible Kartengröße",,"Autogramm-Authentifizierung",,"Herstellernummer",,"Mit Autogramm",,"Vintage",,"Autogrammart",,"Länge",,"Breite",,"Höhe",,"Convention/Event",,"Abgebildete Person/Künstler",,"Autogramm-Authentifizierungsnummer",,"Beschriftet",,"Charakter","Box","Produktart","Deck Box","Marke","VaultX","Edition",,"Besonderheiten",,"Farbe","Schwarz","Spiel",,"Ursprungsland",,"Verschlussart","Magnetisch",,,,,,,,,,,,183462,,,,,,,,,,,,,,,,,,,,,,,,,,,,,,,,,,,,,,,,,,,,,,,
"SKU-8243336834","de_DE","VENDOME Matratzenauflagen Topper 21053 200 Gelschaum 90x200cm 7.5cm NEU",,,,,,,,,,,,,,,,,,,,,,,,,,,,,,,,,,,"Wärmestufe",,"Charakter",,"Abteilung",,"Thema",,"Verschlussart",,"Charakter Familie",,"Form",,"Muster",,"Gütesiegel & Kennzeichnungen",,"Zimmer",,"Stil",,"Pflegeanleitung",,"Anzahl der Einheiten",,"Fadenzahl",,"GSM (Gramm pro Quadratmeter)",,"Maßeinheit",,"Modell",,"Produktlinie",,"Produktart","Matratzen-Topper","Material","Gelschaum","Marke","VENDOME","Füllmaterial","Gelschaum","Größe","90 x 200","Besonderheiten",,"Länge","200 cm","Farbe","Weiß","Breite","90 cm","Ursprungsland",,"Herstellernummer","21053",,,,,,,,,,,,,,175751,,,,,,,,,,,,,,,,,,,,,,,,,,,,,,,,,,,,,,,,,,,,,,,
"SKU-6033365611","de_DE","VERO MODA Rock Gr. M Damen FauxSuede (Wildlederimitat NEU",,,,,,,,,,,,,,,,,,,,,,,,,,,,,,,,,,,"Länge",,"Sub-Material",,"Stil",,"Herstellernummer",,"Größenkategorie",,"Modell",,"Thema",,"Anzahl der Einheiten",,"Größe","M","Farbe","Cognac","Material","Faux Suede (Wildlederimitat)","Marke","VERO MODA","Textilpflege",,"Ursprungsland",,"Abteilung","Damen","Maßeinheit","m",,,,,,,,,,,,,,,,,,,,,,,,,,,,,,,,,,,,,,,,165163,,,,,,,,,,,,,,,,,,,,,,,,,,,,,,,,,,,,,,,,,,,,,,,
"SKU-6018787799","de_DE","VEVOR Vogelschutzgitter für Solarmodule RH-8100B – 270x270mm, Metall",,,,,,,,,,,,,,,,,,,,,,,,,,,,,,,,,,,"Schädlingsart",,"Stromquelle",,"Anzahl pro Packung",,"Tiefe",,"Ursprungsland",,"Batterie inklusive",,"Reichweite",,"Volumen",,"Anzahl der Einheiten",,"Besonderheiten",,"Leistung",,"Spannung",,"Material","Kaltgezogener verzinkter Draht + PVC","Farbe","Schwarz","Breite","270","Höhe","225","Produktart","Vogelschutzgitter","Gewicht","4.53","Marke","VEVOR","Herstellernummer","RH-8100B","Maßeinheit",,"Modell","RH-8100B",,,,,,,,,,,,,,,,,,,,,,,,,,,,260951,,,,,,,,,,,,,,,,,,,,,,,,,,,,,,,,,,,,,,,,,,,,,,,
"SKU-3178068699","de_DE","Vex Zulaufschlauch 1.5m",,,,,,,,,,,,,,,,,,,,,,,,,,,,,,,,,,,"Set enthält",,"Anzahl der Teile",,"Geeignet für",,"Modell",,"Besonderheiten",,"Finish",,"Installationsart",,"Betriebsart",,"Breite",,"Tiefe",,"Markenkompatibilität",,"Modellkompatibilität",,"Kapazität",,"Höhe",,"Gewicht",,"Herstellergarantie",,"Leistung",,"Anzahl der Einheiten",,"Maßeinheit",,"Marke","Vex","Produktart","Zulaufschlauch","Material","Kunststoff, Metall","Farbe","Grau","Ursprungsland",,"Herstellernummer","92250869",,,,,,,,,,,,,,,,,,,,,,99697,,,,,,,,,,,,,,,,,,,,,,,,,,,,,,,,,,,,,,,,,,,,,,,
"SKU-4204090012","de_DE","Villa Grinario Jersey-Spannbettuch 100/200 Blau",,,,,,,,,,,,,,,,,,,,,,,,,,,,,,,,,,,"Thema",,"Abteilung",,"Muster",,"Länge",,"Breite",,"Charakter",,"Stil",,"Charakter Familie",,"GSM (Gramm pro Quadratmeter)",,"Form",,"Zimmer",,"Produktlinie",,"Anzahl der Einheiten",,"Fadenzahl",,"Gütesiegel & Kennzeichnungen",,"Maßeinheit",,"Modell",,"Produktart","Spann-Bettlaken","Material","100 % Baumwolle (Jersey, gekämmt)","Marke","Villa Grinario","Farbe","Blau","Ursprungsland",,"Besonderheiten",,"Größe","100 x 200 cm","Herstellernummer","Villa Grinario","Pflegeanleitung",,,,,,,,,,,,,,,,,,,,,20460,,,,,,,,,,,,,,,,,,,,,,,,,,,,,,,,,,,,,,,,,,,,,,,
"SKU-8133187753","de_DE","Villa Grinario Jersey-Spannbettuch 100/200 Rot",,,,,,,,,,,,,,,,,,,,,,,,,,,,,,,,,,,"Thema",,"Abteilung",,"Muster",,"Länge",,"Breite",,"Charakter",,"Stil",,"Charakter Familie",,"GSM (Gramm pro Quadratmeter)",,"Form",,"Produktlinie",,"Herstellernummer",,"Anzahl der Einheiten",,"Fadenzahl",,"Gütesiegel & Kennzeichnungen",,"Maßeinheit",,"Modell",,"Produktart","Spann-Bettlaken","Material","100 % Baumwolle (Jersey, gekämmt)","Marke","Villa Grinario","Farbe","Rot","Ursprungsland",,"Besonderheiten",,"Größe","Standard","Zimmer",,"Pflegeanleitung",,,,,,,,,,,,,,,,,,,,,20460,,,,,,,,,,,,,,,,,,,,,,,,,,,,,,,,,,,,,,,,,,,,,,,
"SKU-6928779778","de_DE","Villa Grinario Spannbettlaken – Fester Sitz & weiche Baumwolle",,,,,,,,,,,,,,,,,,,,,,,,,,,,,,,,,,,"Thema",,"Besonderheiten",,"Abteilung",,"Muster",,"Länge",,"Breite",,"Charakter",,"Stil",,"Charakter Familie",,"GSM (Gramm pro Quadratmeter)",,"Form",,"Produktlinie",,"Pflegeanleitung",,"Anzahl der Einheiten",,"Fadenzahl",,"Gütesiegel & Kennzeichnungen",,"Maßeinheit",,"Modell",,"Produktart","Spann-Bettlaken","Material","100 % Baumwolle","Marke","Villa Grinario","Farbe","Weiß","Ursprungsland",,"Größe","100 x 200 cm","Zimmer",,"Herstellernummer","Villa Grinario",,,,,,,,,,,,,,,,,,,,20460,,,,,,,,,,,,,,,,,,,,,,,,,,,,,,,,,,,,,,,,,,,,,,,
"SKU-8640590578","de_DE","Villa Grinario Spannbettlaken Jersey atmungsaktiv 100x200 cm",,,,,,,,,,,,,,,,,,,,,,,,,,,,,,,,,,,"Herstellernummer",,"Anzahl der Einheiten",,"Maßeinheit",,"Marke","Villa Grinario","Ursprungsland","Jersey",,,,,,,,,,,,,,,,,,,,,,,,,,,,,,,,,,,,,,,,,,,,,,,,,,,,,,,,,,,,,,147079,,,,,,,,,,,,,,,,,,,,,,,,,,,,,,,,,,,,,,,,,,,,,,,
"SKU-1230781227","de_DE","Villa Grinario Spannbettlaken weich atmungsaktiv 100x200 grau",,,,,,,,,,,,,,,,,,,,,,,,,,,,,,,,,,,"Thema",,"Abteilung",,"Muster",,"Charakter",,"Stil",,"Charakter Familie",,"GSM (Gramm pro Quadratmeter)",,"Form",,"Zimmer",,"Produktlinie",,"Herstellernummer",,"Anzahl der Einheiten",,"Fadenzahl",,"Gütesiegel & Kennzeichnungen",,"Maßeinheit",,"Modell",,"Produktart","Spann-Bettlaken","Material","100 % Baumwolle, Jersey, gekämmt","Marke","Villa Grinario","Farbe","Grau","Ursprungsland",,"Besonderheiten","Atmungsaktiv","Größe","100 x 200 cm","Länge",,"Breite",,"Pflegeanleitung",,,,,,,,,,,,,,,,,,,,,20460,,,,,,,,,,,,,,,,,,,,,,,,,,,,,,,,,,,,,,,,,,,,,,,
"SKU-6854747447","de_DE","Vinz Jethelm Como 220653541150 ECE R22-06, 1150g, Gr. XS, Matt Schwarz",,,,,,,,,,,,,,,,,,,,,,,,,,,,,,,,,,,"Sichtbares Logo",,"Zielgruppe",,"Design",,"Außenschalenmaterial",,"Visier-Design",,"Aktivität",,"Verschluss",,"Herstellergarantie",,"Gütesiegel & Kennzeichnungen",,"Innenfuttermaterial",,"Anzahl der Einheiten",,"Maßeinheit",,"Marke","Vinz","Produktart","Jethelm","Größe","XS","Farbe","Schwarz","Modell","Como","Besonderheiten",,"Finish","Matt","Ursprungsland",,"Gewicht","1150","Herstellernummer","220653541150",,,,,,,,,,,,,,,,,,,,,,,,,,,,177076,,,,,,,,,,,,,,,,,,,,,,,,,,,,,,,,,,,,,,,,,,,,,,,
"SKU-1848228084","de_DE","Walex Porta-Pak Max Fäkalientank-Deo für 50 geruchsfreie Anwendungen",,,,,,,,,,,,,,,,,,,,,,,,,,,,,,,,,,,"Herstellernummer",,"Anzahl der Einheiten",,"Maßeinheit",,"Marke","Walex","Farbe","Tiefblau","Produktart","Fäkalientank-Deodorant","Modell","Porta-Pak Max","Ursprungsland",,,,,,,,,,,,,,,,,,,,,,,,,,,,,,,,,,,,,,,,,,,,,,,,,,,,,,,,,8504,,,,,,,,,,,,,,,,,,,,,,,,,,,,,,,,,,,,,,,,,,,,,,,
"SKU-9947386415","de_DE","Weber Smokey Mountain 37 cm - Holzkohle Räucherofen mit Thermometer",,,,,,,,,,,,,,,,,,,,,,,,,,,,,,,,,,,"Anzahl der Herdplatten",,"Anzahl der Roste",,"Größe der Grillfläche",,"Breite",,"Herstellungsjahr",,"Steuerung",,"Herstellergarantie",,"Finish",,"Anzahl der Einheiten",,"Maßeinheit",,"BTU",,"Benötigte Werkzeug",,"Maximale Temperatur",,"Marke","Weber","Produktart","Räucherofen","Brennstoffart","Holzkohle","Material","Metall","Grillplattenmaterial",,"Besonderheiten","Mit Deckel,Mit Deckel, Integriertes Thermometer","Breite des Kochbereichs","37 cm","Länge des Kochbereichs","37 cm","Höhe","37 cm","Tiefe","37 cm","Modell","Smokey Mountain Cooker","Farbe","Schwarz","Im Lieferumfang enthalten","Thermometer","Ursprungsland",,"Gewicht","1","Montage erforderlich","Ja","Herstellernummer","711004",,,,,,,,,,,,151621,,,,,,,,,,,,,,,,,,,,,,,,,,,,,,,,,,,,,,,,,,,,,,,
"SKU-2007106780","de_DE","WIDMANN Hemd Gr. L/XL Herren Polyester Schwarz Orange NEU",,,,,,,,,,,,,,,,,,,,,,,,,,,,,,,,,,,"Stil",,"Besonderheiten",,"Herstellernummer",,"Thema",,"Größe","L/XL","Farbe","Schwarz Orange","Marke","Widmann","Material","Polyester","Ursprungsland",,,,,,,,,,,,,,,,,,,,,,,,,,,,,,,,,,,,,,,,,,,,,,,,,,,,,,,52762,,,,,,,,,,,,,,,,,,,,,,,,,,,,,,,,,,,,,,,,,,,,,,,
"SKU-8934718651","de_DE","Widmann Kostümhemd Gr. XXL Herren Schwarz Orange NEU",,,,,,,,,,,,,,,,,,,,,,,,,,,,,,,,,,,"Thema",,"Stil",,"Material",,"Besonderheiten",,"Herstellernummer",,"Größe","XXL","Farbe","Schwarz Orange","Marke","Widmann","Ursprungsland",,,,,,,,,,,,,,,,,,,,,,,,,,,,,,,,,,,,,,,,,,,,,,,,,,,,,,,52762,,,,,,,,,,,,,,,,,,,,,,,,,,,,,,,,,,,,,,,,,,,,,,,
"SKU-3425228384","de_DE","Widmann Schlaghose Gr. L/xL Herren Polyester Pink NEU",,,,,,,,,,,,,,,,,,,,,,,,,,,,,,,,,,,"Besonderheiten",,"Herstellernummer",,"Thema",,"Stil","Schlaghose","Größe","L/XL","Farbe","Pink","Marke","Widmann","Material","Polyester","Ursprungsland",,,,,,,,,,,,,,,,,,,,,,,,,,,,,,,,,,,,,,,,,,,,,,,,,,,,,,,52762,,,,,,,,,,,,,,,,,,,,,,,,,,,,,,,,,,,,,,,,,,,,,,,
"SKU-2152217706","de_DE","WMF Elektrische Mühle Ceramill: Präzise Würze auf Knopfdruck",,,,,,,,,,,,,,,,,,,,,,,,,,,,,,,,,,,"Größe",,"Stil",,"Muster",,"Leistung",,"Herstellungsmethode",,"Herstellungsstil",,"Personalisieren",,"Gewicht",,"Breite",,"Tiefe",,"Herstellergarantie",,"Anzahl der Einheiten",,"Maßeinheit",,"Anleitung für Personalisierung",,"Produktlinie",,"Zubereitungsart",,"Set enthält","Salzmühle,Pfeffermühle","Produktart","Elektrische Mühle","Marke","WMF","Material","Keramik,Kunststoff","Besonderheiten","Elektrisch","Farbe","Schwarz","Anzahl der Teile","1","Thema",,"Stromquelle","Batteriebetrieben","Höhe","21 cm","Ursprungsland",,"Herstellernummer","06.6741.6040","Modell","Ceramill",,,,,,,,,,,,,,177008,,,,,,,,,,,,,,,,,,,,,,,,,,,,,,,,,,,,,,,,,,,,,,,
"SKU-0058749943","de_DE","WMF Kinderbesteck Knuddel 4-teilig – Fördert selbstständiges Essen",,,,,,,,,,,,,,,,,,,,,,,,,,,,,,,,,,,"Personalisieren",,"Geeignet ab",,"Motiv",,"Anleitung für Personalisierung",,"Anzahl der Einheiten",,"Maßeinheit",,"Marke","WMF","Produktart","Besteck-Set","Material","Cromargan Edelstahl 18/10","Farbe","Silber","Besonderheiten",,"Ursprungsland",,,,,,,,,,,,,,,,,,,,,,,,,,,,,,,,,,,,,,,,,,,,,,,,,117385,,,,,,,,,,,,,,,,,,,,,,,,,,,,,,,,,,,,,,,,,,,,,,,
"SKU-6617431534","de_DE","WUZECK Flex-Solarmodul 100W 19.8V Monokristallines Silizium NEU",,,,,,,,,,,,,,,,,,,,,,,,,,,,,,,,,,,"Inverter-Technologie",,"Schutzeigenschaften",,"Anschlusskonfiguration",,"Produktlinie",,"Maximale Eingangsleistung",,"Achsenausrichtung",,"Maximale Eingangsspannung",,"Modell",,"Anzahl der Einheiten",,"Maßeinheit",,"Drahtstärke",,"Länge",,"Maximaler Durchfluss",,"Rotorendurchmesser",,"Produktart","Solarpanel","Marke","WUZECK","Stromquelle","Solar","Wattleistung","100-199 W","Biegsamkeit","Bis 25 Grad","Besonderheiten","Flexibel","Leistung","100W","Spannung","15,1-20 V","Solartechnik","Monokristallin","Anwendung","Camping/Wandern,Elektronik,Gewerblich,Heim/Garten","Farbe","Schwarz","Anschlussart","MC4","Systemkonfiguration","Netzunabhängig","Empfohlene Umgebung","Außen","Ursprungsland",,"Beständigkeitseigenschaften","Schimmelresistent,Schlagfest,Sonnenlicht-/UV-beständig",,,,,,,,,,,,41981,,,,,,,,,,,,,,,,,,,,,,,,,,,,,,,,,,,,,,,,,,,,,,,
"SKU-7173240599","de_DE","Zack Linea Mattiert-Doppel-Handtuchständer - Edelstahl, 15x80x38,5cm",,,,,,,,,,,,,,,,,,,,,,,,,,,,,,,,,,,"Montage erforderlich",,"Anzahl der Einheiten",,"Maßeinheit",,"Charakter",,"Charakter Familie",,"Durchmesser",,"Thema",,"Produktart","Handtuchständer","Set enthält","Handtuchhalter","Material","Edelstahl","Farbe","Silber","Marke","Zack","Montage","Freistehend","Zimmer","Badezimmer","Finish","Matt","Höhe","80 cm","Anzahl der Teile","1","Installationsart","Saugnapf","Stil","Modern","Abteilung","Erwachsene","Besonderheiten","Bordüre","Ursprungsland",,"Anzahl pro Packung","1","Breite","38,5 cm","Länge","15 cm","Modell","Zack Linea","Herstellernummer","40377",,,,,,,,,,,,,,,,,,20442,,,,,,,,,,,,,,,,,,,,,,,,,,,,,,,,,,,,,,,,,,,,,,,
"SKU-4883385910","de_DE","ZARA HOME Ovaler Couchtisch aus Mangoholz, 70x60cm, Braun, modern",,,,,,,,,,,,,,,,,,,,,,,,,,,,,,,,,,,"Anzahl der Einheiten",,"Maßeinheit",,"Marke","ZARA HOME","Herstellernummer","9273/072/700/99","Ursprungsland","Indien",,,,,,,,,,,,,,,,,,,,,,,,,,,,,,,,,,,,,,,,,,,,,,,,,,,,,,,,,,,,,,138938,,,,,,,,,,,,,,,,,,,,,,,,,,,,,,,,,,,,,,,,,,,,,,,
