Key,Products,Cluster,Types,Sources,TopCategories,SampleValues
identifiers.sku,604,identifiers sku,string:604,identifiers:604,15709:12 179496:7 2994:6 3034:6 33564:6,SKU-7538503265 | SKU-7225351886 | SKU-1844691476 | SKU-9129624671 | SKU-2231367173 | SKU-2250869990 | SKU-4310621602 | SKU-7255766247
Produktart,550,produktart,string:542 null:8,attributes:550,15709:6 33564:6 37644:6 179496:6 20460:5,Ersatz-Sitzkissen | Hundepool | Rucksack | Gepäckträger | Bienengiftsalbe | Fahrradständer | Sammelordner-Kollektion | T-Shirt
Marke,533,marke,string:531 null:2,attributes:533,15709:12 179496:7 3034:6 2994:5 37644:5,COM40 Limited sp | COZII | Thule | Bedrop | HENMI | Pokémon | Quooker | Weber
identifiers.ean,493,identifiers ean,string:493,identifiers:493,15709:11 37644:6 179496:6 3034:5 238:4,4262479341886 | 0085854258548 | 0872299043330 | 0098931289601 | 0751677212219 | 0196214105119 | 0198303486543 | 8424445107988
Zustand,490,zustand,string:490,attributes:490,15709:11 179496:7 33564:6 37644:5 238:4,NEU | Neu | Ungeprüft | new | used | Neuware | Neu (sonstige) | Neu mit Karton
Farbe,469,farbe,string:467 null:2,attributes:469,15709:12 2994:6 3034:6 37644:6 20460:5,Blau | Darkest Blue | Schwarz | Mehrfarbig | Silber | Sunburst | Coral / Champagne Gold | Weiß
gpsr.manufacturer_name,462,gpsr manufacturer name,string:462,gpsr:462,15709:10 2994:6 3034:6 33564:6 37644:6,COM40 Limited sp | Thule | Thule Sweden AB | HENMI | Pokémon | ABFICO NETHERLANDS DISTRIBUTION B.V. | Weber | ALKAR AUTOMOTIVE S.A.U.
Kategorie,456,kategorie,string:456,attributes:456,15709:12 2994:6 3034:6 33564:6 37644:6,"Möbel & Wohnen > Möbelzubehör > Sitzkissen | Möbel & Wohnen > Kochen & Genießen > Gedeckter Tisch > Tischsets | Sport > Camping & Outdoor > Rucksäcke > Trekkingrucksäcke | Sport > Radsport > Fahrradzubehör > Fahrradständer & Aufbewahrung | Sammeln & Seltenes > Sammelkartenspiele/TCGs > TCG Zubehör > TCG Ordner, Sammelmappen & -hüllen | Sport > Angelsport > Zubehör > Räucheröfen & -utensilien | Heimwerker > Werkzeuge > Handwerkzeuge > Messer | Heimwerker > Werkzeuge > Elektrowerkzeuge > Schleifmaschinen"
gpsr.email,451,gpsr email,string:451,gpsr:451,15709:8 2994:6 33564:6 37644:6 179496:6,info@example.com | abercrombie@cs.abercrombie.com | sales@patriotmemory.com | support@fwcsss.com | contact@evatmaster.com | Successservice2@hotmail.com | successservice2@hotmail.com | ccrepservice@hotmail.com
gpsr.manufacturer_address,451,gpsr manufacturer address,string:451,gpsr:451,15709:8 2994:6 33564:6 37644:6 179496:6,"kocka 46, 63-460 Nowe Skalmierzyce, Poland | Borggatan 5, 33573 Hillerstorp, Sweden | Not Provided, EU | ABFICO NETHERLANDS DISTRIBUTION B.V. LAARDERHOOGTWEG 25 1101 EB AMSTERDAM THE NETHERLANDS | P.E. BOROA, PARCELA 2B4-5, 43340-AMOREBIETA (VIZCAYA) | Unit 3, Ryknild Industrial Estate, Derby Road, Burton upon Trent, DE14 1RZ | Patriot Memory, USA Office: 47027 Benicia Street, Fremont, CA 94538; Europe Office: Newtonweg 12, 5928 PN Venlo, The Netherlands | Sodener Straße 9, 65824 Schwalbach, Germany"
gpsr.url,451,gpsr url,string:451,gpsr:451,15709:8 2994:6 33564:6 37644:6 179496:6,www.thule.com | www.patriotmemory.com | relionbattery.com | www.ate.de/original | www.europlast.lv | www.haskyy.com | www.silicon-power.com | https://www.delsey.com
identifiers.mpn,388,identifiers mpn,string:388,identifiers:388,179496:7 15709:6 33564:6 2994:4 16191:4,C001746 | X001Y0BTE9 | 3205317 | 20201512 | HMF-B03 | 100-10011 | 661581842 | 5023700V02
Material,360,material,string:355 null:5,attributes:360,37644:6 20460:5 3199:4 58100:4 158928:4,"Strapazierfähiges Textil | PVC, PP | Kunststoff | 100% Baumwolle | Metall | Hochwertige Verbundwerkstoffe | Hochwertiger Werkzeugstahl | Holzwerkstoff"
weight,346,weight,number:331 string:13 null:2,attributes:346,179496:7 33564:6 3034:4 15480:4 33612:4,1 kg | 3 | 1 | 0.1 | 0.64 | 15.6 | 2.23 | 12
Modell,329,modell,string:316 null:13,attributes:329,15709:12 2994:5 3034:5 16191:4 58100:4,"C22/S02 | Chariot Cargo Rack 2 | Bee Cream | HMF-B03 | CUBE | Smokey Mountain Cooker | Ducato, Jumper, Boxer | TX103"
Herstellernummer,303,herstellernummer,string:296 null:7,attributes:303,15709:6 33564:6 179496:6 16191:4 33612:4,C001746 | HMF-B03 | 60.237.00V02 | 9202922 | 7.22184.39.0 | LUH-A251-WEU | 802 472 019 | 3046
GPSR Manufacturer name,215,gpsr manufacturer name,string:215,attributes:215,238:4 3199:4 15480:4 15709:4 58100:4,Thule | Pokémon | Weber | Normans (Burton on Trent Ltd) | ATE | IKEA | TRW | RDINSCOS
Besonderheiten,197,besonderheiten,string:188 null:9,attributes:197,15709:6 3034:5 58100:4 158928:4 387:3,"Faltbar, Tragbar, Robust | Integrierte Reißverschlusstasche | Verstellbar | Mit Boosterpacks | Mit Deckel, Integriertes Thermometer | Spülmaschinenfeste Teile | Ultraschall, Kaltnebel, Top-Fill, Leise, DualValve Anti-Leak Design | Reisefreundlich, Kompaktes Design"
identifiers.gtin,135,identifiers gtin,string:135,identifiers:135,33564:5 179496:5 37644:4 238:3 15709:3,00872299043330 | 8424445107988 | 04052938000016 | 04260325295246 | 4059923008019 | 1004200304684 | 14006633314036 | 1795362000001
Größe,128,grosse,string:123 null:5,attributes:128,20460:4 58100:4 37644:3 2994:2 15687:2,120x30cm | L | 37 cm | 24 | S/M | XL | M | S
Stil,123,stil,string:123,attributes:123,15709:10 3034:6 2994:5 387:3 2996:2,Basic | Casual | Vintage | Modern | Glatter BH | Bustier | Pyjamahose | Ouvert-String
Anwendungsbereich,121,anwendungsbereich,string:121,attributes:121,3244:4 179496:4 8012:2 20770:2 28107:2,"Körper | Inkontinenzversorgung | Motorrad 4-Takt | Kfz, Maschinenbau, allgemeine Reparaturen | Wartungsschächte, Hohlräume | Backpacking | Außenbereich | Lackdickenmessung, Beschichtungsdickenmessung, Automobilindustrie"
Zielgruppe,113,zielgruppe,string:113,attributes:113,15480:4 15709:3 120:2 387:2 2994:2,"Unisex Erwachsene | Sammler, Kinder | Anfänger | Erwachsene | Erwachsene & Kinder | Herren | Gamer | Jugendliche, Erwachsene"
EAN,106,ean,string:106,attributes:106,179496:4 33612:2 170141:2 19456:1 22449:1,0098931289601 | 8424445107988 | 0615272916159 | 1004200304684 | 1795362000001 | 8029121951734 | 6933783712522 | 2290601009009
Muster,102,muster,string:102,attributes:102,15709:7 37644:6 20460:4 3034:3 387:2,Logo | Logo-Print | Geometrisch | Einfarbig | Unifarben | Gestreift | Feinripp | Uni
Lieferumfang,100,lieferumfang,string:100,attributes:100,33564:4 33612:4 170141:3 33694:2 37644:2,"1 Sammelordner, 5 Boosterpacks | Räucherofen, Premium Abdeckung | 1x Luftmassenmesser | 16 Schleifpapiere | Gehäuse, Armband (klein und groß), Ladekabel | 1x Federbeinlager | 1x Bremsscheibe | Ansaugsystem, Luftfilter, Befestigungsschellen"
Geschlecht,99,geschlecht,string:99,attributes:99,15709:5 2994:3 387:2 3034:2 1059:1,Unisex | Herren | Damen | UNISEX | Jungen | Mädchen
Herstellungsland,94,herstellungsland,string:94,attributes:94,33612:4 179496:4 120:2 3199:2 3244:2,Taiwan | Deutschland | Polen | EU | Frankreich | Italien | Belgien | Indien
Anlass,90,anlass,string:90,attributes:90,15709:10 3034:5 2994:3 387:2 57990:2,"Freizeit | Freizeit, Alltag | Freizeit, Business Casual | Sportveranstaltungen, Fan-Events | Besondere Anlässe | Dessous, Besondere Anlässe | Vielseitig | Casual"
Länge,79,lange,string:71 null:8,attributes:79,15480:4 58100:4 158928:4 387:2 66728:2,800 mm | 190 mm | 1140 | 615 mm | 250 cm | 120 cm | 125 cm | 160 cm
Breite,74,breite,string:68 null:6,attributes:74,15480:4 158928:4 57357:3 387:2 3199:2,77 cm | 300 mm | 460 mm | 34.5 cm | 460 | 87 | 370 mm | 10 cm
Höhe,74,hohe,string:69 null:5,attributes:74,15480:4 33564:3 57357:3 3199:2 85040:2,77 cm | 11 cm | 85 mm | 53.1 cm | 52.4 mm | 71 cm | 52.9 | 365 mm
Verschluss,69,verschluss,string:69,attributes:69,15709:10 3034:6 2994:3 387:2 2996:2,"Knopfleiste | Gummizug | Reißverschluss, Zwei-Wege-Zipper | Ohne Verschluss | Knopfverschluss | Reißverschluss | Reißverschluss und Druckknopf | Knopf"
Einsatzbereich,67,einsatzbereich,string:66 null:1,attributes:67,179496:4 177846:2 238:1 387:1 2994:1,"Möbelzubehör | Outdoor | Innenräume | Wassersport, Schnorcheln, Schwimmen, Tauchen | Außenbereich | Auto, Camping, LKW, Wohnmobil, Haushalt | Camping, Outdoor | Gastronomie, Catering, Vending"
Thema,60,thema,string:60,attributes:60,15709:4 387:2 15480:2 234:1 1188:1,"Anime & Manga | Fantasy, Zombies | Disney | Burgen & Schlösser | Basic | Deutschland | Klangkaskade | Erotik, Dessous"
Jahreszeit,57,jahreszeit,string:57,attributes:57,15709:7 3034:5 387:2 2994:2 1059:1,"Herbst, Winter | Ganzjährig | Winter | Herbst/Winter | Alle Jahreszeiten | Sommer | Frühling, Sommer, Herbst, Winter | Frühling, Sommer"
Passform,57,passform,string:57,attributes:57,15687:2 15709:2 1059:1 3034:1 11484:1,Regular Fit | Optimal | Drop Fit | Big Fit | Fahrzeugspezifisch | Normal | Slim Fit | Regular Fit / Normale Passform
Abteilung,56,abteilung,string:52 null:4,attributes:56,15709:8 3034:6 2994:2 85040:2 387:1,Herren | Damen | Unisex Erwachsene | Erwachsene | Unisex | Kinder | Unisex Kinder | Jungen
Hersteller,55,hersteller,string:55,attributes:55,238:4 33564:3 387:1 2024:1 2988:1,ATE | Galileo S.p.A. | Wizards of the Coast | ALURAD SHOP GBR | Bosch | Pierre Fabre | BRITA SE | Continental Aftermarket & Services GmbH
Anzahl der Einheiten,50,anzahl der einheiten,string:35 null:15,attributes:50,11195:4 158928:4 3199:2 13999:2 28107:2,1 | 3 | 2 | 12 | 40 | 6 | 50
Form,48,form,string:47 null:1,attributes:48,20460:2 28107:2 177031:2 238:1 3199:1,Rund | Rechteckig | Oval | Bolus | Wichtel im Schaukelstuhl | Tier | Gerade | Rechteckige Sticks
identifiers.upc,44,identifiers upc,string:44,identifiers:44,15709:3 16191:2 158916:2 120:1 2994:1,085854258548 | 872299043330 | 810123671069 | 850025732208 | 843820108804 | 727977275230 | 609832070375 | 655302158944
Obermaterial,44,obermaterial,string:44,attributes:44,15709:12 3034:5 2994:4 387:2 158916:2,Britische Wachsbaumwolle | Polyurethan | 100% Polyamid | Leder | Echtleder | Wildleder | 100 % recyceltes Polyvinylbutyral | Textil mit Wildleder-Overlays
Angebotspaket,42,angebotspaket,null:27 string:15,attributes:42,58100:4 177832:4 11195:2 13999:2 85040:2,Ja | Nein
Maßeinheit,42,masseinheit,string:27 null:15,attributes:42,11195:4 158928:4 13999:2 28107:2 3034:1,"µm, mil | Metrisch | Einheit | Stück | Satz | Set | L | Beutel"
Kompatibilität,41,kompatibilitat,string:40 null:1,attributes:41,54145:2 238:1 11778:1 15277:1 16191:1,"Universal (für Stühle & Fahrzeuge) | Thule Doppel-Kinderanhänger | Universal | Alle Maussensoren | Lenkradfernbedienung (SWC) | ROHO Standard und SELECT Sitzkissenmodelle | Wohnwagen, Campingbusse, Autos | BRITA P 1000 Systeme"
Modifizierter Artikel,37,modifizierter artikel,null:25 string:12,attributes:37,58100:4 177832:4 11195:3 13999:2 85040:2,Nein
Eigenschaften,35,eigenschaften,string:35,attributes:35,20460:3 387:2 2994:2 11778:1 15687:1,"Kühlend, Wärmend, Wohltuend | Stoßfest, Präzise Aussparungen, Einfache Installation, Angenehme Haptik | Wetterfest | Wetterfest, Solarbetrieben, Fernbedienung | Wasserdicht, Frostbeständig, UV-beständig | Kraftstoffsparend, Verschleißschutz, Motorsauberkeit, Kaltstartoptimiert | Atmungsaktiv | Wasserdicht, Winddicht, Atmungsaktiv, Warm, Recycelt"
K-Typ,35,k typ,string:35,attributes:35,33564:4 33612:3 170141:3 179496:3 57357:2,"23302,Motorcode:CAMA,CGKA / für OE-Nummer:059 906 461 N|25455,Motorcode:CAMA,CGKA / für OE-Nummer:059 906 461 N|19124,Motorcode:CAMA,CGKA / für OE-Nummer:059 906 461 N|16077,Motorc | 4218|10319|10321|14020|16094|16095|18141|19991|19992|20676|20677|20678|20791|20792|20793|21553|24313|34970|34971|55231|57486|57487|57497|57498|106326|123021|129105|129107|129108|12 | 9135,Einbauposition Vorderachse|116960,Einbauposition Vorderachse|100972,Einbauposition Vorderachse|6647,Einbauposition Vorderachse|111969,Einbauposition Vorderachse|6649,Einbaupos | 58318,Einbauposition Hinterachse|29480,Einbauposition Hinterachse|34928,Einbauposition Hinterachse|29482,Einbauposition Hinterachse|29483,Einbauposition Hinterachse | 5062|5063|6030|6040|6516|6517|6518|6519|6520|7514|7515|7516|7517|10523|11052|17009|17172|17173|17398|17458|17577|17578|18066|18067|18068|18069|18070|18071|18082|18083|18356|18357|1 | 25|58|370|1360|2002|2003|2031|2038|2039|2040|2041|2042|3252|4613|4614|4615|4616|4617|4618|4619|4620|4621|4622|5071|5081|5125|5171|5289|5290|5305|5306|5307|5308|5310|5311|5313|5314| | 2311|4100|4101|4103|4104|4220|4221|4252|4254|4256|4257|4258|4260|4261|4284|4296|4297|5376|6974|7485|7486|8982|9358|9815|10239|10240|10349|10636|10958|11617|11645|11690|11959|14020| | 1360|1968|1969|1970|1971|5071|5081|6883|8493|8494|8600|8601|8602|8603|8861|9143|9307|11054|11058|11060|11179|11180|11986|11987|11988|11989|11990|11991|11992|11993|11994|11995|11996"
Geeignet für,34,geeignet fur,string:34,attributes:34,177031:2 120:1 3205:1 3244:1 9939:1,"Wassersprudler | Hängesessel | Strandkorb | Waschmaschinen, Spülmaschinen | Anfänger, Fortgeschrittene | Süßwasser und Meerwasser | Innenbereich | Salate, Beilagen, Obst"
Pflegehinweise,34,pflegehinweise,string:34,attributes:34,20460:4 37644:2 1059:1 3205:1 15687:1,"Maschinenwäsche kalt | Maschinenwäsche 60°C, Nicht bleichen, Trocknen niedrige Temperatur, Bügeln mittlere Temperatur, Nicht chemisch reinigen | Maschinenwäsche | Schonwaschgang, Maschinenwäsche bei 30 °C | Maschinenwäsche 30°C | Maschinenwäsche 60°C | Waschbar bei 30°C | Mit trockenem oder leicht feuchtem Tuch abwischen"
Zimmer,34,zimmer,string:34,attributes:34,3199:4 20460:4 37644:3 20445:2 20612:2,"Wohnzimmer, Schlafzimmer, Büro, Kinderzimmer | Schlafzimmer | Badezimmer | Garten, Terrasse, Balkon | Arbeitszimmer, Esszimmer, Garage, Kinderzimmer, Küche, Schlafzimmer, Wohnzimmer | Kinderzimmer | Wohnzimmer, Schlafzimmer, Flur/Diele, Esszimmer, Balkon | Badezimmer, Schlafzimmer, Waschküche, Kinderzimmer, Wohnzimmer"
Sportart,33,sportart,string:33,attributes:33,15709:5 2994:3 3034:2 387:1 2024:1,Radsport | Tauchen | Fußball | Badminton | Angeln | Outdoor | Lifestyle | Handball
Absatzhöhe,31,absatzhohe,string:31,attributes:31,15709:7 3034:6 2994:3 387:2 11498:1,"7 cm | Hoch | Hoch (7,6-10 cm) | Mittel | Flach (Kleiner als 2,5 cm) | Flach | Flach (weniger als 2,5 cm) | Flach (unter 3 cm)"
Einbauposition,31,einbauposition,string:31,attributes:31,33564:4 170141:4 33612:3 57357:3 33694:2,"Rechts | Vorderachse, Links, Rechts | Motorraum | Vorderachse | Vorne, Hinten | Hinterachse | Hinten | Vorderachse beidseitig (links und rechts)"
Verschlussart,31,verschlussart,string:30 null:1,attributes:31,37644:3 2994:1 11236:1 11507:1 15709:1,Verstellbarer Fersenriemen | Reißverschluss | Haken- und Ösenverschluss | Vierkantverschluss | Ohne Verschluss | Reißverschluss und Knopf | Zwei-Wege-Reißverschluss | Magnetisch
Durchmesser,30,durchmesser,string:26 null:4,attributes:30,33564:5 58100:4 20612:2 50382:2 3199:1,"37 cm | 314 mm | 321 mm | 8,5 cm | 240 mm | 2,5 mm | 300 mm | 110 cm"
Anzahl pro Packung,29,anzahl pro packung,string:29,attributes:29,57357:3 170141:3 3244:1 11507:1 19456:1,1 | 4 | 2 | 3 | 5 | 500 Stück | 3er Pack | 4 Stück
Leistung,29,leistung,string:28 null:1,attributes:29,20612:3 2662:1 8012:1 20614:1 20697:1,5W | 350 W | 2000 Watt | 17 W | 60 | 100W | 60 W | 4 W
Ärmellänge,28,armellange,string:28,attributes:28,15687:2 57990:2 1059:1 11484:1 59325:1,Kurzarm | Langarm | Extralanger Arm | Lange Ärmel
Modellnummer,28,modellnummer,string:28,attributes:28,15709:2 2996:1 3034:1 20660:1 33665:1,X001Y0BTE9 | 201010252 | 6S9701P | MW0MW28046DW5 | J20 | 7511 | 150.153 | KH121U1KW-C11
Modifikationsbeschreibung,28,modifikationsbeschreibung,null:28,attributes:28,58100:4 177832:4 13999:2 85040:2 177846:2,
Montageart,28,montageart,string:28,attributes:28,134642:2 387:1 11183:1 19839:1 20442:1,Seitenständer | Schraubmontage | Wandmontage | nicht vormontiert | Werkzeuglos | Standmontage | Aufputz | Aufputz / Unterputz
Serie,28,serie,string:28,attributes:28,4296:1 11195:1 11863:1 16191:1 20601:1,Karmesin & Purpur | 2000 Series | F45 | Vernis Blend | PURITY C | EDGE TURBO DIESEL | Rebris E | Classic Line
Oberfläche,26,oberflache,string:26,attributes:26,20349:1 20460:1 20601:1 22670:1 29508:1,"Matt, Transparent | Pulverbeschichtet | Glänzend | Glatt | Schwarz oxidiert | Chrom | Hochglanz | Getönt"
Vintage,26,vintage,string:26,attributes:26,15709:4 3034:3 2996:2 158916:2 387:1,Nein | Ja
Besonderheit,25,besonderheit,string:25,attributes:25,25354:1 29518:1 29525:1 33697:1 36025:1,"Brusttasche | Reisefreundlich, Kompaktes Design | Upcycled | Feststellschraube | Robuste Konstruktion | DPF- und Katalysator-kompatibel | Robuste Bauweise, präzise Verarbeitung | Verdrehschutz"
Besondere Merkmale,24,besondere merkmale,string:24,attributes:24,1188:1 2994:1 11863:1 14355:1 19656:1,"Drehzahlregelung, Staubabsaugung, Soft-Grip | Sichtfenster | Intelligente Steuerung, Lange Leuchtdauer, Hohe Helligkeit | Ohne Duftstoffe, Ohne Parabene, Hypoallergen, Ab Geburt geeignet, Medizinprodukt | Bio-Baumwolle | Leckageschutz, Erstausrüsterqualität | 6-in-1, Rucksack-Tragesystem | Doppeltank-System|Selbstreinigungsfunktion|Easy-Fill"
Anzahl der Teile,23,anzahl der teile,string:23,attributes:23,238:2 33694:2 50382:2 234:1 20444:1,6 | 4 | 16 | 1 | 7 | 5 | 8 | 18
Montage,23,montage,string:22 null:1,attributes:23,387:1 20442:1 20612:1 20622:1 25668:1,Unkomplizierte Installation | Wandmontage | Keine Montage erforderlich | Teilmontiert | Erforderlich | Nicht erforderlich | Klemmbefestigung | Werkzeuglos
Ausschnitt,21,ausschnitt,string:21,attributes:21,15687:2 1059:1 11484:1 59325:1 175774:1,Rundhals | Stehkragen | V-Ausschnitt | Polokragen | Kapuze
Technologie,21,technologie,string:21,attributes:21,179496:3 11195:1 15709:1 16191:1 36114:1,Rapid Air | Ultraschall-Kaltnebel | LiFePO4 | Intelligente Steuerung | SLA (Sealed Lead Acid) | Fluid Titanium | QuickClean | Lobrid
Zertifizierung,21,zertifizierung,string:21,attributes:21,2988:1 8012:1 20445:1 20460:1 28107:1,"CE, TÜV SÜD IE | OEKO-TEX Standard 100 | CE-zertifiziert | Carbon Neutral Product | EAC-zertifiziert | Öko-Tex Standard 100 | FSC-zertifiziert | Bio-Baumwolle (zertifiziert)"
Altersempfehlung,20,altersempfehlung,string:20,attributes:20,15480:2 120:1 234:1 1188:1 2988:1,"13+ | Ab 6 Jahren | Ab 3 Jahre | Ab 4 Jahren | Ab 1,5 Jahren | Babys und Kleinkinder | Erwachsene | Ab 3 Jahren"
Altersgruppe,20,altersgruppe,string:20,attributes:20,15709:4 3034:3 387:1 11778:1 23609:1,Kinder ab 6 Jahren | Erwachsene | Kleinkind | Babys und Kleinkinder | Kinder | Alle Altersgruppen | Ab 3 Jahre | Kindergartenkinder (3-6 Jahre)
Beschreibung des Angebotpakets,20,beschreibung des angebotpakets,null:20,attributes:20,58100:4 177832:4 85040:2 177846:2 22689:1,
Herstellerland - und Region,20,herstellerland und region,null:19 string:1,attributes:20,58100:4 177832:4 85040:2 177846:2 22689:1,Tschechische Republik
Produktlinie,20,produktlinie,string:20,attributes:20,15709:7 387:2 3034:2 2994:1 11195:1,Dexeryl Emolliente | Energy | Cotton Stretch | Duplo | LEGO City | American Classic | adidas Campus | ASICS EX89
Oldtimer-Teil,19,oldtimer teil,string:19,attributes:19,33564:2 170141:2 33589:1 33694:1 33697:1,Nein
Spannung,19,spannung,string:19,attributes:19,49782:2 3247:1 27653:1 29518:1 32109:1,51.2 V | 12V | AC100-240 V (50/60 Hz) DC 12/24 V | 18V | 12 V | 220 V | 48 V | 220-240 V
Volumen,19,volumen,string:19,attributes:19,179496:6 11863:1 16191:1 29585:1 68814:1,4 Liter | 65 L | 1 Liter | 37 L | 5 L | 5L | 15 ml | 2 ml
Eigenschaft,18,eigenschaft,string:18,attributes:18,120:1 11236:1 11854:1 11863:1 19456:1,"Medizinprodukt | Dornenfest | Rutschfeste Unterseite | Knickfest | Verdrehschutz | Harzfrei, doppelt gekocht, feuchtigkeitsbeständig, pilzhemmend | Faltbar, Leichtgewicht | Vegan"
GPSR Manufacturer address,18,gpsr manufacturer address,string:18,attributes:18,120:1 3244:1 3247:1 11498:1 19656:1,"Unit 3, Ryknild Industrial Estate, Derby Road, Burton upon Trent, DE14 1RZ | 66, avenue des Champs-Élysées, 75008 Paris, France | Hofner GmbH, Schönbacher Str. 50, 91088 Bubenreuth, Germany | Einhell Germany AG, Wiesenweg 22, 94405 Landau/Isar, Germany | Wolffstraße 1, 56746 Kempenich, Germany | EU | Unit 8 Third Way Corner, Avonmouth BS11 9HL Bristol (GB) | Gachedo 15, 38017 Betanzos, A Coruña, Spain"
Montage erforderlich,18,montage erforderlich,string:18,attributes:18,3199:2 1188:1 3205:1 11183:1 11731:1,Ja | Nein
Personalisieren,18,personalisieren,string:18,attributes:18,3034:3 15709:3 387:1 11484:1 11498:1,Nein
Pflegehinweis,18,pflegehinweis,string:18,attributes:18,37644:2 11484:1 15687:1 30251:1 162041:1,"Feucht abwischbar | Maschinenwäsche 30°C | Maschinenwäsche | Maschinenwäsche 60°C | Pflegeleicht | Leicht zu reinigen | Maschinenwäsche 40°C | Mit Wasser abwaschen, anschließend vollständig trocknen lassen"
Saison,18,saison,string:18,attributes:18,37644:2 15687:1 15709:1 20460:1 66728:1,"Ganzjährig | SP24 | Alle Jahreszeiten | A/S 9999 | Winter | Frühling, Sommer"
Sprache,18,sprache,string:18,attributes:18,15480:4 261186:2 234:1 9047:1 11731:1,Deutsch | Englisch | Deutsch; Englisch; Französisch; Italienisch; Spanisch
Anzahl Teile,17,anzahl teile,string:17,attributes:17,37644:2 387:1 1188:1 3244:1 33694:1,15 | 4 | 2 | 61 | 174 | 16 | 1 | 11
Herstellungsland und -region,17,herstellungsland und region,string:9 null:8,attributes:17,13999:2 9606:1 15709:1 20696:1 25354:1,Belgien | Polen | Österreich | Indonesien | Deutschland
Laufsohlenmaterial,17,laufsohlenmaterial,string:17,attributes:17,15709:7 3034:4 2994:3 387:1 95672:1,Leder | Gummi | Synthetik
Produktgruppe,17,produktgruppe,string:17,attributes:17,33564:3 170141:3 33612:2 33579:1 33665:1,Bremssystem | Ansaug- & Kraftstoffsysteme | Bremsenteile | Antriebsteile & Getriebe | Fahrwerk & Lenkung | Fahrwerk | Motorenteile | Federung & Lenkung
Einheitentyp,16,einheitentyp,string:16,attributes:16,84904:2 120:1 11183:1 16191:1 22670:1,Stück | Helm | Paar | Stifte | Einheit | Pinsel | Set | Patrone
Fahrzeugmodell,16,fahrzeugmodell,string:16,attributes:16,33564:2 262161:2 33579:1 33694:1 33697:1,"i30N | A3, Golf V | 2er F45 Active Tourer | W140, C140 | Kuga, Galaxy, Focus, Mondeo, Range Rover Evoque | CX-5 | VW Lupo, VW Polo, VW Scirocco | Mercedes E-Klasse W212 S212"
Garantie,16,garantie,string:16,attributes:16,177031:2 261011:2 16191:1 20601:1 32109:1,2 Jahre Herstellergarantie | 3 Jahre Herstellergarantie | 5 Jahre Herstellergarantie | 5 Jahre | 2 Jahre | 2 Jahre Herstellergarantie auf Material | 10 Jahre Herstellergarantie | 7 Jahre
Inhalt,16,inhalt,string:16,attributes:16,179496:4 11854:1 28107:1 45503:1 85915:1,"100 g | 100-Karten-Deck, 10 doppelseitige Token-Karten, Strategie-Insert, Referenzkarte, 1 Collector Booster Sample Pack, 2 legendäre traditionelle Foils | 1 Liter | 500 g | 5 | 5 Liter | 1 Tonerkartusche | 1 L"
Fassungsvermögen,15,fassungsvermogen,string:15,attributes:15,20696:2 25845:1 67720:1 87141:1 98844:1,"6.2 Liter | 55 L | 3,0 Liter | 20 Liter | 1.2 L | 2.1 L | 3,5 Liter | 0,7 L"
Materialzusammensetzung,15,materialzusammensetzung,string:15,attributes:15,20460:1 28829:1,"Upcycelte Vintage-Materialien | 92% Baumwolle, 8% Kaschmir | 84% Baumwolle, 16% Leinen | 92% Nylon, 8% Elastan | 90% Polyamid, 10% Elasthan | gewebtes Stretch-Material | 95% Baumwolle, 5% Elasthan | 100% Baumwolle"
Set,15,set,string:15,attributes:15,28107:2 11183:1 14355:1 20770:1 33694:1,Aetherdrift | Ja | Nein
Sohlenmaterial,15,sohlenmaterial,string:15,attributes:15,15709:4 2994:2 3034:1 11504:1 11505:1,Leichtes Thermoplastischer Gummi | Thermoplastischer Gummi | Synthetik | Gummi | EVA
Universelle Kompatibilität,15,universelle kompatibilitat,string:15,attributes:15,33564:2 33612:2 33694:2 170141:2 238:1,Nein | Ja
Fahrzeugmarke,14,fahrzeugmarke,string:14,attributes:14,33564:3 262161:2 170141:1 174030:1 174093:1,"Fiat, Citroën, Peugeot | Audi | Hyundai | Honda | Mercedes-Benz | Mazda | Fiat | VW"
Fahrzeugtyp,14,fahrzeugtyp,string:14,attributes:14,33694:2 170141:2 33564:1 33697:1 49782:1,PKW | Motorrad | Kompakte bis mittelgroße PKW
Funktion,14,funktion,string:14,attributes:14,23895:1 33164:1 33612:1 33614:1 44932:1,"Wiederherstellung Fahrwerksleistung | Plug & Play | Erweiterbar | Zuverlässige Abdichtung | Motorabdichtung | Wasserdicht, Winddicht | 3-in-1 | Eis- und Schneebeseitigung"
Handgefertigt,14,handgefertigt,string:14,attributes:14,3034:3 15709:2 158916:2 387:1 3205:1,Ja | Nein
Schuhgröße EU,14,schuhgrosse eu,string:14,attributes:14,15709:5 2994:2 158916:2 387:1 3034:1,42 | 40 | 48 | 38.5 | 39 | 43 | 38 | 36
Tiefe,14,tiefe,string:14,attributes:14,3205:1 15456:1 127551:1 139001:1 177031:1,"69.3 cm | 20 cm | 79 mm | 95 cm | 29 cm | 19 mm | 20,5 cm | 29.8 cm"
Anzahl,13,anzahl,string:13,attributes:13,28107:2 11778:1 16191:1 33697:1 41456:1,1 Stück | 1 | 4-teilig | 1 Patrone | 3 | 12 Stifte | 1 Paar (2 Stück) | 12
Befestigung,13,befestigung,string:12 null:1,attributes:13,50457:2 177031:2 261011:2 15277:1 20680:1,Aluminium-Ösen | Gewebebändchen zum Festschnüren | Gewebebändchen | Gefedert | Clip | Schrauben | 3 Befestigungsgurte | Klettgurte / Strap Mount
EU-Schuhgröße,13,eu schuhgrosse,string:13,attributes:13,3034:5 15709:3 387:1 2994:1 16061:1,"37 | 38 2/3 | 38 | 38,5 | 39 | 41.5 | 40 | 26"
Format,13,format,string:11 null:2,attributes:13,15480:4 261186:2 9047:1 9606:1 68098:1,Stift | Gebundene Ausgabe | Hardcover
Funktionen,13,funktionen,string:13,attributes:13,2662:1 20612:1 20677:1 67720:1 116346:1,"Frittieren, Backen, Grillen, Braten | Bewegungsmelder | Digitalanzeige, Temperaturregelung, Tragbar, App-Steuerung, LED-Beleuchtung, Batterieschutz | Apple CarPlay, Android Auto, AirPlay, Miracast, FM Transmitter | Heizfunktion, Timer, Digitalanzeige | Braten, Garen, Servieren, Warmhalten | Rasentrimmer, Freischneider, Heckenschere, Laubbläser, Hochentaster, Rasenkantenschneider | Wärmeableitung, Platzsparend"
Gebindeart,13,gebindeart,string:13,attributes:13,179496:5 179501:2 85915:1 179494:1,Kanister | Flasche
Kapazität,13,kapazitat,string:13,attributes:13,11195:2 49782:2 238:1 20696:1 47075:1,"30 Ah | 5000 mAh | 256 GB | 4 Ah | 9.1 Ah | 80+ Karten | 0,7 L | 5000"
Kollektion,13,kollektion,string:13,attributes:13,,AW23 | American Classic | AMERICAN CLASSIC
Artikelnummer,12,artikelnummer,string:12,attributes:12,28108:1 33665:1 49782:1 177031:1 177846:1,1507000192029 | 512050 | 59279 | 647-203 | 50520195 | 32988205-001 | 21053 | TT2628
Nettogewicht,12,nettogewicht,string:12,attributes:12,2988:1 14070:1 20614:1 177054:1 260625:1,10.15 kg | 5.5 | 3.4 | 0.27 kg | 4.3 | 6.8 | 8.5 kg | 9 kg
Absatzart,11,absatzart,string:11,attributes:11,387:1 3034:1 11505:1 15709:1 45333:1,Blockabsatz | Flach | Plateau
Artikelzustand,11,artikelzustand,string:11,attributes:11,15480:1 33564:1 177005:1 178934:1 263094:1,Neu | Gebraucht – Voll funktionsfähig | Gebraucht
Bundhöhe,11,bundhohe,string:11,attributes:11,11507:1 78700:1 181370:1,Low Rise | Normal | Niedrig | Normal/Mittel | Mittel
Design,11,design,string:11,attributes:11,20696:1 33694:1 38204:1 127551:1 177076:1,"Sportliches rotes Design | M Competition Logo | 231/4 Placket | Nordic Felloptik | Modern, Elegant | Retro | Geriffelt | Skulptural, Sanduhr-Form"
Dicke,11,dicke,string:11,attributes:11,33564:4 57357:2 14355:1 33612:1 33665:1,25 mm | 28 mm | 2.5 | 12 mm | 1.49 mm | 1.57 mm | 30 | 6 mm
Futtermaterial,11,futtermaterial,string:11,attributes:11,15709:4 2994:2 3034:2 387:1 16061:1,Leder | Textil | Synthetik
Genre,11,genre,string:11,attributes:11,15480:4 261186:2 9047:1 32525:1 68098:1,"Action-RPG | Abenteuer | Kinder- & Jugendliteratur | Geschichte | Sachbuch | Politik & Gesellschaft, Autobiografie"
Schuhweite,11,schuhweite,string:11,attributes:11,15709:4 387:2 3034:2 11498:1 16061:1,W | Normal
Steuerung,11,steuerung,string:11,attributes:11,2662:2 20612:1 23895:1 174119:1 184665:1,"Fernbedienung | Touch | Touchscreen, Sprachsteuerung, Lenkradfernbedienung (SWC) | Manuell | App, Bedientasten am Gerät | Digital | Tasten | App-Steuerung"
Abmessungen,10,abmessungen,string:10,attributes:10,20697:1 22689:1 36025:1 47075:1 108782:1,"78.8 x 25.3 x 33 mm | 1140 x 460 x 2.5 mm | 25 x 20 x 18 cm | 19 x 8.3 x 13 cm (HxBxL) | 40 mm x 35 mm x 35 mm | 87,5 x 12,5 x 15,5 mm (LxBxH) | Ø 266 x 167 mm | nicht angegeben"
Drucktechnologie,10,drucktechnologie,string:9 null:1,attributes:10,11195:3 16191:3 1245:1 138910:1 171961:1,Laser | Tintenstrahl | FDM
Gewebeart,10,gewebeart,string:10,attributes:10,20460:2 11484:1 15687:1 21240:1 37644:1,Jersey | Stretch | Twill | Strick | Flanell | Mesh
Hauptkategorie,10,hauptkategorie,string:10,attributes:10,120:1 33564:1 33579:1 33661:1 33665:1,"Autoteile & Zubehör | Auto & Motorrad: Teile > Auto-Ersatz- & -Reparaturteile > Bremsen > Bremsscheiben | Garten & Terrasse | Motoren & Motorenteile | Auto & Motorrad > KFZ-Ersatzteile > Antrieb, Motoren & Getriebe > KFZ-Dichtungen | Auto & Motorrad > KFZ-Ersatzteile > KFZ-Federungen & Dämpfungen > Federbeine & Stoßdämpfer | Basteln & Kreativität | Schlüssel & Schlösser"
Individualisiert,10,individualisiert,string:10,attributes:10,15709:3 158916:2 387:1 2994:1 3034:1,Nein
Innenmaterial,10,innenmaterial,string:10,attributes:10,15709:3 2996:1 11498:1 11505:1 50457:1,"Polyester | Textil | Textil/Leder-Mix | Textil, Kunstpelz, Polyester | Lammfell | Lackschonendes Vlies (Fleece)"
ISBN,10,isbn,string:10,attributes:10,15480:4 261186:2 9047:1 68098:1 163890:1,978-3-417-28888-9 | 9783036957814 | 978-3-96594-062-8 | 978-3982023113 | 9786158181617 | 978-3-462-00513-4 | 9783789141256 | 978-3-95619-524-2
Menge,10,menge,string:9 null:1,attributes:10,179496:6 33564:1 33612:1 33694:1 262228:1,4 Liter | 1 Set | 1 | 2
Schuhschaft-Typ,10,schuhschaft typ,string:10,attributes:10,15709:4 3034:1 16061:1 95672:1,Knöchelhoch | Low Top | Niedrig
Stromquelle,10,stromquelle,string:10,attributes:10,3199:1 3247:1 20612:1 22689:1 27653:1,Netzbetrieben | Akku | Kabelgebunden | Akkubetrieben | Batteriebetrieben | Netzstrom | AAA*1 1.5V (Batterie enthalten) | Kabel
Stromversorgung,10,stromversorgung,string:10,attributes:10,20612:2 14970:1 20635:1 27653:1 29523:1,Kabelgebunden | Batterie | USB-Kabel | Netzbetrieben | USB | Netzbetrieb | 12V DC | Netzbetrieb (220-240 V)
US-Schuhgröße,10,us schuhgrosse,string:10,attributes:10,3034:4 15709:3 387:2 2994:1,"6 | 7 | 3 | 6,5 | 10 | 11,5"
Aktivität,9,aktivitat,null:7 string:2,attributes:9,158928:4 2994:1 15277:1 36155:1 158927:1,"Fitness & Training | Yoga, Pilates, Fitness"
Farbcode,9,farbcode,string:9,attributes:9,11498:1,5281 | 5091 | 910 | N950
Innensohlenmaterial,9,innensohlenmaterial,string:9,attributes:9,3034:3 387:2 15709:2 2994:1 95672:1,Leder | Textil | Gummi | Synthetik
Originalsprache,9,originalsprache,string:9,attributes:9,15480:4 9047:1 68098:1 163890:1 184644:1,Deutsch
Schuhschafttyp,9,schuhschafttyp,string:9,attributes:9,387:2 15709:2 2994:1 3034:1 11498:1,Niedrig | Low Top | Mid-Calf
Spülmaschinenfest,9,spulmaschinenfest,string:9,attributes:9,238:1 20625:1 20635:1 20677:1 117385:1,Ja | Nein | Ja (abnehmbare Teile)
Verlag,9,verlag,string:9,attributes:9,15480:4 9047:1 68098:1 163890:1 184644:1,"Scm R. Brockhaus,Scm Brockhaus, R. | Kein & Aber | Südpol Verlag Gmbh | molino | Kiepenheuer & Witsch | Oetinger | Reader's Digest Association | Loewe Verlag"
Anschlussart,8,anschlussart,string:8,attributes:8,4672:1 19839:1 122188:1 259858:1 260457:1,Drahtlos | Konische Muttern | G 3/8 | Innengewinde | Schraubklemmen | Stecksystem mit Einzug | Koaxial
Anwendung,8,anwendung,string:8,attributes:8,4672:1 33164:1 174030:1 178918:1 179448:1,"Benzin- und Dieselmotoren | Benzinmotoren, Dieselmotoren | Doppelkupplungsgetriebe (DCT) | Camping, Outdoor-Kochen | Kühlsystem | Hautverjüngung | Poliermaschine | TV, Receiver, Radio"
Autor,8,autor,string:8,attributes:8,15480:4 9047:1 163890:1 184644:1 261186:1,Kerstin Toepel | Heike Faller | Olivia Huth | Frieder Stöckle | Angela Merkel | Astrid Lindgren | Isabel Abedi | Disney
Bedienung,8,bedienung,string:8,attributes:8,387:1 20680:1 122188:1 133704:1 185033:1,Digitaler Touchscreen | Touchscreen | Einhebelmischer | Einhand | Digitalanzeige | Seitenzug | Tastenbedienfeld mit Auto‑iQ‑Programmen und manuellen Einstellungen | Handkurbel
Beschreibung des Paketinhalts,8,beschreibung des paketinhalts,null:8,attributes:8,13999:2 9606:1 25354:1 62471:1 127504:1,
Buchtitel,8,buchtitel,string:8,attributes:8,15480:3 9047:1 68098:1 163890:1 184644:1,"Vom Kleinen Waschbären, der Sich Traute, Mutig zu Sein | Hundert: Was du im Leben lernen wirst | Hilfst du mir? Dann teilen wir! | Hannelore: Zauberhaftes Zirkusabenteuer | Freiheit: Erinnerungen 1954 – 2021 | Weltgeschichte: Alles was man wissen muss. | Lola Löwenherz | Es war einmal ein Schneemann"
Bundweite,8,bundweite,string:8,attributes:8,,36 | W29 | W31 | W32 | W36 | W38 | W33
category,8,category,string:8,attributes:8,387:1 3244:1 15709:1 28107:1 44647:1,"Werkzeuge | Sport > Tauchen > ABC & Blei > Schnorchelflossen | Auto & Motorrad: Teile | Werkzeug | Sneaker | Heimwerker > Heizung, Klima & Lüftung > Heizungs- & Ofenzubehör > Ofenrohre & Zubehör | Pastell | Schuhe"
CE-Kennzeichnung,8,ce kennzeichnung,string:8,attributes:8,33614:1 45246:1 67588:1 174030:1 182094:1,CE 0459 | Ja | CE 2400
Erscheinungsjahr,8,erscheinungsjahr,string:8,attributes:8,15480:2 3034:1 3205:1 19006:1 138910:1,2013 | 2024 | 2021 | 2018 | 2020 | 2023 | 2007
Füllmenge,8,fullmenge,string:8,attributes:8,179496:2 179501:2 16191:1 179494:1,4 Liter | 500 g | 5 L | 1 | 1 Liter | 5 Liter | 10 ml
Gewicht,8,gewicht,number:4 string:3 null:1,attributes:8,58100:4 3199:1 3205:1 62471:1 133704:1,"12 kg | 1 | 920 g | 4,03 kg"
Größentyp,8,grossentyp,string:8,attributes:8,,Normalgröße
Herstelleradresse,8,herstelleradresse,string:8,attributes:8,2024:1 15052:1 20622:1 20696:1 33661:1,"Industriestrasse 17, 55743 Idar-Oberstein | 69448 Weinheim | Wilhelmstraße 47, 58256 Ennepetal, Germany | Am Eifeltor 20, 50997 Köln, Germany | Höhenstraße 2, 65549 Limburg | Robert Bosch Power Tools GmbH, 70538 Stuttgart/GERMANY | Im Gewerbepark 11, 84307 Eggenfelden-Germany | 6340 Sequence Drive, San Diego, CA 92121 USA"
Herstellerland,8,herstellerland,string:8,attributes:8,54145:1 156105:1 177806:1 179496:1 180391:1,Slowakische Republik | Frankreich | Deutschland | Tschechische Republik
Herstellungsdatum,8,herstellungsdatum,string:8,attributes:8,11778:1 57357:1 85040:1 174030:1 180031:1,2022/09 | 04/2025 | Februar 2024 | 2023-11-09 | 2024-08-07 | 2023.05.15 | 2025-02-15 | 2024-01-27
Kompatible Marke,8,kompatible marke,string:8,attributes:8,16191:3 1245:1 11195:1 20349:1 47075:1,Apple | Universal | Brother | HP
Set enthält,8,set enthalt,string:8,attributes:8,20444:1 20625:1 45503:1 66728:1 98847:1,"Besteck (4 Teile), Trennwände (2), Saucenbehälter (1) | Gabel, Messer, Esslöffel, Teelöffel | Spannbettlaken | Messer | Kaffeetassen, Untertassen, Frühstücksteller | Bratentopf, Fleischtopf, Stielkasserolle | Schale, Schälchen | Decke"
Stärke,8,starke,null:8,attributes:8,158928:4 13999:2 25354:1 127504:1,
Thematik,8,thematik,string:8,attributes:8,15480:3 9047:1 68098:1 163890:1 184644:1,Freundschaft | Autobiografie | Amerikanische Geschichte | Eltern-Kind-Beziehung | Disney
UK-Schuhgröße,8,uk schuhgrosse,string:8,attributes:8,3034:3 15709:2 387:1 2994:1 16061:1,"6 | 7 | 5,5 | 9 | 7.5 | 10 | 2"
Viskosität,8,viskositat,string:8,attributes:8,179496:6 179494:1,10W-40 | SAE 5W-30 | SAE 0W-30 | 5W-30 | SAE 75W-90
Wasserdicht,8,wasserdicht,string:8,attributes:8,177031:2 11498:1 50457:1 181391:1 261011:1,Ja
Bruttogewicht,7,bruttogewicht,string:7,attributes:7,2988:1 177054:1 260625:1,11.5 | 6.5 | 4.1 | 0.47 kg | 6.0 | 9 kg | 10 kg
Fahrzeugkompatibilität,7,fahrzeugkompatibilitat,string:6 null:1,attributes:7,179496:6 261425:1,"Motorrad 4-Takt Motoren | VW Golf, Audi A3, Ford Galaxy, Porsche Cayenne | Für Fahrzeuge mit Herstellerfreigaben BMW LL-04, MB 229.51, Porsche C30, VW 504 00/507 00 | Für diverse Benzin- und Dieselfahrzeuge | PEUGEOT, CITROËN, FIAT, HONDA, HYUNDAI, KIA | Diesel- und Ottomotoren"
Formfaktor,7,formfaktor,string:7,attributes:7,1244:1 8012:1 19656:1 170083:1 175669:1,M.2 2280 | 2.5 Zoll | SO-DIMM | Desktop | Micro-ATX | ATX
Formulierung,7,formulierung,string:7,attributes:7,11854:1 11863:1 29585:1 177767:1,Creme | Stift | Flüssig | Spray
Frequenz,7,frequenz,string:7,attributes:7,19839:1 20614:1 27653:1 133704:1 259273:1,50/60 Hz | 50 Hz | 50-60 Hz
Gehäusematerial,7,gehausematerial,string:7,attributes:7,20697:1 44932:1 67720:1 185033:1,"Kunststoff | Edelstahl | Kunststoff, Metall | Metall, Transparent | Aluminium | Metall"
Konnektivität,7,konnektivitat,string:7,attributes:7,3676:1 14985:1 33557:1 119019:1 174119:1,"Bluetooth | Mirror Link, Bluetooth | Kabelgebunden | Kabellos"
Maße,7,masse,string:7,attributes:7,387:1 20460:1 25668:1 162041:1 175769:1,"46 x 70 x 60 cm | 37 x 14 x 34,5 cm | ca. 90–100 x 200 cm | 85 x 155 cm | 140 x 200 cm | 80 x 200 cm"
Passend für,7,passend fur,string:7,attributes:7,57357:1 170141:1 261011:1 261012:1 261425:1,"Ford Galaxy (WGR), Citroën C4 Coupe (LA_), Skoda Octavia Combi (5E5), Citroën C4 II (B7), Seat Leon ST (5F8), Skoda Octavia (1U2) | Sonnenschirm | Opel PKW | Mercedes-Benz E-Klasse, CLS | Kettensäge | Tesla Model 3, Model Y Panorama-Glasdach | Mercedes-Benz PKW"
Schnitt,7,schnitt,string:7,attributes:7,78700:1 181370:1,Gerade | Klassisch | Mini | Low Rise | Tapered | Cargo | Regular Fit
Schuhgröße,7,schuhgrosse,string:7,attributes:7,15709:2 2994:1 11498:1,37 | 38 | 39 | 42 2/3 EU | EU 38 2/3 | 28 | EU 43
Schutzart,7,schutzart,string:6 null:1,attributes:7,18276:1 62471:1 183391:1 183393:1 260588:1,IP65 | IP66 | IPX5 | IP44
Spülmaschinengeeignet,7,spulmaschinengeeignet,string:7,attributes:7,79656:1 98847:1 101428:1 177005:1 181383:1,Ja | Nein
Taschen,7,taschen,string:7,attributes:7,1059:1,"Eingrifftaschen | 2 Reißverschluss-Seitentaschen, 1 Brusttasche | Reißverschlusstaschen | Ja | Cargo-Taschen, Seitentaschen, Gesäßtaschen | Kängurutasche | Seitentaschen"
Verwendungszweck,7,verwendungszweck,string:7,attributes:7,19456:1 174030:1 177005:1 177054:1 259347:1,"Einmalgebrauch | Servieren, Zubereiten | Dachträger-Montage | Kühlsystem | Wohnmobil, Wohnwagen, Van | Getränke servieren | Fleisch, Fisch, Gemüse, Kräuter"
Zertifizierungen,7,zertifizierungen,string:7,attributes:7,13386:1 19839:1 20612:1 58100:1 179846:1,"UN38.3, IEC, CE | CE, ROHS, FC | JCE, SBSC, FA, FG | ISO9001, ISO14001, OHSAS18001, FDA, CE | GS, TÜV | GS, TÜV Rheinland, FSC | CE, UL, IEC/EN 60947-3"
Ärmelart,6,armelart,string:6,attributes:6,,Kurzarm | Langarm | Ärmellos
Ausgewählte Suchfilter,6,ausgewahlte suchfilter,null:6,attributes:6,13999:2 25354:1 62471:1 127551:1 138910:1,
Befestigungsart,6,befestigungsart,string:5 null:1,attributes:6,33694:1 108782:1 158997:1 263094:1,Rutschfeste Unterseite | 2-Punkt-Bügel | Magnetisch | Fixpunkt | Clip
Beinform,6,beinform,string:6,attributes:6,181370:1,Konisch | Gerade | Tapered | Gerades Bein
Charakter,6,charakter,string:6,attributes:6,11731:1 15709:1 23609:1 90635:1 163890:1,"Wolverine | Küken, Eisbär, Nilpferd | Sportlich | Olaf | Leopard | Hase"
Designland,6,designland,string:6,attributes:6,20349:1 36025:1 183462:1 262984:1,USA | UK | Dänemark | Schweiz
GPSR Manufacturer email,6,gpsr manufacturer email,string:6,attributes:6,3244:1 3247:1 15480:1 22670:1 166779:1,info@hofner.com | service-pe@einhell.com | info@wolfcraft.com | info@suedpol-verlag.de | support.de@tineco.com | info@bilsteingroup.com
GTIN,6,gtin,string:6,attributes:6,36440:1 78700:1,0098931289601 | 04260325295246 | 3573994006336 | 4260716810041 | 5902811100663 | 8719115000028
Hauttyp,6,hauttyp,string:6,attributes:6,11863:1 33164:1 177767:1,"Alle Hauttypen | Trockene Haut, Atopische Haut, Neurodermitis | Reife Haut"
Herstellernummer (MPN),6,herstellernummer mpn,string:6,attributes:6,4296:1 36114:1 57357:1 170141:1 171961:1,FR490971 | 3740 | 1980B002 | AP620D | 05057909001 | 573602J
Kabellänge,6,kabellange,string:6,attributes:6,4672:1 20614:1 23895:1 259273:1,1.8 m | 4 m | 5 m | 15 Meter | 1 m
Kategorie (Breadcrumb),6,kategorie breadcrumb,string:6,attributes:6,3199:1 8012:1 14070:1 20612:1 30251:1,"Garten & Terrasse > Möbel > Liegen | Haus & Garten > Bad & Küche > Badzubehör & -textilien > Badematten & -teppiche > Badewanneneinlagen | Computer, Tablets & Netzwerk > PC-Komponenten & -Teile > Netzteile | Haushaltsgeräte > Klimaanlagen & Heizgeräte > Ventilatoren > Standventilatoren | Möbel & Wohnen > Beleuchtung > Deckenlampen & Kronleuchter > Pendelleuchten | Möbel & Wohnen > Klein- & Spezialmöbel > Servierwagen"
Kategorie_Pfad,6,kategorie pfad,string:6,attributes:6,3199:1 47931:1 69197:1 87141:1 179448:1,Klimaanlagen & Heizgeräte | Möbel > Regale & Aufbewahrung > Standregale | Kochgeschirr | Heimwerker > Baustoffe & Holz > Fliesen | Auto & Motorrad: Teile > Auto-Anbau- & Zubehörteile > Beleuchtung & Blinker > Scheinwerfer & Teile > Scheinwerfer-Reparatursätze | Drogerie & Gesundheit > Rasur & Haarentfernung > Rasierklingen
Kragenform,6,kragenform,string:6,attributes:6,57990:1,"Kapuze, Hochabschließend | Stehkragen | Umlegekragen im Rever-Stil | Polokragen"
Materialeigenschaft,6,materialeigenschaft,string:6,attributes:6,33612:1,Hochfest | Robust | Strapazierfähig | Atmungsaktiv | Elastisch
Montagezustand,6,montagezustand,string:6,attributes:6,1188:1 13386:1 19265:1 20612:1 38204:1,"Zerlegt | Betriebsfertig, keine Montage erforderlich | Vormontiert, einteilig | Vormontiert | Unmontierter Bausatz"
Oberflächenbeschaffenheit,6,oberflachenbeschaffenheit,string:6,attributes:6,33564:1 33694:1 178934:1 180407:1 262204:1,Glänzend | Lackiert | Präzisionsbearbeitet | Matt | Glatt | Micro-Diamond Textur
Spezifikation,6,spezifikation,string:6,attributes:6,179496:3 179494:1 179501:1,"ACEA C3 | AF13++ | TE-ML 11 | ACEA C3, API SN, API CF | GL4/5 | ACEA C4, API SM/CF"
Verpackung,6,verpackung,string:6,attributes:6,120:1 4296:1 11195:1 23609:1 84904:1,Recycelbar | Karton | Kunststoffbox Bit-Safe | Standardverpackung | Kunststoffetui | Metalletui
Akzente,5,akzente,string:5,attributes:5,387:2 3034:2 15709:1,"Grün | Logo | Logo, Streifen | Streifen"
Altersfreigabe,5,altersfreigabe,string:5,attributes:5,32525:1 36025:1 183465:1 261186:1,"Ab 6 Jahren | Ab 3 Jahren | USK ab 12 Jahren, PEGI 12 | Nicht für Kinder (kein Spielzeug) | Ab 16 Jahren"
Anzahl der Seiten,5,anzahl der seiten,string:5,attributes:5,15480:2 9047:1 184644:1 261186:1,40 | 208 | 32 | 736 | 283
Anzahl Einheiten,5,anzahl einheiten,string:5,attributes:5,11195:1 33589:1 36155:1 261425:1 262161:1,1
Anzahl Rollen,5,anzahl rollen,string:5,attributes:5,11236:1,4 | 4 Doppelrollen
Außendurchmesser,5,aussendurchmesser,string:5,attributes:5,33564:1 33661:1 33729:1 36624:1 170141:1,314 mm | 64 mm | 88 | 84 mm | 160 mm
Ausstattung,5,ausstattung,string:5,attributes:5,33034:1 175769:1 262161:1,"Außentasche, Teleskopgriff, TSA-Schloss, STRATIC Connect NFC-Chip, Innentasche, Kreuzpackgurt | Münzfach | Herausziehbare Schublade | Elektrisch verstellbar, Beheizt, Konvexes Glas | Tragegriff"
Beinlänge,5,beinlange,string:5,attributes:5,,L32 | L34
Betriebsart,5,betriebsart,string:5,attributes:5,20614:1 177008:1,Elektrisch | Warmwasser | Kabelgebunden | Hydraulisch
Bremsscheibenart,5,bremsscheibenart,string:5,attributes:5,33564:5,belüftet | Innenbelüftet | Voll | Belüftet
Fahrzeughersteller,5,fahrzeughersteller,string:5,attributes:5,33564:2 33612:1 262241:1,"Audi, VW, Seat | Audi | Audi, Ford, Seat, Skoda, VW | Ford, Land Rover | Mini"
Für Fahrradtyp,5,fur fahrradtyp,null:4 string:1,attributes:5,57262:1 177806:1 177807:1 177822:1 177833:1,"Mountainbike, Rennrad, Citybike"
Geeignet_für,5,geeignet fur,string:5,attributes:5,11331:1 47931:1 139001:1 180981:1 260307:1,"Waschmaschine, Spülmaschine | Kübelpflanzen, Palmen | Wand | Kinder | Rasierhobel, Shavette"
Griffmaterial,5,griffmaterial,string:5,attributes:5,238:1 3244:1 42284:1 79656:1 177005:1,"Soft-Grip Gummi | Edelstahl | Kunststoff | Edelstahl, Kunststoff"
Herstellergarantie,5,herstellergarantie,string:5,attributes:5,170141:1,5 Jahre | 7 Jahre
Herstellungsjahr,5,herstellungsjahr,string:5,attributes:5,3034:1 3205:1 23609:1 180031:1 262204:1,2024 | 2022 | 2017- | 2023
Kompatible Druckermodelle,5,kompatible druckermodelle,string:5,attributes:5,16191:3 1245:1 11195:1,"HL-L8260CDW; HL-L8360CDW; MFC-L8690CDW; MFC-L8900CDW; DCP-L8410CDW | Brother HL-L8260CDW, HL-L8360CDW, HL-L8900CDW, MFC-L8690CDW, MFC-L8900CDW, DCP-L8410CDW | Brother MFC-J5340DW, J543DW, J5740DW, J6540DW, J6940DW | HP DeskJet 2300, HP DeskJet 2700, HP ENVY 6000, HP ENVY 6400 | Brother MFC-J 4625 DW, MFC-J 880 DW, MFC-J 4620 DW, MFC-J 1140 W, DCP-J 4120 DW, MFC-J 4425 DW, MFC-J 5720 DW, MFC-J 480 DW, DCP-J 5625 DW, MFC-J 1150 DW, MFC-J 4420 DW, MFC-J 1100"
Kompatible Fahrzeugmodelle,5,kompatible fahrzeugmodelle,string:5,attributes:5,170141:2 180391:1 262128:1 263094:1,"Ford Fiesta V (JH_, JD_), Ford Fusion ju2, Mazda 2 DY, Ford Fiesta Mk5, Ford Fiesta Mk5 Kastenwagen | Kadjar (ab 06/15), Espace V (ab 03/15), Scénic IV (ab 11/16), Grand Scénic IV (ab 12/16), Koleos II (ab 11/16) | T5, Sharan, Alhambra | KIA Sportage SL, Hyundai ix35 LM, Hyundai Tucson JM | KIA Sportage SL, Hyundai ix35 (LM, EL, ELH), Hyundai Tucson JM, Hyundai i40 VF, KIA Magentis"
Kompatible Modelle,5,kompatible modelle,string:5,attributes:5,11195:2 171961:1 180031:1,"Canon i-SENSYS LBP5050, MF8030C, MF8040C, MF8050C, MF8080C | V7, V8, V10, V11, V12, V15 | Piaggio Beverly 350, X10 350, MP3 350, MP3 530 HPE 2022 | i-SENSYS LBP220 Series, i-SENSYS LBP230 Series, i-SENSYS MF440 Series, i-SENSYS MF450 Series | Brother DCP-L8410 CDN, DCP-L8410 CDW, HL-L8260CDW, HL-L8360CDW, MFC-L8690CDW, MFC-L8900CDW"
Pflegeanleitung,5,pflegeanleitung,string:5,attributes:5,20444:1 20460:1 37644:1 66728:1 162041:1,Maschinenwäsche | Maschinenwäsche bis 60°C
Prüfzeichen,5,prufzeichen,string:5,attributes:5,57357:2 177806:1 177807:1,"ECE R90 | DVGW, P-IX | E90R-02A1163/0750 | ECE R90 Homologiert | R90 homologiert"
Referenznummer OE,5,referenznummer oe,string:5,attributes:5,33564:1 170141:1 177699:1 262161:1 262228:1,412178 | 16 03 254 | 2123230020 | P55W | 388-FDD527TL
Rollenart,5,rollenart,string:5,attributes:5,11236:1 19265:1 134642:1,"Doppelrollen | 360° Doppelrollen | Kugellager | 360° Doppelrollen, geräuscharm"
Signiert,5,signiert,string:5,attributes:5,15709:2 9047:1 158916:1 163890:1,Nein | Ja
Standard,5,standard,string:5,attributes:5,259347:2 2994:1 29525:1 123417:1,DIN 862 | HG/T2888-2010 | Qi
Stückzahl,5,stuckzahl,string:5,attributes:5,33156:1 47931:1 177806:1 261012:1,1 | 1 Satz | 16 | 5000
Tierart,5,tierart,string:5,attributes:5,20660:1 36025:1 177784:1 180501:1,"Hund | Milchkühe, Rinder | Hund, Katze | Vögel | Reh"
Titel,5,titel,string:5,attributes:5,9047:1 15480:1 163890:1 261186:1 262161:1,TYC Außenspiegel Rechts beheizbar Ford Transit VI (ab 2013) 310-0237 | Hundert | Freiheit: Erinnerungen 1954–2021 | Lola Löwenherz | Es war einmal ein Schneemann
Typ,5,typ,string:5,attributes:5,57357:1 260835:1,G13+ | BusBar Box | Armstütze | Scheibenbremse | Rangierwagenheber
Viskositätsklasse,5,viskositatsklasse,string:5,attributes:5,179496:2 179501:1,5W-40 | SAE 5W-30 | ATF II | 5W-30
Anschlüsse,4,anschlusse,string:4,attributes:4,47075:1 174119:1,"USB-C | USB, AUX, Vorverstärkerausgang | 6,35 mm Klinke In/Out"
Anschlussgewinde,4,anschlussgewinde,string:4,attributes:4,260588:1,M18x1 | G 1/2 Zoll | 1 Zoll Außengewinde
Anschlusstyp,4,anschlusstyp,string:4,attributes:4,19656:1 47075:1 182094:1,"USB-C | KFZ-Stecker, Schuko-Stecker | RJ45"
Anwendungsbereiche,4,anwendungsbereiche,string:4,attributes:4,20614:1 42284:1 259347:1,"Metall, Holz, Lack, Rostentfernung | Medizin, Labor, Reinraum, Haushalt | Matratzen, Betten, Sofas, Polstermöbel, Textilien | Prototypen, Modelle"
Atmungsaktiv,4,atmungsaktiv,string:4,attributes:4,20460:1 66728:1,Ja
Batteriekapazität,4,batteriekapazitat,string:4,attributes:4,18276:1 22689:1 183391:1,12500 mAh | 500 mAh | 7.8 Ah | 200 mAh
Büro & Schreibwaren,4,buro schreibwaren,null:4,attributes:4,9606:1 13999:1 25354:1 127605:1,
Designmerkmal,4,designmerkmal,string:4,attributes:4,238:1 33034:1,Zeitlos | Screen Prince Gravur | Leichtbauweise | 3-Streifen-Design
Einband,4,einband,string:4,attributes:4,15480:2 68098:1 163890:1,Hardcover | Gebundene Ausgabe
Einbandart,4,einbandart,string:4,attributes:4,9047:1 15480:1 184644:1 261186:1,Gebunden (Hardcover) | Gebunden | Hardcover | Gebundene Ausgabe
Eingangsspannung,4,eingangsspannung,string:4,attributes:4,20697:1 47075:1 123417:1,5V | 9V | 220-240 V AC | 4.75V-5.25V
Einlegesohlenmaterial,4,einlegesohlenmaterial,string:4,attributes:4,15709:2 2994:1 181136:1,Textil | Ortholite Schaum | Memory Foam
Filtertyp,4,filtertyp,string:4,attributes:4,2662:1 20614:1 33661:1 184665:1,Filtereinsatz | HEPA- und Aktivkohlefilter | Mehrfachfiltration mit HEPA-Filter | Multi-Zyklon
Gebindegröße,4,gebindegrosse,string:4,attributes:4,179496:2,20 L | 5 L | 5 Liter
Griffart,4,griffart,string:4,attributes:4,11236:1 109065:1,Teleskopgriff | 2 Seitengriffe
Handgemacht,4,handgemacht,string:4,attributes:4,11484:1 15687:1 15709:1 45333:1,Nein
Hersteller-Teilenummer,4,hersteller teilenummer,string:4,attributes:4,33589:1 178918:1 179501:1 263094:1,100303 | 600083246 | CDW004 | 105E-320
Höhenverstellbar,4,hohenverstellbar,string:4,attributes:4,20612:1 72576:1,Ja
Illustrator,4,illustrator,string:4,attributes:4,15480:3 261186:1,Valerio Vidali | Andrea Deininger | Ilon Wikland | Dagmar Henze
Kategorie_Breadcrumb,4,kategorie breadcrumb,string:4,attributes:4,2662:1 45246:1 134642:1 158916:1,Kleidung & Accessoires > Accessoires > Sonnenbrillen | Heimwerker > Eisenwaren > Scharniere & Bänder > Schubladenschienen | Sport > Fitness & Jogging > Laufschuhe | Haushaltsgeräte > Staubsauger > Saugroboter
Lichtstrom,4,lichtstrom,string:4,attributes:4,20697:1 183391:1 183393:1,1200 LM | 30000 lm | 35000 lm | ca. 1 Lumen
Lieferzustand,4,lieferzustand,string:4,attributes:4,3199:1 15456:1 49782:1 156105:1,"Unmontierter Bausatz | Säuregefüllt und geladen | Zerlegt | Zerlegt, inkl. Montagematerial"
Literarische Gattung,4,literarische gattung,string:4,attributes:4,15480:2 9047:1 68098:1,Kinderliteratur | Sachbuch | Belletristik
Material Bezug,4,material bezug,string:4,attributes:4,66728:1,100% Baumwolle | 100% Polyester | Phthalatfreie PVC-Folie
Maximale Belastbarkeit,4,maximale belastbarkeit,string:4,attributes:4,15456:1,88 kg | 130 kg | 120 kg | 120 kg pro Sitzplatz
Merkmale,4,merkmale,string:4,attributes:4,20601:1 161826:1 262128:1,"Leckageschutz, Erstausrüsterqualität | Faltbar, Robust, Belüftung, Mehrere Öffnungen | Kwik Change, Pop-Up | EcoSmart Wassersparfunktion, Zugstangen-Ablaufgarnitur, 10° drehbarer Auslauf"
Modellbezeichnung,4,modellbezeichnung,string:4,attributes:4,234:1 85915:1 185033:1,ICE SCRAPER | KDF-5517DTW | S 85 | Ürün 5
Motortyp,4,motortyp,string:4,attributes:4,33612:2 33661:1 262241:1,2.0 TDI | PSA-Motoren | 1.9 TDI | 1.9 TDI Pumpe-Düse PD
Nachhaltigkeitsmerkmal,4,nachhaltigkeitsmerkmal,string:4,attributes:4,262984:1,Fair Trade Certified | Zertifizierte Bio-Baumwolle | 100% Recycelt | Unterstützt Baumpflanzprojekte
Nennspannung,4,nennspannung,string:4,attributes:4,19839:1 20614:1 259273:1,19.8V | 230 V | 220–240 V~ | 690 V
Öl-Typ,4,ol typ,string:4,attributes:4,179496:2 179494:1,Mineralisch | Teilsynthetisch | HC-Synthese | Vollsynthetisch
Packungsgröße,4,packungsgrosse,string:4,attributes:4,15687:1 47931:1,3er-Pack | 3er Pack | 5000 Stück (50 x 100er Boxen) | 6 Stück
Packungsinhalt,4,packungsinhalt,string:4,attributes:4,,3 T-Shirts | 2 Slips | 2 Stück | 10 Paar
Pflege,4,pflege,string:4,attributes:4,33694:1 37644:1 134642:1,"Pflegeleicht, Bügelfrei | Pflegeleicht | Maschinenwäsche | Abwischbar"
Produktkategorie,4,produktkategorie,string:4,attributes:4,1244:1 25354:1 156104:1 262161:1,Musikinstrumente > Saiteninstrumente > Gitarren > Akustikgitarren | Auto & Motorrad > Auto-Ersatzteile > Karosserie & Exterieur > Außenspiegel | Mainboards | Schreibwaren
Qualität,4,qualitat,string:4,attributes:4,33614:1 37644:1 54145:1 57357:1,"Erstausrüsterqualität | Deutsche Qualität & Design | Mercerisiert, gekämmt | Premium Aftermarket"
Reinigung,4,reinigung,string:4,attributes:4,238:1 133704:1,"Reinigungsfreundlich | Hygienisch | Abwischbar | Spülmaschinengeeignet (Behälter, Deckel, Becher)"
Schnittstelle,4,schnittstelle,string:4,attributes:4,175669:1 175673:1,"PCIe Gen3 x4 | SATA III | USB 3.0, USB 2.0"
Schreibfarbe,4,schreibfarbe,null:3 string:1,attributes:4,13999:2 25354:1 127504:1,Blau/Schwarz
Schutzfunktion,4,schutzfunktion,string:4,attributes:4,33694:1 177832:1,"Abnutzung, Schmutz, Flecken | Anti-UV | Vor Umwelteinflüssen | Ganzjahresschutz, UV-Schutz, Regenschutz, Windschutz, Schneeschutz"
Sicherheitsstufe,4,sicherheitsstufe,string:2 null:2,attributes:4,58100:4,10 | 7
Sportart/Aktivität,4,sportart aktivitat,string:4,attributes:4,11838:1 70911:1 158916:1,"Fitness, Laufen, Schwimmen, Radfahren | Mountainbike, Enduro, Trail | Skifahren, Snowboarden | Laufen & Joggen"
Stoffart,4,stoffart,string:4,attributes:4,37644:1 175774:1,Wachsbaumwolle | Satin | Piqué | Strick
Teileanzahl,4,teileanzahl,string:4,attributes:4,1188:1 4296:1 98847:1 156105:1,61 | 4 | 176
Temperaturbereich,4,temperaturbereich,string:4,attributes:4,20754:1 260307:1,-20°C bis 20°C | -20°C bis +90°C | 20-34°C
UV-beständig,4,uv bestandig,string:4,attributes:4,177031:2 50457:1,Nein | Ja
UV-Schutz,4,uv schutz,string:4,attributes:4,45246:1 175757:1 262204:1,Ja | UV400 | bis zu 95 % UV-Reduktion
Verschlussmechanismus,4,verschlussmechanismus,string:2 null:2,attributes:4,58100:4,Schlüssel
Zulassung,4,zulassung,string:4,attributes:4,33564:1 57357:1 177806:1 260176:1,DB-Zulassung M 10.064.02 | ECE R90 | ECE R90 (E190R-02C0165/0949)
Abmessungen (L x B x H),3,abmessungen l x b x h,string:3,attributes:3,166779:1,190 x 460 x 85 mm | 93 x 63 x 15 mm | 326 x 296 x 672 mm
Absatzform,3,absatzform,string:3,attributes:3,2994:1 3034:1 15709:1,Flach | Blockabsatz
Abstrahlwinkel,3,abstrahlwinkel,string:3,attributes:3,20697:1,270° | 120°
Anschluss A,3,anschluss a,string:3,attributes:3,4672:1 67276:1,RJ45 Stecker | Koax Stecker (gewinkelt) | USB-C
Anschluss B,3,anschluss b,string:3,attributes:3,4672:1 67276:1,RJ45 Buchse | Koax Kupplung (gewinkelt) | USB-A
Anschlussgröße,3,anschlussgrosse,string:3,attributes:3,20601:1 259858:1,G 1/2 Zoll | G2 | G 3/8
Anzahl der Lichter,3,anzahl der lichter,string:2 null:1,attributes:3,3199:1 22689:1 62471:1,1
Anzahl der Räder,3,anzahl der rader,string:3,attributes:3,11331:1 18276:1,4 | 2
Anzahl der Sitzplätze,3,anzahl der sitzplatze,string:3,attributes:3,14070:1 15456:1 19265:1,1 | 2
Anzahl pro Achse,3,anzahl pro achse,string:3,attributes:3,33564:1 33579:1 57357:1,4 | 2 Stück | 2
Anzahl_der_Teile,3,anzahl der teile,string:3,attributes:3,177846:2 87141:1,10 | 11 | 5
Aufnahme,3,aufnahme,string:3,attributes:3,50382:2 4296:1,"SDS-plus | SDS-MAX | 1/4"" Hex"
Ausführung,3,ausfuhrung,string:3,attributes:3,37644:1 260457:1,Einlochmontage | Einteiliges Längenelement | mit dauerelastischem Rundumgummi
Auslaufhöhe,3,auslaufhohe,string:3,attributes:3,,59 mm | 70 mm | 109 mm
Batterien enthalten,3,batterien enthalten,string:3,attributes:3,109065:1 174030:1 177008:1,Nein | Ja
Baujahr,3,baujahr,string:3,attributes:3,33697:1 170141:1 262161:1,1991-1999 | 2008-2016 | 2006-2011
Baureihe,3,baureihe,string:3,attributes:3,33694:1 174093:1 178934:1,Vor-Facelift | 2er Active Tourer | 3er
Beleuchtung,3,beleuchtung,string:3,attributes:3,18276:1 23895:1 47349:1,RGB | Ja | Vorne
Beschichtung,3,beschichtung,string:3,attributes:3,238:1 162041:1 259322:1,"Titanium 2X Antihaftversiegelung | Nein | Latex-Punktbeschichtung, rutschfest"
Betriebsdruck,3,betriebsdruck,string:3,attributes:3,54145:2,"166.7 Bar | 2 bis max. 8,6 bar | 4-300"
Betriebsspannung,3,betriebsspannung,string:3,attributes:3,67720:1,220-240 V | 16.5V
BPA-frei,3,bpa frei,string:3,attributes:3,101428:1 157325:1 181383:1,Ja
Bremsentyp,3,bremsentyp,string:3,attributes:3,33564:2,Scheibenbremse | Handbremse
Bremssystem,3,bremssystem,string:3,attributes:3,57357:3,TRW | BREMBO | Brembo
Bundart,3,bundart,string:3,attributes:3,78700:1,Elastisch | Normaler Bund | Elastischer Bund mit Kordelzug
Dämpfungstechnologie,3,dampfungstechnologie,string:3,attributes:3,2994:1 15709:1 16061:1,"ABZORB, SBS | FF BLAST™ | Fusion Foam"
Deckel,3,deckel,string:3,attributes:3,81464:1 103428:1,Ja | ohne Deckel
Dicke/Stärke,3,dicke starke,string:3,attributes:3,57357:3,17 | 17.2 mm | 18.3
Duft,3,duft,string:3,attributes:3,8504:1 108782:1,"Kräuter | Wild Berry, Sandelholz & Bergamotte | Kraftvoll"
EAC-Kennzeichnung,3,eac kennzeichnung,string:3,attributes:3,33564:1 33661:1 262161:1,Ja
Eigengewicht,3,eigengewicht,null:1 string:1 number:1,attributes:3,85040:2 13386:1,4.8 kg | 1
Einbauort,3,einbauort,string:3,attributes:3,33694:1 170141:1,"Wand, Decke | Fahrzeuginnenraum | Vorderachse"
Einsatzgebiet,3,einsatzgebiet,string:3,attributes:3,,"Heimwerker, Profi | PKW, LKW | Rettungseinsätze"
Einsatzort,3,einsatzort,string:3,attributes:3,20622:1 134642:1,"Wand, Decke | Innen- & Außenbereich | Küche, Büro, Wohnzimmer, Schlafzimmer, Bad, Werkstatt"
Energiequelle,3,energiequelle,string:3,attributes:3,,Solarbetrieben | Solar | Holzkohle
Farbtemperatur,3,farbtemperatur,string:2 null:1,attributes:3,20697:1 62471:1 183391:1,6500 K | 2700-3000 Kelvin
Filamentdurchmesser,3,filamentdurchmesser,string:3,attributes:3,,1.75 mm
Finish,3,finish,string:3,attributes:3,20442:1 30255:1,Matt | Glänzend
Frostbeständig,3,frostbestandig,string:3,attributes:3,177031:2 261011:1,Ja
Garantiezeit,3,garantiezeit,string:3,attributes:3,177008:1,5 Jahre | 2 Jahre | 10 Jahre auf Mahlwerk
Geeignete Matratzentypen,3,geeignete matratzentypen,string:3,attributes:3,20460:3,Standardmatratzen | Standard-Matratzen
Gerätetyp,3,geratetyp,string:3,attributes:3,3676:1 33164:1,Benzin-Rucksack-Kombigerät | Maus | Microneedling-Pen
Gewichtseigenschaft,3,gewichtseigenschaft,string:3,attributes:3,11236:1,Ultraleicht | Leichtgewicht
Gewichtseinheit,3,gewichtseinheit,string:3,attributes:3,33589:1 33729:1 174087:1,kg
GPSR Herstelleradresse,3,gpsr herstelleradresse,string:3,attributes:3,3247:1 25354:1 261425:1,"Wiesenweg 22, 94405 Landau | Brevillier Urban & Sachs GmbH & Co KG, Schloßstraße 4, D-91792 Ellingen, Deutschland. | Wilhelmstr. 47, 58256 Ennepetal, Deutschland"
GPSR Herstellername,3,gpsr herstellername,string:3,attributes:3,3247:1 117385:1 261425:1,WMF | Einhell | febi bilstein
GPSR Manufacturer URL,3,gpsr manufacturer url,string:3,attributes:3,120:1 15480:1 184644:1,www.scm-verlag.de | https://www.suedpol-verlag.de | www.jolly.at
Größenbereich,3,grossenbereich,string:3,attributes:3,84237:1 90635:1,8-36 mm | 3-12 Jahre | 100-140 cm
Gummizug,3,gummizug,string:3,attributes:3,20460:3,"Rundumgummi, dauerelastisch"
Härtegrad,3,hartegrad,string:3,attributes:3,25354:1 28107:1,H2 | HB | Hart
Hersteller-Artikelnummer,3,hersteller artikelnummer,string:3,attributes:3,11507:1 66728:1 184665:1,7.160.00.530 | 000026640 | 0870.00
Herstellerartikelnummer,3,herstellerartikelnummer,string:3,attributes:3,98847:1 181383:1,20521 | 07.2304.6380 | 4073.000
Herstellerfreigaben,3,herstellerfreigaben,string:3,attributes:3,179494:1 179496:1,"BMW LL-04, MB 229.51, Porsche C30, VW 504 00/507 00 | VW TL 774-J/G, MB 325.5/325.6, MAN 324 SNF, SCANIA, DAF, LIEBHERR Minimum LH-01-COLLA | MB 235.8, MIL-PRF 2105 E, SAE J2360, Volvo 97312"
Induktionsgeeignet,3,induktionsgeeignet,string:3,attributes:3,238:1 98847:1 109065:1,Ja | Nein
Inhaltsstoffe,3,inhaltsstoffe,string:3,attributes:3,177767:1,"Monoethylenglykol | Blauer Enzian, Edelweiß, Kollagen Boost | Nährstoffkomplex"
Innendurchmesser,3,innendurchmesser,string:3,attributes:3,33661:1 36624:1 181067:1,28 mm | 75 mm | 38mm
Installation,3,installation,string:3,attributes:3,122188:1 185059:1,Plug-and-Play | Einfache Montage | Einfach
Item_Specific_Besonderheiten,3,item specific besonderheiten,string:3,attributes:3,19265:1 20677:1 109065:1,"Ergonomisch, Höhenverstellbar, Mit Armlehnen, Mit Rollen, Wippmechanik, Kopfstütze | Tropf-Stopp, Spülmaschinenfeste Teile | Induktionsgeeignet, Backofengeeignet, Vorgewürzt"
Item_Specific_EAN,3,item specific ean,string:3,attributes:3,19265:1 20677:1 87141:1,4260590714022 | 4049011166479 | 4262448172770
item_specific_Farbe,3,item specific farbe,string:3,attributes:3,20696:1 65643:1 260457:1,Bunt | Blau | Schwarz
Item_Specific_Farbe,3,item specific farbe,string:3,attributes:3,19265:1 20677:1 109065:1,"Grau, Schwarz | Silber | Schwarz"
Item_Specific_Marke,3,item specific marke,string:3,attributes:3,19265:1 20677:1 109065:1,DUO Collection | KOENIC | BBQ-Toro
Item_Specific_Material,3,item specific material,string:3,attributes:3,19265:1 20677:1 109065:1,"Stoff, Kunststoff | Edelstahl | Gusseisen"
item_specific_Produktart,3,item specific produktart,string:3,attributes:3,20696:1 65643:1 260457:1,Trinkglas | Entkalkungstabletten | Ofenrohr
Item_Specific_Produktart,3,item specific produktart,string:3,attributes:3,19265:1 20677:1 109065:1,Chefsessel | Zitruspresse | Wok
Kabeltyp,3,kabeltyp,string:3,attributes:3,4672:1 23895:1 259273:1,"Geflochten | H05VV-F 3G1,5 | Koaxialkabel"
Kategorie (allgemein),3,kategorie allgemein,string:3,attributes:3,1188:1 11195:1 262128:1,"Auto & Motorrad > KFZ-Ersatzteile > Antrieb, Motoren & Getriebe > KFZ-Dichtungen | Drucker | Modellbau > Modellbausätze"
Kategorie-ID,3,kategorie id,string:3,attributes:3,3034:1 18276:1 30251:1,183416 | 30251 | 95672
Klappbar,3,klappbar,string:3,attributes:3,9939:1 14070:1 25668:1,Ja | Nein
Kompatible Fahrzeugmarke,3,kompatible fahrzeugmarke,string:3,attributes:3,33612:2 33694:1,"BMW | VW | Volkswagen, Audi, Ford, Seat, Skoda"
Kompatible Fahrzeugmarken,3,kompatible fahrzeugmarken,string:3,attributes:3,33661:1 262128:1,"Opel, Saab, Chevrolet, Buick, Cadillac | Peugeot, Citroën, DS, Fiat, Ford, Jaguar, Land Rover, Mini, Opel | VW, Seat"
Kompatible Motortypen,3,kompatible motortypen,string:3,attributes:3,174087:1 262128:1,"2.8L V6, 3.6L V6 | 1.6 TDI, 2.0 TDI | 1.9 TDI, 2.0 TDI"
Konfektionsgröße,3,konfektionsgrosse,string:3,attributes:3,,XL | 38 | 34
Kopfumfang,3,kopfumfang,string:2 null:1,attributes:3,70911:1 177075:1 177076:1,55-56 cm | 53-54 cm
Kraftstoffart,3,kraftstoffart,string:3,attributes:3,174087:1 179496:1,"Diesel | Benzin | Benzin, Diesel"
Lagertemperatur,3,lagertemperatur,string:3,attributes:3,15052:1,-40°C bis 85°C | Bis 30 °C | 0°C - 40°C
Lichtfarbe,3,lichtfarbe,string:2 null:1,attributes:3,20697:1 62471:1 183391:1,Tageslichtweiß | Warmweiß
Lochanzahl,3,lochanzahl,string:3,attributes:3,33564:3,5
Lochkreis-Ø,3,lochkreis,string:3,attributes:3,33564:3,112 mm | 108 mm | 112
Material Gehäuse,3,material gehause,string:3,attributes:3,151621:1,"Kunststoff | ABS-Kunststoff, Glas | Edelstahl"
Material Gestell,3,material gestell,string:3,attributes:3,,Metall | Edelstahl
Material Klinge,3,material klinge,string:3,attributes:3,133704:1 177005:1,Rostfreier Stahl | Edelstahl
Materialstärke,3,materialstarke,string:3,attributes:3,50457:1,3 mm | 5 mm | 0.7 mm
Mikrowellengeeignet,3,mikrowellengeeignet,string:3,attributes:3,20625:1 20635:1 101428:1,Ja | Nein
Modellreihe,3,modellreihe,string:3,attributes:3,36624:1 179496:1,SOFTLINE | Top Tec 4300 | Explorer
Montage notwendig,3,montage notwendig,string:3,attributes:3,1188:1 156105:1 174030:1,Ja
Nachhaltigkeit,3,nachhaltigkeit,string:3,attributes:3,66728:1 181136:1,"Recycelte Baumwolle, FSC-zertifiziert | Recycelte Füllung | 5% recycelter Gummianteil"
Nennstrom,3,nennstrom,string:3,attributes:3,19839:1 185059:1 259273:1,8 A | 16 A | 32 A
OE/OEM Referenznummer,3,oe oem referenznummer,string:3,attributes:3,33661:1 33694:1 261425:1,"2452014202112 | 98 189 149 80 | 2048660221, A2048660221"
OE/OEM Referenznummer(n),3,oe oem referenznummer n,string:3,attributes:3,33694:1 170141:1 261425:1,"2452014202112 | A.B.S.: 200923, BLUE PRINT: ADG08207, FEBI BILSTEIN: 172778, GSP: GK6891 | 204 866 02 21, A2048660221"
Öltyp,3,oltyp,string:3,attributes:3,179496:3,Vollsynthetisch | Leichtlaufmotoröl
Performance-Teil,3,performance teil,string:3,attributes:3,33612:1 39057:1 170141:1,Ja | Nein
Platzierung am Fahrzeug,3,platzierung am fahrzeug,string:3,attributes:3,238:1 33694:1 262204:1,"Außenspiegel | Panorama-Glasdach | Vorne, Hinten"
Rahmenmaterial,3,rahmenmaterial,null:2 string:1,attributes:3,85040:2 45246:1,Metall
Referenznummer OEM,3,referenznummer oem,string:3,attributes:3,33729:1 174030:1,"0402-01-9292922P, IC-C18996 | 893 498 099 MX | CRT 191 000S"
Referenznummer(n) OE,3,referenznummer n oe,string:3,attributes:3,33612:1 82103:1 262161:1,388-FDD527TL | Nicht vorhanden | CA03211Z-FC
Referenznummer(n) OEM,3,referenznummer n oem,string:3,attributes:3,174030:1 174087:1 180391:1,"F-5518867, F881997, 561367, 298199, BOGE 88-353-R, KYB SM1210, LEMFÖRDER 34683 01 | 03L115466, 1K0129620D, 1K1819653 | CRT 191 000S"
Rollentyp,3,rollentyp,string:3,attributes:3,,Doppelrollen | Spinner (360°)
Schuhgröße US,3,schuhgrosse us,string:3,attributes:3,3034:1 15709:1 45333:1,6.5 | 5.5 | 7.5
Schuhgröße_EU,3,schuhgrosse eu,string:3,attributes:3,15709:2 3034:1,42 2/3 | 40
Seitenanzahl,3,seitenanzahl,string:3,attributes:3,15480:1 163890:1 261186:1,208 | 283 | 32
Seitenleistung,3,seitenleistung,string:3,attributes:3,16191:2 1245:1,"ca. 6.500 Seiten | 550 | Schwarz: 120 Seiten, Farbe: 100 Seiten"
Sensor,3,sensor,string:3,attributes:3,183393:1,Bewegungsmelder | Dämmerungssensor | Nein
Set-Inhalt,3,set inhalt,string:3,attributes:3,157325:1 175736:1 181383:1,"2x Esslernset (je 1 Teller, Becher, Löffel, Gabel) | 4 Essteller, 4 Frühstücksteller, 4 Schalen, 4 Becher | 4x Φ13mm, 4x Φ9mm, 6x Φ8mm, 6x Φ7mm, 10x Φ5mm, 10x Φ3.5mm"
Sohlenart,3,sohlenart,string:3,attributes:3,13340:1 181136:1,Plateau | Spikeless | Sandplatz (Clay)
Speicherkapazität,3,speicherkapazitat,string:3,attributes:3,175669:1 175673:1,256 GB | 500 GB | 1 TB
Spezifikationen,3,spezifikationen,string:3,attributes:3,179496:3,"API SN Plus, JASO MA2 | ACEA C2/C3, API SP"
Temperaturregelung,3,temperaturregelung,string:3,attributes:3,185033:1,Einstellbar | Ja
Trocknergeeignet,3,trocknergeeignet,string:3,attributes:3,20460:1 66728:1,Nein | Ja
Tuning- & Styling-Teil,3,tuning styling teil,string:3,attributes:3,33697:1 39057:1 174030:1,Nein
US-Größe,3,us grosse,string:3,attributes:3,387:1 3034:1 15709:1,7 | 6
vendor_sku,3,vendor sku,string:3,attributes:3,3034:1 57990:1 261186:1,OM0028-502-L | SKU-8462375603 | SKU-9289261489
Verpackungseinheit,3,verpackungseinheit,string:3,attributes:3,16191:2 36624:1,1 Stück | Stück | 2er-Pack (Schwarz + Dreifarbig)
Wasserdichtigkeit,3,wasserdichtigkeit,string:3,attributes:3,11498:1 180916:1,IP68 | Wasserdicht | Ja
Wasserschutz,3,wasserschutz,string:3,attributes:3,11236:1 68814:1 177835:1,"wasserabweisend, nicht wasserdicht | Wetterfest, stark wasserabweisend | Wasserabweisend"
Wetterbeständigkeit,3,wetterbestandigkeit,string:3,attributes:3,,"Wind- und Wetterfest | Wetterfest | UV-beständig, Wasserabweisend"
Wirkung,3,wirkung,string:3,attributes:3,11863:1 177767:1,"Erfrischend, Glättend, Feuchtigkeitsspendend | Kollagen-Boost, Anti-Aging, Reduzierung von Pigmentflecken, Straffend, Feuchtigkeitsspendend | Regenerierend, Stärkend, Hydratisierend, Revitalisierend, Schützend"
WVA-Nummer,3,wva nummer,string:3,attributes:3,57357:3,20960 | 25029 | 25028
Zusatzfunktion,3,zusatzfunktion,string:3,attributes:3,262161:1,Gurttrenner | Bordsteinheber | Toter-Winkel-Assistent
9800_Farbe,2,9800 farbe,string:2,attributes:2,11484:1 103428:1,Rot | Transparent
9800_Herstellernummer,2,9800 herstellernummer,string:2,attributes:2,11484:1 103428:1,SKU-0280699295 | SKU-6614383452
Ablaufdatum,2,ablaufdatum,string:2,attributes:2,15052:1 177767:1,01.2027 | 2024-10-24
Ablaufgarnitur,2,ablaufgarnitur,string:2,attributes:2,,Zugstangen-Ablaufgarnitur | Mit Zugstange
Achse,2,achse,string:2,attributes:2,33564:1 170141:1,vorne | Vorderachse
Allgemeine Kategorie,2,allgemeine kategorie,string:2,attributes:2,3199:1 261425:1,Regale & Aufbewahrung | Auto & Motorrad: Teile > Autoteile & Zubehör > Motoren & Motorenteile
Anschluss,2,anschluss,string:2,attributes:2,23895:1 123417:1,USB
Antrieb,2,antrieb,string:2,attributes:2,4296:1 84237:1,1/2 Zoll | 1/4 Zoll Sechskant
Antriebsart,2,antriebsart,string:2,attributes:2,33612:1,Innenvielzahn | Benzin
Anzahl Anschlüsse,2,anzahl anschlusse,string:2,attributes:2,67276:1 182094:1,2
Anzahl der Ablagen,2,anzahl der ablagen,string:2,attributes:2,3199:1 138995:1,nicht angegeben | 2
Anzahl der Fächer,2,anzahl der facher,string:2,attributes:2,3199:1 101428:1,4 | 2
Anzahl der Farben,2,anzahl der farben,string:2,attributes:2,120:1 84904:1,14 | 10
Anzahl der Geschwindigkeiten,2,anzahl der geschwindigkeiten,string:2,attributes:2,20612:2,3
Anzahl der Griffe,2,anzahl der griffe,string:2,attributes:2,,Einhebel
Anzahl der Packungen,2,anzahl der packungen,string:2,attributes:2,16191:1 171961:1,1
Anzahl der Saiten,2,anzahl der saiten,string:2,attributes:2,22670:1 41431:1,6
Anzahl der Schubladen,2,anzahl der schubladen,null:1 string:1,attributes:2,127551:1 260625:1,4
Anzahl der Sitze,2,anzahl der sitze,null:2,attributes:2,85040:2,
Anzahl der Stifte,2,anzahl der stifte,string:2,attributes:2,25354:1 28108:1,250 | 24
Anzahl Funktionen,2,anzahl funktionen,string:2,attributes:2,,18 | 6-in-1
Anzahl Griffe,2,anzahl griffe,string:2,attributes:2,20601:1,1 | Einhebel
Anzahl Kanäle,2,anzahl kanale,string:2,attributes:2,14970:1 174119:1,4
Anzahl Kartenfächer,2,anzahl kartenfacher,string:2,attributes:2,2996:1 183465:1,378 | 12
Anzahl LEDs,2,anzahl leds,string:2,attributes:2,183391:1,142 | 7
Anzahl Matten,2,anzahl matten,string:2,attributes:2,33697:1,4
Anzahl Schubladen,2,anzahl schubladen,string:2,attributes:2,127551:1 260625:1,7 | 4
Anzahl Stufen,2,anzahl stufen,string:2,attributes:2,19456:1 259327:1,3
Anzahl Taschen,2,anzahl taschen,string:2,attributes:2,,6
Anzeige,2,anzeige,string:2,attributes:2,33557:1 180953:1,Beleuchtete Temperaturstufen | Digital
Anzugsdrehmoment,2,anzugsdrehmoment,string:2,attributes:2,19839:1 33665:1,60 Nm | 1.5 Nm
API Spezifikation,2,api spezifikation,string:2,attributes:2,179494:1,SN/CH-4 | GL4/5
Arbeitslänge,2,arbeitslange,string:2,attributes:2,50382:2,400 mm
Ausgangsleistung,2,ausgangsleistung,string:2,attributes:2,123417:1 174119:1,4 x 60 W | 15W
Ausgangsstrom,2,ausgangsstrom,string:2,attributes:2,47075:1,2.4A | 30mA
Ausladung,2,ausladung,string:2,attributes:2,,93 mm | 121 mm
Auslauf schwenkbar,2,auslauf schwenkbar,string:2,attributes:2,,Ja | Nein
Auslaufsicher,2,auslaufsicher,string:2,attributes:2,49782:1 101428:1,Ja
Ausschnittform,2,ausschnittform,string:2,attributes:2,,Rundhals
Außenmaß Breite,2,aussenmass breite,string:2,attributes:2,260627:1,180 mm | 700 mm
Außenmaterial,2,aussenmaterial,string:1 null:1,attributes:2,70911:1,Recyceltes Material
Auszugsart,2,auszugsart,string:2,attributes:2,134642:2,Vollauszug
Backofengeeignet,2,backofengeeignet,string:2,attributes:2,79656:1 109065:1,Ja
Basis,2,basis,string:2,attributes:2,85915:1,Monoethylenglykol | Mineralisch
Batteriespannung,2,batteriespannung,string:2,attributes:2,183391:1,3.2 V | 1.2 V
Baugruppe,2,baugruppe,string:2,attributes:2,33589:1 180031:1,Antrieb & Getriebe
Baujahre,2,baujahre,string:2,attributes:2,33564:1,2001-2006 | 1991-1999
Beininnenlänge,2,beininnenlange,string:2,attributes:2,,L32 | Standard
Beinverlauf,2,beinverlauf,string:2,attributes:2,,Schmal zulaufend | Tapered
Belüftung,2,beluftung,string:2,attributes:2,50457:1 177076:1,Ja | Effizient
Benötigte Batterien,2,benotigte batterien,string:2,attributes:2,3205:1 177008:1,Nein | 6x AAA Alkaline
Besondere Eigenschaft,2,besondere eigenschaft,string:2,attributes:2,,Anti-UV | Schmerzfreie Anwendung
Besonderheiten der Feder,2,besonderheiten der feder,null:2,attributes:2,13999:2,
Besonderheiten der Griffzone,2,besonderheiten der griffzone,null:2,attributes:2,13999:2,
Beständigkeit,2,bestandigkeit,string:2,attributes:2,33612:1 262128:1,"Hitze, Druck, Chemische Einflüsse, aggressive Medien | Extreme Temperaturen und Drücke"
Breite (cm),2,breite cm,string:2,attributes:2,,46.5 | 27
Breite [mm],2,breite mm,string:2,attributes:2,57357:1 170141:1,41 | 114.6
Bremsscheibendicke,2,bremsscheibendicke,string:2,attributes:2,33564:2,25 mm | 10.9 mm
Brennstoffart,2,brennstoffart,string:2,attributes:2,81464:1 151621:1,Holzkohle | Flüssiggas (Propan/Butan)
Buchreihe,2,buchreihe,string:2,attributes:2,163890:1 261186:1,Lola | Die Eiskönigin
Bügel,2,bugel,string:2,attributes:2,,Ohne Bügel
Dämpfungsgrad,2,dampfungsgrad,string:2,attributes:2,15709:1 158916:1,Mittel | Leicht
Darreichungsform,2,darreichungsform,string:2,attributes:2,,Salbe | Stift
Designer,2,designer,string:2,attributes:2,36025:1 262984:1,Chresten Sommer
Dimmbar,2,dimmbar,string:1 null:1,attributes:2,62471:1 183393:1,Nein
Display,2,display,string:2,attributes:2,20677:1 29523:1,Digital | Nein
Displaytyp,2,displaytyp,string:2,attributes:2,174119:1,Digital | HD Touchscreen
Drehzahlbereich,2,drehzahlbereich,string:2,attributes:2,36624:1 42284:1,6000-13000 U/min | Hoch
Druckermarke,2,druckermarke,string:2,attributes:2,11195:1 171961:1,Canon | Brother
Durchmessertoleranz,2,durchmessertoleranz,string:2,attributes:2,,±0.02 mm
E-Prüfzeichen,2,e prufzeichen,string:2,attributes:2,33564:1 57357:1,E1 90R-02C0115/0572 | E9 90R-01120/457
EAN/GTIN,2,ean gtin,string:2,attributes:2,133704:1 177835:1,4710069709269 | 622356240550
Edition,2,edition,string:2,attributes:2,19082:1 32525:1,Disney Edition | Day One Edition
Einbauart,2,einbauart,string:2,attributes:2,33614:1 44932:1,Direkteinbau | Einbaumodul
Einbaugröße,2,einbaugrosse,string:2,attributes:2,174119:2,1 DIN
Einbauseite,2,einbauseite,string:2,attributes:2,33564:1 170141:1,"Links, Rechts | Vorderachse"
Eingangsleistung,2,eingangsleistung,string:2,attributes:2,123417:1,12W | 18W
Eingangsstrom,2,eingangsstrom,string:2,attributes:2,123417:1,2A | 320mA
Einsatzzweck,2,einsatzzweck,string:2,attributes:2,178918:1,"Handgepäck | Camping, Outdoor, Angeln"
Empfohlene Drucktemperatur,2,empfohlene drucktemperatur,string:2,attributes:2,,205-215 °C
Empfohlener Raum,2,empfohlener raum,string:2,attributes:2,37644:1,"Schlafzimmer | Flur, Diele, Schlafzimmer"
Energieversorgung,2,energieversorgung,string:2,attributes:2,20612:1,Solarbetrieben | Netzbetrieb (Kabel)
EU-Bevollmächtigter,2,eu bevollmachtigter,string:2,attributes:2,15052:1 259321:1,"MDSS GmbH, Schiffgraben 41, 30175 Hannover, Germany | eVatmaster Consulting GmbH"
Faltbar,2,faltbar,string:2,attributes:2,18276:1 262204:1,Ja
Farbe (Farbe),2,farbe farbe,string:2,attributes:2,68814:1 162041:1,Schwarz | Weiß
Farbe Gestell,2,farbe gestell,string:2,attributes:2,,Schwarz
Fassung,2,fassung,string:2,attributes:2,3199:1,E14 | E27
Fassungsvermögen Becher,2,fassungsvermogen becher,string:2,attributes:2,133704:1 181383:1,250 ml | 700 ml
Filtertechnologie,2,filtertechnologie,string:2,attributes:2,54145:1 184665:1,"Quell ST | HEPA, Aktivkohle"
Franchise,2,franchise,string:2,attributes:2,163890:1 261068:1,Marvel | Disney Die Eiskönigin
Freigaben,2,freigaben,string:2,attributes:2,179496:2,"BMW Longlife-04, VW 504 00/507 00, MB 229.51, Porsche C30 | MB 229.51, MB 229.31, BMW Longlife-04, API SN, ACEA C3"
Füllfederhalter,2,fullfederhalter,null:2,attributes:2,13999:2,
Füllmaterial,2,fullmaterial,string:2,attributes:2,20445:1 66728:1,100% recycelte Polyester-Hohlfaser | Visco Gel Schaum
Füllstand,2,fullstand,string:2,attributes:2,16191:2,Voll
Füllung,2,fullung,string:2,attributes:2,66728:1,"80% Daunen, 20% Federn | Primaloft Bio High-Tech-Faser"
Für Waffentyp,2,fur waffentyp,string:2,attributes:2,20835:1 64637:1,Armbrust | Pistole
Geeignet für Fahrzeugtyp,2,geeignet fur fahrzeugtyp,string:2,attributes:2,174087:1 179466:1,"PKW | PKW, Motorrad, ATV, SUV"
Geeignete Materialien,2,geeignete materialien,string:2,attributes:2,84904:1 260176:1,"Stahl | Papier, Karton, Holz"
Geräuschpegel,2,gerauschpegel,string:2,attributes:2,69197:1,< 28 dB | Geräuscharm
Gesamthöhe,2,gesamthohe,string:1 null:1,attributes:2,62471:1,177 mm
Gesamtlänge,2,gesamtlange,string:2,attributes:2,50382:2,450 mm | 520 mm
Gesamtleistung,2,gesamtleistung,string:2,attributes:2,183391:1,160 W | 0.42 W
Geschwindigkeitsstufen,2,geschwindigkeitsstufen,string:2,attributes:2,20612:2,3
Getriebeart,2,getriebeart,string:2,attributes:2,179501:1 180407:1,"Doppelkupplungsgetriebe | Automatik, Schaltgetriebe"
Gewicht (ca.),2,gewicht ca,string:2,attributes:2,64637:1,20 kg | 477 g
Gewicht [kg],2,gewicht kg,string:2,attributes:2,57357:1 170141:1,1 | 2.47
GPSR_Manufacturer_name,2,gpsr manufacturer name,string:2,attributes:2,33564:1 45246:1,VIEROL AG | Hawkers
Grammatur,2,grammatur,null:1 string:1,attributes:2,20460:1 138910:1,170 g/m²
Größe (EU),2,grosse eu,string:2,attributes:2,15709:1,36 | 30
Größe Bettbezug,2,grosse bettbezug,string:2,attributes:2,37644:2,155 x 220 cm | 135 x 200 cm
Größe Kissenbezug,2,grosse kissenbezug,string:2,attributes:2,37644:2,80 x 80 cm
Größenkategorie,2,grossenkategorie,string:2,attributes:2,,Normalgröße
Hauptinhaltsstoffe,2,hauptinhaltsstoffe,string:2,attributes:2,11863:1,"Bienengift, Bienenwachs | Ceramide, Jojobaöl"
Herkunftsland,2,herkunftsland,string:2,attributes:2,45503:1 47931:1,Deutschland | Türkei
Hersteller (GPSR),2,hersteller gpsr,string:2,attributes:2,387:1 174030:1,Eurofirany | MAHLE
Hersteller Artikelnummer,2,hersteller artikelnummer,string:2,attributes:2,38204:1 259273:1,407569 | 195158 0 101
Herstellerfreigabe BMW,2,herstellerfreigabe bmw,string:2,attributes:2,,LL-98 | LL-12FE
Herstellerfreigabe Ford,2,herstellerfreigabe ford,string:2,attributes:2,,WSS-M2M2C913-B | WSS-M2C950-A
Herstellerfreigabe VW,2,herstellerfreigabe vw,string:2,attributes:2,,502 00/505 00 | 505.01
Herstellername,2,herstellername,string:2,attributes:2,20770:1 177832:1,SW-Stahl | TOPTREK
Höhe (cm),2,hohe cm,string:2,attributes:2,,10.5 | 66
Höhenverstellung,2,hohenverstellung,string:2,attributes:2,8012:1 20612:1,ca. 104–122 cm | ca. 27 - 41 cm
Impedanz,2,impedanz,string:2,attributes:2,119019:1,150 Ohm | 50 Ohm
Innenmaße,2,innenmasse,string:2,attributes:2,64637:1 183462:1,"67x73x96mm | 26,5 x 17,8 - 21,5 x 6 cm"
Installationsbereich,2,installationsbereich,string:2,attributes:2,20697:1 183393:1,Außenbereich | Innenbereich
Interne Produkt-ID,2,interne produkt id,string:2,attributes:2,33665:1 58100:1,4041248450864 | YY-4RPW-M2TR
Item_Specific_Anzahl_der_Teile,2,item specific anzahl der teile,string:2,attributes:2,87141:1 109065:1,5 | 1
item_specific_Besonderheiten,2,item specific besonderheiten,string:2,attributes:2,20696:1 65643:1,Spülmaschinenfest | 2in1 Funktion
item_specific_Marke,2,item specific marke,string:2,attributes:2,65643:1 260457:1,Siemens | FIREFIX
item_specific_Material,2,item specific material,string:2,attributes:2,20696:1 260457:1,Glas | Stahl
Kältemittel,2,kaltemittel,string:2,attributes:2,,R600a
Kapuze,2,kapuze,string:2,attributes:2,1059:1,"Abnehmbar, Verstellbar | Ja"
Klingenart,2,klingenart,string:2,attributes:2,47931:1 177005:1,Wellenschliff | Doppelklinge
Klingenlänge,2,klingenlange,string:2,attributes:2,177005:2,130 mm | 17 cm
Knickschutz,2,knickschutz,string:2,attributes:2,,Ja
Kompatible Herdarten,2,kompatible herdarten,string:2,attributes:2,109065:1 259322:1,"Gas, Elektro, Induktion, Grill, Backofen | Induktion, Gas, Elektro, Glaskeramik"
Konstruktion,2,konstruktion,string:2,attributes:2,49782:1 177005:1,Robust | Half-tang mit Kropf
Korrosionsschutz,2,korrosionsschutz,string:2,attributes:2,263094:1,Ja
Kühltechnologie,2,kuhltechnologie,string:2,attributes:2,,Kompressor
Länge (cm),2,lange cm,string:2,attributes:2,,50.5 | 44
Laufradgröße,2,laufradgrosse,null:2,attributes:2,85040:2,
Lebensdauer,2,lebensdauer,string:2,attributes:2,20697:1 50382:1,"Bis zu 1,5x länger als SDS max-2 | 50000 h"
Leibhöhe,2,leibhohe,string:2,attributes:2,,normal | Normal
Lesegeschwindigkeit,2,lesegeschwindigkeit,string:2,attributes:2,175669:1,2100 MB/s | 560 MB/s
Lochzahl,2,lochzahl,string:2,attributes:2,33564:1 33612:1,5 | 2
Maße (L x B x H),2,masse l x b x h,string:2,attributes:2,14070:1 30255:1,212 x 60 x 35 cm | 41 x 22 x 10 cm
Material (Material),2,material material,string:2,attributes:2,68814:1 162041:1,Polyester | 100% Polyester
Material Füllung,2,material fullung,string:2,attributes:2,,100% Polyester | Polyurethan-Schaum
Material Griff,2,material griff,string:2,attributes:2,3244:1 177005:1,2K-Kunststoff | Pakkawood
Materialeigenschaften,2,materialeigenschaften,string:2,attributes:2,33694:1,"Strapazierfähig | Stoßfest, Kratzfest"
Materialien,2,materialien,string:2,attributes:2,238:1 1188:1,"Sanguine, Sepia, Kohle, Weißkreide | Holz, Papier, Stoff, Metall"
Matratzentyp,2,matratzentyp,string:2,attributes:2,37644:1,Tonnentaschen-Federkern | Boxspringbett
Max. Schirmdurchmesser,2,max schirmdurchmesser,string:2,attributes:2,261011:2,400 cm | 300 cm
Maximale Griffhöhe,2,maximale griffhohe,string:2,attributes:2,,105 cm | 910 mm
Maximale Kapazität,2,maximale kapazitat,null:2,attributes:2,85040:2,
Maximale Leistung,2,maximale leistung,string:2,attributes:2,3199:1 259273:1,3680 | 11 W
Maximale Traglast,2,maximale traglast,string:2,attributes:2,18276:1 19456:1,5000 kg | 100 kg
Maximales Körpergewicht,2,maximales korpergewicht,string:2,attributes:2,2988:1,11 kg | 15 kg
Menge pro Packung,2,menge pro packung,string:2,attributes:2,33564:1 33661:1,1 Stück | 1
Messbereich,2,messbereich,string:2,attributes:2,15052:1 29525:1,0-150 mm | mg/dL
Mindestalter,2,mindestalter,string:2,attributes:2,13386:1,7 Jahre | Ab 3 Jahren
Mindestdicke,2,mindestdicke,string:2,attributes:2,33564:2,26 mm | 23 mm
Mindesthaltbarkeitsdatum,2,mindesthaltbarkeitsdatum,string:2,attributes:2,11778:1,2026-12 | 2026-08-31
Mit/Ohne Beutel,2,mit ohne beutel,string:2,attributes:2,2662:1 166779:1,Beutellos
Mobilität,2,mobilitat,string:2,attributes:2,,Tragbar | Rollbar
Modelljahr,2,modelljahr,string:2,attributes:2,262161:1,2022 | ab 2013
Modelljahre,2,modelljahre,string:2,attributes:2,33564:1 33694:1,2014-2021 | 1991-1999
Montagematerial enthalten,2,montagematerial enthalten,string:2,attributes:2,174030:1,Ja | Nein
Montageposition,2,montageposition,string:2,attributes:2,108782:1 263094:1,Außenspiegel | Lüftung
Motiv,2,motiv,null:1 string:1,attributes:2,138910:1 262984:1,Rehkitz
Motorleistung,2,motorleistung,string:2,attributes:2,18276:1 178934:1,275 PS | 350 W
MP3-Wiedergabe,2,mp3 wiedergabe,string:2,attributes:2,174119:2,Ja
Nachhaltigkeitszertifikat,2,nachhaltigkeitszertifikat,string:2,attributes:2,87122:1 181379:1,bluesign PRODUCT | bluesign Produkt
Nennweite,2,nennweite,string:2,attributes:2,259858:1,DN 15 | DN 50
Normen,2,normen,string:2,attributes:2,260176:1,"AWS A5.1 E6013, EN ISO 2560-A E 420 RC11 | ASTM USA D3306/D4656, SAE J1034, BS 6580:2010, VW TL 774-J/G, MB 325.5/325.6, MAN 324 SNF, SCANIA, DAF, LIEBHERR Minimum LH-01-COLLA, UNE 26-361-88/1"
Oberflächenbehandlung,2,oberflachenbehandlung,string:2,attributes:2,179514:1,"Lackiert, Verzinkt, Spezialbeschichtet | Geölt"
OEM Referenznummer,2,oem referenznummer,string:2,attributes:2,180031:1 262161:1,83025R | 388-FDD527TL
Öffnungsmechanismus,2,offnungsmechanismus,string:2,attributes:2,46036:1,Einhandöffnung | Automatik
Oszillation,2,oszillation,string:2,attributes:2,20612:2,Ja
Passend für Fahrzeug,2,passend fur fahrzeug,string:2,attributes:2,180391:1,"Ford Fiesta V, Ford Fusion, Mazda 2 | BMW F650"
Personenanzahl,2,personenanzahl,string:2,attributes:2,20625:1 181383:1,4 | 6
Personenkapazität,2,personenkapazitat,string:2,attributes:2,36114:1 87141:1,2 Personen | 2-4
Position,2,position,null:1 string:1,attributes:2,177833:1 180916:1,Vordersitze
Produkt-SKU,2,produkt sku,string:2,attributes:2,20696:1 65643:1,SKU-4304000683 | SKU-5701110636
Produktname,2,produktname,string:2,attributes:2,185033:1 260931:1,"Ninja Foodi MAX Dual Zone Heißluftfritteuse 9,5 L AF451EU | Ninja Plancha-Grillplatte XL – schonendes Garen empfindlicher Speisen"
PZN,2,pzn,string:2,attributes:2,11863:1,18747739 | 18495309
Reichweite,2,reichweite,string:2,attributes:2,2662:1 11195:1,bis zu 300 m² | 10000 Seiten
Rollen,2,rollen,string:2,attributes:2,138995:1,Ja | Gummirollen
Rollenanzahl,2,rollenanzahl,string:2,attributes:2,,4 | 8
Saugkraft,2,saugkraft,string:2,attributes:2,2662:1 20614:1,13 kPa | 4000 Pa
Saugleistung,2,saugleistung,string:2,attributes:2,2662:1,11 kPa | 6000 Pa
Schlüsselweite,2,schlusselweite,string:2,attributes:2,20770:1 63276:1,38 mm | 22mm
Schreibgeschwindigkeit,2,schreibgeschwindigkeit,string:2,attributes:2,175669:1,1100 MB/s | 530 MB/s
Schrittlänge,2,schrittlange,string:2,attributes:2,,32 | L34
Schuhgröße (CM),2,schuhgrosse cm,string:2,attributes:2,15709:1 181136:1,27 | 26
Schuhgröße (EU),2,schuhgrosse eu,string:2,attributes:2,15709:1 181136:1,40 | 41
Schuhgröße (US),2,schuhgrosse us,string:2,attributes:2,15709:1 181136:1,10 | 8
Schuhhöhe,2,schuhhohe,string:2,attributes:2,3034:1 15709:1,Low-Cut | Niedrig
Schuhspitze,2,schuhspitze,string:2,attributes:2,15709:1 16061:1,Rund
Schulbedarf,2,schulbedarf,null:2,attributes:2,62559:2,
Set_enthält,2,set enthalt,string:2,attributes:2,177846:2,"Innensechskantschlüssel, Torx-Schlüssel | Bits, Ratsche, Etui"
Set-Größe,2,set grosse,string:2,attributes:2,238:1 20696:1,1 | 2 Stück
Setnummer,2,setnummer,string:2,attributes:2,23609:1,31058 | 10965
Sicherheit,2,sicherheit,string:2,attributes:2,11236:1 36440:1,Hohes Maß | Zahlenschloss
Sicherheitshinweis,2,sicherheitshinweis,string:2,attributes:2,1188:1,Von Hitze fernhalten | Erstickungsgefahr durch Kleinteile. Nicht für Kinder unter 3 Jahren geeignet.
Sicherheitszertifizierung,2,sicherheitszertifizierung,string:2,attributes:2,20660:1 58100:1,EN71 | ART-zertifiziert
Sichtfeld,2,sichtfeld,string:2,attributes:2,263094:1,Vibrationsfrei | Unbeeinträchtigt
Sohle,2,sohle,string:2,attributes:2,11498:1 15709:1,"Gummi | Gummi, Synthetik"
Speichertyp,2,speichertyp,string:2,attributes:2,1244:1 170083:1,DDR4 SDRAM | DDR5
Spiel,2,spiel,string:2,attributes:2,183457:1 183465:1,Pokémon Sammelkartenspiel | Magic: The Gathering
Spieleranzahl,2,spieleranzahl,string:2,attributes:2,19082:1,2-8 Spieler | 2 oder mehr
Sport,2,sport,string:2,attributes:2,2024:1 158916:1,Fußball | Laufen
Spülmaschinenfestigkeit,2,spulmaschinenfestigkeit,string:2,attributes:2,259321:1,Ja
Stilnummer,2,stilnummer,string:2,attributes:2,,21301225ME | PTR2408602-6416
Stilrichtung,2,stilrichtung,string:2,attributes:2,37644:1,Modern | Casual
Strahlart,2,strahlart,string:2,attributes:2,,Normalstrahl | AirPower
Style-Code,2,style code,string:2,attributes:2,15709:1 95672:1,32946243-004 | PLS31463 099
Taschenart,2,taschenart,string:2,attributes:2,,Cargotaschen
Taschenstil,2,taschenstil,string:2,attributes:2,,5-Pocket | Cargotaschen
Timerfunktion,2,timerfunktion,string:2,attributes:2,184665:1 185033:1,Ja
Tragkraft,2,tragkraft,string:2,attributes:2,85040:1,130 kg | 2 t
TRIM-Unterstützung,2,trim unterstutzung,string:2,attributes:2,,Ja
TSA-Schloss,2,tsa schloss,string:2,attributes:2,,Ja
UK Schuhgröße,2,uk schuhgrosse,string:2,attributes:2,15709:1 158916:1,12
UK-Größe,2,uk grosse,string:2,attributes:2,387:1 15709:1,6.5 | 5.5
Ungiftig,2,ungiftig,string:2,attributes:2,28107:1,Ja
Ursprungsland,2,ursprungsland,string:2,attributes:2,33661:1,Deutschland | USA
US Größe,2,us grosse,string:2,attributes:2,,40 | 4T
US Schuhgröße,2,us schuhgrosse,string:2,attributes:2,15709:1 158916:1,12 1/2 | 13
Ventilart,2,ventilart,string:2,attributes:2,,Keramikventil 90° | Thermostatisch
Verpackungsmaße,2,verpackungsmasse,string:2,attributes:2,,34 x 34 x 57 cm | 73x11x55 cm
Verpackungsmaße (L x B x H),2,verpackungsmasse l x b x h,string:2,attributes:2,2988:1,57 x 34 x 34 cm | 121 x 20.5 x 14.5 cm
Verpackungsmaterial,2,verpackungsmaterial,string:2,attributes:2,36440:1 177846:1,"50% recycelt | Karton (C/PAP), Polypropylen (PP), Polyvinylchlorid (PVC)"
Waschtemperatur,2,waschtemperatur,string:2,attributes:2,20460:1,30°C | 60 °C
Wassersparfunktion,2,wassersparfunktion,string:2,attributes:2,,Ja | EcoSmart
Wassertankkapazität,2,wassertankkapazitat,string:2,attributes:2,69197:1 184665:1,2.5 L | 1.1 L
Weite,2,weite,string:2,attributes:2,11504:1,18 cm | Normal
Widerstandsfähigkeit,2,widerstandsfahigkeit,string:2,attributes:2,180407:1,Ganzjährig einsetzbar | Extrem belastbar
Zehenform,2,zehenform,string:2,attributes:2,3034:1 95672:1,Rund
Zertifikate,2,zertifikate,string:2,attributes:2,37644:2,"OEKO-TEX Standard 100, BCI Better Cotton | OEKO-TEX STANDARD 100"
- Ausgabe,1,ausgabe,string:1,attributes:1,9047:1,Signierte Limitierte Ausgabe
- Genre,1,genre,string:1,attributes:1,9047:1,Biografien & Politische Werke
- Zielgruppe,1,zielgruppe,string:1,attributes:1,9047:1,Erwachsene
- Zustand,1,zustand,string:1,attributes:1,9047:1,Neuware
| EAN,1,ean,string:1,attributes:1,260931:1,0622356278348
| Farbe,1,farbe,string:1,attributes:1,260931:1,Schwarz
| Form,1,form,string:1,attributes:1,260931:1,Rechteckig
| Geeignet für,1,geeignet fur,string:1,attributes:1,260931:1,Ninja Woodfire Grills
| Herstellernummer,1,herstellernummer,string:1,attributes:1,260931:1,XSKOGXLFPLTEU
| Kategorie,1,kategorie,string:1,attributes:1,260931:1,"Haus & Garten > Grills, Heizstrahler & Outdoor-Küchen > Grillzubehör > Grillplatten & -roste"
| Marke,1,marke,string:1,attributes:1,260931:1,Ninja
| Material,1,material,string:1,attributes:1,260931:1,Metall
| Oberflächenbeschichtung,1,oberflachenbeschichtung,string:1,attributes:1,260931:1,Antihaft
| Produktart,1,produktart,string:1,attributes:1,260931:1,Plancha-Grillplatte
9800 Farbe,1,9800 farbe,string:1,attributes:1,3199:1,Weiß
9800 Marke,1,9800 marke,string:1,attributes:1,3199:1,IKEA
9800 Produkttyp,1,9800 produkttyp,string:1,attributes:1,3199:1,Pendelleuchte
9800_Marke,1,9800 marke,string:1,attributes:1,11484:1,H&M
9800_Modell,1,9800 modell,string:1,attributes:1,103428:1,Swing
ABE vorhanden,1,abe vorhanden,string:1,attributes:1,178934:1,Ja
Ablagen,1,ablagen,string:1,attributes:1,,Ja
Ablaufgarnitur_Anschluss,1,ablaufgarnitur anschluss,string:1,attributes:1,260627:1,1 1/2 Zoll
Ablesung,1,ablesung,string:1,attributes:1,29525:1,Nonius
Abmessung,1,abmessung,null:1,attributes:1,9606:1,
Abmessungen (BxHxT),1,abmessungen bxhxt,string:1,attributes:1,,44 x 66 x 26.5 cm
Abmessungen (H x B x T),1,abmessungen h x b x t,string:1,attributes:1,68814:1,ca. 45 x 30 x 11–15 cm (Rolltop variabel)
Abmessungen (H/B/T),1,abmessungen h b t,string:1,attributes:1,29518:1,"ca. 3x32x7,5 cm"
Abmessungen (HxBxT),1,abmessungen hxbxt,string:1,attributes:1,133704:1,"ca. 44,5 x 19 x 25 cm"
Abmessungen (LxBxH),1,abmessungen lxbxh,string:1,attributes:1,47075:1,78.8 x 25.3 x 33 mm
Abmessungen (montiert),1,abmessungen montiert,string:1,attributes:1,1188:1,203 x 110 x 241 mm
Abmessungen Auflage (LxB),1,abmessungen auflage lxb,string:1,attributes:1,,40 x 73 cm
Absaugstation Details,1,absaugstation details,string:1,attributes:1,2662:1,"Beutellos, Multi-Zyklon"
Abschaltautomatik,1,abschaltautomatik,string:1,attributes:1,180953:1,Ja
Abschließbar,1,abschliessbar,null:1,attributes:1,127551:1,
Abtriebsform,1,abtriebsform,string:1,attributes:1,84237:1,Vielzahn (XZN)
ACEA Spezifikation,1,acea spezifikation,string:1,attributes:1,,A3/B4
Aerodynamik,1,aerodynamik,string:1,attributes:1,177076:1,Optimiert
Akku-Kapazität,1,akku kapazitat,string:1,attributes:1,29518:1,2.5 Ah
Akkulaufzeit,1,akkulaufzeit,string:1,attributes:1,166779:1,35 min
Akkuspannung,1,akkuspannung,string:1,attributes:1,18276:1,36 V
Akkutyp,1,akkutyp,string:1,attributes:1,2662:1,Lithium-Ionen
Aktenschränke,1,aktenschranke,null:1,attributes:1,127551:1,
Akzentfarben,1,akzentfarben,string:1,attributes:1,95672:1,"Gold, Rosa, Weiß"
Alkoholgehalt,1,alkoholgehalt,string:1,attributes:1,29585:1,78% vol.
Allergiker geeignet,1,allergiker geeignet,string:1,attributes:1,,Ja
Allergikerfreundlich,1,allergikerfreundlich,string:1,attributes:1,,Ja
Allergikergeeignet,1,allergikergeeignet,string:1,attributes:1,,Ja
Allgemeine Betriebserlaubnis (ABE),1,allgemeine betriebserlaubnis abe,string:1,attributes:1,,Ja
Altergruppe,1,altergruppe,string:1,attributes:1,28829:1,Erwachsene
Ameisensäure aus Calciumformiat,1,ameisensaure aus calciumformiat,string:1,attributes:1,180501:1,495.00 mg/kg
Anlass (Anlass),1,anlass anlass,string:1,attributes:1,68814:1,"Alltag, Freizeit, Reisen, Studium, Arbeit"
Anleitung,1,anleitung,string:1,attributes:1,156105:1,Ja (Online)
Anpassbarkeit,1,anpassbarkeit,string:1,attributes:1,20445:1,Individuell anpassbar
Anpassung Hüftgurt,1,anpassung huftgurt,string:1,attributes:1,87122:1,Fit-on-the-Fly
Anpassung Schultergurte,1,anpassung schultergurte,string:1,attributes:1,87122:1,Ja
Anschluss-Typ,1,anschluss typ,string:1,attributes:1,119019:1,XLR
Anschlussabstand,1,anschlussabstand,string:1,attributes:1,,150 mm
Anschlussdurchmesser Verbinder,1,anschlussdurchmesser verbinder,string:1,attributes:1,260307:1,20 mm
Anschlusskabel,1,anschlusskabel,string:1,attributes:1,174119:1,Ja
Antihaftbeschichtung,1,antihaftbeschichtung,string:1,attributes:1,259321:1,Ja
Antiquarisch,1,antiquarisch,string:1,attributes:1,163890:1,Nein
Antriebsgröße,1,antriebsgrosse,string:1,attributes:1,63276:1,"3/8 Zoll, 1/2 Zoll"
Anwendungsgebiet,1,anwendungsgebiet,string:1,attributes:1,,Steuerzeiten-Einstellung
Anwendungshäufigkeit,1,anwendungshaufigkeit,string:1,attributes:1,,"Täglich, Regelmäßig"
Anzahl Anschlussbolzen gesamt,1,anzahl anschlussbolzen gesamt,string:1,attributes:1,260835:1,20
Anzahl Anwendungen,1,anzahl anwendungen,string:1,attributes:1,179448:1,20
Anzahl Außentaschen,1,anzahl aussentaschen,string:1,attributes:1,,2
Anzahl Bauoptionen,1,anzahl bauoptionen,string:1,attributes:1,,3
Anzahl Befestigungselemente,1,anzahl befestigungselemente,string:1,attributes:1,,4
Anzahl Besteckteile,1,anzahl besteckteile,string:1,attributes:1,101428:1,4
Anzahl Bits,1,anzahl bits,string:1,attributes:1,177846:1,10
Anzahl Boosterpacks,1,anzahl boosterpacks,string:1,attributes:1,183465:1,5
Anzahl der Anschluss-Pins,1,anzahl der anschluss pins,string:1,attributes:1,,5
Anzahl der Anschlüsse,1,anzahl der anschlusse,string:1,attributes:1,47075:1,2
Anzahl der Arme,1,anzahl der arme,string:1,attributes:1,,3
Anzahl der Artikel,1,anzahl der artikel,string:1,attributes:1,174030:1,1
Anzahl der Bänder,1,anzahl der bander,string:1,attributes:1,,3
Anzahl der Becken,1,anzahl der becken,string:1,attributes:1,260627:1,1
Anzahl der Brenner,1,anzahl der brenner,string:1,attributes:1,151621:1,3
Anzahl der Dichtungen,1,anzahl der dichtungen,string:1,attributes:1,33612:1,1
Anzahl der Einstellungen/Programme,1,anzahl der einstellungen programme,string:1,attributes:1,185033:1,6
Anzahl der Fahrräder,1,anzahl der fahrrader,null:1,attributes:1,158997:1,
Anzahl der Fenster,1,anzahl der fenster,string:1,attributes:1,,5
Anzahl der Flammen,1,anzahl der flammen,string:1,attributes:1,,1
Anzahl der Flaschen,1,anzahl der flaschen,string:1,attributes:1,25845:1,1
Anzahl der Funktionen,1,anzahl der funktionen,string:1,attributes:1,,6
Anzahl der Gänge,1,anzahl der gange,string:1,attributes:1,3247:1,1
Anzahl der Geschwindigkeitsstufen,1,anzahl der geschwindigkeitsstufen,string:1,attributes:1,20612:1,3
Anzahl der Karten,1,anzahl der karten,string:1,attributes:1,183457:1,100
Anzahl der Kerben,1,anzahl der kerben,string:1,attributes:1,33665:1,1
Anzahl der Komponenten,1,anzahl der komponenten,string:1,attributes:1,,1
Anzahl der Körbe,1,anzahl der korbe,string:1,attributes:1,185033:1,2
Anzahl der Leuchtmittel,1,anzahl der leuchtmittel,string:1,attributes:1,62471:1,5
Anzahl der Module,1,anzahl der module,string:1,attributes:1,170083:1,1
Anzahl der Patronen,1,anzahl der patronen,string:1,attributes:1,11195:1,1
Anzahl der Rollen,1,anzahl der rollen,string:1,attributes:1,19265:1,5
Anzahl der Schneiden,1,anzahl der schneiden,string:1,attributes:1,50382:1,4
Anzahl der Steckdosen,1,anzahl der steckdosen,string:1,attributes:1,259273:1,8
Anzahl der Temperaturstufen,1,anzahl der temperaturstufen,string:1,attributes:1,180953:1,3
Anzahl der Treibglieder,1,anzahl der treibglieder,string:1,attributes:1,261012:1,74
Anzahl der Türen,1,anzahl der turen,null:1,attributes:1,127551:1,
Anzahl Düsen,1,anzahl dusen,string:1,attributes:1,,2
Anzahl Einlegeböden,1,anzahl einlegeboden,null:1,attributes:1,127551:1,
Anzahl Einzelteile,1,anzahl einzelteile,string:1,attributes:1,28113:1,3
Anzahl Fächer,1,anzahl facher,string:1,attributes:1,176988:1,3
Anzahl Farben,1,anzahl farben,string:1,attributes:1,120:1,24
Anzahl Gabelpaare,1,anzahl gabelpaare,string:1,attributes:1,179514:1,3
Anzahl Geschwindigkeiten,1,anzahl geschwindigkeiten,string:1,attributes:1,20612:1,3
Anzahl Geschwindigkeitsstufen,1,anzahl geschwindigkeitsstufen,string:1,attributes:1,42284:1,6
Anzahl Gläser,1,anzahl glaser,string:1,attributes:1,,2
Anzahl Gläser groß,1,anzahl glaser gross,string:1,attributes:1,,6
Anzahl Gläser klein,1,anzahl glaser klein,string:1,attributes:1,,6
Anzahl Gläser mit Glasdeckel,1,anzahl glaser mit glasdeckel,string:1,attributes:1,,2
Anzahl Hahnlöcher,1,anzahl hahnlocher,string:1,attributes:1,30255:1,1
Anzahl Haken,1,anzahl haken,string:1,attributes:1,,5
Anzahl Holzzylinder,1,anzahl holzzylinder,string:1,attributes:1,,12
Anzahl Intensitätsstufen,1,anzahl intensitatsstufen,string:1,attributes:1,,3
Anzahl Karaffen,1,anzahl karaffen,string:1,attributes:1,,1
Anzahl Karten,1,anzahl karten,string:1,attributes:1,138910:1,10
Anzahl Klingen,1,anzahl klingen,string:1,attributes:1,47931:1,3
Anzahl Klingen gesamt,1,anzahl klingen gesamt,string:1,attributes:1,3244:1,"7 (1 im Schaber, 6 Ersatzklingen)"
Anzahl Kochfunktionen,1,anzahl kochfunktionen,string:1,attributes:1,185033:1,6
Anzahl Kräuterextrakte,1,anzahl krauterextrakte,string:1,attributes:1,,8
Anzahl Kühlzonen,1,anzahl kuhlzonen,string:1,attributes:1,,2
Anzahl LammwollPad,1,anzahl lammwollpad,string:1,attributes:1,179448:1,1
Anzahl Latten,1,anzahl latten,string:1,attributes:1,,23
Anzahl Leuchtmodi,1,anzahl leuchtmodi,string:1,attributes:1,22689:1,5
Anzahl Liegezonen,1,anzahl liegezonen,string:1,attributes:1,,7
Anzahl M10 Anschlussbolzen,1,anzahl m10 anschlussbolzen,string:1,attributes:1,260835:1,4
Anzahl M10 Terminal Studs,1,anzahl m10 terminal studs,string:1,attributes:1,260835:1,4
Anzahl M4 Anschlussbolzen,1,anzahl m4 anschlussbolzen,string:1,attributes:1,260835:1,6
Anzahl M4 Schraubklemmen,1,anzahl m4 schraubklemmen,string:1,attributes:1,260835:1,6
Anzahl M5 Anschlussbolzen,1,anzahl m5 anschlussbolzen,string:1,attributes:1,260835:1,6
Anzahl M5 Schrauben,1,anzahl m5 schrauben,string:1,attributes:1,260835:1,6
Anzahl M8 Anschlussbolzen,1,anzahl m8 anschlussbolzen,string:1,attributes:1,260835:1,4
Anzahl Motive,1,anzahl motive,string:1,attributes:1,138910:1,5
Anzahl Netzfenster,1,anzahl netzfenster,string:1,attributes:1,,5
Anzahl Nivellier-Stufen,1,anzahl nivellier stufen,string:1,attributes:1,19456:1,3
Anzahl Noten,1,anzahl noten,string:1,attributes:1,181236:1,9
Anzahl Öffnungen,1,anzahl offnungen,string:1,attributes:1,,3
Anzahl P-Ball,1,anzahl p ball,string:1,attributes:1,179448:1,1
Anzahl Packungen,1,anzahl packungen,string:1,attributes:1,16191:1,1
Anzahl Pinsel,1,anzahl pinsel,string:1,attributes:1,84904:1,6
Anzahl Platten,1,anzahl platten,string:1,attributes:1,156105:1,18
Anzahl PolierVlies Tücher,1,anzahl poliervlies tucher,string:1,attributes:1,179448:1,15
Anzahl pro Set,1,anzahl pro set,string:1,attributes:1,25354:1,12
Anzahl pro Verpackungseinheit,1,anzahl pro verpackungseinheit,string:1,attributes:1,33564:1,1 Stück
Anzahl Reifenheber,1,anzahl reifenheber,string:1,attributes:1,,2
Anzahl Saucenbehälter,1,anzahl saucenbehalter,string:1,attributes:1,101428:1,1
Anzahl Scheinfächer,1,anzahl scheinfacher,string:1,attributes:1,2996:1,2
Anzahl Schichten,1,anzahl schichten,string:1,attributes:1,50457:1,4
Anzahl Schleifpad,1,anzahl schleifpad,string:1,attributes:1,179448:1,2
Anzahl Schrauben,1,anzahl schrauben,string:1,attributes:1,33612:1,10
Anzahl Schubladenteiler,1,anzahl schubladenteiler,string:1,attributes:1,,4
Anzahl Seiten,1,anzahl seiten,string:1,attributes:1,183465:1,21
Anzahl Sets,1,anzahl sets,string:1,attributes:1,84904:1,1
Anzahl Sitzstangen,1,anzahl sitzstangen,string:1,attributes:1,,8
Anzahl Steckdosen,1,anzahl steckdosen,string:1,attributes:1,259273:1,8
Anzahl Stifte,1,anzahl stifte,string:1,attributes:1,28113:1,10
Anzahl Trennelemente,1,anzahl trennelemente,string:1,attributes:1,,4
Anzahl Trennwände,1,anzahl trennwande,string:1,attributes:1,101428:1,2
Anzahl Türen,1,anzahl turen,string:1,attributes:1,,2
Anzahl Verbraucher,1,anzahl verbraucher,string:1,attributes:1,,1
Anzahl Vibrationsmodi,1,anzahl vibrationsmodi,string:1,attributes:1,,3
Anzahl Wasserhahnlöcher,1,anzahl wasserhahnlocher,string:1,attributes:1,29508:1,1
Anzahl Westen,1,anzahl westen,string:1,attributes:1,109677:1,5
Anzahl Westen Erwachsene,1,anzahl westen erwachsene,string:1,attributes:1,109677:1,4
Anzahl Westen Kinder,1,anzahl westen kinder,string:1,attributes:1,109677:1,1
Anzahl Wurfholz,1,anzahl wurfholz,string:1,attributes:1,,1
Anzahl Zahlenschloss-Stellen,1,anzahl zahlenschloss stellen,string:1,attributes:1,,3
Anzahl Zähne,1,anzahl zahne,string:1,attributes:1,177699:1,11
Anzahl Zonen,1,anzahl zonen,string:1,attributes:1,,7
Anzahl_der_Einheiten,1,anzahl der einheiten,string:1,attributes:1,47931:1,5000
Anzahl_der_Räder,1,anzahl der rader,string:1,attributes:1,11331:1,2
Anzahl_pro_Packung,1,anzahl pro packung,string:1,attributes:1,180981:1,10
Anzahl_Taschen,1,anzahl taschen,string:1,attributes:1,,3
Anzugswinkel,1,anzugswinkel,string:1,attributes:1,33665:1,90°
Arbeitsspeicher,1,arbeitsspeicher,string:1,attributes:1,8012:1,8 GB
Arbeitsspeicher-Takt,1,arbeitsspeicher takt,string:1,attributes:1,1244:1,bis 6400+ MHz (OC)
Armaturtyp,1,armaturtyp,string:1,attributes:1,20601:1,Einhebelmischer
Armbandfarbe,1,armbandfarbe,string:1,attributes:1,,Coral
Armbandgröße,1,armbandgrosse,string:1,attributes:1,,"S, L"
Ärmel,1,armel,string:1,attributes:1,,Langarm
Ärmelbündchen,1,armelbundchen,string:1,attributes:1,,Elastisch
Ärmelfutter,1,armelfutter,string:1,attributes:1,,"Polyester 36%, Viskose 64%"
Ärmellänge (Gr. 36),1,armellange gr 36,string:1,attributes:1,,62 cm
Ärmeltyp,1,armeltyp,string:1,attributes:1,,Ärmellos
Art der Grillfläche,1,art der grillflache,string:1,attributes:1,151621:1,Plancha
Art der Messung,1,art der messung,null:1,attributes:1,15277:1,
Art der Montage,1,art der montage,string:1,attributes:1,15456:1,Steck- und Schraubverbindungen
Art Der Verpackung,1,art der verpackung,string:1,attributes:1,28108:1,Kartonbox
Art des Gepäcks,1,art des gepacks,string:1,attributes:1,,Koffer
Artikelbreite,1,artikelbreite,string:1,attributes:1,175757:1,90 cm
Artikelcode (Hersteller),1,artikelcode hersteller,string:1,attributes:1,158928:1,LU9AVOS BLK
Artikellänge,1,artikellange,string:1,attributes:1,175757:1,200 cm
Artikelnummer (MPN),1,artikelnummer mpn,string:1,attributes:1,32525:1,HAC-P-A8SDC
Artikelnummer (SKU),1,artikelnummer sku,string:1,attributes:1,37644:1,4100006236
Artikelnummer Hersteller,1,artikelnummer hersteller,string:1,attributes:1,15709:1,JS0254
Ascheauffangbehälter,1,ascheauffangbehalter,string:1,attributes:1,,Ja
ASIN,1,asin,string:1,attributes:1,20445:1,B0CDXML67F
ATE Artikelnummer,1,ate artikelnummer,string:1,attributes:1,177806:1,602880
Atmungsaktivität,1,atmungsaktivitat,string:1,attributes:1,,10000 g/m²/24h
ATX-Version,1,atx version,string:1,attributes:1,8012:1,ATX 3.1
Audio-Ausgabe,1,audio ausgabe,string:1,attributes:1,122188:1,FM Transmitter
Audio-Technologie,1,audio technologie,string:1,attributes:1,174119:1,"DSP, RDS"
Audiofunktion,1,audiofunktion,string:1,attributes:1,174119:1,DSP
Aufbau,1,aufbau,string:1,attributes:1,,Werkzeuglos
Aufblasbar,1,aufblasbar,string:1,attributes:1,14355:1,Ja
Aufhängung,1,aufhangung,string:1,attributes:1,387:1,Gardinenband
Auflagefläche Breite,1,auflageflache breite,string:1,attributes:1,,73 cm
Auflagefläche Länge,1,auflageflache lange,string:1,attributes:1,,40 cm
Ausgabe,1,ausgabe,string:1,attributes:1,9047:1,Signierte Limitierte Ausgabe
Ausgang (Details),1,ausgang details,string:1,attributes:1,47075:1,"USB-C1 5V=2.4A, USB-C2 5V=2.4A"
Ausgang (USB-C),1,ausgang usb c,string:1,attributes:1,47075:1,2x 5V / 2.4A
Ausgangsleistung (kabellos),1,ausgangsleistung kabellos,string:1,attributes:1,,7.5W
Ausgangsspannung,1,ausgangsspannung,string:1,attributes:1,47075:1,5V
Auslassdurchmesser,1,auslassdurchmesser,string:1,attributes:1,174093:1,50 mm
Ausrichtung,1,ausrichtung,string:1,attributes:1,,360° drehbar
Außen-Durchmesser,1,aussen durchmesser,string:1,attributes:1,36624:1,160 mm
Außenbeschichtung,1,aussenbeschichtung,string:1,attributes:1,50457:1,Wasserabweisende Außenschicht
Außendurchmesser [mm],1,aussendurchmesser mm,string:1,attributes:1,170141:1,84
Außendurchmesser 1 [mm],1,aussendurchmesser 1 mm,string:1,attributes:1,170141:1,52
Außendurchmesser 2 [mm],1,aussendurchmesser 2 mm,string:1,attributes:1,170141:1,68
Außenmaß Höhe,1,aussenmass hohe,string:1,attributes:1,,230 mm
Außenmaß Tiefe,1,aussenmass tiefe,string:1,attributes:1,260627:1,450 mm
Außenmaße,1,aussenmasse,string:1,attributes:1,64637:1,"27 x 23,5 x 6,5 cm"
Außenmaße (B x H),1,aussenmasse b x h,string:1,attributes:1,,185 x 235 mm
Außenmaße (ca.),1,aussenmasse ca,string:1,attributes:1,64637:1,"27 x 23,5 x 6,5 cm"
Außenschale,1,aussenschale,string:1,attributes:1,177076:1,Robust
Außensohlenmaterial,1,aussensohlenmaterial,string:1,attributes:1,387:1,Gummi
Ausstattung Gürtelclip,1,ausstattung gurtelclip,string:1,attributes:1,,Ja
Ausstattung Innen,1,ausstattung innen,string:1,attributes:1,11236:1,"Kreuz-Spanngurt, Innentaschen"
Auswaschbar,1,auswaschbar,string:1,attributes:1,120:1,Ja
Auszeichnung,1,auszeichnung,string:1,attributes:1,263094:1,German Design Award Special 2017
Auszeichnungen,1,auszeichnungen,string:1,attributes:1,263094:1,"CARAVANING Testsieger 2/08, German Design Award Special 2017"
Ausziehbar,1,ausziehbar,string:1,attributes:1,29508:1,Ja
Ausziehbrause,1,ausziehbrause,string:1,attributes:1,29508:1,Ja
Automatische Teppicherkennung,1,automatische teppicherkennung,string:1,attributes:1,2662:1,Ja
AUX-Eingang,1,aux eingang,string:1,attributes:1,174119:1,Ja
barcodes,1,barcodes,string:1,attributes:1,122188:1,"[""6933783712522""]"
Batchnummer,1,batchnummer,string:1,attributes:1,85040:1,20240127001
Batterie (Rohdaten),1,batterie rohdaten,string:1,attributes:1,47075:1,5000mAh/4900mAh 18Wh/17.64Wh
Batterie benötigt,1,batterie benotigt,string:1,attributes:1,174030:1,Nein
Batterie erforderlich,1,batterie erforderlich,string:1,attributes:1,174030:1,Nein
Batteriekapazität Kopfhörer,1,batteriekapazitat kopfhorer,string:1,attributes:1,,40 mAh
Batteriekapazität Ladecase,1,batteriekapazitat ladecase,string:1,attributes:1,,400 mAh
Batteriemanagementsystem,1,batteriemanagementsystem,string:1,attributes:1,18276:1,Ja
Batterien benötigt,1,batterien benotigt,string:1,attributes:1,156105:1,Nein
Batterien im Lieferumfang,1,batterien im lieferumfang,string:1,attributes:1,177008:1,Ja
Batterien notwendig,1,batterien notwendig,string:1,attributes:1,234:1,Nein
Batterieschutz,1,batterieschutz,string:1,attributes:1,,3-stufig
Batterietechnologie,1,batterietechnologie,string:1,attributes:1,49782:1,AGM
Batterietyp,1,batterietyp,string:1,attributes:1,183391:1,Ni-MH AAA
Bauhöhe,1,bauhohe,string:1,attributes:1,,7 mm
Bauteil,1,bauteil,string:1,attributes:1,262128:1,Zylinderkopf
Bauweise,1,bauweise,string:1,attributes:1,14970:1,"Robust, ""Built-Like-A-Tank"""
BCI Größe,1,bci grosse,string:1,attributes:1,179846:1,GC2
Bearbeitung,1,bearbeitung,string:1,attributes:1,33564:1,Unbeschichtet
Beckentiefe,1,beckentiefe,string:1,attributes:1,260627:1,190 mm
Bedienungsanleitung,1,bedienungsanleitung,string:1,attributes:1,,Enthalten
Bedienungselement,1,bedienungselement,string:1,attributes:1,259858:1,Handrad
Befestigungsort,1,befestigungsort,string:1,attributes:1,,Lüftungsschlitze
Befestigungssystem,1,befestigungssystem,string:1,attributes:1,,ISOFIX
Befestigungstyp,1,befestigungstyp,string:1,attributes:1,262204:1,Clip-on
Behältertyp,1,behaltertyp,string:1,attributes:1,179496:1,Kanister
Beheizbar,1,beheizbar,string:1,attributes:1,262161:1,Ja
Beinabschluss,1,beinabschluss,string:1,attributes:1,,Mit Schneefang
Belastbarkeit,1,belastbarkeit,string:1,attributes:1,,Schwerlast
Beleuchtungsart,1,beleuchtungsart,string:1,attributes:1,22689:1,LED
Beleuchtungsfarbe,1,beleuchtungsfarbe,string:1,attributes:1,174119:1,Rot
Beleuchtungsmodi,1,beleuchtungsmodi,string:1,attributes:1,,4
Belüftet,1,beluftet,string:1,attributes:1,33564:1,Ja
Belüftungskanäle,1,beluftungskanale,null:1,attributes:1,70911:1,
Belüftungssystem,1,beluftungssystem,string:1,attributes:1,70911:1,Optimiert
Benötigtes Werkzeug,1,benotigtes werkzeug,string:1,attributes:1,156105:1,Bastelmesser
Beschichtungsmaterial,1,beschichtungsmaterial,string:1,attributes:1,79656:1,Whitford Xylan Antihaftbeschichtung
Besondere Eigenschaften,1,besondere eigenschaften,string:1,attributes:1,11507:1,"Stretch, Atmungsaktiv, Komfort"
Besondere Funktionen,1,besondere funktionen,string:1,attributes:1,133704:1,"Auto‑iQ, Eis‑Crush, Pulse"
Besondere Inhaltsstoffe,1,besondere inhaltsstoffe,string:1,attributes:1,,"Arnika, Aloe Vera, Rosskastanie, Ringelblume, Eukalyptus, Menthol, Brennnessel, Beinwell"
besonderheiten,1,besonderheiten,string:1,attributes:1,259347:1,Wiederverwendbar
Besonderheiten (Besonderheiten),1,besonderheiten besonderheiten,string:1,attributes:1,162041:1,"Rutschfest, Belüftet, OEKO-TEX zertifiziert"
Bestellnummer (PO),1,bestellnummer po,string:1,attributes:1,,ME-160761
Betriebsdauer,1,betriebsdauer,string:1,attributes:1,183391:1,6-8 Stunden
Betriebsspannung AC,1,betriebsspannung ac,string:1,attributes:1,,110-240V
Betriebssystem,1,betriebssystem,string:1,attributes:1,174119:1,Android
Betriebstemperatur,1,betriebstemperatur,string:1,attributes:1,,0°C bis 70°C
Beutellos,1,beutellos,string:1,attributes:1,2662:1,Ja
Bezug abnehmbar,1,bezug abnehmbar,string:1,attributes:1,,Ja
Bezug Reißverschluss,1,bezug reissverschluss,string:1,attributes:1,,4-seitig
Bezugsmaterial,1,bezugsmaterial,string:1,attributes:1,,100% Polyester
Bezugverschluss,1,bezugverschluss,string:1,attributes:1,,4-seitiger Rundumreißverschluss
Biegbarkeit,1,biegbarkeit,string:1,attributes:1,,Bis 25 Grad
Bildschirmgröße,1,bildschirmgrosse,string:1,attributes:1,122188:1,10.26 Zoll
Bildschirmtechnologie,1,bildschirmtechnologie,string:1,attributes:1,122188:1,HD
Bindung,1,bindung,string:1,attributes:1,15480:1,Hardcover
Biologisch abbaubar,1,biologisch abbaubar,string:1,attributes:1,,Vollständig
Bit-Größen,1,bit grossen,string:1,attributes:1,4296:1,"TX10, TX15, TX20, TX25, TX30, TX40 (mehrfach bestückt)"
Bit-Typ,1,bit typ,string:1,attributes:1,4296:1,Torx
Bithalter,1,bithalter,string:1,attributes:1,4296:1,"1 x 1/4"" x 50 mm"
Blattanzahl,1,blattanzahl,string:1,attributes:1,28113:1,20
Bleistifte & Druckbleistifte,1,bleistifte druckbleistifte,null:1,attributes:1,25354:1,
Blendreduzierung,1,blendreduzierung,string:1,attributes:1,262204:1,Ja
Blinkleuchte integriert,1,blinkleuchte integriert,string:1,attributes:1,262161:1,Ja
Bluetooth,1,bluetooth,string:1,attributes:1,174119:1,Ja
Bluetooth Frequenzbereich,1,bluetooth frequenzbereich,string:1,attributes:1,,2.41 GHz
Bluetooth Version,1,bluetooth version,string:1,attributes:1,,5.3
Bluetooth-Funktion,1,bluetooth funktion,string:1,attributes:1,174119:1,Ja
Boden & Zargen Holz,1,boden zargen holz,string:1,attributes:1,22670:1,Mahagoni
Bohrdurchmesser,1,bohrdurchmesser,string:1,attributes:1,20740:1,8mm
Borsten-Eigenschaft 1,1,borsten eigenschaft 1,string:1,attributes:1,,Stark für schweren Schnee und Eis
Borsten-Eigenschaft 2,1,borsten eigenschaft 2,string:1,attributes:1,,Schonend für Lackschutz
Borsten-Typ,1,borsten typ,string:1,attributes:1,,Zwei-Phasen Premium Borsten
Breite (mm),1,breite mm,string:1,attributes:1,170141:1,41
Breite 1 [mm],1,breite 1 mm,string:1,attributes:1,170141:1,19
Breite 2 [mm],1,breite 2 mm,string:1,attributes:1,170141:1,22
Breite der Schubladen,1,breite der schubladen,null:1,attributes:1,127551:1,
Breite Flachmeißel 1,1,breite flachmeissel 1,string:1,attributes:1,50382:1,50 mm
Breite Flachmeißel 2,1,breite flachmeissel 2,string:1,attributes:1,50382:1,25 mm
Breite in cm,1,breite in cm,string:1,attributes:1,,16
Brennstoff,1,brennstoff,string:1,attributes:1,151621:1,Gas
Briefpapier & Karten,1,briefpapier karten,null:1,attributes:1,138910:1,
Bruchfest,1,bruchfest,string:1,attributes:1,28107:1,Ja
Bruchfestigkeit,1,bruchfestigkeit,string:1,attributes:1,181383:1,Ja
Bypass-Typ,1,bypass typ,string:1,attributes:1,,True Bypass
Calcium,1,calcium,string:1,attributes:1,180501:1,21.6%
category_path (aus text_features),1,category path aus text features,string:1,attributes:1,4296:1,Bit-Sätze
category_path (aus top-level Attribute),1,category path aus top level attribute,string:1,attributes:1,4296:1,Sets
CE-Zertifizierung,1,ce zertifizierung,string:1,attributes:1,174119:1,Ja
CH-Bevollmächtigter,1,ch bevollmachtigter,string:1,attributes:1,15052:1,"MDSS CH GmbH, Laurenzenvorstadt 61, 5000 Aarau, Switzerland"
Charaktere,1,charaktere,string:1,attributes:1,19082:1,"Mickey Maus, Stitch, Simba, Schneewittchen, Bambi, Elastigirl, Mirabel, Alien"
Chargennummer,1,chargennummer,string:1,attributes:1,15052:1,18038421
Chipsatz,1,chipsatz,string:1,attributes:1,1244:1,AMD B650
Cinch-Ausgänge,1,cinch ausgange,string:1,attributes:1,174119:1,Ja
CM-Länge,1,cm lange,string:1,attributes:1,16061:1,26.5 cm
CO2-Zylinder Kapazität,1,co2 zylinder kapazitat,string:1,attributes:1,25845:1,bis zu 60 L
Colorcode,1,colorcode,string:1,attributes:1,,5281
ComfortZone,1,comfortzone,string:1,attributes:1,,70
Controller,1,controller,string:1,attributes:1,,Phison E13T
Copyright-Jahr,1,copyright jahr,string:1,attributes:1,15052:1,2022
CPU-Sockel,1,cpu sockel,string:1,attributes:1,1244:1,AMD AM5
CRI,1,cri,string:1,attributes:1,20697:1,> 80
Cutaway,1,cutaway,string:1,attributes:1,156104:1,Ja
Datenübertragungsrate USB,1,datenubertragungsrate usb,string:1,attributes:1,,
Deckelart,1,deckelart,string:1,attributes:1,109065:1,Ohne Deckel
Deckelmaterial,1,deckelmaterial,string:1,attributes:1,98847:1,Glas mit Edelstahleinfassung
Deckenholz,1,deckenholz,string:1,attributes:1,22670:1,Zeder massiv
Dehnbarkeit,1,dehnbarkeit,string:1,attributes:1,,Leicht dehnbar
Dekor,1,dekor,string:1,attributes:1,20625:1,Solid Black 10006
Design Herkunft,1,design herkunft,string:1,attributes:1,108782:1,Schweiz
Design-Kooperation,1,design kooperation,string:1,attributes:1,,BIG-GAME Studio
Design-Thema,1,design thema,string:1,attributes:1,,Shades of Ocean
Designelemente,1,designelemente,string:1,attributes:1,,Logo Stickerei
Designherkunft,1,designherkunft,string:1,attributes:1,11236:1,Deutschland
Designlinie,1,designlinie,string:1,attributes:1,,American Classic
Designname,1,designname,string:1,attributes:1,,Schlafwolke Dreams
Designstil,1,designstil,string:1,attributes:1,,Modern
Details,1,details,string:1,attributes:1,,Knopfleiste am Rundhalsausschnitt
Dichtring enthalten,1,dichtring enthalten,string:1,attributes:1,33661:1,Ja
Dichtringdurchmesser,1,dichtringdurchmesser,string:1,attributes:1,33729:1,53
Dichtungssatz,1,dichtungssatz,string:1,attributes:1,33665:1,Ja
Dichtungstyp,1,dichtungstyp,string:1,attributes:1,33665:1,Zylinderkopfdichtung
Dicke/Stärke [mm],1,dicke starke mm,string:1,attributes:1,57357:1,18.3
Diebstahlsicherung,1,diebstahlsicherung,string:1,attributes:1,,Integrierte Ringe
Digitalanzeige,1,digitalanzeige,string:1,attributes:1,,Ja
Diskretion,1,diskretion,string:1,attributes:1,36440:1,Ja
DPF-Kompatibilität,1,dpf kompatibilitat,string:1,attributes:1,179496:1,Ja
Drahtlose Sendeleistung,1,drahtlose sendeleistung,string:1,attributes:1,,-6 bis 8 dbm
Drahtquerschnitt,1,drahtquerschnitt,string:1,attributes:1,19839:1,"Min. #14 AWG, Max. #6 AWG"
Drahtquerschnitt max.,1,drahtquerschnitt max,string:1,attributes:1,19839:1,#6 AWG
Drahtquerschnitt min.,1,drahtquerschnitt min,string:1,attributes:1,19839:1,#14 AWG
DRAM-Cache,1,dram cache,string:1,attributes:1,,Nein
Drehbarkeit,1,drehbarkeit,string:1,attributes:1,,360 Grad
Drehfunktion,1,drehfunktion,string:1,attributes:1,,340 Grad
Drehmoment,1,drehmoment,string:1,attributes:1,3247:1,35 Nm
Drehwirbel,1,drehwirbel,string:1,attributes:1,,Brauseseitig
Drehzahl,1,drehzahl,string:1,attributes:1,36624:1,Hoch
Druck,1,druck,string:1,attributes:1,261425:1,"0,1bar"
Druckeigenschaft,1,druckeigenschaft,string:1,attributes:1,,Hohe Fließfähigkeit
Druckentlastend,1,druckentlastend,string:1,attributes:1,,Ja
Druckerhersteller,1,druckerhersteller,string:1,attributes:1,16191:1,HP
Druckermodell kompatibel,1,druckermodell kompatibel,string:1,attributes:1,11195:1,"Canon i-SENSYS LBP7200C, LBP7210C, LBP7660C, LBP7680C, MF8330C, MF8350C, 8340C, 8350C, 8360C, 8380C, 8540C, 8550C, 8580C"
Druckerpatronenkapazität,1,druckerpatronenkapazitat,string:1,attributes:1,16191:1,Standard
Druckertyp,1,druckertyp,string:1,attributes:1,16191:1,Tintenstrahl
Druckleistung,1,druckleistung,string:1,attributes:1,16191:1,ca. 120 Seiten
Druckqualität,1,druckqualitat,string:1,attributes:1,11195:1,Gestochen scharf
Druckstufe,1,druckstufe,string:1,attributes:1,259858:1,PN 25
Duftfamilie,1,duftfamilie,string:1,attributes:1,29585:1,Holzig-Würzig
Duftname,1,duftname,string:1,attributes:1,29585:1,Terre d'Hermès
Duftvarianten,1,duftvarianten,string:1,attributes:1,108782:1,"Wild Berry, Sandelholz & Bergamotte"
Durchflussbegrenzer,1,durchflussbegrenzer,string:1,attributes:1,,10 l/min
Durchflussbereich,1,durchflussbereich,string:1,attributes:1,54145:1,"0,2 bar bei 60 L/h"
Durchmesser (mm),1,durchmesser mm,string:1,attributes:1,170141:1,84
Durchmesser [mm],1,durchmesser mm,string:1,attributes:1,170141:1,84
Durchmesser ⌀,1,durchmesser,string:1,attributes:1,,500 mm
Durchmesser des Leuchtenfußes,1,durchmesser des leuchtenfusses,null:1,attributes:1,62471:1,
Durchmesser Essteller,1,durchmesser essteller,string:1,attributes:1,181383:1,25.8 cm
Durchmesser Frühstücksteller,1,durchmesser fruhstucksteller,string:1,attributes:1,181383:1,21.5 cm
Durchmesser großes Glas,1,durchmesser grosses glas,string:1,attributes:1,,7.9 cm
Durchmesser Hülle,1,durchmesser hulle,string:1,attributes:1,261011:1,30/32 cm
Durchmesser Karaffe,1,durchmesser karaffe,string:1,attributes:1,,9.5 cm
Durchmesser Kasserolle,1,durchmesser kasserolle,string:1,attributes:1,259322:1,18 cm
Durchmesser kleines Glas,1,durchmesser kleines glas,string:1,attributes:1,,7.5 cm
Durchmesser Pfannen,1,durchmesser pfannen,string:1,attributes:1,259322:1,"22 cm, 28 cm"
Durchmesser Schutzhülle,1,durchmesser schutzhulle,string:1,attributes:1,261011:1,55/70 cm
Durchschnittliche Lebensdauer,1,durchschnittliche lebensdauer,string:1,attributes:1,,50000 Stunden
Düsen,1,dusen,string:1,attributes:1,,Kombidüse|2in1-Fugendüse
EAC_Kennzeichnung,1,eac kennzeichnung,string:1,attributes:1,33564:1,Ja
EC-Vertreter,1,ec vertreter,string:1,attributes:1,,EUREP Gmbh
Eckradius,1,eckradius,string:1,attributes:1,260627:1,R10
Effekttyp,1,effekttyp,string:1,attributes:1,,Kompressor
Eigenschaft_primär,1,eigenschaft primar,string:1,attributes:1,,Fördert Regeneration
Eigenschaft_sekundär,1,eigenschaft sekundar,string:1,attributes:1,,Schützend
Eigenschaften (Eigenschaften),1,eigenschaften eigenschaften,string:1,attributes:1,68814:1,"Laptopfach, Brustgurt, Wasserabweisend, Gepolstertes Rückenteil"
Einbandmaterial,1,einbandmaterial,string:1,attributes:1,9047:1,Papier
Einbau,1,einbau,string:1,attributes:1,180407:1,Sofort einbaufertig
Einbaumaße (B x H),1,einbaumasse b x h,string:1,attributes:1,,150 x 200 mm
Einbautiefe min.,1,einbautiefe min,string:1,attributes:1,,25 mm
Einfassung,1,einfassung,string:1,attributes:1,50457:1,Ultra Orange Ribbons
Eingang (Details),1,eingang details,string:1,attributes:1,47075:1,USB-C1 5V=2.4A
Eingang (USB-C),1,eingang usb c,string:1,attributes:1,47075:1,5V / 2.4A
Einheit Kapazität,1,einheit kapazitat,string:1,attributes:1,,mAh
Einlassdurchmesser,1,einlassdurchmesser,string:1,attributes:1,174093:1,50 mm
Einlegesohlen-Technologie,1,einlegesohlen technologie,string:1,attributes:1,181136:1,Ortholite
Einsatzbereich_Detail,1,einsatzbereich detail,string:1,attributes:1,28829:1,"Sport, Alltag, Rehabilitation, Symptomlinderung, Erholung"
Einsatzbereiche,1,einsatzbereiche,string:1,attributes:1,133704:1,"Smoothies, Milchshakes, Pürees, Dips, Saucen, Eis"
Einsatzgebiete,1,einsatzgebiete,string:1,attributes:1,14355:1,"Seen, Flüsse, Küstengewässer"
Einschränkung,1,einschrankung,string:1,attributes:1,50457:1,Nicht für dauerhaften Winter- und UV-Schutz
Einstellbare Breite,1,einstellbare breite,string:1,attributes:1,116346:1,12-26 mm
Einstellbare Nadeltiefe,1,einstellbare nadeltiefe,string:1,attributes:1,33164:1,Ja
Einwegartikel,1,einwegartikel,string:1,attributes:1,259347:1,Ja
EKA-Nummer,1,eka nummer,string:1,attributes:1,,EKA-0120226
Elasthananteil,1,elasthananteil,string:1,attributes:1,,5%
Elastische Nähte,1,elastische nahte,string:1,attributes:1,,Ja
EMC,1,emc,string:1,attributes:1,3676:1,2923
Emissionskompatibilität,1,emissionskompatibilitat,string:1,attributes:1,179496:1,Ja
Empfohlen für,1,empfohlen fur,string:1,attributes:1,,Hausstauballergiker
Empfohlene Anwendung,1,empfohlene anwendung,string:1,attributes:1,,Tägliche Mundhygiene
Empfohlene Betttemperatur,1,empfohlene betttemperatur,string:1,attributes:1,,50-60 °C
Empfohlene Druckgeschwindigkeit,1,empfohlene druckgeschwindigkeit,string:1,attributes:1,,50-100 mm/s
Empfohlene Druckgeschwindigkeit Hochgeschwindigkeit,1,empfohlene druckgeschwindigkeit hochgeschwindigkeit,string:1,attributes:1,,100-300 mm/s
Empfohlene Druckgeschwindigkeit Standard,1,empfohlene druckgeschwindigkeit standard,string:1,attributes:1,,50-100 mm/s
Empfohlene Drucktemperatur Hochgeschwindigkeit,1,empfohlene drucktemperatur hochgeschwindigkeit,string:1,attributes:1,,205-220 °C
Empfohlene Drucktemperatur Standard,1,empfohlene drucktemperatur standard,string:1,attributes:1,,195-205 °C
Empfohlene Getriebe,1,empfohlene getriebe,string:1,attributes:1,179501:1,"VW DSG, BMW DKG"
Empfohlene Heizbetttemperatur,1,empfohlene heizbetttemperatur,string:1,attributes:1,,50-60 °C
Empfohlene Raumgröße,1,empfohlene raumgrosse,string:1,attributes:1,69197:1,20 m²
Empfohlene Speisen,1,empfohlene speisen,string:1,attributes:1,,"Fleisch, Fisch, Gemüse"
Empfohlene Spielfläche,1,empfohlene spielflache,string:1,attributes:1,,ca. 3x2 Meter
Empfohlene Zielgruppe,1,empfohlene zielgruppe,string:1,attributes:1,,Hausstauballergiker
Empfohlene Zimmer,1,empfohlene zimmer,string:1,attributes:1,387:1,"Schlafzimmer, Kinderzimmer, Büro"
Empfohlener Anwendungsbereich,1,empfohlener anwendungsbereich,string:1,attributes:1,49782:1,"Motorrad, Powersports-Fahrzeuge"
Empfohlener Einsatzbereich,1,empfohlener einsatzbereich,string:1,attributes:1,,"MTB, Rennrad, Allroad"
Empfohlener Einsatzort,1,empfohlener einsatzort,string:1,attributes:1,,"Garten, Terrasse, Eingangsbereich"
Empfohlener Wurfabstand,1,empfohlener wurfabstand,string:1,attributes:1,,3-4 Meter
Empfohlenes Leuchtmittel,1,empfohlenes leuchtmittel,string:1,attributes:1,3199:1,LED
Empfohlenes Zimmer,1,empfohlenes zimmer,string:1,attributes:1,37644:1,Schlafzimmer
Endgröße (L x B x H),1,endgrosse l x b x h,string:1,attributes:1,156105:1,ca. 50 x 42 x 53 cm
Endstücke,1,endstucke,string:1,attributes:1,260307:1,gerade/gerade
Energie,1,energie,string:1,attributes:1,179846:1,1.536 kWh
Energieeffizienz,1,energieeffizienz,string:1,attributes:1,,Energie- & platzsparend
Energieeffizienzklasse,1,energieeffizienzklasse,null:1,attributes:1,62471:1,
Energieverbrauch_pro_24h,1,energieverbrauch pro 24h,string:1,attributes:1,,0.18 kWh
Enthält Dichtringe,1,enthalt dichtringe,string:1,attributes:1,174087:1,Ja
Enthält Innenraumfilter,1,enthalt innenraumfilter,string:1,attributes:1,174087:1,Ja
Enthält Luftfilter,1,enthalt luftfilter,string:1,attributes:1,174087:1,Ja
Enthält Ölfilter,1,enthalt olfilter,string:1,attributes:1,174087:1,Ja
Enthaltene Charaktere,1,enthaltene charaktere,string:1,attributes:1,,"T-Rex, Triceratops, Pterodaktylus"
Entsorgung,1,entsorgung,string:1,attributes:1,134642:1,Metallschrott
Entwicklungsland,1,entwicklungsland,string:1,attributes:1,,Deutschland
Equalizer,1,equalizer,string:1,attributes:1,174119:1,Ja
Ergänzende Info,1,erganzende info,string:1,attributes:1,33661:1,mit Dichtring
Ergänzende Information,1,erganzende information,string:1,attributes:1,33661:1,mit Dichtring
Ergonomisches Design,1,ergonomisches design,string:1,attributes:1,259347:1,Ja
Erhaltungsladespannung,1,erhaltungsladespannung,string:1,attributes:1,49782:1,13.8V
Ersetzt OEM Kurbelwelle,1,ersetzt oem kurbelwelle,string:1,attributes:1,,"EN-46106, EN-46111"
Ersetzt OEM Nockenwelle,1,ersetzt oem nockenwelle,string:1,attributes:1,,"EN-48383, EN-48383-1, EN-48383-2, EN-48383-3"
Ersetzt OEM-Nummer (Kurbelwellenfixierung),1,ersetzt oem nummer kurbelwellenfixierung,string:1,attributes:1,,EN-46106
Ersetzt OEM-Nummer (Nockenwellenfixierung),1,ersetzt oem nummer nockenwellenfixierung,string:1,attributes:1,,EN-48383
Ersetzt OEM-Werkzeuge,1,ersetzt oem werkzeuge,string:1,attributes:1,,"EN-46106, EN-46111, EN-48383, EN-48383-1, EN-48383-2, EN-48383-3"
Ersetzt Toner-Nr.,1,ersetzt toner nr,string:1,attributes:1,11195:1,TN-423K
Erstausrüsterqualität,1,erstausrusterqualitat,string:1,attributes:1,262128:1,Ja
Erweiterbar,1,erweiterbar,string:1,attributes:1,,Ja
Erweiterung,1,erweiterung,string:1,attributes:1,183465:1,Karmesin & Purpur – Prismatische Entwicklungen
EU Größe,1,eu grosse,string:1,attributes:1,,56
EU Schuhgröße,1,eu schuhgrosse,string:1,attributes:1,15709:1,47 1/3
EU-Größe,1,eu grosse,string:1,attributes:1,3034:1,37
EU-Importeur,1,eu importeur,string:1,attributes:1,,WAITCHX
Fächer,1,facher,string:1,attributes:1,,"Geräumiges Innenfach, Handyfach"
Fadendichte,1,fadendichte,string:1,attributes:1,20460:1,144
Fahrradsattel-Typ,1,fahrradsattel typ,null:1,attributes:1,177822:1,
Fahrradtyp Kompatibilität,1,fahrradtyp kompatibilitat,string:1,attributes:1,22689:1,Universal
Fahrwerkskomponente,1,fahrwerkskomponente,string:1,attributes:1,180391:1,Federbeinstützlager
Faltbarkeit,1,faltbarkeit,string:1,attributes:1,,Kompakt faltbar
Farbe / Optik,1,farbe optik,string:1,attributes:1,175757:1,transparent / klar
Farbe Netz,1,farbe netz,string:1,attributes:1,,Weiß
Farbe Polster,1,farbe polster,string:1,attributes:1,,Creme-Weiß
Farbe Rattan,1,farbe rattan,string:1,attributes:1,,Schwarz
Farbe Schirm,1,farbe schirm,string:1,attributes:1,,Gold
Fassungsvermögen Krug,1,fassungsvermogen krug,string:1,attributes:1,133704:1,"2,1 l"
Fassungsvermögen pro Glas,1,fassungsvermogen pro glas,string:1,attributes:1,,300 ml
Fassungsvermögen Schale,1,fassungsvermogen schale,string:1,attributes:1,181383:1,700 ml
Fernbedienung,1,fernbedienung,string:1,attributes:1,174119:1,Ja
Fertigung,1,fertigung,string:1,attributes:1,,Handgenäht
Fertigungsart,1,fertigungsart,string:1,attributes:1,180407:1,Präzisionsbearbeitet
Festigkeit,1,festigkeit,string:1,attributes:1,,gut stützend
Fettreduktion,1,fettreduktion,string:1,attributes:1,,Bis zu 90%
Feuchtegehalt,1,feuchtegehalt,string:1,attributes:1,180501:1,<10%
Feuchtigkeitsgehalt,1,feuchtigkeitsgehalt,string:1,attributes:1,,Tiefgehend
Feuchtigkeitsregulierend,1,feuchtigkeitsregulierend,string:1,attributes:1,66728:1,Ja
Feuchtigkeitsversorgung,1,feuchtigkeitsversorgung,string:1,attributes:1,,Tiefgehend
Feuerbeständigkeitsstandard,1,feuerbestandigkeitsstandard,string:1,attributes:1,,"EN 1021-1, EN 1021-2"
Filterart,1,filterart,string:1,attributes:1,184665:1,Permanentfilter
Filzstifte,1,filzstifte,null:1,attributes:1,127504:1,
Flächengewicht,1,flachengewicht,string:1,attributes:1,37644:1,160 g/m²
Flaschenkapazität (ml),1,flaschenkapazitat ml,string:1,attributes:1,20696:1,740 ml
Flaschenmaterial,1,flaschenmaterial,string:1,attributes:1,25845:1,Glas
FM-Radio,1,fm radio,string:1,attributes:1,174119:1,Ja
Fördermenge,1,fordermenge,string:1,attributes:1,261425:1,500l/h
Form (Label),1,form label,string:1,attributes:1,20460:1,Rechteckig
Format Aquarellblock,1,format aquarellblock,string:1,attributes:1,28113:1,DIN A5
FR/E Größe,1,fr e grosse,string:1,attributes:1,,50
Frequenz (AC Adapter),1,frequenz ac adapter,string:1,attributes:1,,50/60 Hz
Frequenzgang,1,frequenzgang,string:1,attributes:1,119019:1,50 Hz - 15 kHz
Frostschutz bis,1,frostschutz bis,string:1,attributes:1,,-40 °C
FSC-Referenz,1,fsc referenz,string:1,attributes:1,13386:1,FSC® C138368
FSC-Zertifiziert,1,fsc zertifiziert,string:1,attributes:1,36025:1,Ja
FSC-Zertifizierung,1,fsc zertifizierung,string:1,attributes:1,262984:1,FSC C132484
Füllgewicht,1,fullgewicht,string:1,attributes:1,66728:1,1600 g
Fülllinie (ml),1,fulllinie ml,string:1,attributes:1,20696:1,615 ml
Fülllinie Glaskaraffe,1,fulllinie glaskaraffe,string:1,attributes:1,25845:1,0.6 L
Füllmenge Einheit,1,fullmenge einheit,string:1,attributes:1,179501:1,Liter
Füllmenge Frittierkorb,1,fullmenge frittierkorb,string:1,attributes:1,,1 kg
Füllmenge Gläser groß,1,fullmenge glaser gross,string:1,attributes:1,,400 ml
Füllmenge Gläser klein,1,fullmenge glaser klein,string:1,attributes:1,,250 ml
Füllmenge Karaffe,1,fullmenge karaffe,string:1,attributes:1,,1550 ml
Für Allergiker geeignet,1,fur allergiker geeignet,string:1,attributes:1,20460:1,Ja
Für Bremssystem,1,fur bremssystem,null:1,attributes:1,177806:1,
Für Felgentyp,1,fur felgentyp,null:1,attributes:1,177806:1,
Für Oldtimer geeignet,1,fur oldtimer geeignet,string:1,attributes:1,174087:1,Nein
Fußgewölbeunterstützung,1,fussgewolbeunterstutzung,string:1,attributes:1,181136:1,Arch Fit
Fußkreuzmaterial,1,fusskreuzmaterial,string:1,attributes:1,19265:1,Kunststoff
Fußlänge (CM),1,fusslange cm,string:1,attributes:1,3034:1,23
Futter,1,futter,string:1,attributes:1,,"Polyester 55%, Viskose 45%"
Fütterungsdicke,1,futterungsdicke,string:1,attributes:1,,Warm gefüttert
Gabelgrößen,1,gabelgrossen,string:1,attributes:1,179514:1,"65mm-125mm, 88mm-160mm, 126mm-212mm"
Gebindeform,1,gebindeform,string:1,attributes:1,179501:1,Flasche
Geeignet für Gerätetyp,1,geeignet fur geratetyp,string:1,attributes:1,184665:1,Luftreiniger
Geeignet für Herdarten,1,geeignet fur herdarten,string:1,attributes:1,79656:1,"Induktion, Gas, Elektro, Ceran"
Geeignet für Oberflächen,1,geeignet fur oberflachen,string:1,attributes:1,2662:1,"Hartböden, Teppiche"
Geeignet für Schirmtyp,1,geeignet fur schirmtyp,string:1,attributes:1,261011:1,Ampelschirm
geeignet_fuer,1,geeignet fuer,string:1,attributes:1,259347:1,"Küche, Bad, Garten, Industrie"
Geeignete Bodenarten,1,geeignete bodenarten,string:1,attributes:1,2662:1,"Hartböden, Teppiche"
Geeignete Matratzenbreite,1,geeignete matratzenbreite,string:1,attributes:1,20460:1,90–100 cm
Geeignete Matratzengröße,1,geeignete matratzengrosse,string:1,attributes:1,37644:1,ca. 90–100 x 200 cm
Geeignete Matratzenlänge,1,geeignete matratzenlange,string:1,attributes:1,20460:1,200 cm
Geeigneter Herdtyp,1,geeigneter herdtyp,string:1,attributes:1,98847:1,"Elektrisch, Gas, Induktion, Glaskeramik"
Gefahrgut,1,gefahrgut,string:1,attributes:1,174030:1,Nein
Gefriergeeignet,1,gefriergeeignet,string:1,attributes:1,101428:1,Ja
Gehäuseart,1,gehauseart,string:1,attributes:1,,Hartschale
Gehäusefarbe,1,gehausefarbe,string:1,attributes:1,,Champagne Gold
Gelegenheit,1,gelegenheit,string:1,attributes:1,20696:1,Alle Anlässe
Gelenkart,1,gelenkart,string:1,attributes:1,33729:1,Gleichlaufgelenk
Genauigkeit,1,genauigkeit,string:1,attributes:1,29525:1,±0.02 mm
Gepäckformat,1,gepackformat,string:1,attributes:1,,Mittel
Gepolstertes Rückenteil,1,gepolstertes ruckenteil,string:1,attributes:1,68814:1,Ja
Geräuscharm,1,gerauscharm,string:1,attributes:1,134642:1,Ja
Gesamtabmessungen,1,gesamtabmessungen,string:1,attributes:1,,78 x 57 x 157.5 cm
Gesamtfarbe,1,gesamtfarbe,string:1,attributes:1,19265:1,"Grau, Schwarz"
Gesamtgewicht,1,gesamtgewicht,string:1,attributes:1,19456:1,2.9 kg
Gesamtgewicht (Brutto),1,gesamtgewicht brutto,string:1,attributes:1,180501:1,1 kg
Gesamtgewicht Set (kg),1,gesamtgewicht set kg,string:1,attributes:1,,4.394
Gesamtkapazität,1,gesamtkapazitat,string:1,attributes:1,185033:1,"9,5 L"
Gesamtlänge (Gr. 36),1,gesamtlange gr 36,string:1,attributes:1,,57 cm
Gesamtmaße,1,gesamtmasse,string:1,attributes:1,112590:1,31 x 63 x 63 cm
Gesamtmaterial,1,gesamtmaterial,string:1,attributes:1,19265:1,"Stoff, Kunststoff"
Gesamtstärke,1,gesamtstarke,string:1,attributes:1,50457:1,5 mm
Gesamtvolumen,1,gesamtvolumen,string:1,attributes:1,84904:1,105 ml
Geschenkbox,1,geschenkbox,string:1,attributes:1,2996:1,Inklusive
Geschlecht (Geschlecht),1,geschlecht geschlecht,string:1,attributes:1,68814:1,Unisex
Gestaltung,1,gestaltung,string:1,attributes:1,38204:1,Zwei halbkugelförmige Elemente
Gestellmaterial,1,gestellmaterial,string:1,attributes:1,14070:1,Aluminium
Getriebetyp,1,getriebetyp,string:1,attributes:1,179501:1,Doppelkupplungsgetriebe
Gewicht (Netto),1,gewicht netto,string:1,attributes:1,179501:1,1 kg
Gewicht Brutto,1,gewicht brutto,string:1,attributes:1,,0.47 kg
Gewicht Einheit,1,gewicht einheit,string:1,attributes:1,179501:1,kg
Gewicht Gläser groß,1,gewicht glaser gross,string:1,attributes:1,,411 g
Gewicht Gläser klein,1,gewicht glaser klein,string:1,attributes:1,,238 g
Gewicht großes Glas (kg),1,gewicht grosses glas kg,string:1,attributes:1,,0.411
Gewicht in kg,1,gewicht in kg,string:1,attributes:1,50457:1,1
Gewicht Karaffe,1,gewicht karaffe,string:1,attributes:1,,500 g
Gewicht Karaffe (kg),1,gewicht karaffe kg,string:1,attributes:1,,0.5
Gewicht kleines Glas (kg),1,gewicht kleines glas kg,string:1,attributes:1,,0.238
Gewicht Netto,1,gewicht netto,string:1,attributes:1,,0.27 kg
Gewicht pro Keil,1,gewicht pro keil,string:1,attributes:1,19456:1,1.45 kg
Gewicht pro Pfeil,1,gewicht pro pfeil,string:1,attributes:1,20835:1,10.5 g
Gewicht pro Pfeil (Grain),1,gewicht pro pfeil grain,string:1,attributes:1,20835:1,162
Gewichtsgrößen,1,gewichtsgrossen,string:1,attributes:1,161826:1,"No. 4, No. 6, No. 8, No. 10, SWA"
Gewichtskapazität pro Ablage,1,gewichtskapazitat pro ablage,string:1,attributes:1,3199:1,nicht angegeben
Gewichtsklassen,1,gewichtsklassen,string:1,attributes:1,161826:1,"VS, S, M, L, XL"
Gewindegröße,1,gewindegrosse,string:1,attributes:1,3244:1,"M14x1,5"
Gewindemaß,1,gewindemass,string:1,attributes:1,33612:1,M12
Gläserfarbe,1,glaserfarbe,string:1,attributes:1,45246:1,Braun
Glasstärke,1,glasstarke,string:1,attributes:1,,3 mm
Gleichspannung (DC),1,gleichspannung dc,string:1,attributes:1,,12V / 24V
Glitzer-Details,1,glitzer details,string:1,attributes:1,95672:1,Ja
Glühbirnen Kompatibilität,1,gluhbirnen kompatibilitat,null:1,attributes:1,62471:1,
Glühbirnenart,1,gluhbirnenart,null:1,attributes:1,22689:1,
GPSR Email,1,gpsr email,string:1,attributes:1,101428:1,contact@umami-bento.com
GPSR EU Authorised Representative,1,gpsr eu authorised representative,string:1,attributes:1,156104:1,"AR Experts, P.O. Box 5047, 3620 AA Breukelen, The Netherlands"
GPSR Hersteller E-Mail,1,gpsr hersteller e mail,string:1,attributes:1,261425:1,info@bilsteingroup.com
GPSR Manufacturer Name,1,gpsr manufacturer name,string:1,attributes:1,260627:1,Kitchen Sink
GPSR_Herstellername,1,gpsr herstellername,string:1,attributes:1,1244:1,MSI
GPSR_Manufacturer_email,1,gpsr manufacturer email,string:1,attributes:1,33564:1,info@vierol-shop.de
GPSR_url,1,gpsr url,string:1,attributes:1,33564:1,www.vierol-shop.de
Greifbereich,1,greifbereich,string:1,attributes:1,3244:1,4-22 mm (5/32-7/8 Zoll)
Griff-Eigenschaft,1,griff eigenschaft,string:1,attributes:1,,Ergonomisch und gepolstert
Griffbrett Holz,1,griffbrett holz,string:1,attributes:1,22670:1,Palisander
Griffdesign,1,griffdesign,string:1,attributes:1,177005:1,Klassisches Drei-Nieten-Design
Griffzone,1,griffzone,string:1,attributes:1,13999:1,Ergonomisch
Grillfläche,1,grillflache,string:1,attributes:1,,Groß
Grillfläche Bodenfläche,1,grillflache bodenflache,string:1,attributes:1,,ca. 15 cm x 15 cm
Größe (BxL),1,grosse bxl,string:1,attributes:1,,100 x 200 cm
Größe (Größe),1,grosse grosse,string:1,attributes:1,162041:1,140 x 200 cm
Größe (UK),1,grosse uk,string:1,attributes:1,,8
Größe (US),1,grosse us,string:1,attributes:1,,4
Größe Auflagefläche,1,grosse auflageflache,string:1,attributes:1,,XL Super Large
Größe Bundweite,1,grosse bundweite,string:1,attributes:1,,W30
Größe Erwachsene,1,grosse erwachsene,string:1,attributes:1,109677:1,XL
Größe EU,1,grosse eu,string:1,attributes:1,2994:1,44
Größe Länge,1,grosse lange,string:1,attributes:1,,L32
Größe US,1,grosse us,string:1,attributes:1,2994:1,10.5
Größe Westen Erwachsene,1,grosse westen erwachsene,string:1,attributes:1,109677:1,XL
Größen,1,grossen,string:1,attributes:1,84237:1,"8, 9, 10, 11, 12, 13, 14, 15, 16, 17, 18, 19, 20, 21, 22, 24, 27, 30, 32, 34, 36 mm"
Größenart,1,grossenart,string:1,attributes:1,,Normalgröße
Größensystem,1,grossensystem,string:1,attributes:1,15709:1,EU
Grundmaterial,1,grundmaterial,string:1,attributes:1,79656:1,"Edelstahl, Aluminium"
Gründungsjahr Marke,1,grundungsjahr marke,string:1,attributes:1,3205:1,1928
gtin,1,gtin,string:1,attributes:1,78700:1,8719115000028
Gürtelschlaufen,1,gurtelschlaufen,string:1,attributes:1,,Ja
Haartyp,1,haartyp,string:1,attributes:1,11854:1,Empfindliche Kopfhaut
Hagelschutz,1,hagelschutz,string:1,attributes:1,50457:1,Ja
Hahnlöcher,1,hahnlocher,string:1,attributes:1,260627:1,"2x (Ø35 mm, Ø28 mm)"
Hals Holz,1,hals holz,string:1,attributes:1,22670:1,Mahagoni
Haltbarkeit,1,haltbarkeit,string:1,attributes:1,,5 Jahre
Handgepäcktauglich,1,handgepacktauglich,string:1,attributes:1,,Ja
Handhabung,1,handhabung,string:1,attributes:1,238:1,Einfach
Hauptfunktion,1,hauptfunktion,string:1,attributes:1,54145:1,Entkarbonisierung
Hauptmaterial,1,hauptmaterial,string:1,attributes:1,,Nylon
Hauptverschluss,1,hauptverschluss,string:1,attributes:1,,Reißverschluss
Hauptwirkstoff,1,hauptwirkstoff,string:1,attributes:1,,Nährstoffkomplex
Hauptzusammensetzung,1,hauptzusammensetzung,string:1,attributes:1,180501:1,"Magermilchpulver, Magnesiumoxid, Kartoffelstärke, Zucker"
Hautbedürfnis,1,hautbedurfnis,string:1,attributes:1,177767:1,"Anti-Aging, Feuchtigkeit, Straffung, Ebenmäßiger Teint"
Hautfreundlichkeit,1,hautfreundlichkeit,string:1,attributes:1,36440:1,Reduziert Hautirritationen
HDMI-Anschlüsse,1,hdmi anschlusse,string:1,attributes:1,1244:1,1
Heißwasserbegrenzung,1,heisswasserbegrenzung,string:1,attributes:1,,Ja
Heizleistung,1,heizleistung,string:1,attributes:1,67720:1,150 W
Helligkeit,1,helligkeit,string:1,attributes:1,,Hoch
Helligkeit pro Meter,1,helligkeit pro meter,string:1,attributes:1,,200-300 Lumen/Meter
Herdarten,1,herdarten,string:1,attributes:1,98847:1,"Elektro, Gas, Glaskeramik, Induktion"
Herkunft,1,herkunft,string:1,attributes:1,85915:1,Deutschland
Herkunft laut Etikett,1,herkunft laut etikett,string:1,attributes:1,158928:1,Hergestellt in Taiwan
Herkunftsland Design,1,herkunftsland design,string:1,attributes:1,108782:1,Schweiz
Herstellenummer,1,herstellenummer,string:1,attributes:1,179496:1,111812
Hersteller (Europa),1,hersteller europa,string:1,attributes:1,181379:1,THULE SWEDEN AB
Hersteller (USA),1,hersteller usa,string:1,attributes:1,181379:1,THULE INC.
Hersteller Farbbezeichnung,1,hersteller farbbezeichnung,string:1,attributes:1,3034:1,NUBE
Hersteller-Code,1,hersteller code,string:1,attributes:1,4296:1,057909
Hersteller-Hotline,1,hersteller hotline,string:1,attributes:1,259347:1,4008-816-806
Hersteller-Stilnummer,1,hersteller stilnummer,string:1,attributes:1,,PUH-PO-AW23-ACC-160
Hersteller-URL,1,hersteller url,string:1,attributes:1,259347:1,www.cnyian.cn
Hersteller-Website,1,hersteller website,string:1,attributes:1,20622:1,www.vileda.de
Hersteller/Importeur (EU),1,hersteller importeur eu,string:1,attributes:1,20614:1,"E-CrossStu GmbH, Mainzer Landstr. 69, 60329 Frankfurt am Main, Deutschland"
Herstelleradresse Schweden,1,herstelleradresse schweden,string:1,attributes:1,181379:1,"Borggatan 5, 33573 Hillerstorp, Sweden"
Herstelleradresse USA,1,herstelleradresse usa,string:1,attributes:1,181379:1,"42 Silvermine Road, Seymour, CT, 06483 USA"
Herstellerfarbe,1,herstellerfarbe,string:1,attributes:1,387:1,Cloud White / Collegiate Green / Gum
Herstellerfreigabe,1,herstellerfreigabe,string:1,attributes:1,179501:1,ZF000020
Herstellerfreigabe Mercedes-Benz,1,herstellerfreigabe mercedes benz,string:1,attributes:1,,MB 229.61
Herstellerfreigabe Opel,1,herstellerfreigabe opel,string:1,attributes:1,,OV0401547
Herstellerfreigabe PSA,1,herstellerfreigabe psa,string:1,attributes:1,,"B71 2290, B71 2312"
Herstellerfreigabe Renault,1,herstellerfreigabe renault,string:1,attributes:1,,RN0710
Herstellerteilenummer,1,herstellerteilenummer,string:1,attributes:1,,03-WSC-0001
Herstellungsart,1,herstellungsart,string:1,attributes:1,262984:1,"Handgefertigt, handmontiert"
Herstellungsland (Herstellungsland),1,herstellungsland herstellungsland,string:1,attributes:1,162041:1,Deutschland
Herstellungsland_und_-region,1,herstellungsland und region,string:1,attributes:1,177846:1,Tschechische Republik
Herstellungsort,1,herstellungsort,string:1,attributes:1,,Paris
Herstellungszeitraum,1,herstellungszeitraum,string:1,attributes:1,3205:1,2020-Jetzt
Hinweis Bremsscheiben,1,hinweis bremsscheiben,string:1,attributes:1,57357:1,"Nur für Stahl-Bremsscheiben, nicht für Carbon-Keramik-Bremsscheiben"
Hitzebeständig,1,hitzebestandig,string:1,attributes:1,238:1,Ja
Hitzebeständig bis,1,hitzebestandig bis,string:1,attributes:1,45503:1,80°C
Hitzebeständigkeit,1,hitzebestandigkeit,string:1,attributes:1,79656:1,Bis 180°C
Hitzereduzierung,1,hitzereduzierung,string:1,attributes:1,262204:1,Ja
Höchstalter,1,hochstalter,string:1,attributes:1,,12 Jahre
Höhe [mm],1,hohe mm,string:1,attributes:1,57357:1,91.2
Höhe der Schubladen,1,hohe der schubladen,null:1,attributes:1,127551:1,
Höhe große Schale,1,hohe grosse schale,string:1,attributes:1,45503:1,"10,0 cm"
Höhe großes Glas,1,hohe grosses glas,string:1,attributes:1,,12.9 cm
Höhe Holzzylinder,1,hohe holzzylinder,string:1,attributes:1,,"ca. 14,5 cm"
Höhe in cm,1,hohe in cm,string:1,attributes:1,,4
Höhe Karaffe,1,hohe karaffe,string:1,attributes:1,,27.2 cm
Höhe kleine Schale,1,hohe kleine schale,string:1,attributes:1,45503:1,"6,0 cm"
Höhe kleines Glas,1,hohe kleines glas,string:1,attributes:1,,9.5 cm
Höhe Schutzhülle,1,hohe schutzhulle,string:1,attributes:1,261011:1,225 cm
Höhe Wurfholz,1,hohe wurfholz,string:1,attributes:1,,ca. 22 cm
Höhenverstellbereich,1,hohenverstellbereich,string:1,attributes:1,8012:1,27 - 41 cm
Hüftumfang,1,huftumfang,string:1,attributes:1,36440:1,100-135 cm
IK-Schutz,1,ik schutz,string:1,attributes:1,20697:1,IK07
Illustrationen,1,illustrationen,string:1,attributes:1,15480:1,"Liebevolle, Detailreiche Bilder"
Importeur/EC REP,1,importeur ec rep,string:1,attributes:1,177005:1,"Depha GmbH, Hansestr. 88, 38112 Braunschweig, Germany"
Inbusschlüssel Größen,1,inbusschlussel grossen,string:1,attributes:1,,"2.5 mm, 3 mm, 4 mm, 5 mm, 6 mm"
Industriestandards,1,industriestandards,string:1,attributes:1,,"ASTM USA D3306/D4656, SAE J1034, BS 6580:2010, UNE 26-361-88/1"
Inhalt HeadlightCoating,1,inhalt headlightcoating,string:1,attributes:1,179448:1,50 ml
Inhalt HeadlightPolish,1,inhalt headlightpolish,string:1,attributes:1,179448:1,250 ml
Inhaltseinheit,1,inhaltseinheit,string:1,attributes:1,,Liter
Inhibitor-Typ,1,inhibitor typ,string:1,attributes:1,,"Organisch, Silikat"
Inklusive Zubehör,1,inklusive zubehor,string:1,attributes:1,156104:1,Ja
Innen-Durchmesser,1,innen durchmesser,string:1,attributes:1,36624:1,75 mm
Innenaufteilung,1,innenaufteilung,string:1,attributes:1,,"Hauptfach, Packgurte"
Innenausstattung,1,innenausstattung,string:1,attributes:1,64637:1,Profil-Schaumstoff in Deckel und Boden
Innendurchmesser 1 [mm],1,innendurchmesser 1 mm,string:1,attributes:1,170141:1,25
Innendurchmesser 2 [mm],1,innendurchmesser 2 mm,string:1,attributes:1,170141:1,40
Innenfarbe,1,innenfarbe,string:1,attributes:1,2994:1,Türkis
Innenfutter,1,innenfutter,string:1,attributes:1,177076:1,Herausnehmbar
Innenfutter waschbar,1,innenfutter waschbar,string:1,attributes:1,177076:1,Ja
Innenmaße (ca.),1,innenmasse ca,string:1,attributes:1,64637:1,"26,5 x 17,8 - 21,5 x 6 cm"
Innenmaterial/Decksohle,1,innenmaterial decksohle,string:1,attributes:1,11504:1,Mikrofaser
Installationsmethode,1,installationsmethode,string:1,attributes:1,,"Über die Tür hängend, Wandmontage"
Instrument,1,instrument,string:1,attributes:1,41431:1,E-Gitarre
Instrumententyp,1,instrumententyp,string:1,attributes:1,33034:1,Klassische Gitarre
Integriertes Mikrofon,1,integriertes mikrofon,string:1,attributes:1,,Ja
Integriertes Thermometer,1,integriertes thermometer,string:1,attributes:1,81464:1,Ja
Intelligente Steuerung,1,intelligente steuerung,string:1,attributes:1,,Ja
Internationale Größe,1,internationale grosse,string:1,attributes:1,,M
Interne Artikelnummer,1,interne artikelnummer,string:1,attributes:1,18276:1,A11-LEQISMART
ISBN-10,1,isbn 10,string:1,attributes:1,15480:1,3789141259
ISO-Größe,1,iso grosse,string:1,attributes:1,,0
Isolierung,1,isolierung,string:1,attributes:1,260835:1,Ja
Item Specific: Absatzhöhe,1,item specific absatzhohe,string:1,attributes:1,3034:1,"Flach (unter 2,5 cm)"
Item Specific: Anzahl der Einheiten,1,item specific anzahl der einheiten,string:1,attributes:1,103428:1,1
Item Specific: Besonderheiten,1,item specific besonderheiten,string:1,attributes:1,103428:1,"Geschwungenes Design, Ergonomischer Henkel, Tropffreier Ausguss"
Item Specific: EAN,1,item specific ean,string:1,attributes:1,15709:1,4067983746314
Item Specific: Innensohlenmaterial,1,item specific innensohlenmaterial,string:1,attributes:1,3034:1,Textil
Item Specific: Laufsohlenmaterial,1,item specific laufsohlenmaterial,string:1,attributes:1,3034:1,Gummi
Item Specific: Marke,1,item specific marke,string:1,attributes:1,15709:1,Puma
Item Specific: Produktart,1,item specific produktart,string:1,attributes:1,15709:1,Sportschuh
Item Specific: Schuhgröße EU,1,item specific schuhgrosse eu,string:1,attributes:1,15709:1,38
Item Specific: Zimmer,1,item specific zimmer,string:1,attributes:1,103428:1,"Küche, Esszimmer"
item_specific_Anzahl_der_Teile,1,item specific anzahl der teile,string:1,attributes:1,20696:1,2
item_specific_Durchmesser,1,item specific durchmesser,string:1,attributes:1,260457:1,180 mm
Item_Specific_Durchmesser,1,item specific durchmesser,string:1,attributes:1,109065:1,35.5 cm
item_specific_Fassungsvermögen,1,item specific fassungsvermogen,string:1,attributes:1,20696:1,"35,5 cl"
Item_Specific_Geeignet_für,1,item specific geeignet fur,string:1,attributes:1,109065:1,"Gasherd, Elektroherd, Induktionsherd, Grill, Backofen"
Item_Specific_Griffmaterial,1,item specific griffmaterial,string:1,attributes:1,109065:1,Gusseisen
item_specific_Herstellernummer,1,item specific herstellernummer,string:1,attributes:1,65643:1,TZ80002A
item_specific_Höhe,1,item specific hohe,string:1,attributes:1,20696:1,9 cm
Item_Specific_Kapazität,1,item specific kapazitat,string:1,attributes:1,87141:1,"4,5 L"
item_specific_Länge,1,item specific lange,string:1,attributes:1,260457:1,1000 mm
Item_Specific_Montage_erforderlich,1,item specific montage erforderlich,string:1,attributes:1,19265:1,Ja
item_specific_Muster,1,item specific muster,string:1,attributes:1,20696:1,Einfarbig
item_specific_Set_enthält,1,item specific set enthalt,string:1,attributes:1,20696:1,Trinkgläser
Item_Specific_Spülmaschinengeeignet,1,item specific spulmaschinengeeignet,string:1,attributes:1,109065:1,Nein
item_specific_Stil,1,item specific stil,string:1,attributes:1,20696:1,Modern
Item_Specific_Stil,1,item specific stil,string:1,attributes:1,19265:1,Modern
item_specific_Thema,1,item specific thema,string:1,attributes:1,20696:1,"Getränke, Party"
item_specific_Zimmer,1,item specific zimmer,string:1,attributes:1,20696:1,"Küche, Esszimmer"
Item_Specific_Zimmer,1,item specific zimmer,string:1,attributes:1,19265:1,"Arbeitszimmer, Büro"
item_specific_Zustand,1,item specific zustand,string:1,attributes:1,260457:1,Neu
Item-Specific: Anzahl der Fritteusenkörbe,1,item specific anzahl der fritteusenkorbe,string:1,attributes:1,185033:1,2
Item-Specific: Besonderheiten,1,item specific besonderheiten,string:1,attributes:1,185033:1,"Dual-Zone Technologie, Digitalanzeige, Timer, Voreingestellte Programme, Spülmaschinenfeste Körbe"
Item-Specific: EAN,1,item specific ean,string:1,attributes:1,185033:1,20001500
Item-Specific: Farbe,1,item specific farbe,string:1,attributes:1,185033:1,Schwarz
Item-Specific: Fassungsvermögen,1,item specific fassungsvermogen,string:1,attributes:1,185033:1,9 L
Item-Specific: Herstellernummer,1,item specific herstellernummer,string:1,attributes:1,185033:1,KDF-5517DTW
Item-Specific: Marke,1,item specific marke,string:1,attributes:1,185033:1,LLIVEKIT
Item-Specific: Produktart,1,item specific produktart,string:1,attributes:1,185033:1,Heißluftfritteuse
Item-Specific: Steuerung,1,item specific steuerung,string:1,attributes:1,185033:1,Digital
Kabeldurchmesser,1,kabeldurchmesser,string:1,attributes:1,175736:1,"3.5mm, 5mm, 7mm, 8mm, 9mm, 13mm"
Kabellänge (m),1,kabellange m,string:1,attributes:1,20614:1,4
Kabelloser Ladestandard,1,kabelloser ladestandard,string:1,attributes:1,20349:1,MagSafe
Kabelschutz,1,kabelschutz,string:1,attributes:1,42284:1,Vorhanden
Käfigmaterial,1,kafigmaterial,string:1,attributes:1,36624:1,Messing
Kältemittelmenge,1,kaltemittelmenge,string:1,attributes:1,,12 g
Kaltstartstrom (CCA),1,kaltstartstrom cca,string:1,attributes:1,49782:1,190 A
Kannenmaterial,1,kannenmaterial,string:1,attributes:1,184665:1,Thermoskanne
Kapazität (Liter),1,kapazitat liter,string:1,attributes:1,54145:1,11500
Kapazität pro Modul,1,kapazitat pro modul,string:1,attributes:1,170083:1,8 GB
Kartenart,1,kartenart,string:1,attributes:1,138910:1,Doppelkarten
Kartenfächer,1,kartenfacher,string:1,attributes:1,2996:1,Ja
Kartuschentyp,1,kartuschentyp,string:1,attributes:1,,Keramikkartusche
Katalysator-Kompatibilität,1,katalysator kompatibilitat,string:1,attributes:1,179496:1,Ja
Kategorie (General),1,kategorie general,string:1,attributes:1,177846:1,Garten & Heimwerken > Baumarkt > Werkzeuge > Handwerkzeuge > Multitools
Kategorie (generisch),1,kategorie generisch,string:1,attributes:1,180407:1,"Auto & Motorrad > KFZ-Ersatzteile > Antrieb, Motoren & Getriebe"
Kategorie (text_features),1,kategorie text features,string:1,attributes:1,9047:1,Bücher > Sachbücher > Biografien & Erinnerungen
Kategorie (Text),1,kategorie text,string:1,attributes:1,20460:1,"Möbel & Wohnen > Bettwaren, -wäsche & Matratzen > Bettlaken & Spannbettlaken"
Kategorie (Top Level),1,kategorie top level,string:1,attributes:1,9047:1,Bücher & Zeitschriften > Sachbücher > Politik & Wirtschaft
Kategorie Bezeichnung,1,kategorie bezeichnung,string:1,attributes:1,2994:1,Sport > Sportbekleidung & -schuhe > Sportschuhe > Hallenschuhe
Kategorie ID,1,kategorie id,string:1,attributes:1,174030:1,131090
Kategorie Pfad (Allgemein),1,kategorie pfad allgemein,string:1,attributes:1,33665:1,Auto & Motorrad: Teile > Autoteile & Zubehör > Motoren & Motorenteile > Dichtungen & Montageteile > Zylinderkopfdichtungen
Kategorie_Listing,1,kategorie listing,string:1,attributes:1,156104:1,Musikinstrumente > Saiteninstrumente > Gitarren > Akustikgitarren
Kategorie_Name,1,kategorie name,string:1,attributes:1,11195:1,Drucker-Zubehör > Toner
Kategorie_Pfad_Detailliert,1,kategorie pfad detailliert,string:1,attributes:1,16061:1,Kleidung & Accessoires > Herrenschuhe > Sneaker
Kategorie_Text,1,kategorie text,string:1,attributes:1,1244:1,"Computer, Tablets & Netzwerk > Computer-Komponenten & -Teile > Motherboards"
Kategorie-Breadcrumb,1,kategorie breadcrumb,string:1,attributes:1,20444:1,"Möbel & Wohnen > Bettwaren, -wäsche & Matratzen > Bettwäsche & Kissenbezüge > Spannbettlaken"
Kederleiste Durchmesser,1,kederleiste durchmesser,string:1,attributes:1,,"5,8/7,2 mm"
Kernbohrer,1,kernbohrer,string:1,attributes:1,50382:1,Nein
Kernmaterial,1,kernmaterial,string:1,attributes:1,,Tonnentaschen-Federkern
Kettendicke,1,kettendicke,string:1,attributes:1,58100:1,22 mm
Kettendurchmesser,1,kettendurchmesser,string:1,attributes:1,58100:1,7 mm
Kettennieter integriert,1,kettennieter integriert,string:1,attributes:1,,Ja
Klimaklasse,1,klimaklasse,string:1,attributes:1,,SN/N/T/ST
Klimaregulierend,1,klimaregulierend,string:1,attributes:1,66728:1,Ja
Klingenanzahl,1,klingenanzahl,string:1,attributes:1,47931:1,Doppelklinge
Klingendekor,1,klingendekor,string:1,attributes:1,177005:1,Lasergravur in Damast-Optik
Klingenhärtung,1,klingenhartung,string:1,attributes:1,177005:1,FRIODUR® eisgehärtet
Klingenmaterial,1,klingenmaterial,string:1,attributes:1,177005:1,Spezialformel-Edelstahl
Klingentyp,1,klingentyp,string:1,attributes:1,47931:1,360 Klinge
Knie- und Gesäßverstärkung,1,knie und gesassverstarkung,string:1,attributes:1,181370:1,100% Nylon
Knieumfang,1,knieumfang,string:1,attributes:1,28829:1,33-35.6 cm (13-14 Zoll)
Kochfunktionen,1,kochfunktionen,string:1,attributes:1,185033:1,"Heißluftfrittieren, Braten, Backen, Aufwärmen, Dörren"
Kofferart,1,kofferart,string:1,attributes:1,,Trolley
Koffertyp,1,koffertyp,string:1,attributes:1,,Weichschale
Kohlensäure-Füllmenge,1,kohlensaure fullmenge,string:1,attributes:1,,425 g
Kollagenstimulation,1,kollagenstimulation,string:1,attributes:1,33164:1,Ja
Kompatibel Mit,1,kompatibel mit,string:1,attributes:1,11195:1,Brother Druckermodellen
Kompatibilität Lenkradfernbedienung,1,kompatibilitat lenkradfernbedienung,string:1,attributes:1,174119:1,Ja
Kompatible Automarken,1,kompatible automarken,string:1,attributes:1,174087:1,"Audi, Seat, Skoda, VW"
Kompatible Babybettgröße,1,kompatible babybettgrosse,string:1,attributes:1,,120 x 60 cm
Kompatible Baujahre,1,kompatible baujahre,string:1,attributes:1,263094:1,ab 2015
Kompatible Drucker,1,kompatible drucker,string:1,attributes:1,,FDM-3D-Drucker
Kompatible Druckerserien,1,kompatible druckerserien,string:1,attributes:1,16191:1,"HP DeskJet 2300, HP DeskJet 2700, HP ENVY 6000, HP ENVY 6400"
Kompatible Druckertypen,1,kompatible druckertypen,string:1,attributes:1,,FDM-Drucker
Kompatible Fahrzeuge,1,kompatible fahrzeuge,string:1,attributes:1,57357:1,"BMW 1er F20 F21, 2er F22 F23 F87, 3er F30 F31 F80"
Kompatible Fahrzeugtypen,1,kompatible fahrzeugtypen,string:1,attributes:1,,"Aprilia SR50-125, Vespa 50-200ccm, Kymco Agility Roller"
Kompatible Geräte,1,kompatible gerate,string:1,attributes:1,,Smartphones
Kompatible Instrumente,1,kompatible instrumente,string:1,attributes:1,33034:1,Klassische Konzertgitarren
Kompatible Laptopgröße,1,kompatible laptopgrosse,string:1,attributes:1,116346:1,"Bis 15,6 Zoll"
Kompatible Marken,1,kompatible marken,string:1,attributes:1,11195:1,Canon
Kompatible Modellreihe,1,kompatible modellreihe,string:1,attributes:1,33694:1,2er F45 Active Tourer
Kompatibler_Fahrradtyp,1,kompatibler fahrradtyp,string:1,attributes:1,177846:1,Universal
Kompatibles Fahrzeugmodell,1,kompatibles fahrzeugmodell,string:1,attributes:1,33612:1,Touran (1T2)
Kompatibles Modell,1,kompatibles modell,string:1,attributes:1,20349:1,iPhone 16 Pro
Kompatibles System,1,kompatibles system,string:1,attributes:1,,Quooker CUBE
Kondensatoren,1,kondensatoren,string:1,attributes:1,8012:1,100% japanische 105°C
Konfektionsgröße EU,1,konfektionsgrosse eu,string:1,attributes:1,,44
Konfektionsgröße FR,1,konfektionsgrosse fr,string:1,attributes:1,,46
Konfektionsgröße IT,1,konfektionsgrosse it,string:1,attributes:1,,50
Konfektionsgröße UK,1,konfektionsgrosse uk,string:1,attributes:1,,16
Konformität,1,konformitat,string:1,attributes:1,1188:1,ASTM D-4236
Kontaktwinkel,1,kontaktwinkel,string:1,attributes:1,36624:1,40 Grad
Konzentration,1,konzentration,string:1,attributes:1,,Konzentrat
Kopfform,1,kopfform,string:1,attributes:1,33612:1,Zylinderkopf
Kopfstütze,1,kopfstutze,string:1,attributes:1,,Höhenverstellbar
Korb-Durchmesser,1,korb durchmesser,string:1,attributes:1,20612:1,42 cm
Korbbeschichtung,1,korbbeschichtung,string:1,attributes:1,,Antihaft
Korbmaterial,1,korbmaterial,string:1,attributes:1,185033:1,Antihaftbeschichtet
Körpergröße,1,korpergrosse,string:1,attributes:1,,99-104 cm
Körpergröße Kind,1,korpergrosse kind,string:1,attributes:1,,76 - 115 cm
Körpertyp,1,korpertyp,string:1,attributes:1,28829:1,Knie
Körperunterstützung,1,korperunterstutzung,string:1,attributes:1,,Optimal
Kraftradtyp,1,kraftradtyp,string:1,attributes:1,180031:1,Roller
Kraftstoffeffizienz,1,kraftstoffeffizienz,string:1,attributes:1,179496:1,Verbessert
Kragen- und Saumdetails,1,kragen und saumdetails,string:1,attributes:1,,Rippstrick
Kratzresistenz,1,kratzresistenz,string:1,attributes:1,181383:1,Ja
Kühlerart,1,kuhlerart,string:1,attributes:1,174093:1,Luftgekühlt
Kühles Gehäuse,1,kuhles gehause,string:1,attributes:1,,Ja
Künstler,1,kunstler,string:1,attributes:1,138910:1,Andreas Felger
Kurzschlussfestigkeit,1,kurzschlussfestigkeit,string:1,attributes:1,19839:1,5 kA
Kurzschlussfestigkeit Spannung,1,kurzschlussfestigkeit spannung,string:1,attributes:1,19839:1,600 V
Lackschonend,1,lackschonend,string:1,attributes:1,50457:1,Ja
Ladeanschluss,1,ladeanschluss,string:1,attributes:1,47075:1,USB-C
Ladeart,1,ladeart,string:1,attributes:1,,Kabelloses Laden
Ladecase,1,ladecase,string:1,attributes:1,,Ja
Ladegerät enthalten,1,ladegerat enthalten,string:1,attributes:1,29518:1,Ja
Ladespannung (Zyklus),1,ladespannung zyklus,string:1,attributes:1,49782:1,14.5V-15V
Ladestrom (Standard),1,ladestrom standard,string:1,attributes:1,49782:1,2.8A
Ladezeit,1,ladezeit,string:1,attributes:1,,ca. 6 Stunden
Ladezeit (100%),1,ladezeit 100,string:1,attributes:1,29518:1,154 Minuten
Ladezeit (80%),1,ladezeit 80,string:1,attributes:1,29518:1,120 Minuten
Ladezeit Ladecase,1,ladezeit ladecase,string:1,attributes:1,,1.5 Stunden
Lagen,1,lagen,string:1,attributes:1,50457:1,Mehrlagig
Lagerhinweis,1,lagerhinweis,string:1,attributes:1,,Trocken lagern
Länge geschlossen,1,lange geschlossen,string:1,attributes:1,,13.5 cm
Länge in cm,1,lange in cm,string:1,attributes:1,,24
Länge Klinge,1,lange klinge,string:1,attributes:1,,9 cm
Langlebigkeit,1,langlebigkeit,string:1,attributes:1,33614:1,Außergewöhnlich
Laptopfach,1,laptopfach,string:1,attributes:1,68814:1,Ja
Lärmpegel,1,larmpegel,string:1,attributes:1,,45 dB
Lastaufnahme,1,lastaufnahme,string:1,attributes:1,36624:1,Kombinierte radiale und axiale Lasten
Lastenmanagement,1,lastenmanagement,string:1,attributes:1,87122:1,Optimiert für schwere Lasten
Lastrichtung,1,lastrichtung,string:1,attributes:1,36624:1,Radial und Axial
Laufschuhtyp,1,laufschuhtyp,string:1,attributes:1,158916:1,Straßenlaufschuh
Laufsohle,1,laufsohle,string:1,attributes:1,387:1,Gummi
Laufsohle Material,1,laufsohle material,string:1,attributes:1,95672:1,Gummi
Laufstil,1,laufstil,string:1,attributes:1,158916:1,Neutral
Laufzeit,1,laufzeit,string:1,attributes:1,2662:1,bis zu 150 min
Laufzeit pro Füllung,1,laufzeit pro fullung,string:1,attributes:1,69197:1,Bis zu 25 Stunden
Lebensmittelecht,1,lebensmittelecht,string:1,attributes:1,,Ja
Leckageschutz,1,leckageschutz,string:1,attributes:1,262128:1,Ja
LED Typ,1,led typ,string:1,attributes:1,,5730
LED-Chips,1,led chips,string:1,attributes:1,20697:1,Lumileds
LED/Lampen-Anzahl,1,led lampen anzahl,null:1,attributes:1,22689:1,
Leerlaufspannung,1,leerlaufspannung,string:1,attributes:1,260176:1,> 40 V
Leistung (PS),1,leistung ps,string:1,attributes:1,,2 PS
Leistung (W),1,leistung w,string:1,attributes:1,20614:1,350
Leistung pro LED,1,leistung pro led,string:1,attributes:1,183391:1,0.06 W
Leistung pro Meter,1,leistung pro meter,string:1,attributes:1,,8 W/Meter
Leistungsbereich (uPOE),1,leistungsbereich upoe,string:1,attributes:1,67276:1,30-60 Watt
Leistungsfaktor,1,leistungsfaktor,string:1,attributes:1,20697:1,"> 0,95"
Lenker,1,lenker,string:1,attributes:1,9939:1,höhenverstellbar
Leuchtdauer,1,leuchtdauer,string:1,attributes:1,,Lang
Leuchtmittel,1,leuchtmittel,string:1,attributes:1,,LED
Leuchtmittel inklusive,1,leuchtmittel inklusive,string:1,attributes:1,,Nein
Lichtausbeute,1,lichtausbeute,string:1,attributes:1,20697:1,175 lm/W
Lichtecht,1,lichtecht,string:1,attributes:1,28107:1,Ja
Lichtquelle,1,lichtquelle,null:1,attributes:1,62471:1,
Lieferumfang Edition,1,lieferumfang edition,string:1,attributes:1,32525:1,"Wendecover, Stickerbogen, 6 Postkarten, A2 doppelseitiges Poster, Sammelbox"
Liegefläche,1,liegeflache,string:1,attributes:1,14070:1,Textilgewebe (Kunstfaser)
Lineatur,1,lineatur,null:1,attributes:1,138910:1,
Linie,1,linie,string:1,attributes:1,11236:1,Healey travel
Logo,1,logo,string:1,attributes:1,33697:1,Q5
Logo-Applikation,1,logo applikation,string:1,attributes:1,,Tommy Hilfiger Flag-Stickerei
Lüftermodus,1,luftermodus,string:1,attributes:1,8012:1,Zero RPM Mode
Luftfeuchtigkeit,1,luftfeuchtigkeit,string:1,attributes:1,15052:1,10% - 90%
Magnesium,1,magnesium,string:1,attributes:1,180501:1,3.3%
Mahlwerkmaterial,1,mahlwerkmaterial,string:1,attributes:1,177008:1,Keramik
Marke (Marke),1,marke marke,string:1,attributes:1,162041:1,SETEX
Markierung,1,markierung,string:1,attributes:1,64637:1,"Großer Schriftzug ""GLOCK"" auf der Vorderseite"
Maschenweite,1,maschenweite,string:1,attributes:1,259858:1,250 µm
Maße (ca.),1,masse ca,string:1,attributes:1,,120 x 60 x 100 cm
Maße (cm),1,masse cm,string:1,attributes:1,,50.5 x 46.5 x 10.5
Maße (H x B x T),1,masse h x b x t,string:1,attributes:1,3199:1,nicht angegeben
Maße (HxBxT),1,masse hxbxt,string:1,attributes:1,139001:1,250x100x100 cm
Maße (LxBxH),1,masse lxbxh,string:1,attributes:1,,99x52x16 cm
Maße (Zoll),1,masse zoll,string:1,attributes:1,,20 x 18.25 x 4.25
Maße Bettbezug,1,masse bettbezug,string:1,attributes:1,37644:1,155x220 cm
Maße gefaltet (LxB),1,masse gefaltet lxb,string:1,attributes:1,259347:1,15x10 cm
Maße Gläser groß (BxH),1,masse glaser gross bxh,string:1,attributes:1,,"7,9x12,9 cm"
Maße Gläser klein (BxH),1,masse glaser klein bxh,string:1,attributes:1,,"7,5x9,5 cm"
Maße Karaffe (DxH),1,masse karaffe dxh,string:1,attributes:1,,"9,5x27,2 cm"
Maße pro Fliese,1,masse pro fliese,string:1,attributes:1,180981:1,30 x 30 cm
Maßgenauigkeit,1,massgenauigkeit,string:1,attributes:1,,+/- 0.02 mm
Material (Label),1,material label,string:1,attributes:1,20460:1,Baumwolle
Material Auflage,1,material auflage,string:1,attributes:1,,PU-Leder
Material Außen,1,material aussen,string:1,attributes:1,183462:1,Exo-Tec
Material Außenjacke,1,material aussenjacke,string:1,attributes:1,,100% Polyester
Material Außenschale,1,material aussenschale,string:1,attributes:1,177075:1,ABS
Material Außenschicht,1,material aussenschicht,string:1,attributes:1,36440:1,Luftdurchlässig
Material Behälter,1,material behalter,string:1,attributes:1,133704:1,BPA‑freier Kunststoff
Material Boden & Zargen,1,material boden zargen,string:1,attributes:1,156104:1,Lindenholz
Material Dach,1,material dach,string:1,attributes:1,,Bitumen
Material Decke,1,material decke,string:1,attributes:1,156104:1,Fichtenholz
Material Grillplatte,1,material grillplatte,string:1,attributes:1,151621:1,Emailliertes Gusseisen
Material Gürtelclip,1,material gurtelclip,string:1,attributes:1,,Federstahl
Material Hauptmaterial,1,material hauptmaterial,string:1,attributes:1,181370:1,"65% Polyester, 35% Baumwolle"
Material Innen,1,material innen,string:1,attributes:1,183462:1,Mikrofaser
Material Innenfutter,1,material innenfutter,string:1,attributes:1,177075:1,Textil
Material Innenjacke,1,material innenjacke,string:1,attributes:1,,100% Polyester Fleece
Material Kern,1,material kern,string:1,attributes:1,,Stahlfedern
Material Kette,1,material kette,string:1,attributes:1,58100:1,Gehärteter Stahl
Material Klingenhalter,1,material klingenhalter,string:1,attributes:1,3244:1,Edelstahl
Material Korb,1,material korb,string:1,attributes:1,,Antihaftbeschichtetes Metall
Material LammwollPad,1,material lammwollpad,string:1,attributes:1,179448:1,"68% Wolle, 19% Polypropylen, 13% Polyester"
Material Microfasertuch,1,material microfasertuch,string:1,attributes:1,179448:1,"85% Polyester, 15% Polyamid"
Material Netz,1,material netz,string:1,attributes:1,,Kunststoff
Material Oberseite,1,material oberseite,string:1,attributes:1,,100% Polyester/Spandex
Material Presskegel/Saftbehälter,1,material presskegel saftbehalter,string:1,attributes:1,20677:1,Kunststoff
Material Schirm,1,material schirm,string:1,attributes:1,,Stoff
Material Schublade,1,material schublade,string:1,attributes:1,,Galvanisiertes Metall
Material Schwert und Schild,1,material schwert und schild,string:1,attributes:1,,EVA
Material Seiten,1,material seiten,string:1,attributes:1,,100% Polyester
Material Spitze,1,material spitze,string:1,attributes:1,20835:1,Gehärteter Stahl
Material Ummantelung,1,material ummantelung,string:1,attributes:1,58100:1,Textil
Material Unterplatte,1,material unterplatte,string:1,attributes:1,,MDF-Platte
Material Unterseite,1,material unterseite,string:1,attributes:1,,100% Polyolefin-beschichtetes Polyester
Materialbasis,1,materialbasis,string:1,attributes:1,,Leinöl
Materialspezifikation,1,materialspezifikation,string:1,attributes:1,178934:1,PPS GF40
Matratzengröße,1,matratzengrosse,string:1,attributes:1,20460:1,90-100 x 200-220 cm
Maulstellung,1,maulstellung,string:1,attributes:1,20770:1,15°
Max. Aststärke Hochentaster,1,max aststarke hochentaster,string:1,attributes:1,,ca. 30 cm
Max. Ausgangsleistung pro Port,1,max ausgangsleistung pro port,string:1,attributes:1,47075:1,12W
Max. Belastbarkeit,1,max belastbarkeit,string:1,attributes:1,,160 kg
Max. Belastung,1,max belastung,string:1,attributes:1,38204:1,100 kg
Max. Betriebsdruck,1,max betriebsdruck,string:1,attributes:1,260588:1,10 bar
Max. Betriebstemperatur,1,max betriebstemperatur,string:1,attributes:1,260588:1,60 °C
Max. Datenübertragungsrate,1,max datenubertragungsrate,string:1,attributes:1,,6 Gbit/s
Max. Durchflussmenge,1,max durchflussmenge,string:1,attributes:1,,5 l/min (bei 3 bar)
Max. Durchflussmenge bei 3 bar,1,max durchflussmenge bei 3 bar,string:1,attributes:1,,5 l/min
Max. Leistung,1,max leistung,string:1,attributes:1,259273:1,3680 W
Max. Leuchtdauer,1,max leuchtdauer,string:1,attributes:1,22689:1,15h
Max. Luftgeschwindigkeit Laubbläser,1,max luftgeschwindigkeit laubblaser,string:1,attributes:1,,ca. 180 km/h
Max. Motorleistung,1,max motorleistung,string:1,attributes:1,260588:1,1.1 kW
Max. Schnittstärke Hochentaster,1,max schnittstarke hochentaster,string:1,attributes:1,,ca. 30 cm
Max. Stromaufnahme,1,max stromaufnahme,string:1,attributes:1,44932:1,3.2 A
Max. Stromstärke,1,max stromstarke,string:1,attributes:1,260588:1,10 A
Max. Temperatur,1,max temperatur,string:1,attributes:1,,350 °C
max. Tragkraft  je Fach,1,max tragkraft je fach,null:1,attributes:1,127551:1,
Max. Waschtemperatur Bezug,1,max waschtemperatur bezug,string:1,attributes:1,,60 °C
Max. Zugkraft,1,max zugkraft,string:1,attributes:1,,907 kg
Maximale Belastung,1,maximale belastung,string:1,attributes:1,11331:1,100 kg
Maximale Fahrzeughöhe,1,maximale fahrzeughohe,string:1,attributes:1,50457:1,117.5 cm
Maximale Geschwindigkeit,1,maximale geschwindigkeit,string:1,attributes:1,18276:1,20 km/h
Maximale Höhe,1,maximale hohe,string:1,attributes:1,,105 cm
Maximale Hubhöhe,1,maximale hubhohe,string:1,attributes:1,,290 mm
Maximale Länge,1,maximale lange,string:1,attributes:1,,56 cm
Maximale Netzhöhe,1,maximale netzhohe,string:1,attributes:1,,1.6 m
Maximale Reichweite,1,maximale reichweite,string:1,attributes:1,18276:1,30 km
Maximale Temperatur,1,maximale temperatur,string:1,attributes:1,,200 °C
Maximale Tragkraft,1,maximale tragkraft,string:1,attributes:1,13386:1,90 kg
Maximale Wattage,1,maximale wattage,string:1,attributes:1,,60 W
Maximales_Körpergewicht,1,maximales korpergewicht,string:1,attributes:1,2988:1,15 kg
Maximalgewicht Kind,1,maximalgewicht kind,string:1,attributes:1,,21 kg
Mechanismus,1,mechanismus,string:1,attributes:1,19265:1,Wippmechanik
Medizinprodukt,1,medizinprodukt,string:1,attributes:1,,Ja
Meißeltyp 1,1,meisseltyp 1,string:1,attributes:1,50382:1,Spitzmeißel
Meißeltyp 2,1,meisseltyp 2,string:1,attributes:1,50382:1,Flachmeißel
Mengeneinheit,1,mengeneinheit,string:1,attributes:1,57357:1,Achsenset
Mensur,1,mensur,string:1,attributes:1,22670:1,63 cm
Menthol,1,menthol,string:1,attributes:1,180501:1,1.140 mg/kg
Merkmal,1,merkmal,string:1,attributes:1,262241:1,mit Zweimassenschwungrad (ZMS)
Messfunktion,1,messfunktion,string:1,attributes:1,33557:1,"Temperatur, Luftfeuchtigkeit"
Messfunktionen,1,messfunktionen,string:1,attributes:1,29525:1,"Außenmessung, Innenmessung, Tiefenmessung, Stufenmessung"
Messprinzip,1,messprinzip,string:1,attributes:1,29523:1,"Magnetisch, Wirbelstrom"
Messpunkt Kaltstartstrom,1,messpunkt kaltstartstrom,string:1,attributes:1,49782:1,-18 °C
Mindestgewicht des Benutzers,1,mindestgewicht des benutzers,string:1,attributes:1,11331:1,20 kg
Mine,1,mine,string:1,attributes:1,25354:1,Graphit
Minenformat,1,minenformat,null:1,attributes:1,25354:1,
Minimale Höhe,1,minimale hohe,string:1,attributes:1,,67 cm
Minimale Hubhöhe,1,minimale hubhohe,string:1,attributes:1,,140 mm
Minimale Länge,1,minimale lange,string:1,attributes:1,,43 cm
Mischverhältnis,1,mischverhaltnis,string:1,attributes:1,,1:1 mit Wasser
Mit ABS-Ring,1,mit abs ring,string:1,attributes:1,33729:1,Ja
Mit Absaugstation,1,mit absaugstation,string:1,attributes:1,2662:1,Ja
Mit Glasplatte,1,mit glasplatte,string:1,attributes:1,,Ja
Mit Griff,1,mit griff,string:1,attributes:1,,Ja
Mit Kopfkissen,1,mit kopfkissen,string:1,attributes:1,14070:1,Ja
Mit Sonnendach,1,mit sonnendach,string:1,attributes:1,14070:1,Ja
Mittelschicht-Material,1,mittelschicht material,string:1,attributes:1,158928:1,100 % thermoplastischer Elastomer (TPE)
Mobil,1,mobil,string:1,attributes:1,72576:1,Ja
Modell Akku,1,modell akku,string:1,attributes:1,29518:1,PBA 18V/45
Modell Ladegerät,1,modell ladegerat,string:1,attributes:1,29518:1,AL 1810 CV
Modularität,1,modularitat,string:1,attributes:1,8012:1,Vollmodular
Monitoring,1,monitoring,string:1,attributes:1,19656:1,Echtzeit-Monitoring
Montage_erforderlich,1,montage erforderlich,string:1,attributes:1,3199:1,Ja
Montagebereich,1,montagebereich,string:1,attributes:1,3199:1,Decke
Montagehinweis,1,montagehinweis,string:1,attributes:1,33612:1,Anzugsdrehmomente beachten
Montagematerial inklusive,1,montagematerial inklusive,string:1,attributes:1,174030:1,Nein
Montageort,1,montageort,string:1,attributes:1,,Auf Babybett
Montageseite,1,montageseite,string:1,attributes:1,170141:1,beidseitig
Montierte Größe,1,montierte grosse,string:1,attributes:1,1188:1,203 x 110 x 241 mm
MTBF,1,mtbf,string:1,attributes:1,,2.000.000 Stunden
Münzfach,1,munzfach,string:1,attributes:1,2996:1,Ja
Muster (Muster),1,muster muster,string:1,attributes:1,68814:1,Einfarbig
Nachhaltig,1,nachhaltig,string:1,attributes:1,,Ja
Nadeltiefe,1,nadeltiefe,string:1,attributes:1,33164:1,Einstellbar
Nagelproblem_sekundär,1,nagelproblem sekundar,string:1,attributes:1,,Brüchige Nägel
Nagelstruktur,1,nagelstruktur,string:1,attributes:1,,Regenerierend
Nahtversiegelt,1,nahtversiegelt,string:1,attributes:1,261011:1,Ja
NAND-Typ,1,nand typ,string:1,attributes:1,,3D TLC
Nass- und Trockenanwendung,1,nass und trockenanwendung,string:1,attributes:1,47931:1,Ja
Natrium,1,natrium,string:1,attributes:1,180501:1,0%
Navigation,1,navigation,string:1,attributes:1,174119:1,GPS integriert
Navigationstechnologie,1,navigationstechnologie,string:1,attributes:1,2662:1,LiDAR
NCQ-Unterstützung,1,ncq unterstutzung,string:1,attributes:1,,Ja
Neigungswinkel,1,neigungswinkel,string:1,attributes:1,,Verstellbar
Nennleistung AC-23A (400V),1,nennleistung ac 23a 400v,string:1,attributes:1,19839:1,10.5 kW
Nennleistung AC-3 (400V),1,nennleistung ac 3 400v,string:1,attributes:1,19839:1,9 kW
nennstrom,1,nennstrom,string:1,attributes:1,185059:1,8
Nettogewicht (kg),1,nettogewicht kg,string:1,attributes:1,20614:1,1.7
Nettoinhalt,1,nettoinhalt,string:1,attributes:1,180501:1,8 x 110 g
Netzanschluss,1,netzanschluss,string:1,attributes:1,260588:1,"230 V, Schuko-Stecker und Schuko-Kupplung"
Netzfrequenz,1,netzfrequenz,string:1,attributes:1,67720:1,50/60 Hz
Netzhöhe,1,netzhohe,string:1,attributes:1,,1.6 m
Netzlänge,1,netzlange,string:1,attributes:1,,4 m
Netzwerkstandard,1,netzwerkstandard,string:1,attributes:1,182094:1,CAT5e
Nicht geeignet für,1,nicht geeignet fur,string:1,attributes:1,50457:1,Dauerhaften Winter- und UV-Schutz
Norm,1,norm,string:1,attributes:1,20770:1,ISO 7736
Norm Erwachsene,1,norm erwachsene,string:1,attributes:1,109677:1,EN ISO 20471
Norm Kinder,1,norm kinder,string:1,attributes:1,109677:1,EN 17353:2020
NVMe-Protokoll,1,nvme protokoll,string:1,attributes:1,,NVMe 1.3
Oberfläche Gestell,1,oberflache gestell,string:1,attributes:1,,Pulverbeschichtet
Oberflächenbeschichtung,1,oberflachenbeschichtung,string:1,attributes:1,98847:1,Poliert
Oberflächenfinish,1,oberflachenfinish,string:1,attributes:1,,Matt
Oberflächenmaterial,1,oberflachenmaterial,string:1,attributes:1,33694:1,Velours
Oberflächenqualität,1,oberflachenqualitat,string:1,attributes:1,,Makellos
Oberflächenstruktur,1,oberflachenstruktur,string:1,attributes:1,158928:1,"Erhabene, griffige Textur"
Oberflächentyp,1,oberflachentyp,string:1,attributes:1,,Gemalt
OE-Nummer,1,oe nummer,string:1,attributes:1,33665:1,"038103383BL, 038103383DE, 1212188109"
OE-Referenz,1,oe referenz,string:1,attributes:1,170141:1,16 03 254
OE-Referenznummer,1,oe referenznummer,string:1,attributes:1,170141:1,1403300051
OEM-Referenznummer,1,oem referenznummer,string:1,attributes:1,262161:1,735480887
Öko-Tex Standard,1,oko tex standard,string:1,attributes:1,,100
Ölbasis,1,olbasis,string:1,attributes:1,,Bi-Synthetisch (PAO+Ester)
Ölspezifikation,1,olspezifikation,string:1,attributes:1,179501:1,ATF DCG II
Optik,1,optik,string:1,attributes:1,95672:1,Glitzernd
Optische Wirkung,1,optische wirkung,string:1,attributes:1,,Raumvergrößerung
Original,1,original,string:1,attributes:1,11195:1,Ja
Originaltitel,1,originaltitel,string:1,attributes:1,15480:1,Meiner! Hilfst du mir? Dann teilen wir!
Ort (Aufdruck),1,ort aufdruck,string:1,attributes:1,20444:1,D73257 Köngen
Orthopädisch,1,orthopadisch,string:1,attributes:1,,Ja
Oszillationswinkel,1,oszillationswinkel,string:1,attributes:1,20612:1,Automatisch 90°
Pädagogischer Wert,1,padagogischer wert,string:1,attributes:1,,"Kreativität, Feinmotorik, räumliches Vorstellungsvermögen"
PAP-Kennzeichnung,1,pap kennzeichnung,string:1,attributes:1,33661:1,Ja
Papiergewicht,1,papiergewicht,string:1,attributes:1,28113:1,200 g/m²
Papierqualität,1,papierqualitat,string:1,attributes:1,15480:1,Strapazierfähiges Papier
Passend für Fahrzeugmarken,1,passend fur fahrzeugmarken,string:1,attributes:1,33564:1,"Hyundai, Kia"
Passend für Modell,1,passend fur modell,string:1,attributes:1,33694:1,2er F45 Active Tourer
Passend für Modellreihen,1,passend fur modellreihen,string:1,attributes:1,33564:1,"Audi A4, Audi A5, Audi A6"
Passende Sattelstützen-Ø,1,passende sattelstutzen,string:1,attributes:1,177835:1,25.4 - 31.8 mm
Passform-System,1,passform system,string:1,attributes:1,87122:1,Custom Fit
Passgenauigkeit,1,passgenauigkeit,string:1,attributes:1,262128:1,Präzisionsgefertigt
Patentnummer,1,patentnummer,string:1,attributes:1,259347:1,ZL2016 2.0671313.4
PCIe-Anschlüsse,1,pcie anschlusse,string:1,attributes:1,8012:1,PCIe 5.1 mit 12V-2x6
PCIe-Version,1,pcie version,string:1,attributes:1,1244:1,4.0
Performance/Aktivität,1,performance aktivitat,string:1,attributes:1,15709:1,"Handball, Freizeit, Alltag"
Personalisiert,1,personalisiert,string:1,attributes:1,15709:1,Nein
Pflegeeigenschaft,1,pflegeeigenschaft,string:1,attributes:1,,Maschinenwaschbar
Pflegehinweis (Pflegehinweis),1,pflegehinweis pflegehinweis,string:1,attributes:1,162041:1,Schonende Reinigung gemäß Herstellerangaben
Pflegehinweis 2,1,pflegehinweis 2,string:1,attributes:1,,Nicht bleichen
Pflegehinweis 3,1,pflegehinweis 3,string:1,attributes:1,,Nicht im Trockner trocknen
Pflegehinweis_Detail,1,pflegehinweis detail,string:1,attributes:1,11484:1,"Pflegeleicht, formbeständig"
Pflegeleicht,1,pflegeleicht,string:1,attributes:1,180981:1,Ja
Pflicht: Kompatible Druckermodelle,1,pflicht kompatible druckermodelle,string:1,attributes:1,11195:1,Siehe Beschreibung
Pflichtattribut_Herstellernummer,1,pflichtattribut herstellernummer,string:1,attributes:1,11778:1,STS-GS-003
Pflichtattribut_Marke,1,pflichtattribut marke,string:1,attributes:1,11778:1,Dexcom
Pflichtattribut_Produktart,1,pflichtattribut produktart,string:1,attributes:1,11778:1,Sensor für kontinuierliche Glukosemessung (CGM)
Pflichtattribute,1,pflichtattribute,string:1,attributes:1,11195:1,"{""Marke"":""Canon"",""Modell"":""718"",""Produkttyp"":""Toner"",""Kompatible_Marke"":""Canon"",""Kompatible_Druckermodelle"":""Siehe Beschreibung"",""Zustand"":""Neu: Sonstige (siehe Artikelbeschreibung"
Pflichtattribute_Produkttyp,1,pflichtattribute produkttyp,string:1,attributes:1,11195:1,Toner
Pflichtattribute:Fahrradtyp,1,pflichtattribute fahrradtyp,string:1,attributes:1,58100:1,Universal
Pflichtattribute:Farbe,1,pflichtattribute farbe,string:1,attributes:1,58100:1,Schwarz
Pflichtattribute:Marke,1,pflichtattribute marke,string:1,attributes:1,58100:1,NEXTCOVER
Pflichtattribute:Material,1,pflichtattribute material,string:1,attributes:1,58100:1,Stahl
Pflichtattribute:Produkttyp,1,pflichtattribute produkttyp,string:1,attributes:1,58100:1,Faltschloss
PGM-Prüfzeichen,1,pgm prufzeichen,string:1,attributes:1,50382:1,Ja
Phosphor,1,phosphor,string:1,attributes:1,180501:1,0%
Phthalat-frei,1,phthalat frei,string:1,attributes:1,157325:1,Ja
Pinselform,1,pinselform,string:1,attributes:1,84904:1,"Flach, Rund"
Plattenmaße,1,plattenmasse,string:1,attributes:1,156105:1,ca. 37 x 23 cm
Plattform,1,plattform,string:1,attributes:1,32525:1,Nintendo Switch
Plattformhöhe,1,plattformhohe,string:1,attributes:1,,Mittel
Polsterung,1,polsterung,string:1,attributes:1,,Schaumstoff
Polzahl,1,polzahl,string:1,attributes:1,19839:1,4-polig
Präzisionsklasse,1,prazisionsklasse,string:1,attributes:1,36624:1,P6
Primäre Eigenschaft,1,primare eigenschaft,string:1,attributes:1,,Fördert Regeneration
Produkt ID,1,produkt id,string:1,attributes:1,101428:1,3770010398363
Produkt-ID (intern),1,produkt id intern,string:1,attributes:1,11195:1,B423K-BLACK-TONER
Produkt-ID (Intern),1,produkt id intern,string:1,attributes:1,20460:1,VG-JSB-100x200-BLAU
Produktbezeichnung,1,produktbezeichnung,string:1,attributes:1,259321:1,Ürün 1
Produktcode,1,produktcode,string:1,attributes:1,,716405
Produktgewicht,1,produktgewicht,string:1,attributes:1,11331:1,3.5 kg
Produktgröße (L x B x H),1,produktgrosse l x b x h,string:1,attributes:1,,615 x 370 x 365 mm
Produktname (Variante),1,produktname variante,string:1,attributes:1,20625:1,Seltmann Weiden Kaffeeservice Lido Solid Black 18-tlg. Elegantes Porzellan
Produktnummer,1,produktnummer,string:1,attributes:1,3205:1,010876
Produkttyp (Produkttyp),1,produkttyp produkttyp,string:1,attributes:1,162041:1,Matratzenschoner
Profil,1,profil,string:1,attributes:1,,Flachprofil
Programme,1,programme,string:1,attributes:1,133704:1,"Mixen, Max Mixen, Zerkleinern"
Prozessor-Unterstützung,1,prozessor unterstutzung,string:1,attributes:1,1244:1,AMD Ryzen 7000/8000 Serie
Prüfnorm,1,prufnorm,string:1,attributes:1,177075:1,ECE R22-06
PVC-frei,1,pvc frei,string:1,attributes:1,183462:1,Ja
Qualitätsmerkmal,1,qualitatsmerkmal,string:1,attributes:1,,Getestet unter anspruchsvollen Bedingungen
Qualitätsprüfung,1,qualitatsprufung,string:1,attributes:1,,Bestanden
QuickClean-Funktion,1,quickclean funktion,string:1,attributes:1,,Ja
Raddurchmesser,1,raddurchmesser,string:1,attributes:1,11331:1,200 mm
Räder,1,rader,string:1,attributes:1,,Ja
Räderkonfiguration,1,raderkonfiguration,string:1,attributes:1,9939:1,"2 vorne, 1 hinten"
Radiofunktion,1,radiofunktion,string:1,attributes:1,174119:1,RDS
Rahmenfarbe,1,rahmenfarbe,string:1,attributes:1,45246:1,Gold
RAID-Unterstützung,1,raid unterstutzung,string:1,attributes:1,,Ja
Räucherebenen,1,raucherebenen,string:1,attributes:1,81464:1,Mehrere
RDS-Funktion,1,rds funktion,string:1,attributes:1,174119:1,Ja
Recyclinghinweis,1,recyclinghinweis,string:1,attributes:1,,LDPE Kunststoff Hausmüll
Reduktion Wärmeeinstrahlung,1,reduktion warmeeinstrahlung,string:1,attributes:1,175757:1,ca. 45 %
Referenznummer,1,referenznummer,string:1,attributes:1,262228:1,212 323 00 20
Referenznummer_OEM,1,referenznummer oem,string:1,attributes:1,33564:1,2 111 254
Referenznummer(n) OE/OEM,1,referenznummer n oe oem,string:1,attributes:1,33579:1,910158
Reflektierend,1,reflektierend,string:1,attributes:1,50457:1,Ja
Region,1,region,string:1,attributes:1,16191:1,"Europa, Russland, GUS, Mittlerer Osten & Afrika"
Regionalcode,1,regionalcode,string:1,attributes:1,32525:1,PAL
Regler,1,regler,string:1,attributes:1,,"Attack, Threshold, Gain, Ratio"
Reifengröße,1,reifengrosse,string:1,attributes:1,18276:1,10 Zoll
Reihenanzahl,1,reihenanzahl,string:1,attributes:1,36624:1,Einreihig
Reinigungseigenschaft,1,reinigungseigenschaft,string:1,attributes:1,,Leicht zu reinigen
Reinigungsfreundlich,1,reinigungsfreundlich,string:1,attributes:1,,Ja
Reinigungssystem,1,reinigungssystem,string:1,attributes:1,,QuickClean
Reißverschlussart,1,reissverschlussart,string:1,attributes:1,,4-seitiger Rundumreißverschluss
RFID ID,1,rfid id,string:1,attributes:1,,067902
RFID Schutz,1,rfid schutz,string:1,attributes:1,2996:1,Ja
Richtcharakteristik,1,richtcharakteristik,string:1,attributes:1,119019:1,Niere (Cardioid)
Rohasche,1,rohasche,string:1,attributes:1,180501:1,60.4%
Rohfaser,1,rohfaser,string:1,attributes:1,180501:1,2.8%
Rohfett,1,rohfett,string:1,attributes:1,180501:1,4.7%
Rohprotein,1,rohprotein,string:1,attributes:1,180501:1,3.7%
RoHS-konform,1,rohs konform,string:1,attributes:1,,Ja
RoHS-Konformität,1,rohs konformitat,string:1,attributes:1,174119:1,Ja
Rollen-Eigenschaften,1,rollen eigenschaften,string:1,attributes:1,,Leichtgängig
Rostbeständig,1,rostbestandig,string:1,attributes:1,20622:1,Ja
Rostfrei,1,rostfrei,string:1,attributes:1,,Ja
Rostmaterial,1,rostmaterial,string:1,attributes:1,,Verchromter Stahl
Rotorblatt-Durchmesser,1,rotorblatt durchmesser,string:1,attributes:1,20612:1,35 cm
Rotordurchmesser,1,rotordurchmesser,string:1,attributes:1,20612:1,30 cm
Rückenlänge,1,ruckenlange,string:1,attributes:1,87122:1,Verstellbar
Rückenlehne,1,ruckenlehne,string:1,attributes:1,,Mehrfach verstellbar
Rückenlehnenhöhe,1,ruckenlehnenhohe,string:1,attributes:1,19265:1,Hoch
Rückenpanel,1,ruckenpanel,string:1,attributes:1,87122:1,"Spritzgegossener, gestanzter Schaumstoff"
Rückensystem,1,ruckensystem,string:1,attributes:1,87122:1,AirScape Suspension
Rückenteil,1,ruckenteil,string:1,attributes:1,68814:1,"gepolstert, mit Mesh"
Rückgaberecht,1,ruckgaberecht,string:1,attributes:1,178934:1,14 Tage
Rückhaltesystem,1,ruckhaltesystem,string:1,attributes:1,,Airbag-System
Rückschwenkwinkel,1,ruckschwenkwinkel,string:1,attributes:1,20770:1,15°
RUS Größe,1,rus grosse,string:1,attributes:1,,40
Rutschfest,1,rutschfest,string:1,attributes:1,259347:1,Ja
Rutschfeste Füße,1,rutschfeste fusse,string:1,attributes:1,20677:1,Ja
Rutschfestigkeit,1,rutschfestigkeit,string:1,attributes:1,158928:1,Ausgelegt für guten Halt mit Schuhen und barfuß
S.M.A.R.T.-Unterstützung,1,s m a r t unterstutzung,string:1,attributes:1,,Ja
Saftbehälter Farbe,1,saftbehalter farbe,string:1,attributes:1,20677:1,Transparent
Saitenanzahl,1,saitenanzahl,string:1,attributes:1,41431:1,6
Saitenmaterial,1,saitenmaterial,string:1,attributes:1,41431:1,Nickel Plated Steel
Saitenstärke,1,saitenstarke,string:1,attributes:1,41431:1,10-46
Saitentyp,1,saitentyp,string:1,attributes:1,41431:1,E-Gitarre
Sammlerstück,1,sammlerstuck,string:1,attributes:1,262984:1,Ja
Sattelbreite,1,sattelbreite,string:1,attributes:1,22670:1,50 mm
Sattelstreben,1,sattelstreben,null:1,attributes:1,177822:1,
Saugfähigkeit,1,saugfahigkeit,string:1,attributes:1,133696:1,Wasserabsorbierend
Saugkern,1,saugkern,string:1,attributes:1,36440:1,Stark
Saugkraft (kPa),1,saugkraft kpa,string:1,attributes:1,20614:1,13
Säurefrei,1,saurefrei,string:1,attributes:1,183462:1,Ja
Schaftdurchmesser,1,schaftdurchmesser,string:1,attributes:1,50382:1,18 mm
Schafttyp,1,schafttyp,string:1,attributes:1,50382:1,SDS max
Schaftweite,1,schaftweite,string:1,attributes:1,,Normal
Schaltertyp,1,schaltertyp,string:1,attributes:1,42284:1,Staubdichter Schalter
Schaumstärke,1,schaumstarke,string:1,attributes:1,50457:1,4 mm Neopren
Scheibengröße,1,scheibengrosse,string:1,attributes:1,177807:1,"282mm Durchmesser, 9mm Dicke"
Schichthaftung,1,schichthaftung,string:1,attributes:1,,Exzellent
Schlafklima,1,schlafklima,string:1,attributes:1,,Atmungsaktiv
Schlauchdurchmesser,1,schlauchdurchmesser,string:1,attributes:1,260307:1,19 mm
Schleifpapierbefestigung,1,schleifpapierbefestigung,string:1,attributes:1,42284:1,Klettverschluss
Schleiftellerdurchmesser,1,schleiftellerdurchmesser,string:1,attributes:1,42284:1,125 mm
Schließmechanismus,1,schliessmechanismus,string:1,attributes:1,58100:1,Schlüssel
Schliffart,1,schliffart,string:1,attributes:1,177005:1,Hohlschliff mit Kullen
Schliffart Klinge,1,schliffart klinge,string:1,attributes:1,,Wellenschliff
Schloss,1,schloss,string:1,attributes:1,,TSA-Zahlenschloss
Schlossart,1,schlossart,string:1,attributes:1,,TSA-Zahlenschloss
Schmutzabweisend,1,schmutzabweisend,string:1,attributes:1,180916:1,Ja
Schnellladefunktion,1,schnellladefunktion,string:1,attributes:1,,Ja
Schnittbreite Freischneider,1,schnittbreite freischneider,string:1,attributes:1,,ca. 25.5 cm
Schnittbreite Rasentrimmer,1,schnittbreite rasentrimmer,string:1,attributes:1,,ca. 45 cm
Schnittform,1,schnittform,string:1,attributes:1,,Regular Fit
Schnittlänge Heckenschere,1,schnittlange heckenschere,string:1,attributes:1,,ca. 48 cm
Schnittstellen,1,schnittstellen,string:1,attributes:1,44932:1,"Magnetstreifen, Chipkarte"
Schnitttiefe Rasenkantenschneider,1,schnitttiefe rasenkantenschneider,string:1,attributes:1,,ca. 1-5 cm
Schraubendreher Typen,1,schraubendreher typen,string:1,attributes:1,,"Kreuzschlitz, Schlitz"
Schreibmaschinen-Zubehör,1,schreibmaschinen zubehor,null:1,attributes:1,9606:1,
Schubladenmaterial,1,schubladenmaterial,string:1,attributes:1,,Metall
Schuhart,1,schuhart,string:1,attributes:1,13340:1,Tennisschuh
Schuhgröße (UK),1,schuhgrosse uk,string:1,attributes:1,181136:1,7
Schuhgröße CM,1,schuhgrosse cm,string:1,attributes:1,3034:1,24.5
Schuhgröße UK,1,schuhgrosse uk,string:1,attributes:1,3034:1,5.5
Schuhgröße UK (Damen),1,schuhgrosse uk damen,string:1,attributes:1,15709:1,8
Schuhgröße UK (Herren),1,schuhgrosse uk herren,string:1,attributes:1,15709:1,7.5
Schuhgröße US (Damen),1,schuhgrosse us damen,string:1,attributes:1,15709:1,10
Schuhgröße US (Herren),1,schuhgrosse us herren,string:1,attributes:1,15709:1,8.5
Schuhgröße_CM,1,schuhgrosse cm,string:1,attributes:1,15709:1,26
Schuhgröße_US,1,schuhgrosse us,string:1,attributes:1,15709:1,8
Schuhstil,1,schuhstil,string:1,attributes:1,21240:1,Sneaker
Schutz,1,schutz,string:1,attributes:1,33694:1,"Abnutzung, Schmutz, Flecken"
Schutz vor,1,schutz vor,string:1,attributes:1,50457:1,"Hagel, Kastanien, Ästen, Schmutz"
Schutzbrille,1,schutzbrille,string:1,attributes:1,45246:1,Nein
Schutzklasse,1,schutzklasse,string:1,attributes:1,,IP20
Schutzmerkmale,1,schutzmerkmale,string:1,attributes:1,33034:1,"Stoßschutz, Kratzschutz, Staubschutz"
Schutzsystem,1,schutzsystem,string:1,attributes:1,70911:1,MIPS
Schwenkbar,1,schwenkbar,string:1,attributes:1,29508:1,Ja
Schwenkbarer Auslauf,1,schwenkbarer auslauf,string:1,attributes:1,29508:1,Ja
Schwenkbereich,1,schwenkbereich,string:1,attributes:1,,10°
SD-Karten-Slot,1,sd karten slot,string:1,attributes:1,174119:1,Ja
Seillänge,1,seillange,string:1,attributes:1,85040:1,"2,2 m"
Seite,1,seite,string:1,attributes:1,170141:1,beidseitig
Seitenleistung Farbe,1,seitenleistung farbe,string:1,attributes:1,16191:1,100 Seiten
Seitenleistung Schwarz,1,seitenleistung schwarz,string:1,attributes:1,16191:1,120 Seiten
Seitenreichweite,1,seitenreichweite,string:1,attributes:1,11195:1,4.000 Seiten
Seitenzahl,1,seitenzahl,string:1,attributes:1,9047:1,736
Sekundäre Eigenschaft,1,sekundare eigenschaft,string:1,attributes:1,,Schützend
Sekundärfarbe,1,sekundarfarbe,string:1,attributes:1,,Gelb
Sekundärfunktion,1,sekundarfunktion,string:1,attributes:1,54145:1,Geruchs- und Geschmacksreduktion
Selbstreinigungsfunktion,1,selbstreinigungsfunktion,string:1,attributes:1,166779:1,Ja
Sensor-Typ,1,sensor typ,string:1,attributes:1,,Bewegungsmelder
Sensorart,1,sensorart,null:1,attributes:1,63276:1,
Sensorik,1,sensorik,string:1,attributes:1,,Dämmerungssensor
Seriennummer,1,seriennummer,string:1,attributes:1,15052:1,PG443G07FB00009348
Service-Hotline,1,service hotline,string:1,attributes:1,20696:1,0800 204041
Set beinhaltet,1,set beinhaltet,string:1,attributes:1,,"Lounge Sofa, Sessel, Tisch, Polsterauflagen"
Set Inhalt,1,set inhalt,string:1,attributes:1,177846:1,"1x Hex 2.5x100, 1x Hex 3x100, 1x Hex 4x150, 1x Hex 5x150, 1x Hex 6x200, 1x Hex 8x200, 1x Hex 10x200, 1x TX 10x100, 1x TX 20x100, 1x TX 25x200"
Set-Bestandteile,1,set bestandteile,string:1,attributes:1,90635:1,"Kleid, Kopfbedeckung mit Ohren, Armstulpen, Leggings"
Set-Nummer,1,set nummer,string:1,attributes:1,19006:1,60429
Set-Typ,1,set typ,string:1,attributes:1,,Karaffen- und Gläserset
Set-Umfang,1,set umfang,string:1,attributes:1,33697:1,4-teilig
Set-Zusammensetzung,1,set zusammensetzung,string:1,attributes:1,,"1 Karaffe, 2 Gläser mit Glasdeckel, 6 große Gläser, 6 kleine Gläser"
Setbestandteile,1,setbestandteile,string:1,attributes:1,,"1 Karaffe, 2 Gläser mit Glasdeckel, 6 große Gläser, 6 kleine Gläser"
Setname,1,setname,string:1,attributes:1,23609:1,Badespaß: Schwimmender Tierzug
Sicherheitsgurt,1,sicherheitsgurt,string:1,attributes:1,25668:1,3-Punkt-Gurt
Sicherheitshinweise,1,sicherheitshinweise,string:1,attributes:1,16191:1,Außer Reichweite von Kindern aufbewahren
Sicherheitsnorm,1,sicherheitsnorm,string:1,attributes:1,,EN ISO 7866
Sicherheitssperre,1,sicherheitssperre,string:1,attributes:1,,Ja
Sicherheitsstandard,1,sicherheitsstandard,string:1,attributes:1,,UN R129/03 (i-Size)
Sicherheitsstandards,1,sicherheitsstandards,string:1,attributes:1,234:1,"ASTM D 4236, ASTM F963-17"
Sicherheitssystem,1,sicherheitssystem,string:1,attributes:1,180953:1,Beurer BSS
Sicherheitsverriegelung,1,sicherheitsverriegelung,string:1,attributes:1,,Selbstverriegelnde Klinge
Sicherheitszertifikate,1,sicherheitszertifikate,string:1,attributes:1,,"CE-Kennzeichnung, TÜV-geprüft, Spiel gut Siegel"
Sichtfenster Kennzeichen,1,sichtfenster kennzeichen,string:1,attributes:1,,Ja
Sichtwinkel,1,sichtwinkel,string:1,attributes:1,180136:1,70°
Signalintegrität,1,signalintegritat,string:1,attributes:1,,Stabil
Signalübertragung,1,signalubertragung,string:1,attributes:1,,Störungsfrei
Sitzfunktion,1,sitzfunktion,string:1,attributes:1,,Ja
Sitzhöhe (maximal),1,sitzhohe maximal,string:1,attributes:1,,675 mm
Sitzmöbel,1,sitzmobel,null:1,attributes:1,62492:1,
Sitzrichtung,1,sitzrichtung,string:1,attributes:1,,Vorwärtsgerichtet
Sitztiefe verstellbar,1,sitztiefe verstellbar,string:1,attributes:1,19265:1,Nein
Skaleneinheiten,1,skaleneinheiten,string:1,attributes:1,29525:1,"Metrisch, Imperial"
SKU/Box,1,sku box,string:1,attributes:1,14070:1,1
Smart Home Kommunikationsprotokoll,1,smart home kommunikationsprotokoll,string:1,attributes:1,185059:1,"Bluetooth, Wi-Fi"
Smart Home System,1,smart home system,string:1,attributes:1,33557:1,Govee Home App
smart_home_kommunikationsprotokoll,1,smart home kommunikationsprotokoll,string:1,attributes:1,185059:1,"Bluetooth, Wi-Fi"
Smarte Funktionen,1,smarte funktionen,string:1,attributes:1,,NFC Connect
Sockel,1,sockel,null:1,attributes:1,62471:1,
Sohle Eigenschaft,1,sohle eigenschaft,string:1,attributes:1,2994:1,Nicht abfärbend
Solarpanel Leistung,1,solarpanel leistung,string:1,attributes:1,,5V/2A
Solarpanel Typ,1,solarpanel typ,string:1,attributes:1,,Monokristallin
Solarpanel-Typ,1,solarpanel typ,string:1,attributes:1,183391:1,Amorphes Silizium
Sonnenblende,1,sonnenblende,string:1,attributes:1,177075:1,"Integriert, getönt"
Sonnenblende Farbe,1,sonnenblende farbe,string:1,attributes:1,177075:1,Getönt
Sound Presets,1,sound presets,string:1,attributes:1,174119:1,Ja
Spannbereich,1,spannbereich,string:1,attributes:1,3244:1,10-22 mm
Spannungsversorgung AC,1,spannungsversorgung ac,string:1,attributes:1,,230V
Spannungsversorgung DC,1,spannungsversorgung dc,string:1,attributes:1,,"12V, 24V"
Spannweite,1,spannweite,string:1,attributes:1,179514:1,65mm-212mm
Speichertakt,1,speichertakt,string:1,attributes:1,170083:1,3200 MHz
Spende,1,spende,string:1,attributes:1,15480:1,Ein Euro pro Buch
Spendenaktion,1,spendenaktion,string:1,attributes:1,15480:1,Ein Euro pro Buch
Spezifikation ACEA,1,spezifikation acea,string:1,attributes:1,,"C2, C3"
Spezifikation API,1,spezifikation api,string:1,attributes:1,,SP/SN Plus
Spiegelglas,1,spiegelglas,string:1,attributes:1,262161:1,Konvex
Spiegelglasform,1,spiegelglasform,string:1,attributes:1,262161:1,Konvex
Spiegelheizung,1,spiegelheizung,string:1,attributes:1,262161:1,Ja
Spiegeltyp,1,spiegeltyp,string:1,attributes:1,,Komplettspiegel
Spiegelverstellung,1,spiegelverstellung,string:1,attributes:1,262161:1,Elektrisch
Spieldauer,1,spieldauer,string:1,attributes:1,19082:1,ca. 15 Minuten
Spielname,1,spielname,string:1,attributes:1,19082:1,Dobble
Spieltyp,1,spieltyp,string:1,attributes:1,183457:1,Sammelkartenspiel
Spielzeugart,1,spielzeugart,string:1,attributes:1,,Konstruktionsspielzeug
Spitzentyp,1,spitzentyp,string:1,attributes:1,120:1,Doppelfasermaler
Sportarten,1,sportarten,string:1,attributes:1,,"Badminton, Tennis, Volleyball"
Sprache Warnhinweis,1,sprache warnhinweis,string:1,attributes:1,,"Deutsch, Italienisch"
Sprachen,1,sprachen,string:1,attributes:1,32525:1,"Deutsch, Englisch, Französisch, Italienisch, Spanisch"
Sprengung,1,sprengung,string:1,attributes:1,158916:1,0 mm
Spritzwasserschutz,1,spritzwasserschutz,string:1,attributes:1,18276:1,IPX5
Sprudelwasser-Kapazität,1,sprudelwasser kapazitat,string:1,attributes:1,,60 Liter
Spülbrause,1,spulbrause,string:1,attributes:1,29508:1,Ja
Spülbrause vorhanden,1,spulbrause vorhanden,string:1,attributes:1,29508:1,Ja
Spulenmaterial,1,spulenmaterial,string:1,attributes:1,,Recyceltes Material
Spulentyp,1,spulentyp,string:1,attributes:1,,Abnehmbar & Wiederverwendbar
Spülmaschinenfestes Zubehör,1,spulmaschinenfestes zubehor,string:1,attributes:1,,Ja
Stabil,1,stabil,string:1,attributes:1,72576:1,Ja
Stabilität,1,stabilitat,string:1,attributes:1,11236:1,Robust
Staubabsaugung,1,staubabsaugung,string:1,attributes:1,42284:1,Effizientes Staubfangsystem
Staubbehälter-Volumen,1,staubbehalter volumen,string:1,attributes:1,2662:1,"0,6 l"
Staubbehälterkapazität,1,staubbehalterkapazitat,string:1,attributes:1,20614:1,0.4 L
Staubbehältervolumen,1,staubbehaltervolumen,string:1,attributes:1,20614:1,0.4 L
Staubbehältervolumen (L),1,staubbehaltervolumen l,string:1,attributes:1,20614:1,0.4
Steckdosenart,1,steckdosenart,string:1,attributes:1,259273:1,Schuko (Typ F)
Steghöhe,1,steghohe,string:1,attributes:1,37644:1,45 cm
Stehleuchten,1,stehleuchten,null:1,attributes:1,62471:1,
Steuerungsart,1,steuerungsart,string:1,attributes:1,,Fernbedienung
Stiftfarben,1,stiftfarben,string:1,attributes:1,28113:1,Bunt
Stiftform,1,stiftform,string:1,attributes:1,28108:1,Rund
Stifttyp,1,stifttyp,string:1,attributes:1,28113:1,Doppelspitzenstift
Stilmerkmal,1,stilmerkmal,string:1,attributes:1,,Zeitlos
Stoffgewicht,1,stoffgewicht,string:1,attributes:1,,Mittelschwer
Stoffqualität,1,stoffqualitat,string:1,attributes:1,37644:1,Musselin
Stoffstruktur,1,stoffstruktur,string:1,attributes:1,,Twill-Gewebe
Stofftyp,1,stofftyp,string:1,attributes:1,,Twill
Stoßfestigkeit,1,stossfestigkeit,string:1,attributes:1,,1500G
Straßenverkehrszulassung,1,strassenverkehrszulassung,string:1,attributes:1,18276:1,"Ja, Deutschland (ABE P352)"
STRATIC Connect,1,stratic connect,string:1,attributes:1,,Ja
Streaming-Protokolle,1,streaming protokolle,string:1,attributes:1,122188:1,"AirPlay, Miracast"
Streckgrenze,1,streckgrenze,string:1,attributes:1,260176:1,440 MPa
Stretchanteil,1,stretchanteil,string:1,attributes:1,,Ja
Strichstärke,1,strichstarke,string:1,attributes:1,22689:1,0.4 mm
Stromaufnahme (AC Adapter),1,stromaufnahme ac adapter,string:1,attributes:1,,2.5 A
Stromstärke,1,stromstarke,string:1,attributes:1,32109:1,275 A
Stück pro Karton,1,stuck pro karton,string:1,attributes:1,,1
Stückzahl pro Packung,1,stuckzahl pro packung,string:1,attributes:1,259347:1,500
Stylecode,1,stylecode,string:1,attributes:1,2994:1,DJ1196-101
System,1,system,string:1,attributes:1,,Thule Evo Fixpoint
Systemtyp,1,systemtyp,string:1,attributes:1,178934:1,Offene Ansaugung
Taillenumfang,1,taillenumfang,string:1,attributes:1,11507:1,91-97 cm
Taillenumfang (Zoll),1,taillenumfang zoll,string:1,attributes:1,11507:1,36-38
Taschenanzahl,1,taschenanzahl,string:1,attributes:1,,Mehrere
Taschenmerkmale,1,taschenmerkmale,string:1,attributes:1,,"Reißverschluss-Seitentaschen, Brusttasche"
Taschenposition,1,taschenposition,string:1,attributes:1,,Seitlich
Taschentyp,1,taschentyp,string:1,attributes:1,,Cargotaschen
Tassenkapazität,1,tassenkapazitat,string:1,attributes:1,184665:1,8 Tassen
Tastenbeleuchtung Farbe,1,tastenbeleuchtung farbe,string:1,attributes:1,174119:1,Rot
TBW,1,tbw,string:1,attributes:1,,80 TB
Team,1,team,string:1,attributes:1,2024:1,Deutschland
Technologiebasis,1,technologiebasis,string:1,attributes:1,179496:1,Synthesetechnologie
Teilung,1,teilung,string:1,attributes:1,261012:1,.325 Zoll
Teleskopgriff Material,1,teleskopgriff material,string:1,attributes:1,,Aluminium
Temperatur,1,temperatur,null:1,attributes:1,62471:1,
Temperatur-Einstellbereich,1,temperatur einstellbereich,string:1,attributes:1,,-20 bis 20 ℃
Temperaturbegrenzung,1,temperaturbegrenzung,string:1,attributes:1,,40°C
Temperaturregulierend,1,temperaturregulierend,string:1,attributes:1,,Ja
Textilart,1,textilart,string:1,attributes:1,37644:1,Flanell
Tiefe der Schubladen,1,tiefe der schubladen,null:1,attributes:1,127551:1,
Timer,1,timer,string:1,attributes:1,,Integriert
Titel des Buches,1,titel des buches,string:1,attributes:1,261186:1,Biologika Organ Atlas
Tonabnehmer,1,tonabnehmer,string:1,attributes:1,156104:1,Nein
Torx Schlüssel Größe,1,torx schlussel grosse,string:1,attributes:1,,T25
Tragbar,1,tragbar,string:1,attributes:1,,Ja
Tragegriffe,1,tragegriffe,string:1,attributes:1,,"Oben, Seite"
Tragehenkel,1,tragehenkel,string:1,attributes:1,,15 cm
Trägertyp,1,tragertyp,string:1,attributes:1,,Spaghettiträger
Tragestil,1,tragestil,string:1,attributes:1,,In-Ear
Tragesystem,1,tragesystem,string:1,attributes:1,,Rucksack-Tragesystem
Tragfähigkeit,1,tragfahigkeit,string:1,attributes:1,,"2,3 kg"
Transparenz,1,transparenz,string:1,attributes:1,387:1,"Blickdicht, Lichtfilternd"
Transport,1,transport,string:1,attributes:1,,Tragbar
Transportfähigkeit,1,transportfahigkeit,string:1,attributes:1,,Ja
Treiber,1,treiber,string:1,attributes:1,20697:1,Philips
Treibgliedstärke,1,treibgliedstarke,string:1,attributes:1,261012:1,1.6 mm
Treibmittel,1,treibmittel,string:1,attributes:1,,C5H10
Trinkwassergeeignet,1,trinkwassergeeignet,string:1,attributes:1,,Ja
Trockenlänge,1,trockenlange,string:1,attributes:1,20622:1,20 Meter
Tuner,1,tuner,string:1,attributes:1,174119:1,"DAB+, RDS"
Tuning-Teil,1,tuning teil,string:1,attributes:1,174030:1,Nein
Überhitzungsschutz,1,uberhitzungsschutz,string:1,attributes:1,,Ja
Überlauf,1,uberlauf,string:1,attributes:1,30255:1,Nein
Überlauf_Typ,1,uberlauf typ,string:1,attributes:1,260627:1,rechteckig an Beckenwand
UK Größe,1,uk grosse,string:1,attributes:1,,40
Ultraschallfrequenz,1,ultraschallfrequenz,string:1,attributes:1,67720:1,40 kHz
Ultraschallleistung,1,ultraschallleistung,string:1,attributes:1,67720:1,120 W
Umgebungstemperatur,1,umgebungstemperatur,string:1,attributes:1,19839:1,Max. 50°C
Umgebungstemperatur (Betrieb),1,umgebungstemperatur betrieb,string:1,attributes:1,54145:1,4 °C bis 40 °C
Umgebungstemperatur (Transport/Lagerung),1,umgebungstemperatur transport lagerung,string:1,attributes:1,54145:1,-20 °C bis 50 °C
Umgebungstemperatur max.,1,umgebungstemperatur max,string:1,attributes:1,19839:1,50°C
Umschläge Farbe,1,umschlage farbe,string:1,attributes:1,138910:1,Weiß
Umwandlungsrate,1,umwandlungsrate,string:1,attributes:1,47075:1,>76%
Umweltfreundlich,1,umweltfreundlich,string:1,attributes:1,,Ja
Universell einsetzbar,1,universell einsetzbar,string:1,attributes:1,174087:1,Nein
Universell kompatibel,1,universell kompatibel,string:1,attributes:1,174030:1,Nein
Universelle Passform,1,universelle passform,string:1,attributes:1,50457:1,Ja
Untermaterial,1,untermaterial,string:1,attributes:1,158928:1,100 % recyceltes Polyvinylbutyral
Unterstützte Kabeltypen,1,unterstutzte kabeltypen,string:1,attributes:1,67276:1,"CAT5e, CAT6"
Unterstützte Kartentypen,1,unterstutzte kartentypen,string:1,attributes:1,44932:1,"HiCo-Magnetstreifen, kontaktbasierte Smartcards"
Unterstützte Smartphone-Integration,1,unterstutzte smartphone integration,string:1,attributes:1,122188:1,"Apple CarPlay, Android Auto"
UPC,1,upc,string:1,attributes:1,,8720672452250
US-Schuhgröße Damen,1,us schuhgrosse damen,string:1,attributes:1,16061:1,10
US-Schuhgröße Herren,1,us schuhgrosse herren,string:1,attributes:1,16061:1,8.5
USB-Anschluss,1,usb anschluss,string:1,attributes:1,174119:1,Ja
USB-Kabellänge,1,usb kabellange,string:1,attributes:1,123417:1,1m
UV-Beständigkeit,1,uv bestandigkeit,string:1,attributes:1,50457:1,Nicht dauerhaft
UV-Licht,1,uv licht,string:1,attributes:1,20614:1,Integriertes UV-C-Modul
UVP,1,uvp,string:1,attributes:1,20444:1,15.99
vendorSku,1,vendorsku,string:1,attributes:1,57990:1,OM0028-502-L
Ventil-Typ,1,ventil typ,string:1,attributes:1,259858:1,Schrägsitzventil
Verdrehschutz,1,verdrehschutz,string:1,attributes:1,,Ja
Verpackungsabmessungen,1,verpackungsabmessungen,string:1,attributes:1,81464:1,"18.03"" x 18.03"" x 23.81"""
Verpackungsangabe Händler,1,verpackungsangabe handler,string:1,attributes:1,20460:1,"AWG, D-73257 Köngen"
Verpackungsart,1,verpackungsart,string:1,attributes:1,,Beutel
Verpackungsgewicht,1,verpackungsgewicht,string:1,attributes:1,81464:1,30.1 LBS
Verpackungsinhalt,1,verpackungsinhalt,string:1,attributes:1,11195:1,Eine Tonerpatrone
Verpackungssprache,1,verpackungssprache,string:1,attributes:1,180916:1,"Deutsch, Englisch"
Verpackungsvolumen,1,verpackungsvolumen,string:1,attributes:1,81464:1,0.483 CU.FT.
Verpackungszertifikat,1,verpackungszertifikat,string:1,attributes:1,181379:1,FSC C166433
Verpackungszustand,1,verpackungszustand,string:1,attributes:1,,Beschädigt
Versand,1,versand,string:1,attributes:1,178934:1,Kostenloser DHL Versand
Verschleißwarnanzeige,1,verschleisswarnanzeige,string:1,attributes:1,57357:1,Vorbereitet
Verschleißwarnkontakt,1,verschleisswarnkontakt,string:1,attributes:1,57357:1,Nein
Verschlussart (Verschlussart),1,verschlussart verschlussart,string:1,attributes:1,68814:1,"Rolltop, Klickverschluss"
Verschlussart Hose,1,verschlussart hose,string:1,attributes:1,,Kordelzug
Verschlussart Jacke,1,verschlussart jacke,string:1,attributes:1,,Reißverschluss
Versiegelung,1,versiegelung,string:1,attributes:1,49782:1,Ja
Versorgungsspannung,1,versorgungsspannung,string:1,attributes:1,44932:1,24V DC
Verstellart,1,verstellart,string:1,attributes:1,262161:1,Elektrisch
Verstellbare Armlehnen,1,verstellbare armlehnen,string:1,attributes:1,19265:1,Nein
Verstellbarkeit,1,verstellbarkeit,string:1,attributes:1,,Ausziehbar
Verwendung,1,verwendung,string:1,attributes:1,33156:1,"Zum Befüllen, Dekoration"
Vibration,1,vibration,string:1,attributes:1,,20G
Vibrationsarm,1,vibrationsarm,string:1,attributes:1,134642:1,Ja
Vibrationswiderstand,1,vibrationswiderstand,string:1,attributes:1,49782:1,Hoch
Visier Eigenschaften,1,visier eigenschaften,string:1,attributes:1,177075:1,"Klar, kratzfest, UV-Schutz"
Visierart,1,visierart,string:1,attributes:1,177076:1,"Iridium, kratzfest"
Visierdetails,1,visierdetails,string:1,attributes:1,70911:1,"Verstellbar, Goggle-kompatibel, Bruchfunktion"
Visierfarbe,1,visierfarbe,string:1,attributes:1,177075:1,Klar
Vitamin A,1,vitamin a,string:1,attributes:1,180501:1,230.000 I.E./kg
Vitamin D3,1,vitamin d3,string:1,attributes:1,180501:1,46.000 I.E./kg
Vitamin E,1,vitamin e,string:1,attributes:1,180501:1,4.600 mg/kg
Volumen (Kubikzoll),1,volumen kubikzoll,string:1,attributes:1,87122:1,3967 in³
Volumen (Liter),1,volumen liter,string:1,attributes:1,,65
Volumen (Volumen),1,volumen volumen,string:1,attributes:1,68814:1,ca. 16-20 Liter
Volumen große Schale,1,volumen grosse schale,string:1,attributes:1,45503:1,1900 ml
Volumen kleine Schale,1,volumen kleine schale,string:1,attributes:1,45503:1,300 ml
Volumen Organizer-Tasche,1,volumen organizer tasche,string:1,attributes:1,,4 Liter
Volumen pro Farbe,1,volumen pro farbe,string:1,attributes:1,84904:1,"7,5 ml"
Volumen Zylinder,1,volumen zylinder,string:1,attributes:1,,0.6 Liter
Volumenerweiterung,1,volumenerweiterung,string:1,attributes:1,,Dehnfalte
Volumenfunktion,1,volumenfunktion,string:1,attributes:1,11236:1,Erweiterbar
Vorbehandlung,1,vorbehandlung,string:1,attributes:1,109065:1,Vorgewürzt
Vorbereitet für Verschleißwarnanzeige,1,vorbereitet fur verschleisswarnanzeige,string:1,attributes:1,57357:1,Ja
Vorgeladen,1,vorgeladen,string:1,attributes:1,49782:1,Ja
Vorteil,1,vorteil,string:1,attributes:1,33614:1,Leistungs- und Kraftstoffeffizienzsteigerung
Wandstärke,1,wandstarke,string:1,attributes:1,260457:1,2 mm
Warengruppe,1,warengruppe,string:1,attributes:1,,Shirts
Wärmeklasse,1,warmeklasse,string:1,attributes:1,66728:1,Extra Warm
Wärmestufe,1,warmestufe,string:1,attributes:1,66728:1,Warm
Warmhaltefunktion,1,warmhaltefunktion,string:1,attributes:1,184665:1,Ja
Warmhalterost,1,warmhalterost,string:1,attributes:1,,Ja
Wartungsarm,1,wartungsarm,string:1,attributes:1,134642:1,Ja
Wartungsfrei,1,wartungsfrei,string:1,attributes:1,49782:1,Ja
Wartungsfreiheit,1,wartungsfreiheit,string:1,attributes:1,49782:1,Ja
Waschbar,1,waschbar,string:1,attributes:1,66728:1,Ja
Waschbarkeit,1,waschbarkeit,string:1,attributes:1,180953:1,Maschinenwaschbar
Waschbarkeit Bezug,1,waschbarkeit bezug,string:1,attributes:1,,Bis 60 °C
Wasserfest,1,wasserfest,string:1,attributes:1,,Ja
Wasserhahnloch-Anzahl,1,wasserhahnloch anzahl,string:1,attributes:1,29508:1,1
Wassersäule,1,wassersaule,string:1,attributes:1,,10000 mm
Wasserspar-Technologie,1,wasserspar technologie,string:1,attributes:1,,EcoSmart
Wassertank,1,wassertank,string:1,attributes:1,69197:1,Top-Fill Design
Wasservermalbar,1,wasservermalbar,string:1,attributes:1,28107:1,Ja
Webart,1,webart,string:1,attributes:1,,Feinstrick
Wechselspannung (AC),1,wechselspannung ac,string:1,attributes:1,,100-240V
weight_unit,1,weight unit,string:1,attributes:1,122188:1,kg
Weitere Artikelnummer,1,weitere artikelnummer,string:1,attributes:1,262228:1,MSM0204
Werkzeugart,1,werkzeugart,string:1,attributes:1,177846:1,Ratschen-Werkzeug
Werkzeugkategorie,1,werkzeugkategorie,string:1,attributes:1,,Kfz-Spezialwerkzeug
Wetter,1,wetter,string:1,attributes:1,,Regen
Wetterbeständig,1,wetterbestandig,string:1,attributes:1,,Ja
Wetterfest,1,wetterfest,string:1,attributes:1,,Ja
Widerstandsstufen,1,widerstandsstufen,string:1,attributes:1,,"Leicht, Mittel, Stark"
Wiederaufladbar,1,wiederaufladbar,string:1,attributes:1,,Ja
Wiedergabezeit Kopfhörer,1,wiedergabezeit kopfhorer,string:1,attributes:1,,8 Stunden
Wiedergabezeit Ladecase,1,wiedergabezeit ladecase,string:1,attributes:1,,40 Stunden
Wiederverwendbar,1,wiederverwendbar,string:1,attributes:1,259347:1,Ja
Wiederverwendbarkeit,1,wiederverwendbarkeit,string:1,attributes:1,259321:1,Ja
Winddicht,1,winddicht,string:1,attributes:1,,Ja
Wirkung_quartär,1,wirkung quartar,string:1,attributes:1,,Hydratisierend
Wirkung_sekundär,1,wirkung sekundar,string:1,attributes:1,,Stärkend
Wirkung_tertiär,1,wirkung tertiar,string:1,attributes:1,,Revitalisierend
Wirkungsspektrum,1,wirkungsspektrum,string:1,attributes:1,,"Regenerierend, Stärkend, Hydratisierend, Revitalisierend, Schützend"
Wischfunktion,1,wischfunktion,string:1,attributes:1,2662:1,Ja
X-Bass,1,x bass,string:1,attributes:1,174119:1,Ja
Zähigkeit,1,zahigkeit,string:1,attributes:1,,Verbessert
Zähnezahl,1,zahnezahl,string:1,attributes:1,262241:1,23
Zellstruktur,1,zellstruktur,string:1,attributes:1,158928:1,"Geschlossene Zellen, feuchtigkeitsabweisend"
Zentrierungsdurchmesser,1,zentrierungsdurchmesser,string:1,attributes:1,33564:1,68 mm
Zertifikat,1,zertifikat,string:1,attributes:1,37644:1,OEKO-TEX MADE IN GREEN
Zertifizierung (Zertifizierung),1,zertifizierung zertifizierung,string:1,attributes:1,162041:1,OEKO-TEX STANDARD 100
Ziel-Nagelzustand,1,ziel nagelzustand,string:1,attributes:1,,Brüchige Nägel
Zonenanzahl,1,zonenanzahl,string:1,attributes:1,,7
Zubehör,1,zubehor,string:1,attributes:1,156104:1,Ja
Zugang zu,1,zugang zu,string:1,attributes:1,,"Installation, Leitungen, Verteilerkästen"
Zugband vorhanden,1,zugband vorhanden,string:1,attributes:1,13386:1,Ja
Zugfestigkeit,1,zugfestigkeit,string:1,attributes:1,260176:1,540 MPa
Zusammenbau nötig,1,zusammenbau notig,string:1,attributes:1,9939:1,Nein
Zusatzbezeichnung,1,zusatzbezeichnung,string:1,attributes:1,262241:1,ZMS Modul XTend plus CSC
Zusätzliche Zertifizierung,1,zusatzliche zertifizierung,string:1,attributes:1,109677:1,CE 0598
Zusatzmerkmal,1,zusatzmerkmal,string:1,attributes:1,11863:1,Clean
Zustandsbeschreibung,1,zustandsbeschreibung,string:1,attributes:1,,Kratzer auf der Auflagefläche
Zweck,1,zweck,string:1,attributes:1,180501:1,Milchfieber-Prophylaxe
Zwei-Tank-System,1,zwei tank system,string:1,attributes:1,166779:1,Ja
Zylindertyp,1,zylindertyp,string:1,attributes:1,58100:1,ABUS X-Plus
