baselinker_product_id;inventory_id;avycloud_product_id;sku;ean;mpn;title;description;quantity;price;category_path;baselinker_product_id_source
467513684;78659;00442039661193;SKU-7225351886;4262479341886;X001Y0BTE9;COSII Hundepool x001Y0BTE9 120cm ca. 339 Liter Mittelgroße bis große Hunde;Der COSII Hundepool bietet Ihrem Vierbeiner an heißen Tagen eine willkommene Abkühlung und sicheren Badespaß im eigenen Garten. Seine robuste Konstruktion aus hochwertigem PVC und PP ist speziell für den Einsatz mit Hunden konzipiert und widersteht selbst intensiver Nutzung und Krallen. Die innovative Faltfunktion ermöglicht einen werkzeuglosen Aufbau in wenigen Sekunden sowie ein ebenso schnelles Zusammenlegen, was einen mühelosen Transport sicherstellt. Dieses Design erlaubt zudem eine äußerst platzsparende Lagerung außerhalb der Badesaison, ideal für kleine Räume. Die Reinigung des Hundepools gestaltet sich denkbar einfach, da das Material leicht abwaschbar ist und ein praktisches Ablassventil eine zügige Entleerung gewährleistet. Mit seinen Maßen von 120x30cm bietet er ausreichend Platz für mittelgroße bis große Hunde und garantiert ein sicheres Badevergnügen.;1;22.99;;product.ops
465111088;78659;0060cdec-9193-411b-af64-4754ca0226bd;SKU-1844691476;0085854258548;3205317;Thule Trekking Reiserucksack 3205317 NEU;Der Thule Landmark 70L Reiserucksack in Darkest Blue ist der ideale Begleiter für ausgedehnte Reisen und anspruchsvolle Trekkingtouren. Er vereint herausragende Qualität mit durchdachter Funktionalität, um den Anforderungen jedes Abenteuers gerecht zu werden. Die robuste Konstruktion dieses Rucksacks wurde umfassend im Thule Approved Test Programm geprüft, was höchste Belastbarkeit und außergewöhnliche Langlebigkeit garantiert. Zudem ist das Produkt nach strengen bluesign-Standards gefertigt, was eine umweltfreundliche und sozial verantwortliche Produktion sicherstellt. Dieser vielseitige Rucksack ist sofort einsatzbereit und lässt sich unkompliziert pflegen, um seine Qualität langfristig zu erhalten. Eine umfassende Thule Garantie sichert die langfristige Zufriedenheit und Zuverlässigkeit dieses hochwertigen Produkts ab.;1;144.45;;product.ops
485930713;78659;00872299043330;SKU-9129624671;872299043330;20201512;Thule Gepäckträger 20201512 NEU;Der Thule Chariot Cargo Rack 2 erweitert Ihren Thule Doppel-Kinderanhänger um wertvollen zusätzlichen Stauraum. Dieses praktische Zubehörteil schafft mühelos Platz für Utensilien und ist ideal für Ausflüge oder den täglichen Einkauf. Das Cargo Rack ermöglicht eine sichere Zuladung von bis zu 2,3 kg, wodurch Sie problemlos zusätzliche Ausrüstung transportieren können. Eine integrierte Reißverschlusstasche bietet dabei sicheren und schnell zugänglichen Stauraum für kleinere Essentials. Die Montage des Thule Chariot Cargo Rack 2 gestaltet sich äußerst einfach und schnell, sodass es ohne großen Aufwand angebracht werden kann. Diese robuste und langlebige Lösung erweitert die Funktionalität Ihres Thule Doppel-Kinderanhängers erheblich und bietet mehr Flexibilität im Familienalltag.;1;84.96;;product.ops
491621018;78659;0098931289601;SKU-2231367173;0098931289601;;Bedrop Bienengiftsalbe Hautpflege Beruhigend Revitalisierend 100g NEU;Die bedrop Bee Cream ist eine exklusive Bienengiftsalbe, die speziell für eine intensive Pflege und Beruhigung Ihrer Haut entwickelt wurde. Diese hochwertige Formulierung kombiniert die natürlichen Kräfte von reinem Bienenwachs, wertvollem Bienengift und einer synergistischen Mischung aus acht sorgfältig ausgewählten Kräuterextrakten. Für optimale Pflegeergebnisse tragen Sie die Creme zweimal täglich, vorzugsweise morgens und abends, auf die gründlich gereinigte Haut auf. Massieren Sie das Produkt sanft und vollständig in die betroffenen Hautpartien ein, um die umfassenden und wohltuenden Eigenschaften optimal zu entfalten. Diese einzigartige Zusammensetzung gewährleistet eine angenehme und tiefenwirksame Pflege, welche die Haut nachhaltig revitalisiert und spürbar geschmeidiger macht. Erleben Sie die harmonische Wirkung dieser natürlichen Inhaltsstoffe für Ihr tägliches Wohlbefinden und eine sichtbar verbesserte Hautstruktur.;1;24.99;;product.ops
473049821;78659;0099557e-b9f0-45a4-9c7c-d6418e7daac5;SKU-2250869990;0751677212219;HMF-B03;HENMI Radsport Fahrradständer HMF-B03 NEU;Der HENMI HMF-B03 Fahrradständer bietet eine zuverlässige und stabile Lösung, um Ihr Fahrrad sicher abzustellen und effektiv vor dem Umfallen zu schützen. Gefertigt aus robuster Aluminiumlegierung, gewährleistet dieser verstellbare Seitenständer stets einen festen Stand auf verschiedenen Untergründen. Die Montage des HENMI HMF-B03 erfolgt einfach und schnell direkt am Fahrradrahmen, was eine unkomplizierte Ausstattung Ihres Fahrrads ermöglicht. Sein unauffälliges schwarzes Design fügt sich nahtlos in die Ästhetik jedes Fahrrads ein und unterstreicht die hochwertige Verarbeitung. Dieser Fahrradständer ist vielseitig kompatibel mit Radgrößen von 24 bis 29 Zoll und bietet eine maximale Tragfähigkeit von bis zu 30 kg. Dank seiner Höhenverstellbarkeit passt er sich flexibel an diverse Fahrradmodelle an und optimiert somit den täglichen Gebrauch Ihres Rades erheblich.;1;15.98;;product.ops
484709398;78659;0198303486543;SKU-7255766247;0198303486543;661581842;Abercrombie Fitch Herren T-Shirt Mehrfarbig Gr. L 100% Baumwolle 661581842;Entdecken Sie das exklusive Abercrombie & Fitch Polished Icon T-Shirt im praktischen 3er-Pack, eine unverzichtbare Ergänzung für die moderne Herrengarderobe. Diese T-Shirts bieten eine perfekte Kombination aus zeitlosem Design und außergewöhnlichem Tragekomfort, ideal für den täglichen Gebrauch oder entspannte Anlässe. Jedes Shirt ist aus 100% reiner, hochwertiger Baumwolle gefertigt, was ein besonders weiches Hautgefühl und optimale Atmungsaktivität gewährleistet. Das präzise gestickte ikonische Elch-Logo auf der Brust unterstreicht den markentypischen Look und verleiht jedem Outfit eine Note von dezenter Eleganz. Das Set umfasst drei vielseitige Farben – Dunkelblau, Blau und Weiß – die sich mühelos in bestehende Outfits integrieren lassen und für vielfältige Kombinationsmöglichkeiten sorgen. Dank der pflegeleichten Eigenschaften ist eine unkomplizierte Maschinenwäsche möglich, wodurch die langanhaltende Qualität und Formbeständigkeit dieser Essentials gesichert ist.;1;36.99;;product.ops
467473381;78659;03142017000003;SKU-9947386415;;711004;Weber Räucherofen 711004 Gr. 37cm NEU;Der Weber Smokey Mountain Cooker 37 cm ist die perfekte Wahl für alle, die authentische Raucharomen lieben und präzises Räuchern schätzen. Seine robuste Konstruktion aus hochwertigem, emailliertem Stahl verspricht jahrelange Freude an perfekt zubereiteten Speisen. Dank des integrierten Deckelthermometers und der Möglichkeit, auf mehreren Ebenen zu räuchern, behalten Sie stets die volle Kontrolle über den Garprozess. Die durchdachte Bauweise ermöglicht ein müheloses Räuchererlebnis für Anfänger und erfahrene Grillmeister gleichermaßen. Im Lieferumfang ist zudem eine passgenaue Premium-Abdeckung enthalten, die den Smoker optimal vor Witterungseinflüssen schützt. Vertrauen Sie auf die bewährte Qualität von Weber, die für zuverlässigen Rauchgenuss und eine lange Lebensdauer steht.;1;705.46;;product.ops
486559124;78659;0402019292922;SKU-9400450055;8424445107988;9202922;Außenspiegel Rechts für Fiat Citroën Peugeot Ducato Jumper Boxer ALKAR;Der ALKAR Außenspiegel 9202922 ist ein hochwertiges Ersatzteil, das speziell für eine klare und sichere Sicht im Straßenverkehr entwickelt wurde. Er ist passend für diverse Fahrzeugmodelle wie Fiat Ducato, Citroën Jumper und Peugeot Boxer und gewährleistet eine zuverlässige Funktion. Mit seiner elektrischen 5-poligen Anbindung lässt sich der Spiegel präzise einstellen und nahtlos in die Fahrzeugelektronik integrieren. Die robuste Konstruktion sorgt für Langlebigkeit und Beständigkeit gegenüber alltäglichen Belastungen sowie Witterungseinflüssen. Dieser Außenspiegel ist ein direkter Ersatz für die rechte Fahrzeugseite und ermöglicht eine unkomplizierte Montage. Er stellt die ursprüngliche Funktionalität und das ästhetische Erscheinungsbild Ihres Fahrzeugs wieder her, wodurch die allgemeine Fahrsicherheit maßgeblich verbessert wird.;1;117;;product.ops
467473379;78659;04052938000016;SKU-4641833225;4052938000016;7.22184.39.0;Pierburg Luftmassenmesser 1xLuftmassenmesser NEU;Dieser Pierburg Luftmassenmesser optimiert die Motorleistung und Effizienz Ihres Fahrzeugs signifikant, indem er eine exakte Luftmassenmessung gewährleistet. Eine präzise Kraftstoff-Luft-Mischung wird dadurch sichergestellt, was den Kraftstoffverbrauch reduziert und schädliche Emissionen minimiert. Als hochwertiges Originalersatzteil von Pierburg zeichnet sich dieses Produkt durch erstklassige Qualität und garantierte Passgenauigkeit aus. Gefertigt aus robustem schwarzem Kunststoff, ist der Lieferumfang ein Pierburg Luftmassenmesser, konzipiert für unkomplizierte Installation und schnelle Wiederherstellung der vollen Motorfunktionalität. Vertrauen Sie auf die bewährte Ingenieurskunst von Pierburg, die weltweit für ihre Zuverlässigkeit und die Einhaltung strengster Abgasnormen geschätzt wird. Sichern Sie sich dieses essenzielle Teil jetzt, um die Leistung und Effizienz Ihres Fahrzeugs nachhaltig zu maximieren und von langfristiger Qualität zu profitieren.;1;84.01;;product.ops
499981015;78659;0456566400136;SKU-4138606905;0456566400136;4565/664/001;Stradivarius Damen Hose Schwarz Lederimitat 4565/664/001 NEU;Diese moderne Stradivarius Hose für Damen besticht durch ihr elegantes Schwarz und die hochwertige Verarbeitung aus feinem Lederimitat. Ihr ansprechendes Design macht sie zu einem modischen Highlight, das sowohl optisch als auch haptisch überzeugt. Die präzise Passform in europäischer Konfektionsgröße 36 gewährleistet eine optimale Silhouette und bietet gleichzeitig hohen Tragekomfort. Sie lässt sich mühelos kombinieren und ist ideal für stilvolle Auftritte in jeder Saison. Ein robuster Knopf- und Reißverschluss sorgt für sicheren Halt und bequemes An- und Ausziehen. Diese Hose ergänzt sowohl lässige als auch schickere Outfits perfekt und unterstreicht Ihren individuellen Stil auf elegante Weise.;1;29.9;;product.ops
499981058;78659;0562769421460;SKU-3166809997;4064308921760;1432-7575;FIRE+ICE Wintersportler Wintersporthose Schwarz Gr. M;Die FIRE+ICE Wintersporthose SCOTT3-T ist die ideale Wahl für anspruchsvolle Wintersportler, die höchste Ansprüche an Funktionalität und Komfort stellen. Ihr Regular Fit und der mittelhohe Bund gewährleisten optimale Bewegungsfreiheit sowie einen stets angenehmen Tragekomfort auf der Piste oder im Gelände. Gefertigt aus 100% recyceltem Polyester, bietet diese Hose eine beeindruckende Wassersäule von 10. 000 mm und eine hohe Atmungsaktivität von 15. 000 g/m²/24h. Diese Eigenschaften garantieren zuverlässigen Schutz vor Nässe und eine hervorragende Klimaregulierung bei intensiven Aktivitäten in den Bergen. Praktische Hosenbeinabschlüsse sind mit robustem Kantenschutz und einem integrierten Schneefang ausgestattet, um optimal vor den Elementen zu schützen. Zwei seitliche Reißverschlusstaschen und zwei Gesäßtaschen bieten zudem sicheren Stauraum für persönliche Gegenstände, während der Verschluss mit FIRE+ICE Druckknöpfen, Haken und Reißverschluss für sicheren Halt sorgt.;1;335.71;;product.ops
491621064;78659;0615272916159;SKU-6031918857;0615272916159;TX103;SORAKO Exzenterschleifer 350W Kabelgebunden 16 Schleifpapiere NEU;Der SORAKO Exzenterschleifer TX103 ist ein leistungsstarkes Werkzeug für vielseitige Schleif- und Polierarbeiten. Sein robuster 350W Motor ermöglicht effizientes Arbeiten auf unterschiedlichsten Oberflächen und Materialien. Dieses Gerät bietet sechs einstellbare Geschwindigkeitsstufen von 6000 bis 13000 U/min, wodurch die Drehzahl optimal an jede spezifische Anwendung angepasst werden kann. Ein integriertes, effizientes Staubfangsystem sorgt dabei für eine deutlich sauberere Arbeitsumgebung und reduziert die Staubbelastung erheblich. Der ergonomisch geformte Soft-Grip-Griff gewährleistet hohen Bedienkomfort und einen sicheren Halt, selbst bei längeren Einsätzen. Der Klett-Schleifteller ermöglicht einen schnellen Papierwechsel, und 16 hochwertige Schleifpapiere sind für den sofortigen Start enthalten.;12;24.27;;product.ops
491621239;78659;0800633445532;SKU-4755521008;4260325295246;295246;Seguna Inkontinenz Pants NEU;Die Seguna Inkontinenz Pants Maxi bieten als hochwertige Medizinprodukte zuverlässigen Schutz und höchsten Komfort im Alltag. Sie ermöglichen Personen mit mittlerer bis starker Inkontinenz ein diskretes und aktives Leben ohne Einschränkungen. Ein starker Saugkern, angereichert mit effektiven Superabsorbern, gewährleistet ein stets trockenes Hautgefühl und verhindert zuverlässig Feuchtigkeit. Die atmungsaktive Außenschicht reduziert zudem maßgeblich das Risiko von Hautirritationen und maximiert den allgemeinen Tragekomfort. Dank ihrer optimalen Passform bieten diese Pants ein hohes Maß an Sicherheit und bleiben diskret unter der Kleidung. So können Nutzer ihren täglichen Aktivitäten unbeschwert nachgehen und sich stets auf einen zuverlässigen Schutz verlassen.;4;26.12;;product.ops
484709451;78659;0814914026519;SKU-0279594894;0814914026519;P300P256GM28;Patriot P300P256GM28 Interne Solid State Drive 256GB m.2 pcie gen3 nvme NEU;Die Patriot P300 M. 2 SSD bietet eine beeindruckende Leistungssteigerung für Ihr System. Sie beschleunigt Bootzeiten, Ladezeiten von Anwendungen und die allgemeine Systemreaktionsfähigkeit erheblich. Diese Solid State Drive nutzt die schnelle PCIe Gen3 x4 Schnittstelle und erreicht Lesegeschwindigkeiten von bis zu 2100 MB/s sowie Schreibgeschwindigkeiten von 1100 MB/s. Mit einer Speicherkapazität von 256 GB bietet sie ausreichend Platz für Ihr Betriebssystem, wichtige Programme und häufig genutzte Dateien. Das kompakte M. 2 2280 Format ermöglicht eine einfache Integration in kompatible Laptops und Desktop-PCs. Dank ihrer robusten Bauweise ohne bewegliche Teile ist sie besonders widerstandsfähig gegen Stöße und Vibrationen und sorgt für eine zuverlässige Speicherlösung.;1;91.39;;product.ops
484709463;78659;0840353901100;SKU-4747629782;0840353901100;GA05184-EU;Fitbit Fitness-Tracker GA05184-EU NEU;Der Fitbit Charge 6 ist ein hochmoderner Fitness-Tracker, der für eine umfassende Überwachung Ihrer Gesundheit und Fitness konzipiert wurde. Er unterstützt Sie effizient dabei, persönliche Ziele zu erreichen und einen aktiven Lebensstil zu pflegen. Profitieren Sie von präzisen Daten dank integriertem GPS, kontinuierlicher Herzfrequenzmessung und detaillierter Schlafanalyse. Diese Funktionen ermöglichen ein tiefgehendes Verständnis Ihres Körpers und optimieren Ihr Training sowie Ihre Erholung. Das stilvolle Design in Champagne Gold mit einem lebhaften Coral-Armband macht ihn zu einem attraktiven Begleiter für Sport und Alltag. Im Lieferumfang sind das Gehäuse, zwei Armbänder (klein und groß) und ein Ladekabel enthalten, damit Sie sofort starten können.;1;104.99;;product.ops
467385468;78659;09be7756-7b4f-4dda-bda0-799754052fff;SKU-3671103995;4059923008019;802 472 019;SACHS Reparatursatz Federbeinstützlager 802 472 019;Dieser SACHS Reparatursatz für Federbeinstützlager stellt die ursprüngliche Fahrwerksleistung Ihres Fahrzeugs präzise wieder her. Er optimiert spürbar die Fahrstabilität und den Federungskomfort, was zu einem ruhigeren und kontrollierteren Fahrerlebnis führt. Gefertigt aus hochwertigen, extrem langlebigen Materialien, ist dieses Federbeinstützlager für eine außergewöhnlich lange Lebensdauer konzipiert. Es gewährleistet hohe Beständigkeit unter allen Fahrbedingungen und unterstützt die Sicherheit Ihres Fahrzeugs nachhaltig. Als Originalteil von SACHS, einer Marke von ZF Aftermarket, profitieren Sie von der Expertise eines führenden Automobilzulieferers für professionelle Reparaturen. Die exakte Kompatibilität mit Fahrzeugen wie Ford Fiesta V, Ford Fusion oder Mazda 2 wird durch die Herstellernummer 802 472 019 sichergestellt.;1;24.77;;product.ops
473049813;78659;1004200304684;SKU-4955195373;1004200304684;3046;LIQUI MOLY Motoröl 1 NEU;Dieses Hochleistungs-Mineralöl 10W-40 von LIQUI MOLY wurde speziell für 4-Takt-Motorräder entwickelt und bietet optimalen Schutz sowie zuverlässige Schmierung. Es gewährleistet hervorragende Motorsauberkeit unter allen Betriebsbedingungen und trägt maßgeblich zur Langlebigkeit des Motors bei. Die spezielle Formulierung reduziert effektiv den Verschleiß und ist zudem kat-getestet, was die Umweltverträglichkeit unterstreicht. Es ist ideal für Nasskupplungen geeignet und sichert eine reibungslose Funktion des gesamten Antriebsstrangs. Hergestellt in Deutschland, garantiert dieses Produkt höchste Qualitätsstandards und maximale Zuverlässigkeit für anspruchsvolle Motorradfahrer. Es erfüllt die anspruchsvollen Spezifikationen API SN Plus und JASO MA2, was seine Eignung für moderne Motorradmotoren unterstreicht und höchste Leistung sichert.;2;36.95;;product.ops
499981363;78659;1004393023135;SKU-9143128563;4032057572700;LIN-B49-1000486-023-135;LINDENMANN Herren Gürtel Dunkelbraun Gr. 135cm Büffelleder NEU;Dieser hochwertige LINDENMANN Herren Vollledergürtel aus robustem Büffelleder ist ein unverzichtbares Accessoire für den modernen Mann. Das strapazierfähige Material garantiert Langlebigkeit und eine ansprechende Optik für den täglichen Gebrauch. Die offenkantige Verarbeitung verleiht dem Gürtel einen authentischen, rustikalen Charme, während die nickelfreie Dornschließe einen sicheren und komfortablen Halt gewährleistet. Mit einer Breite von 40 mm passt dieser Gürtel perfekt zu Jeans und anderen Freizeithosen. Sein zeitloses Design in Dunkelbraun macht ihn zu einem vielseitigen Begleiter für diverse Anlässe, von Business bis Freizeit. Zudem ist der Gürtel individuell kürzbar, was eine optimale und passgenaue Form für jeden Träger ermöglicht.;1;19.95;;product.ops
473047241;78659;1011190149611;SKU-3023625088;8719558505043;;WEBER TOOLS Gewindereparaturset NEU;Dieses hochwertige Gewindereparaturset von WEBER TOOLS bietet die optimale Lösung zur Instandsetzung beschädigter oder verschlissener M14x1. 5 Gewinde. Es ermöglicht eine dauerhafte und zuverlässige Reparatur, welche die ursprüngliche Festigkeit und Funktionalität vollständig wiederherstellt. Das umfassende 15-teilige Set enthält alle erforderlichen Werkzeuge und Gewindeeinsätze, um sofort mit der Reparatur beginnen zu können. Alle Komponenten sind aus robusten, langlebigen Materialien gefertigt und für eine hohe Beanspruchung im professionellen Einsatz konzipiert. Dieses Set ist ideal für den Einsatz in der Kfz-Branche, im Maschinenbau sowie für allgemeine Reparaturen. Es stellt die ursprüngliche Gewindefestigkeit zuverlässig wieder her und gewährleistet somit die volle Funktionalität des reparierten Gewindes.;1;27.86;;product.ops
484714743;78659;11850025732208;SKU-5246852701;850025732208;48V030-GC2;Lithium Eisenphosphat Batterie RELION 48V030-GC2 51.2V Ungeprüft;Die RELION Insight Series Lithium Eisenphosphat Batterie bietet eine hochmoderne Energielösung für anspruchsvolle Anwendungen. Sie überzeugt durch beeindruckende Leistung und außergewöhnliche Langlebigkeit, selbst in herausfordernden Umgebungen wie Marine, RV und Off-Grid-Systemen. Mit einer Nennspannung von 51. 2V und einer Kapazität von 30Ah liefert diese Batterie zuverlässig 1. 536 kWh Energie. Ihre kompakte BCI GC2 Größe ermöglicht eine problemlose Integration in bestehende Systeme und bietet maximale Flexibilität bei der Installation. Die fortschrittliche LiFePO4-Technologie garantiert verbesserte Sicherheit im Betrieb und eine deutlich verlängerte Lebensdauer des Akkus. Diese Kombination aus Robustheit, Effizienz und einem integrierten Batteriemanagementsystem macht die RELION Insight Batterie zu einer nachhaltigen Energiequelle für vielfältige spezifische Anforderungen.;1;500;;product.ops
499981441;78659;12192006315063;SKU-1000000000;0192006315063;1326413;Under Armour Herren T-Shirt Schwarz/Graphit Gr.xL Polyester 1326413 NEU;Das Under Armour Tech 2. 0 SS Tee ist ein vielseitiges Herren T-Shirt, das speziell für sportliche Aktivitäten und den täglichen Gebrauch konzipiert wurde. Seine lockere Passform in Kombination mit dem ultraleichten Material gewährleistet maximalen Tragekomfort bei jeder Bewegung und Aktivität. Gefertigt aus 100% hochwertigem Polyester, leitet dieses Shirt Feuchtigkeit effektiv vom Körper ab und trocknet dabei besonders schnell. Diese fortschrittliche UA Tech™ Technologie sorgt für ein stets angenehmes und trockenes Gefühl, selbst bei intensiven Trainingseinheiten und hohen Belastungen. Das schlichte, funktionale Design macht es ideal für Fitness, Laufsport oder als bequemes Freizeitshirt und lässt sich vielseitig kombinieren. Es ist in Größe XL erhältlich und wurde unter strengen Qualitätsstandards hergestellt, um Langlebigkeit und Performance zu gewährleisten.;1;17.24;;product.ops
476509916;78659;14f93c3a-6902-4da3-8a00-991a13958570;SKU-2064038107;;;FNTCASE Schutzhülle Kunststoff Grau NEU;Die FNTCASE Schutzhülle wurde speziell für das Apple iPhone 16 Pro entwickelt und bietet optimalen Schutz im Alltag. Ihr schlankes, matt-transparentes Design in Grau bewahrt die Ästhetik des Smartphones und sorgt für eine angenehme Haptik. Dieses Case schützt Ihr Gerät effektiv vor Stößen, Kratzern und Abnutzung, ohne die volle Funktionalität einzuschränken. Gefertigt aus hochwertigen, umweltfreundlichen Materialien, garantiert die Hülle eine lange Lebensdauer und ist dabei robust und langlebig. Ein herausragendes Merkmal ist die vollständige MagSafe-Kompatibilität, die ein schnelles und effizientes kabelloses Laden ermöglicht. Präzise Aussparungen gewährleisten zudem uneingeschränkten Zugriff auf alle Anschlüsse, Tasten und die Kamera.;1;7.99;;product.ops
467380161;78659;1507000192029;SKU-6705970836;1507000192029;1507000192029;BOOST TOWN Offene Ansaugung Motorraum für Hyundai i30N Vor-Facelift;Das BOOST TOWN Offene Ansaugsystem Kit wurde speziell für den Hyundai i30N (Vor-Facelift 275PS) entwickelt. Es optimiert den Luftstrom im Motorraum erheblich, was zu einer spürbaren Leistungssteigerung und einem deutlich verbesserten Ansprechverhalten des Motors führt. Dieses System besteht aus robustem, glasfaserverstärktem PPS GF40 Kunststoff, der eine hohe Langlebigkeit und exzellente Formstabilität unter allen Betriebsbedingungen gewährleistet. Die hochwertige Materialwahl sichert eine zuverlässige Funktion über lange Zeiträume hinweg und trägt maßgeblich zur Effizienz bei. Das umfassende Kit ermöglicht eine unkomplizierte und schnelle Installation, wodurch Ihr Fahrzeug ohne großen Aufwand aufgerüstet werden kann. Eine präzise Passform gewährleistet die nahtlose Integration in das bestehende System und beinhaltet alle notwendigen Komponenten für eine vollständige Umrüstung, inklusive Allgemeiner Betriebserlaubnis (ABE).;1;599;;product.ops
488457239;78659;1795362000001;SKU-4026350484;1795362000001;87655;Patagonia Herren T-Shirt Recycelte Baumwolle Recyceltes Polyester 87655 NEU;Das Patagonia Responsibill T-Shirt für Herren in Sienna Clay bietet höchsten Tragekomfort und ist ideal für Freizeit sowie den täglichen Gebrauch. Es vereint bewährte Patagonia-Qualität mit einem vielseitigen Design, das sich mühelos in jede Garderobe integrieren lässt. Dieses Kurzarm-T-Shirt wird aus einer nachhaltigen Mischung aus recycelter Baumwolle und recyceltem Polyester gefertigt, was es besonders langlebig und umweltfreundlich macht. Die angenehme Regular Fit Passform gewährleistet optimale Bewegungsfreiheit und hohen Komfort bei allen Aktivitäten. Eine dezente Brusttasche bietet praktische Funktionalität und setzt einen modernen Akzent auf dem Shirt. Die ansprechende Sienna Clay Farbe lässt sich hervorragend kombinieren und passt zu vielfältigen Outfits für jede Saison, wodurch dieses T-Shirt zu einem unverzichtbaren Basic wird.;1;49.95;;product.ops
484714753;78659;18023030150200;SKU-7569423484;4750492010211;RL2013;Revisionsklappe Verzinkter Stahl Installationsschächte Hohlräume NEU;Die EUROPLAST Metall Revisionsklappe bietet eine professionelle und ästhetische Lösung für den verdeckten Zugang zu Installationsschächten und Hohlräumen. Sie ist ideal für Bereiche, in denen regelmäßige Inspektionen oder Wartungsarbeiten erforderlich sind, ohne die Raumästhetik zu beeinträchtigen. Gefertigt aus hochwertigem, verzinktem Stahl, gewährleistet diese Revisionsklappe außergewöhnliche Langlebigkeit und Stabilität für den dauerhaften Einsatz. Mit ihren Außenmaßen von 180x230mm und Einbaumaßen von 200x150mm fügt sie sich unauffällig in verschiedene Umgebungen ein und ermöglicht gleichzeitig einen komfortablen Zugang. Die unkomplizierte Schraubmontage erlaubt eine schnelle und sichere Installation sowohl in Trockenbauwänden als auch in Massivdecken. Zudem schützt sie effektiv vor Staub und Schmutz und gewährleistet einen zuverlässigen Verschluss, was sie zu einer essenziellen Komponente für professionelle Bauvorhaben macht.;1;16.47;;product.ops
488505117;78659;1852315181124;SKU-8073301246;;1852315181124;BRUT Clothing Herren Wachsjacke Olivgrün Gr.xL Wachsbaumwolle 1852315181124;Die BRUT Clothing REWORK® BARBOUR V5 Wachsjacke ist ein exklusives Unikat, handgefertigt aus sorgfältig ausgewählten Vintage-Barbour- und British-Millerian-Trockenwachs-Materialien. Jedes Stück im charakteristischen Patchwork-Stil ehrt das Erbe der Originale durch seine hochwertige Verarbeitung und authentische Ästhetik. Diese Jacke besticht durch ihren modernen, kastenförmigen und kurzen Schnitt, der optimalen Schutz und hohen Tragekomfort bietet. Ausgestattet mit einem maßgefertigten ECLAIR-Reißverschluss, einer robusten Druckknopfleiste sowie drei praktischen Vordertaschen und zwei großen Gesäßtaschen, vereint sie Funktionalität mit Stil. Ein abnehmbarer Kehlriegel und ein klassischer Cordkragen runden das durchdachte Design ab, während die Fertigung in unserem Pariser Atelier mit Vintage-Maschinen die Exklusivität unterstreicht. Die robuste Wachsbaumwolle sorgt für Wetter- und Dornenfestigkeit, wodurch diese Jacke zu einem langlebigen und zuverlässigen Begleiter für vielfältige Outdoor-Aktivitäten wird.;1;131.85;;product.ops
492850586;78659;1853864926223;SKU-3918809518;0843820108804;;Osprey Trekking Trekkingrucksack Aether 65 NEU;Der Osprey Aether 65 Trekkingrucksack wurde speziell für anspruchsvolle Backpacking-Touren entwickelt und bietet eine herausragende Kombination aus Komfort und Funktionalität. Er ist die ideale Wahl für lange Reisen und mehrtägige Abenteuer, bei denen zuverlässige und geräumige Ausrüstung unerlässlich ist. Das innovative AirScape Rückensystem gewährleistet eine optimale Belüftung und einen körpernahen Sitz, selbst bei schwerer Last, was den Tragekomfort erheblich steigert. Dank der Custom Fit-Anpassung lassen sich Rückenlänge, Schultergurte und der Fit-on-the-Fly Hüftgurt perfekt auf individuelle Bedürfnisse einstellen, um eine maßgeschneiderte Passform zu garantieren. Mit einem großzügigen Volumen von 65 Litern bietet dieser Rucksack ausreichend Platz für Ihre gesamte Ausrüstung auf ausgedehnten Touren und Expeditionen. Das geringe Eigengewicht von nur 2,23 kg und das bluesign-zertifizierte Nylonmaterial unterstreichen zudem das Engagement für nachhaltiges Design und ermöglichen ermüdungsfreies Tragen über lange Distanzen.;1;200;;product.ops
467513300;78659;1900201150572;SKU-8902752253;14006633314036;24.0128-0248.1;Bremsscheibe Vorderachse für Hyundai Kia 24 ATE 24.0128-0248.1 321mm;Diese hochwertige ATE Bremsscheibe wurde speziell für die Vorderachse von Hyundai und Kia Modellen entwickelt, um eine zuverlässige Bremsleistung unter allen Fahrbedingungen zu gewährleisten. Sie trägt maßgeblich zur Erhöhung der Fahrsicherheit bei und bietet eine konstante Performance, selbst bei intensiver Nutzung. Mit einem präzisen Durchmesser von 321 mm und einer Scheibendicke von 28 mm ist diese innenbelüftete Bremsscheibe exakt auf die Anforderungen der entsprechenden Fahrzeuge abgestimmt. Die Fertigung aus robustem, hochwertigem Stahl sichert eine außergewöhnlich lange Lebensdauer und hohe Belastbarkeit im täglichen Einsatz, was die Wartungsintervalle optimiert. Diese Bremsscheibe erfüllt das strenge E-Prüfzeichen E1 90R-02C0115/0572, welches höchste Sicherheitsstandards und geprüfte Qualität nach europäischen Normen bestätigt. Ihre optimale Passform ermöglicht eine unkomplizierte und schnelle Montage, wodurch sie die ideale Lösung für den Ersatz oder die Wartung Ihrer Bremsanlage darstellt.;1;65.79;;product.ops
467473502;78659;1900201900525;SKU-4873494474;3322937952748;DF4982;TRW Bremsscheibe DF4982 NEU;Diese TRW Bremsscheibe DF4982 wurde speziell für Honda Accord Modelle entwickelt und gewährleistet eine zuverlässige sowie optimale Bremsleistung. Sie trägt maßgeblich zur Steigerung der Fahrsicherheit bei und erfüllt dabei höchste Qualitätsstandards für eine sichere Fahrt. Gefertigt aus einem hochwertigen Stahlverbund, garantiert diese Bremsscheibe eine außergewöhnlich lange Lebensdauer und exzellente Hitzebeständigkeit unter allen Betriebsbedingungen. Ihre präzise Verarbeitung sichert eine perfekte Passform, minimiert unerwünschte Vibrationen und stellt die ursprüngliche Bremsfunktionalität vollständig wieder her. Die Bremsscheibe entspricht der strengen ECE R90-Norm, was ihre hohe Qualität und Sicherheit bestätigt. Sie ist für eine unkomplizierte Installation vorbereitet und bietet eine verlässliche Lösung für die Hinterachse Ihres Fahrzeugs.;1;27.96;;product.ops
499981734;78659;19303435363740;SKU-1000000001;4032191868530;HB-RM35;Shimano Radsport Naben HB-RM35 NEU;Die Shimano HB-RM35 Vorderradnabe liefert eine herausragende und zuverlässige Performance für eine Vielzahl von Fahrradtypen. Sie wurde speziell für den anspruchsvollen Einsatz an Mountainbikes, Trekkingrädern und Citybikes entwickelt, wo sie ihre volle Funktionalität optimal entfaltet. Die robuste Aluminiumkonstruktion dieser Nabe garantiert eine außergewöhnlich lange Lebensdauer und hohe Belastbarkeit, selbst unter schwierigsten Fahrbedingungen. Ein integrierter Schnellspanner ermöglicht zudem eine besonders einfache und schnelle Montage sowie Demontage des Laufrads ohne Werkzeug. Mit dieser Qualitätsnabe erleben Sie eine spürbar verbesserte Fahrdynamik und stets reibungslose Funktion Ihrer Laufräder. Sie stellt eine exzellente Wahl für alle Radfahrer dar, die Wert auf Beständigkeit, hohe Qualität und zuverlässige Leistung legen.;1;20;;product.ops
487361824;78659;1bdce1f7-aa59-4b85-a9a8-3488141ae012;SKU-0789448642;8029121951734;2195173;Kalahari Wassergläser Set 8.5cm 300ml NEU;Das Kalahari Wassergläser Set 'Shades of Ocean' bereichert jeden Esstisch mit seinem einzigartigen Design und einer faszinierenden Palette an Blautönen. Jedes der sechs Gläser präsentiert ein individuelles Muster, das eine harmonische und stilvolle Atmosphäre schafft. Gefertigt aus robustem, langlebigem Glas, sind diese Trinkgläser ideal für den täglichen Gebrauch und bieten eine angenehme Haptik. Sie eignen sich perfekt für Wasser, Säfte oder erfrischende Limonaden und sind ein Blickfang für Ihre Gäste. Die hochwertige Verarbeitung gewährleistet eine lange Lebensdauer und Beständigkeit im Alltag, während das großzügige Fassungsvermögen von 300 ml vielseitige Nutzung ermöglicht. Zudem sind die Gläser spülmaschinenfest, was eine mühelose und schnelle Reinigung nach jedem Gebrauch sicherstellt.;1;58.8;;product.ops
487361823;78659;1d5b4c7f-5b0b-42ac-a3a4-1ff4ce852794;SKU-4762036663;;YL005-16A;Solarleuchte Kunststoff Außenbereich NEU;Die Intelamp Solarleuchte YL005-16A bietet eine fortschrittliche LED-Beleuchtung für den Außenbereich, die zuverlässig und energieeffizient ist. Ihre intelligente Steuerung mit Bewegungsmelder sorgt für optimale Ausleuchtung und erhöhte Sicherheit rund um Ihr Zuhause. Diese hochwertige Solarleuchte garantiert dank verbesserter Helligkeit und längerer Leuchtzeiten eine dauerhafte und effektive Beleuchtung. Sie ist robust und wetterfest konzipiert, um ganzjährig zuverlässig im Außeneinsatz zu funktionieren. Der umfassende Lieferumfang beinhaltet den Lampenkörper, eine Halterung, eine Fernbedienung und eine detaillierte Bedienungsanleitung. Alle notwendigen Befestigungsmaterialien sind enthalten, um eine schnelle und unkomplizierte Wandmontage im Handumdrehen zu ermöglichen.;1;73.86;;product.ops
491621852;78659;2021181818184;SKU-0997953441;4002556280581;TOM 18;SKS Germany Radsport Multitool TOM 18 NEU;Das SKS Germany TOM 18 ist ein vielseitiges Kompakt-Werkzeug, das speziell für Fahrradfahrer entwickelt wurde. Es bietet 18 essenzielle Funktionen, um unterwegs schnelle Reparaturen und Anpassungen vornehmen zu können. Gefertigt aus hochwertigem Chrom-Vanadium-Stahl, garantiert dieses Mini-Tool Langlebigkeit und Zuverlässigkeit bei jeder Tour. Im Lieferumfang ist eine praktische Tasche sowie ein integrierter Kettennieter enthalten, was es zu einem unverzichtbaren Begleiter macht. Die kompakte Bauweise ermöglicht eine einfache Mitnahme in jeder Trikottasche oder Satteltasche, ideal für Mountainbike, Rennrad und Allroad-Fahrräder. Mit diesem Werkzeug sind Sie für nahezu jede Situation auf der Straße oder im Gelände bestens gerüstet und können kleinere Defekte schnell beheben.;1;16.95;;product.ops
473189266;78659;20220424000047;SKU-6511282128;0727977275230;JD-80;JMIVAV JD-80 Mauspad 800x300mm Rosa NEU;Das JMIYAV Gaming Mauspad JD-80 in Rosa wurde speziell für anspruchsvolle Gamer entwickelt, um Präzision, Komfort und Ästhetik optimal zu vereinen. Seine großzügige Fläche von 800x300mm bietet maximale Bewegungsfreiheit und eine optimierte Mikrofaser-Oberfläche für höchste Sensorpräzision. Ein besonderes Merkmal ist die dynamische RGB-Hintergrundbeleuchtung, die per intuitiver Touch-Steuerung individuell anpassbar ist und jedes Gaming-Setup optisch aufwertet. Die robuste Verarbeitung und die rutschfeste Unterseite gewährleisten dabei eine lange Lebensdauer sowie stabilen Halt auf jeder Oberfläche. Die Inbetriebnahme ist dank Plug & Play denkbar einfach, da das Mauspad über ein 1,8 Meter langes, geflochtenes USB-Kabel sofort einsatzbereit ist. Dieses Gaming Mauspad ist eine funktionale und optische Bereicherung für jedes moderne Gaming-Setup und steigert die Performance nachhaltig.;1;29.98;;product.ops
492850567;78659;2024010542503;SKU-1164276787;;BX-YSSCZBXSH-CF55V2;Kompressor Kühlbox für KFZ Wohnmobil Camping -20°C 12/24V 230V VEVOR Komp;Die VEVOR Kompressor Kühlbox mit 55 Litern Fassungsvermögen ist die ideale Lösung für die mobile Kühlung von Lebensmitteln und Getränken. Ihr leistungsstarker Kompressor ermöglicht eine schnelle und zuverlässige Temperaturregelung von -20°C bis +20°C, perfekt für jede Reise und jedes Outdoor-Abenteuer. Dieses Modell verfügt über zwei separate Kühlzonen, die eine flexible Lagerung unterschiedlicher Produkte ermöglichen und somit maximale Vielseitigkeit bieten. Die präzise digitale Temperaturregelung wird durch eine komfortable App-Steuerung ergänzt, welche eine einfache Anpassung auch aus der Ferne gewährleistet. Dank der vielseitigen Stromversorgungsoptionen (12V/24V DC und 110-240V AC) ist der Betrieb in nahezu jeder Umgebung – ob im Auto, LKW, Wohnmobil oder beim Camping – stets gesichert. Eine robuste Bauweise, der dreistufige Batterieschutz sowie ein geräuscharmer Betrieb mit integriertem LED-Licht und praktischen Griffen runden das durchdachte Design ab.;1;133.94;;product.ops
467513707;78659;20240129000072;SKU-4603086544;6933783712522;UR73C;URVOLAxCarPlay Display UR73C NEU;Das URVOLAX UR73C CarPlay Display revolutioniert die Smartphone-Integration in jedem Fahrzeug durch seinen hochauflösenden 10. 26 Zoll Bildschirm. Es bietet eine nahtlose und intuitive Benutzeroberfläche für Navigation, Medienwiedergabe und Kommunikation direkt vom Armaturenbrett aus, was die Bedienung während der Fahrt erheblich vereinfacht. Dank der drahtlosen Unterstützung von Apple CarPlay und Android Auto können Nutzer ihre bevorzugten Apps sicher und komfortabel nutzen. Ergänzend ermöglichen AirPlay und Miracast ein müheloses Streaming von Inhalten mobiler Geräte direkt auf das Display, wodurch vielfältige Unterhaltungsmöglichkeiten zur Verfügung stehen. Die Installation des URVOLAX UR73C gestaltet sich äußerst benutzerfreundlich als Plug-and-Play-Lösung, ohne dass komplexe Fahrzeugumbauten erforderlich sind. Ein integrierter FM Transmitter sorgt zudem für eine zuverlässige Audioübertragung zum bestehenden Autoradio, wodurch optimaler Klanggenuss im gesamten Fahrzeug gewährleistet ist.;1;53.99;;product.ops
473189306;78659;2024080701046;SKU-0545917168;;;SPURTAR Messschieber NEU;Der SPURTAR Messschieber ist ein unverzichtbares Präzisionswerkzeug für exakte Messungen in Werkstatt und Haushalt. Er ermöglicht zuverlässige Außen-, Innen-, Tiefen- und Stufenmessungen für vielfältige Anwendungen. Gefertigt nach DIN 862 Norm, garantiert dieses hochwertige Instrument präzise Ergebnisse mit einer Ablesegenauigkeit von 0,02 mm. Die robuste Edelstahlkonstruktion gewährleistet dabei eine außergewöhnliche Langlebigkeit und Beständigkeit im täglichen Einsatz. Der klar ablesbare Nonius und der Messbereich von 0-150 mm bieten schnelle sowie fehlerfreie Messergebnisse in jeder Situation. Eine integrierte Feststellschraube sichert die ermittelten Werte effektiv, um Ablesefehler zu minimieren und die Genauigkeit zu gewährleisten.;1;14.99;;product.ops
467514082;78659;2312388888888;SKU-5446097686;6915451823150;KZ-F3;Kecoolke Ultraschallreiniger NEU;Der Kecoolke Ultraschallreiniger KZ-F3 bietet eine hochwirksame Lösung für die gründliche und schonende Reinigung vielfältiger Gegenstände. Dank fortschrittlicher Ultraschalltechnologie werden selbst hartnäckigste Verschmutzungen und feine Ablagerungen aus schwer erreichbaren Bereichen zuverlässig entfernt. Mit einer präzisen Ultraschallfrequenz von 40 kHz und einer Leistung von 120W sorgt das Gerät für eine intensive Tiefenreinigung, die höchste Sauberkeitsstandards erfüllt. Die zusätzlich integrierte 150W Heizfunktion optimiert den Reinigungsprozess signifikant, indem sie die Effizienz steigert und makellose Ergebnisse bei jedem Einsatz gewährleistet. Das robuste Gehäuse aus hochwertigem Edelstahl garantiert eine lange Lebensdauer und eine unkomplizierte Wartung, selbst bei regelmäßigem Gebrauch. Sein großzügiges Fassungsvermögen von 3,0 Litern bietet ausreichend Platz für die Reinigung größerer Objekte wie Uhren, Schmuck, Brillen oder Werkzeuge und unterstreicht die vielseitigen Einsatzmöglichkeiten.;1;94.99;;product.ops
487361826;78659;24196924186507;SKU-5133324860;;52691;Patagonia Herren Freizeithemd Salamandergrün Gr. L Baumwolle 52691 NEU;Das Patagonia Freizeithemd für Herren ist ein vielseitiges Kleidungsstück, ideal für entspannte Tage und leichte Outdoor-Aktivitäten. Es kombiniert lässigen Stil mit bewährter Patagonia-Qualität für optimalen Komfort und Langlebigkeit. Gefertigt aus 100% weicher Bio-Baumwolle, bietet dieses Hemd ein besonders angenehmes Tragegefühl auf der Haut und ist zudem hervorragend atmungsaktiv. Die Produktion in einer Fair Trade Certified™-Näherei unterstreicht Patagonias Engagement für faire Arbeitsbedingungen und Umweltschutz. Das auffällige geometrische Muster in lebhaften Farben verleiht dem Hemd einen ansprechenden und individuellen Look, der sich mühelos kombinieren lässt. Es ist zudem pflegeleicht und behält auch nach häufigem Waschen seine Form und Farbintensität, was es zu einem zuverlässigen Begleiter macht.;1;59.95;;product.ops
467527271;78659;2452014202112;SKU-6761538665;2452014202112;2452014202112;Fußmatten Vorne Hinten für BMW 2er F45 Active Tourer;Diese hochwertigen BMW Fußmatten sind präzise für den BMW 2er F45 Active Tourer maßgeschneidert, um eine ideale Passform und umfassenden Schutz zu gewährleisten. Sie schützen den Fahrzeuginnenraum effektiv vor Schmutz, Nässe und Verschleiß, wodurch der Werterhalt und die makellose Ästhetik Ihres Fahrzeugs langfristig gesichert werden. Gefertigt aus erstklassigem, strapazierfähigem Anthrazit-Velours, bieten diese Matten ein äußerst angenehmes Trittgefühl und werten das Interieur Ihres BMW spürbar auf. Das integrierte M Competition Logo setzt zudem einen sportlich-exklusiven Akzent, der die hochwertige Ausstattung Ihres Fahrzeugs perfekt unterstreicht. Das umfassende vierteilige Set deckt sowohl den vorderen als auch den hinteren Fußraum vollständig ab und garantiert somit eine lückenlose Abdeckung. Eine spezielle rutschfeste Unterseite sorgt für maximale Sicherheit während der Fahrt, während die Matten gleichzeitig äußerst pflegeleicht sind und einen dauerhaft frischen Innenraum ermöglichen.;1;49.99;;product.ops
489020645;78659;2493370000004;SKU-3476455542;9010888005470;N1851124048;NINTH HALL Herren Sweatshirt Gelb Gr. M Baumwollmischung NEU;Das NINTH HALL Crew Sweatshirt für Herren bietet optimalen Komfort und einen zeitlosen Stil für diverse Anlässe. Es ist eine vielseitige Bereicherung für jede Garderobe, ideal für entspannte Stunden oder den täglichen Einsatz. Gefertigt aus einer hochwertigen Baumwollmischung, garantiert dieses Sweatshirt ein außergewöhnlich angenehmes Tragegefühl und beeindruckende Langlebigkeit. Der klassische Rundhalsausschnitt und die bequeme Regular Fit Passform bieten uneingeschränkte Bewegungsfreiheit sowie einen modernen Look. Die ansprechende gelbe Farbgebung des Sweatshirts lässt sich mühelos in bestehende Outfits integrieren und ermöglicht vielfältige Kombinationsmöglichkeiten. Dank seiner robusten Verarbeitung sichert es hohe Formbeständigkeit und lang anhaltende Freude am Tragen.;1;59.95;;product.ops
489020796;78659;2640f8be-81e3-4d78-b73c-14f234d26721;SKU-6617431534;9210410264690;201010252;WUZECK Solarmodul 100W NEU;Das WUZECK flexible Solarmodul bietet eine effiziente und zuverlässige Stromversorgung für mobile sowie netzunabhängige Anwendungen. Seine robuste Bauweise gewährleistet eine lange Lebensdauer und optimale Leistung unter verschiedensten Umweltbedingungen. Dieses Solarmodul überzeugt durch seine außergewöhnliche Flexibilität, die eine Biegung von bis zu 25 Grad für die Montage auf unebenen Flächen erlaubt. Die einfache Installation ermöglicht eine schnelle Nutzung sauberer Solarenergie auf Wohnmobilen, Booten oder abgelegenen Standorten. Das Modul erfüllt die strengen CE- und TÜV SÜD IE-Zertifizierungsstandards, was höchste Qualität und Sicherheit garantiert. Es ist eine wartungsarme und umweltfreundliche Lösung für alle, die Wert auf nachhaltige Energieversorgung legen.;2;79.99;;product.ops
467473504;78659;2810449728013;SKU-3982672342;4260555381719;6S9701P;Autoradio für Dongguan Lixinhang Electronics Co. Ltd Smart Car Radio;Dieses Android Smart Car Radio verwandelt Ihr Fahrzeug in eine digitale Kommandozentrale und bietet ein brillantes HD-Touchscreen-Display. Es nutzt ein intuitives Android-Betriebssystem für unbegrenzte Unterhaltung und Konnektivität während der Fahrt. Das hochmoderne Autoradio ermöglicht präzise GPS-Navigation und liefert dank DSP/RDS-Technologie kristallklaren Sound. Die nahtlose Smartphone-Integration via Mirror Link und die Kompatibilität mit Lenkradfernbedienungen sorgen für maximalen Komfort und Sicherheit. Gefertigt nach hohen Qualitätsstandards, gewährleistet dieses Gerät eine lange Lebensdauer und zuverlässige Funktion im Fahrzeugalltag. Es wurde entwickelt, um eine stabile und leistungsstarke Performance für all Ihre Fahrten zu bieten und Ihr Fahrerlebnis zu optimieren.;1;182.67;;product.ops
489020673;78659;295c4789-b314-43ba-a18c-274b6ac422ef;SKU-6634800828;8720637416280;MW0MW28046DW5;Tommy Hilfiger Herren Pullover Dunkelblau Gr.xL Baumwolle Kaschmir NEU;Dieser exklusive Tommy Hilfiger Rundhals-Pullover vereint hochwertige Pima-Baumwolle mit edlem Kaschmir, was ein luxuriöses und angenehmes Tragegefühl garantiert. Er stellt eine stilvolle und langlebige Ergänzung für jede moderne Herrengarderobe dar. Die komfortable Regular Fit Passform gewährleistet optimalen Tragekomfort und natürliche Bewegungsfreiheit im Alltag. Sein klassisches Design macht ihn zur idealen Wahl für vielfältige Anlässe, von entspannter Freizeit bis hin zu eleganten Business-Casual-Looks. Der Pullover zeichnet sich durch seine pflegeleichten Eigenschaften aus und behält auch nach wiederholtem Waschen seine Form und Qualität. Mit seiner zeitlosen Ästhetik und hervorragenden Verarbeitung bietet er eine perfekte Kombination aus Stil und Bequemlichkeit.;2;89.95;;product.ops
497952264;78659;2d1365d3-cea9-4187-8daa-ea7ed01bf2a2;SKU-9247228090;;848970;Sodastream CO2 Zylinder Schnellverschluss 60 Liter Sprudelwasser NEU;Dieser SodaStream Quick Connect CO2 Zylinder ist ein unverzichtbares Zubehör für alle kompatiblen SodaStream Wassersprudler. Er wird leer geliefert und dient zum Austausch oder zur Wiederbefüllung, um stets frisches Sprudelwasser genießen zu können. Das innovative Quick Connect System ermöglicht einen mühelosen und schnellen Zylinderwechsel ohne lästiges Schrauben, was die Handhabung erheblich vereinfacht. Bereiten Sie Ihr eigenes kohlensäurehaltiges Wasser zu, indem Sie diesen Zylinder befüllen und profitieren Sie von maximalem Komfort. Durch die Nutzung wiederverwendbarer CO2-Zylinder tragen Sie aktiv zur Reduzierung von Plastikflaschen und somit zum Umweltschutz bei. Dieser Zylinder ist sofort einsatzbereit für die Befüllung und erfüllt höchste Qualitäts- und Sicherheitsstandards für eine zuverlässige Anwendung.;18;15.99;;product.ops
489021110;78659;2d3f8a0d-2c5f-4852-a241-8281d55e418a;SKU-7824016126;;;LADYHOW Handseilzug NEU;Der LADYHOW Power Puller ist ein vielseitiges und robustes Handwerkzeug, das speziell für anspruchsvolle Zug-, Spann- und Senkarbeiten konzipiert wurde. Dieses Multifunktionswerkzeug bietet eine zuverlässige Lösung für eine breite Palette von Aufgaben im privaten und professionellen Bereich. Seine vielfältigen Einsatzmöglichkeiten reichen vom präzisen Bewegen schwerer Ausrüstung bis zum effizienten Spannen von Zäunen oder der Unterstützung bei der Landschaftsgestaltung. Auch das sichere Verladen von Booten auf einen Anhänger wird durch diesen leistungsstarken Handseilzug erheblich vereinfacht und sicherer gestaltet. Die extrem robuste Stahlkonstruktion gewährleistet eine hohe Langlebigkeit und zuverlässige Leistung unter verschiedensten Bedingungen. Mit einer beeindruckenden Zugkraft von 4000 kg ermöglicht der Handseilzug präzise und kontrollierte Bewegungen für selbst schwerste Arbeiten.;1;53.99;;product.ops
487365293;78659;2f144eb7-126a-43ac-90cc-c6dbf899a7d6;SKU-4883385910;49273072700997;9273/072/700/99;ZARA HOME Couchtisch 9273/072/700/99 46x70x60cm Erwachsene Mangoholz 70cm;Dieser elegante ZARA HOME Couchtisch, gefertigt aus massivem Mangoholz, bereichert jedes Wohnzimmer mit seinem stilvollen und zeitlosen Design. Die natürliche Maserung und die warme braune Farbgebung schaffen eine behagliche Atmosphäre, die sich harmonisch in vielfältige Einrichtungsstile einfügt. Die ovale Tischplatte bietet eine praktische und großzügige Ablagefläche für alltägliche Gegenstände wie Getränke, Bücher oder Dekorationsartikel. Seine kompakte Größe macht diesen Beistelltisch zudem ideal für kleinere Räume oder als zusätzliche Ablage neben Sofa und Sessel. Dank der durchdachten Konstruktion mit stabilen, konischen Beinen ist ein einfacher und werkzeugloser Aufbau schnell realisierbar. Diese robuste und langlebige Bauweise verspricht jahrelange Freude an einem praktischen und ästhetischen Blickfang in Ihrem Zuhause.;1;149.99;;product.ops
473189030;78659;30c418b6-000b-47e9-8252-3478b4693cda;SKU-7753504850;;QDENI400127;PerformaNat Milchkühe Rinder Calcium Bolus;Der PerformaNat Calcium Bolus bietet eine gezielte Futterergänzung zur effektiven Milchfieber-Prophylaxe bei Milchkühen. Er gewährleistet eine schnelle und hochverfügbare Calciumversorgung, besonders wichtig nach der Kalbung für die Tiergesundheit und Leistungsfähigkeit. Die patentierte PerformaNat-Formel ist angereichert mit essenziellen Vitaminen und Magnesium, welche die Vitalität und Regeneration der Tiere optimal unterstützen. Diese synergistische Zusammensetzung fördert nachhaltig die Gesundheit und Produktivität Ihrer gesamten Herde in der modernen Landwirtschaft. Hergestellt in Deutschland unter strengsten Qualitätsstandards, garantiert dieser Bolus eine sichere und unkomplizierte orale Verabreichung. Er stellt eine unverzichtbare und zuverlässige Unterstützung für die Tiergesundheit dar und ist einfach anzuwenden.;3;42.69;;product.ops
476175269;78659;31080024102010;SKU-2941051529;31080024102010;DF4866S;Bremsscheibe Vorderachse für Audi A4 A5 A6 TRW DF4866S;Die TRW Bremsscheibe DF4866S gewährleistet eine herausragende und konstant zuverlässige Bremsleistung, speziell für die Vorderachse der Audi Modelle A4, A5 und A6. Dieses Premium-Produkt erhöht maßgeblich die Fahrsicherheit und sorgt für ein stets kontrolliertes Bremsgefühl unter allen Bedingungen. Gefertigt aus hochwertigem Gusseisen und mit einer fortschrittlichen innenbelüfteten Konstruktion, gewährleistet diese Bremsscheibe exzellente Wärmeableitung und hohe Stabilität. Die präzise Fertigung garantiert eine perfekte Passform sowie eine unkomplizierte Montage, was den Einbau erheblich vereinfacht. Eine widerstandsfähige schwarze Lackierung schützt die Oberfläche effektiv vor Korrosion und sichert somit eine außergewöhnlich lange Lebensdauer des Bauteils. Als Premium-Produkt eines globalen Marktführers steht die TRW Bremsscheibe für kompromisslose Qualität, maximale Verschleißfestigkeit und langfristige Zuverlässigkeit.;1;49.99;;product.ops
467514564;78659;3154020086005;SKU-4303462818;3154020086005;186005;GYS Rutil Elektrode NEU;Die GYS Rutil Elektrode 252 ist eine hochwertige Schweißelektrode, die speziell für vielseitige Anwendungen im Metallbau und bei Stahlkonstruktionen entwickelt wurde. Sie ermöglicht präzise und zuverlässige Schweißnähte auf unlegierten Stählen und ist ideal für allgemeine Schweißarbeiten, Wartung sowie Blechbearbeitung. Mit einem Durchmesser von 2,5 mm bietet diese Elektrode eine optimale Balance aus Handlichkeit und Materialmenge für professionelle Anwender, was eine hohe Produktivität gewährleistet. Ihre hervorragenden Schweißeigenschaften sorgen für erstklassige Ergebnisse, unterstützt durch einfaches Zünden und eine gleichmäßige Schweißbarkeit in allen Positionen. Die mühelose Schlackenentfernung führt zu sauberen und professionellen Oberflächen, wodurch sie zu einem unverzichtbaren Werkzeug in jeder Werkstatt wird. Zudem erfüllt diese Elektrode Industriestandards wie AWS A5. 1 E6013 und EN ISO 2560-A E 420 RC11, was ihre Qualität und Zuverlässigkeit bestätigt.;1;37.18;;product.ops
492850561;78659;3219110502725;SKU-3877364215;3219110502725;3861820198;DELSEY PARIS Trolley Koffer 3861820198 47cm Unisex 71cm Himbeere NEU;Der DELSEY PARIS BELMONT PLUS Trolley Koffer ist der ideale Begleiter für anspruchsvolle Reisende, der elegantes Design mit herausragender Funktionalität vereint. Gefertigt aus robustem Polycarbonat, garantiert dieser Koffer eine hohe Widerstandsfähigkeit und Langlebigkeit auf all Ihren Reisen. Ausgestattet mit vier leichtgängigen Doppelrollen, ermöglicht er eine mühelose Navigation durch belebte Umgebungen und sorgt für höchsten Reisekomfort. Die großzügige Höhe von 71 cm bietet ausreichend Stauraum für längere Aufenthalte, während die integrierte Erweiterungsfunktion zusätzlichen Platz für Souvenirs schafft. Für maximale Sicherheit auf Reisen ist dieser Koffer mit einem zuverlässigen integrierten TSA-Zahlenschloss ausgestattet, das Ihr Gepäck optimal schützt. Die auffällige Himbeerfarbe verleiht dem Koffer nicht nur einen modernen Look, sondern erleichtert auch die schnelle Identifikation am Gepäckband.;1;117;;product.ops
467473506;78659;3322937241712;SKU-5868736484;3322937241712;GDB1330;Bremsbelagsatz Hinterachse TRW GDB1330 NEU;Der TRW GDB1330 Bremsbelagsatz für die Hinterachse bietet herausragende Fahrsicherheit und zuverlässige Bremsleistung. Diese Präzisionskomponenten in Erstausrüsterqualität garantieren eine signifikante Reduzierung des Bremswegs und maximale Zuverlässigkeit. Die ECE R90 zertifizierten Bremsbeläge erfüllen strengste europäische Sicherheitsstandards und gewährleisten dank exakter Fertigung eine perfekte Passform. Eine unkomplizierte Montage ist somit sichergestellt, was Zeit und Aufwand spart. Speziell entwickelt für eine breite Palette von Fahrzeugen wie VW Polo, Seat Leon und Skoda Octavia, sichern sie höchste Kompatibilität und Funktion. Vertrauen Sie auf die bewährte europäische Ingenieurskunst von TRW für langanhaltende Performance und Sicherheit auf jeder Fahrt.;1;17.14;;product.ops
492850690;78659;3339082c-5066-4322-a318-4b8732a19d83;SKU-8229761001;0840349909820;J20;VEVOR Kompressor Kühlbox 615mm 20 Liter NEU;Die VEVOR Kompressor Kühlbox J20 bietet effiziente und zuverlässige Kühlung für unterwegs und zu Hause. Mit einem Fassungsvermögen von 20 Litern hält sie Ihre Lebensmittel und Getränke stets frisch, kühl oder gefroren im Bereich von -20 °C bis 20 °C. Dank des leistungsstarken Kompressors erreicht die Kühlbox schnell die gewünschte Temperatur und kühlt auf -20 °C in etwa 1,5 Stunden. Ihre robuste Konstruktion ermöglicht den Betrieb bei Neigungen bis 45 Grad und bietet eine vielseitige Stromversorgung über 12/24V DC oder 100-240V AC. Ein übersichtliches LED-Display ermöglicht die einfache Temperaturregelung, ergänzt durch ECO- und Max-Modi für einen optimierten Verbrauch von nur ca. 0,18 kWh/24h. Der Betrieb ist mit 45 dB angenehm leise, während ein 3-stufiger Autobatterieschutz und integriertes Licht für zusätzliche Sicherheit und Komfort sorgen.;1;112.99;;product.ops
473188306;78659;3374650257716;SKU-2267173123;3374650257716;106376;MOTUL Motoröl 1;Das MOTUL 8100 X-clean+ 5W-30 ist ein hochmodernes, vollsynthetisches Motoröl, speziell entwickelt für die anspruchsvollen Anforderungen aktueller Benzin- und Dieselmotoren. Es gewährleistet eine überragende Motorsauberkeit und bietet unter allen Betriebsbedingungen optimalen Schutz vor Verschleiß. Dieses Premium-Motoröl fördert zudem die Kraftstoffeffizienz und ist ideal für Fahrzeuge mit Dieselpartikelfiltern (DPF) und Katalysatoren geeignet. Die innovative Rezeptur sichert eine konstant stabile Schmierung und einen zuverlässigen Kaltstart, was die Lebensdauer des Motors erheblich verlängert. Es erfüllt strengste Herstellerfreigaben wie BMW LL-04, MB 229. 51, Porsche C30 und VW 504 00/507 00, was seine Premiumqualität unterstreicht. Somit ist es die perfekte Wahl für anspruchsvolle Motoren, die höchste Leistungsfähigkeit und zuverlässigen Schutz unter extremen Bedingungen benötigen.;1;56.95;;product.ops
473188370;78659;3558380099390;SKU-2522561568;3558380099390;;Asmodee Kinder Familie Kartenspiel Mehrfarbig Karton NEU;Tauchen Sie ein in die zauberhafte Welt von Disney mit dem Dobble Disney Edition Kartenspiel, einem dynamischen Reaktionsspiel für die ganze Familie. Dieses Spiel fordert Spieler heraus, das identische Symbol zwischen zwei Karten blitzschnell zu entdecken und bietet dabei über 50 beliebte Disney- und Pixar-Charaktere. Jede Partie garantiert eine neue, unterhaltsame Herausforderung, wobei das einfache Spielprinzip schnell erlernt ist und sofortigen Spielspaß für Spieler von 6 bis 99 Jahren bietet. Es ist ideal für 2 bis 8 Spieler und eine Spieldauer von etwa 15 Minuten pro Partie, perfekt für Familienabende oder unterwegs. Das Spiel fördert spielerisch Konzentration, Beobachtungsgabe und schnelle Reaktion, was es zu einer wertvollen Ergänzung für jede Spielesammlung macht. Erleben Sie unvergessliche Momente voller Spannung und Freude mit diesem kompakten und vielseitigen Kartenspiel, das immer wieder begeistert.;1;29.75;;product.ops
489021502;78659;3613379433101;SKU-5526640633;3613379433101;ELYWT00119;Element Herren Hemd Beige Gr. L NEU;Das Element Onerati Kurzarmhemd für Herren besticht durch seinen einzigartigen, von der Natur inspirierten All-Over-Print, der jedem Outfit eine besondere Note verleiht. Es ist die ideale Wahl für entspannte Tage und sommerliche Anlässe, bei denen Stil und Komfort gleichermaßen gefragt sind. Gefertigt aus einer hochwertigen Mischung aus Baumwolle und Leinen, bietet dieses Hemd eine hervorragende Atmungsaktivität und ein angenehm leichtes Tragegefühl auf der Haut. Die sorgfältige Verarbeitung garantiert eine lange Haltbarkeit und Formbeständigkeit, selbst nach häufigem Waschen. Mit seinem entspannten Schnitt und dem markanten Design lässt sich das Hemd vielseitig kombinieren, ob zu Shorts oder Jeans für einen lässigen Look. Es ist zudem pflegeleicht und behält seine lebendigen Farben sowie seine weiche Textur über lange Zeit bei, was es zu einem dauerhaften Begleiter macht.;1;45;;product.ops
467473616;78659;3662775243128;SKU-5896801162;3662775243128;GTX5L-BS;Motorradbatterie für Motorrad Roller KYOTO GTx5L-BS 12 12V NEU;Die KYOTO GTX5L-BS SLA Motorradbatterie liefert zuverlässige Startkraft und höchste Zuverlässigkeit für jede Fahrt. Ihre fortschrittliche Sealed Lead Acid (SLA) Technologie gewährleistet eine konstant hohe Energieversorgung unter allen Betriebsbedingungen. Diese Batterie ist werksseitig aktiviert und vorgeladen, was eine sofortige Einsatzbereitschaft direkt nach dem Auspacken garantiert. Zudem profitieren Sie von einer absolut wartungsfreien Konstruktion, die eine außergewöhnlich lange Lebensdauer ermöglicht. Vertrauen Sie auf die bewährte KYOTO-Qualität für sorgenfreie Fahrten und minimierten Wartungsaufwand. Diese Batterie ist ideal für Motorräder und Roller geeignet und sichert stets einen zuverlässigen Motorstart.;1;19.95;;product.ops
499982613;78659;3700436086780;SKU-0000608676;3700436086780;608676;Maison Close Damen String Taupe Tüll (Polyamid Elasthan 608676 NEU;Der Maison Close Corps à Corps String verkörpert stilvolle Einzigartigkeit und höchsten Tragekomfort für den ganzen Tag. Dieses raffinierte Höschen schmiegt sich wie eine zweite Haut an und bietet ein durchweg angenehmes Gefühl. Gefertigt aus feinstem, weichem Tüll, besticht dieser String in elegantem Taupe durch seine schillernde Transparenz und luxuriöse Haptik. Die moderne Low-Waist-Passform gewährleistet einen perfekten Sitz und bringt die Silhouette optimal zur Geltung. Ein diskretes Baumwollfutter im Schrittbereich garantiert zusätzlichen Komfort und Hygiene für den täglichen Gebrauch. Dieser vielseitige und elegante String ist ein unverzichtbares Wäschestück, das Ihre Dessous-Kollektion stilvoll bereichert.;1;36;;product.ops
499982615;78659;3701425602462;SKU-0000560248;3701425602462;560248;Maison Close Triangle BH 560248 Damen Gr. S 85% Polyamid 15% Elasthan NEU;Dieser Maison Close Triangle BH aus der Corps à Corps Kollektion besticht durch seine leichte Tüllkonstruktion. Das transparente Material bietet eine ansprechende Optik und gewährleistet gleichzeitig höchsten Tragekomfort für den ganzen Tag. Das bügellose Design dieses BHs sorgt mit einem breiten, elastischen Unterbrustband für optimalen und sicheren Halt. Ein praktischer Häkchenverschluss am Rücken ermöglicht eine einfache Anpassung und bequeme Handhabung. Das stilvolle Design in Taupe und Neonrosa wird durch verstellbare, abnehmbare Signature-Träger mit eleganten goldfarbenen Details ergänzt. Diese Träger bieten flexible Kombinationsmöglichkeiten und können bei Bedarf durch andere Signature-Träger der Marke ersetzt werden.;1;47.2;;product.ops
489022050;78659;395730b7-67d0-4880-a770-f85086b71052;SKU-8932764822;9009044985671;BTFW 2342;Blue Tomato Herren Sweatshirt Schwarz Gr. L Baumwolle BTFW 2342 NEU;Dieses hochwertige Blue Tomato Sweatshirt für Herren vereint lässigen Stil mit exzellentem Tragekomfort für den modernen Mann. Es besticht durch sein zeitloses Design, welches sich mühelos in jede Garderobe integrieren lässt. Die sorgfältige und robuste Verarbeitung dieses Sweatshirts aus reiner Baumwolle garantiert eine beeindruckende Langlebigkeit, sodass es ein verlässlicher Begleiter für diverse Anlässe wird. Der weiche Stoff und die optimierte Passform in Größe L bieten ein durchweg angenehmes Gefühl auf der Haut, perfekt für entspannte Stunden oder aktive Freizeitaktivitäten. Dieses vielseitige Sweatshirt in klassischem Schwarz harmoniert ideal mit Jeans oder Chinos und ist die stilvolle Wahl für den Alltag. Es ist stets bereit für gemütliche Abende zu Hause oder ungezwungene Treffen mit Freunden.;1;45;;product.ops
499982788;78659;3f1a8ee4-8e40-4f90-af9a-deade528551c;SKU-8897137065;840349928111;XMZ-D1;Standheizung für Wohnmobil LKW Boot mit 5L TankxMZ-D1 VEVORxMZ-D1V VEVOR;Die VEVOR 8KW 12V Diesel Standheizung bietet eine effiziente und zuverlässige Wärmelösung für mobile Anwendungen. Sie ist speziell konzipiert, um in Fahrzeugen wie Wohnmobilen, LKWs und Booten auch unter kalten Bedingungen für angenehmen Komfort zu sorgen. Die intuitive Steuerung erfolgt bequem über ein integriertes LCD-Display, eine Fernbedienung und optional per Bluetooth-App. Dank ihrer robusten Bauweise aus Metall und Kunststoff gewährleistet diese Luftheizung einen zuverlässigen Dauerbetrieb und ein stets angenehmes Raumklima. Ihre kompakte Form und die flexiblen Installationsmöglichkeiten machen sie zu einer vielseitigen und langlebigen Heizlösung für diverse Einsatzbereiche. Der umfangreiche Lieferumfang mit 5-Liter-Kraftstofftank und komplettem Installationskit ermöglicht eine unkomplizierte Inbetriebnahme.;1;76.27;;product.ops
489022295;78659;3f55c3c8-0603-4563-be53-8591b104d26e;SKU-7357361636;;61373208013;ROHO Sitzkissenbezug 61373208013 5cm Schwarz NEU;Der ROHO SELECT Cushion Cover ist ein hochwertiger Ersatzbezug, der optimalen Schutz und Komfort für Ihr Rollstuhl-Sitzkissen bietet. Er wurde speziell entwickelt, um die Lebensdauer Ihres Kissens zu verlängern und eine hygienische Nutzung zu gewährleisten. Gefertigt aus einer robusten Materialkombination, bestehend aus 100% Polyester/Spandex für die Oberseite, 100% Polyester für die Seiten und 100% Polyolefin-beschichtetem Polyester für die Unterseite. Diese hochwertigen Materialien gewährleisten Strapazierfähigkeit, Atmungsaktivität und eine einfache Reinigung, während sie zudem die Brandschutzstandards EN 1021-1 und EN 1021-2 erfüllen. Dieser Bezug ist passgenau für ROHO Standard und SELECT Sitzkissenmodelle mit den Maßen 50. 5 x 46. 5 x 10. 5 cm. Die einfache Anbringung und Abnahme erleichtert die Pflege und Wartung erheblich und macht ihn zu einem unverzichtbaren Zubehör für verbesserte Hygiene.;1;180;;product.ops
489022119;78659;4001690500234;SKU-4832582390;4001690500234;50023;BENT Fahrzeugadapter 50023 NEU;Der BENT Canvas Universal Fahrzeugadapter bietet eine flexible und zuverlässige Lösung zur Befestigung von Markisen und Vorzelten an einer Vielzahl von Fahrzeugtypen. Er ist speziell konzipiert, um Ihren Outdoor-Wohnraum komfortabel und sicher zu erweitern, egal ob Sie mit einem Wohnwagen, Campingbus oder Auto unterwegs sind. Ausgestattet mit einer doppelten Kederleiste von 5,8/7,2mm und einer integrierten Stangenhülle, gewährleistet dieser Adapter maximale Anpassungsfähigkeit und eine erhöhte Stabilität der gesamten Konstruktion. Vier robuste Befestigungselemente sorgen für einen außergewöhnlich sicheren und zuverlässigen Halt an der Fahrzeugschiene, selbst unter anspruchsvollen Wetterbedingungen wie Wind und Regen. Mit seinen praktischen Abmessungen von 250 cm Länge und 10 cm Breite ist der Adapter vielseitig einsetzbar und lässt sich mühelos handhaben und montieren. Das strapazierfähige Gewebe, aus dem der Adapter gefertigt ist, verspricht eine lange Lebensdauer und eine problemlose Integration in Ihr bestehendes Camping-Setup.;1;27.98;;product.ops
492850711;78659;4001807905976;SKU-5144694690;4001807905976;;Stratic Trolley Light 39cm 37L Unisex Gr. S Polyester 55cm Mint NEU;Der STRATIC Light+ Trolley S ist der ideale Begleiter für kurze Reisen und vereint Funktionalität mit modernem Design. Er ist aus robustem, wasserabweisendem Polyester gefertigt und bietet eine leichte sowie langlebige Lösung für Ihr Handgepäck. Mit seinen kompakten Maßen von 39x20x55 cm und einem Volumen von 37 Litern erfüllt dieser Koffer die Handgepäckanforderungen der meisten Fluggesellschaften. Dank seines geringen Gewichts von nur 2,05 kg und vier leichtgängigen Doppelrollen lässt er sich mühelos und komfortabel manövrieren. Die durchdachte Innenausstattung umfasst praktische Kreuzspanngurte und ein Reißverschluss-Netzfach für optimale Organisation. Ein integriertes TSA-Schloss sorgt dabei für maximale Reisesicherheit, während der STRATIC Connect NFC-Chip digitale Zusatzfunktionen bietet.;1;139.95;;product.ops
492850761;78659;4001807906881;SKU-8242720178;4001807906881;;STRATIC Hartschalenkoffer Straw 41cm Unisex Gr. M Hartschale 65cm Rosa NEU;Der STRATIC Straw+ Hartschalenkoffer kombiniert robuste Bauweise mit einem ansprechenden, modernen Design, ideal für anspruchsvolle Reisende. Er bietet eine optimale Mischung aus Sicherheit und Funktionalität, um jede Reise komfortabel und stressfrei zu gestalten. Dieser Trolley ist mit einem integrierten TSA-Zahlenschloss ausgestattet und verfügt über vier leichtgängige Doppelrollen, die eine mühelose Manövrierbarkeit gewährleisten. Eine praktische Dehnfalte ermöglicht bei Bedarf eine flexible Volumenerweiterung, um zusätzlichen Stauraum zu schaffen. Das innovative NFC Connect Feature bietet zudem smarte Funktionen für ein optimiertes Reiseerlebnis und erhöht den Komfort unterwegs erheblich. STRATIC unterstreicht die hohe Qualität und Langlebigkeit dieses zuverlässigen Reisebegleiters mit einer umfassenden 5-Jahres-Herstellergarantie.;1;69.99;;product.ops
489022680;78659;4005046205217;SKU-4191907503;4005046205217;20521;Revisionsklappe Stahlblech Wand Decke NEU;Die UPMANN SOFTLINE Revisionsklappe bietet eine praktische und zuverlässige Lösung für den einfachen Zugang zu Inspektionsöffnungen. Sie ermöglicht sicheren Zugriff auf dahinterliegende Installationen wie Leitungen oder Verteilerkästen in Wänden und Decken. Diese hochwertige Revisionsklappe überzeugt durch ihre robuste Bauweise und präzise Verarbeitung, die eine lange Lebensdauer garantiert. Dank ihrer kompakten Maße fügt sie sich unauffällig in jede Umgebung ein und bietet dabei volle Funktionalität. Die Montage der UPMANN SOFTLINE Revisionsklappe ist unkompliziert und schnell erledigt, was wertvolle Zeit und Aufwand spart. Sie eignet sich hervorragend für den Einsatz in privaten Haushalten sowie in gewerblichen Objekten, wo regelmäßige Inspektionen notwendig sind.;1;43.44;;product.ops
473211933;78659;4005414511612;SKU-4715041854;4005414511612;77302-080-155-220;ESPRIT Bettwäsche-Set 77302-080-155-220 100% Baumwolle Renforcé 155x220cm;Dieses ESPRIT CHILL Bettwäsche-Set in ansprechendem Blau mit Streifenmuster bietet optimalen Schlafkomfort für Ihr Zuhause. Es ist aus 100% Baumwolle Renforcé gefertigt, was es besonders hautsympathisch und atmungsaktiv für erholsame Nächte macht. Das moderne Design fügt sich harmonisch in jedes Schlafzimmer ein und schafft eine angenehme Atmosphäre. Zudem ist das Set OEKO-TEX Standard 100 zertifiziert, was eine schadstoffgeprüfte Qualität garantiert und für Ihr Wohlbefinden sorgt. Das 2-teilige Set beinhaltet einen Bettbezug in der Größe 155x220 cm und einen passenden Kissenbezug von 80x80 cm. Beide Bezüge sind mit praktischen Reißverschlüssen ausgestattet, die das Be- und Abziehen erheblich erleichtern und die Handhabung optimieren.;1;76.99;;product.ops
491621988;78659;4006387050412;SKU-0770525136;4006387050412;1012446;BRITA Filterkartusche 1012446 11500 Liter 11500L NEU;Die BRITA PURITY C1100 Quell ST Filterkartusche wurde speziell für die effiziente Entkarbonisierung von Trinkwasser entwickelt. Sie gewährleistet eine signifikante Reduktion von geruchs- und geschmacksbeeinträchtigenden Substanzen, um stets höchste Wasserqualität zu liefern. Dieses leistungsstarke Filtersystem ist ideal für den professionellen Einsatz in Gastronomie, Catering und Vending-Automaten geeignet. Es bietet zuverlässigen Schutz vor Kalkablagerungen, verlängert die Lebensdauer Ihrer Geräte und sichert deren effiziente Funktion. Der Austausch der Filterkartusche gestaltet sich unkompliziert und kann schnell sowie hygienisch durchgeführt werden. Anwender profitieren von einer konstant hohen Wasserqualität und minimieren gleichzeitig den Wartungsaufwand ihrer Anlagen.;1;183.33;;product.ops
467473617;78659;4006633310222;SKU-4616386559;4006633310222;24.0112-0178.1;Bremsscheibe Hinten für Continental Aftermarket Services GmbH ATE;Dieses ATE Bremsscheiben Set wurde speziell für diverse Audi Modelle entwickelt, um die Fahrsicherheit signifikant zu optimieren. Die präzise gefertigten Bremsscheiben gewährleisten eine stets zuverlässige Bremsleistung unter allen Fahrbedingungen und tragen maßgeblich zur Sicherheit bei. Die Produkte erfüllen die strenge ECE R90 Norm, was höchste Qualität und eine umfassend geprüfte Sicherheit bestätigt. Gefertigt aus langlebigem Grauguss, bieten diese Komponenten dauerhafte Zuverlässigkeit und eine stets optimale Bremskraft für eine lange Lebensdauer. Das Set beinhaltet zwei Voll-Bremsscheiben, die ideal für einen vollständigen Achstausch an der Hinterachse geeignet sind. Ein integrierter QR-Code ermöglicht zudem eine einfache und schnelle Authentizitätsprüfung der ATE Originalteile, um Fälschungen auszuschließen.;1;47.89;;product.ops
489022994;78659;4007060000236;SKU-3455080661;4007060000236;399053;SCHIESSER Damen Taillenslip Weiß Gr. 40 Baumwolle 399053 NEU;Erleben Sie den zeitlosen Komfort des SCHIESSER Original Classics Taillenslips, ideal für den täglichen Gebrauch. Diese hochwertigen Slips bieten eine perfekte Grundlage für Damen, die Wert auf Qualität und Bequemlichkeit legen. Die Taillenslips bestehen aus 100% supergekämmter Baumwolle, was außergewöhnliche Weichheit und hervorragende Atmungsaktivität gewährleistet. Flache Beinabschlüsse und das Fehlen störender Seitennähte sorgen für eine glatte Silhouette unter der Kleidung. SCHIESSER steht seit 1875 für langlebige Qualität und bewährten Komfort, eine Tradition, die sich in diesen Slips fortsetzt. Sie sind besonders pflegeleicht und behalten auch nach vielen Wäschen ihre Form und Farbe bei.;1;29.5;;product.ops
489022944;78659;4007065867636;SKU-1708759606;4007065867636;174926;SCHIESSER Bustier 42 Schwarz;Dieses SCHIESSER Damen Bustier wurde speziell für höchsten Tragekomfort entwickelt und ist eine nachhaltige Wahl für Ihre tägliche Unterwäsche. Es schmiegt sich sanft an die Haut an und gewährleistet den ganzen Tag über ein außergewöhnlich angenehmes Tragegefühl. Gefertigt aus einer hochwertigen Mischung von 95% Bio-Baumwolle und 5% Elasthan, garantiert die innovative Organic Cotton-Qualität eine exzellente Passform und optimale Bewegungsfreiheit. Der Elasthan-Anteil sorgt für die nötige Flexibilität, während die Bio-Baumwolle Atmungsaktivität und maximale Hautfreundlichkeit bietet. Das Bustier ist zudem äußerst pflegeleicht und kann problemlos bei 60°C in der Maschine gewaschen werden, was eine hygienische Reinigung sicherstellt. Die Produktion in Europa unterstreicht den hohen Qualitätsanspruch von SCHIESSER und überzeugt in puncto Langlebigkeit und Verarbeitung.;1;34.95;;product.ops
489023216;78659;4007066272026;SKU-7707703650;4007066272026;179297-803;SCHIESSER Teens Schlafanzug-Set Dunkelblau Gr. 38 Baumwolle 179297-803 NEU;Dieses SCHIESSER Schlafanzug-Set für Mädchen und Teens bietet optimalen Komfort für erholsame Nächte und gemütliche Stunden zu Hause. Es ist aus 100% reiner Baumwolle gefertigt, was ein besonders angenehmes Hautgefühl und hervorragende Atmungsaktivität gewährleistet. Das zeitlose dunkelblaue Design mit eleganter weißer Paspelierung ist vielseitig kombinierbar und bietet eine klassische Ästhetik. Mit der Konfektionsgröße 38 bietet dieses Set eine komfortable und ideale Passform für junge Trägerinnen. Dieses hochwertige Schlafanzug-Set von SCHIESSER vereint Funktionalität mit klassischem Stil und bewährter Markenqualität. Es ist zudem äußerst pflegeleicht und strapazierfähig, was es zur idealen Wahl für qualitätsbewusste Mädchen und Teens macht.;1;29.95;;product.ops
465272140;78659;4009384341071;SKU-2859032659;4009384341071;34107;MFLAx Außenspiegelflagge 34107 NEU;Die MFLAX Außenspiegelflagge ermöglicht es Ihnen, Ihre Verbundenheit mit Deutschland stilvoll zu zeigen. Sie ist ideal für Sportevents, Weltmeisterschaften oder andere patriotische Anlässe. Dieses hochwertige Accessoire verleiht Ihrem Fahrzeug eine persönliche Note und ist ein echter Blickfang auf jeder Fahrt. Die Spiegelflagge in den Farben Schwarz, Rot und Gold besticht durch ihre robuste Verarbeitung und bietet auch bei hohen Geschwindigkeiten sicheren Halt. Dank der universellen Passform ist sie für alle gängigen PKW-Außenspiegel geeignet und lässt sich werkzeuglos in wenigen Sekunden montieren. Für eine langanhaltende Farbbrillanz und Materialschonung wird eine schonende Handwäsche empfohlen, um die Qualität und das Erscheinungsbild zu bewahren.;24;9.49;;product.ops
465280625;78659;4009384458304;SKU-4401248629;4009384458304;45830;Fries GmbH Fußball Fanschal 45830 NEU;Dieser hochwertige Deutschland Fanschal von Fries GmbH ist das ideale Accessoire für jeden leidenschaftlichen Fußballfan. Zeigen Sie Ihre unerschütterliche Unterstützung für die deutsche Nationalmannschaft bei jedem Spiel und Anlass. Das klassische Design in Schwarz, Rot und Gold macht ihn zu einem sofort erkennbaren Symbol Ihrer Verbundenheit. Die robuste Verarbeitung gewährleistet eine außergewöhnliche Langlebigkeit und Farbbeständigkeit. Gefertigt aus weichem, hautfreundlichem Textil bietet dieser Schal höchsten Tragekomfort und schützt angenehm vor kühleren Temperaturen. Er ist perfekt geeignet für das Stadion, Public Viewing oder als stilvolles Statement im Alltag.;17;7.99;;product.ops
490679626;78659;4011097314037;SKU-5493501888;4011097314037;28276000;Duschschlauch Kunststoff 160cm Dusche Verdrehschutz NEU;Der hansgrohe Isiflex Duschschlauch in glänzender Chrom-Optik bietet erstklassige Qualität und ansprechendes Design für jedes moderne Badezimmer. Er wurde sorgfältig entwickelt, um ein herausragendes Duscherlebnis mit hoher Funktionalität zu gewährleisten. Mit einer komfortablen Länge von 1,60 m ermöglicht der Brauseschlauch uneingeschränkte Bewegungsfreiheit unter der Dusche. Ein innovativer Verdrehschutz verhindert lästiges Verwickeln, während der integrierte Knickschutz die Materialermüdung minimiert und die Lebensdauer verlängert. Die Montage ist dank des standardisierten G 1/2 Zoll Anschlussgewindes unkompliziert und sichert eine breite Kompatibilität. Zudem ist die pflegeleichte Oberfläche mit der hansgrohe QuickClean Technologie ausgestattet, die eine schnelle und effiziente Kalkentfernung ermöglicht.;1;21.29;;product.ops
464298782;78659;4013556577007;SKU-5410787453;4013556577007;57700;Schutzhülle Polyester 110cm Hängesessel NEU;Die acamp Hängesessel Schutzhülle bietet Ihrem Hängesessel ganzjährigen Premium-Wetterschutz und verlängert dessen Lebensdauer erheblich. Gefertigt aus robustem, wasserdichtem Polyestergewebe mit versiegelten Nähten, schützt sie zuverlässig vor Regen, Schnee und Frost. Stabile Aluminium-Ösen gewährleisten eine einfache und sichere Befestigung, selbst bei starkem Wind. Die pflegeleichte Oberfläche ermöglicht eine mühelose Reinigung und bewahrt das ansprechende Erscheinungsbild der Hülle dauerhaft. Der Lieferumfang umfasst eine hochwertige Schutzhülle, passend für Hängesessel mit Maßen von Ø110x200cm, konzipiert für den ganzjährigen Einsatz. Eine 2-Jahres-Herstellergarantie bietet Ihnen zusätzliche Sicherheit und unterstreicht die hohe Produktqualität.;2;59.95;;product.ops
464298793;78659;4013556577076;SKU-2724878095;4013556577076;57707;Schutzhülle Polyestergewebe 160cm Garten Terrasse NEU;Die Acamp Schutzhülle Cappa bietet optimalen Ganzjahresschutz für Ihre ovalen Gartentische vor Regen, Frost, Schmutz und schädlicher UV-Strahlung. Gefertigt aus hochfestem, wasserdichtem Polyestergewebe mit versiegelten Nähten, garantiert sie eine lange Lebensdauer Ihrer Möbel. Mit präzisen Maßen von 160x95x75 cm passt diese Hülle ideal auf gängige ovale Tische und lässt sich dank integrierter Aluminium-Ösen sicher befestigen. Ihre pflegeleichte Oberfläche ermöglicht eine schnelle Reinigung und trägt maßgeblich zur Werterhaltung Ihrer Gartenmöbel bei. Diese hochwertige Schutzhülle ist sofort einsatzbereit und schützt Ihre Gartenmöbel optimal vor äußeren Einflüssen. Für den dauerhaften Erhalt der Schutzfunktion wird eine regelmäßige Reinigung und sachgemäße Lagerung empfohlen.;3;49.99;;product.ops
464298807;78659;4013556577120;SKU-7700165856;4013556577120;57712;Sonnenschirm Schutzhülle Polyestergewebe 200cm Outdoor NEU;Die acamp Sonnenschirm Schutzhülle bietet optimalen Ganzjahresschutz für Schirme bis 400 cm, wodurch deren Lebensdauer und Farbbrillanz erhalten bleiben. Sie schützt Ihren Schirm zuverlässig vor Regen, Frost, UV-Strahlung und Schmutz, um dauerhafte Schönheit und Funktionalität zu gewährleisten. Gefertigt aus robustem Polyestergewebe mit wasserdichter Innenbeschichtung und versiegelten Nähten, garantiert diese Hülle höchste Widerstandsfähigkeit und absolute Dichtigkeit. Die frostbeständige und wetterfeste Materialzusammensetzung ermöglicht einen ganzjährigen Einsatz und schützt Ihren Schirm auch in kalten Monaten zuverlässig. Die Schutzhülle wird mit praktischen Gewebebändchen für eine einfache und sichere Befestigung am Schirmmast geliefert. Mit 2 Jahren Herstellergarantie auf das Material erhalten Sie ein langlebiges Produkt, das sich mühelos anbringen und reinigen lässt.;11;14.95;;product.ops
464298809;78659;4013556577144;SKU-0139597304;4013556577144;57714;Schutzhülle Polyester NEU;Die Acamp Cappa Schutzhülle bietet optimalen Ganzjahresschutz für Ampelschirme mit einem Durchmesser von bis zu 300 cm. Sie wurde speziell entwickelt, um die Lebensdauer Ihres wertvollen Gartenmöbels signifikant zu verlängern. Gefertigt aus robustem Polyestergewebe mit wasserdichter Innenbeschichtung und versiegelten Nähten, garantiert diese Hülle maximale Beständigkeit gegen Feuchtigkeit und extreme Temperaturen. Ihre frostbeständige und wetterfeste Konstruktion macht sie ideal für den dauerhaften Außeneinsatz über das gesamte Jahr hinweg. Die Befestigung erfolgt mühelos und sicher mittels praktischer Gewebebändchen, was eine einfache Handhabung und einen festen Sitz gewährleistet. Dank der optimalen Passform ist sie für viele Ampelschirmmodelle geeignet und schützt Ihren Schirm zuverlässig vor äußeren Einflüssen.;4;22.95;;product.ops
464298810;78659;4013556592796;SKU-5928571392;4013556592796;59279;Schutzhülle Polyester 160cm Strandkorb NEU;Die acamp Cappa Schutzhülle bietet Ihrem Strandkorb einen unverzichtbaren Ganzjahresschutz vor allen Witterungseinflüssen, wodurch die Lebensdauer Ihrer Gartenmöbel erheblich verlängert wird. So bleibt Ihr Strandkorb stets sauber, trocken und sofort einsatzbereit, unabhängig von der Jahreszeit. Gefertigt aus hochwertigem, robustem Polyestergewebe mit einer wasserdichten Innenbeschichtung und präzise versiegelten Nähten, schützt diese Hülle optimal vor Regen, Schnee, Frost und Schmutz. Die exzellente Materialqualität und die durchdachte Verarbeitung garantieren maximale Langlebigkeit sowie eine außergewöhnliche Widerstandsfähigkeit unter allen Bedingungen. Mit optimierten Maßen von 160 (B) x 79 (T) x 165 (H) cm ist diese Schutzhülle passgenau für die meisten gängigen Strandkörbe konzipiert und lässt sich dank stabiler Aluminium-Ösen einfach und sicher befestigen. acamp unterstreicht die Qualität dieses wetterfesten Produkts mit einer umfassenden 2-jährigen Herstellergarantie, die Ihnen zusätzliche Sicherheit bietet.;4;59.99;;product.ops
473213041;78659;4013594537810;SKU-3704607179;4013594537810;53781;Goki Klangkaskade Murmelbahn 53781 Ab 3 Jahre NEU;Die Goki Murmelbahn Klangkaskade fasziniert Kinder ab 3 Jahren mit einer einzigartigen Kombination aus visuellen und auditiven Reizen. Während die Murmeln die bunten Holzblätter hinabrollen, erzeugen sie sanfte, melodische Klänge, die zum Entdecken einladen. Dieses hochwertige Holzspielzeug ist aus robustem Material gefertigt und mit kinderfreundlichen Farben versehen, was langanhaltenden und sicheren Spielspaß garantiert. Die sorgfältige Verarbeitung sorgt für Stabilität und eine angenehme Haptik, ideal für kleine Kinderhände. Durch das aufmerksame Beobachten der rollenden Murmeln und das Lauschen der Töne werden auditive Wahrnehmung, Feinmotorik und das Verständnis für Ursache und Wirkung spielerisch gefördert. Es ist ein pädagogisch wertvolles Geschenk, das Konzentration und Kreativität von Kleinkindern nachhaltig unterstützt.;1;14.48;;product.ops
465112806;78659;4016417025303;SKU-3586300359;4016417025303;10036367;EUROPART Ablaufschlauchverlängerung Waschmaschinen Spülmaschinen 19mm NEU;Dieser EUROPART Ablauf-Verlängerungsschlauch bietet die ideale Lösung für eine flexible und optimale Positionierung Ihrer Wasch- oder Spülmaschine. Er erweitert zuverlässig die Reichweite Ihrer Geräte und gewährleistet eine effiziente sowie hygienische Abwasserentsorgung in jedem modernen Haushalt. Gefertigt aus hochwertigem und langlebigem Kunststoff, zeichnet sich dieser Schlauch durch extreme Flexibilität aus. Seine robuste Bauweise sichert eine außergewöhnlich lange Lebensdauer und höchste Zuverlässigkeit im anspruchsvollen täglichen Gebrauch. Im Lieferumfang ist ein 1,5 Meter langer Ablaufschlauch mit einem universellen 19 mm Innendurchmesser sowie ein passender Verbinder enthalten. Die praktischen geraden Endstücke ermöglichen eine unkomplizierte und schnelle Montage an gängigen Haushaltsgeräten.;6;12.9;;product.ops
489023773;78659;4025457166471;SKU-2879742273;4025457166471;16647;Kela Tischgrill 24cm NEU;Der kela Country Heißer Stein revolutioniert Ihr Tischkocherlebnis durch seine einzigartige Kombination aus Funktionalität und Geselligkeit. Er ermöglicht das schonende Braten, stilvolle Servieren und langanhaltende Warmhalten von Steaks, Fisch oder Gemüse direkt am Esstisch. Gefertigt aus hochwertigem Naturstein, ist dieser Heißer Stein bis zu 350 °C erhitzbar und garantiert eine optimale Hitzeverteilung für perfekt gegarte Speisen. Mit seinen großzügigen Maßen von 24 x 16 cm und einer Höhe von 4 cm bietet er ausreichend Platz für vielfältige kulinarische Kreationen. Profitieren Sie von der Flexibilität, unterschiedliche Zutaten gleichzeitig und individuell nach den Wünschen Ihrer Gäste zuzubereiten. Nach dem Gebrauch lässt sich der Heißer Stein mühelos reinigen und ist somit schnell für das nächste gemeinsame Genusserlebnis einsatzbereit.;1;22.95;;product.ops
489024228;78659;4026947097541;SKU-7396058360;4026947097541;9754;BGS technic Motor-Einstellwerkzeug Satz;Der BGS technic Motor-Einstellwerkzeug-Satz 9754 ist unerlässlich für die präzise Einstellung der Motorsteuerzeiten und sichert somit eine optimale Motorfunktion. Dieses hochwertige Spezialwerkzeug wurde für professionelle Werkstätten und anspruchsvolle Heimwerker entwickelt, um höchste Genauigkeit und Effizienz bei Wartungsarbeiten zu gewährleisten. Das Set ist speziell für eine breite Palette von GM-Fahrzeugen konzipiert, darunter Modelle von Opel, Saab, Chevrolet, Buick und Cadillac mit 2. 8L und 3. 6L V6 Motoren. Es ersetzt wichtige OEM-Werkzeuge wie EN-48383 und EN-46106, wodurch eine exzellente Kompatibilität und zuverlässige Anwendung bei der Motorinstandsetzung sichergestellt wird. Mit diesem umfassenden Werkzeugsatz führen Sie Motorwartungs- und Reparaturarbeiten effizient, sicher und nach Herstellervorgaben durch. Die robuste und präzise Ausführung in bewährter BGS technic Qualität garantiert eine lange Lebensdauer sowie höchste Genauigkeit bei jeder Anwendung.;1;83.99;;product.ops
467474755;78659;4027816321033;SKU-1609202291;4027816321033;32103;Ölfilter für PSA-Motoren Ø65mm H69mm Ferdinand Bil Febi Bilstein;Der FEBI BILSTEIN Ölfilter 32103 gewährleistet zuverlässigen Motorschutz und sorgt für makellose Ölreinheit, was die Langlebigkeit Ihres Fahrzeugs maßgeblich unterstützt. Er wird aus hochwertigen Filtrationsmaterialien gefertigt, um dauerhaft sauberes Motoröl und eine erstklassige Motorleistung zu gewährleisten. Dieser Ölfilter zeichnet sich durch seine präzise Passform aus, die eine unkomplizierte und schnelle Installation ermöglicht. Dank seiner breiten Fahrzeugkompatibilität ist der FEBI BILSTEIN 32103 die ideale Wahl für zahlreiche gängige Modelle wie Peugeot, Citroën, Ford, Opel, Fiat, Mini, DS, Jaguar, Land Rover und Volvo. Vertrauen Sie auf die bewährte Erstausrüsterqualität von FEBI BILSTEIN, die maximale Zuverlässigkeit und eine konstant optimale Motorleistung garantiert. Dieser Filter ist für den sofortigen Einbau in Ihr Fahrzeug bereit und sichert die Effizienz Ihres Motors langfristig und effektiv.;1;15.99;;product.ops
476175293;78659;4030434105633;SKU-9182883969;4030434105633;FR490971;FLENNOR Radlagersatz FR490971 für Mercedes-Benz OE 1403300051 Passgenau NEU;Der FLENNOR Radlagersatz FR490971 wurde speziell für Mercedes-Benz Modelle der Baureihen W140 und C140 entwickelt, um eine exakte Passform und optimale Funktion zu garantieren. Er gewährleistet eine verbesserte Fahrstabilität und trägt maßgeblich zur Erhöhung der Fahrsicherheit Ihres Fahrzeugs bei. Dieses hochwertige Bauteil reduziert effektiv unerwünschte Fahrgeräusche und Vibrationen, was den Fahrkomfort auf jeder Strecke spürbar verbessert. Dank der Fertigung aus robusten und langlebigen Materialien bietet der Radlagersatz eine zuverlässige und dauerhafte Performance auch unter anspruchsvollen Betriebsbedingungen. Der Lieferumfang beinhaltet alle notwendigen Komponenten für einen unkomplizierten und schnellen Austausch des Radlagers an der Vorderachse. Die gesicherte Kompatibilität wird durch die präzise Entsprechung der OE-Referenznummer 1403300051 bestätigt, was eine problemlose Integration in Ihr Fahrzeug ermöglicht.;2;24.9;;product.ops
473223837;78659;4034144003036;SKU-3097738026;4034144003036;100303;Anhängerspiegel Außenspiegel EMUK 100303;Dieser EMUK Anhängerspiegel gewährleistet eine optimale und vibrationsfreie Rücksicht, was die Sicherheit beim Fahren mit Anhänger erheblich steigert. Er wurde präzise für diverse Renault Modelle wie Kadjar, Espace V, Scénic IV und Koleos II ab Baujahr 2015 entwickelt und garantiert eine perfekte Passform. Die robuste 2-Punkt-Befestigung besteht aus hochwertigem, korrosionsbeständigem Aluminium und gewährleistet außergewöhnliche Stabilität während der Fahrt. Die unkomplizierte und schnelle Montage erfolgt direkt am Fahrzeugaußenspiegel, wodurch die Handhabung besonders benutzerfreundlich ist. Dieses Produkt überzeugt durch seine herausragende Qualität, die präzise in Deutschland gefertigt wird und höchste Standards erfüllt. Die Auszeichnung mit dem German Design Award Special 2017 sowie eine umfassende 10-jährige Herstellergarantie unterstreichen die Langlebigkeit und absolute Zuverlässigkeit dieses Premium-Zubehörs.;1;89.9;;product.ops
467474894;78659;4040074053454;SKU-0333689520;4040074053454;014 641 0004;Federbeinstützlager Vorderachse für Mercedes-Benz MEYLE 014 641 0004 NEU;Dieses hochwertige MEYLE Federbeinstützlager ist speziell für die Vorderachse von Mercedes E-Klasse und CLS Modellen konzipiert. Es gewährleistet eine präzise Führung des Federbeins und trägt maßgeblich zur Fahrstabilität bei. Gefertigt aus robustem Metall und hochfestem Gummi, bietet dieses Lager eine exzellente Langlebigkeit und Widerstandsfähigkeit gegenüber alltäglichen Belastungen. Es verbessert spürbar den Fahrkomfort und das Lenkverhalten Ihres Fahrzeugs, indem es Vibrationen effektiv dämpft. Der Austausch des Federbeinstützlagers ist unkompliziert und minimiert die Standzeiten Ihres Fahrzeugs in der Werkstatt. Mit der Herstellernummer 014 641 0004 ist die eindeutige Identifikation und Passgenauigkeit für die genannten Mercedes-Modelle sichergestellt.;2;19.83;;product.ops
473224960;78659;4040074122754;SKU-0945605804;4040074122754;0140193700;MEYLE Automatikgetriebeöl 1 Liter;"Das MEYLE ATF DCG II Automatikgetriebeöl ist speziell für moderne Doppelkupplungsgetriebe (DCT) konzipiert, um herausragende Leistung und präzise Schaltvorgänge zu garantieren. Seine fortschrittliche Formulierung gewährleistet optimale Schmierung und trägt maßgeblich zur Effizienz sowie Langlebigkeit des Getriebes bei. Dieses Hochleistungsöl bietet exzellenten Verschleißschutz selbst unter extremen Betriebsbedingungen und minimiert effektiv die Reibung. Die hohe thermische Stabilität sichert eine konstante Leistung bei hohen Temperaturen und schützt Getriebekomponenten zuverlässig vor Überhitzung und Degradation. Als Qualitätsprodukt ""Made in Germany"" erfüllt das MEYLE ATF DCG II höchste Industriestandards und ist somit eine zuverlässige Wahl für die Fahrzeugwartung. Es ist ideal für eine Vielzahl von Fahrzeugen mit Doppelkupplungsgetrieben, einschließlich VW DSG und BMW DKG, und sichert eine dauerhaft reibungslose Funktion.";5;20.95;;product.ops
467514130;78659;4040074137246;SKU-9078406333;4040074137246;112 330 0003/S;Inspektionspaket für Audi VW Seat Skoda 1 MEYLE 112 330 0003/S Insp Ins;Dieses MEYLE Inspektionspaket wurde speziell für Audi, Seat, Skoda und VW Modelle mit 1. 6 und 2. 0 TDI Motoren entwickelt. Es gewährleistet eine überragende Filtration und schützt empfindliche Motorkomponenten zuverlässig vor schädlichen Partikeln. Die präzise Fertigung nach höchsten Qualitätsstandards sichert eine perfekte Passform und eine unkomplizierte Installation. Mit diesem umfassenden Set wird eine konstante Versorgung Ihres Motors mit sauberer Luft und sauberem Kraftstoff gewährleistet. Dies optimiert die Motorleistung und trägt maßgeblich zur langfristigen Werterhaltung Ihres Fahrzeugs bei. Vertrauen Sie auf die bewährte MEYLE Qualität, die eine langfristige Funktionalität und einen zuverlässigen Betrieb unter allen Bedingungen sicherstellt.;1;45.9;;product.ops
467549470;78659;4040074266946;SKU-6074840029;4040074266946;100 498 0057;Gelenksatz radseitig für Audi 80 90 Coupe Cabriolet 100 498 0057 ABS Ge Gel;Dieser MEYLE Gelenksatz 100 498 0057 ist ein unverzichtbares Ersatzteil für die Antriebswelle Ihres Fahrzeugs und gewährleistet eine zuverlässige Kraftübertragung. Er trägt maßgeblich zur Fahrsicherheit und zur optimalen Performance bei, indem er die Verbindung zwischen Getriebe und Rädern stabilisiert. Das hochwertige Komplettset umfasst alle notwendigen Komponenten für einen vollständigen Austausch des radseitigen Gelenks, inklusive robuster Manschette, passender Schellen und Spezialfett. Der Gelenksatz ist zudem mit einem integrierten ABS-Ring ausgestattet, welcher die präzise Sensorfunktion des ABS-Systems vollständig wiederherstellt. Die präzise Fertigung nach strengen MEYLE-Qualitätsstandards garantiert eine perfekte Passform und hohe Beständigkeit unter allen Fahrbedingungen. Dieser umfassende Lieferumfang ermöglicht eine vollständige Reparatur und sichert die Langlebigkeit der Antriebswelle für viele Kilometer.;1;27.2;;product.ops
467474893;78659;4041248145418;SKU-8581934036;4041248145418;057.240;Elring Zylinderkopfschraubensatz Zylinderkopf für VW 057.240 172mm;Der Elring Zylinderkopfschraubensatz 057. 240 ist eine essenzielle Komponente für die sichere und dauerhafte Verbindung des Zylinderkopfs mit dem Motorblock. Er gewährleistet die strukturelle Integrität des Motors und ist damit entscheidend für die Leistungsfähigkeit und Langlebigkeit Ihres Fahrzeugs. Gefertigt aus hochfesten Materialien, bietet dieser Schraubensatz höchste Beständigkeit gegen thermische und mechanische Belastungen im Motorraum. Diese Materialwahl sichert eine lange Lebensdauer und zuverlässige Funktion unter extremen Betriebsbedingungen. Vertrauen Sie auf die bewährte Elring Originalqualität, die für unübertroffene Zuverlässigkeit und präzise Fertigung steht. Die optimale Abdichtung und der Schutz vor Zylinderkopfverzug sind entscheidend für die Motorleistung und -effizienz, passend für diverse Modelle von VW, Audi, Ford, Seat und Skoda.;3;18.99;;product.ops
467474896;78659;4041248434536;SKU-8529588380;4041248434536;542.210;Dichtungssatz für Elring 542.210 NEU;Dieser Elring Dichtungssatz 542. 210 gewährleistet die langfristige Zuverlässigkeit Ihres Motors und schützt effektiv vor Leckagen. Er bietet eine optimale Lösung, um den Wartungsaufwand durch langlebige Abdichtung zu minimieren und die Motorleistung dauerhaft zu erhalten. Das Set ist aus hochwiderstandsfähigen Materialien in bewährter Erstausrüsterqualität gefertigt und garantiert maximalen Schutz vor Hitze, Druck sowie chemischen Einflüssen. Es umfasst alle präzisionsgefertigten Dichtungen, die eine optimale Passform und eine zuverlässige Abdichtung selbst unter extremsten Betriebsbedingungen gewährleisten. Die Beständigkeit gegen aggressive Medien und extreme Belastungen erhöht die Motorsicherheit und verlängert die Lebensdauer erheblich. Für eine einwandfreie Funktion und Ihre Sicherheit wird die Installation durch qualifiziertes Fachpersonal dringend empfohlen, um die volle Leistungsfähigkeit zu gewährleisten.;1;46.43;;product.ops
467474903;78659;4041248450864;SKU-7321712010;4041248450864;1212188109;Zylinderkopfdichtungssatz Motor Elring 1212188109 NEU;Die Elring Zylinderkopfdichtung sichert eine essenzielle Abdichtung des Motors und ist damit entscheidend für optimale Leistung und Kompression. Gefertigt aus hochwertigem Multilayer Steel (MLS), gewährleistet sie maximale Haltbarkeit und Beständigkeit unter extremen Betriebsbedingungen. Als Elring Originalersatzteil garantiert dieses Produkt eine perfekte Passgenauigkeit und höchste Qualität, um die Effizienz und den langfristigen Werterhalt Ihres Fahrzeugs zu sichern. Es schützt den Motor effektiv vor Leckagen und schädlichem Druckverlust, wodurch die Lebensdauer der Komponenten signifikant verlängert wird. Die Installation dieser Zylinderkopfdichtung ist sowohl für professionelle Mechaniker als auch für erfahrene Heimwerker konzipiert und ermöglicht eine schnelle sowie effektive Instandsetzung. Vertrauen Sie auf Elring Originalteile, um die Leistungsfähigkeit und die Sicherheit Ihres Motors dauerhaft zu erhalten und nachhaltig zu optimieren.;1;25.2;;product.ops
467474900;78659;4041248450871;SKU-4780318569;4041248450871;150.162;Zylinderkopfdichtung Motor Elring 150.162 NEU;Die Elring Zylinderkopfdichtung 150. 162 sichert die unübertroffene Leistung und Langlebigkeit Ihres Motors. Sie gewährleistet eine absolut zuverlässige Abdichtung des Brennraums und schützt effektiv vor Leckagen. Gefertigt in bewährter Erstausrüsterqualität aus extrem robusten, hitzebeständigen Materialien, bietet diese Dichtung präzise Passgenauigkeit. Dies sorgt für maximale Betriebssicherheit und optimierte Motorleistung. Der Lieferumfang umfasst eine hochwertige Zylinderkopfdichtung, exakt auf Ihr Fahrzeug abgestimmt. Eine fachgerechte Installation durch qualifiziertes Personal ist für fehlerfreie Funktion und volle Potenzialentfaltung zwingend erforderlich.;1;34.99;;product.ops
467476317;78659;4043962306996;SKU-8927251416;;Quattric II 24/450/400;Fischer Hammerbohrer NEU;Der fischer Hammerbohrer Quattric II SDS-plus Ø 24mm bietet Profis unübertroffene Präzision und Leistung für Beton, Mauerwerk und Naturstein. Seine innovative Quattric II Bohrkopf-Geometrie sorgt für exakte Bohrlöcher, schnelle Arbeitsfortschritte und minimierte Vibrationen bei jeder Anwendung. Ausgestattet mit einer extrem robusten Hartmetallspitze und einer optimierten SDS-plus Aufnahme, garantiert dieser Premium-Bohrer maximale Langlebigkeit und verlustfreie Kraftübertragung. Das PGM-Prüfzeichen verbürgt sich für absolute Maßhaltigkeit und Zuverlässigkeit, unterstrichen durch die bewährte Qualität 'Made in Germany'. Im Lieferumfang ist ein fischer Hammerbohrer Quattric II SDS-plus Ø 24mm enthalten, der sofort für anspruchsvolle Projekte einsatzbereit ist. Vertrauen Sie auf dieses Präzisionswerkzeug, das sich in tausenden Anwendungen bewährt hat und Ihnen langfristig herausragende Ergebnisse sichert.;1;41.9;;product.ops
467476418;78659;4046001447266;SKU-3016364513;4046001447266;V25-40006;Bremsscheibe Hinterachse für Kuga Galaxy Focus Mondeo Range Rover Evoque;Die VAICO Bremsscheiben V25-40006 gewährleisten eine herausragende Bremsleistung und tragen maßgeblich zur Erhöhung der Fahrsicherheit bei. Ihre präzise Konstruktion garantiert eine konstante und zuverlässige Verzögerung unter allen erdenklichen Fahrbedingungen. Gefertigt aus hochverschleißfesten Materialien, bieten diese Bremsscheiben eine außergewöhnlich lange Lebensdauer und dauerhaft zuverlässige Performance. Eine effiziente Wärmeableitung minimiert zudem effektiv Bremsfading, selbst bei intensiver Beanspruchung des Bremssystems. Dieses Set umfasst zwei Bremsscheiben, die einen vollständigen und passgenauen Austausch an der Hinterachse Ihres Fahrzeugs ermöglichen. Für maximale Sicherheit und optimale Funktionsfähigkeit wird die fachgerechte Installation durch qualifiziertes Fachpersonal dringend angeraten.;1;61.92;;product.ops
465272155;78659;4047059413104;SKU-6068074259;4047059413104;603-413104;Europet Bernina Hund Katze Trinkbrunnen Weiß Blau;Der Europet Bernina Aqua Fresh Trinkbrunnen versorgt Ihre Haustiere stets mit hygienisch reinem, gefiltertem Wasser. Dieses System fördert den natürlichen Trinktrieb von Hunden und Katzen und unterstützt maßgeblich ihre Gesundheit und Vitalität. Mit einem großzügigen Fassungsvermögen von 2,1 Litern bietet der Brunnen eine zuverlässige Wasserquelle, auch bei längerer Abwesenheit. Er ist aus hochwertigem Kunststoff gefertigt und überzeugt durch einen sparsamen Energieverbrauch von nur 4 Watt. Die unkomplizierte Befüllung und der schnelle Filterwechsel garantieren dauerhaft optimale Wasserqualität und höchste Hygienestandards. Eine integrierte LED-Anzeige informiert diskret über den Betriebsstatus, während das kompakte Design eine flexible Integration in jedes Wohnambiente ermöglicht.;1;49.99;;product.ops
476510014;78659;4052138007280;SKU-8414659629;4052138007280;7.160.00.530;Trotec 3in1 Kombifilter AirgoClean 170 E;Dieser Trotec HEPA Carbon Kombifilter ist eine essenzielle Komponente für eine verbesserte Raumluftqualität in Ihrem Zuhause oder Büro. Er kombiniert fortschrittliche HEPA- und Aktivkohlefiltration, um eine umfassende Reinigung der Atemluft zu gewährleisten und so Ihr Wohlbefinden zu steigern. Der hochwertige Filter wurde speziell für die Trotec AirgoClean 170 E und 171 E Luftreiniger entwickelt und garantiert eine perfekte Passform sowie optimale Leistung. Er entfernt zuverlässig Feinstaubpartikel, Pollen, Allergene und Bakterien aus der Luft, wodurch eine deutlich reinere Umgebung geschaffen wird. Zusätzlich zur effektiven Partikelfiltration neutralisiert die integrierte Aktivkohleschicht unangenehme Gerüche, Rauch und schädliche Dämpfe. Der einfache und schnelle Filterwechsel sorgt für eine unkomplizierte Wartung und dauerhaft frische, saubere Luft.;2;13.99;;product.ops
499985127;78659;4053838528228;SKU-1000000002;4053838528228;TB3216-20007;Urban Classics Damen Leggings Schwarz Gr. S Baumwolle TB3216-20007 NEU;Diese Urban Classics Damen Leggings vereint hohen Tragekomfort mit einem modernen Design und ist somit ideal für vielfältige Anlässe. Sie lässt sich mühelos in jedes Outfit integrieren und bietet stets eine stilvolle Basis für Ihre Garderobe. Gefertigt aus einem weichen Baumwollmischgewebe, bietet die Leggings den ganzen Tag über ein angenehmes Hautgefühl. Die seitlichen Spitzenstreifen verleihen dem Modell eine elegante und zugleich trendige Note, die jedes Ensemble aufwertet. Die figurbetonte Passform unterstreicht vorteilhaft die weibliche Silhouette und sorgt für einen modischen Look. Dank der hochwertigen Verarbeitung und der einfachen Maschinenwäsche bleibt die Leggings lange formbeständig und pflegeleicht.;1;9.29;;product.ops
489025786;78659;4055333068964;SKU-3855746092;4055333068964;PBRK 700 A1;Benzin-Rucksack-Kombigerät Garten Rucksack-Tragesystem 6-in-1 System;Das PARKSIDE Benzin-Rucksack-Kombigerät PBRK 700 A1 ist ein äußerst vielseitiges 6-in-1 Werkzeug, das für eine umfassende und effiziente Gartenpflege konzipiert wurde. Es vereint sechs essenzielle Funktionen in einem einzigen Gerät und bietet somit eine leistungsstarke Lösung für diverse Gartenaufgaben. Dieses robuste Kombigerät zeichnet sich durch seinen leistungsstarken 1. 5 kW (2 PS) Benzinmotor aus, der auch anspruchsvolle Arbeiten mühelos bewältigt. Das komfortable Rucksack-Tragesystem mit ergonomischen Gurten sorgt dabei für eine angenehme Handhabung und optimale Bewegungsfreiheit, selbst bei längeren Einsätzen. Ein schneller und werkzeugloser Aufsatzwechsel ermöglicht eine flexible Anpassung an individuelle Bedürfnisse und die vielfältigen Anforderungen der Gartenarbeit. Der umfangreiche Lieferumfang, inklusive Rasentrimmer, Freischneider, Heckenschere, Hochentaster und Laubbläser-Funktion, gewährleistet einen sofortigen und produktiven Start in die Gartensaison.;3;245;;product.ops
491622621;78659;4059625316214;SKU-6046815482;4059625316214;71550000;Hansgrohe Waschtischarmatur NEU;Diese hochwertige hansgrohe Vernis Blend 70 Waschtischarmatur vereint elegantes Design mit fortschrittlicher Funktionalität für Ihr Badezimmer. Sie ist die ideale Wahl für moderne Bäder, die Wert auf Stil und Effizienz legen. Die Armatur bietet eine komfortable Bedienung und fügt sich nahtlos in jede Waschtischumgebung ein. Ihre präzise Verarbeitung garantiert eine lange Lebensdauer und zuverlässige Leistung im täglichen Gebrauch. Das Modell ist mit der innovativen EcoSmart-Technologie ausgestattet, die den Wasserverbrauch signifikant reduziert. Dies trägt aktiv zum Umweltschutz bei und hilft Ihnen gleichzeitig, Wasserkosten zu sparen.;1;150;;product.ops
491623264;78659;4061275132182;SKU-2828094858;4061275132182;MD 18458;Medion Filterkaffeemaschine NEU;Die Medion MD 18458 Filterkaffeemaschine ermöglicht eine schnelle und effiziente Kaffeezubereitung mit 900 Watt Leistung. Eine hochwertige Thermoskanne hält den frisch gebrühten Kaffee lange optimal temperiert und aromatisch. Mit einer großzügigen Kapazität von 1,1 Litern können Sie mühelos bis zu 8 Tassen Kaffee zubereiten. Die integrierte Timer-Funktion erlaubt es Ihnen, den Brühvorgang vorab zu planen und morgens von frischem Kaffeeduft geweckt zu werden. Der entnehmbare Permanentfilter ist leicht zu reinigen, erspart den Kauf von Papierfiltern und fördert eine nachhaltige Nutzung. Diese zuverlässige und benutzerfreundliche Medion Kaffeemaschine vereint modernes Design mit hoher Funktionalität für den täglichen Genuss.;1;39.95;;product.ops
499985156;78659;4061393249854;SKU-9881775692;4061393249854;30920 000 00925;Killtec Erwachsene Skihose Schwarz Gr.xL Polyester 30920 000 00925 NEU;Die Killtec Herren Skihose Enosh in Größe XL bietet optimalen Schutz und herausragenden Komfort für anspruchsvolle Wintersportaktivitäten. Sie ist speziell dafür konzipiert, zuverlässig warm und trocken zu halten, selbst unter extremen Bedingungen auf der Piste. Diese Funktionshose überzeugt mit durchdachten Details wie abnehmbaren Trägern, die einen sicheren Sitz gewährleisten und maximale Flexibilität bieten. Zusätzlich verfügt sie über einen robusten Kantenschutz und einen integrierten Schneefang, der das Eindringen von Schnee und Nässe effektiv verhindert. Das strapazierfähige Material aus 100% Polyester gewährleistet eine lange Lebensdauer sowie maximale Bewegungsfreiheit bei jeder Abfahrt. Mit einer Wassersäule von 8. 000 mm und hoher Atmungsaktivität ist diese Skihose ideal für Skifahrer und Snowboarder, die Wert auf Funktionalität und Langlebigkeit legen.;2;79.5;;product.ops
491623664;78659;4061504006000;SKU-8205373469;4061504006000;;Penthouse Damen String Ouvert Schwarz Gr. L/xL Hot Getaway NEU;"Der Penthouse String Ouvert ""Hot Getaway"" ist ein exquisites Dessous, das Eleganz und verführerische Sinnlichkeit harmonisch vereint. Dieses besondere Stück wurde konzipiert, um intime Momente zu veredeln und die weibliche Silhouette stilvoll zur Geltung zu bringen. Gefertigt aus einer hochwertigen Materialmischung von 92% Nylon und 8% Elastan, bietet dieser String einen außergewöhnlichen Tragekomfort. Das anschmiegsame Gewebe passt sich optimal an und gewährleistet gleichzeitig Strapazierfähigkeit sowie Formbeständigkeit für langanhaltende Freude. Mit seinem raffinierten Ouvert-Schnitt und der zeitlosen schwarzen Farbgebung ist dieses Dessous eine Bereicherung für jede exklusive Kollektion. Die sorgfältige Herstellung in China unterstreicht den hohen Qualitätsanspruch und garantiert ein Produkt von dauerhafter Wertigkeit.";1;14;;product.ops
491623731;78659;4061504016139;SKU-0563915773;4061504016139;;PENTHOUSE String Open Secret Damen Gr. L/xL Polyamid Schwarz NEU;Der PENTHOUSE Open Secret Crotchless Lace Thong vereint verführerisches Design mit luxuriösem Tragekomfort und ist ideal für besondere Anlässe. Er fügt Ihrer intimen Garderobe ein raffiniertes und aufregendes Element hinzu, das Blicke auf sich zieht. Dieses exquisite Dessous ist aus einer zarten Mischung von 90% Polyamid und 10% Elasthan gefertigt, was eine perfekte Passform und ein unglaublich weiches Gefühl auf der Haut garantiert. Die hochwertige Materialzusammensetzung sorgt für Langlebigkeit und höchsten Komfort bei jeder Bewegung. Aufwendige Spitze, schillernde Strass-Akzente und elegante Riemchendetails schaffen eine unwiderstehliche Ästhetik, die speziell für selbstbewusste Frauen entwickelt wurde. Das einzigartige Crotchless-Design bietet einen zusätzlichen Hauch von Verführung und unterstreicht den provokativen Stil, der PENTHOUSE Dessous auszeichnet.;1;19.99;;product.ops
489025803;78659;4062493735872;SKU-6154185094;4062493735872;KH121U1KW-C11;Khujo Damen Wintermantel light moss green Gr.xxL 100% Nylon KH121U1KW-C11;Der Khujo Wintermantel LISAD in Light Moss Green bietet optimalen Schutz vor Regen und Wind, ideal für die kalte Jahreszeit. Er ist warm gefüttert und überzeugt mit einer bequemen, geraden Passform, die höchsten Tragekomfort garantiert. Das wasserdichte Obermaterial aus 100% Polyester und eine gefütterte Kapuze machen diesen Mantel zu einem zuverlässigen Begleiter bei jedem Wetter. Ausgestattet mit einem praktischen Zwei-Wege-Reißverschluss und elastischen Ärmelbündchen, vereint dieser oberschenkellange Mantel Funktionalität und modernes Design. Der hochabschließende Kragen und die robuste Materialeigenschaft sorgen für zusätzlichen Komfort und eine lange Haltbarkeit. Mit seinem unifarbenen Muster und der normalen Passform ist dieser Mantel eine vielseitige und stilvolle Ergänzung für jede Damengarderobe.;1;122.95;;product.ops
465107989;78659;4063217299953;SKU-4885995332;4063217299953;805067;Heidelberger BETTWAREN Bettdecke 805067 NEU;Erleben Sie mit der Heidelberger BETTWAREN Winterdecke Grönland unvergleichlichen Schlafkomfort und wohlige Wärme, selbst in den kältesten Winternächten. Diese exklusive Bettdecke schafft eine besonders kuschelige und warme Schlafumgebung, die gleichzeitig ein optimal reguliertes Schlafklima für erholsame Nächte bietet. Der hochwertige Bezug aus 100% reiner Baumwolle garantiert eine natürliche, hautsympathische Haptik und hervorragende Atmungsaktivität. Im Inneren überzeugt eine innovative Füllung aus 100% recycelter Polyester-Hohlfaser, welche exzellente Isolationseigenschaften mit geringem Gewicht vereint und für einen extra hohen Wärmegrad sorgt. Sie erhalten eine hochwertige Decke in der Komfortgröße 135 x 200 cm, gefertigt unter strengen Qualitätsstandards für langanhaltende Freude. Die Heidelberger Winterdecke ist äußerst pflegeleicht, behält ihre Bauschkraft und Formstabilität auch nach häufigem Waschen bei und ist zudem trocknergeeignet für unkomplizierte Hygiene.;1;64.95;;product.ops
489026231;78659;4063367064357;SKU-3244413909;4063367064357;8035810940;Grillkorb Edelstahl 22cm Gemüse Fisch kleine Fleischstücke NEU;Das Let's BBQ Grill-Gemüsekorb Set aus hochwertigem, rostfreiem Edelstahl optimiert die Zubereitung von Gemüse und kleineren Speisen auf Ihrem Grill. Es verhindert effektiv das Herunterfallen empfindlicher Zutaten durch den Rost und gewährleistet eine gleichmäßige Garung. Dieses praktische 2er Set stellt eine unverzichtbare Ergänzung für jede Grillparty dar und bietet vielseitige Einsatzmöglichkeiten. Jeder Korb misst 22 x 18,5 x 7 cm und bietet somit ausreichend Platz für eine Vielzahl von Gemüsesorten oder anderen kleinen Grillstücken. Die robuste Konstruktion garantiert eine lange Haltbarkeit und einfache Handhabung bei jeder Anwendung. Zudem sind die Körbe leicht zu reinigen und vollständig spülmaschinengeeignet, was die Pflege nach dem Grillen erheblich vereinfacht.;1;18.99;;product.ops
489026093;78659;4063543580763;SKU-3010724612;4063543580763;50520195;HUGO BOSS Herren Jeans Schwarz Gr. 36/32 50520195 NEU;Die HUGO BOSS Slim-Fit Jeans für Herren in klassischem Schwarz ist ein essenzielles Kleidungsstück für den modernen Mann. Sie bietet vielseitige Kombinationsmöglichkeiten für entspannte Freizeit-Looks sowie elegante Business-Casual-Anlässe. Gefertigt aus einem hochwertigen, gewebten Stretch-Material, garantiert diese Jeans eine exzellente Passform und maximalen Tragekomfort den ganzen Tag über. Das innovative Gewebe ermöglicht optimale Bewegungsfreiheit und bewahrt dabei stets die Form des Kleidungsstücks. Das zeitlose Design und die präzise Verarbeitung sichern eine herausragende Langlebigkeit und Formbeständigkeit, selbst nach wiederholtem Tragen und Waschen. Eine Maschinenwäsche bei 30 Grad wird empfohlen, um die Farbintensität und die hochwertige Materialstruktur optimal zu erhalten.;1;179.95;;product.ops
476200784;78659;4063544208888;SKU-1747542074;4063544208888;50517856;BOSS Herren T-Shirt Mehrfarbig (Schwarz Weiß Dunkelblau Gr. M;Das BOSS Herren T-Shirt im praktischen 3er-Pack ist ein unverzichtbares Basic für jede Herrengarderobe. Es kombiniert zeitloses Design mit hohem Tragekomfort und ist ideal für den täglichen Gebrauch sowie entspannte Freizeitaktivitäten. Gefertigt aus 100% reiner Bio-Baumwolle, bieten diese T-Shirts ein besonders weiches Hautgefühl und hervorragende Atmungsaktivität. Der klassische Rundhalsausschnitt und die bequeme Regular Fit Passform sorgen für optimale Bewegungsfreiheit und einen angenehmen Sitz. Dieser Multipack enthält drei unifarbene T-Shirts in gut kombinierbaren Farben wie Schwarz, Weiß und Dunkelblau. Sie lassen sich vielseitig zu Jeans, Shorts oder unter einem Hemd tragen und passen sich mühelos jedem Stil an.;1;44.95;;product.ops
489026464;78659;4063544824545;SKU-5749801311;4063544824545;50530473;HUGO Damen Blazer Grün Elastan 5% Polyester 64% Viskose 31 50530473 NEU;Der HUGO Damen Blazer 'Antega' in elegantem Grün ist ein unverzichtbares Kleidungsstück, das Eleganz und Komfort perfekt im Business-Alltag vereint. Seine hochwertige Verarbeitung und der moderne, taillierte Schnitt machen ihn zur idealen Wahl für professionelle Auftritte und stilvolle Kombinationen in jeder Garderobe. Gefertigt aus einem edlen Stretch-Stoff, einer Mischung aus Polyester, Viskose und Elastan, bietet dieser Blazer optimale Bewegungsfreiheit und eine stets perfekte Passform. Er zeichnet sich durch einen klassischen Reverskragen, einen diskreten Ein-Knopf-Verschluss und praktische Pattentaschen aus, die Funktionalität und Stil harmonisch verbinden. Ein glattes Innenfutter gewährleistet einen angenehmen Tragekomfort und erleichtert das mühelose An- und Ausziehen des Blazers. Um die langanhaltende Qualität, die Formbeständigkeit und die intensive Farbbrillanz dieses exklusiven Kleidungsstücks zu bewahren, wird eine professionelle Reinigung empfohlen.;1;298;;product.ops
489181873;78659;4063846033713;SKU-2126872416;4063846033713;520004387;CYBEx Kindersitz 520004387 NEU;Der CYBEX Anoris T i-Size Kindersitz setzt neue Sicherheitsstandards mit seinem integrierten Airbag-System. Diese innovative Technologie erhöht den Schutz bei einem Frontalaufprall erheblich und reduziert das Verletzungsrisiko im empfindlichen Kopf- und Nackenbereich des Kindes drastisch. Zertifiziert nach der strengen UN R129/03 (i-Size) Norm, gewährleistet dieses Modell höchste Sicherheit für Kinder von 76 bis 115 cm Körpergröße. Es ist speziell für eine sichere vorwärtsgerichtete Fahrt konzipiert und eignet sich für Kinder von etwa 15 Monaten bis zu sechs Jahren, was eine lange Nutzungsdauer ermöglicht. Die Installation erfolgt dank des ISOFIX-Systems mühelos und sicher, ergänzt durch eine intuitive Bedienung, die den Alltag von Eltern erleichtert. Das stilvolle Deep Black Design fügt sich harmonisch in jedes Fahrzeuginterieur ein, während hochwertige Materialien sowohl außergewöhnlichen Komfort als auch langanhaltende Robustheit garantieren.;1;799.95;;product.ops
492850891;78659;4064464829931;SKU-2603681659;4064464829931;PI954H033-Q11;Pier One Unisex Weekender Schwarz Gr. Size Polyurethan PI954H033-Q11 NEU;Dieser Pier One Unisex Weekender in elegantem Schwarz ist ein vielseitiger Begleiter für moderne Reisende und den täglichen Gebrauch. Er kombiniert ein zeitloses, unifarbenes Design mit praktischer Funktionalität für jede Gelegenheit und Kurztrips. Gefertigt aus strapazierfähigem Polyurethan und ausgestattet mit einem robusten Polyester-Futter, bietet diese Tasche eine hochwertige Haptik sowie außergewöhnliche Langlebigkeit. Ein zuverlässiger Zwei-Wege-Reißverschluss sichert den Inhalt optimal und schützt Ihre persönlichen Gegenstände. Mit einem geräumigen Innenfach und einem zusätzlichen, praktischen Handyfach bleiben Ihre Essentials stets organisiert und leicht zugänglich. Die durchdachten Maße von 28 cm Höhe, 48 cm Länge und 18 cm Weite bieten ausreichend Platz für alle wichtigen persönlichen Gegenstände.;1;39.99;;product.ops
489181810;78659;4064886306904;SKU-2733489996;4064886306973;A618644161A12;Jack Wolfskin Herren Outdoorjacke Black Olive Gr. 3xL NEU;Diese Jack Wolfskin Altenberg 3in1 Herren Outdoorjacke bietet optimalen Schutz und flexible Anpassung an wechselnde Wetterbedingungen. Sie kombiniert eine robuste TEXAPORE CORE RIPSTOP Außenjacke mit einem wärmenden POLARTEC 200 Fleece-Futter. Das Design ist atmungsaktiv, wasserdicht, winddicht und nutzt recycelte Materialien für einen technischen Look. Die integrierte Kapuze schützt zusätzlich vor den Elementen. Sie ist ideal für Outdoor-Abenteuer oder den Alltag und bietet dabei hohen Tragekomfort. Der Schnitt ermöglicht optimale Bewegungsfreiheit für aktive Herren.;1;192.99;;product.ops
489181898;78659;4066551928015;SKU-9824375922;4066551928015;FW2460-22;Lawrence Grey Damen Daunenjacke Schwarz Gr. 34 100% Polyamid FW2460-22 NEU;Diese Lawrence Grey Damen Daunenjacke in klassischem Schwarz vereint modernen Stil mit hoher Funktionalität. Sie ist die ideale Wahl für kältere Tage und bietet zuverlässigen Schutz vor den Elementen. Die hochwertige Füllung aus 80% Daunen und 20% Federn sorgt für optimale Wärmeisolierung und ein angenehm leichtes Tragegefühl. Das glänzende Obermaterial aus 100% Polyamid verleiht der Jacke eine edle Optik. Praktische Reißverschlusstaschen bieten sicheren Stauraum für persönliche Gegenstände, während der durchgehende Reißverschluss ein einfaches An- und Ausziehen ermöglicht. Die Jacke ist zudem pflegeleicht und bei 30°C maschinenwaschbar.;1;159;;product.ops
489688584;78659;4067266427367;SKU-2312450352;4067266427367;D11-AGX33-1100;TT. BAGATT Stiefeletten Damen Gr. EU 36 Echtleder D11-AGx33-1100 NEU;Diese eleganten TT. BAGATT Damen Stiefeletten in edlem Cognac sind eine stilvolle Ergänzung für jede Garderobe. Sie überzeugen durch ihr ansprechendes Design und ihre erstklassige Verarbeitung, passend für diverse Anlässe. Gefertigt aus feinstem Echtleder, bieten diese Stiefeletten nicht nur eine luxuriöse Optik, sondern auch hervorragenden Tragekomfort und Langlebigkeit. Der stabile Blockabsatz von 7 cm und ein dezentes Plateau gewährleisten dabei einen sicheren und bequemen Gang. Die warme Cognac-Farbe setzt modische Akzente und lässt sich vielseitig kombinieren, ob zu Röcken, Kleidern oder Hosen. Eine optimale Passform in Größe EU 36 garantiert ganztägigen Halt und Komfort, um Ihren persönlichen Stil perfekt in Szene zu setzen.;1;60;;product.ops
489182043;78659;4067266427381;SKU-3067192877;4067266427381;D11-AGX33-1100;TT. BAGATT Stiefeletten Damen Leder D11-AGx33-1100 NEU;Diese eleganten TT. BAGATT Damen Stiefeletten in edlem Cognac-Leder sind eine stilvolle Bereicherung für jede Garderobe. Sie vereinen zeitloses Design mit modernem Tragekomfort und eignen sich hervorragend für vielfältige Anlässe. Das hochwertige Obermaterial aus echtem Leder garantiert Langlebigkeit und einen luxuriösen Glanz, während der stabile Blockabsatz einen sicheren Stand und eine feminine Silhouette gewährleistet. Ein praktischer seitlicher Reißverschluss ermöglicht zudem ein müheloses An- und Ausziehen dieser modischen Begleiter. Mit ihrer robusten Sohle bieten diese Stiefeletten optimalen Grip und Trittsicherheit für den Alltag. Sie sind die ideale Wahl für Frauen, die Wert auf Eleganz, Qualität und Funktionalität legen.;3;60;;product.ops
489182030;78659;4067266427398;SKU-5359727068;4067266427398;D11-AGX33-1100;TT. BAGATT Stiefeletten Damen Leder D11-AGx33-1100 NEU;Diese eleganten TT. BAGATT Damen Stiefeletten in edlem Cognac sind die ideale Ergänzung für jede stilbewusste Garderobe. Sie kombinieren zeitloses Design mit modernem Komfort und bieten einen ansprechenden Look für vielfältige Anlässe. Das hochwertige Obermaterial aus Leder und die sorgfältige Verarbeitung garantieren Langlebigkeit sowie eine luxuriöse Haptik. Die Stiefeletten in Größe 39 verfügen über einen stabilen Blockabsatz und eine dezente Plateau-Sohle für optimalen Tragekomfort. Ein praktischer seitlicher Reißverschluss ermöglicht einfaches An- und Ausziehen und unterstreicht das durchdachte Design. Diese vielseitigen Stiefeletten eignen sich perfekt für Business, Freizeit oder besondere Anlässe, besonders in der Herbst- und Wintersaison.;3;129.95;;product.ops
489182136;78659;4067266427404;SKU-8802720534;4067266427404;D11-AGX33-1100;TT. BAGATT Stiefel Stiefeletten Damen Gr. 40 Leder D11-AGx33-1100 NEU;Diese stilvollen TT. BAGATT Damen Stiefeletten in edlem Cognac verbinden Eleganz mit hohem Tragekomfort. Sie sind eine vielseitige Ergänzung für jede Garderobe und lassen sich mühelos kombinieren. Das Design zeichnet sich durch einen modernen Blockabsatz aus, der stabilen Halt bietet und die Silhouette optisch streckt. Ein praktischer seitlicher Reißverschluss ermöglicht zudem ein einfaches An- und Ausziehen für optimalen Komfort. Die Stiefeletten in Größe 40 bieten eine hervorragende Passform und gewährleisten ganztägigen Tragekomfort. Ihre sorgfältige Verarbeitung aus feinstem Leder macht sie zu einem langlebigen und modischen Begleiter für verschiedenste Anlässe.;2;60;;product.ops
488094185;78659;4067266427411;SKU-1479525764;4067266427411;D11-AGX33-1100;TT. BAGATT Stiefelette Damen Gr. 41 Echtleder D11-AGx33-1100 NEU;Die TT. BAGATT Damen Stiefeletten in Cognac sind eine stilvolle und vielseitige Ergänzung für jede Garderobe. Sie bieten eine ansprechende Optik für Alltag und besondere Anlässe, perfekt kombinierbar mit verschiedenen Outfits. Gefertigt aus feinstem Echtleder, umschmeicheln diese hochwertigen Boots den Fuß und sorgen für optimalen Tragekomfort. Ein stabiler Blockabsatz bietet sicheren Halt, während der praktische seitliche Reißverschluss ein leichtes An- und Ausziehen ermöglicht. Das klassische Design unterstreicht Ihren individuellen Stil und lässt sich von lässigen Jeans bis zu eleganten Röcken vielseitig kombinieren. Die sorgfältige Materialauswahl und präzise Fertigung garantieren zudem eine hohe Qualität und Beständigkeit dieser langlebigen Begleiter.;1;72;;product.ops
465273421;78659;4069092282370;SKU-8382768165;4069092282370;40225462-004;Lawrence Grey Home Bettwäsche-Set 40225462-004 Gr. 135x200cm 100% Baumwolle;Das Lawrence Grey Home Satin Bettwäsche-Set garantiert einen herausragenden Schlafkomfort und unterstützt ein optimales, hautfreundliches Schlafklima. Es ist vollständig aus 100% mercerisierter Baumwolle gefertigt, die sich durch ihre besondere Weichheit und Strapazierfähigkeit auszeichnet. Dieses Set präsentiert sich in einem modernen Streifen-Design mit ansprechenden Orange- und Creme-Tönen, welches stilvolle Akzente in jedem Schlafzimmer setzt. Sowohl der Bettbezug als auch der Kissenbezug sind mit einem hochwertigen Qualitäts-Reißverschluss ausgestattet, der das Beziehen der Bettwaren erheblich vereinfacht. Dank seiner atmungsaktiven Eigenschaften und des dezenten Satin-Glanzes bietet dieses Bettwäsche-Set nicht nur höchsten Komfort, sondern auch eine ansprechende und elegante Optik. Die Bettwäsche ist zudem problemlos bei 60°C maschinenwaschbar, was eine einfache und hygienische Pflege sowie eine langfristige Form- und Farbstabilität sicherstellt.;1;38.87;;product.ops
476200511;78659;4078500055604;SKU-1803692252;4078500055604;14910;Akku- Ladegerät-Set 18V NEU;Das GARDENA 18V Starter-Kit stellt die perfekte Basisausstattung für eine effiziente und kabellose Gartenarbeit dar. Es enthält einen leistungsstarken 2. 5 Ah Akku sowie ein passendes Ladegerät, um Ihre Gartengeräte jederzeit einsatzbereit zu halten. Dieses Set gewährleistet eine zuverlässige und flexible Energieversorgung für vielfältige Anwendungen im Garten. Der Akku ist zudem Teil der POWER FOR ALL ALLIANCE, was eine breite Kompatibilität mit zahlreichen 18V-Geräten verschiedener Hersteller sicherstellt. Die markenübergreifende Akku-Allianz bietet maximale Flexibilität und erweitert Ihre Möglichkeiten im Garten erheblich. Mit diesem Starter-Kit sind Sie bestens ausgerüstet, um sofort mit Ihren kabellosen GARDENA Gartengeräten loszulegen und Projekte mühelos zu bewältigen.;1;0.01;;product.ops
467476419;78659;4082300855241;SKU-1353005263;4092285629928;8EA 011 612-801;Anlasser für Mazda Cx-5 HELLA 8EA 011 612-801 12V 1.2kW NEU;Der HELLA Anlasser 8EA 011 612-801 gewährleistet einen jederzeit zuverlässigen Motorstart für Ihr Fahrzeug, insbesondere für Modelle wie den Mazda CX-5. Dieses hochwertige Ersatzteil liefert eine Leistung von 1. 2 kW bei 12 V und sichert eine einwandfreie Funktion unter allen Betriebsbedingungen. Gefertigt unter strengsten Qualitätskontrollen, besteht dieser Anlasser aus robusten, langlebigen Metallkomponenten, die höchste Zuverlässigkeit garantieren. Seine präzise Konstruktion gewährleistet eine exakte Passform und optimale Leistung für eine lange Lebensdauer im Fahrzeug. Als pfandfreies Neuteil entfällt die Altteilrückgabe, was die Montage und Abwicklung erheblich vereinfacht. Vertrauen Sie auf die bewährte HELLA Expertise für eine unkomplizierte Wartung und kompromisslose Leistung, die den Anforderungen Ihres Fahrzeugs gerecht wird.;1;70.31;;product.ops
476200310;78659;4100420037405;SKU-0694979094;4100420037405;3740;LIQUI MOLY Motoröl 1 NEU;LIQUI MOLY Top Tec 4300 5W-30 ist ein hochmodernes Leichtlaufmotoröl, das speziell für Benzin- und Dieselfahrzeuge entwickelt wurde. Es garantiert exzellente Schmierung und zuverlässigen Verschleißschutz unter allen anspruchsvollen Betriebsbedingungen. Dieses Premium-Motoröl erfüllt die strengen Anforderungen der ACEA C2/C3 und API SP Spezifikationen, was seine hohe Leistungsfähigkeit unterstreicht. Zudem besitzt es wichtige offizielle OEM-Freigaben wie PSA B71 2290, MB 229. 51/52/31 und Renault RN17, die eine breite Kompatibilität sicherstellen. Die fortschrittliche Formulierung fördert aktiv die Motorsauberkeit und verhindert effektiv die Bildung schädlicher Ablagerungen, was die Motorlebensdauer signifikant verlängert. Durch seine optimierte Zusammensetzung trägt es maßgeblich zur Reduzierung des Kraftstoffverbrauchs bei und steht für die bewährte 'Made in Germany' Qualität von LIQUI MOLY.;1;128.61;;product.ops
491624706;78659;4211125274160;SKU-4470809769;4211125274160;27416;Beurer Heizkissen NEU;Das Beurer HK 123 XXL Nordic Heizkissen bietet luxuriösen Komfort und gezielte Wärme für Ihr Wohlbefinden. Mit seinem extra großen Format von ca. 60 x 30 cm deckt es eine großzügige Fläche ab und sorgt für angenehme Entspannung. Es verfügt über drei beleuchtete Temperaturstufen, die eine individuelle Anpassung der Wärmeintensität ermöglichen. Die integrierte Abschaltautomatik und das Beurer Sicherheitssystem (BSS) gewährleisten dabei stets eine sichere Nutzung. Das flauschig weiche Obermaterial in ansprechender Taupe-Felloptik lädt zum Kuscheln ein und ist zudem maschinenwaschbar für hygienische Sauberkeit. Hochwertige Verarbeitung und deutsche Ingenieurskunst garantieren Langlebigkeit und zuverlässige Funktionalität dieses Wärmekissens.;1;37.99;;product.ops
465274650;78659;4250153617556;SKU-4649569251;4250153617556;46020335;Near Dark Tabakpfeife 46020335 NEU;Die Near Dark Screen Prince Metallpfeife vereint Eleganz mit herausragender Funktionalität für anspruchsvolle Genießer. Ihr kompaktes und diskretes Design ermöglicht ein stilvolles Raucherlebnis, ideal für den täglichen Gebrauch und unterwegs. Gefertigt aus robustem Metall, garantiert diese Pfeife außergewöhnliche Langlebigkeit und eine angenehme Haptik, die über Jahre hinweg begeistert. Das elegante schwarze Finish, veredelt mit einer exklusiven 'Screen Prince' Gravur, macht sie zu einem zeitlosen und exklusiven Accessoire. Das durchdachte Design gewährleistet eine unkomplizierte Handhabung und eine schnelle, hygienische Reinigung. Sie erhalten ein hochwertiges Raucheraccessoire, das bereit für den sofortigen Einsatz ist und höchste Ansprüche erfüllt.;1;14.95;;product.ops
467476420;78659;4250358601817;SKU-1964286581;4250358601817;HC504-7/8;Höfner Konzertgitarre HC504-7/8 Gr. 7/8 Carmencita Musikinstrumente;Diese Höfner Carmencita HC504-7/8 Konzertgitarre ist speziell für junge Musiker und Einsteiger konzipiert. Sie bietet eine komfortable 7/8 Größe, die das Greifen und Spielen erleichtert, und überzeugt mit einem warmen, vollen Klang. Die sorgfältige Auswahl der Hölzer und die präzise Verarbeitung gewährleisten eine hohe Bespielbarkeit und eine ansprechende Klangqualität von Anfang an. Gefertigt mit einer massiven Zederndecke und einem Korpus sowie Hals aus Mahagoni, liefert dieses Instrument einen ausgewogenen und resonanten Ton. Das Palisander-Griffbrett sorgt für ein angenehmes Spielgefühl und ermöglicht eine flüssige Spielweise, ideal für das Erlernen verschiedener Techniken. Jedes Detail spiegelt die bewährte Höfner Markenqualität wider, die für Zuverlässigkeit und Langlebigkeit steht. Die Konzertgitarre ist sofort spielbereit und bietet eine hervorragende Grundlage für musikalische Entwicklung. Ihre robuste Bauweise garantiert eine lange Lebensdauer, während die hochwertige Hochglanzoberfläche für eine attraktive Optik sorgt. Dieses Modell ist die perfekte Wahl für alle, die eine zuverlässige und klangvolle Gitarre für den Einstieg suchen.;1;199;;product.ops
465274659;78659;4250454729170;SKU-1784585629;4250454729170;5572917;adeo Verlag Kunstkarte 5572917 NEU;Das adeo Verlag Kunstkarten-Set, kunstvoll gestaltet von Andreas Felger, verleiht Ihren Botschaften unvergleichliche Eleganz. Es eignet sich ideal für Geburtstage, Danksagungen oder als Ausdruck aufrichtiger Wertschätzung. Jede der zehn hochwertigen Doppelkarten zeigt eines von fünf farbenprächtigen Blumenmotiven. Die Karten sind aus edlem Papier gefertigt, was eine luxuriöse Haptik und besondere Wertigkeit garantiert. Zehn perfekt passende, weiße Umschläge sind im Lieferumfang enthalten, um Ihre Grüße stilvoll abzurunden. Diese langlebigen Kunstkarten bewahren ihre Schönheit lange, wenn sie trocken und geschützt gelagert werden.;1;20;;product.ops
489182261;78659;4250518576153;SKU-8243336834;4250518576153;21053;Matratzenauflagen Topper Gelschaum 200cm Einzelbetten NEU;Dieser hochwertige VENDOME DREAMTIME Gelschaum Topper wurde speziell entwickelt, um Ihren Schlafkomfort maßgeblich zu verbessern. Er bietet eine optimale Druckentlastung und passt sich perfekt den Konturen Ihres Körpers an. Mit seinen Maßen von 90 cm x 200 cm und einer Höhe von 7,5 cm ist dieser Topper ideal für Einzelbetten geeignet. Er lässt sich mühelos auf jede Standardmatratze legen und unterstützt eine gesunde Liegeposition für erholsame Nächte. Die fortschrittliche atmungsaktive Gelschaum-Technologie fördert eine ausgeglichene Temperaturregulierung während der gesamten Nacht. Dies trägt maßgeblich zu einem tieferen und erholsameren Schlaf bei. Zudem verlängert der Topper effektiv die Lebensdauer Ihrer Matratze.;1;69.99;;product.ops
467476534;78659;4251175827556;SKU-2902386366;4251175821556;W135;EURO DRIVELINE Antriebswelle W135 NEU;Die EURO DRIVELINE Antriebswelle W135 gewährleistet eine optimale Kraftübertragung und maximale Performance für Ihr Fahrzeug. Ihre präzise Fertigung sichert unübertroffene Zuverlässigkeit und erhöht die Fahrsicherheit in jeder Fahrsituation. Dieses hochwertige Ersatzteil wird nach höchsten Industriestandards aus erstklassigen Materialien gefertigt, um eine außergewöhnlich lange Lebensdauer zu garantieren. Die robuste Konstruktion sorgt für dauerhafte Funktion selbst unter extremen Belastungen und gewährleistet somit langfristige Stabilität. Die perfekte Passgenauigkeit ermöglicht eine schnelle und unkomplizierte Installation in kompatiblen Fahrzeugmodellen wie VW Lupo, Polo, Scirocco und Seat Arosa. Dieses Qualitätsprodukt stellt die ursprüngliche Fahrdynamik wieder her und liefert bewährte Leistung für eine verbesserte Fahrerfahrung.;1;89.48;;product.ops
491624637;78659;4251665310447;SKU-1198160025;4251665310447;;AMORELIE Mini-Vibrator Joy Shine 2.1-3.3cm Damen Silikon ABS 3.3cm Grün NEU;Der AMORELIE Joy Shine Mini-Vibrator ist ein diskreter Begleiter für intime Momente, der durch seine kompakte Größe und einfache Handhabung überzeugt. Er ist ideal für spontane Lust und bietet vielfältige Empfindungen, die keine Langeweile aufkommen lassen. Mit drei Vibrationsmodi und drei Intensitätsstufen ermöglicht dieser Vibrator eine individuelle Anpassung an persönliche Vorlieben. Seine wasserfeste Konstruktion erlaubt zudem den unbeschwerten Einsatz unter der Dusche oder in der Badewanne für entspannende Momente. Dieser handliche Vibrator ist praktisch wiederaufladbar und wird mit einem passenden USB-Kabel geliefert, was eine flexible Nutzung gewährleistet. Dank seiner diskreten Form und Funktionalität ist er der perfekte Reisebegleiter und sorgt überall für angenehme Vibrationen.;1;19.95;;product.ops
476216251;78659;4251806427775;SKU-8942698934;4251806427775;;SCHIESSER Bettwäsche-Set Molly Erwachsene 100% Baumwolle 80x80cm 135x200cm;Dieses SCHIESSER Musselin Bettwäsche-Set verwandelt Ihr Schlafzimmer in eine Oase der Ruhe und des Komforts. Gefertigt aus 100% hochwertiger Baumwolle, bietet es eine außergewöhnlich weiche Haptik und hervorragende natürliche Atmungsaktivität für erholsamen Schlaf. Das Set ist stolz OEKO-TEX® MADE IN GREEN zertifiziert, was eine umweltfreundliche und schadstoffgeprüfte Produktion nach höchsten Standards gewährleistet. Zudem ist diese Bettwäsche bügelfrei und besonders pflegeleicht, was Ihnen wertvolle Zeit im Alltag erspart. Die charakteristische gekreppte Musselin-Qualität verleiht Ihrem Schlafbereich eine moderne und elegante Ästhetik, die zum Wohlfühlen einlädt. Gleichzeitig sorgt das Material für ein hautsympathisches und optimal temperaturausgleichendes Schlafklima, unterstützt durch den praktischen Reißverschluss für ein schnelles und unkompliziertes Beziehen.;1;64.5;;product.ops
485998935;78659;4260168332719;SKU-0336723314;4260168332719;9892-2510;TEE-UU Rettungsmesser 9892-2510 NEU;Das TEE-UU SNAP Rettungsmesser ist ein unverzichtbares Werkzeug für professionelle Einsatzkräfte bei Feuerwehr und Rettungsdienst. Gefertigt aus robustem, rostfreiem Stahl, gewährleistet es höchste Zuverlässigkeit und Langlebigkeit in kritischen Situationen. Sein innovatives Design ermöglicht dank des integrierten Federstahl-Gürtelclips einen sofortigen und sicheren Zugriff. Die Klinge lässt sich schnell und einhändig entriegeln, verriegelt sich selbsttätig und bietet maximale Sicherheit während des Einsatzes. Zusätzlich verfügt das SNAP Rettungsmesser über einen extra scharfen Wellenschliff für effizientes Sägen und einen integrierten Gurttrenner mit Doppel-Klinge zur schnellen Hilfe in Notfällen. Dieses Qualitätsprodukt wurde in München, Deutschland, für höchste Sicherheitsstandards entwickelt und gefertigt.;1;24.9;;product.ops
489026794;78659;4260281755686;SKU-5207774112;4260281755686;B014082/001528;Finori Waschbeckenunterschrank B014082/001528 66cm Holzwerkstoff Weiß NEU;Dieser Finori Waschbeckenunterschrank stellt eine stilvolle und zugleich hochfunktionale Bereicherung für jedes Badezimmer dar. Er bietet nicht nur eine ansprechende Optik in strahlendem Weiß, sondern schafft auch wertvollen Stauraum unter Ihrem Waschbecken, um für perfekte Ordnung zu sorgen. Das Möbelstück wurde aus robustem Holzwerkstoff gefertigt und überzeugt durch seine solide Verarbeitung sowie ein zeitloses Design. Es fügt sich nahtlos in moderne wie auch klassische Badezimmerumgebungen ein und trägt maßgeblich zu einer aufgeräumten Atmosphäre bei. Ideal zur diskreten Aufbewahrung von Badutensilien, Handtüchern oder Reinigungsmitteln, ermöglichen seine kompakten Maße eine optimale Raumnutzung. Die pflegeleichte Oberfläche gewährleistet zudem eine einfache Reinigung und hohen Komfort im täglichen Gebrauch, was den Alltag spürbar erleichtert.;1;69.99;;product.ops
476510048;78659;4260443571086;SKU-9713309170;4260443571086;LAND001;Best LAND001 Netzwerkdose Weiß NEU;Die Best LAND001 Netzwerkdose bietet eine hochzuverlässige und effiziente Lösung für Ihre moderne Datennetzwerkinfrastruktur. Sie ermöglicht stabile und schnelle Verbindungen für Cat6a-, Cat7- und Cat8-Netzwerkkabel, ideal für den professionellen Einsatz in Büros oder im privaten Zuhause. Ausgestattet mit zwei RJ45-Anschlüssen gewährleistet diese Netzwerkdose maximale Konnektivität für all Ihre Endgeräte. Die flexible Montage als Aufputz- oder Unterputzvariante ermöglicht eine nahtlose und diskrete Integration in jede Raumumgebung. Das robuste Design und die Fertigung aus hochwertigen Materialien garantieren eine langlebige sowie störungsfreie Nutzung über viele Jahre hinweg. Zudem ist die LAND001 CE-gekennzeichnet, was die Einhaltung europäischer Sicherheits- und Qualitätsstandards vollumfänglich bestätigt.;2;9.79;;product.ops
491624601;78659;4260527480433;SKU-8650951585;4260527480433;LYEK-01;Lyvanas Eiskratzer mit Schneebesen NEU;Der Lyvanas Eiskratzer mit Schneebesen LYEK-01 ist das ideale Multifunktionswerkzeug, um Ihr Fahrzeug schnell und effizient von Schnee und Eis zu befreien. Er wurde speziell entwickelt, um eine gründliche Reinigung zu gewährleisten, ohne dabei empfindliche Oberflächen zu beschädigen. Die innovative Zwei-Phasen-Borstentechnologie kombiniert starke Borsten für hartnäckiges Eis mit weichen Borstenenden zum Schutz des Fahrzeuglacks. Ein ergonomisch geformter, gepolsterter Griff sorgt dabei für optimalen Halt und hohen Komfort, selbst bei eisigen Temperaturen. Dieses robuste und langlebige Werkzeug ist für den zuverlässigen Einsatz über viele Winterperioden hinweg konzipiert und verspricht konstante Leistung. Für eine platzsparende Lagerung und flexiblen Gebrauch lässt sich der Eiskratzer zudem einfach in zwei Teile trennen.;12;21.99;;product.ops
485963049;78659;4260613499578;SKU-0121175685;4260613499578;THDB-003;TRESKO Hund Katze Transportbox L Anthrazit;Die TRESKO faltbare Hundebox in Anthrazit, Größe L, bietet eine ideale Lösung für den sicheren und komfortablen Transport Ihres Hundes. Ihr innovativer Faltmechanismus ermöglicht eine mühelose Lagerung sowie einen schnellen Aufbau, perfekt für Reisen oder den Einsatz zu Hause. Gefertigt aus hochwertigen und strapazierfähigen Materialien, garantiert diese robuste Transportbox eine außergewöhnliche Langlebigkeit und ist zudem besonders pflegeleicht. Die intelligente Konstruktion sorgt für eine optimale Belüftung und bietet Ihrem Vierbeiner ausreichend Raum für Bewegung und Entspannung während jeder Fahrt oder Ruhephase. Speziell für Hunde der Größe L entwickelt, bietet die Box eine sichere und gemütliche Umgebung, die das Wohlbefinden Ihres Tieres fördert. Mit ihrem zeitlosen Anthrazit-Farbton fügt sie sich harmonisch in jedes Interieur ein und überzeugt durch ihre praktische Funktionalität und zuverlässige Qualität.;1;36.79;;product.ops
489182272;78659;4260716810041;SKU-2433624992;4260716810041;;LionSports Badminton Tennis Volleyball Mobiles Sportnetz Profi NEU;Das LionSports Mobile Universal Profi Netz ist die ideale Lösung für alle, die flexiblen Spielspaß im Freien suchen. Es ermöglicht spontane Matches für Badminton, Tennis und Volleyball in Gärten, Parks oder am Strand und bietet maximale Anpassungsfähigkeit für Ihre Freizeitaktivitäten. Dieses Sportnetz überzeugt durch seine robuste und wetterbeständige Konstruktion mit einem stabilen, pulverbeschichteten Gestell. Die integrierte Höhenverstellbarkeit sorgt für optimale Spielbedingungen bei verschiedenen Sportarten und garantiert eine lange Lebensdauer unter vielfältigen Witterungsbedingungen. Der einfache und schnelle Aufbau durch ein praktisches Stecksystem ermöglicht einen sofortigen Start ins Spiel, ohne komplizierte Werkzeuge. Dank der kompakten Bauweise und der mitgelieferten Transporttasche ist das Netz bequem zu transportieren und platzsparend zu lagern, stets bereit für den nächsten Einsatz.;1;34.99;;product.ops
488078915;78659;4260755120385;SKU-1377750386;4260755120385;CampCarp-250-350;Valuents Campingteppich CampCarp-250-350 Gr. 250x350cm NEU;Der Valuents Camping Vorzeltteppich CampCarp-250-350 bietet eine ideale Lösung für Ihr Outdoor-Erlebnis und schafft eine komfortable, saubere Fläche. Er ist perfekt geeignet für den Einsatz vor Zelten, unter Vorzelten oder im Wohnwagenbereich, um den Komfort zu maximieren. Gefertigt aus hochwertigem Polypropylen, zeichnet sich dieser Teppich durch seine außergewöhnliche Robustheit und Langlebigkeit aus. Das strapazierfähige Material ist zudem besonders pflegeleicht und widerstandsfähig gegenüber verschiedenen Witterungsbedingungen. Zum Lieferumfang gehören acht stabile Bodenanker für einen sicheren Halt auf unterschiedlichen Untergründen sowie eine praktische, ausziehbare Wäscheleine. Die einfache Handhabung und die unkomplizierte Reinigung machen diesen Zeltteppich zu einem unverzichtbaren und praktischen Begleiter für jede Campingreise.;1;36.99;;product.ops
491625419;78659;4262382491098;SKU-4703570843;4262382491098;CHISEL-SDSM-S01-50X280X18;BRUBECK Meißel Set NEU;Das BAUBECK Meißel Set ist speziell für den Einsatz mit SDS-MAX Bohrhämmern entwickelt und gewährleistet maximale Effizienz bei anspruchsvollen Abbrucharbeiten. Es ist die perfekte Wahl für Profis und Heimwerker, die zuverlässiges Werkzeug für Beton, Mauerwerk und Fliesen benötigen. Dieses Set umfasst präzise gefertigte Spitz- und Flachmeißel, die eine optimale Kraftübertragung sicherstellen und selbst härteste Materialien mühelos bearbeiten. Mit einer Gesamtlänge von 280mm ermöglichen die Meißel ein komfortables und sicheres Arbeiten, auch an schwer zugänglichen Stellen. Die robuste Konstruktion aus hochwertigem Stahl garantiert eine außergewöhnliche Langlebigkeit und hohe Widerstandsfähigkeit gegen Verschleiß. Dieses vielseitige Meißel Set ist ein unverzichtbarer Helfer für Renovierungs- und Bauprojekte, bei denen Präzision und Leistung entscheidend sind.;7;37.9;;product.ops
465274669;78659;4262405220148;SKU-2431535372;4262405220148;;AZANO DESIGNS Katze Katzentreppe Inklusive Montagematerial Kratzfläche;Die AZANO DESIGNS Katzentreppe bietet Ihrer Katze sicheren Zugang zu erhöhten Lieblingsplätzen. Dieses flexible 3er Set fördert spielerisch die natürliche Aktivität und Unabhängigkeit Ihres Haustieres. Jede der drei robusten Treppenstufen ist aus hochwertigem Naturholz gefertigt und mit einer strapazierfähigen Kratzfläche versehen. Dies gewährleistet außergewöhnliche Stabilität und Langlebigkeit, während das elegante Design sich harmonisch in jede Wohnumgebung einfügt. Der Lieferumfang umfasst drei Katzentreppen-Module, passende Basen und das komplette Montagematerial für eine unkomplizierte Wandbefestigung. Die pflegeleichten Oberflächen garantieren eine mühelose Reinigung und somit dauerhafte Hygiene für eine lange Produktlebensdauer.;1;39;;product.ops
476524830;78659;4262427090057;SKU-0135090467;4262427090057;PH-WW-SET+1;Purahelp Warnwesten Set PH-WW-SET+1 Kinder Erwachsene Gelb NEU;Dieses PURAHELP Warnwesten Set gewährleistet maximale Sicherheit für die gesamte Familie im Straßenverkehr. Es ist eine unverzichtbare Ausrüstung für jedes Fahrzeug und bietet Schutz bei Pannen oder Unfällen. Das Set beinhaltet vier zertifizierte XL Warnwesten für Erwachsene gemäß EN ISO 20471 sowie eine spezielle Kinderwarnweste nach EN 17353:2020. Alle Westen sind in auffälligem Gelb gehalten und mit hochwertigen Reflektoren ausgestattet, die eine hervorragende Sichtbarkeit bei Tag und Nacht garantieren. Die Westen sind unbenutzt und sofort einsatzbereit, ideal für Notfälle und Pannenhilfe. Dank ihrer kompakten Faltbarkeit lassen sie sich platzsparend im Auto verstauen und sind bei Bedarf schnell griffbereit.;2;12.72;;product.ops
476236056;78659;4262472110243;SKU-7909541265;4262472110243;;Grana Home Bratpfanne Induktion 24cm NEU;Die Grana Home Classic Line Bratpfanne mit 24 cm Durchmesser ist Ihr idealer Partner für gesundes Kochen. Ihre langlebige Whitford Xylan Antihaftbeschichtung ermöglicht fettarmes Braten und ist für alle Herdarten, inklusive Induktion, geeignet. Diese vielseitige Pfanne ist bis 180°C hitzebeständig und backofengeeignet, wodurch sie sich perfekt für eine breite Palette von Gerichten eignet. Der ergonomische Edelstahl-Griff gewährleistet dabei eine sichere und komfortable Handhabung, selbst bei hohen Temperaturen. Die robuste Konstruktion aus hochwertigem Edelstahl und Aluminium sorgt für eine ausgezeichnete Wärmeverteilung und eine beeindruckende Langlebigkeit. Eine einfache Reinigung ist garantiert, da die Pfanne vollständig spülmaschinengeeignet ist und somit wertvolle Zeit spart.;6;24.09;;product.ops
467476724;78659;4270001051905;SKU-9268872444;4270001051905;spi-bun-DE1-bla;SPIVO Tennis Trainer spi-bun-DE1-bla;Das Spivo Topspin Trainer Bundle ist ein fortschrittliches Trainingsgerät, das speziell für Tennisspieler aller Spielstärken konzipiert wurde. Es zielt darauf ab, die Topspin-Technik effektiv zu optimieren und das Ballgefühl bei jedem Schlag signifikant zu verbessern. Ein einzigartiges akustisches Feedback-System signalisiert sofort die präzise erzeugte Topspin-Menge nach jedem Schlag. Dies ermöglicht ein intuitives sowie spielerisches Lernen und erlaubt Spielern, ihre Technik in Echtzeit anzupassen und zu verfeinern. Dieses vielseitige Bundle umfasst die bewährten Varianten Spivo ONE und Spivo TWO, um unterschiedliche Trainingsintensitäten und -anforderungen abzudecken. Das gesamte System wird offiziell von der renommierten German Tennis Federation empfohlen und steht somit für höchste Qualität im modernen Tennistraining.;2;99;;product.ops
476236252;78659;45005591930000;SKU-6587967689;8721107596471;01340000100;Calvin Klein Herren Trunks Schwarz Weiß Marineblau Gr. L Baumwoll-Stretch;Diese Calvin Klein Trunks im praktischen 3er-Pack bieten optimalen Komfort und einen modernen Look für den Alltag. Sie sind aus hochwertigem Baumwoll-Stretch-Material gefertigt, das sich perfekt an den Körper anpasst und maximale Bewegungsfreiheit garantiert. Der klassische Schnitt mit niedrigem Bund sorgt für eine zeitgemäße Passform und ein angenehmes Hautgefühl den ganzen Tag über. Das ikonische Calvin Klein Logo am Bund setzt dabei einen stilvollen Akzent und unterstreicht die Markenqualität dieser Unterhosen. Dieses Multipack ist eine ideale Ergänzung für jede Herrengarderobe und überzeugt durch seine Langlebigkeit und Formbeständigkeit. Die Trunks sind zudem pflegeleicht und behalten auch nach vielen Wäschen ihre hervorragende Qualität und Passform.;1;28.8;;product.ops
467476553;78659;4806633149839;SKU-5619085780;14006633314036;602880;ATE Bremsbeläge 602880 NEU;"Steigern Sie die Sicherheit und Performance Ihres Fahrzeugs mit ATE Original Bremsbelägen. Die innovative ""Brakethrough Technology"" garantiert maximale Bremsleistung und Zuverlässigkeit unter allen Fahrbedingungen. Diese ECE R90 geprüften Bremsbeläge, präzisionsgefertigt in der Tschechischen Republik, ermöglichen eine einfache und passgenaue Montage. Der Lieferumfang umfasst einen vollständigen Bremsbelagsatz, der für eine sofortige Funktionsfähigkeit sorgt. Als Teil der Continental-Gruppe steht ATE für bewährte Expertise und erfüllt höchste Industriestandards, die von Millionen Fahrern weltweit geschätzt werden. Vertrauen Sie auf erstklassige Qualität und sichern Sie langfristig den Wert und die Fahrsicherheit Ihres Fahrzeugs.";1;26.04;;product.ops
489026812;78659;48093417-f9ef-497f-96a7-e17838a5280f;SKU-5660339205;;;Holzkohlegrill Stahl Outdoor NEU;Der Enders Mason XL Holzkohlegrill ist die ideale Wahl für unvergessliche Grillabende mit Familie und Freunden. Er überzeugt durch seine großzügige Grillfläche von 57x42 cm und die robuste Konstruktion aus hochwertigem Stahl. Dieses neue Modell gewährleistet eine zuverlässige Leistung und Langlebigkeit für viele Grillsaisons. Die durchdachte Bauweise ermöglicht eine einfache Handhabung, effiziente Nutzung der Holzkohle und präzise Temperaturkontrolle durch die höhenverstellbare Kohlewanne. Praktische Seitenablagen bieten ausreichend Platz für Grillzubehör und vorbereitete Speisen, während der integrierte Warmhalterost Ihre Gerichte servierbereit hält. Zudem ist der Grill mit stabilen Rädern ausgestattet, was den Transport und die flexible Positionierung im Garten erheblich erleichtert.;1;129;;product.ops
476524656;78659;48fe16c6-bdc6-42f6-862e-fc9eb4962c93;SKU-3756924465;5907708618689;AquaT 50W;Happet Aquarienheizstab Temperaturregler Transparent Schwarz;Der Happet AquaT Aquarienheizstab bietet eine zuverlässige Lösung zur präzisen Temperaturregelung in Ihrem Aquarium. Er ist optimal für Süßwasser- als auch Meerwasseraquarien konzipiert und schafft ein stabiles, gesundes Habitat für Ihre Wasserbewohner. Mit diesem Heizstab lässt sich die Wassertemperatur mühelos zwischen 20°C und 34°C einstellen, was eine flexible Anpassung an die spezifischen Bedürfnisse Ihrer Aquarienbewohner ermöglicht. Seine robuste und vollständig wasserdichte Konstruktion garantiert Langlebigkeit sowie einen sicheren Betrieb über einen langen Zeitraum. Die Installation des Happet AquaT gestaltet sich denkbar einfach und ist schnell durchgeführt, sodass er umgehend mit der Temperaturregulierung beginnen kann. Die hochwertige Verarbeitung gewährleistet eine konstante und gleichmäßige Wärmeverteilung, die maßgeblich zum Wohlbefinden Ihrer gesamten Unterwasserwelt beiträgt.;1;16.97;;product.ops
489182374;78659;49035818999884;SKU-5094533501;4061608000409;;IsolBau Leinöl-Firnis NEU;IsolBau Leinöl-Firnis ist ein hochwertiges Naturprodukt, das speziell für den effektiven Schutz und die intensive Pflege von Holz entwickelt wurde. Es dringt tief in den Untergrund ein und bildet einen robusten Schutzfilm, der das Holz zuverlässig vor Feuchtigkeit, Pilz- und Schimmelbildung sowie Rissbildung bewahrt. Dieses umweltfreundliche Leinöl betont die natürliche Farbe und Struktur des Holzes, ohne es zu versiegeln. Frei von Lösemitteln, UV-Filtern und chemischen Zusätzen ist es sicher für Mensch und Tier und lässt das Holz weiterhin atmen. Es ist ideal für vielfältige Anwendungen im Innen- und Außenbereich, wie Fensterrahmen, Gartenmöbel, Zäune und Terrassen. Die behandelte Oberfläche wird matt, ist leicht zu reinigen und bietet auch unter extremen Witterungsbedingungen langanhaltenden Schutz.;5;24.8;;product.ops
467527296;78659;4906958001464;SKU-2966583160;4906958001464;YTZ10S;Motorradbatterie für Motorrad Powersports YUASA YTZ10S 12V Motorradbatt;Die YUASA YTZ10S AGM Motorradbatterie bietet eine hochmoderne Energielösung für anspruchsvolle Motorräder und Powersports-Fahrzeuge. Sie gewährleistet maximale Zuverlässigkeit und eine überragende Startleistung unter verschiedensten Einsatzbedingungen. Dank ihrer vollständig versiegelten und auslaufsicheren AGM-Bauweise ist diese Batterie absolut wartungsfrei und bietet höchste Betriebssicherheit. Sie wird bereits säuregefüllt und vollständig geladen geliefert, wodurch sie nach einfacher Installation sofort einsatzbereit ist. Ihre robuste Konstruktion sichert eine außergewöhnlich lange Lebensdauer und eine hohe Widerstandsfähigkeit gegenüber starken Vibrationen. Mit 12V Spannung, 9. 1Ah Kapazität und 190A Kaltstartstrom liefert die YTZ10S eine verlässliche und konstante Energieversorgung.;1;94.5;;product.ops
467476727;78659;4909500898543;SKU-2019632072;4909500898543;910158;Staubschutzsatz Vorderachse für Mercedes E-Klasse W212 S212 KYB 910158 NEU;Dieser hochwertige Staubschutzsatz von KYB wurde speziell für die Vorderachse der Mercedes E-Klasse Modelle W212 und S212 entwickelt. Er bietet einen zuverlässigen Schutz für Ihre Stoßdämpfer vor schädlichen Umwelteinflüssen wie Schmutz, Staub und Feuchtigkeit. Die Verwendung dieses Kits trägt maßgeblich zur Verlängerung der Lebensdauer Ihrer Federungskomponenten bei und gewährleistet deren optimale Funktion unter allen Fahrbedingungen. Gefertigt aus robustem Premium-Gummi, verspricht das Set maximale Zuverlässigkeit und Haltbarkeit, selbst unter extremen Belastungen. Die Montage des Staubschutzsatzes ist denkbar einfach und erfordert keine speziellen Werkzeuge, was eine schnelle Installation ermöglicht. Im Lieferumfang sind zwei Schutzmanschetten enthalten, die für die komplette Vorderachse ausreichen und somit zur Verbesserung der Fahrsicherheit beitragen.;1;17.55;;product.ops
488088781;78659;4917616740531;SKU-1468228360;;;SPOOK TACULAR CREATIONS Kinder Kostüm Set Grau NEU;Tauchen Sie ein in die faszinierende Welt des Mittelalters mit diesem fantastischen Ritter Kostüm-Set von SPOOK TACULAR CREATIONS. Es ist die perfekte Wahl für kleine Abenteurer, die davon träumen, mutige Helden zu sein, sei es beim Fasching, an Halloween oder einfach beim fantasievollen Spielen zu Hause. Das umfangreiche Set beinhaltet alles, was ein junger Ritter für seine Missionen benötigt: eine authentische Kapuze, ein detailliertes Oberteil, einen majestätischen Umhang und eine bequeme Hose. Zusätzlich sind ein leichtes EVA-Schwert und ein passendes EVA-Schild enthalten, die für sicheres und spannendes Rollenspiel sorgen. Dieses hochwertige Ritterkostüm fördert aktiv die Kreativität und das Rollenspiel bei Kindern ab 3 Jahren, indem es zu unzähligen Abenteuern inspiriert. Es bietet stundenlangen Spielspaß und verwandelt jedes Kind in einen tapferen Helden des Mittelalters, ideal für fantasievolle Stunden.;1;32.95;;product.ops
467476847;78659;4960999610955;SKU-4090290612;4960999610955;1980B002;Canon 1980B002 Tonerkartusche Schwarz;Die Canon Original Tonerkartusche 716 Schwarz liefert gestochen scharfe Texte und brillante Grafiken für professionelle Druckergebnisse. Sie gewährleistet eine herausragende Druckqualität und konsistente Leistung bei jedem Ausdruck, ideal für den täglichen Gebrauch. Als Originalprodukt garantiert diese hochwertige Tonerkartusche nahtlose Kompatibilität mit Ihrem Canon i-SENSYS Laserdrucker und schützt Ihr Gerät zuverlässig vor Schäden. Im Lieferumfang ist eine einzelne, langlebige Tonerkartusche enthalten, die speziell für optimale Leistung und eine lange Lebensdauer Ihres Druckers entwickelt wurde. Der Austausch der Kartusche ist blitzschnell und unkompliziert, sodass Sie ohne Verzögerung produktiv bleiben und Ihre Projekte effizient vorantreiben können. Bitte prüfen Sie vor dem Kauf die Kompatibilitätsliste, um die perfekte Passform für Ihr spezifisches Canon i-SENSYS Laserdruckermodell sicherzustellen und optimale Ergebnisse zu erzielen.;1;56.95;;product.ops
476547233;78659;5011987005952;SKU-9425624573;5011987005952;550042844;Shell Motoröl 1;Shell Helix Ultra ECT C3 5W-30 ist ein vollsynthetisches Hochleistungsmotorenöl, das speziell für moderne Diesel- und Ottomotoren entwickelt wurde. Es bietet herausragenden Schutz und verlängert die Motorlebensdauer selbst unter extremen Fahrbedingungen. Dank seiner innovativen emissionskompatiblen Technologie schützt dieses Öl effektiv Abgasnachbehandlungssysteme wie Dieselpartikelfilter und Katalysatoren. Die spezielle Formulierung fördert zudem eine verbesserte Kraftstoffeffizienz, was zu geringerem Verbrauch und reduzierten Emissionen führt. Dieses Motorenöl gewährleistet eine konstant hohe Motorenleistung und übertrifft die strengen Anforderungen führender Fahrzeughersteller. Es erfüllt wichtige Freigaben wie MB 229. 51, BMW Longlife-04, API SN und ACEA C3, was seine erstklassige Qualität und breite Anwendbarkeit bestätigt.;1;14.99;;product.ops
489182506;78659;5020570328828;SKU-8223313532;5020570328828;;Smiffys Damen Kostüm Mehrfarbig Gr. M NEU;Tauchen Sie ein in die farbenfrohe Welt der Unterhaltung mit dem Smiffys Clown Kostüm für Damen. Dieses aufmerksamkeitsstarke Outfit ist ideal für Karneval, Fasching und Mottopartys, wo Sie garantiert auffallen werden. Das umfassende 5-teilige Set beinhaltet ein Reifkleid, ein passendes Hemd, eine verspielte Fliege, gestreifte Strumpfhosen und einen charakteristischen Hut. Alle Komponenten sind sorgfältig aufeinander abgestimmt, um einen authentischen und fröhlichen Clown-Look zu kreieren. Die Größe M gewährleistet eine bequeme Passform für erwachsene Trägerinnen und ermöglicht uneingeschränkte Bewegungsfreiheit. Mit diesem hochwertigen Smiffys Kostüm sind Sie optimal ausgestattet, um Freude zu verbreiten und Ihr Publikum zu begeistern.;2;33.59;;product.ops
489182553;78659;5025155058336;SKU-8945251431;5025155058336;971440-01;Dyson Reinigungsset V7 V8 V10 V11 V12 V15 Staubsauger;Das Dyson Autopflege-Set ist die perfekte Lösung für eine umfassende und effiziente Reinigung Ihres Fahrzeuginnenraums. Es wurde speziell konzipiert, um selbst schwer erreichbare Stellen und hartnäckige Verschmutzungen mühelos zu beseitigen. Dieses hochwertige Zubehörset enthält eine weiche Mini-Staubbürste, die empfindliche Oberflächen schont und Staub sanft entfernt. Zusätzlich sorgt eine robuste Bürste für die effektive Beseitigung von festsitzendem Schmutz und hartnäckigen Tierhaaren. Ein flexibler Verlängerungsschlauch bietet dabei maximale Reichweite und Flexibilität, um jede Ecke Ihres Autos zu erreichen. Das Set ist vollständig kompatibel mit den Dyson Staubsaugermodellen V7, V8, V10, V11, V12 und V15 und überzeugt durch langlebige Materialien.;1;111.84;;product.ops
489182613;78659;5050192020075;SKU-2454152281;;0975688;H M HOME Wandspiegel 0975688 500mm 19mm Schwarz NEU;Der H&M HOME Wandspiegel bereichert jedes moderne Zuhause mit seiner stilvollen Funktionalität und eleganten Ästhetik. Sein rundes Design mit einem Durchmesser von 500 mm integriert sich nahtlos in vielfältige Raumkonzepte und schafft eine harmonische Atmosphäre. Dieser Spiegel besticht durch ein klares, minimalistisches Design und eine elegante schwarze Rahmenfarbe, die ihm eine zeitlose Ausstrahlung verleiht. Die hochwertige Verarbeitung, bestehend aus einem robusten Metallrahmen und klarem Spiegelglas, gewährleistet dabei eine außergewöhnliche Langlebigkeit und dauerhaft ansprechende Optik. Er ist vielseitig in verschiedenen Bereichen wie Flur, Schlafzimmer, Bad oder Wohnzimmer einsetzbar und trägt aktiv zur optischen Vergrößerung kleinerer Räume bei. Eine unkomplizierte Wandmontage ermöglicht eine schnelle und einfache Anbringung, wodurch Ihr Wohnambiente ohne großen Aufwand aufgewertet wird und eine helle, offene Wirkung entsteht.;1;19.99;;product.ops
476241691;78659;5055350248140;SKU-7417485934;5055350248140;CAC518;FOx Angeln Angelblei CAC518 NEU;Die Fox Edges Kwik Change Pop-Up Gewichte revolutionieren die Köderpräsentation beim Karpfenangeln und ermöglichen eine schnelle sowie präzise Anpassung Ihrer Montage. Dies führt zu einer deutlichen Maximierung der Fangerfolge, selbst unter anspruchsvollen Bedingungen. Gefertigt aus hochwertigem Blei, garantieren diese Gewichte eine außergewöhnliche Langlebigkeit und Zuverlässigkeit unter Wasser. Das innovative Kwik Change System sorgt dabei für eine sichere und schnurschonende Befestigung, die auch bei kräftigen Würfen stabil bleibt. Dieses umfassende Set bietet anspruchsvollen Karpfenanglern maximale Flexibilität durch verschiedene Pop-Up Gewichtsgrößen. Es ist das ideale Zubehör, um Köder perfekt auszubalancieren und auch in schwierigen Gewässern erfolgreich zu sein.;1;22.89;;product.ops
499986923;78659;5059556144763;SKU-1000000003;5059556144763;BN2B116010DW3MAM4;Bench Herren Jeans Dunkelblau Gr. W34 L34 Baumwollmischung NEU;Diese hochwertige Bench Herren Jeans Modell Eddie in Dark Wash bietet eine perfekte Kombination aus Stil und Komfort für den modernen Mann. Sie ist ideal für den täglichen Gebrauch und lässt sich vielseitig zu verschiedenen Outfits kombinieren. Gefertigt aus robustem und langlebigem Denim-Material, verspricht diese Hose eine lange Haltbarkeit und behält auch nach häufigem Tragen ihre Form und Farbe. Der klassische Regular Fit Schnitt sorgt für eine angenehme Passform und uneingeschränkte Bewegungsfreiheit. Mit ihrer tiefen, dunklen Waschung und dem zeitlosen Fünf-Taschen-Design ist diese Jeans ein unverzichtbares Basic in jeder Herrengarderobe. Die sorgfältige Verarbeitung und robusten Nähte unterstreichen die bewährte Qualität der Marke Bench.;1;29.9;;product.ops
499986916;78659;5059556377703;SKU-1000000004;5059556377703;SE24EN31239;Bench Herren Kurzarmhemd Weiß Gr. M 100% Baumwolle SE24EN31239 NEU;Das Bench Herren Kurzarmhemd Modell Bowdon besticht durch sein frisches Weiß und ein zeitgemäßes Design. Es ist aus 100% Baumwolle gefertigt und bietet hervorragenden Tragekomfort sowie optimale Atmungsaktivität für warme Tage. Dieses Hemd verfügt über einen klassischen Button-Down-Kragen und eine durchgehende Knopfleiste, die einen gepflegten Look garantieren. Die reguläre Passform in Größe M sorgt für einen angenehmen Sitz und unterstreicht die hochwertige Verarbeitung, die Langlebigkeit verspricht. Das vielseitige Kurzarmhemd eignet sich perfekt für legere Anlässe und semi-formelle Treffen gleichermaßen. Sein einfarbiges Design macht es zu einem unverzichtbaren Basic, das sich mühelos in jede Sommergarderobe integrieren lässt und zudem eine praktische Brusttasche bietet.;1;4.99;;product.ops
499987026;78659;5059556377758;SKU-1000000005;5059556377758;EN31238;Bench Herren Hemd Marineblau Gr. S Baumwolle EN31238 NEU;Das Bench Bowdon Kurzarm Hemd für Herren kombiniert Tragekomfort mit zeitlosem Stil. Gefertigt aus 100% reiner Baumwolle, ist es ideal für entspannte Tage oder legere Anlässe. Es präsentiert sich in einem klassischen Marineblau und verfügt über einen Button-Down-Kragen, der für einen gepflegten Look sorgt. Die durchgehende Knopfleiste und eine praktische Brusttasche unterstreichen die funktionale Eleganz. Ein gesticktes Markenemblem am Saum setzt einen dezenten Akzent. Der moderne, geformte Saum rundet das Design ab und ermöglicht vielseitige Tragemöglichkeiten.;1;20;;product.ops
489688591;78659;5059732709403;SKU-8447826159;5059732709403;SZA02765;Ellesse Herren Boxershorts Schwarz Gr. M 95% Baumwolle 5% Elastan SZA02765;Diese Ellesse Herren Boxershorts im praktischen 5er Pack bieten optimalen Komfort für den täglichen Gebrauch. Sie sind aus einer hochwertigen Baumwoll-Elastan-Mischung gefertigt, die eine perfekte Passform und hohe Bewegungsfreiheit garantiert. Das klassische schwarze Design wird durch das markante Ellesse-Logo am Bund stilvoll ergänzt, was sie zu einer modischen und funktionalen Unterwäsche macht. Diese Trunks sind ideal für sportliche Aktivitäten, entspannte Freizeitmomente oder als verlässlicher Begleiter im Alltag. Die Boxershorts sind besonders pflegeleicht und maschinenwaschbar, wobei sie auch nach wiederholtem Waschen ihre Form und Farbe behalten. Sie stellen eine ausgezeichnete Wahl für jeden Mann dar, der Wert auf Langlebigkeit, Qualität und unübertroffenen Tragekomfort legt.;1;22.67;;product.ops
476547664;78659;5060570201660;SKU-8735317765;5060570201660;;Sammelkarten;Die VaultX Exo-Tec Deck Box in Schwarz bietet eine ideale Lösung zur sicheren Aufbewahrung Ihrer wertvollen Sammelkarten. Sie schützt über 80 Karten effektiv vor Beschädigungen und Abnutzung, während sie gleichzeitig für optimale Ordnung sorgt. Gefertigt aus robustem, rutschfestem Exo-Tec-Material, gewährleistet die Box optimalen Halt und eine lange Lebensdauer. Das weiche Mikrofaser-Innenfutter bewahrt Ihre Karten zuverlässig vor Kratzern und ermöglicht eine schonende Lagerung. Vier starke Magnete sichern den zuverlässigen Verschluss und verhindern ungewolltes Öffnen der Box. Das säure- und PVC-freie Design stellt zudem den langfristigen Erhalt der Kartenqualität sicher und ist ideal für Sammler.;1;16.99;;product.ops
465275945;78659;5060941713129;SKU-1031821522;5060941713129;HAC-P-A8SDC;Nintendo Switch Little Witch Nobeta Day One Edition NEU;Tauchen Sie ein in die zauberhafte Welt von Little Witch Nobeta, einem fesselnden Action-RPG, das exklusiv für die Nintendo Switch erhältlich ist. Erleben Sie ein unvergessliches Abenteuer als kleine Hexe Nobeta und lüften Sie die Geheimnisse ihrer mysteriösen Existenz in einer reichhaltigen Fantasy-Welt. Das Spiel bietet eine packende Mischung aus Erkundung, strategischem Kampf und einer emotionalen Geschichte, die Sie von Anfang bis Ende fesseln wird. Erkunden Sie tiefgründige Dungeons voller verborgener Schätze, stellen Sie sich herausfordernden Bossen und meistern Sie eine Vielzahl mächtiger Zaubersprüche. Sichern Sie sich die exklusive Day One Edition, die Ihr Spielerlebnis mit einem Wendecover, einem Stickerbogen, sechs Postkarten, einem A2 doppelseitigen Poster und einer hochwertigen Sammelbox bereichert. Dieses Abenteuer ist für Spieler ab 12 Jahren geeignet und bietet volle Immersion durch umfassende Sprachoptionen für Text und Audio in Deutsch, Englisch, Französisch, Italienisch und Spanisch.;1;47.85;;product.ops
489182739;78659;5063019974637;SKU-8351368256;5063019974637;RMJ298;Regatta Herren Shorts Golden Sand Gr. 56 100% Polyamid RMJ298 NEU;Die Regatta Travel Light Packaway Shorts für Herren in Golden Sand sind die ideale Wahl für aktive Tage und entspannte Reisen. Sie bieten hervorragenden Komfort und maximale Bewegungsfreiheit, perfekt für vielfältige Outdoor-Aktivitäten oder den täglichen Gebrauch. Das leichte und atmungsaktive Material gewährleistet ein angenehmes Tragegefühl, selbst bei wärmeren Temperaturen. Dank der innovativen Packaway-Funktion lässt sich diese Shorts mühelos verstauen und ist somit ein unverzichtbarer Begleiter für unterwegs. Der ansprechende Farbton Golden Sand ermöglicht vielseitige Kombinationsmöglichkeiten mit verschiedenen Outfits. Vertrauen Sie auf die bewährte Qualität von Regatta, die Langlebigkeit, Funktionalität und Strapazierfähigkeit garantiert.;1;23.99;;product.ops
491625224;78659;5111359756525;SKU-3084359057;4260744954434;;SKINTIST BY REDCARE Hydro Effect Augencreme NEU;Die SKINTIST BY REDCARE Hydro Effect Augencreme bietet eine erfrischende und glättende Feuchtigkeitspflege für die empfindliche Augenpartie. Sie wurde speziell entwickelt, um die Haut intensiv mit Feuchtigkeit zu versorgen und ein geschmeidiges Gefühl zu hinterlassen. Angereichert mit wertvollen Inhaltsstoffen wie Ceramiden und Jojobaöl, unterstützt diese Augencreme die natürliche Hautbarriere und hilft, feine Linien zu mildern. Die Formel ist zudem dermatologisch getestet und sorgt für eine optimale Verträglichkeit. Als CLEAN & VEGAN Produkt verzichtet die Creme auf unnötige Zusätze und ist ideal für alle, die Wert auf eine bewusste Hautpflege legen. Die PZN 18495309 gewährleistet die pharmazeutische Qualität und Rückverfolgbarkeit des Produkts.;1;52.67;;product.ops
489688589;78659;5265145c-c73e-4905-b442-9584eb0b5d89;SKU-4870064003;4260394353892;31464030709;Köln Matratze 31464030709 200cm 100x200cm NEU;Die Köln 7-Zonen Tonnentaschen-Federkern Matratze bietet optimalen Schlafkomfort und hervorragende Körperunterstützung für eine erholsame Nachtruhe. Sie ist speziell für Personen entwickelt, die eine ergonomische Liegefläche und ein gesundes Schlafklima schätzen. Der innovative 7-Zonen-Tonnentaschen-Federkern passt sich präzise Ihren Körperkonturen an und gewährleistet eine punktgenaue Druckentlastung. Spezielle Komfortzonen in Schulter-, Lenden- und Beckenbereich fördern eine korrekte Wirbelsäulenausrichtung und unterstützen einen tiefen, regenerativen Schlaf. Der strapazierfähige Bezug ist mittels eines 4-seitigen Rundumreißverschlusses leicht abnehmbar und bei bis zu 60 °C maschinenwaschbar, was höchste Hygiene garantiert. Dies macht die Matratze ideal für Hausstauballergiker und sorgt stets für ein frisches und angenehmes Schlafklima.;1;169.99;;product.ops
476525545;78659;52820776-34bb-4776-b728-06c521593d3a;SKU-1489693054;;;Segarids Miniaturflasche Erwachsene Glas Transparent NEU;Entdecken Sie das vielseitige 16er Pack Segarids Mini-Flaschen, ideal für kreative Gastgeschenke und stilvolle Dekorationen bei besonderen Anlässen. Diese kleinen Glasflaschen bieten eine charmante Möglichkeit, Ihre Gäste zu überraschen oder festliche Tische ansprechend zu gestalten. Die transparenten Flaschen sind aus hochwertigem Glas gefertigt und bestechen durch ihr klares, elegantes Design, das sich nahtlos in jedes Dekorationskonzept einfügt. Ihr neutrales Aussehen lässt den Inhalt optimal zur Geltung kommen und ermöglicht eine individuelle Gestaltung für jeden Anlass. Sie sind perfekt zum individuellen Befüllen mit kleinen Aufmerksamkeiten wie Gewürzen, Süßigkeiten, selbstgemachten Likören oder persönlichen Botschaften. Die robuste Verarbeitung gewährleistet eine langanhaltende Nutzung und erlaubt eine einfache Verzierung mit Etiketten oder Bändern, um jedem Event eine persönliche Note zu verleihen.;1;9.99;;product.ops
499987105;78659;52c25fb6-2f7a-48b8-8f85-430a36f26fae;SKU-4817360056;4067893681217;IY7431;Adidas UnisexKinder T-Shirt Grün Gr. 158 IY7431 NEU;Dieses Adidas 3-Streifen T-Shirt bietet Kindern und Jugendlichen optimalen Tragekomfort für Sport und Alltag. Das zeitlose Design mit den charakteristischen drei Streifen an den Ärmeln unterstreicht dabei den unverkennbaren Adidas-Stil und macht es zu einem vielseitigen Kleidungsstück. Gefertigt aus 100% Baumwolle, garantiert das Material Langlebigkeit und Formstabilität auch nach häufigem Waschen. Eine optimale Passform in Größe 158 gewährleistet maximale Bewegungsfreiheit und ein angenehmes Hautgefühl für den aktiven Nachwuchs. Die leuchtend grüne Farbgebung lässt sich modern kombinieren und setzt frische Akzente. Das pflegeleichte Gewebe ermöglicht eine unkomplizierte Reinigung und schnelle Trocknung, ideal für den täglichen Gebrauch.;1;20;;product.ops
492850890;78659;5400585052930;SKU-7702312083;5400585052930;110088;Flamingo Vögel Vogelvoliere Wetterfest Grau;Die Flamingo Vogelvoliere Nevada Cottage bietet gefiederten Freunden ein außergewöhnlich geräumiges und sicheres Zuhause. Ihr ansprechendes Design aus hochwertigem Holz fügt sich harmonisch in unterschiedlichste Umgebungen ein. Für eine stets mühelose und hygienische Pflege ist die Voliere mit einer praktischen, herausziehbaren Schublade aus galvanisiertem Metall ausgestattet. Robuste Holzpaneele an Rückseite und Seitenwänden bieten den Vögeln zusätzlichen Schutz vor Zugluft und Geborgenheit. Acht stabile Sitzstangen sind im Lieferumfang enthalten und fördern die natürliche Bewegung der Vögel. Zwei strategisch platzierte Seitentüren erleichtern den täglichen Zugang, während das wetterfeste Bitumendach optimalen Schutz bietet.;1;205;;product.ops
499987258;78659;5400898678865;SKU-0196260000;5400898678865;S130772LSE;Levi's Damen Jeans Schwarz Denim NEU;Die Levi's 311 Shaping Skinny Jeans vereint authentischen Denim-Charakter mit innovativer Stellar Stretch Technologie für unvergleichlichen Tragekomfort. Ihre hervorragende Formbeständigkeit garantiert eine perfekte Passform, die den ganzen Tag über jede Bewegung mitmacht. Eine niedrige Leibhöhe sorgt für eine besonders schmeichelhafte und definierte Silhouette. Diese Jeans formt gezielt Hüfte und Oberschenkel, um Ihre Figur optimal in Szene zu setzen. Das moderne Skinny Leg Design bietet einen zeitgemäßen Look, der sich mühelos in vielfältige Outfits integrieren lässt. Erleben Sie eine Jeans, die nicht nur stilvoll aussieht, sondern sich auch fantastisch anfühlt und Ihre persönliche Ausstrahlung perfekt unterstreicht.;1;51.58;;product.ops
467533484;78659;54c1a366-798b-42bf-9014-95729468c623;SKU-4252129103;4262427090545;PH-SC-SET100;Purehelp Schuhüberzieher Unisex Gr. Einheitsgröße Blau PH-SC-SET100 NEU;Die Purehelp Schuhüberzieher bieten zuverlässigen Hygieneschutz für sensible Umgebungen. Sie sind ideal zur effektiven Prävention von Kreuzkontaminationen in medizinischen Einrichtungen, Laboren und Reinräumen. Hergestellt aus strapazierfähigem CPE-Material, gewährleisten diese Überschuhe maximale Sicherheit und Langlebigkeit bei jedem Gebrauch. Ihre robuste Beschaffenheit bildet eine effektive Barriere gegen Schmutz, Staub und Flüssigkeiten. Dank der praktischen Einheitsgröße passen die Überzieher mühelos über die meisten Schuhe und lassen sich durch die elastische Öffnung einfach an- und ausziehen. Das umfangreiche Sparpaket mit 500 Stück sichert einen langanhaltenden Bedarf und stellt eine kosteneffiziente Lösung für diverse Anwendungsbereiche dar.;7;27;;product.ops
489182830;78659;5702015867535;SKU-6986483321;5702015867535;31058;LEGO Dinosaurier Konstruktionsspielzeug 31058 7-12 Jahre NEU;Das LEGO Creator 3-in-1 Set 'Mächtige Dinosaurier' (31058) eröffnet jungen Baumeistern ab 7 Jahren eine Welt voller spannender Abenteuer. Es ermöglicht den Bau von drei unterschiedlichen Dinosaurier-Modellen aus einem einzigen Set, wodurch langanhaltender Spielspaß garantiert ist. Kinder können wahlweise einen furchterregenden T-Rex, einen mächtigen Triceratops oder einen agilen Pterodaktylus konstruieren. Insbesondere der grüne T-Rex beeindruckt mit leuchtend orangefarbenen Augen, voll beweglichen Gelenken und einem aufklappbaren Kiefer voller spitzer Zähne, ideal für dynamische Posen und fantasievolle Rollenspiele. Dieses vielseitige Bauset fördert spielerisch die Kreativität, die Feinmotorik sowie das räumliche Vorstellungsvermögen der Kinder. Die bewährten, robusten LEGO-Bausteine gewährleisten dabei langanhaltenden und sicheren Spielspaß, perfekt für stundenlanges Entdecken und Konstruieren immer neuer Fantasiewelten.;1;21.99;;product.ops
476548144;78659;5702017153599;SKU-9272258811;5702017153599;10965;LEGO Tiere Badespielzeug 10965 Ab 1.5 Jahren NEU;Der LEGO DUPLO Badewannenspaß Schwimmender Tierzug (10965) ist ein ideales Badespielzeug, das speziell für Kleinkinder ab 1,5 Jahren entwickelt wurde. Dieses entzückende Set fördert spielerisch die Entwicklung von Feinmotorik und Kreativität, während es gleichzeitig für unvergessliche Momente im Wasser sorgt. Im Lieferumfang sind drei niedliche Tierfiguren – ein Nilpferd, eine Ente und ein Eisbär – enthalten, die auf schwimmenden Ringen befestigt werden können. Die robusten und kindgerechten Bausteine garantieren langanhaltenden Spielspaß und sind zudem besonders einfach zu reinigen, was die Hygiene im Badezimmer sicherstellt. Dieser schwimmende Tierzug bietet hygienischen und sicheren Badespaß, der die Fantasie der Kleinsten anregt und zum Entdecken einlädt. Er ist vollständig kompatibel mit anderen LEGO DUPLO Produkten, was die Spielmöglichkeiten erweitert und für noch mehr Freude beim Bauen und Spielen sorgt.;1;19.99;;product.ops
476359386;78659;5713487061253;SKU-3782469631;5713487061253;;Spring Copenhagen Dekofigur 102386 19x8.3x13cm (HxBxL Erwachsene Eichenholz;Diese elegante Dekofigur 'Spirit' von Spring Copenhagen ist eine Hommage an die Schönheit der Natur. Sie wird aus hochwertigem, FSC-zertifiziertem Eichenholz handgefertigt und besticht durch ihr einzigartiges skandinavisches Design von Chresten Sommer. Jede Figur zeichnet sich durch eine individuelle natürliche Maserung aus, die ihre Einzigartigkeit unterstreicht. Mit präzisen Abmessungen von 19 cm Höhe, 8. 3 cm Breite und 13 cm Länge fügt sie sich harmonisch in verschiedene Wohnbereiche ein. Die Figur in Form eines Rehs verleiht jedem Raum eine warme und stilvolle Atmosphäre. Sie ist eine perfekte Ergänzung für moderne oder klassische Interieurs und ein Ausdruck von zeitloser Eleganz.;1;58.59;;product.ops
492850956;78659;5713504000661;SKU-6725568671;5713504000661;RTD08179P;ACRE Rollator RTD08179P Erwachsene Carbonfaser 130kg Rot NEU;Der ACRE Carbon Ultralight Rollator überzeugt durch seine außergewöhnliche Leichtigkeit und hohe Stabilität. Dies macht ihn zum idealen Begleiter im Alltag und ermöglicht eine mühelose Handhabung sowie einen unkomplizierten Transport. Dieses Premium-Gehhilfsmittel wurde in Dänemark konzipiert und in China präzise gefertigt, um exzellente Qualitätsstandards zu gewährleisten. Der Rollator wird fertig montiert geliefert und ist dank einer Organizer-Tasche sowie einem Elastikverschluss bestens für den Transport ausgestattet. Er eignet sich optimal für den flexiblen Einsatz sowohl drinnen als auch draußen und bietet auf verschiedenen Untergründen sicheren Halt. Mit einer beeindruckenden maximalen Belastbarkeit von 130 kg und der erforderlichen CE-Zertifizierung garantiert der Carbon Ultralight Rollator höchste Sicherheit und absolute Verlässlichkeit.;1;480;;product.ops
489182852;78659;5714487284420;SKU-6033365611;5714487284420;10210430;VERO MODA Damen Minirock Gr. M FauxSuede 10210430 NEU;Der VERO MODA VMDONNADINA Minirock ist ein stilvolles Essential für jede moderne Damengarderobe. Er besticht durch seine hochwertige Faux Suede Qualität und die authentische Wildlederoptik, die einen luxuriösen Akzent setzt. Dieser Rock in trendigem Cognac verfügt über einen modernen, kurzen Schnitt, der die Figur vorteilhaft betont. Dank des angenehmen Tragekomforts ist er ideal für den ganzen Tag geeignet und bietet maximale Bewegungsfreiheit. Die sorgfältige Verarbeitung garantiert eine langlebige Qualität, wie man es von VERO MODA erwartet. Kombinieren Sie diesen vielseitigen Minirock mühelos für Freizeit, Business oder festliche Anlässe, um stets einen modischen Auftritt zu gewährleisten.;1;26.09;;product.ops
489688592;78659;5714508372894;SKU-7334344420;5714508372891;12172337;JACK JONES Herren Socken Schwarz Gr. Einheitsgröße 12172337 NEU;Diese JACK & JONES Herren Socken im praktischen 10er-Pack sind eine essenzielle Ergänzung für jede moderne Garderobe. Sie bieten herausragenden Tragekomfort und eignen sich ideal für den täglichen Gebrauch sowie vielfältige Freizeitaktivitäten. Gefertigt aus einem hochwertigen Baumwollmix mit 72% Baumwolle, 26% Polyester und 2% Elasthan, gewährleisten diese Socken exzellente Atmungsaktivität und eine zuverlässige Passform. Das strapazierfähige und pflegeleichte Material garantiert außergewöhnliche Langlebigkeit und Formbeständigkeit, selbst nach häufigem Waschen. Die Socken präsentieren sich in zeitlosem Schwarz, wodurch sie vielseitig kombinierbar sind und mühelos zu jedem Outfit passen. Dank der flexiblen Einheitsgröße passen sie sich optimal an die meisten Fußgrößen an und sind problemlos bei 40°C in der Maschine zu waschen.;1;24.99;;product.ops
499987799;78659;5715313967852;SKU-1000000006;5715313967852;22024333;ONLY SONS Herren Jeansjacke Medium Blue Gr. L Baumwollmischung 22024333 NEU;Diese ONLY & SONS Herren Jeansjacke besteht aus einem hochwertigen Materialmix von 79% Baumwolle, 20% Polyester und 1% Elasthan. Diese sorgfältige Zusammensetzung gewährleistet exzellenten Tragekomfort und eine optimale Regular Fit Passform für den täglichen Gebrauch. Das zeitlose Design in klassischem Medium Blue wird durch einen stilvollen Hemdkragen und eine durchgehende Knopfleiste ergänzt. Mit ihren langen Ärmeln ist diese Jacke äußerst vielseitig und eine perfekte Ergänzung für jede moderne Herrengarderobe. Die robuste Verarbeitung des strapazierfähigen Denim-Materials garantiert eine beeindruckende Langlebigkeit und macht sie zu einem zuverlässigen Begleiter. Sie lässt sich mühelos kombinieren und verleiht jedem Outfit einen lässigen, aber stets ansprechenden Touch.;1;20;;product.ops
489182937;78659;5715335047020;SKU-8921872481;5715335047020;LW15104;Liewood Kindertrommel LW15104 UnisexBuchenholz lackiertes MDF NEU;Die Liewood Pete Kindertrommel ist ein bezauberndes Musikinstrument, das speziell für Kleinkinder ab 12 Monaten konzipiert wurde. Es ermöglicht jungen Entdeckern, spielerisch die faszinierende Welt der Klänge zu erkunden und erste rhythmische Erfahrungen zu sammeln. Gefertigt aus hochwertigem Buchenholz und robustem, lackiertem MDF, bietet diese Trommel eine außergewöhnlich stabile und langlebige Konstruktion. Ihr ansprechendes Design in Faune Green und Dove Blue Mix fügt sich nahtlos in jedes Kinderzimmer ein und begeistert kleine Musiker mit seiner Ästhetik. Dieses pädagogisch wertvolle Spielzeug fördert nicht nur das Rhythmusgefühl und die auditive Wahrnehmung der Kinder auf spielerische Weise. Zusätzlich unterstützt es die Entwicklung der Feinmotorik und Hand-Augen-Koordination durch das aktive Spielen mit den kindgerechten Schlägeln.;1;37.7;;product.ops
489182991;78659;5715422473657;SKU-5019696431;5715422473657;16085115;Selected Homme Herren Sweatjacke Dark Olive Gr. L Baumwollmischung;Diese Selected Homme Sweatjacke bietet eine ideale Kombination aus modernem Stil und hoher Funktionalität für den anspruchsvollen Mann. Es ist eine vielseitige Ergänzung für jede Garderobe und lässt sich mühelos in diverse Outfits integrieren. Das Design zeichnet sich durch einen klassischen Hemdkragen, eine durchgehende Druckknopfleiste und praktische Brusttaschen aus, perfekt für Freizeit und entspannte Anlässe. Gefertigt aus einer Baumwollmischung mit mindestens 50% Bio-Baumwolle, bietet es angenehmen Tragekomfort und eine ansprechende Pikee-Struktur. Die bequeme Regular Fit Passform sorgt für optimale Bewegungsfreiheit und einen lässigen Look. Dieses Kleidungsstück ist pflegeleicht und behält seine Form sowie Farbe auch nach häufigem Waschen.;1;69.99;;product.ops
489183055;78659;5715574371849;SKU-4874908260;5715574371849;21301225ME;Blend Herren Langmantel Schwarz Gr. M Polyester NEU;Dieser Blend Herren Langmantel bietet optimalen Schutz vor Kälte und Wind, ideal für die kalte Jahreszeit. Sein gestepptes Design kombiniert Funktionalität mit einem modernen Stil, der sich vielseitig kombinieren lässt. Der Mantel ist aus strapazierfähigem Material gefertigt und verspricht langanhaltende Qualität sowie hohen Tragekomfort. Er eignet sich perfekt für vielfältige Outdoor-Aktivitäten oder als modisches Statement im urbanen Alltag. Mit seiner durchdachten Ausstattung und der robusten Verarbeitung ist dieser Parka ein zuverlässiger Begleiter für den Winter. Die pflegeleichten Eigenschaften des Materials sorgen zudem für eine unkomplizierte Handhabung und eine angenehme Passform in Größe M.;1;81.99;;product.ops
491625271;78659;5722008213828;SKU-3267245253;5722008213828;821382;Bitz Salatschüssel Steinzeug Schwarz Grün Ø 30cm;Die Bitz Salatschüssel aus robustem Steinzeug ist eine stilvolle und langlebige Ergänzung für jede moderne Küche. Ihr ansprechendes Design in Schwarz und Grün setzt elegante Akzente auf jedem Esstisch. Mit einem großzügigen Durchmesser von 30 cm bietet diese Schüssel ausreichend Platz für große Portionen frischer Salate, Beilagen oder Obst. Sie ist perfekt geeignet, um Ihre Speisen stilvoll zu präsentieren und Gäste zu beeindrucken. Die hochwertige Verarbeitung aus langlebigem Steinzeug garantiert eine lange Lebensdauer und hohe Widerstandsfähigkeit im täglichen Gebrauch. Zudem ist die Salatschüssel spülmaschinenfest, was die Reinigung erheblich vereinfacht und für Komfort sorgt.;2;49.9;;product.ops
467476970;78659;578c3341-658b-46d1-b419-b4ce60b534a5;SKU-9688561402;4026755335552;1121016;Oventrop Y-Schmutzfänger NEU;Der Oventrop Y-Schmutzfänger aus robustem Messing ist eine unverzichtbare Komponente für die optimale Funktion Ihrer Wasseranlagen. Er schützt nachgeschaltete Systemteile zuverlässig vor Schmutzpartikeln und verhindert effektiv Funktionsstörungen durch seine präzise 250 µm Maschenweite. Die hochwertige Messingkonstruktion dieses Schmutzfängers garantiert eine außergewöhnliche Langlebigkeit und höchste Korrosionsbeständigkeit. Mit einer Nennweite von DN50 und einer Druckstufe von PN25 ist er speziell für anspruchsvolle Anwendungen in industriellen oder gewerblichen Umgebungen konzipiert. Die totraumfreie Schrägsitzausführung maximiert die Betriebshygiene und minimiert effektiv unerwünschte Ablagerungen innerhalb des Systems. Dank des integrierten Handrads und des G2-Innengewindes sind Installation, Wartung und Reinigung des Filtersiebs unkompliziert und effizient durchführbar.;1;50;;product.ops
465275951;78659;5900811829102;SKU-8404970287;5900811829102;396297;Edenfocity Verdunkelungsvorhang Grau Polyester 396297 NEU;Der Eurofirany Logan Verdunkelungsvorhang schafft eine ruhige und erholsame Umgebung durch optimale Abdunkelung. Er ist die ideale Lösung für Schlafzimmer, Kinderzimmer und Büros, um ungestörten Schlaf oder konzentriertes Arbeiten zu ermöglichen. Dieser hochwertige Vorhang ist aus 100% strapazierfähigem Polyester gefertigt, was ihm eine außergewöhnliche Langlebigkeit und Pflegeleichtigkeit verleiht. Gleichzeitig verbessert er die Raumisolierung erheblich, indem er im Sommer vor Hitze und im Winter vor Kälte schützt. Die Anbringung des Verdunkelungsvorhangs gestaltet sich denkbar einfach durch das praktische, integrierte Kräuselband, sodass er schnell einsatzbereit ist. Sein elegantes und zeitloses Design in ansprechendem Grau fügt sich harmonisch in jede moderne oder klassische Einrichtung ein.;1;14.9;;product.ops
467476969;78659;5901532626087;SKU-1746174206;5901532626087;626087;Außenspiegel Rechts für Fiat Ducato Spieg 626087 elektrisch beheizt NEU;Dieser hochwertige Außenspiegel wurde speziell für den Fiat Ducato der Baujahre 2006 bis 2011 entwickelt und sorgt für eine stets klare Sicht, was die Fahrsicherheit erheblich steigert. Er ist exakt für die rechte Fahrzeugseite konzipiert und bietet eine präzise Passform für eine nahtlose Integration in das Fahrzeugdesign. Die komfortable elektrische Verstellbarkeit ermöglicht eine einfache und genaue Anpassung der Spiegelfläche, um jederzeit eine optimale Rücksicht zu gewährleisten. Zusätzlich verhindert die integrierte Heizfunktion effektiv das Beschlagen und Vereisen des Spiegels, selbst unter widrigsten Wetterbedingungen. Gefertigt aus robustem, witterungsbeständigem Kunststoff, garantiert dieser Außenspiegel maximale Langlebigkeit und zuverlässige Funktion über viele Jahre hinweg. Die hochwertige Verarbeitung sichert eine dauerhafte Performance und trägt maßgeblich zur Werterhaltung Ihres Fahrzeugs bei.;1;89;;product.ops
492851140;78659;5902605478275;SKU-5561398463;5902605478275;PT70;Alberomio Wickelauflage PT70 NEU;Die Alberomio Wickelauflage Schlafwolke Dreams bietet eine sichere und komfortable Unterlage für die tägliche Babypflege. Sie ist speziell für die Montage auf Babybetten mit den Maßen 120 x 60 cm konzipiert und erleichtert das Wickeln erheblich. Gefertigt aus hautfreundlicher, phthalatfreier PVC-Folie, schützt die Wickelauflage die empfindliche Babyhaut und ist zudem besonders leicht zu reinigen. Die weiche Polyurethan-Füllung kombiniert mit einer stabilen MDF-Platte gewährleistet optimalen Liegekomfort und eine feste, sichere Unterlage für Ihr Kind. Mit ihren idealen Maßen von 70 x 47 cm ist diese Wickelauflage perfekt für Neugeborene und Babys bis zu 12 Monaten oder einem Gewicht von maximal 11 kg geeignet. Im Lieferumfang enthaltene Sicherheitsfüße sorgen für einen stabilen und rutschfesten Halt auf dem Kinderbett, was zusätzliche Sicherheit im Alltag bietet.;1;23;;product.ops
467477119;78659;5904270013775;SKU-5437386727;5904270013775;QL0503-JPN;Radlagersatz Vorderachse für KIA Sportage Hyundai ix35 JPN QL0503-JPN;Dieser JPN Radlagersatz gewährleistet eine präzise Radführung an der Vorderachse und trägt maßgeblich zu maximaler Fahrsicherheit bei. Er ist aus hochwertigen, verschleißfesten Materialien gefertigt, was eine außergewöhnliche Langlebigkeit und optimale Leistung unter allen Fahrbedingungen garantiert. Der präzise gefertigte Radlagersatz mit 84mm Durchmesser und 41mm Breite ist speziell für KIA Sportage SL, Hyundai ix35 LM und Hyundai Tucson JM Modelle konzipiert. Er ist für eine zuverlässige Funktion ausgelegt und enthält alle notwendigen Komponenten für einen direkten Austausch. Der Lieferumfang umfasst den kompletten JPN Radlagersatz 10L0503-JPN, welcher für den professionellen Einbau bereitsteht. Eine fachgerechte Installation in einer zertifizierten Fachwerkstatt ist für die volle Entfaltung der Leistungsfähigkeit und die Gewährleistung der Sicherheit unerlässlich.;1;72.7;;product.ops
467477094;78659;5908242693453;SKU-6816251293;5908242693453;5600063;KAMOKA Radlagersatz 5600063 KIA Sportage Hyundai ix35 Vorderachse Ø84mm;Der KAMOKA Radlagersatz 5600063 stellt die ursprüngliche Fahrsicherheit und den Fahrkomfort Ihres Fahrzeugs umfassend wieder her. Er trägt zudem maßgeblich zur Reduzierung störender Fahrgeräusche bei, was ein deutlich ruhigeres und angenehmeres Fahrerlebnis ermöglicht. Dieser Radlagersatz ist aus präzisen Premium-Komponenten gefertigt, was eine überragende Langlebigkeit und zuverlässige Performance unter allen Betriebsbedingungen garantiert. Die hochwertige Materialauswahl aus robustem Metall sichert eine dauerhaft stabile Funktion und maximale Belastbarkeit für Ihr Fahrzeug an der Vorderachse. Der Lieferumfang beinhaltet einen vollständigen Radlagersatz, der alle benötigten Teile für den direkten und unkomplizierten Austausch bereithält. Zudem profitieren Sie von einer umfassenden 7-Jahres-Herstellergarantie von KAMOKA, die Ihnen langfristige Sicherheit und Vertrauen in das Produkt bietet.;1;29.99;;product.ops
481212553;78659;60539f7f-f556-4103-bc2c-cc17f5a455c3;SKU-6274769815;;;TNP Products RJ45 Splitter/Combiner 60W Schwarz NEU;Dieses innovative RJ45 Splitter/Combiner Kit optimiert Ihre Netzwerkinfrastruktur erheblich und steigert die Effizienz Ihrer uPOE-Geräte. Es verdoppelt die verfügbare PoE-Leistung von 30W auf 60W, um eine zuverlässige und leistungsstarke Versorgung sicherzustellen. Die Splitter sind vollständig kompatibel mit gängigen CAT5e/6 Netzwerkkabeln und unterstützen Gigabit-Datenraten im uPOE-Betriebsmodus. Dies ermöglicht eine äußerst flexible und robuste Netzwerklösung für eine Vielzahl anspruchsvoller Anwendungen. Durch die intelligente Führung von zwei 10/100 Ethernet-Verbindungen über ein einziges Kabel reduziert das Set den Kabelbedarf signifikant. Die einfache Plug-and-Play-Installation spart zudem wertvolle Installationskosten und wertvolle Zeit bei der Einrichtung.;1;8.8;;product.ops
489026717;78659;61cb13b8-ef09-4959-821e-c2d63fcd8038;SKU-9014992269;;AQY-0117;NQY Radsport Rücklicht AQY-0117 NEU;Das NQY AQY-0117 Fahrradrücklicht sorgt mit seiner hochintensiven LED-Beleuchtung für maximale Sicherheit im Straßenverkehr. Es steigert die Sichtbarkeit Ihres Fahrrads erheblich und trägt somit effektiv zur Vermeidung von Unfällen bei. Ein leistungsstarker integrierter 500 mAh Akku ermöglicht eine beeindruckende Leuchtdauer von bis zu 15 Stunden pro Ladung. Die flexible Aufladung erfolgt bequem über einen Standard-USB-Anschluss, kompatibel mit Adaptern, Computern oder Powerbanks. Das robuste Gehäuse aus hochwertiger Aluminiumlegierung und hochfestem PC-Material gewährleistet extreme Widerstandsfähigkeit gegen Witterungseinflüsse und mechanische Belastungen. Die universelle, werkzeuglose Montage mit Schnellverschluss erlaubt eine schnelle Anbringung an nahezu jedem Fahrrad und wird durch einen automatischen Schlafmodus ergänzt.;1;19.99;;product.ops
497952264;78659;6220160202030;SKU-7199945280;;;Sodafixx Schraubverschluss CO2 Zylinder für Wassersprudler 1 x  425g NEU;"Die Sodafixx CO2 Zylinder verwandeln stilles Wasser mühelos in erfrischendes Sprudelwasser. Mit diesem hochwertigen Zylinder genießen Sie insgesamt bis zu 60 Liter prickelnde Getränke für langanhaltenden Genuss.
Der Zylinder enthält 425g hochreines, lebensmittelechtes CO2 (E290) von höchster Qualität. Die geprüfte Reinheit des Gases garantiert ein sicheres und hygienisches Sprudelvergnügen in Ihrem Zuhause.
Diese Universal-Zylinder sind kompatibel mit den meisten gängigen Trinkwassersprudlern mit Schraubverschluss Sie werden von Sodafixx GmbH in Deutschland abgefüllt und stehen für Komfort sowie erstklassige Qualität.";18;23.99;;product.ops
464302815;78659;6922738000364;SKU-9041995991;6922738000364;;Nanyang NiuJin Haushaltshandschuhe Herren Gr.xL Gelb Latex Dongfanghong NEU;Die Nanyang NiuJin Haushaltshandschuhe sind Ihr unverzichtbarer Partner für alle Reinigungs- und Gartenarbeiten. Sie bieten zuverlässigen Schutz vor Wasser, Schmutz und haushaltsüblichen Chemikalien, gefertigt aus hochwertiger Naturkautschuk-Emulsion. Diese Handschuhe garantieren eine optimale Passform und ermöglichen präzises Arbeiten in verschiedenen Umgebungen. Die rutschfeste Oberfläche gewährleistet zudem jederzeit einen sicheren Griff, selbst bei Nässe oder glatten Oberflächen. Die langlebigen und wiederverwendbaren Handschuhe sind mühelos zu reinigen, was sie zu einer umweltfreundlichen und kosteneffizienten Wahl macht. Der Lieferumfang umfasst ein Paar Handschuhe, die für eine lange Lebensdauer konzipiert wurden und den Standard HG/T2888-2010 erfüllen.;5;29.9;;product.ops
489183312;78659;6941876218462;SKU-8049033555;6941876218462;15846;KFZ Handyhalterung UGREEN 15846 NEU;Die UGREEN LP428 magnetische KFZ Handyhalterung bietet eine außergewöhnlich sichere und stabile Befestigung für Ihr Smartphone im Fahrzeug. Sie lässt sich mühelos am Lüftungsgitter anbringen und gewährleistet selbst auf anspruchsvollen Fahrbahnen einen zuverlässigen Halt für Ihr Gerät. Dieses praktische Zubehör ermöglicht eine komfortable Nutzung von Navigations- und Kommunikationsfunktionen, ohne Ihr Sichtfeld zu beeinträchtigen. Dank der leistungsstarken Magnete bleibt Ihr Smartphone stets sicher positioniert, sodass Sie sich voll auf den Straßenverkehr konzentrieren können. Zudem gewährleistet die Halterung ein klares und störungsfreies Signal, wodurch die Konnektivität Ihres Smartphones jederzeit erhalten bleibt. Das kompakte Design fügt sich nahtlos ins Interieur ein und unterstreicht die Qualität sowie Langlebigkeit dieses Produkts für den täglichen Gebrauch.;1;13.9;;product.ops
464303135;78659;6954850111741;SKU-0735099796;6954850111741;;Dong Fang Hong Haushaltshandschuhe Gelb Latex NEU;Die Dong Fang Hong Latex-Haushaltshandschuhe bieten optimalen Schutz und herausragenden Komfort für diverse Reinigungs- und Arbeitsaufgaben. Sie sind aus hochwertiger Naturkautschukemulsion gefertigt, was eine exzellente Flexibilität und Langlebigkeit gewährleistet. Diese vielseitigen Handschuhe eignen sich ideal für eine breite Palette von Anwendungen, von der Küchenarbeit über die Gartenpflege bis hin zu industriellen Reinigungsaufgaben. Ihr ergonomisches und robustes Design garantiert eine angenehme Passform sowie zuverlässigen Schutz, selbst bei längerem und anspruchsvollem Einsatz. Jede Packung enthält sechs strapazierfähige Haushaltshandschuhe, die sofort einsatzbereit sind und eine nachhaltige Nutzung ermöglichen. Für eine maximale Lebensdauer ist es entscheidend, die Handschuhe nach Gebrauch zu reinigen und sie kühl sowie trocken zu lagern.;21;17.99;;product.ops
489183295;78659;6957303824717;SKU-9003235487;6957303824717;20471;Vertikaler Laptop Ständer UGREEN 20471 26mm 150mm NEU;Der UGREEN LP258 vertikale Laptop Ständer optimiert Ihren Arbeitsplatz durch sein platzsparendes Design und sorgt für effiziente Organisation. Gefertigt aus einer robusten Aluminiumlegierung, bietet er eine stabile und langlebige Lösung für Ihr Notebook. Sein innovatives Design mit hohler Struktur fördert eine optimale Wärmeableitung und verbessert die Luftzirkulation unter dem Gerät erheblich. Die einstellbare Breite von 12 bis 26 mm gewährleistet eine sichere und passgenaue Aufnahme für eine Vielzahl von Notebooks bis zu 15,6 Zoll. Zusätzlich ist der Ständer mit schützenden Silikonpads ausgestattet, die Kratzer an Ihrem Gerät verhindern und einen rutschfesten Stand garantieren. Die einfache und werkzeuglose Installation ermöglicht eine schnelle Inbetriebnahme, um Ihren Schreibtisch im Handumdrehen zu ordnen.;1;16.43;;product.ops
489183604;78659;6acf0526-65bd-4c5a-bd00-abe9bfb5f483;SKU-3748510561;4250525354126;105967;Sonnenliege Akazienholz 94cm Garten Terrasse Balkon;Diese hochwertige CASARIA Sonnenliege bietet optimalen Komfort und ist ideal für entspannte Stunden im Freien. Gefertigt aus robustem Akazien-Hartholz und einem atmungsaktiven Polyesterbezug, garantiert sie Langlebigkeit und angenehme Nutzung. Die Rückenlehne lässt sich dreifach verstellen, um stets die perfekte Liegeposition zu finden, während das abnehmbare Kopfpolster zusätzlichen Komfort bietet. Dank ihrer klappbaren Konstruktion lässt sich die Liege bei Nichtgebrauch platzsparend verstauen und einfach transportieren. Mit einer Belastbarkeit von bis zu 160 kg ist diese Liege äußerst stabil und sicher. Ihr modernes Design in Anthrazit fügt sich harmonisch in jede Garten-, Terrassen- oder Balkonumgebung ein und ist zudem pflegeleicht.;1;44.95;;product.ops
467477301;78659;6be95318-1354-4b38-9526-aab48b727982;SKU-6954275739;;16567432516506316;Sägekette Spezialstahl NEU;"Die SAGENSPEZI Sägekette optimiert die Leistung Ihrer Kettensäge und ermöglicht unübertroffene Präzision sowie Schnelligkeit bei allen Holzarbeiten. Gefertigt aus extrem robustem Spezialstahl, garantiert sie optimale Kraftübertragung und eine außergewöhnlich lange Lebensdauer. Diese hochwertige Sägekette verfügt über eine exakte . 325"" Teilung, 74 Treibglieder und eine . 063"" (1. 6mm) Nutbreite, was eine perfekte Passform und höchste Betriebssicherheit gewährleistet. Ihr spezielles Design sorgt für eine spürbar verbesserte Arbeitseffizienz bei jeder Anwendung. Im Lieferumfang ist eine SAGENSPEZI Sägekette enthalten, die als essenzielles Ersatzteil die volle Leistungsfähigkeit Ihrer Maschine wiederherstellt. Für eine perfekte Passgenauigkeit und maximale Sicherheit ist der Abgleich der Kettensägenspezifikationen mit dieser Kette unerlässlich.";2;31.98;;product.ops
467477315;78659;7082024102510;SKU-1423771699;3615984567431;1A020495;Keilriemen Antrieb für Piaggio Group 1A020495 NEU;Dieser originale Piaggio Keilriemen mit der Herstellernummer 1A020495 ist speziell für Piaggio Roller, insbesondere den MP3 530 HPE des Modelljahres 2022, konzipiert. Er gewährleistet eine präzise und effiziente Kraftübertragung im Antriebssystem Ihres Fahrzeugs. Gefertigt aus hochwertigem, extrem widerstandsfähigem Gummimaterial, bietet dieses Originalteil eine außergewöhnliche Langlebigkeit und minimiert effektiv den Motorverschleiß. Die exakte Passform garantiert eine problemlose Installation und trägt maßgeblich zur Verlängerung der Fahrzeuglebensdauer bei. Verlassen Sie sich auf die bewährte Piaggio Ingenieurskunst, die strengste Herstellerspezifikationen erfüllt und somit unerwartete Ausfälle zuverlässig verhindert. Für stets optimale Leistung und maximale Sicherheit wird die Verwendung von Originalteilen dringend empfohlen.;1;67.95;;product.ops
476372298;78659;7212913647233;SKU-3606468262;4019722112706;92056600;Bremsscheibe für Mercedes-Benz S-Klasse TExTAR 92056600 320mm 30mm NEU;Diese hochwertige TEXTAR Bremsscheibe wurde speziell für diverse Mercedes-Benz Modelle entwickelt und bietet eine überragende Bremsleistung. Sie gewährleistet optimale Fahrsicherheit und eine lange Lebensdauer unter anspruchsvollsten Bedingungen. Die präzise Fertigung nach Erstausrüsterstandards garantiert eine perfekte Passform sowie eine unkomplizierte Installation. Gefertigt aus robusten Materialien, widersteht diese Bremsscheibe hohen Temperaturen und intensiver mechanischer Beanspruchung. Ihre innovative Konstruktion fördert eine effiziente Wärmeableitung, was Bremsfading minimiert und eine konstante Leistung sichert. Dies resultiert in einem stets zuverlässigen und komfortablen Bremsgefühl bei jeder Fahrt, unterstützt durch präzise Maße von 320mm Durchmesser und 30mm Dicke.;1;49.96;;product.ops
465277231;78659;7290116742380;SKU-0225495136;7290116742380;;SodaStream Wassersprudler Crystal 3.0 45cm 0.6L Edelstahl Glas Kunststoff;Der SodaStream Crystal 3. 0 Wassersprudler verwandelt Leitungswasser schnell in erfrischendes Sprudelwasser, sodass Sie jederzeit frische Getränke genießen können. Dieses umweltfreundliche System reduziert den Verbrauch von Einweg-Plastikflaschen erheblich und fördert einen nachhaltigen Lebensstil. Das hochwertige Gerät besticht durch eine elegante, spülmaschinenfeste Glaskaraffe, die nicht nur optisch überzeugt, sondern auch eine hygienische Reinigung ermöglicht. Die robuste Konstruktion aus Edelstahl, Glas und langlebigem Kunststoff garantiert eine lange Lebensdauer und zuverlässige Nutzung im Alltag. Im Lieferumfang sind der Wassersprudler, ein 425g CO2-Zylinder für bis zu 60 Liter Sprudelwasser und eine spülmaschinenfeste Glaskaraffe enthalten. Für optimalen Sprudelgenuss und einfache Handhabung stehen Ihnen unser umfassender Kundenservice und detaillierte Anleitungen jederzeit zur Verfügung.;2;99.99;;product.ops
491625823;78659;7313020097503;SKU-9706798890;7313020097503;KIT187033;Befestigungskit Dach für Dachträger 7033 Thule Dac;Das Thule Fixpoint Kit 187033 stellt eine essentielle Komponente für die sichere und präzise Montage von Dachträgersystemen auf Fahrzeugen mit spezifischen Fixpunkten dar. Es gewährleistet eine äußerst stabile und zuverlässige Verbindung zwischen Ihrem Fahrzeugdach und dem Thule Dachträger. Dieses hochwertige Befestigungskit wurde für eine besonders einfache und schnelle Installation konzipiert, wodurch eine präzise Passform ohne großen Aufwand erreicht wird. Die durchdachte Konstruktion sorgt für einen reibungslosen Montageprozess, der Zeit und Mühe spart. Gefertigt aus robusten und langlebigen Materialien, bietet das Kit maximale Sicherheit für den Transport Ihrer Dachlasten unter allen Bedingungen. Es ist die optimale Lösung, um die höchsten Sicherheitsstandards zu erfüllen und eine feste, dauerhafte Befestigung Ihrer Transportlösungen zu gewährleisten.;1;49.9;;product.ops
467533465;78659;7316577150929;SKU-8906682806;7316577150929;7315 BEGAP;SKF Schrägkugellager 7315 BEGAP NEU;Das SKF Explorer Einreihige Schrägkugellager 7315 BEGAP ist eine Hochleistungskomponente, die speziell für anspruchsvolle industrielle Anwendungen entwickelt wurde. Es optimiert die Leistung Ihrer Maschinen durch herausragende Zuverlässigkeit und Effizienz unter extremen Bedingungen. Dieses präzise gefertigte Lager mit den Maßen 75x160x37 mm ist ideal für Anwendungen mit hohen Drehzahlen sowie kombinierten radialen und axialen Lasten. Die innovative SKF Explorer Technologie gewährleistet minimierte Reibung und eine signifikant verlängerte Lebensdauer. Gefertigt unter strengsten Qualitätsstandards, steht das SKF Explorer Lager für höchste Material- und Verarbeitungsqualität. Es bietet eine dauerhafte Lösung für maximale Präzision und Betriebssicherheit in kritischen Systemen.;2;178.47;;product.ops
499989221;78659;7319f91f-5656-490e-bdfa-0aa526b0a9d1;SKU-0015305033;8719128118499;15305033;SodaStream Kohlensäurezylinder 4er Pack DUO Terra Crystal 3.0;Die SodaStream Quick Connect Kohlensäurezylinder im praktischen 4er Pack revolutionieren die Zubereitung sprudelnder Getränke in Ihrem Zuhause. Sie wurden speziell für alle SodaStream Wassersprudler mit dem innovativen Quick Connect System entwickelt, um maximale Kompatibilität und Benutzerfreundlichkeit zu gewährleisten. Diese 4 Zylinder ermöglichen die Herstellung von bis zu 240 Litern erfrischendem Sprudelwasser, wodurch der mühsame Transport schwerer Wasserkästen entfällt. Das werkzeuglose Quick Connect System garantiert einen schnellen und unkomplizierten Zylinderwechsel, sodass Sie jederzeit frisches Sprudelwasser genießen können. Mit der Verwendung dieser Zylinder leisten Sie einen aktiven Beitrag zum Umweltschutz, indem Sie den Verbrauch von Einweg-Plastikflaschen erheblich reduzieren. Die enthaltene reine Lebensmittel-Kohlensäure sorgt dabei stets für eine optimale Getränkequalität und ein prickelndes Geschmackserlebnis.;1;100;;product.ops
467533463;78659;7325549884427;SKU-6480044357;7325549884427;PC107438595MED1;POC Mountainbike Enduro Trail Fahrradhelm PC107438595MED1 Gr. M NEU;Der POC Axion Race MIPS Fahrradhelm bietet anspruchsvollen Mountainbikern kompromisslosen Schutz und überragenden Komfort auf herausfordernden Trails. Seine fortschrittliche MIPS-Technologie ist nahtlos integriert, um erhöhten Rotationsschutz bei schrägen Stürzen zu gewährleisten und die Fahrersicherheit erheblich zu verbessern. Das robuste und leichte Design ist optimal auf Enduro- und Trail-Fahrten abgestimmt, mit erweiterter Abdeckung an Schläfen und Hinterkopf für zusätzlichen Schutz. Ein innovatives, bruchsicheres und verstellbares Visier minimiert effektiv das Risiko von Nackenverletzungen bei einem Aufprall und ist zudem perfekt mit den meisten Goggles kompatibel. Effizient platzierte, große Belüftungsöffnungen sorgen für herausragende Luftzirkulation und garantieren stets einen kühlen Kopf auf langen, intensiven Fahrten. Dieser hochwertige Helm in Größe M, ausgeführt in Uranium Black/Argentite Silver Matt, ist sofort einsatzbereit für alle Unisex-Erwachsenen im Mountainbike-Sport.;1;137.68;;product.ops
499989311;78659;7325707913594;SKU-1000000007;7325707913594;2423000714;GANT Herren Hemd Capri Blau Gr. L Popeline 2423000714 NEU;Dieses hochwertige GANT Herrenhemd besticht durch sein klassisches Design und exzellente Verarbeitung. Gefertigt aus feiner Popeline, bietet es angenehmen Tragekomfort und ist besonders hautfreundlich. Das Hemd präsentiert sich in einem zeitlosen Gingham-Muster in ansprechendem Capri Blau, das vielseitig kombinierbar ist. Der komfortable Regular Fit und das ikonische GANT Shield Logo vereinen optimale Passform mit authentischem Markenbewusstsein. Es ist die ideale Wahl für smarte Casual-Anlässe oder als stilvolle Ergänzung Ihrer Freizeitgarderobe, passend für das ganze Jahr. Dieses langärmlige Hemd mit Kentkragen und durchgehender Knopfleiste ist ein Must-have für jeden modebewussten Mann.;1;90;;product.ops
489183572;78659;7325720928841;SKU-1018841553;7325720928841;22860-3610;ROCKANDBLUE Damen Mantel Light Stone Gr. 46 Winter Memory Poly Recycled NEU;Dieser ROCKANDBLUE Camila Coat ist ein stilvoller Wintermantel, der optimalen Schutz vor Kälte bietet. Gefertigt aus hochwertigem Winter Memory Poly Recycled Material, garantiert er Langlebigkeit und Komfort für die kalte Jahreszeit. Der Mantel zeichnet sich durch seine innovative BIONIC FINISH ECO WATER REPELLENCY aus, die zuverlässig vor Nässe schützt. Diese wasserabweisende Eigenschaft sorgt dafür, dass Sie auch bei unbeständigem Wetter stets trocken und komfortabel bleiben. Mit der Artikelnummer 22860-3610 und in der eleganten Farbe Light Stone ist dieser Mantel ein modisches Statement. Die Größe 46 bietet eine bequeme Passform für Damen, die Wert auf Qualität, Design und Funktionalität legen.;1;279;;product.ops
491625788;78659;7538f896-fb64-40ee-a606-65e08665fc2a;SKU-9166429134;;X0010STZPV;Peridan's Schubladenteiler 5.7cm NEU;Die Peridan's Bambus Schubladenteiler bieten eine elegante und äußerst praktische Lösung zur effektiven Organisation Ihrer Schubladen. Gefertigt aus 100% umweltfreundlichem Bambus, sind sie robust, sicher und nachhaltig für den täglichen Gebrauch in jedem Zuhause. Dank ihrer innovativen ausziehbaren Konstruktion lassen sich diese Teiler flexibel von 43 cm bis 56 cm anpassen, wodurch sie mühelos in diverse Schubladengrößen passen. Diese vielseitigen Organizer eignen sich hervorragend für Küchen, Schlafzimmer, Bäder oder Büros, um überall effektiv Ordnung zu schaffen. Das umfassende 4er-Set, inklusive zusätzlicher Trennelemente, ermöglicht eine individuelle und flexible Gestaltung Ihrer Aufbewahrungssysteme. Mit ihrem stilvollen Design und der einfachen Wartung sind diese Schubladenteiler eine langlebige und ästhetische Bereicherung für jede moderne Einrichtung.;1;18.99;;product.ops
491626608;78659;76113588807201;SKU-6099828388;7611358880720;00GZ;Sloggi BH M Atmungsaktiv Weich Dehnbar Elfenbein;Das Sloggi GO Casual Damen BH Top bietet unvergleichlichen Tragekomfort dank seiner weichen und geschmeidigen Bio-Baumwolle. Es ist die ideale Wahl für den Alltag und sorgt den ganzen Tag für ein angenehmes Gefühl auf der Haut. Dieses vielseitige BH Top passt sich perfekt an Ihre Körperform an und gewährleistet optimale Bewegungsfreiheit. Die hochwertige Verarbeitung und das atmungsaktive Material machen es zu einem unverzichtbaren Bestandteil jeder modernen Garderobe. Genießen Sie die natürliche Weichheit und die hautfreundlichen Eigenschaften der zertifizierten Bio-Baumwolle. Ein zeitloses Design trifft hier auf Qualität, die Sie bei jedem Tragen spüren können und die zudem nachhaltig ist.;1;17;;product.ops
491626761;78659;7613109117017;SKU-1814556864;7613109117017;;Sloggi Mini Slip GO Crush Damen Gr. S Baumwollmischung Multi-Colour NEU;Der Sloggi GO Crush Mini Slip für Damen bietet optimalen Tragekomfort und eine perfekte Passform für den täglichen Gebrauch. Er ist aus einer hochwertigen Mischung mit zertifizierter Bio-Baumwolle gefertigt, die ein angenehmes Hautgefühl den ganzen Tag über gewährleistet. Dieses praktische 3er-Pack in ansprechenden Multi-Colour-Varianten ermöglicht eine vielseitige Kombination mit Ihrer bestehenden Garderobe. Die atmungsaktive Materialzusammensetzung sorgt zudem für eine hervorragende Luftzirkulation und reduziert effektiv Feuchtigkeit. Mit seinem modernen Design und der bewährten Sloggi-Qualität ist dieser Mini Slip eine ideale Ergänzung für jede Unterwäschesammlung. Er vereint Stil und Funktionalität auf höchstem Niveau, um höchsten Ansprüchen gerecht zu werden.;1;19.95;;product.ops
489183649;78659;7613136901818;SKU-4208989688;7613136901818;M013/Z9;Sloggi Herren Slip Mehrfarbig Gr. EU 6 96% Baumwolle 4% Elastan M013/Z9 NEU;Die Sloggi Start Hipster für Herren bieten herausragenden Komfort und eine optimale Passform für den ganzen Tag. Sie sind aus einer hochwertigen Stretch-Baumwollmischung gefertigt, die maximale Bewegungsfreiheit und dauerhafte Formbeständigkeit garantiert. Die präzise Materialzusammensetzung aus 96% Baumwolle und 4% LYCRA® Elastan sorgt für ein angenehmes Hautgefühl und hohe Elastizität. Diese Hipster sind in ansprechenden Multi-Farben erhältlich und behalten ihre Optik auch nach zahlreichen Wäschen bei. Dieses praktische 3er-Pack ist eine ausgezeichnete Wahl für qualitätsbewusste Männer, die Wert auf Langlebigkeit und Nachhaltigkeit legen. Zusätzlich sind die Unterhosen nach OEKO-TEX® Standard 100 zertifiziert, was höchste Hautfreundlichkeit und Schadstofffreiheit gewährleistet.;1;23.9;;product.ops
488052027;78659;7630751727135;SKU-1055381582;7630751727135;130706;Nespresso Kaffeegläser Set NEU;Das Nespresso Barista Recipe Gläser Set Klein ist die ideale Ergänzung für alle Liebhaber kreativer Kaffeezubereitungen. Diese hochwertigen Gläser aus der BARISTA COLLECTION wurden speziell entwickelt, um Ihre Kaffee-Momente zu bereichern und die vielfältigen Aromen optimal zur Geltung zu bringen. Das Set besticht durch sein elegantes und funktionales Design, welches in Zusammenarbeit mit dem renommierten BIG-GAME Studio entstand. Die klare Formgebung und die erstklassige Verarbeitung machen jedes Glas zu einem zeitlosen Blickfang, der zudem angenehm in der Hand liegt. Jede Packung enthält zwei dieser exquisiten Rezeptgläser, perfekt für die stilvolle Präsentation Ihrer Kaffeekreationen. Sie sind robust, für den regelmäßigen Gebrauch konzipiert und eine Bereicherung für jede moderne Küche oder Kaffeebar.;1;22;;product.ops
491627108;78659;7640415026184;SKU-0500263191;7640415026184;;Namuk Kinder Schneehose Schokolade Gr. EU 104 Polyester Crusade NEU;Die Namuk Crusade Schneehose in Schokolade wurde speziell für aktive Kinder entwickelt, um optimalen Schutz bei winterlichen Outdoor-Abenteuern zu gewährleisten. Ihr hochwertiges Schweizer Design bürgt für höchste Qualitätsstandards und zuverlässige Performance unter anspruchsvollen Bedingungen. Dieses Modell bietet effektiven Schutz vor Kälte und Nässe dank einer beeindruckenden Wassersäule von 10. 000 mm. Gleichzeitig sorgt die optimale Atmungsaktivität von 10. 000 g/m²/24h für eine hervorragende Körpertemperaturregulierung und unbeschwerten Spielspaß. Die nachhaltige PRIMALOFT BIO Isolierung garantiert exzellente Wärme bei geringem Gewicht, während die robuste Polyester-Konstruktion Langlebigkeit verspricht. Ein praktischer Beinabschluss mit integriertem Schneefang schützt zudem zuverlässig vor eindringendem Schnee und erhöht den Tragekomfort.;1;119;;product.ops
489184070;78659;7649988997723;SKU-3130743576;7649988997723;HA-MS-B1-232097;MONASERA Lufterfrischer Halter Set NEU;Der MONASERA Lufterfrischer Halter bereichert Ihren Fahrzeuginnenraum mit stilvollen und angenehmen Düften. Sein elegantes schwarzes Design fügt sich nahtlos in jedes Interieur ein und wertet die Ästhetik jeder Fahrt auf. Das Set enthält den robusten Halter und zwei hochwertige Duft-Refills in Wild Berry sowie Sandelholz & Bergamotte. Die einfache Clip-Befestigung an den Lüftungsschlitzen ermöglicht eine schnelle, werkzeuglose Installation und einen flexiblen Duftwechsel. Gefertigt aus langlebigem Aluminium, garantiert der Autoduft Halter eine lange Lebensdauer und eine wertige Haptik. Das kompakte Design sorgt für diskrete Integration im Fahrzeug und spiegelt höchste Schweizer Qualitätsansprüche wider.;1;35.9;;product.ops
476389851;78659;76a7cc4f-9aa4-4149-ad6b-9cc4ef1dc1df;SKU-7200941317;4011283370618;;Sonnenschutz Panoramadach hinten für Tesla Model 3 Y CLI10206PDH;Dieser hochwertige Sonnenschutz wurde speziell für das Panorama-Glasdach des Tesla Model 3 und Model Y entwickelt und bietet effektiven Schutz vor UV-Strahlung und Hitze. Dadurch bleibt das Fahrzeuginterieur angenehm kühl und wird zuverlässig vor Ausbleichen bewahrt. Gefertigt aus strapazierfähigem Mesh-Gewebe in elegantem Schwarz, reduziert der Sonnenschutz störende Blendeffekte und sorgt für eine deutlich angenehmere Fahrt. Die passgenaue Form gewährleistet eine optimale Abdeckung der gesamten Dachfläche, ohne dabei die Sicht zu beeinträchtigen. Die Montage erfolgt werkzeuglos und unkompliziert mittels eines innovativen Clip-on-Systems, was eine schnelle Anbringung und Entfernung ermöglicht. Dies garantiert eine flexible Nutzung und einfache Handhabung im Alltag.;1;55;;product.ops
467533468;78659;7778bbb4-0a11-414b-a323-1573ab313f48;SKU-6044260478;;8MA 376 783-494;Ausgleichsbehälter Kühlmittel für VW Transporter MAHLE 8MA 376 783-494 NEU;Dieser MAHLE Ausgleichsbehälter ist ein essenzielles Bauteil für das Kühlsystem Ihres VW Transporters, um eine konstante Betriebstemperatur zu gewährleisten. Er sorgt für den notwendigen Druckausgleich und schützt Ihren Motor zuverlässig vor Überhitzung, was die Lebensdauer des Fahrzeugs erheblich verlängert. Das Originalersatzteil ist präzise für VW Transporter Modelle gefertigt und erfüllt höchste Qualitätsstandards durch die Verwendung langlebiger Materialien. Seine transparente Bauweise ermöglicht eine einfache und schnelle Kontrolle des Kühlmittelstands und garantiert eine zuverlässige Funktion auch unter extremen Bedingungen. Der hochwertige MAHLE Ausgleichsbehälter ist für den direkten Einbau konzipiert und bietet eine passgenaue Lösung für Ihr Fahrzeug. Für eine optimale Leistung und dauerhafte Zuverlässigkeit wird die regelmäßige Überprüfung des Kühlmittelstands sowie eine fachgerechte Installation empfohlen.;1;29.99;;product.ops
491627248;78659;7c4d3bb6-e7a1-4fa0-aa88-3da9b25134d8;SKU-3324867175;782903300738;;Auledio Handtuchhalter wie abgebildet NEU;Der Auledio Dreifach-Handtuchhalter bietet eine äußerst flexible und platzsparende Lösung für Ihr Badezimmer oder Ihre Küche. Seine drei schwenkbaren Arme lassen sich individuell von 33 cm bis 56 cm einstellen, um Handtücher optimal zu trocknen und wertvollen Raum effizient zu nutzen. Gefertigt aus robustem Metall in elegantem Schwarz, fügt sich dieser Handtuchhalter nahtlos in moderne Einrichtungen ein. Die hochwertige Verarbeitung garantiert eine lange Lebensdauer und Beständigkeit gegenüber Feuchtigkeit, selbst in anspruchsvollen Umgebungen. Die Montage erfolgt wahlweise bohrfrei über die Tür oder sicher per Wandbefestigung, was eine vielseitige Anpassung an unterschiedliche Raumkonzepte ermöglicht. Zusätzlich bieten zwei integrierte Haken weiteren Platz für Badutensilien oder Kleidung und erhöhen die Funktionalität dieses praktischen Accessoires.;14;22;;product.ops
489688594;78659;8003558101221;SKU-2007106780;8003558101221;47UMOESPB 5325;MILANO Herren Hawaii Hemd Schwarz Orange Gr. L/xL Polyester NEU;Dieses auffällige WIDMANN MILANO Hawaii Hemd mit markantem Flammen-Design ist die perfekte Wahl für Herren, die auf Faschings-, Karnevals- oder Mottopartys einen bleibenden Eindruck hinterlassen möchten. Sein einzigartiges Muster in Schwarz und Orange zieht alle Blicke auf sich und schafft eine unvergleichlich feurige Atmosphäre für jede Veranstaltung. Gefertigt aus leichtem Polyester, bietet dieses kurzärmlige Hemd einen außergewöhnlich hohen Tragekomfort, selbst bei langen Festivitäten. Der lässige V-Ausschnitt und der lockere Schnitt garantieren optimale Bewegungsfreiheit sowie ein angenehmes Gefühl auf der Haut. Ergänzen Sie dieses einzigartige Hemd mühelos mit weiteren Accessoires, um Ihr individuelles Outfit perfekt abzurunden. Das pflegeleichte Material macht es zu einem praktischen Begleiter für jede thematische Veranstaltung und sorgt für langanhaltende Freude und einfache Pflege.;4;22.68;;product.ops
489688634;78659;8003558101238;SKU-8934718651;8003558101238;10123;Widmann Herren Kostümhemd Schwarz Orange Gr.xxL Polyester 10123 NEU;Dieses Widmann Kostümhemd für Herren besticht durch sein auffälliges Flammen-Design in leuchtendem Schwarz und Orange. Es ist die perfekte Wahl für Themenpartys, Karneval, Fasching oder Halloween und sorgt für einen unvergesslichen Auftritt. Gefertigt aus hochwertigem, leichtem Polyester, bietet dieses Hemd hervorragenden Tragekomfort und ist zudem besonders pflegeleicht. Der bequeme Schnitt gewährleistet optimale Bewegungsfreiheit, selbst bei langen Festlichkeiten. Die detailreiche Ausführung des dynamischen Flammenmusters verleiht jedem Outfit eine authentische und lebendige Ausstrahlung. Dieses vielseitige Partyhemd lässt sich ideal mit verschiedenen Accessoires kombinieren, um Ihr individuelles Feuer-Thema stilvoll zu ergänzen.;1;27.99;;product.ops
489688704;78659;80035581118830;SKU-3425228384;8003558118830;;Widmann Herren Schlaghose Pink Gr. L/xL Polyester NEU;Tauchen Sie ein in die glamouröse Welt der 70er Jahre mit dieser authentischen Schlaghose von Widmann, perfekt für Mottopartys, Karneval oder Disco-Events. Sie garantiert einen unverwechselbaren Retro-Look und macht Sie zum strahlenden Mittelpunkt jeder festlichen Veranstaltung. Die Hose besticht durch ihre leuchtend pinke Farbe und den charakteristischen weiten Schlag, der das ikonische Design der Disco-Ära widerspiegelt. Gefertigt aus hochwertigem, leichtem Polyester bietet sie optimalen Tragekomfort und uneingeschränkte Bewegungsfreiheit, ideal für lange Tanznächte. Kombinieren Sie diese auffällige Hose mühelos mit einem farbenfrohen Hemd und passenden Plateauschuhen, um Ihr 70er-Jahre-Outfit zu perfektionieren. Erleben Sie den Geist der Siebziger und tanzen Sie stilvoll durch die Nacht, während Sie alle Blicke auf sich ziehen.;1;24.81;;product.ops
488068691;78659;8004815313234;SKU-1316800430;8004815313234;97901-038;Auffahrkeil für Wohnmobil Wohnwagen 97901-038 2er Set 3-Stufen Gra Fiamma;Die Fiamma Level Up Auffahrkeile ermöglichen eine präzise 3-Stufen-Nivellierung für Wohnmobile und Wohnwagen. Sie gewährleisten einen stabilen und sicheren Stand auf jedem Stellplatz, selbst auf unebenem Gelände. Gefertigt aus robustem, UV-beständigem Kunststoff, sind diese Keile extrem langlebig und widerstandsfähig gegen diverse Witterungseinflüsse. Ihre rostfreie und leicht zu reinigende Beschaffenheit sichert eine lange Nutzungsdauer. Die rutschfeste Oberfläche bietet optimalen Halt für Fahrzeuge bis 5,0 Tonnen und verhindert effektiv ungewolltes Wegrollen. Dieses praktische 2er-Set sorgt für eine schnelle und unkomplizierte Ausrichtung Ihres Fahrzeugs, was einen entspannten Aufenthalt ermöglicht.;1;33.4;;product.ops
489027192;78659;8019606021557;SKU-4777479586;8019606021557;D230S;GIVI Windschild Rauchgrau Kunststoff D230S NEU;Das GIVI Windschild D230S wurde speziell für BMW F650 Modelle der Baujahre 1994-1996 entwickelt, um den Fahrkomfort signifikant zu erhöhen. Es bietet optimalen Windschutz und minimiert Turbulenzen, was besonders auf längeren Fahrten spürbar ist. Die rauchgraue Tönung reduziert effektiv Blendeffekte und verleiht Ihrem Motorrad gleichzeitig eine sportliche und ansprechende Ästhetik. Gefertigt aus hochwertigen, widerstandsfähigen Materialien, garantiert dieses Windschild eine außergewöhnliche Langlebigkeit und zuverlässige Performance unter allen Bedingungen. Die Montage des Windschilds gestaltet sich unkompliziert und ermöglicht einen schnellen, direkten Austausch gegen das Originalteil. Eine im Lieferumfang enthaltene Allgemeine Betriebserlaubnis (ABE) gewährleistet zudem eine problemlose und legale Straßenzulassung in Deutschland.;1;110.5;;product.ops
499990525;78659;8033805473085;SKU-1000000008;8033805473085;MODP0035;Calzedonia Damen Leggings Schwarz Gr. S/M Microfaser MODP0035 NEU;Diese Calzedonia Microfaser Leggings bieten exzellenten Tragekomfort und eine makellose Passform für den täglichen Gebrauch. Sie schmiegen sich sanft an die Haut an und gewährleisten ein durchweg angenehmes Gefühl über den gesamten Tag hinweg. Das nahtlose Design und die Skinny Fit Passform kreieren eine schmeichelhafte Silhouette und maximale Bewegungsfreiheit. Mit einer blickdichten Dichte von 100 Denier sind diese Leggings vielseitig einsetzbar, sowohl solo als auch unter Röcken oder Kleidern. Die elegante schwarze Farbe macht sie zu einem unverzichtbaren Basic, das sich mühelos in jede Garderobe integrieren lässt. Gefertigt aus hochwertiger Microfaser, verspricht dieses Modell Langlebigkeit und Formbeständigkeit für anhaltende Freude.;1;19;;product.ops
489183973;78659;8088208802015;SKU-6543182729;;;AR HOME Spannbettlaken Gr. 140x200cm 80% Baumwolle 20% Recycelte;Dieses AR HOME Spannbettlaken in elegantem Beige bietet eine ideale Kombination aus Komfort und Nachhaltigkeit für Matratzen der Größe 140x200 cm. Es sorgt für ein angenehmes Schlafgefühl und trägt aktiv zum Umweltschutz bei, da es aus 80% Baumwolle und 20% recycelter Baumwolle gefertigt ist. Eine Fadendichte von 144 garantiert eine besonders weiche Haptik und bemerkenswerte Strapazierfähigkeit, die auch nach vielen Wäschen erhalten bleibt. Die elastischen Ränder gewährleisten einen perfekten, faltenfreien und rutschfesten Sitz auf Ihrer Matratze, sodass das Laken stets glatt bleibt. Die Pflege des AR HOME Spannbettlakens ist denkbar einfach, da es maschinenwaschbar und trocknergeeignet ist, was es zu einer äußerst praktischen Ergänzung für jedes Schlafzimmer macht. Sein zeitloses, einfarbiges Design in Beige fügt sich harmonisch in jede Schlafzimmereinrichtung ein und schafft eine beruhigende Atmosphäre.;1;17.99;;product.ops
489184098;78659;81715585302754;SKU-3938831828;8715585302754;X0023LNTRD;PandaEar Essen lernen Esslernset x0023LNTRD Babys und Kleinkinder NEU;Das PandaEar Baby Esslernset aus lebensmittelechtem Silikon unterstützt Ihr Kind optimal beim Übergang zur Beikost. Alle Komponenten sind zu 100% BPA- und Phthalat-frei, um höchste Sicherheit und Wohlbefinden für Ihr Baby zu gewährleisten. Die innovativen Teller sind mit einem starken Saugnapf ausgestattet, der ein Verrutschen effektiv verhindert und so für weniger Unordnung am Esstisch sorgt. Ergonomisch geformtes Besteck mit weichen Silikongriffen fördert die Entwicklung der Feinmotorik und erleichtert kleinen Händen das selbstständige Essen. Dieses umfassende 2er Set bietet alles, was kleine Esser für eine erfolgreiche und saubere Mahlzeit benötigen. Zudem ist das gesamte Esslernset vollständig spülmaschinenfest, was eine mühelose Reinigung nach jeder Mahlzeit ermöglicht und Ihnen wertvolle Zeit im Alltag spart.;1;18.95;;product.ops
476389691;78659;81717285233178;SKU-5764056320;8717285233178;20104-F;Good Morning Bettwäsche-Set 20104-F Baumwolle 155x220cm Sand NEU;Die Good Morning Flanell Bettwäsche BERNARDUS in warmen Sandtönen bietet höchsten Schlafkomfort und schafft eine gemütliche Atmosphäre in Ihrem Schlafzimmer. Sie ist aus weicher, wärmender Baumwolle gefertigt, ideal für kühle Nächte und sorgt für ein angenehmes Hautgefühl. Das elegante Karomuster verleiht jedem Raum eine stilvolle Note und lässt sich vielseitig kombinieren. Dadurch fügt es sich nahtlos in diverse Einrichtungsstile ein und wertet Ihr Ambiente auf. Diese Bettwäsche ist OEKO-TEX Standard 100 zertifiziert, was eine schadstofffreie Produktion und ein sicheres Schlafumfeld garantiert. Ihre pflegeleichten Eigenschaften ermöglichen eine einfache Reinigung und schnelle Wiederverwendung, sodass Sie lange Freude an diesem Qualitätsprodukt haben.;1;59.99;;product.ops
480589133;78659;83e404aa-90ab-4ebe-a933-039625bb1df9;SKU-7193466241;193905429257;3YM61AE;HP 3YM61AE Tintenpatrone 2ml Schwarz NEU;Die originale HP 305 Tintenpatrone in Schwarz liefert gestochen scharfen Text und zuverlässige Ergebnisse für Ihre HP Drucker. Sie ist speziell entwickelt, um konsistente Qualität und eine beeindruckende Leistung bei jedem Ausdruck zu gewährleisten. Diese Patrone ist optimal auf eine Vielzahl von HP DeskJet und ENVY Druckern abgestimmt, darunter Modelle der Serien 2700, 2700e, 2730, 4100, 4100e, 6000e, 6010, 6020, 6022, 6030, 6032, 6400e, 6420, 6420e, 6422. Der einfache Austausch sorgt für eine schnelle Wiederaufnahme Ihrer Druckaufgaben, ohne Kompromisse bei der Druckqualität. Vertrauen Sie auf die bewährte HP Originalqualität, um Dokumente mit tiefschwarzem Text und klaren Grafiken zu erstellen. Mit einer Standardreichweite von ca. 120 Seiten ist diese Tintenpatrone eine effiziente Lösung für den täglichen Gebrauch im Büro oder zu Hause.;1;32.39;;product.ops
489027162;78659;8435017325303;SKU-9037226717;8435017325303;047353;JOSE TORRES Gitarrenhülle JTB-100 für Klassische Konzertgitarre 4/4 Schwarz;Die JOSE TORRES Gitarrenhülle JTB-100 bietet optimalen Schutz für klassische Konzertgitarren der Größe 4/4. Sie gewährleistet einen sicheren Transport und bewahrt Ihr Instrument zuverlässig vor Stößen, Kratzern und Staub. Gefertigt aus robustem Textilmaterial, überzeugt diese hochwertige Hülle durch sorgfältige Verarbeitung und garantiert eine lange Lebensdauer. So bleibt Ihre Gitarre stets in bestem Zustand, geschützt vor den Herausforderungen des täglichen Gebrauchs und unterwegs. Das leichte Design und der ergonomische Tragegriff machen die Hülle besonders komfortabel und ideal für Musiker auf Reisen. Eine praktische Außentasche bietet zusätzlichen Stauraum für Zubehör und Noten, was die Funktionalität dieser stilvollen Gitarrenhülle abrundet.;2;35;;product.ops
489184354;78659;849e919f-0898-4df7-8fbb-e141c351cba4;SKU-2969022222;;C04-061-04;DUNSOO Badteppich C04-061-04 120cm Gr. 70x120cm Mikrofaser Grau NEU;Der DUNSOO Badteppich in elegantem Grau ist eine stilvolle und funktionale Ergänzung für jedes moderne Badezimmer. Er bietet luxuriösen Komfort unter den Füßen und schafft ein trockenes, sicheres Ambiente nach dem Duschen oder Baden. Gefertigt aus hochwertiger Mikrofaser, zeichnet sich dieser Badteppich durch außergewöhnliche Saugfähigkeit und eine angenehm weiche Oberfläche aus. Die integrierte rutschfeste Unterseite gewährleistet einen sicheren Stand auf glatten Fliesen und minimiert effektiv das Risiko von Ausrutschern. Mit seinen großzügigen Abmessungen von 70x120 cm bietet der rechteckige Teppich eine optimale Abdeckung des Bodenbereichs. Für eine einfache und hygienische Pflege ist der Badteppich problemlos maschinenwaschbar, wodurch er stets frisch und sauber bleibt.;1;19.54;;product.ops
467533471;78659;85020cb2-38be-42d7-a2d1-bb5aa92d9e36;SKU-5952589845;;3709;Unbekannt Einhandfräse Silber Türkis Schwarz Kunststoff/Metall 3709;Diese Einhandfräse ist ein leistungsstarkes Elektrowerkzeug, das speziell für präzise Holzbearbeitungsprojekte entwickelt wurde. Sie ermöglicht die exakte Gestaltung von Kanten, Nuten und Profilen, um Werkstücken ein hochwertiges Finish zu verleihen. Das robuste Gerät verfügt über eine doppelte Isolierung, die maximale Sicherheit während des Betriebs gewährleistet und eine lange Lebensdauer unterstützt. Sein kompaktes und ergonomisches Design erleichtert präzises Arbeiten auch in schwer zugänglichen Bereichen. Die konstante Leistung von 220V/50-60Hz garantiert zuverlässige Fräsergebnisse auf verschiedenen Holzarten und Materialien. Diese Einhandfräse ist sofort einsatzbereit und eine wertvolle Ergänzung für jede Werkstatt.;1;65;;product.ops
497025814;78659;8712026440952;SKU-8529737282;8712026440952;;Boland Poncho Damen Gr. Einheitsgröße 100% Polyester Braun NEU;Dieser Boland Damen Poncho ist die perfekte Wahl für Karneval, Fasching oder jede Mottoparty. Er ermöglicht eine schnelle Verwandlung in eine authentische Indianerin oder einen stylischen Hippie. Gefertigt aus 100% strapazierfähigem Polyester, bietet der Poncho hohen Tragekomfort und ist gleichzeitig robust für ausgelassene Feiern. Die detailreiche Gestaltung mit Fransen und dekorativen Perlen sorgt für einen überzeugenden und ansprechenden Look. Dank der praktischen Einheitsgröße passt dieses vielseitige Kostüm den meisten Erwachsenen optimal. Das unkomplizierte An- und Ausziehen garantiert ein unbeschwertes und stilvolles Feiern.;1;16.99;;product.ops
489688891;78659;8712026447449;SKU-3582144495;8712026447449;44744;Boland UnisexErwachsene Schlaghose Regenbogen Gr. M/L 100% Polyester 44744;Diese Boland Regenbogen Schlaghose ist das ideale Kleidungsstück für unvergessliche Auftritte auf Faschings-, Karnevals- oder Mottopartys. Ihr glänzendes, farbenfrohes Design im authentischen 70er-Jahre-Stil sorgt garantiert für ausgelassene Stimmung und maximale Aufmerksamkeit. Gefertigt aus 100% Polyester bietet die Hose einen hohen Tragekomfort und ist gleichzeitig äußerst robust sowie pflegeleicht. Der bequeme Schnitt mit weitem Schlag gewährleistet optimale Bewegungsfreiheit, damit Sie unbeschwert tanzen und ausgelassen feiern können. Das vielseitige Unisex-Design macht diese Schlaghose zu einer hervorragenden Wahl für Damen und Herren gleichermaßen. Kombinieren Sie sie mit passenden Accessoires, um Ihr Disco-Outfit perfekt abzurunden und die Tanzfläche stilvoll zu erobern.;1;12.95;;product.ops
489688890;78659;8712364370409;SKU-6835511556;8712364370409;503221;Funny Fashion Damen Kostüm Beige Gr. EU 44-46 100% Polyester 503221 NEU;Tauchen Sie ein in die aufregende Welt des Dschungels mit dem Funny Fashion Jungle Julia Kostüm, das speziell für abenteuerlustige Erwachsene konzipiert wurde. Dieses authentische Safari-Outfit ist die ideale Wahl für Karneval, lebhafte Mottopartys oder thematische Veranstaltungen. Das Set beinhaltet ein komfortables Kleid im Safari-Stil und einen perfekt abgestimmten Gürtel mit Animalprint, die zusammen den charakteristischen Look ideal abrunden. Gefertigt aus 100% hochwertigem Polyester, bietet es ein angenehmes Tragegefühl und ist gleichzeitig robust genug für lange Eventnächte voller Spaß. Der Lieferumfang umfasst das detailreiche Kleid mit kurzen Ärmeln und Knopfleiste sowie den auffälligen Gürtel, die für eine authentische Darstellung sorgen. Dank seiner einfachen Pflege und der langlebigen Qualität werden Sie lange Freude an diesem einzigartigen und auffälligen Outfit haben.;2;32.99;;product.ops
467527298;78659;8717475102703;SKU-7333529126;8717475102703;310-0237;Außenspiegel Rechts für Ford Transit V363 TYC 310-0237 elektrisch NEU;Dieser hochwertige TYC Außenspiegel wurde speziell für den Ford Transit V363 ab Baujahr 2013 entwickelt und garantiert eine präzise Passform für die rechte Fahrzeugseite. Er ist elektrisch verstellbar und verfügt über eine integrierte Heizfunktion, die stets für klare Sicht bei allen Witterungsbedingungen sorgt. Die integrierte Blinkleuchte erhöht zudem die Sicherheit im Straßenverkehr, indem sie Richtungswechsel deutlich signalisiert. Als direkter Ersatz für das Originalteil ermöglicht dieser Spiegel eine unkomplizierte Plug-and-Play-Installation. Die robuste Bauweise gewährleistet eine lange Lebensdauer und zuverlässige Funktionalität im täglichen Einsatz. Mit seiner schwarzen Oberfläche fügt sich der Spiegel nahtlos in das Fahrzeugdesign ein und stellt die ideale Lösung zur Wiederherstellung der vollständigen Funktionalität dar.;1;85;;product.ops
467478016;78659;8718042150288;SKU-3341294632;8718042150288;0030119A;Ladeluftkühler Vorne für BMW 3er NRF 0030119A NEU;"Der NRF Ladeluftkühler 0030119A ist speziell für BMW Fahrzeuge konzipiert, um die Motorleistung und Effizienz zu optimieren. Er sorgt für eine effektive Kühlung der Ladeluft, was zu einer verbesserten Verbrennung und einer gesteigerten Fahrdynamik führt. Dieses hochwertige Bauteil wird unter Anwendung der NRF ""THE ART OF COOLING"" Expertise gefertigt, was höchste Zuverlässigkeit und eine lange Lebensdauer gewährleistet. Die präzise Konstruktion ermöglicht eine unkomplizierte und schnelle Installation, um die volle Leistungsfähigkeit Ihres BMW wiederherzustellen. Die bewährte NRF Markenqualität schützt den Motor zuverlässig vor Überhitzung und sichert konstante Höchstleistung unter allen Betriebsbedingungen. Dieser Ladeluftkühler trägt maßgeblich zur Stabilität und Effizienz des Motors bei, indem er die Ladelufttemperatur optimal reguliert.";1;113.66;;product.ops
480589246;78659;8719115000028;SKU-8798489036;8719115000028;U2664-4KU;Calvin Klein Herren Boxershorts Mehrfarbig Gr. L Baumwoll-Stretch U2664-4KU;Diese Calvin Klein Low Rise Trunks bieten dank ihres klassischen Schnitts und des hochwertigen Baumwoll-Stretch-Materials optimalen Tragekomfort. Das praktische 3er-Pack ist ideal für den täglichen Gebrauch und überzeugt durch seine hervorragende Formbeständigkeit. Die Boxershorts sind aus einer erstklassigen Baumwollmischung mit Stretch-Anteil gefertigt, was eine angenehme Haptik und maximale Bewegungsfreiheit garantiert. Der moderne Low Rise Schnitt sorgt für eine zeitgemäße Silhouette und einen sicheren Sitz, der den ganzen Tag über hält. Die pflegeleichten Materialien gewährleisten eine lange Haltbarkeit sowie Farbbeständigkeit, selbst nach häufigem Waschen. Mit dem ikonischen Calvin Klein Logo auf dem Bund setzen diese Trunks ein stilvolles Statement unter jeder Kleidung.;1;44.99;;product.ops
489184292;78659;8720245556002;SKU-7977735758;8720245556002;701226397003040;Puma Herren Boxershorts Grau Schwarz Gr.xL Baumwolle 701226397003040 NEU;Diese Puma Boxershorts für Herren bieten optimalen Komfort und eine hervorragende Passform für den täglichen Gebrauch. Gefertigt aus atmungsaktiver Bio-Baumwolle, sorgen sie für ein angenehmes Hautgefühl den ganzen Tag über. Das elastische Material ist dehnbar und formbeständig, was eine hohe Bewegungsfreiheit und lange Haltbarkeit gewährleistet. Sie passen sich der Körperform an und ermöglichen gleichzeitig eine gute Luftzirkulation. Im praktischen 2er-Pack erhältlich, sind diese Boxershorts eine ideale Ergänzung für jede Herrengarderobe. Der weiche Komfortbund sorgt für zusätzlichen Halt ohne einzuschneiden und verspricht eine lange Lebensdauer durch hochwertige Verarbeitung.;1;19.99;;product.ops
492851071;78659;8720389034565;SKU-7514362439;8720389034565;NA331/00;Philips Heißluftfritteuse RapidAir Plus 6.2L NEU;Der Philips Airfryer 3000 Series NA331/00 revolutioniert das Kochen mit seiner fortschrittlichen RapidAir Plus Technologie. Er ermöglicht das Frittieren, Backen, Grillen und Braten mit wenig bis gar keinem Öl für gesündere Mahlzeiten. Mit einer Leistung von 1700 Watt und einem großzügigen Fassungsvermögen von 6,2 Litern bereiten Sie mühelos Speisen für die ganze Familie zu. Die intuitive Bedienung und die schnelle Aufheizzeit machen ihn zum idealen Küchenhelfer für den Alltag. Dieses vielseitige Gerät bietet eine präzise Temperaturregelung bis 200°C und sorgt für gleichmäßige Garergebnisse bei jeder Anwendung. Entdecken Sie eine neue Art des Kochens, die Geschmack und Gesundheit perfekt kombiniert.;1;189.57;;product.ops
499991432;78659;8720644940723;SKU-4500500397;8720644940723;DWODW16389;TOMMY JEANS Damen Zip-Off Cargo Hose Faded Willow Gr. S Nylon NEU;Diese TOMMY JEANS Zip-Off Cargo Hose bietet optimalen Komfort und einen modernen Stil für den täglichen Gebrauch. Ihr innovatives Design ermöglicht eine flexible Anpassung an verschiedene Wetterbedingungen und individuelle Looks. Gefertigt aus einer Mischung mit 50% recyceltem Nylon, bietet dieses Modell hohe Strapazierfähigkeit und leistet einen wertvollen Beitrag zur Nachhaltigkeit. Die ansprechende Faded Willow Farbgebung verleiht der Hose einen zeitgemäßen und vielseitigen Charakter, der sich leicht kombinieren lässt. Ausgestattet mit mehreren praktischen Cargotaschen, bietet sie ausreichend sicheren Stauraum für persönliche Gegenstände und wichtige Utensilien. Die komfortable Regular Fit Passform in Größe S garantiert hohen Tragekomfort und macht sie zum idealen Begleiter für aktive Tage und entspannte Momente.;1;71.99;;product.ops
489184725;78659;8720646475988;SKU-9255560092;8720646475988;MW0MW34388 DW5;Tommy Hilfiger Herren T-Shirt Dunkelblau Gr. L 100% Baumwolle NEU;Das Tommy Hilfiger Herren T-Shirt in Dunkelblau besticht durch sein markantes Global Stripe Wreath Logo auf der Brust. Es vereint klassisches Design mit modernen Akzenten und ist eine stilvolle Ergänzung für jede Herrengarderobe. Gefertigt aus 100% reiner Baumwolle, bietet dieses T-Shirt einen außergewöhnlich weichen Griff und optimale Atmungsaktivität. Der moderne Slim Fit Schnitt sorgt dabei für eine schmeichelhafte Passform, die sowohl stylisch als auch bequem ist. Dieses vielseitige T-Shirt ist ideal für Freizeitaktivitäten oder entspannte Anlässe und lässt sich mühelos kombinieren. Die hochwertige Verarbeitung garantiert zudem Langlebigkeit und Formbeständigkeit, selbst nach wiederholtem Waschen.;1;59.99;;product.ops
488047821;78659;8720646487387;SKU-1041108089;8720646487387;MWOMW34388 YBR;Tommy Hilfiger Herren T-Shirt Weiß Gr. L Baumwolle NEU;Das Tommy Hilfiger Global Stripe Wreath T-Shirt für Herren ist ein vielseitiges Basic, perfekt für den Alltag und entspannte Anlässe. Es bietet optimalen Tragekomfort und eine exzellente Passform, die jede Aktivität mühelos begleitet. Das markante Global Stripe Wreath Logo auf der Brust setzt einen unverkennbaren Akzent und unterstreicht die authentische Markenidentität. Gefertigt aus hochwertiger, reiner Baumwolle, gewährleistet dieses T-Shirt Langlebigkeit und eine hervorragende Formbeständigkeit. Dieses pflegeleichte Kleidungsstück behält seine Qualität und Farbe auch nach häufigem Waschen bei, was es zu einem dauerhaften Begleiter macht. Es ist eine zeitlose Ergänzung für jede Garderobe, die stets aktuell bleibt und sich vielseitig kombinieren lässt.;1;29.95;;product.ops
493982950;78659;8720672452137;SKU-9245031381;8720672452137;PPS2408801;PME LEGEND Herren Poloshirt Dunkelblau Gr. M NEU;Das PME Legend Herren Langarm Poloshirt in Dunkelblau bietet zeitlosen Stil und hohen Tragekomfort für den modernen Mann. Es ist ideal für vielseitige Freizeit-Looks und lässt sich mühelos in jede Herrengarderobe integrieren. Dieses hochwertige Poloshirt zeichnet sich durch sorgfältige Verarbeitung und eine bequeme Regular Fit Passform in Größe M aus. Die eindeutige Artikelnummer PPS2408801 garantiert die Authentizität und bewährte Qualität von PME Legend. Als unverzichtbares Basic der American Classic Kollektion vereint es lässigen Chic mit beeindruckender Langlebigkeit. Genießen Sie die Vielseitigkeit und den Komfort dieses stilvollen Kleidungsstücks bei jeder Gelegenheit.;2;47.95;;product.ops
493973829;78659;8720672452144;SKU-4465818458;8720672452144;PPS2408801;PME LEGEND Herren Poloshirt Dunkelblau Gr. L 100% Baumwolle Piqué NEU;Das PME Legend Herren Poloshirt in Dunkelblau vereint stilvolle Eleganz mit hohem Tragekomfort für den modernen Mann. Dieses vielseitige Kleidungsstück ist eine ideale Ergänzung für jede Herrengarderobe und ermöglicht mühelose Kombinationen für diverse Anlässe. Gefertigt aus hochwertigem Piqué-Material, besticht dieses Poloshirt durch sein zeitloses Design und eine sorgfältige Verarbeitung. Die robuste Qualität verspricht eine lange Haltbarkeit und garantiert einen anhaltend angenehmen Tragekomfort im Alltag sowie in entspannten Momenten. Mit seiner authentischen Markenqualität und dem unverwechselbaren PME Legend Stil repräsentiert dieses Poloshirt die Marke optimal. Es bietet eine bequeme Regular Fit Passform in Größe L und unterstreicht gekonnt einen individuellen, lässigen Look.;2;47.95;;product.ops
493971485;78659;8720672452151;SKU-3102719705;8720672452151;PPS2408801;PME LEGEND Herren Poloshirt Dunkelblau Gr.xL 100% Baumwolle NEU;Dieses PME Legend Langarm Poloshirt ist aus 100% hochwertiger Baumwolle gefertigt, die eine feine Twill-Textur aufweist. Dies garantiert einen exzellenten Tragekomfort und ein angenehmes Gefühl auf der Haut. Die spezielle Garment-Dye-Färbung verleiht dem Shirt einen authentischen Heritage-Look, der subtil und ansprechend wirkt. Markentypische PME Legend Details unterstreichen den lässigen und stilvollen Auftritt dieses Poloshirts. Es lässt sich mühelos mit Jeans oder Chinos kombinieren und ist somit ideal für diverse Freizeit-Outfits geeignet. Eine robuste Verarbeitung gewährleistet besondere Langlebigkeit und unkomplizierte Pflege für jede anspruchsvolle Herrengarderobe.;3;89.99;;product.ops
493975036;78659;8720672452168;SKU-4862349606;8720672452168;PPS2408801;PME LEGEND Herren Poloshirt Dunkelblau Gr.xxL Baumwolle NEU;Das PME LEGEND Herren Langarm Poloshirt aus der AMERICAN CLASSIC Kollektion ist eine stilvolle Ergänzung für jede moderne Herrengarderobe. Es vereint zeitloses Design mit herausragender Funktionalität und eignet sich ideal für den täglichen Einsatz sowie vielseitige Anlässe. Gefertigt aus reiner, hochwertiger Baumwolle, garantiert dieses Poloshirt einen außergewöhnlich hohen Tragekomfort und optimale Bewegungsfreiheit. Der integrierte ANTI-UV Schutz macht es zum perfekten Begleiter für alle Outdoor-Aktivitäten und schützt zuverlässig vor Sonneneinstrahlung. Dieses pflegeleichte Langarm Poloshirt lässt sich mühelos in verschiedenste Outfits integrieren und ist somit ideal für Freizeit, Sport und entspannte Momente. Sein klassischer Polokragen und die langen Ärmel unterstreichen einen gepflegten und stilvollen Auftritt.;1;89.99;;product.ops
493982185;78659;8720672452250;SKU-8896806933;8720672452250;PPS2408801;PME LEGEND Herren Poloshirt Blau Gr. M NEU;Dieses PME Legend Langarm-Poloshirt für Herren ist die ideale Wahl für anspruchsvolle Herren, die Wert auf Stil und Komfort legen. Gefertigt aus 100% reiner Baumwolle mit einer feinen Piqué-Struktur, bietet es exzellenten Tragekomfort und optimale Atmungsaktivität für den ganzen Tag. Der klassische Polokragen mit Knopfleiste verleiht diesem Shirt eine zeitlose Eleganz, die sowohl für Freizeitaktivitäten als auch für einen sportlich-eleganten Look perfekt geeignet ist. Die reguläre Passform in Größe M sorgt für einen bequemen Sitz und unterstreicht das ansprechende Design, das vielseitig kombinierbar ist. Dieses Modell bewahrt seinen traditionellen Look und bietet gleichzeitig moderne Funktionalität durch das atmungsaktive und hautfreundliche Material. Eine spezielle Waschung sorgt zudem für einen authentischen Heritage-Effekt, der die hochwertige Verarbeitung dieses PME Legend Poloshirts unterstreicht.;2;89.99;;product.ops
493975264;78659;8720672452267;SKU-4906689601;8720672452267;PPS2408801;PME LEGEND Herren Poloshirt Blau Gr. L 100% Baumwolle NEU;Dieses PME Legend Herren Langarm Poloshirt aus 100% Baumwolle vereint zeitloses Design mit herausragendem Tragekomfort für den modernen Mann. Die spezielle Garment-Dye-Waschung verleiht ihm einen dezenten Heritage-Look und sorgt für eine weiche Textur. Dieses hochwertige Poloshirt, Modell PPS2408801 in Größe L, garantiert eine optimale Passform und bietet maximale Bewegungsfreiheit im Alltag. Dank sorgfältiger Verarbeitung und klassischem Schnitt behält es auch nach vielen Wäschen seine Form und Farbe. Das vielseitige Poloshirt lässt sich mühelos mit Jeans, Chinos oder Shorts kombinieren und eignet sich hervorragend für verschiedenste Freizeitaktivitäten. Als unverzichtbares Basic bereichert dieses PME Legend Poloshirt jede Herrengarderobe und unterstreicht einen lässig-eleganten Stil.;1;89.99;;product.ops
493973434;78659;8720672452274;SKU-4129459884;8720672452274;PPS2408801;PME LEGEND Herren Poloshirt Blau Gr.xL Baumwolle NEU;Dieses PME Legend Langarm T-Shirt besticht durch seinen Tragekomfort und das zeitlose Design. Es ist die ideale Ergänzung für eine stilvolle Freizeitgarderobe und überzeugt durch seine hochwertige Verarbeitung aus 100% Baumwolle. Gefertigt aus ausgewählten Baumwollfasern, garantiert dieses Kleidungsstück Langlebigkeit und eine angenehme Haptik auf der Haut. Das Design spiegelt die unverkennbare PME Legend Ästhetik wider, die für Qualität und zeitlosen Charme steht. Perfekt kombinierbar mit Jeans oder Chinos, eignet sich dieses Oberteil hervorragend für diverse Anlässe. Erleben Sie die perfekte Symbiose aus Funktionalität und maskulinem Design, das Komfort für den modernen Mann bietet.;3;50;;product.ops
493974113;78659;8720672452281;SKU-4645470868;8720672452281;PPS2408801;PME LEGEND Herren Poloshirt Dunkelblau Gr.xxL 100% Baumwolle NEU;Dieses PME Legend Langarm-Poloshirt ist aus 100% hochwertiger Baumwolle mit einer feinen Twill-Textur gefertigt. Eine spezielle Garment-Dye-Waschung verleiht dem Artikel einen dezenten Vintage-Look, der seinen einzigartigen Charakter unterstreicht. Das Poloshirt bietet eine komfortable Regular Fit Passform und ist mit signifikanten PME Legend Details versehen, die für eine authentische Note sorgen. Es ist die ideale Wahl für den Alltag und lässt sich dank seines klassischen Designs vielseitig kombinieren. Die hochwertige Verarbeitung garantiert Langlebigkeit und Formbeständigkeit, auch nach häufigem Tragen und Waschen. Kombinieren Sie dieses bequeme Poloshirt mühelos mit PME Legend Jeans oder Chinos für einen stilvollen und entspannten Auftritt.;1;47.95;;product.ops
493965028;78659;8720672457576;SKU-0167269441;8720672457576;PTR2408602-6416;PME Legend Herren Cargohose olive night Baumwolle Elasthan PTR2408602-6416;Die PME Legend Nordrop Cargo Hose für Herren überzeugt durch ihren robusten Stil und hohen Tragekomfort. Sie ist aus hochwertigem Stretch-Twill gefertigt, der eine lange Lebensdauer und Formbeständigkeit gewährleistet. Diese Hose kombiniert praktische Funktionalität mit einem zeitlosen Design, das sich vielseitig kombinieren lässt. Die charakteristischen Cargotaschen bieten ausreichend Stauraum für persönliche Gegenstände. Erleben Sie die perfekte Mischung aus Lässigkeit und Strapazierfähigkeit, die diese Cargohose auszeichnet. Mit ihrer durchdachten Passform in Größe W29 L32 ist sie ein unverzichtbarer Bestandteil Ihrer Garderobe.;1;69.99;;product.ops
493966547;78659;8720672457583;SKU-0606185267;8720672457583;PTR2408602-6416;PME Legend Herren Cargohose Olivgrün Stretch Twill PTR2408602-6416 NEU;Die PME LEGEND Nordrop Cargohose für Herren kombiniert robustes Stretch Twill-Design mit hohem Tragekomfort für den modernen Mann. Sie überzeugt durch ihre hohe Funktionalität und einen authentischen Stil, ideal für Alltag und Freizeit. Als Teil der AMERICAN CLASSIC Kollektion bietet diese Hose eine hervorragende Passform, ergänzt durch sorgfältige Verarbeitung und eine dezente Logo-Stickerei. Gefertigt aus 98% Baumwolle und 2% Elasthan, garantiert sie Langlebigkeit und Formbeständigkeit. Ihr zeitloses Design ermöglicht vielseitige Kombinationsmöglichkeiten und unterstreicht einen lässigen, gepflegten Look. Die funktionalen Cargo-Taschen bieten praktischen Stauraum und machen sie zu einem idealen Begleiter für das ganze Jahr.;1;109.99;;product.ops
493982312;78659;8720672457590;SKU-8923961743;8720672457477;PTR2408602-6416;PME Legend Herren Cargohose Olivgrün Gr. W31 L32 Baumwolle PTR2408602-6416;Die PME LEGEND Nordrop Cargohose für Herren kombiniert robustes Stretch-Twill-Design mit modernem Tragekomfort für den täglichen Gebrauch. Sie bietet eine optimale Passform und ist vielseitig für diverse Aktivitäten einsetzbar. Dieses Modell zeichnet sich durch einen angesagten Tapered Fit aus, der eine schlanke Silhouette am Beinverlauf gewährleistet. Die Hose ist in der Herrengröße W31 L32 verfügbar und gehört zur renommierten AMERICAN CLASSIC Kollektion. Der funktionale Cargo-Stil bietet durch praktische Taschen ausreichend Stauraum und unterstreicht die hohe Vielseitigkeit dieser Hose. Die Materialzusammensetzung aus 97% Baumwolle und 3% Elasthan garantiert dabei Langlebigkeit sowie Pflegeleichtigkeit.;1;69.99;;product.ops
493969717;78659;8720672457606;SKU-2215117275;8720672457606;PTR2408602-6416;PME Legend Herren Cargohose Travertine Gr. W32 L32 Stretch Twill;Die PME Legend Nordrop Cargo Hose für Herren vereint robustes Design mit hohem Tragekomfort. Sie ist ideal für den Alltag und diverse Outdoor-Aktivitäten geeignet. Gefertigt aus strapazierfähigem Stretch-Twill-Gewebe, bietet sie optimale Bewegungsfreiheit und beeindruckende Langlebigkeit. Zudem verfügt die Hose über eine innovative ANTI-UV-Ausrüstung, die zuverlässigen Schutz vor Sonneneinstrahlung bietet. Mit ihrer praktischen Passform und den charakteristischen Cargotaschen ist sie ein äußerst vielseitiges Kleidungsstück. Sie lässt sich hervorragend mit verschiedenen Oberteilen kombinieren und stellt ein unverzichtbares Element jeder Herrengarderobe dar.;1;76.99;;product.ops
493978215;78659;8720672457613;SKU-6508368269;8720672457613;PTR2408602-6416;PME Legend Cargohose PTR2408602-6416 Herren Gr. W33 L32 Stretch Twill;Die PME Legend Nordrop Cargohose für Herren kombiniert robustes Design mit außergewöhnlichem Tragekomfort. Sie ist die ideale Wahl für stilbewusste Männer, die Funktionalität im Alltag schätzen. Gefertigt aus hochwertigem Stretch-Twill-Material, bietet diese Hose optimale Bewegungsfreiheit und eine angenehme Haptik. Der moderne Tapered Fit sorgt für eine zeitgemäße Silhouette, die lässig und gepflegt wirkt. Zahlreiche praktische Cargotaschen bieten ausreichend Stauraum für persönliche Gegenstände und unterstreichen den utilitaristischen Charakter. Eine integrierte Anti-UV-Funktion schützt die Haut effektiv bei längeren Aufenthalten im Freien und macht sie ideal für vielseitige Aktivitäten.;1;109;;product.ops
493983383;78659;8720672457620;SKU-9543142444;8720672457620;PTR2408602-6416;PME Legend Erwachsene Cargohose Olivgrün Gr. W34 L32 Stretch Twill NEU;Diese PME LEGEND Herren Cargohose Nordrop steht für eine perfekte Symbiose aus robustem Design und modernem Tragekomfort, ideal für den stilbewussten Mann im Alltag. Sie ist die optimale Wahl für Herren, die sowohl Wert auf eine ansprechende Optik als auch auf praktische Funktionalität legen. Gefertigt aus hochwertigem Stretch Twill Material bietet die Hose optimale Bewegungsfreiheit und eine angenehme Haptik. Die praktischen Cargo-Taschen, ergänzt durch Seitentaschen und Gesäßtaschen, bieten zudem ausreichend Stauraum für persönliche Gegenstände. Mit ihrer vielseitigen Passform und dem zeitlosen Design lässt sich diese Cargohose mühelos in verschiedene Outfits integrieren und ist somit ein echtes Multitalent. Ob für entspannte Freizeitmomente, Outdoor-Aktivitäten oder den urbanen Alltag, diese Hose ist stets eine stilvolle und langlebige Begleitung dank ihrer hochwertigen Verarbeitung.;1;109.99;;product.ops
493983365;78659;8720672457644;SKU-9495443556;8720672457644;PTR2408602-6416;PME Legend Herren Cargohose Olivgrün Gr. W36 L32 98% Baumwolle 2% Elasthan;Die PME LEGEND Nordrop Cargohose für Herren vereint robustes Design mit herausragendem Tragekomfort. Sie ist die perfekte Wahl für Männer, die Wert auf Qualität und einen lässig-stilvollen Auftritt legen. Dieses Modell präsentiert sich in einem modernen Tapered Fit, welcher eine schmal zulaufende Passform ohne Einschränkung der Bewegungsfreiheit garantiert. Praktische Cargo-Taschen an den Seiten bieten zudem sicheren Stauraum und betonen den funktionalen Charakter der Hose. Die Hose eignet sich hervorragend für den täglichen Gebrauch und lässt sich vielseitig mit verschiedenen Oberteilen kombinieren. Erleben Sie die ideale Kombination aus Strapazierfähigkeit und zeitgemäßem Design, die PME LEGEND auszeichnet und Ihren persönlichen Stil bereichert.;1;100;;product.ops
493965240;78659;8720672457651;SKU-0231755176;8720672457651;PTR2408602-6416;PME Legend Cargohose PTR2408602-6416 Herren 98% Baumwolle 2% Elasthan;Die PME Legend Nordrop Cargohose für Herren kombiniert robustes Design mit außergewöhnlichem Tragekomfort. Sie ist perfekt für stilbewusste Männer, die Funktionalität und ansprechende Ästhetik in ihrer Garderobe schätzen. Dieses Modell zeichnet sich durch einen modernen Tapered Fit aus, der eine schlanke Silhouette am Beinverlauf schafft, ohne die Bewegungsfreiheit einzuschränken. Die präzise Größe W38 L32 gewährleistet eine optimale Passform, die den ganzen Tag über angenehm sitzt und höchsten Komfort bietet. Die vielseitige Cargohose ist für den täglichen Einsatz konzipiert und lässt sich mühelos für Freizeitaktivitäten oder urbane Abenteuer kombinieren. Ihre herausragende Langlebigkeit und das durchdachte Design machen sie zu einem unverzichtbaren Bestandteil jeder modernen Herrengarderobe.;1;109.99;;product.ops
493979932;78659;8720672457682;SKU-7739152864;8720672457682;PTR2408602-6416;PME Legend Herren Cargohose Travertine Gr. W31 L34 Stretch Twill;Die PME Legend Nordrop Cargohose für Herren vereint robustes Design mit modernem Tragekomfort und ist somit ein vielseitiger Begleiter. Sie eignet sich hervorragend für den täglichen Gebrauch sowie für diverse Outdoor-Aktivitäten und bietet dabei stets eine optimale Passform. Gefertigt aus strapazierfähigem Stretch Twill Material, gewährleistet diese Hose exzellente Bewegungsfreiheit und eine beeindruckende Langlebigkeit. Zusätzlich schützt die integrierte Anti-UV-Funktion zuverlässig vor Sonneneinstrahlung, ideal für längere Aufenthalte im Freien. Mit ihrer klassischen Passform und den funktionalen Cargotaschen bietet sie ausreichend Stauraum für persönliche Gegenstände. Diese Hose kombiniert praktische Funktionalität mit dem unverwechselbaren, authentischen Stil, der PME Legend auszeichnet.;1;100;;product.ops
493973542;78659;8720672457705;SKU-4271597760;8720672457705;PTR2408602-6416;PME Legend Herren Cargohose Travertine Gr. W33 L34 Stretch Twill;Die PME Legend Nordrop Cargohose wurde speziell für Herren entwickelt, die Wert auf robustes Design und modernen Tragekomfort legen. Sie präsentiert sich im zeitgemäßen Tapered Fit, der eine schlanke Silhouette schafft, ohne die Bewegungsfreiheit einzuschränken. Gefertigt aus hochwertigem Stretch Twill Material bietet diese Hose eine exzellente Haptik und gewährleistet hohe Strapazierfähigkeit für den täglichen Gebrauch. Die praktischen Cargotaschen bieten nicht nur zusätzlichen Stauraum für persönliche Gegenstände, sondern unterstreichen auch den lässigen Charakter der Hose. Diese vielseitige Cargohose ist ideal für diverse Freizeitaktivitäten und lässt sich mühelos in verschiedene Outfits integrieren. Ein sicherer Verschluss durch Reißverschluss und einen stabilen Knopf garantiert optimalen Halt und eine lange Lebensdauer des Kleidungsstücks.;1;99.99;;product.ops
493979194;78659;8720672457712;SKU-7167329167;8720672457712;PTR2408602-6416;PME Legend Herren Cargohose Olive Night Gr. W34 L34 Stretch Twill NEU;Die PME Legend Nordrop Cargo Hose für Herren überzeugt mit ihrem robusten Design und bietet gleichzeitig höchsten Tragekomfort für den täglichen Gebrauch. Ihre hochwertige Verarbeitung garantiert eine außergewöhnlich lange Lebensdauer und macht sie zu einem zuverlässigen Begleiter in jeder Situation. Diese moderne Cargohose präsentiert sich in einem Tapered Fit, der eine schlanke Silhouette formt, ohne die Bewegungsfreiheit einzuschränken. Gefertigt aus flexiblem Stretch Twill Material, sorgt sie für zusätzliche Flexibilität und ein stets angenehmes Gefühl auf der Haut, ideal für aktive Tage. Praktische Cargotaschen bieten ausreichend Stauraum für persönliche Gegenstände und unterstreichen die hohe Funktionalität dieser Hose. Zudem ist sie mit einer integrierten Anti-UV-Behandlung ausgestattet, die zusätzlichen Schutz bei Sonneneinstrahlung gewährleistet und den Tragekomfort weiter erhöht.;1;109.99;;product.ops
493970758;78659;8720672457736;SKU-2808592829;8720672457736;PTR2408602-6416;PME Legend Herren Cargohose Olive Night Gr. W36 L34 Stretch Twill NEU;Die PME Legend Nordrop Cargo Hose für Herren vereint robusten Stil mit außergewöhnlichem Tragekomfort und ist somit ein vielseitiges Kleidungsstück für den modernen Mann. Ihr moderner Tapered Fit Schnitt sorgt für eine schlanke Silhouette, ohne dabei die Bewegungsfreiheit einzuschränken, was sie ideal für den ganzen Tag macht. Gefertigt aus hochwertigem Stretch Twill Material, garantiert diese Hose eine optimale Passform und beeindruckende Langlebigkeit im Alltag, selbst bei häufigem Gebrauch. Praktische Cargotaschen sind nahtlos integriert und bieten funktionalen Stauraum für persönliche Gegenstände, was den authentischen und praktischen Look zusätzlich unterstreicht. Diese vielseitige Hose ist die ideale Wahl für diverse Freizeit- und Alltagsoutfits, die sowohl auf Stil als auch auf Bequemlichkeit Wert legen und sich mühelos kombinieren lassen. Sie verkörpert die bewährte Qualität und den zeitlosen Stil der American Classic Kollektion von PME Legend, die für ihre strapazierfähigen und modischen Designs bekannt ist.;1;109.99;;product.ops
493983636;78659;8720672543033;SKU-9703955339;8720672543033;2547-SSP;PME Legend Herren Polo Shirt bone white melee Gr.xxL Baumwolle 2547-SSP NEU;Dieses PME Legend Polo Shirt, Modell 2547-SSP, in Größe XXL und der Farbe 'bone white melee' bietet optimalen Komfort für den Alltag. Hergestellt aus hochwertiger Baumwolle, ist es die perfekte Ergänzung für eine stilvolle und zugleich bequeme Garderobe. Die robusten Materialien gewährleisten eine lange Haltbarkeit und ein angenehmes Tragegefühl, ideal für verschiedene Anlässe. Es lässt sich vielseitig kombinieren und ist pflegeleicht, was es zu einem praktischen Begleiter macht. Mit seinem klassischen Design und der sorgfältigen Verarbeitung ist dieses Polo Shirt eine Bereicherung für jede Herrengarderobe. Die atmungsaktive Stoffqualität sorgt zudem für ein angenehmes Klima auf der Haut.;1;39.95;;product.ops
489184620;78659;8720676510376;SKU-2005525534;8720676510376;;Hunkemöller Damen Shapewear Body Schwarz Gr. M NEU;Dieser Hunkemöller Shapewear Body formt Ihre Silhouette optimal unter Kleidern und Röcken und sorgt für ein makelloses Erscheinungsbild. Er strafft gezielt die Oberschenkel und konturiert den gesamten Oberkörper für eine schlanke Linie. Das nahtlose Design macht einen zusätzlichen BH überflüssig und gewährleistet maximalen Komfort sowie eine glatte Optik unter jeder Kleidung. Hergestellt aus 88% Polyamid und 12% Elasthan, bietet dieser Body eine perfekte Passform und optimale Bewegungsfreiheit. Zusätzlich verfügt der Body über einen hervorragenden Po-Push-up-Effekt und reduziert effektiv unerwünschtes Scheuern zwischen den Beinen. Für langanhaltende Form und Elastizität wird die Maschinenwäsche bei 30°C empfohlen, um Materialqualität und Funktionalität zu bewahren.;1;42.9;;product.ops
489688894;78659;8720892260901;SKU-5644516401;8720892260901;;Supplend Nagelpilzbehandlung 1 Stift NEU;Der Supplend Nagelpflegestift bietet eine hochwirksame Lösung zur intensiven Pflege und nachhaltigen Stärkung Ihrer Nägel. Er wurde speziell formuliert, um die natürliche Nagelstruktur effektiv zu regenerieren und so widerstandsfähigere Nägel zu fördern. Diese innovative Formulierung versorgt die Nägel tiefgehend mit essenzieller Feuchtigkeit und wichtigen Nährstoffen, die für ihre Vitalität unerlässlich sind. Sie trägt maßgeblich dazu bei, den Nägeln ein gesundes und gepflegtes Aussehen zurückzugeben und ihre natürliche Schönheit zu betonen. Die Anwendung dieses praktischen Stiftes gestaltet sich denkbar einfach und ist vollständig schmerzfrei, wodurch er sich ideal in die tägliche Pflegeroutine integrieren lässt. Für dauerhaft gesunde, ästhetisch ansprechende und vor Umwelteinflüssen geschützte Nägel wird eine konsequente und regelmäßige Anwendung nachdrücklich empfohlen.;1;19.99;;product.ops
476399956;78659;8b41bda6-bc97-4d34-8644-f081c7d180cb;SKU-2629282795;;;Glosen Schubladenbox NEU;Die Glosen Schubladenbox bietet eine effiziente und stilvolle Lösung zur Organisation Ihrer Dokumente und Büromaterialien. Ihre sieben geräumigen Schubladen schaffen Ordnung auf jedem Schreibtisch und ermöglichen schnellen Zugriff auf wichtige Unterlagen. Gefertigt aus hochwertigem Stahl, garantiert die Schubladenbox Langlebigkeit und Stabilität im täglichen Gebrauch. Ein integriertes Sicherheitsschloss schützt vertrauliche Inhalte zuverlässig vor unbefugtem Zugriff und sorgt so für sichere Aufbewahrung. Das moderne und elegante Design in Silber fügt sich harmonisch in jede Büroumgebung ein und wertet diese optisch auf. Die pflegeleichte Metalloberfläche lässt sich einfach reinigen und behält dauerhaft ihr professionelles Aussehen für eine langanhaltende Ästhetik.;1;65;;product.ops
492851206;78659;8c326f7a-d1df-447c-ab0c-c39d136ac565;SKU-0780623565;4255700152580;BOD17R89GL;TAN.TOMI Hartschalenkoffer BOD17R89GL 27cm 65 Liter Unisex Gr. L ABS 65L;Dieser TAN. TOMI Hartschalenkoffer in Größe L ist der ideale Begleiter für Ihre Reisen und vereint Qualität, Funktionalität sowie ein ansprechendes Design. Mit seinen Maßen von 44x27x66 cm und einem Volumen von 65 Litern bietet er ausreichend Platz für längere Aufenthalte. Gefertigt aus hochfestem ABS-Material, ist dieser Koffer besonders leicht, extrem robust und widerstandsfähig gegen Kratzer, was den optimalen Schutz Ihres Reisegepäcks sicherstellt. Die vier leichtgängigen 360°-Doppelrollen und die langlebigen Reißverschlüsse garantieren eine komfortable Handhabung und eine lange Lebensdauer. Ein integriertes dreistelliges Zahlenschloss schützt Ihre persönlichen Gegenstände zuverlässig vor unbefugtem Zugriff. Der ergonomische Aluminium-Teleskopgriff lässt sich individuell anpassen und das durchdachte Innenleben mit Kreuzpackgurten und einer praktischen Trennwand sorgt für perfekte Ordnung unterwegs.;1;50.9;;product.ops
491627441;78659;9001778410887;SKU-5932239224;9001778410887;41088;Motorrad Abdeckplane für Roller 41088 Aprilia Vespa Kymco V Abdeck;Diese hochwertige WALSER Motorrad Abdeckplane bietet optimalen Schutz für Ihr Zweirad vor vielfältigen Umwelteinflüssen. Sie bewahrt zuverlässig vor Regen, Schnee, Eis und schädlicher UV-Strahlung, um die Langlebigkeit Ihres Fahrzeugs zu sichern. Zusätzlich schützt die Plane effektiv vor Verunreinigungen wie Laub, Vogelkot, Pollen und Staub, wodurch der Reinigungsaufwand minimiert wird. Das robuste PVC-Material garantiert dabei eine hohe Widerstandsfähigkeit und dauerhaften Schutz unter allen Bedingungen. Praktische Details wie stabile Ringe für eine Diebstahlsicherung und elastische Nähte gewährleisten einen sicheren und festen Sitz. Ein integriertes Sichtfenster für das Kennzeichen sowie eine handliche Aufbewahrungstasche ergänzen das durchdachte Design ideal.;5;38.95;;product.ops
491627999;78659;9002759957889;SKU-5602954541;9002759957889;95788;Tischleuchte 165mm Innenbereich Vintage-Design Kompakte Bauweise NEU;Die EGLO Carlton 2 Tischleuchte vereint stilvolles Vintage-Design mit moderner Funktionalität und schafft eine besonders gemütliche Atmosphäre. Gefertigt aus hochwertigem Metall und Stoff, besticht diese Leuchte durch ihre robuste Langlebigkeit und ästhetische Anziehungskraft. Diese elegante Nachttischlampe ist mit einer E14-Fassung ausgestattet und unterstützt Leuchtmittel bis maximal 60 Watt, was vielseitige Beleuchtungsmöglichkeiten eröffnet. Dank ihrer kompakten Maße von Ø 165mm und H 305mm sowie der Schutzart IP20 eignet sie sich ideal für den gesamten Innenbereich. Sie ist die perfekte Ergänzung für jedes Schlafzimmer oder Wohnzimmer, wo sie als stimmungsvolle Lichtquelle dient und stilvolle Akzente setzt. Eine Herstellergarantie von zwei Jahren unterstreicht die hohe Qualität und Zuverlässigkeit dieses EGLO Markenprodukts.;1;23.85;;product.ops
465280624;78659;9132580602006;SKU-8036579486;9132580602006;;CECIRA Küchenarmaturen NEU;Die CECIPA Küchenarmatur in elegantem Schwarz bereichert jede moderne Küche mit Stil und hoher Funktionalität. Ihre integrierte Ausziehbrause bietet maximale Flexibilität beim Spülen und Reinigen von Geschirr sowie Lebensmitteln. Gefertigt aus hochwertigem Messing, garantiert diese Armatur Langlebigkeit und eine angenehme Haptik im täglichen Gebrauch. Die präzise Einhebelsteuerung sowie der schwenkbare Auslauf erhöhen den Bedienkomfort erheblich und ermöglichen eine einfache Anpassung von Temperatur und Wassermenge. Dank der unkomplizierten Einlochmontage ist die Installation schnell erledigt und erfordert minimalen Aufwand. Der vollständige Lieferumfang mit allen benötigten Befestigungsmaterialien und flexiblen Anschlussschläuchen sorgt für eine reibungslose Einrichtung und langfristige Zufriedenheit.;1;44.88;;product.ops
467533469;78659;914f7e36-2a57-4a6c-94e3-441532afad65;SKU-3988740005;4250983259612;8-01-012830;Offgridtec 8-01-012830 Sammelschiene Schwarz NEU;Die Offgridtec Heavy Duty Sammelschiene M8 bietet eine extrem robuste und sichere Lösung für die effiziente Stromverteilung in anspruchsvollen Umgebungen. Sie optimiert die elektrische Infrastruktur Ihrer Anlage und gewährleistet höchste Betriebssicherheit unter extremen Bedingungen. Gefertigt aus widerstandsfähigem Glasfaser-Nylon und nickelbeschichtetem Messing, schützt diese isolierte BusBar Box Ihr System zuverlässig vor Kurzschlüssen und externen Einflüssen. Mit vier M8 Anschlussbolzen ermöglicht sie eine vielseitige Integration in Marine-, Wohnmobil- und Solaranlagen. Der Lieferumfang umfasst eine Offgridtec Heavy Duty Sammelschiene M8, die sofort einsatzbereit ist. Profitieren Sie von der bewährten Offgridtec Qualität und unserem umfassenden Support für langfristige Betriebssicherheit und Zufriedenheit.;1;543.14;;product.ops
489185872;78659;9368205000005;SKU-0457243849;9368205000005;BTFW2329;Blue Tomato Herren Weste Schwarz Gr. L Polarfleece BTFW2329 NEU;Die Blue Tomato 23Reversible Polar Weste bietet vielseitigen Schutz und hohen Komfort für kühle Tage. Ihr innovatives Wendedesign erlaubt es, den Look im Handumdrehen anzupassen und stets flexibel auf wechselnde Bedingungen zu reagieren. Gefertigt aus hochwertigem Polarfleece-Material, garantiert diese Weste hervorragende Isolation und ein angenehm weiches Tragegefühl auf der Haut. Sie ist die ideale Wahl für diverse Outdoor-Aktivitäten oder als effektive, wärmende Zwischenschicht unter einer Jacke. Praktische Taschen bieten sicheren Stauraum für persönliche Gegenstände, während die robuste Verarbeitung Langlebigkeit und Strapazierfähigkeit im Alltag gewährleistet. Diese Weste kombiniert maximale Funktionalität mit einem modernen Design, das optimalen Begleitschutz bietet.;1;49.95;;product.ops
499992301;78659;9504579178456;SKU-1665721376;9504579178456;PARIS;7 O’Clock Glas-Set NEU;Das 7 O’Clock Paris Glas-Set bietet eine perfekte Kombination aus stilvollem Design und hoher Funktionalität für den täglichen Gebrauch. Es ist die ideale Ergänzung für jede Küche und jeden gedeckten Tisch, passend für Wasser, Saft, Limonade oder Eistee. Dieses umfassende 15-teilige Set beinhaltet eine großzügige Karaffe mit 1550 ml Fassungsvermögen und zwölf geriffelte Gläser in zwei praktischen Größen, ergänzt durch zwei Gläser mit Glasdeckel. Alle Komponenten sind aus hochwertigem, 3 mm starkem Glas gefertigt, was Stabilität und Langlebigkeit gewährleistet. Die Reinigung des Sets ist dank seiner Spülmaschinenfestigkeit besonders unkompliziert und zeitsparend. Das elegante Riffeldesign verleiht dem Set eine zeitlose Ästhetik, die sowohl funktional als auch dekorativ in modernen Haushalten überzeugt.;1;69.94;;product.ops
492851312;78659;9598aed7-fe7a-426e-afcc-08ca0d925270;SKU-0026867017;;;LESBJFDM Tattoo Armlehne NEU;Diese professionelle Tattoo Armlehne bietet Tätowierern eine stabile und komfortable Arbeitsfläche für präzises Arbeiten. Sie ist ideal für den Einsatz in Studios sowie für mobile Tätowierungen und gewährleistet optimale Unterstützung bei langen Sitzungen. Die extra große Auflagefläche ermöglicht eine bequeme Positionierung von Armen und Beinen des Kunden, was längere Sitzungen erheblich erleichtert. Dank ihrer Höhenverstellbarkeit und einer flexiblen 340°-Drehfunktion passt sich die Armlehne präzise an individuelle Bedürfnisse an. Die robuste Schwerlastkonstruktion aus hochwertigem Edelstahl und strapazierfähigem PU-Leder garantiert hohe Stabilität und Langlebigkeit. Ihre transportable Bauweise macht sie zu einem unverzichtbaren Werkzeug für jeden Tätowierer, der Flexibilität und zuverlässige Leistung schätzt.;1;43.99;;product.ops
489185849;78659;992c90f7-4b46-4306-8849-68b584459a4d;SKU-2574433036;;;SUNLU 3D Drucker Filament PLA 1.75mm 1kg 0.02mm Mehrfarbig NEU;Das SUNLU PLA 3D Drucker Filament bietet außergewöhnliche Präzision und Zuverlässigkeit für anspruchsvolle 3D-Druckprojekte. Eine exakte Durchmessertoleranz von ±0. 02mm sichert dabei stets konsistente und hochwertige Druckergebnisse auf allen gängigen FDM 3D-Druckern. Dieses Filament besteht aus umweltfreundlichem, biologisch abbaubarem PLA-Material und ist somit eine ungiftige und verantwortungsbewusste Wahl für jede Umgebung. Die innovative, abnehmbare und wiederverwendbare Spule unterstützt zusätzlich die Abfallreduzierung und fördert einen nachhaltigen Umgang mit Ressourcen. Für optimale Druckergebnisse und zur Erhaltung der Materialqualität ist eine trockene und hitzegeschützte Lagerung des Filaments entscheidend. Die einfache Handhabung und die zuverlässige Leistung machen das SUNLU PLA Filament zur idealen Lösung für detailreiche Modelle und stabile Prototypen, sowohl für Hobbyisten als auch für Profis.;1;7.49;;product.ops
489185837;78659;9e35f9b4-5df8-4db7-9dd7-31e4491488ef;SKU-6469360404;;;Leevitex Spannbettlaken 100% Baumwolle 100x220cm 220cm Gelb NEU;Das Leevitex Jersey Spannbettlaken in strahlendem Gelb bietet höchsten Schlafkomfort durch seine Fertigung aus 100% feinster gekämmter Mako-Baumwolle. Es überzeugt mit einer außergewöhnlich weichen Haptik und hervorragender Atmungsaktivität für ein optimales Schlafklima das ganze Jahr über. Dieses Laken ist speziell für Matratzengrößen von 90x200cm bis 100x220cm konzipiert und garantiert einen faltenfreien Sitz, ideal auch für Boxspring- und Wasserbetten. Die hochwertige Sanfor-Knit Ausrüstung gewährleistet zudem dauerhafte Formstabilität und schützt das Gewebe effektiv vor Einlaufen. Das Spannbettlaken ist nach OEKO-TEX Standard 100 zertifiziert, was es besonders hautfreundlich und somit ideal für Allergiker macht. Es ist äußerst pflegeleicht, da es bei 60°C waschbar und trocknergeeignet ist, was eine hygienische und unkomplizierte Reinigung ermöglicht.;2;7.99;;product.ops
463190152;78659;SKU-0058749943;SKU-0058749943;4000530351531;3201002485;WMF Knuddel Kinderbesteck-Set 3201002485 NEU;Das WMF Kinderbesteck-Set Knuddel wurde speziell für kleine Hände und Münder entwickelt, um die Selbstständigkeit beim Essen spielerisch zu fördern. Die kindgerechte Größe und ergonomische Form der 4 Besteckteile gewährleisten einen sicheren Halt und unterstützen die motorischen Fähigkeiten Ihres Kindes optimal. Gefertigt aus hochwertigem, rostfreiem Cromargan Edelstahl 18/10, garantiert dieses Set außergewöhnliche Langlebigkeit und dauerhafte Freude im Familienalltag. Das robuste Material ist geschmacksneutral, hygienisch und beständig gegen Speisesäuren, wodurch es seinen Glanz auch nach vielen Reinigungszyklen behält. Das Set beinhaltet eine kindgerechte Gabel, ein stumpfes Messer, einen Esslöffel und einen Teelöffel, ideal für kleine Essanfänger. Alle Besteckteile sind spülmaschinenfest und pflegeleicht, was maximale Hygiene und eine unkomplizierte Reinigung sicherstellt.;1;109;;product.ops
458465245;78659;SKU-0110888325;SKU-0110888325;5712929568831;Visuklass Leather Strat65;ARKK Copenhagen Sneaker Damen Gr. 37 Weiß Leder Visuklass Leather Strat65;Der ARKK Copenhagen Visuklass Leather Sneaker bietet stilbewussten Damen exzellenten Komfort und zeitlose Eleganz für den Alltag. Sein vielseitiges Design in Weiß mit frischen Pacific-Akzenten macht ihn zum idealen Begleiter für jede Garderobe. Gefertigt aus erstklassigem Leder, besticht dieser Schuh durch seine Premium-Qualität und außergewöhnliche Langlebigkeit. Das hochwertige Lederobermaterial und die innovative Gummisohle garantieren optimalen Tragekomfort und eine angenehme Dämpfung bei jedem Schritt. Die moderne Low Top Silhouette verleiht dem Sneaker einen sportlichen Look, der sich mühelos kombinieren lässt. Zudem sichert die einfache Pflege des Leders eine dauerhaft ansprechende Optik, sodass Sie lange Freude an diesem exklusiven Schuh haben werden.;1;84;;product.ops
458456583;78659;SKU-0114729665;SKU-0114729665;4066748539567;;Adidas Sneaker Herren Rot Wildleder H03474 NEU;Der Adidas Campus 00s Sneaker vereint ikonischen Retro-Stil mit modernem Tragekomfort für den täglichen Gebrauch. Er verleiht jedem Outfit eine authentische Note und passt perfekt zu aktuellen Modetrends. Das hochwertige Wildleder-Obermaterial sorgt für eine luxuriöse Haptik und beeindruckende Strapazierfähigkeit. Die markanten 3-Streifen betonen das unverwechselbare Adidas-Design, während die robuste Gummisohle optimalen Halt bietet. Dieser vielseitige Sneaker ergänzt mühelos sowohl lässige Jeans als auch sportlich-elegante Outfits. Er ist die ideale Wahl für alle, die Stil und Komfort in einem Schuh suchen und Wert auf Qualität legen.;1;72.44;;product.ops
463191244;78659;SKU-0152828115;SKU-0152828115;;TH01-BK;STALESET Handtuchhalter TH01-BK Metall Schwarz NEU;Der STALESET Handtuchhalter TH01-BK bietet eine stilvolle und äußerst praktische Lösung für Ihr Badezimmer. Sein elegantes matt-schwarzes Design fügt sich nahtlos in jede moderne Einrichtung ein. Gefertigt aus robustem Metall, garantiert dieser hochwertige Handtuchhalter eine außergewöhnliche Langlebigkeit und Stabilität im täglichen Gebrauch. Die pflegeleichte Oberfläche sichert zudem eine mühelose Reinigung und bewahrt dauerhaft ein ansprechendes Erscheinungsbild. Die unkomplizierte Wandmontage ermöglicht eine schnelle und problemlose Installation, wodurch Sie wertvollen Platz optimal nutzen können. Dieser Handtuchhalter hält Ihre Handtücher stets griffbereit und stilvoll organisiert.;1;16.71;;product.ops
463235479;78659;SKU-0236764953;SKU-0236764953;4250362479310;105E-320;Malossi Variator Antrieb für Motorroller 105E-320 Tuning R Ant;Der Malossi Multivar 2000 Variator optimiert die Antriebsleistung Ihres Rollers signifikant und bewirkt eine spürbar verbesserte Beschleunigung. Dies führt zu einem dynamischeren Fahrgefühl, das ideal für sportliche Fahrten und den agilen Alltagsgebrauch ist. Dieses hochwertige Produkt wird in Italien unter Einhaltung strengster Qualitätsstandards gefertigt, was eine außergewöhnlich lange Lebensdauer und konstante Zuverlässigkeit gewährleistet. Robuste Materialien garantieren dabei eine dauerhaft zuverlässige Top-Performance unter allen Einsatzbedingungen, selbst unter anspruchsvollen Bedingungen. Der Lieferumfang beinhaltet den Variator selbst, präzise abgestimmte Variomatikrollen und eine hochwertige Gegendruckfeder zur Feinabstimmung der Performance. Eine einfache Montage ermöglicht eine sofort spürbare Leistungsverbesserung, sodass Rollerfahrer ihr Fahrzeug effektiv optimieren können.;1;82;;product.ops
458453030;78659;SKU-0280699295;SKU-0280699295;;;H M Damen Pullover Rot Baumwolle NEU;Dieser H&M Damen Strickpullover in klassischem Rot bereichert jede Garderobe mit zeitlosem Stil und herausragendem Tragekomfort. Er ist die ideale Wahl für diverse Anlässe, von entspannten Freizeitmomenten bis hin zu eleganten Büro-Outfits, und lässt sich mühelos kombinieren. Gefertigt aus hochwertiger, hautfreundlicher Baumwolle, gewährleistet dieser Rundhals-Pullover optimale Atmungsaktivität und ein stets angenehmes Gefühl auf der Haut. Das weiche Material schmiegt sich sanft an und sorgt den ganzen Tag für exzellenten Tragekomfort. Der Lieferumfang umfasst ausschließlich den eleganten H&M Damen Strickpullover, bereit zum sofortigen Tragen und vielseitigen Kombinieren. Dank seiner strapazierfähigen Qualität ist er besonders pflegeleicht, formbeständig und behält auch nach vielen Wäschen seine brillante Farbe.;1;17.99;;product.ops
449822902;78659;SKU-0362404564;SKU-0362404564;;ACE1013;UBRAVOO Sitzerhöhung Stuhl ACE1013 NEU;Die UBRAVOO Kindersitzerhöhung ACE1013 bietet Ihrem Kind eine sichere und komfortable erhöhte Sitzposition, ideal für gemeinsame Mahlzeiten zuhause und unterwegs. Ein zuverlässiges 3-Punkt-Gurtsystem gewährleistet maximale Sicherheit und stabilen Halt für Ihr Kind während jeder Nutzung. Die weich gepolsterte Sitzschale im ansprechenden Flamingo-Design, gefertigt aus strapazierfähigem Kunststoff, bietet optimalen Komfort und ist besonders langlebig und pflegeleicht. Ihr flexibles Design fördert die Selbstständigkeit und passt sich mühelos an verschiedene Tische an, was die Integration in Familienaktivitäten erleichtert. Das leichte, klappbare Design ermöglicht einfachen Transport und platzsparende Lagerung, perfekt für aktive Familien und unterwegs. Ein abnehmbares Esstablett für müheloses Füttern und eine unkomplizierte Montage runden das durchdachte Gesamtkonzept dieser Kindersitzerhöhung ab.;1;35.99;;product.ops
458462471;78659;SKU-0411747828;SKU-0411747828;3306437238014;573429J;JURID Bremsbelagsatz Hinterachse BREMBO 17.2mm für BMW 1er 2er 3er 573429J;Der JURID Bremsbelagsatz 573429J ist speziell für die Hinterachse von BMW 1er, 2er und 3er Modellen (F20, F21, F22, F23, F87, F30, F31, F80) mit BREMBO Bremssystemen konzipiert. Er gewährleistet eine herausragende Bremsleistung und trägt somit maßgeblich zur Erhöhung Ihrer Fahrsicherheit bei. Diese hochwertigen Bremsbeläge zeichnen sich durch ihre präzisen Abmessungen von 97,5 mm Breite, 94,7 mm Höhe und 17,2 mm Dicke aus, was eine perfekte Passform sicherstellt. Ihre fortschrittliche Materialzusammensetzung garantiert minimierten Verschleiß sowie eine konstant zuverlässige Bremskraft unter allen erdenklichen Fahrbedingungen. Alle Beläge sind gemäß der ECE R90 Norm homologiert, was die Einhaltung höchster europäischer Sicherheits- und Qualitätsstandards bestätigt. Der Lieferumfang beinhaltet einen vollständigen Satz Bremsbeläge für eine Achse, welcher zudem für die elektronische Verschleißwarnanzeige vorbereitet ist, um eine einfache und effiziente Wartung zu ermöglichen.;1;52.48;;product.ops
458974924;78659;SKU-0611814591;SKU-0611814591;;SH9623 00 166;Lacoste Herren Hoodie Marineblau Gr. M (US) FR 4;Der Lacoste Herren Hoodie SH9623 im Classic Fit vereint Komfort und Stil perfekt für den täglichen Gebrauch. Er ist ideal für entspannte Stunden zu Hause oder als lässiger Begleiter für unterwegs, stets mit dem ikonischen Krokodil-Logo als stilvolles Detail. Gefertigt aus einem hochwertigen Baumwollmischgewebe (84% Baumwolle, 16% Polyester), bietet dieser Kapuzenpullover ein angenehmes Tragegefühl und ist gleichzeitig strapazierfähig. Die verstellbare Kapuze mit Kordelzug schützt bei Bedarf vor Wind, während die praktische Kängurutasche Platz für Essentials bietet. Dieses pflegeleichte Kleidungsstück behält auch nach häufigem Waschen seine Passform und Farbe, was langanhaltende Freude garantiert. Kombinieren Sie ihn mühelos mit Jeans oder Sporthosen für einen entspannten, aber stilvollen Look, und profitieren Sie von der bewährten Lacoste-Qualität.;1;98;;product.ops
449821438;78659;SKU-0651722148;SKU-0651722148;4710069709498;TC2333B;Oberrohrtasche TC2333B;Die Topeak Bento Pack Oberrohrtasche ist der ideale Begleiter für jede Radtour und bietet sicheren Stauraum sowie ein innovatives, touch-kompatibles Smartphone-Fach. So bleiben Sie stets verbunden und haben wichtige Informationen während der Fahrt immer im Blick. Gefertigt aus robustem Polyamid und thermoplastischem Polyurethan, schützt diese Tasche Ihre Wertgegenstände zuverlässig vor Spritzwasser und Schmutz. Das Hauptfach bietet eine durchdachte Innenorganisation mit einem separaten Fach für eine Powerbank, was die Organisation unterwegs erheblich erleichtert. Die einfache und sichere Montage erfolgt mittels verstellbarer Klettverschlüsse am Oberrohr und Vorbau, was einen festen Halt auf allen Strecken garantiert. Diese vielseitige Oberrohrtasche ist mit den meisten gängigen Fahrradtypen und Smartphone-Größen kompatibel, wodurch sie eine flexible Lösung für viele Radfahrer darstellt.;4;18.99;;product.ops
458457459;78659;SKU-0698797502;SKU-0698797502;4260566841011;PT284.10054-03;Police Herren Geldbörse Braun Echtleder PT284.10054-03 NEU;Die Police WALDO Geldbörse aus edlem Echtleder bietet stilbewussten Herren eine luxuriöse Haptik und außergewöhnliche Langlebigkeit im Alltag. Ihr kompaktes Bifold-Design ermöglicht eine bequeme Unterbringung in jeder Tasche und sorgt gleichzeitig für perfekte Ordnung. Im Inneren überzeugt diese Brieftasche mit einer durchdachten Fächeraufteilung, die optimalen Platz für Kreditkarten, Scheine und Münzen bietet. Das integrierte Münzfach mit Druckknopfverschluss und mehrere Kartenfächer gewährleisten eine übersichtliche und sichere Aufbewahrung Ihrer Wertsachen. Dieses hochwertige Accessoire ist ideal für Business und Freizeit geeignet und unterstreicht Ihren eleganten Stil. Die sorgfältige Verarbeitung und das zeitlose Design garantieren eine lange Freude an dieser exklusiven Geldbörse.;1;34.95;;product.ops
449822125;78659;SKU-0785869755;SKU-0785869755;4260477074874;SKU-0785869755;Terry Radsport Fahrradsattel SKU-0785869755 NEU;Der Terry Fly Exera Gel Fahrradsattel wurde speziell für Herren entwickelt, um hohen Komfort auf langen Strecken zu bieten. Sein ergonomisches Design minimiert effektiv Druckpunkte und unterstützt eine gesunde Sitzposition. Dieser Sattel ist mit einer innovativen Gel-Polsterung ausgestattet, die sich der Anatomie anpasst und Stöße zuverlässig absorbiert. Hochwertige und robuste Materialien gewährleisten eine lange Lebensdauer des Produkts. Die Montage an Standard-Sattelstützen ist unkompliziert und die Oberfläche ist pflegeleicht. Dies ermöglicht eine einfache Handhabung und dauerhafte Nutzung des Fahrradsattels.;1;75.9;;product.ops
458456587;78659;SKU-0989494543;SKU-0989494543;4067904005667;JS0254;Adidas Sneaker Damen Gr. 38 2/3 Semi Pink/Red Glow Pink JS0254 NEU;Der Adidas SL 72 OG W Damen Sneaker vereint ikonischen Retro-Stil mit herausragendem Tragekomfort für den modernen Alltag. Er ist die ideale Wahl für Frauen, die einen sportlichen und zugleich stilvollen Look schätzen. Das leichte Obermaterial aus atmungsaktivem Textil und stilvollen Wildleder-Overlays sorgt für eine hochwertige Ästhetik und Strapazierfähigkeit. Eine innovativ gedämpfte Laufsohle und robuste Gummisohle garantieren ganztägigen Komfort sowie zuverlässigen Halt auf unterschiedlichsten Untergründen. Dieser Sneaker bietet eine perfekte Kombination aus Funktionalität und modischem Design für vielfältige Anlässe. Er unterstützt aktive Lebensstile und ergänzt mühelos jede Garderobe mit einem Hauch von Vintage-Charme und zeitloser Eleganz.;1;89.9;;product.ops
458473855;78659;SKU-1040274599;SKU-1040274599;9783417288889;;Kerstin Toepel Vom kleinen Waschbären der sich traute mutig zu sein Deutsch;"Das SCM Bilderbuch ""Vom kleinen Waschbären, der sich traute, mutig zu sein"" entführt Kinder ab 3 Jahren in eine herzerwärmende Abenteuerwelt, die spielerisch Mut, Freundschaft und Zusammenhalt stärkt. Es schafft wertvolle gemeinsame Vorlesestunden, welche die Eltern-Kind-Bindung auf besondere Weise fördert und unvergessliche Momente schafft. Bezaubernde, detailreiche Illustrationen von Kerstin Toepel auf hochwertigem Papier machen jede Seite zu einem visuellen Erlebnis, das die Fantasie anregt. Die robuste Hardcover-Ausgabe ist für Langlebigkeit konzipiert und bietet eine angenehme Haptik für kleine Hände, ideal für kleine Entdecker. Im Lieferumfang ist ein wunderschönes, gebundenes Bilderbuch enthalten, das sofort zu inspirierenden Gesprächen anregt und langfristige Freude bereitet. Als Qualitätsprodukt des SCM Verlags, verfasst von Kerstin Toepel, garantiert es altersgerechten und wertvollen Inhalt für junge Leser.";1;14.95;;product.ops
449821878;78659;SKU-1230781227;SKU-1230781227;;SKU-1230781227;Villa Grinario Spannbettlaken SKU-1230781227 Gr. 100x200cm Grau Kiesel;Das Villa Grinario Jersey Spannbettlaken in Kieselgrau bietet höchsten Schlafkomfort durch seine luxuriös weiche und anschmiegsame Liegefläche. Es ist aus 100% gekämmter Baumwolle gefertigt, was ganzjährig ein angenehm ausgeglichenes und atmungsaktives Schlafklima fördert. Dieses hochwertige Laken ist speziell für Standardmatratzen im Format 100 x 200 cm konzipiert und passt sich dank des dauerelastischen Rundumgummis perfekt an. Die feine Jersey-Struktur ist besonders hautfreundlich und garantiert einen faltenfreien Sitz, der die Schlafqualität maßgeblich verbessert. Die Pflege des Spannbettlakens gestaltet sich äußerst einfach und zeitsparend, da es problemlos maschinenwaschbar bis 60 °C ist. Zudem ist es bügelfrei und trocknergeeignet, was eine langanhaltende Frische und Hygiene ohne großen Aufwand sicherstellt.;2;14.99;;product.ops
458456584;78659;SKU-1419839651;SKU-1419839651;4066755796946;VS Switch 3 CF C;Adidas Sneaker UnisexKinder Weiß/Schwarz Synthetik VS Switch 3 CF C NEU;Diese Adidas VS Switch 3 CF C Kinder Sneaker bieten aktiven Kids den ganzen Tag zuverlässigen Halt und eine angenehme Passform. Sie sind die ideale Wahl für Spielplatz, Schule und den täglichen Gebrauch, da sie Komfort und Strapazierfähigkeit perfekt vereinen. Das strapazierfähige Synthetik-Obermaterial sorgt für beeindruckende Langlebigkeit und ist zugleich besonders pflegeleicht. Eine dämpfende Laufsohle garantiert optimalen Grip und maximale Sicherheit bei jedem Schritt, ideal für alle Abenteuer. Praktische Klettverschlüsse ermöglichen ein kinderleichtes An- und Ausziehen, ergänzt durch einen weich gepolsterten Schaftrand für höchsten Tragekomfort. Diese Merkmale machen die Sneaker zu einem perfekten Begleiter für wachsende Füße und unterstützen jede Bewegung.;1;29.99;;product.ops
458472538;78659;SKU-1566313678;SKU-1566313678;9783036957814;;Heike Faller Hundert: Was du im Leben lernen wirst Gebundene Ausgabe;Dieses inspirierende Bilderbuch von Kein & Aber nimmt Sie mit auf eine tiefgründige Reise durch 100 Lebensjahre. Es vermittelt universelle Weisheiten, die für jede Generation von Bedeutung sind und zum Nachdenken anregen. Die liebevoll gestalteten Illustrationen von Valerio Vidali ergänzen die tiefgründigen Texte dieser hochwertigen gebundenen Ausgabe perfekt. Gefertigt aus strapazierfähigen Materialien, garantiert das Buch langanhaltende Freude und Beständigkeit für viele Jahre. Das Werk ist eine wertvolle Bereicherung für jede Bibliothek und lädt zum gemeinsamen Wachsen und Lernen ein. Es fördert bedeutungsvolle Gespräche und stärkt familiäre Bindungen durch gemeinsames Lesen und Reflektieren.;1;19.95;;product.ops
462106849;78659;SKU-1782951292;SKU-1782951292;4064666043425;90595815;Wella Professionals SP Balance Scalp Shampoo 250ml NEU;Dieses Wella Professionals SP Balance Scalp Shampoo reinigt empfindliche Kopfhaut sanft und beruhigt sie effektiv, um Juckreiz und Rötungen spürbar zu lindern. Die milde Formulierung unterstützt das natürliche Gleichgewicht der Kopfhaut und schafft eine gesunde Umgebung für kräftiges Haarwachstum. Die fortschrittliche, flüssige Formulierung reinigt das Haar gründlich von Unreinheiten, ohne es zu beschweren, und sorgt für langanhaltende Frische. Es ist ideal für die tägliche, schonende Haarpflege-Routine und hinterlässt ein vitalisiertes Gefühl. Im Lieferumfang befindet sich eine 250 ml Flasche dieses hochwertigen Shampoos, bereit für Ihre schonende Haarpflege-Routine. Vertrauen Sie auf die jahrzehntelange Expertise von Wella Professionals für eine optimal gepflegte Kopfhaut und sichtbare Ergebnisse.;4;8.24;;product.ops
462110860;78659;SKU-1825816304;SKU-1825816304;4009839270970;34910-131;ZWILLING Universalmesser NEU;Das ZWILLING TWIN Chef Universalmesser ist ein unverzichtbarer Helfer für präzise Arbeiten in jeder modernen Küche. Es bewältigt mühelos eine Vielzahl von Aufgaben, von der feinen Gemüsezubereitung bis zum Zerlegen kleinerer Fleischstücke. Die exklusive FRIODUR® eisgehärtete Klinge aus der speziellen ZWILLING Stahlformel gewährleistet eine beeindruckende, langanhaltende Schärfe. Zugleich bietet diese fortschrittliche Klingentechnologie eine überragende Korrosionsbeständigkeit für dauerhafte Leistung. Der ergonomisch geformte Drei-Nieten-Griff aus hochwertigem Kunststoff sorgt für eine perfekte Balance und ein sicheres, komfortables Arbeiten. Dieses Premium-Universalmesser bereichert Ihre Küchenausstattung nachhaltig und optimiert Ihre täglichen Zubereitungsprozesse.;1;17.96;;product.ops
462106216;78659;SKU-2019125675;SKU-2019125675;4065464002256;;Derma Pen Germany Microneedling-Pen NEU;Der Derma Pen Germany Microneedling Pen revolutioniert Ihre Hautpflege durch gezielte Stimulation der natürlichen Kollagenproduktion. Er sorgt für eine spürbar straffere und sichtbar revitalisierte Haut, direkt bei Ihnen zu Hause. Dieses fortschrittliche Microneedling-System ist aus hochwertigem Metall und robustem Kunststoff gefertigt, was eine lange Lebensdauer und zuverlässige Leistung garantiert. Dank der präzise einstellbaren Nadeltiefe lässt sich jede Behandlung individuell an Ihre spezifischen Hautbedürfnisse anpassen. Für optimale und nachhaltige Ergebnisse wird die regelmäßige Anwendung in Kombination mit spezialisierten Seren empfohlen, um die Wirksamkeit zu maximieren. Der Lieferumfang umfasst den Pen, ein Netzteil, ein USB-Kabel sowie mehrere sterile Nadelmodule für den sofortigen Start Ihrer Behandlung.;1;129;;product.ops
462109943;78659;SKU-2123165909;SKU-2123165909;6440891157249;;HLI Schubladenschienen 1 Paar Anleitung NEU;Die HLI Schubladenschienen mit Vollauszug optimieren die Funktionalität Ihrer Möbel und gewährleisten jederzeit vollständigen Zugriff auf den gesamten Schubladeninhalt. Dies steigert spürbar Komfort und Effizienz in verschiedensten Anwendungsbereichen wie Küche, Büro, Bad oder Werkstatt durch eine verbesserte Raumnutzung. Gefertigt aus robustem, glänzendem Metall, bieten diese hochwertigen Schienen eine außergewöhnliche Langlebigkeit und fügen sich nahtlos in jedes moderne Interieur ein. Die stabile Konstruktion sichert einen sanften und geräuschlosen Lauf, selbst bei intensiver täglicher Beanspruchung, für dauerhafte Zuverlässigkeit und verbesserte Funktionalität. Jedes Set beinhaltet ein Paar dieser erstklassigen Schubladenschienen, ergänzt durch eine detaillierte, bebilderte Anleitung für eine unkomplizierte Seitenmontage. Die äußerst pflegeleichte Oberfläche lässt sich mühelos mit einem feuchten Tuch reinigen, was den langfristigen Werterhalt und eine stets makellose Optik Ihrer Einrichtung garantiert.;6;9.99;;product.ops
458470102;78659;SKU-2151943751;SKU-2151943751;9002592485129;;Cretacolor Harte Pastellkreiden Künstler Schüler Grautöne NEU;Das Cretacolor Harte Graupastelle 12er Set bietet anspruchsvollen Künstlern herausragende Qualität für detaillierte Skizzen und ausdrucksstarke Kunstwerke. Diese hochwertigen Zeichenkreiden ermöglichen präzise Linienführungen und feine Schattierungen, um Ihre kreativen Visionen optimal umzusetzen. Die öl- und wachsfreie Formulierung dieser Pastelle gewährleistet staubarmes Arbeiten und eine leichte Verblendbarkeit, was nahtlose Farbübergänge ermöglicht. Zudem sind die Kreiden lichtecht und bruchsicher, was langanhaltende Ergebnisse und eine komfortable Handhabung bei jeder Anwendung garantiert. Dieses Set wird in Österreich unter höchsten Qualitätsstandards gefertigt und ist AP-zertifiziert sowie non-toxic für eine sichere Anwendung. Der Lieferumfang umfasst 12 hochwertige Pastellkreiden, die professionelle Ergebnisse für Künstler aller Altersgruppen ermöglichen.;1;21.99;;product.ops
459794734;78659;SKU-2152217706;SKU-2152217706;4000530685841;0667416040;WMF Elektrische Mühle Elektrisch 21cm NEU;Die WMF Ceramill elektrische Mühle revolutioniert Ihre Küchenroutine, indem sie auf Knopfdruck frische Würze für jedes Gericht liefert. Genießen Sie müheloses Mahlen von Salz, Pfeffer oder getrockneten Kräutern mit höchstem Bedienkomfort und präzisen Ergebnissen. Das Herzstück dieser Mühle bildet ein hochwertiges Keramikmahlwerk, das härter als Stahl ist und eine stufenlose Einstellung des Mahlgrades von grob bis fein ermöglicht. Gefertigt aus robustem Kunststoff und Keramik, fügt sich diese langlebige Mühle mit ihrem eleganten schwarzen Design nahtlos in jede moderne Küche ein. Die Mühle ist sofort nach dem Auspacken einsatzbereit, da sechs langlebige AAA Alkaline Batterien im Lieferumfang enthalten sind. Die umfassende 10-jährige WMF-Garantie auf das Keramikmahlwerk sichert Ihnen langfristige Zuverlässigkeit und höchste Qualität zu.;1;54.39;;product.ops
458456175;78659;SKU-2384085318;SKU-2384085318;4052212121253;10006;Seltmann Weiden Kaffeeservice 10006 Erwachsene Porzellan Schwarz NEU;Das Seltmann Weiden Kaffeeservice Lido Solid Black schafft stilvolle Kaffeemomente für bis zu sechs Personen und ist ideal für den Alltag sowie besondere Anlässe. Genießen Sie unvergessliche Stunden mit Familie und Freunden, serviert auf elegantem Geschirr. Dieses hochwertige 18-teilige Set aus edlem, langlebigem Porzellan besticht durch sein modernes, schwarzes Design. Es beinhaltet sechs Kaffeetassen, passende Untertassen und praktische Frühstücksteller, die ein harmonisches Gesamtbild auf Ihrem Tisch schaffen. Für höchsten Komfort ist das gesamte Service spülmaschinen- und mikrowellengeeignet, was die tägliche Reinigung erheblich vereinfacht. Als Qualitätsprodukt 'Made in Germany' verspricht es zudem Langlebigkeit und beständige Freude an jedem Kaffeemoment.;1;59.5;;product.ops
458469510;78659;SKU-2388529978;SKU-2388529978;8718891115599;B423C;Brother B423C Toner-Kartusche Cyan NEU;Die Brother B423C Toner-Kartusche in Cyan liefert gestochen scharfe Textdokumente und lebendige Grafiken. Sie ist eine hochwertige Option, ideal für den Einsatz im Büro oder Home-Office, und gewährleistet exzellente Druckqualität. Diese Tonerkartusche wurde aus sorgfältig ausgewählten Materialien gefertigt, um optimale Funktionalität und präzise Passform für Brother HL- und MFC-Druckermodelle zu gewährleisten. Sie bietet eine beeindruckende Seitenleistung von circa 6. 500 Seiten, was hohe Effizienz und Wirtschaftlichkeit im täglichen Betrieb sicherstellt. Die Installation der Kartusche gestaltet sich äußerst unkompliziert, wodurch eine schnelle Wiederaufnahme Ihrer Druckaufgaben ermöglicht wird. Vertrauen Sie auf diesen Toner für durchweg konsistente, exzellente Ausdrucke und eine zuverlässige Performance, die Ihre professionellen Anforderungen stets erfüllt.;1;15.2;;product.ops
458456589;78659;SKU-2391228513;SKU-2391228513;4067904336044;;Adidas Sneaker Damen Gr. 38 Hellgrau Hellblau Wildleder Handball Spezial W;Der Adidas Handball Spezial W Sneaker für Damen vereint ikonisches Design mit modernem Tragekomfort. Er ist die ideale Wahl für stilbewusste Frauen, die Wert auf Qualität und Vielseitigkeit legen. Das hochwertige Obermaterial aus feinem Wildleder sorgt nicht nur für eine ansprechende Optik, sondern auch für außergewöhnliche Strapazierfähigkeit. Eine exzellente Dämpfung und optimale Passform garantieren ganztägigen Komfort. Die robuste Gummi-Außensohle bietet hervorragenden Halt auf verschiedenen Untergründen und macht den Schuh zum perfekten Begleiter. Dieses Modell lässt sich mühelos in jede Garderobe integrieren und bereichert jeden Schuhschrank.;1;99;;product.ops
459967606;78659;SKU-2417212434;SKU-2417212434;0029369421134;MD421-01-33;McDavid Kniebandage MD421-01-33 Gr. S NEU;Die McDavid 421 Kniebandage bietet gezielte moderate Unterstützung zur Linderung von Kniebeschwerden und fördert effektiv die Genesung. Sie ist ideal für fortgeschrittene Anwender, die verbesserte Stabilität und hohen Komfort bei Sport und Rehabilitation suchen. Diese Bandage ist mit gepolsterten Patella-Stützen und verstärkten Federstahlstreben ausgestattet, was eine erhöhte mediale und laterale Sicherheit für Ihr Knie garantiert. Das hochwertige CR-Neoprenmaterial sorgt zudem für überlegene Kompression und therapeutische Wärme. Integrierte, verstellbare Riemen ermöglichen eine personalisierte und sichere Passform, die sowohl für das linke als auch das rechte Knie geeignet ist. Ein perforiertes Rückenteil ergänzt das Design für optimales Feuchtigkeitsmanagement und Atmungsaktivität.;1;19.43;;product.ops
458459208;78659;SKU-2561166298;SKU-2561166298;4260325431309;1094-H;Hodalump Herren Geldbörse Braun Echtleder 1094-H NEU;Diese Hodalump Herren Geldbörse aus hochwertigem Vintage-Leder vereint zeitlose Eleganz mit robuster Funktionalität. Sie ist das ideale Accessoire für den stilbewussten Mann, perfekt für Business und Freizeit. Die durchdachte Innenaufteilung ermöglicht optimale Organisation mit 12 Kartenfächern, einem geräumigen Geldscheinfach und zusätzlichen Steckfächern für Belege. Ein integriertes Münzfach mit Reißverschluss hält Kleingeld sicher und jederzeit zugänglich. Effektiver RFID-Schutz bewahrt Ihre sensiblen Daten zuverlässig vor unbefugtem Auslesen und bietet somit zusätzliche Sicherheit. Das strapazierfähige Hunter-Vintage-Leder entwickelt eine individuelle Patina, die jede Geldbörse zum Unikat macht und zur Pflege ein spezielles Lederpflegemittel erfordert.;95;34.95;;product.ops
458456653;78659;SKU-2611077541;SKU-2611077541;;EBY-1000335-1342;Nockenwelle Motor für Glossyautoparts EBY-1000335-1342M Mot 1342M;Diese Glossyautoparts Nockenwelle optimiert präzise die Ventilsteuerung Ihres Motors, wodurch Leistung und Kraftstoffeffizienz spürbar verbessert werden. Sie stellt die volle Motorfunktionalität langfristig wieder her und sichert eine reibungslose Fahrzeugperformance. Gefertigt aus erstklassigen, robusten Metallen, garantiert diese Nockenwelle außergewöhnliche Langlebigkeit und höchste Zuverlässigkeit. Die CE-Zertifizierung bestätigt zudem die Einhaltung strengster europäischer Qualitäts- und Sicherheitsstandards. Im Lieferumfang ist eine passgenaue Nockenwelle für den unkomplizierten Direkteinbau enthalten. Bitte überprüfen Sie vor dem Kauf sorgfältig die Kompatibilität mit Ihrem spezifischen Fahrzeugmodell, um optimale Leistung zu gewährleisten.;1;79.99;;product.ops
465090922;78659;SKU-2633108165;SKU-2633108165;9001778309730;30973;Hagelschutzplane für PKW Größe S 5mm wasserabweisend 30973 Hagelschutzp;Die WALSER Perma Protect Hagelschutzplane in Größe S bietet optimalen Schutz für Ihr Fahrzeug vor externen Einflüssen wie Hagel, Ästen und Schmutz. Sie bewahrt empfindliche Bereiche wie Dach, Motorhaube und Kofferraum effektiv vor Beschädigungen und trägt somit maßgeblich zum Werterhalt bei. Diese Plane ist aus einem innovativen Mehrschichtmaterial mit einer Gesamtstärke von 5 mm gefertigt, was hervorragende Dämpfungseigenschaften bei Stößen gewährleistet. Der Aufbau aus wasserabweisendem Oberstoff, einer Reflekstron-Schicht, 4 mm Neoprenschaum und einem lackschonenden Vlies garantiert maximalen Schutz für die Fahrzeugoberfläche. Ausgestattet mit elastischen Nähten, Ventilationsöffnungen und Reflektoren, sorgt die Plane für eine sichere Anwendung und verhindert effektiv Kondenswasserbildung unter der Abdeckung. Drei mitgelieferte Befestigungsgurte ermöglichen eine einfache und stabile Montage, wobei die Plane nicht für dauerhaften UV-Schutz geeignet ist.;1;96.95;;product.ops
458468908;78659;SKU-2638568297;SKU-2638568297;197642799444;85010130;Altra Laufschuh Herren Schwarz/Weiß Mesh 85010130 NEU;Der Altra Escalante 4 Herren Laufschuh wurde speziell für dynamisches Training und schnelle Straßeneinheiten entwickelt. Seine innovative Altra EGO™ Zwischensohle garantiert dabei eine herausragende Energierückgabe und ein geschmeidiges Abrollverhalten bei jedem Schritt. Das atmungsaktive Mesh-Obermaterial gewährleistet eine exzellente Belüftung und hält Ihre Füße auch bei intensiven Läufen angenehm kühl. Zugleich bietet die einzigartige FootShape™ Passform maximale Zehenfreiheit und somit dauerhaften Komfort für ein natürliches und effizientes Lauferlebnis. Diese durchdachte Kombination aus hochwertigen Materialien und fortschrittlicher Technologie unterstützt Ihre persönliche Bestleistung. Erleben Sie mit dem Altra Escalante 4 eine perfekte Symbiose aus Performance, Komfort und natürlicher Bewegung bei jedem Lauf.;1;129.95;;product.ops
449825783;78659;SKU-2789683373;SKU-2789683373;4061474039602;WDP 301480;Brandson Standventilator 42 NEU;Der Brandson Standventilator bietet effektive und angenehm leise Kühlung für jeden Raum. Mit drei einstellbaren Geschwindigkeitsstufen und zuschaltbarer Oszillation passt er sich optimal Ihren individuellen Bedürfnissen an. Gefertigt aus robustem Kunststoff und stabilem Metall, gewährleistet dieses Gerät Langlebigkeit sowie einen sicheren Stand. Der flexibel höhenverstellbare Standfuß und der neigbare Ventilatorkopf ermöglichen eine präzise und gezielte Luftstromausrichtung. Im Lieferumfang sind alle notwendigen Komponenten für eine schnelle und unkomplizierte Montage enthalten. Die intuitive Bedienung und die einfache Pflege machen den Brandson Ventilator zum unverzichtbaren Begleiter an heißen Tagen.;1;69.95;;product.ops
462138578;78659;SKU-2804135383;SKU-2804135383;7445038719723;;ERZEKRIM Ferritkern Entstörfilter Set Ferrit Schwarz NEU;Das ERZEKRIM Ferritkern Set eliminiert hochfrequente Störungen (RFI/EMI) effektiv und sorgt für eine signifikante Verbesserung der Signalqualität. Es schützt Ihre elektronischen Geräte zuverlässig vor unerwünschten Interferenzen und gewährleistet eine optimale elektromagnetische Verträglichkeit in vielfältigen Anwendungen. Dieses umfassende Set beinhaltet 40 hochwertige Clip-on Ferritkerne in sechs gängigen Größen, passend für Kabeldurchmesser von 3. 5mm bis 13mm. Gefertigt aus erstklassigem Ferritmaterial, garantieren diese Kerne eine zuverlässige und dauerhafte Entstörleistung für diverse Anwendungsbereiche wie Audio, Video und Datenübertragung. Die innovative Clip-on-Bauweise ermöglicht eine denkbar einfache und werkzeuglose Installation sowie eine schnelle Entfernung ohne Kabeltrennung. Diese einfache Handhabung macht die Ferritkerne ideal für eine flexible Anpassung an wechselnde Anforderungen in Ihrem Setup.;1;6.99;;product.ops
458476579;78659;SKU-2841208491;SKU-2841208491;9783965940628;;Olivia Huth Meiner Hardcover Deutsch;"Dieses bezaubernde Bilderbuch ""Meiner! "" von Olivia Huth führt Kinder ab 3 Jahren spielerisch an die Werte von Freundschaft und Teilen heran. Die herzerwärmende Geschichte fördert wichtige soziale Kompetenzen und schafft eine ideale Grundlage für gemeinsame Lernerfahrungen. Die liebevollen Illustrationen erwecken die Charaktere Hase, Maus und Bär zum Leben und zeigen eindrucksvoll die Kraft der Zusammenarbeit. Das robuste Hardcover aus hochwertigem Papier ist ideal für kleine Kinderhände und garantiert langanhaltende Freude beim täglichen Gebrauch. Das Buch ist eine wertvolle Bereicherung für jede Kinderbibliothek und unterstützt die nachhaltige soziale Entwicklung Ihres Kindes. Es bietet eine perfekte Basis für lehrreiche Vorlesestunden und Gespräche über Empathie und Zusammenhalt in der Familie.";1;14;;product.ops
465085103;78659;SKU-3047799035;SKU-3047799035;4003318877841;7210/110;ABUS Radsport Kettenschloss 7210/110 Gr. 110cm NEU;Das ABUS IVERA Chain 7210 Kettenschloss bietet zuverlässigen Diebstahlschutz für Fahrräder und Roller. Es zeichnet sich durch die hohe ABUS Sicherheitsstufe 8 aus, die eine effektive Absicherung gegen Manipulation gewährleistet. Eine robuste 7 mm Kette aus gehärtetem Spezialstahl schützt Ihr Eigentum effektiv vor unbefugtem Zugriff. Die spezielle IvyTex-Textilummantelung in 'Diving Blue' bewahrt den Fahrradlack zuverlässig vor Kratzern und Beschädigungen. Die flexible, 110 cm lange Kette ermöglicht ein vielseitiges und sicheres Anschließen an festen Objekten. Dieses hochwertige Kettenschloss wird klassisch per Schlüssel bedient und bietet langanhaltende und komfortable Funktion im Alltag.;1;55.95;;product.ops
458477182;78659;SKU-3086033338;SKU-3086033338;3306437248600;573602J;Bremsbelagsatz Vorderachse für BMW 1er 2er 3er 4er JURID 573602J NEU;Der JURID Bremsbelagsatz 573602J gewährleistet optimale Bremsleistung und maximale Fahrsicherheit für ausgewählte BMW 1er, 2er, 3er und 4er Modelle. Diese Bremsbeläge sind präzise für Brembo-Bremssysteme an der Vorderachse konzipiert, um in jeder Fahrsituation eine zuverlässige Bremswirkung zu garantieren. Gefertigt aus hochwertigen Materialien, bieten die JURID Bremsbeläge herausragende Langlebigkeit und exzellente Wärmeableitung. Dies verhindert effektiv Bremsfading unter hoher Beanspruchung und verlängert die Lebensdauer der gesamten Bremsanlage signifikant. Der komplette Bremsbelagsatz enthält alle erforderlichen Komponenten für einen schnellen und unkomplizierten Austausch. Vor dem Kauf ist die Kompatibilität mit Ihrem spezifischen Fahrzeugmodell und Bremssystem zu prüfen, um eine perfekte Passform zu gewährleisten.;1;61.85;;product.ops
449823262;78659;SKU-3093460977;SKU-3093460977;;KDF-5517DTW;LLIVEKIT Heißluftfritteuse Dual-Zone 9L NEU;Die LLIVEKIT Dual-Zone Heißluftfritteuse revolutioniert Ihre Küche und ermöglicht gesundes sowie schnelles Zubereiten vielfältiger Gerichte mit minimalem Öl. Genießen Sie knusprige Pommes, saftiges Hähnchen oder perfekt gegartes Gemüse und erweitern Sie Ihre kulinarischen Möglichkeiten für die ganze Familie. Dank der innovativen Dual-Zone-Technologie können Sie zwei unterschiedliche Speisen gleichzeitig mit individuellen Einstellungen zubereiten, was eine effiziente Essenszubereitung ermöglicht. Die intuitive digitale Bedienung mit praktischen Voreinstellungen sorgt für kinderleichte Handhabung und präzise Garergebnisse bei jedem Gericht. Dieses moderne Gerät ist aus robusten und langlebigen Materialien wie hochwertigem Kunststoff und Metall gefertigt, um eine zuverlässige Leistung und lange Lebensdauer zu gewährleisten. Der Lieferumfang beinhaltet die leistungsstarke Heißluftfritteuse mit zwei separaten, spülmaschinenfesten Antihaft-Garkörben, die eine mühelose Reinigung nach dem Gebrauch garantieren.;1;109.99;;product.ops
458453023;78659;SKU-3132130051;SKU-3132130051;198739801378;12430;Skechers Sneaker Herren Gr. 41 EU Weiß Synthetik 12430 NEU;Der Skechers Street UNO Sneaker vereint sportlichen Streetstyle mit höchster Funktionalität und bietet exzellenten Tragekomfort für den modernen Alltag. Er ist der ideale Begleiter für Freizeitaktivitäten und Städtetrips, wo Stil und Bequemlichkeit gleichermaßen gefragt sind. Ausgestattet mit dem bewährten Air-Cooled Memory Foam Fußbett garantiert dieser Sneaker eine weiche Dämpfung bei jedem Schritt. Die stoßdämpfende Zwischensohle entlastet Ihre Gelenke effektiv und sorgt für ein anhaltend angenehmes Laufgefühl. Das hochwertige Obermaterial in glatter Lederoptik gewährleistet Stil und Strapazierfähigkeit, während die robuste Gummiaußensohle sicheren Halt auf verschiedenen Untergründen bietet. Klassische Schnürung und gezielte Perforationen sorgen zudem für eine optimale Passform und ein angenehmes Fußklima.;1;89.95;;product.ops
449822230;78659;SKU-3149269291;SKU-3149269291;Unbekannt;445-0765157A;Nidec Sankyo 445-0765157A Motorisierter Kartenleser Silber Grün Transparent;Der Nidec Sankyo 445-0765157A Kartenleser ist speziell für den professionellen Dauerbetrieb konzipiert und bietet höchste Zuverlässigkeit in anspruchsvollen Umgebungen. Seine präzise Mechanik gewährleistet einen sicheren und schonenden Kartentransport, ideal für den Einsatz in Zahlungsterminals und Zutrittskontrollen. Dieses robuste Einbaumodul verfügt über ein langlebiges Metallchassis, das optimalen Schutz und eine lange Lebensdauer sichert. Ein integriertes Shutter-System an der Karteneinführung erhöht zudem den Manipulations- und Fremdkörperschutz erheblich vor unerwünschten Objekten. Ausgelegt für eine stabile 24V DC-Versorgung, unterstützt dieser Leser sowohl HiCo-Magnetstreifenkarten als auch kontaktbasierte Smartcards für vielfältige Anwendungen. Das hochwertige motorisierte Kartenlesermodul ermöglicht eine einfache Integration und erfordert minimalen Wartungsaufwand im Betrieb.;1;299;;product.ops
465097958;78659;SKU-3210037840;SKU-3210037840;4058473411560;XO01W68K0B;Beautex Spannbettlaken xO01W68K0B Erwachsene Gr. 90x200cm 100% Baumwolle;Das Beautex Premium Jersey Spannbetttuch bietet unvergleichlichen Schlafkomfort und ist ideal für Boxspringbetten sowie hohe Matratzen bis 45 cm Steghöhe geeignet. Es gewährleistet einen makellosen, faltenfreien Sitz und verwandelt jedes Schlafzimmer in eine stilvolle Wohlfühloase. Gefertigt aus 100% gekämmter Baumwolle mit einem Flächengewicht von 160 g/m² garantiert dieses Laken ein außergewöhnlich weiches und hautsympathisches Gefühl. Die hochwertige Jersey-Qualität sichert zudem eine hohe Strapazierfähigkeit und Formbeständigkeit, selbst nach zahlreichen Waschgängen. Dieses Spannbetttuch in elegantem Dunkelbraun für Matratzen der Größe 90x200 cm lässt sich dank des umlaufenden Gummizugs mühelos aufziehen und sitzt stets perfekt. Die OEKO-TEX STANDARD 100 Zertifizierung bestätigt die schadstofffreie Qualität, wodurch die Pflege zum Kinderspiel wird.;1;13.99;;product.ops
458974961;78659;SKU-3213392901;SKU-3213392901;;;Nike Tennis Tennisschuh Zoom Vapor 12 CLY NEU;Die Nike Zoom Vapor 12 CLY Tennisschuhe sind speziell für Sandplätze konzipiert und bieten Herren eine unübertroffene Performance. Sie ermöglichen schnelle Richtungswechsel und explosive Bewegungen, um Ihr Spiel auf ein neues Niveau zu heben und maximale Agilität zu gewährleisten. Diese Schuhe zeichnen sich durch eine leichte Bauweise und reaktionsfreudige Dämpfung aus, die dauerhaften Komfort gewährleistet. Das strapazierfähige Obermaterial garantiert außergewöhnliche Langlebigkeit und schützt Ihre Füße zuverlässig bei intensiven Matches. Im Lieferumfang ist ein Paar Nike Zoom Vapor 12 CLY Tennisschuhe enthalten, bereit für den sofortigen Einsatz auf dem Court. Für eine optimale Passform und lange Freude am Produkt empfehlen wir, die beiliegenden Pflegehinweise des Herstellers zu beachten.;1;108.9;;product.ops
458974976;78659;SKU-3368481451;SKU-3368481451;4067983135699;;PUMA Damenschuhe Unisex Gr. 38 Chocotart-Frosted Ivory Leder 40224901 NEU;Der Puma Clyde Palais Artisan Sneaker bietet stilbewussten Trägern luxuriösen Komfort und ein zeitloses Design für den Alltag. Dieser vielseitige Schuh ist die ideale Wahl für Stadtbummel, Büro oder andere Casual-Anlässe und verleiht jedem Outfit eine exklusive Note. Gefertigt aus hochwertigem Leder in der Farbe Chocotart-Frosted Ivory, überzeugt dieser Sneaker mit einer anspruchsvollen Haptik und beeindruckender Langlebigkeit. Die robuste Gummisohle gewährleistet optimalen Grip sowie Stabilität und sorgt den ganzen Tag für angenehmen Tragekomfort. Das Modell ist für Unisex-Träger konzipiert und bietet eine perfekte Passform in Größe 38. Für langanhaltende Freude wird die regelmäßige Pflege mit geeigneten Lederpflegemitteln empfohlen, um Material und Schönheit zu bewahren.;1;119.9;;product.ops
458514311;78659;SKU-3963918245;SKU-3963918245;0704798567508;DSK-1;Success Courier Pumpensteuerung 220-240V NEU;Die Success Courier Pumpensteuerung DSK-1 gewährleistet einen stets konstanten Wasserdruck in Ihrem System. Sie schützt Ihre Pumpe zuverlässig vor schädlichem Trockenlauf, wodurch die Lebensdauer der Wasserpumpe erheblich verlängert wird und ein effizienter, unterbrechungsfreier Betrieb sichergestellt ist. Das robuste Kunststoffgehäuse mit IP65-Schutzart garantiert maximale Langlebigkeit und Widerstandsfähigkeit gegenüber anspruchsvollen Umwelteinflüssen. Die Installation ist dank genormter 1-Zoll-Anschlüsse sowie praktischer Schuko-Stecker unkompliziert und schnell erledigt, was Zeit und Aufwand spart. Dieses Gerät ist ideal für Haus- und Gartenwasserpumpen geeignet und bietet eine einfache Bedienung durch klare Statusanzeigen. Es sorgt für eine optimale Wasserversorgung und minimiert gleichzeitig den Wartungsaufwand Ihrer Pumpenanlage.;2;45;;product.ops
458453056;78659;SKU-4008377248;SKU-4008377248;4262403770898;;Divasya Yoga Yogamatte Profi-Grip NEU;Die Divasya Yoga Yogamatte bietet professionellen Grip und höchsten Komfort für eine sichere und stabile Yoga-Praxis. Ihre großzügigen Maße von 185 x 68 x 0,45 cm gewährleisten ausreichend Platz für alle Übungen und Positionen. Gefertigt aus hochwertigem, rutschfestem Material, garantiert diese Matte maximale Stabilität und Langlebigkeit für den täglichen Gebrauch. Sie ist vielseitig einsetzbar für Yoga, Pilates und diverse Fitnessübungen, um Ihre Flexibilität und Balance zu verbessern. Die Matte ist leicht zu reinigen und einfach zu transportieren, was sie ideal für Studio, Zuhause oder unterwegs macht. Im Lieferumfang ist eine Divasya Yoga Yogamatte enthalten, inklusive Tragegurt für bequemen Transport.;1;98;;product.ops
449824000;78659;SKU-4017783375;SKU-4017783375;0696817757413;DQTGD01300W;LED Strahler Aluminium Wasserfest Staubdicht Verstellbar 300W NEU;Der Blivrig LED Fluter 300W IP66 bietet eine extrem helle und weitreichende Ausleuchtung, die große Außenbereiche optimal sichert. Er schafft zuverlässig Licht auf Parkplätzen, Höfen oder Baustellen und erhöht so die Sicherheit und Orientierung. Das robuste Aluminiumgehäuse und die zertifizierte IP66-Schutzart garantieren eine außergewöhnliche Widerstandsfähigkeit gegen Staub und starkes Strahlwasser. Diese hochwertige Verarbeitung sichert eine lange Lebensdauer und zuverlässige Funktion unter anspruchsvollsten Wetterbedingungen. Der integrierte, verstellbare Montagebügel ermöglicht eine flexible und unkomplizierte Installation an Wänden oder am Boden. Im Lieferumfang ist der LED Fluter mit vormontiertem Bügel enthalten, bereit für eine einfache Montage und einen wartungsarmen, kosteneffizienten Betrieb.;2;19.99;;product.ops
458470423;78659;SKU-4069701323;SKU-4069701323;9014400103538;44250002;Jolly Fasermaler 44250002 Ab 3 Jahre NEU;Die Jolly Superstars Duo Doppelfasermaler bieten doppelten Malspaß und maximale Vielseitigkeit für all Ihre kreativen Projekte. Dieses Set enthält 24 brillante Farben, die intensive Ergebnisse auf Papier liefern. Jeder Stift ist mit zwei Spitzen ausgestattet: einer dünnen Spitze für präzise Linien und feine Details sowie einer dicken Spitze für schnelles und großflächiges Ausmalen. Diese Kombination ermöglicht eine flexible Anwendung und fördert die kreative Entfaltung. Die hochwertige Qualität „Made in Austria“ garantiert langanhaltenden Malspaß und brillante Farbergebnisse. Die Tinte lässt sich zudem mühelos aus den meisten Textilien auswaschen, was sie ideal für Kinder ab 3 Jahren und kreative Erwachsene macht.;13;17.47;;product.ops
465097988;78659;SKU-4118229261;SKU-4118229261;6931915757670;806-TEAM-B;ROCKBROS Minipumpe 806-TEAM-B NEU;Die ROCKBROS Minipumpe ist der ideale Begleiter für jede Fahrradtour, um Reifenpannen schnell und effizient zu beheben. Ihr extrem leichtes und kompaktes Design ermöglicht einen mühelosen Transport ohne spürbares Zusatzgewicht. Gefertigt aus hochwertiger Aluminiumlegierung, bietet diese Pumpe maximale Robustheit und Langlebigkeit für zuverlässige Leistung. Die effiziente Pumpmechanik gewährleistet ein schnelles Aufpumpen bis zu 110 psi. Dieses vielseitige Werkzeug eignet sich hervorragend für Mountainbiker, Rennradfahrer und Pendler, die eine portable und leistungsstarke Lösung suchen. Eine praktische Rahmenhalterung ist im Lieferumfang enthalten und ermöglicht eine sichere Befestigung am Fahrrad.;1;40.95;;product.ops
449821837;78659;SKU-4204090012;SKU-4204090012;;;Villa Grinario Jersey-Spannbettuch ca. 90–100x200cm Erwachsene 100x200cm;Dieses hochwertige Jersey-Spannbettlaken von Villa Grinario bietet optimalen Schlafkomfort für Standardmatratzen der Größe 90-100x200 cm. Es ist ideal für Erwachsene konzipiert und sorgt für eine angenehme Nachtruhe. Gefertigt aus 100% gekämmter Baumwolle, fühlt sich das Laken besonders weich und hautfreundlich an. Der umlaufende, dauerelastische Gummizug garantiert einen perfekten, faltenfreien Sitz und verhindert zuverlässig Verrutschen. Das Spannbettlaken ist äußerst pflegeleicht, da es maschinenwaschbar und trocknergeeignet ist. Zudem bleibt es bügelfrei und formstabil, wodurch es auch nach vielen Wäschen seine brillante Farbe und Passform behält.;3;14.99;;product.ops
465074749;78659;SKU-4358173575;SKU-4358173575;196852765508;196852765508;Persönlichkeitsentwicklung Beziehungen 2020 Karton;Das SEEK DISCOMFORT SPARK Kartenspiel fördert gezielt die persönliche Entwicklung und hilft, die eigene Komfortzone bewusst zu erweitern. Es schafft unvergessliche Momente und bereichert den Alltag nachhaltig durch stärkere Verbindungen. Jede hochwertig gestaltete Karte bietet inspirierende Fragen oder anspruchsvolle Aufgaben, die zur Selbstreflexion anregen und neue Perspektiven eröffnen. Das Spiel ist aus robustem, langlebigem Material gefertigt und garantiert anhaltenden Spielspaß sowie bedeutungsvolle Erlebnisse. Dieses Kartenspiel ist sofort einsatzbereit und erfordert keine zusätzliche Montage, sodass ein direkter Einstieg ins Spielerlebnis möglich ist. Es ist ideal für Erwachsene ab 18 Jahren, die soziale Bindungen vertiefen und Empathie aktiv fördern möchten.;1;20;;product.ops
465100094;78659;SKU-4488972962;SKU-4488972962;4262448172770;;Gusskönig Dutch Oven Set NEU;Das Gusskönig Dutch Oven Set aus massivem Gusseisen ist ein vielseitiger Begleiter für Outdoor-Kocherlebnisse. Es gewährleistet eine konstante Hitzeverteilung, die jedes Gericht optimal gart. Mit einem Fassungsvermögen von 4,5 Litern ist dieses Set für 2 bis 4 Personen geeignet und ideal für Camping oder Gartenpartys. Die robuste Gusseisenkonstruktion sichert eine lange Lebensdauer und zuverlässige Nutzung. Der Lieferumfang beinhaltet einen Dutch Oven, eine Grillpfanne, einen Deckelheber, eine Reinigungsbürste und ein Rezeptbuch. Eine einfache Pflege nach Anleitung gewährleistet die Funktionalität und den Kochgenuss des Sets.;1;84.99;;product.ops
462181513;78659;SKU-4541378818;SKU-4541378818;;LKA003WGuk;Longking Selbstklebefliesen NEU;Die Longking Selbstklebefliesen bieten eine praktische Lösung für die Wandgestaltung in Küche und Bad. Diese Peel-and-Stick-Fliesen ermöglichen eine schnelle und unkomplizierte Anbringung ohne aufwendige Renovierungsarbeiten. Hergestellt aus widerstandsfähigem PVC-Material, verfügen diese Fliesen über eine langlebige und leicht zu reinigende Oberfläche. Ihre hohe Wasser- und Hitzebeständigkeit macht sie besonders geeignet für den Einsatz in Feuchträumen und im Bereich von Kochfeldern. Die Montage erfolgt mühelos ohne zusätzlichen Kleber oder Fugenmörtel, was den Installationsaufwand minimiert. Eine saubere und trockene Oberfläche ist vor der Anbringung notwendig, um eine optimale und dauerhafte Haftung zu gewährleisten.;2;19.99;;product.ops
458974941;78659;SKU-4743695203;SKU-4743695203;9783982023113;;Frieder Stöckle Andrea Deininger Hannelore: Zirkus auf dem Waldspielplatz;Dieses liebevoll gestaltete molino Bilderbuch entführt junge Leser in die zauberhafte Welt von Hannelore und ihren Freunden. Es bietet ein spannendes Zirkusabenteuer im Wald, das die kindliche Fantasie beflügelt und unvergessliche Vorlesemomente schafft. Die Geschichte von Frieder Stöckle und Andrea Deininger besticht durch charmante Charaktere und detailreiche, farbenfrohe Illustrationen. Dieses hochwertige Hardcover-Buch ist aus strapazierfähigem Papier gefertigt und garantiert langanhaltenden Lesespaß sowie Beständigkeit für viele Jahre. Das Bilderbuch vermittelt spielerisch wichtige Werte wie Freundschaft und Hilfsbereitschaft, wodurch es die kindliche Entwicklung bereichert. Es regt zum Erzählen an und fördert die soziale Kompetenz der jungen Leser auf spielerische Weise.;1;17.5;;product.ops
465027960;78659;SKU-4802639881;SKU-4802639881;9050064005382;FG030S4L;FITGRIFF Gewichtheben Gewichthebergürtel FG030S4L Gr. L NEU;Dieser FITGRIFF Classic Ledergürtel bietet ambitionierten Kraftsportlern maximale Stabilität und effektive Unterstützung des unteren Rückens. Er schützt die Wirbelsäule zuverlässig bei anspruchsvollen Hebeübungen wie Kniebeugen und Kreuzheben, indem er den intraabdominalen Druck erhöht und die Rumpfmuskulatur optimal stabilisiert. Gefertigt aus robustem und langlebigem Premium-Leder, gewährleistet dieser Gürtel höchsten Tragekomfort und außergewöhnliche Beständigkeit bei jeder Bewegung. Seine präzise Konstruktion ermöglicht eine sichere und anpassungsfähige Passform, welche die Leistung und Sicherheit im Training maßgeblich steigert. Der sofort einsatzbereite FITGRIFF Classic Ledergürtel überzeugt durch seine hochwertige Verarbeitung und erfordert nur minimale Pflege für dauerhafte Funktionalität. Er ist die ideale Wahl für Sportler, die Wert auf zuverlässige Ausrüstung und langfristige Trainingserfolge legen.;1;39.95;;product.ops
449821480;78659;SKU-4820097368;SKU-4820097368;4255700108594;;CRBTUMI Rolltop Rucksack NEU;Der TAN. TOMI Rolltop Rucksack ist Ihr vielseitiger Begleiter für den Alltag, die Universität oder kurze Reisen. Sein flexibles Rolltop-Design ermöglicht eine variable Volumenerweiterung von 25 bis 40 Litern und schützt den Inhalt zuverlässig vor leichtem Regen. Im Inneren finden Sie ein gepolstertes Laptopfach, das Geräte bis zu 15. 6 Zoll sicher aufnimmt, sowie diverse Innen- und Außentaschen für optimale Organisation. Diese durchdachte Aufteilung sorgt für schnellen Zugriff auf Ihre Essentials und hält alles ordentlich verstaut. Hoher Tragekomfort wird durch das atmungsaktive Mesh-Rückenteil, die gepolsterte Rückenfläche und die verstellbaren Schultergurte mit Brustgurt gewährleistet, selbst bei längeren Wegen. Gefertigt aus robustem, wasserabweisendem Polyester, ist dieser Rucksack langlebig, pflegeleicht und ideal für den täglichen Gebrauch.;7;19.94;;product.ops
465085060;78659;SKU-4846525236;SKU-4846525236;;;QinnFSIYANG Elektroroller F6 NEU;Der QinnFSIYANG Elektroroller F6 revolutioniert die urbane Mobilität durch eine ideale Kombination aus Stil und Effizienz. Seine robuste Konstruktion aus Metall und hochwertigem Kunststoff gewährleistet maximale Langlebigkeit und zuverlässige Performance. Dieser E-Scooter wird vollständig montiert geliefert, was ein sofortiges Fahrvergnügen ohne zusätzlichen Aufwand ermöglicht. Integrierte Sicherheitsmerkmale wie ein helles Frontlicht und eine Klingel erhöhen die Sicherheit im Straßenverkehr erheblich. Das ultrakompakte Faltdesign bietet mühelosen Transport und platzsparende Lagerung, ideal für Pendler und Reisen. Die einfache Pflege sorgt zudem dafür, dass der Roller seine makellose Optik und Funktionalität langfristig beibehält.;1;238;;product.ops
458478956;78659;SKU-4919757592;SKU-4919757592;;;Clockhouse Herren Flanellhemd Blau Kariert Gr. L Baumwolle NEU;Das Clockhouse Herren Flanellhemd bietet höchsten Tragekomfort und einen lässig-eleganten Stil für den modernen Mann. Es ist die perfekte Wahl für entspannte Stunden und verleiht jedem Outfit eine zeitlos modische Ausstrahlung. Gefertigt aus 100% reiner, weicher Baumwolle, garantiert dieses Hemd eine angenehme Haptik und hervorragende Atmungsaktivität. Das klassische blau-graue Karomuster sowie die langen Ärmel machen es zu einem vielseitigen Begleiter für diverse Anlässe und Jahreszeiten. Dieses Flanellhemd ist besonders pflegeleicht und kann unkompliziert in der Maschine gewaschen werden, was eine einfache Handhabung im Alltag sicherstellt. Erleben Sie langanhaltende Freude an diesem hochwertigen Clockhouse Fashion Flanellhemd in Größe L, das für einen stilvollen Auftritt konzipiert wurde.;1;35.99;;product.ops
465069064;78659;SKU-4949389854;SKU-4949389854;4270004188707;B0CVL5FR3S;evoTrek Fahrradabschleppsystem B0CVL5FR3S NEU;Das evoTrek Loop Fahrradabschleppsystem revolutioniert Familienausflüge, indem es das sichere und mühelose Ziehen von Fahrrädern ermöglicht. Genießen Sie entspannte Touren und flexible Pausen, ohne sich um die Kondition der Kleinsten sorgen zu müssen. Dieses System ist mit einem 2,2 Meter langen, gummierten Drahtseil ausgestattet, das eine schnelle und werkzeuglose Montage an nahezu jedem Fahrradtyp erlaubt. Die robuste Konstruktion aus hochwertigem Aluminium, Gummi und Nylon garantiert dabei maximale Sicherheit und eine außergewöhnliche Langlebigkeit. Der Lieferumfang umfasst das sofort einsatzbereite evoTrek Loop Abschleppsystem, welches kompakt und leicht zu verstauen ist. Für eine dauerhaft zuverlässige Unterstützung ist keine spezielle Wartung erforderlich, sodass Sie sich voll auf Ihre Abenteuer konzentrieren können.;1;19.99;;product.ops
449821266;78659;SKU-4996518676;SKU-4996518676;4710069709269;BAG29601;Radsport Satteltasche BAG29601;Diese Topeak DynaWedge L Satteltasche bietet zuverlässigen Schutz für Ihre persönlichen Gegenstände auf jeder Fahrradtour. Ihr aerodynamisches Design minimiert den Luftwiderstand und fügt sich harmonisch in die Ästhetik Ihres Fahrrads ein. Gefertigt aus strapazierfähigem 210D und 420D Nylon mit wasserabweisender PU-Beschichtung, gewährleistet diese Tasche maximale Langlebigkeit und Widerstandsfähigkeit gegen Witterungseinflüsse. Die unkomplizierte und sichere Montage erfolgt mittels robuster Klettgurte, passend für Sattelstützen von 25,4 bis 31,8 mm Durchmesser. Mit einem kompakten Volumen von 0,6 Litern bietet sie ausreichend Stauraum für essentielle Utensilien wie Werkzeug oder Flickzeug, ohne dabei aufzutragen. Das geringe Eigengewicht von nur 69 Gramm macht sie auf Fahrten kaum spürbar und unterstützt ein unbeschwertes Fahrerlebnis, ideal für Rennräder und Mountainbikes.;6;19.99;;product.ops
458463095;78659;SKU-5017039989;SKU-5017039989;5054142498336;SKU-5017039989;Mountain Guide Outdoor-Schuh Herren Mesh/Synthetik SKU-5017039989 NEU;Dieser Mountain Guide Herren Outdoor-Sportschuh ist der ideale Begleiter für anspruchsvolle Abenteuer in der Natur. Er vereint zuverlässigen Schutz mit herausragendem Tragekomfort und hält Ihre Füße dank wasserdichter Konstruktion stets trocken. Die griffige Profilsohle bietet optimalen Halt auf vielfältigen Untergründen und sorgt für sichere Trittsicherheit. Gleichzeitig gewährleistet das atmungsaktive Mesh/Synthetik-Obermaterial ein exzellentes Fußklima, selbst bei intensiver Aktivität. Ein gepolsterter Schaft und eine robuste Zehenschutzkappe bieten zusätzlichen Schutz und erhöhen den Komfort auf langen Touren. Die hochwertige Verarbeitung und strapazierfähigen Materialien garantieren eine lange Lebensdauer und machen diesen Schuh zu einem verlässlichen Partner für jede Wanderung.;1;248;;product.ops
458466968;78659;SKU-5032047149;SKU-5032047149;6941123909198;SBP0020;Goldhof Logistik GmbH Hochschrank NEU;Dieser Hochschrank ist die ideale Lösung zur Optimierung des Stauraums in kleinen Bädern und Gäste-WCs. Sein zeitloses weißes Design fügt sich nahtlos in jede moderne Einrichtung ein und schafft eine aufgeräumte, stilvolle Atmosphäre. Dieser Badschrank ist aus hochwertigen Holzwerkstoffen gefertigt, was eine außergewöhnliche Langlebigkeit und Stabilität im täglichen Gebrauch garantiert. Die feuchtigkeitsbeständige Oberfläche ist zudem äußerst pflegeleicht und ermöglicht eine mühelose, hygienische Reinigung, selbst in feuchten Umgebungen. Der Hochschrank bietet mit seinen vier leichtgängigen Schubladen eine übersichtliche Organisation Ihrer Badartikel und persönlichen Gegenstände. Er lässt sich flexibel freistehend platzieren oder platzsparend an der Wand montieren, um sich perfekt an Ihre individuellen Raumgegebenheiten anzupassen.;1;39.99;;product.ops
462237006;78659;SKU-5037405516;SKU-5037405516;4251887649042;23085;Kräuterschere Edelstahl Eisen 32cm Küche Garten Balkon Zum Aufhängen NEU;Die LOBERON Kräuterschere Magnoux wurde speziell für die präzise und schonende Ernte frischer Kräuter entwickelt, sei es direkt aus Ihrem Garten oder vom heimischen Fensterbrett. Sie ermöglicht Ihnen, stets aromatische Zutaten für Ihre Küche zu genießen, indem Sie Kräuter wie Schnittlauch, Petersilie und Rosmarin mühelos und akkurat schneiden. Das elegante und zugleich hochfunktionale Design dieser Schere basiert auf einer Kombination aus hochwertigem Edelstahl und robustem Eisen. Diese Materialwahl garantiert nicht nur eine außergewöhnliche Langlebigkeit, sondern auch eine zuverlässige Leistung bei jeder Anwendung. Ein ergonomisch geformter Griff mit einer integrierten Aufhängeöse gewährleistet, dass die Schere stets griffbereit und ordentlich verstaut werden kann, was die tägliche Küchenarbeit erheblich erleichtert. Für eine optimale Pflege und den Erhalt der dauerhaften Schärfe wird die regelmäßige Reinigung nach jedem Gebrauch sowie eine trockene Lagerung empfohlen.;1;12.9;;product.ops
458453027;78659;SKU-5091393302;SKU-5091393302;8718891015578;B423K;Unbekannt B423K Laser-Tonerkartusche Standard Schwarz;Die TN-423K Laser-Tonerkartusche liefert gestochen scharfe Schwarzweißdrucke für professionelle Dokumente. Sie ist eine zuverlässige und wirtschaftliche Alternative zu Originaltonern, die kompromisslose Druckqualität sichert. Diese hochwertige Kartusche ist für eine einfache und schnelle Installation konzipiert, um unterbrechungsfreies Arbeiten zu gewährleisten. Sie bietet konsistente Leistung und exzellente Druckergebnisse, die Ihre Büroproduktivität nachhaltig steigern. Diese Tonerkartusche ist perfekt kompatibel mit zahlreichen Brother HL-L, MFC-L und DCP-L Modellen. Sie erreicht eine beeindruckende Seitenreichweite von etwa 4. 000 Seiten, was sie ideal für den intensiven Bürogebrauch macht.;1;25.33;;product.ops
462239023;78659;SKU-5392843955;SKU-5392843955;9002592400207;;Brevillier's CRETACOLOR Zeichenset Artino Drawing Set NEU;Das Brevillier's CRETACOLOR Artino Zeichenset bietet Künstlern und Hobbyzeichnern eine umfassende Plattform für kreative Entfaltung. Es eignet sich hervorragend für ausdrucksstarke Skizzen sowie detaillierte Zeichnungen, von ersten Entwürfen bis zu komplexen Kunstwerken. Dieses sorgfältig zusammengestellte 10-teilige Set beinhaltet hochwertige Zeichenmaterialien wie Sanguine, Sepia, Kohle und Weißkreide. Diese Medien garantieren brillante, langanhaltende Ergebnisse und fördern eine angenehme sowie präzise Handhabung bei jedem Einsatz. Der umfassende Lieferumfang enthält alle wesentlichen Werkzeuge, darunter Bleistifte, Kreiden, Radiergummi und Spitzer, für einen sofortigen kreativen Start. Die professionelle Qualität dieser in Österreich hergestellten Zeichenwerkzeuge inspiriert zu Höchstleistungen und erfüllt höchste Ansprüche an Künstlerbedarf.;2;39.99;;product.ops
462245701;78659;SKU-5674295862;SKU-5674295862;;RF260;RHINOWALK Radsport Fahrrad Transporttasche RF260 NEU;Die RHINOWALK RF260 Transporttasche bietet Ihrem 26-Zoll-Faltfahrrad optimalen Schutz und erleichtert den Transport erheblich. Sie bewahrt Ihr wertvolles Rad zuverlässig vor Schmutz, Staub und Stößen, ideal für Reisen oder die tägliche Pendelstrecke. Gefertigt aus extrem widerstandsfähigem 600D PVC Polyester, garantiert diese Tasche außergewöhnliche Langlebigkeit und höchste Widerstandsfähigkeit gegen äußere Einflüsse. Mit ihren großzügigen Maßen von 98x40x80 cm bietet sie ausreichend Platz für Ihr Faltrad und dessen Komponenten, während das geringe Gewicht von 1900g den Transport mühelos macht. Der Lieferumfang umfasst die RHINOWALK RF260 Transporttasche, die sich dank der integrierten Buggy-Tasche platzsparend verstauen lässt. Für langanhaltende Freude an diesem Qualitätsprodukt empfehlen wir eine einfache Reinigung gemäß den Materialeigenschaften, um den hochwertigen Zustand zu bewahren und die Lebensdauer zu verlängern.;1;34.19;;product.ops
449821653;78659;SKU-5687802687;SKU-5687802687;;UNIFLOW;Homerella Badewanneneinlage UNIFLOW 88cm Alle Altersgruppen Gr. 88x39cm PVC;Die Homerella UNIFLOW Badewanneneinlage gewährleistet maximale Sicherheit in Ihrem Badezimmer durch ihre innovative rutschfeste Oberfläche. Zahlreiche starke Saugnäpfe bieten einen festen und zuverlässigen Halt auf allen glatten Badewannenoberflächen. Gefertigt aus langlebigem, hautsensitivem PVC-Material, ist diese Einlage besonders pflegeleicht und hygienisch. Mit großzügigen Maßen von 88 x 39 cm passt sie optimal in die meisten Standardbadewannen und sorgt durch extra große Drainagelöcher für einen schnellen Wasserablauf. Diese Badematte ist antibakteriell, schimmelresistent und maschinenwaschbar bei 30°C, was eine einfache und gründliche Reinigung ermöglicht. Ein praktischer Haken ist im Lieferumfang enthalten, um die Einlage nach Gebrauch bequem aufzuhängen und ihre Lebensdauer zu verlängern.;24;17.99;;product.ops
458456592;78659;SKU-5722168408;SKU-5722168408;4067983276613;SKU-5722168408;PUMA Sneaker UnisexErwachsene Gr. 6 Vivid Blue Vapor Gray SKU-5722168408;Der PUMA Road Rider SD Sneaker vereint gekonnt Retro-Charme mit modernem Komfort und ist die ideale Wahl für stilbewusste Erwachsene. Seine auffällige Farbkombination macht ihn zu einem echten Blickfang, der im Alltag und bei Freizeitaktivitäten überzeugt. Dieser Sneaker ist aus einer hochwertigen Mischung aus Mesh, Wildleder und Synthetik gefertigt, was für Atmungsaktivität und Strapazierfähigkeit sorgt. Eine dämpfende Sohle und die klassische Schnürung garantieren optimalen Tragekomfort sowie eine individuelle Passform den ganzen Tag über. Mit seiner robusten Gummisohle bietet der Road Rider SD zuverlässigen Halt und lässt sich mühelos in jede Garderobe integrieren. Das zeitlose Design und die hochwertige Verarbeitung gewährleisten langanhaltende Freude an diesem vielseitigen Schuhwerk.;1;52.49;;product.ops
458475277;78659;SKU-5729537867;SKU-5729537867;9783789141256;;Astrid Lindgren Gebundene Ausgabe Deutsch;Tauchen Sie ein in Astrid Lindgrens herzerwärmende Weihnachtsgeschichte 'Wie gut, dass es Weihnachtsferien gibt, sagte Madita', die festliche Stimmung in jedes Zuhause bringt. Dieses bezaubernde Kinderbuch ist ideal für besinnliche Vorlesestunden und schafft unvergessliche magische Momente für die ganze Familie. Astrid Lindgrens zeitlose Weihnachtsgeschichte wird durch die liebevollen Illustrationen von Ilon Wikland lebendig und fördert spielerisch die kindliche Fantasie. Diese hochwertige gebundene Ausgabe des Oetinger Verlags ist aus robustem Papier gefertigt und verspricht langanhaltenden Lesespaß für Generationen. Im Lieferumfang ist die sorgfältig geprüfte Ausgabe des Kinderbuchs enthalten, bereit für neue Abenteuer und unvergessliche Lesestunden. Diese Neuauflage verspricht ungetrübten Lesegenuss und ist ein wunderbares Geschenk für jeden Anlass.;1;5;;product.ops
458453019;78659;SKU-5740515403;SKU-5740515403;197642799963;AL0A7R7G000-130;Altra Laufschuh Erwachsene Grau/Blau Textil Synthetik AL0A7R7G000-130 NEU;Der Altra Escalante Racer 2 Herren-Laufschuh wurde speziell für ambitionierte Läufer konzipiert, die bei Wettkämpfen und intensivem Training maximale Agilität und ein natürliches Laufgefühl bevorzugen. Er vereint den bewährten Altra-Komfort mit effizienter Performance, um Ihre sportlichen Ziele optimal zu unterstützen und ein herausragendes Lauferlebnis zu gewährleisten. Dieser Schuh ist mit einem hoch atmungsaktiven Mesh-Obermaterial ausgestattet, das selbst bei intensiver Belastung für ein optimales Fußklima sorgt. Die innovative FootShape™ Zehenbox bietet zudem optimale Fußfreiheit und maximiert den Tragekomfort. Die reaktionsfreudige Altra EGO™ Zwischensohle gewährleistet eine beeindruckende Energierückgabe und fördert eine natürliche Laufhaltung. Seine leichtgewichtige Konstruktion ermöglicht schnelle, agile Bewegungen und macht ihn zum idealen Begleiter für Straßenläufe und intensive Trainingseinheiten.;1;120;;product.ops
458453376;78659;SKU-5740939127;SKU-5740939127;4002541666529;066652;Leonardo Schalen-Set 066652 Glas Transparent NEU;Das Leonardo Schalen-Set bietet eine elegante und äußerst praktische Lösung zum stilvollen Servieren und Aufbewahren Ihrer Speisen. Sein zeitloses Design fügt sich nahtlos in jede Küchen- und Tischdekoration ein. Gefertigt aus hochwertigem, robustem Glas, sind diese Schalen äußerst funktional und langlebig. Sie sind spülmaschinenfest für mühelose Reinigung, stapelbar zur platzsparenden Aufbewahrung und hitzebeständig bis 80°C. Dieses umfassende Set beinhaltet eine große Schale mit 1900 ml Fassungsvermögen und vier kleinere Schälchen mit je 300 ml Volumen. Es ist ideal für vielfältige kulinarische Kreationen und garantiert langanhaltende Freude in Ihrer Küche.;1;19.95;;product.ops
462237005;78659;SKU-5780092798;SKU-5780092798;4033592047524;00828L;SW-Stahl Ring-Maulschlüssel Nein NEU;Der SW-Stahl Ring-Maulschlüssel 38 mm ist ein unverzichtbares Präzisionswerkzeug für professionelle Anwendungen und anspruchsvolle Heimwerker. Er ermöglicht das sichere Anziehen und zuverlässige Lösen von Schraubverbindungen mit höchster Genauigkeit. Gefertigt aus einer extrem robusten und korrosionsbeständigen Stahllegierung, garantiert dieses hochwertige Werkzeug eine zuverlässige Leistung und eine außergewöhnlich lange Lebensdauer. Dieses Qualitätswerkzeug erfüllt die strengen ISO 7736 Normen und gewährleistet höchste Zuverlässigkeit und Sicherheit im täglichen Einsatz. Die vielseitige Kombination aus Ring- und Maulschlüssel bietet unübertroffene Flexibilität und einen festen Halt, selbst unter schwierigen Arbeitsbedingungen. Durch die präzise Verarbeitung sorgt es für optimale Kraftübertragung und minimiert das Risiko von Beschädigungen an Schraubenköpfen.;1;41.45;;product.ops
449823557;78659;SKU-5795572847;SKU-5795572847;;;ADVENTURE Strandmuschel NEU;Die ADVENTURE Pop-Up Strandmuschel bietet sofortigen UV 50+ Schutz und ist der ideale Begleiter für unbeschwerte Stunden im Freien. Sie schützt zuverlässig vor intensiver Sonneneinstrahlung, Wind sowie leichtem Regen und ermöglicht entspannte Tage am Strand oder im Park. Gefertigt aus robustem, hochwertigem und UV-beständigem Material, garantiert diese Strandmuschel exzellenten Sonnenschutz für die ganze Familie. Der innovative Pop-Up-Mechanismus ermöglicht einen blitzschnellen Aufbau in nur wenigen Sekunden, ganz ohne komplizierte Stangen oder Werkzeuge. Für maximalen Komfort lässt sich die Strandmuschel dank geringem Gewicht und kompaktem Packmaß mühelos transportieren, unterstützt durch die mitgelieferte Tragetasche. Die einfache Reinigung durch Abwischen gewährleistet zudem eine schnelle Wiederverwendung und langanhaltende Freude an Ihrem Outdoor-Begleiter.;1;34.99;;product.ops
449822177;78659;SKU-5799111421;SKU-5799111421;8720707001286;LV70007;Philips LED High Bay Hallenleuchte LV70007 266x167mm 200W Aluminium Schwarz;Die Philips LED High Bay Hallenleuchte mit 200W Leistung revolutioniert die Beleuchtung in Lager- und Industriebereichen durch ihre außergewöhnliche Helligkeit. Sie liefert beeindruckende 35. 000 Lumen tageslichtweißes Licht bei 6500 Kelvin, was den Sichtkomfort erheblich steigert und die Produktivität am Arbeitsplatz fördert. Ein robustes Aluminiumgehäuse im kompakten UFO-Design gewährleistet eine herausragende Langlebigkeit von bis zu 50. 000 Stunden, unterstützt durch ein effizientes Wärmemanagement. Hochwertige Lumileds-LED-Chips und ein zuverlässiger Philips-Treiber garantieren zudem ein flackerfreies Licht und eine beeindruckende Energieeffizienz von 175 Lumen pro Watt. Die schwarze LED-Hallenleuchte wird mit einer vormontierten Aufhängeöse geliefert, was eine unkomplizierte und schnelle Hängemontage ermöglicht. Für eine sichere elektrische Installation und die Gewährleistung optimaler Funktion wird dringend empfohlen, eine qualifizierte Fachkraft zu beauftragen.;1;64.9;;product.ops
462241974;78659;SKU-5842899450;SKU-5842899450;4251307247216;SKU-5842899450;Stahlia Schubladenschiene NEU;Die Stahlia Teleskopschienen bieten einen sanften Vollauszug, der die Zugänglichkeit und Ordnung in Ihren Möbeln spürbar verbessert. Sie eignen sich hervorragend zur funktionalen Aufwertung von Küchen-, Büro- oder Werkstattmöbeln und optimieren deren Nutzung durch reibungslose Bewegung. Gefertigt aus robustem, verzinktem Stahl, garantieren diese Schubladenschienen außergewöhnliche Stabilität und Langlebigkeit im täglichen Gebrauch. Die integrierten Kugellager sorgen für eine reibungslose und nahezu geräuschlose Bewegung, selbst bei hoher Belastung, und sichern dauerhafte Funktionalität. Die unkomplizierte Seitenmontage ermöglicht eine schnelle und einfache Inbetriebnahme in jedem Möbelstück, ideal für diverse Anwendungsbereiche. Mit ihrer hohen Tragfähigkeit sind diese Vollauszüge perfekt zur Aufwertung von Küchen-, Büro- und Werkstattmöbeln geeignet und bieten eine zuverlässige Lösung für mehr Komfort.;1;14.62;;product.ops
458515696;78659;SKU-5943400007;SKU-5943400007;9014400193201;VK280990T;Cretacolor Farbstifte VK280990T Künstler Schüler Hobbyisten Holz Mehrfarbig;Das Cretacolor Artist Studio Farbstifte-Set bietet eine beeindruckende Auswahl von 250 brillanten Farben, die Künstlern und Hobbyisten unbegrenzte kreative Möglichkeiten eröffnen. Diese umfassende Farbvielfalt erweckt jede Nuance Ihrer Vorstellungskraft zum Leben und verleiht Ihren Kunstwerken eine außergewöhnliche Tiefe. Jeder Farbstift zeichnet sich durch hervorragende Farbbrillanz und eine außergewöhnliche Mischbarkeit aus, was fließende Übergänge und lebendige Kompositionen ermöglicht. Die ergonomisch geformten Stifte aus hochwertigem Holz garantieren dabei präzises und ermüdungsfreies Arbeiten über lange Stunden hinweg. Dieses Premium-Set, gefertigt in Österreich, ist ideal für professionelle Künstler, engagierte Schüler und ambitionierte Hobbyisten gleichermaßen geeignet. Es bietet eine komplette Palette für alle kreativen Projekte und erfüllt höchste Ansprüche an Qualität und Leistung.;1;109.99;;product.ops
458453032;78659;SKU-6099130668;SKU-6099130668;4960999628639;718;Canon 718 Tonerkartusche Schwarz für i-SENSYS Drucker 2662B002 NEU;Die originale Canon 718 Tonerkartusche in Schwarz ist die optimale Wahl für professionelle Druckergebnisse in jedem Büro oder Homeoffice. Sie gewährleistet gestochen scharfe Texte und brillante Schwarztöne, die für hochwertige Ausdrucke bei jeder Anwendung unerlässlich sind. Diese Tonerkartusche wurde speziell für eine nahtlose und optimale Leistung mit Canon i-SENSYS Farblaserdruckern entwickelt. Ihre hochwertige Verarbeitung und die präzisen Tonerpartikel garantieren eine exzellente, gleichmäßige Farbverteilung sowie detailreiche und langlebige Ergebnisse. Dank ihrer sofortigen Einsatzbereitschaft integriert sich die Canon 718 Tonerkartusche mühelos in Ihren Arbeitsalltag. Vertrauen Sie auf die bewährte und zuverlässige Canon-Qualität, um eine reibungslose und effiziente Nutzung Ihrer Druckgeräte sicherzustellen.;2;36.39;;product.ops
458975013;78659;SKU-6148008788;SKU-6148008788;;;TPE YOGA Yogamatte Standard NEU;Die TPE YOGA Yogamatte bietet eine zuverlässig rutschfeste Oberfläche und exzellenten Grip für maximale Stabilität bei jeder Übung. Ihre 6 mm dicke, gelenkschonende Dämpfung sorgt für höchsten Komfort und schützt Ihre Gelenke effektiv während intensiver Trainingseinheiten. Gefertigt aus hautfreundlichem und umweltfreundlichem TPE-Material, garantiert diese Matte optimale Sicherheit und Nachhaltigkeit für Ihr Training. Sie ist ideal für Yoga, Pilates und vielseitige Fitnessaktivitäten geeignet, um Ihr Wohlbefinden zu maximieren. Diese Yogamatte ist äußerst pflegeleicht und lässt sich nach jedem Training mühelos reinigen, was eine stets hygienische Nutzung gewährleistet. Die Lieferung umfasst eine TPE YOGA Yogamatte, die sofort für Ihr nächstes Training einsatzbereit ist.;3;29.9;;product.ops
458470093;78659;SKU-6307001376;SKU-6307001376;8720637479520;;Tommy Hilfiger Sneaker Damen Gr. 40 Ancient White Lederimitat NEU;Die Tommy Hilfiger Essential Runner Metallics Sneaker in Ancient White verbinden elegantes Design mit höchstem Tragekomfort für den stilbewussten Alltag. Diese vielseitigen Damen-Sneaker ergänzen mühelos jedes Outfit und bieten unzählige Kombinationsmöglichkeiten für jede Gelegenheit. Gefertigt aus hochwertigem Lederimitat, bestechen diese Schuhe durch ihre edle Optik und versprechen gleichzeitig langlebige Qualität. Eine optimal gepolsterte Innensohle und die flexible Gummilaufsohle gewährleisten exzellenten Halt und ein durchweg angenehmes Laufgefühl. Die praktische Schnürung ermöglicht eine individuelle und präzise Anpassung an den Fuß, während das dezente Tommy Hilfiger Logo die exklusive Marken-Note unterstreicht. Mit diesen Sneakern erhalten Sie ein stilvolles Paar, das Komfort und modisches Statement gekonnt miteinander verbindet.;1;49;;product.ops
449821521;78659;SKU-6558668236;SKU-6558668236;4251897512916;SKU-6558668236;Blumtal Doppelrollo Lila 100% Polyester SKU-6558668236 NEU;Das Blumtal Doppelrollo in elegantem Lila bietet eine stilvolle und hochfunktionale Lösung für Ihre Fenster. Es ermöglicht durch sein innovatives Design mit transparenten und blickdichten Streifen eine präzise Lichtregulierung, die eine optimale Atmosphäre und Privatsphäre schafft. Gefertigt aus 100% strapazierfähigem Polyester, garantiert dieses Doppelrollo Langlebigkeit und ist zudem äußerst pflegeleicht sowie widerstandsfähig gegenüber täglicher Beanspruchung. Mit seinen Maßen von 85 x 155 cm bietet es effektiven Sicht-, Blend- und zuverlässigen Sonnenschutz, passend für eine Vielzahl von Standardfenstern. Die Montage gestaltet sich dank des innovativen Klemmfix-Systems denkbar einfach und schnell, ganz ohne Bohren oder Schrauben. Im Lieferumfang sind das Doppelrollo, alle notwendigen Klemmträger und eine leicht verständliche Anleitung enthalten, um eine sofortige und unkomplizierte Installation zu gewährleisten.;2;19.99;;product.ops
458453073;78659;SKU-6586579725;SKU-6586579725;4001969182901;0870.00;CENTA-STAR Luxus Bettdecke 0870.00 Gr. 135x200cm NEU;Erleben Sie unvergleichlichen Schlafkomfort mit dieser CENTA-STAR Royal Duo-Bettdecke, die speziell für tiefen, erholsamen Schlaf konzipiert wurde. Sie schafft eine kuschelig-warme Wohlfühltemperatur und gewährleistet ganzjährig ein trockenes, angenehmes Schlafklima für höchste Ansprüche. Das Herzstück bildet eine innovative Füllung aus Primaloft Bio High-Tech-Faser, welche exzellente Isolation und effizienten Feuchtigkeitstransport bietet. Diese atmungsaktive Materialzusammensetzung garantiert ein behagliches sowie hygienisches Schlafumfeld und fördert eine gesunde Schlafumgebung. Die Bettdecke überzeugt zudem durch ihre herausragende Pflegeleichtigkeit und ist problemlos in der Waschmaschine bis 60°C reinigbar. Dank ihrer hypoallergenen Eigenschaften ist sie eine ausgezeichnete Wahl für Allergiker und bietet langanhaltende Frische und Sauberkeit.;4;149;;product.ops
458453029;78659;SKU-7049665224;SKU-7049665224;;;H M Damen Strickjacke Hellblau Gr.xL Materialmix NEU;Diese H&M Damen Strickjacke in Hellblau bietet eleganten Stil und hohen Tragekomfort für jede Garderobe. Sie ist vielseitig kombinierbar und ideal für entspannte Freizeitmomente sowie schickere Business-Looks. Gefertigt aus einem weichen Strickmaterialmix, besticht der Cardigan durch sein ansprechendes Zopfmuster und eine sanfte Haptik. Der klassische Rundhalsausschnitt und die dezente Knopfleiste unterstreichen eine feminine Silhouette, die den ganzen Tag über höchsten Tragekomfort bietet. Dieses Kleidungsstück ist perfekt für alle Jahreszeiten geeignet und wertet jedes Outfit mühelos auf. Die pflegeleichten Eigenschaften gewährleisten eine lange Haltbarkeit und dauerhafte Freude an diesem stilvollen Cardigan.;1;29.99;;product.ops
458456447;78659;SKU-7151143475;SKU-7151143475;4061418025265;SKU-7151143475;Birkenstock Pantoletten Herren Sapphire Birko-Flor SKU-7151143475 NEU;Die Birkenstock Arizona Pantoletten für Herren vereinen zeitloses Design mit herausragendem Komfort. Sie sind die ideale Wahl für entspannte Stunden und bereichern Ihren Alltag durch vielfältige Freizeitaktivitäten. Das anatomisch geformte Naturkork-Fußbett sorgt für optimalen Halt und unvergleichliche Bequemlichkeit bei jedem Schritt. Ergänzt wird dies durch das strapazierfähige Birko-Flor-Obermaterial und die leichte EVA-Laufsohle, die langanhaltende Qualität und exzellente Dämpfung garantieren. Dank der zwei individuell verstellbaren Riemen lassen sich diese Pantoletten präzise an Ihre Fußform anpassen. Dies gewährleistet stets eine sichere und komfortable Passform für langanhaltendes Wohlbefinden und einen festen Sitz, ideal für den täglichen Gebrauch.;1;64.24;;product.ops
458460825;78659;SKU-7234186083;SKU-7234186083;4550457733175;1200A481-100;ASICS Sneaker UnisexErwachsene Gr. 41.5 Cremeweiß/Weiß Wildleder;Der ASICS EX89 Sneaker vereint ikonisches Retro-Design mit modernem Tragekomfort für modebewusste Erwachsene. Er ist die ideale Wahl für Personen, die Ästhetik und Funktionalität im Alltag gleichermaßen schätzen. Das hochwertige Obermaterial aus edlem Wildleder in Cremeweiß/Weiß verleiht diesem Schuh einen anspruchsvollen und vielseitigen Look. Die innovative FF BLAST™-Dämpfung in der Ferse garantiert reaktionsfreudige Energierückgabe und außergewöhnlichen Komfort bei jedem Schritt. Eine robuste Gummi-Außensohle sorgt für exzellente Traktion und langanhaltende Haltbarkeit auf diversen Untergründen. Dieser Sneaker ist vielseitig kombinierbar und perfekt für stilvolle Einsätze in Freizeit und Alltag geeignet.;1;89.99;;product.ops
449822440;78659;SKU-7237772440;SKU-7237772440;4710069708088;TJB-UET1;Standpumpe TJB-UET1;Die Topeak JoeBlow Urban EX Standpumpe gewährleistet optimalen Reifendruck und steigert dadurch die Fahrsicherheit erheblich. Sie ermöglicht ein müheloses Fahrerlebnis mit maximalem Komfort und Sicherheit, ideal für Stadtfahrten und längere Touren. Ausgestattet mit einem vielseitigen TwinHead-Pumpenkopf, ist diese Pumpe nahtlos mit Presta- und Schrader-Ventilen kompatibel, ohne zusätzliche Adapter zu erfordern. Der robuste Metallzylinder und das widerstandsfähige Kunststoffgehäuse garantieren eine lange Haltbarkeit sowie zuverlässige Leistung im täglichen Einsatz. Diese hochwertige Fahrradpumpe eignet sich hervorragend für Urban- und E-Bikes und ermöglicht eine schnelle sowie präzise Reifenbefüllung. Das integrierte Manometer bietet jederzeit eine einfache und genaue Druckkontrolle, was die Lebensdauer Ihrer Reifen zusätzlich optimiert.;1;27.99;;product.ops
465103318;78659;SKU-7245071607;SKU-7245071607;4050297119295;DZ108154;DIGITAL REVOLUTION DZ108154 Tintenpatrone Standard 10ml Gelb NEU;Die DIGITAL REVOLUTION Tintenpatrone LC422 in Gelb bietet eine hochwertige und zuverlässige Lösung für Ihre täglichen Druckanforderungen. Sie ist speziell als kompatible Alternative für eine Vielzahl von Brother MFC-Druckermodellen konzipiert, um optimale Leistung und Farbtreue zu gewährleisten. Mit einer Füllmenge von 10 ml ermöglicht diese Patrone eine beeindruckende Seitenleistung von bis zu 550 Ausdrucken, was sie zu einer effizienten Wahl für den intensiven Gebrauch macht. Die fortschrittliche Tintenformulierung sorgt dabei für gestochen scharfe Texte und lebendige, langanhaltende Farbdarstellungen auf unterschiedlichsten Papiertypen. Die Installation der Patrone ist denkbar einfach und ermöglicht ein schnelles Wiederaufnehmen Ihrer Druckaufgaben ohne Komplikationen. Dieses Produkt erfüllt strenge Qualitätsstandards und ist eine umweltbewusste Wahl für professionelle sowie private Anwender.;1;15.45;;product.ops
458456580;78659;SKU-7290912165;SKU-7290912165;4064232428991;2-22451-43;Marco Tozzi Pumps Damen Gr. 37 Nude Synthetik (veloursähnlich 2-22451-43;Diese eleganten Marco Tozzi Damen Pumps in zeitlosem Nude vereinen mühelos Stil und höchsten Tragekomfort für jeden Anlass. Ihr klassisches Design mit runder Schuhspitze macht sie zur idealen Wahl für Business, festliche Anlässe oder einen stilvollen Freizeit-Look. Gefertigt aus hochwertigem, 100% veganem Synthetikmaterial, bieten diese Pumps nicht nur eine angenehme Haptik, sondern sind auch eine bewusste, tierfreundliche Wahl. Der stabile Blockabsatz gewährleistet einen sicheren Stand und ermöglicht langanhaltenden Tragekomfort den ganzen Tag über. Das robuste und pflegeleichte Obermaterial garantiert neben der ansprechenden Optik auch die bemerkenswerte Langlebigkeit dieser Schuhe. Für die einfache Pflege genügt ein feuchtes Tuch, um die Schönheit und den Glanz dauerhaft zu bewahren.;1;29.95;;product.ops
465103326;78659;SKU-7350795017;SKU-7350795017;4061474124438;302867;Primewire Antennenkabel 302867 15m Schwarz NEU;Dieses Primewire Antennenkabel mit 15 Metern Länge garantiert eine herausragende Signalübertragung für Ihr TV, Receiver oder Radio. Die innovativen gewinkelten Koax-Stecker ermöglichen eine äußerst flexible und platzsparende Installation, ideal für Geräte, die nah an der Wand stehen. Vergoldete Metallstecker sichern eine optimale Signalübertragung und minimieren effektiv Störeinflüsse, was zu einem klaren Bild und störungsfreiem Ton führt. Das strapazierfähige Kabelmaterial gewährleistet eine außergewöhnlich lange Lebensdauer und hohe Widerstandsfähigkeit im täglichen Gebrauch. Das hochwertige Antennenkabel ist sofort einsatzbereit und verspricht ein erstklassiges Medienerlebnis ohne komplizierte Installation. Vertrauen Sie auf die bewährte Primewire-Qualität für eine dauerhaft stabile Verbindung und genießen Sie Ihre Inhalte in bester Auflösung.;1;9.99;;product.ops
458468368;78659;SKU-7543211550;SKU-7543211550;8056381903395;39Q4964;CMP Stiefel Kinder Schwarz Blau Textil Leder Synthetik 39Q4964 NEU;Die CMP Rae WP Kinder Schneestiefel halten kleine Füße zuverlässig warm und trocken, selbst bei Schnee und Matsch. Sie bieten optimalen Schutz für winterliche Abenteuer, egal ob im Kindergarten, in der Schule oder bei Outdoor-Erkundungen. Gefertigt aus einer robusten Kombination von Textil, Leder und Synthetik, widerstehen diese Stiefel den Herausforderungen der kalten Jahreszeit. Das kuschelige Innenfutter aus Textil, Kunstpelz und Polyester sorgt für wohlige Wärme und eine griffige Profilsohle für sicheren Halt auf glatten Untergründen. Ein Paar dieser hochwertigen CMP Rae WP Schneestiefel ist sofort einsatzbereit für alle Winteraktivitäten und verspricht langanhaltende Freude. Für eine optimale Passform und Werterhaltung beachten Sie bitte die Hersteller-Größentabelle sowie die beiliegenden Pflegehinweise.;1;47.87;;product.ops
458975006;78659;SKU-7800997883;SKU-7800997883;;M2940642;Tamaris Damenschuhe Damen Gr. 41 Schwarz Textil M2940642 NEU;Diese eleganten Tamaris Slingpumps in zeitlosem Schwarz bereichern jede Damengarderobe als vielseitiges Essential. Sie verleihen Ihrem Outfit stilvollen Komfort, ideal für den Arbeitsalltag, festliche Anlässe oder entspannte Freizeitaktivitäten. Das hochwertige, weiche Textil-Obermaterial garantiert ganztägigen Tragekomfort und umschmeichelt den Fuß mit einer femininen Silhouette. Der präzise gefertigte Slingback-Riemen bietet dabei nicht nur sicheren Halt, sondern setzt auch einen modernen Akzent. Das zeitlose Design und die sorgfältige Verarbeitung garantieren langanhaltende Freude an diesem Modell. Die unkomplizierte Pflege des Materials unterstützt die Beständigkeit und den stets eleganten Auftritt.;1;45.95;;product.ops
458453028;78659;SKU-7926913408;SKU-7926913408;0313030022097;846236311;Fahrradabdeckung 846236311;Die TOPTREK Fahrradabdeckung bietet optimalen Schutz für Ihr Zweirad. Hergestellt aus robustem 210D Oxford-Gewebe, bewahrt sie Ihr Fahrrad zuverlässig vor allen Witterungseinflüssen. Diese Premium-Schutzhülle schützt effektiv vor Regen, Wind, Schnee und schädlicher UV-Strahlung. Integrierte Metallösen ermöglichen zudem eine sichere Diebstahlsicherung mit einem optionalen Schloss. Mit Abmessungen von 200 x 110 x 70 cm ist die Abdeckung für die meisten Standardfahrräder geeignet und lässt sich schnell anbringen sowie abnehmen. Eine praktische Aufbewahrungstasche sorgt für platzsparenden Transport und einfache Lagerung.;1;9.98;;product.ops
458469804;78659;SKU-7948301538;SKU-7948301538;8718891015578;B423M;Kompatibel B423M Tonerpatrone 423M Magenta NEU;Diese hochwertige Tonerpatrone in leuchtendem Magenta wurde speziell für Brother Laserdrucker entwickelt und liefert gestochen scharfe Texte sowie brillante Grafiken. Sie gewährleistet zuverlässige Leistung und professionelle Druckergebnisse, die Ihre Erwartungen stets übertreffen werden. Die Patrone ist aus hochwertigen Komponenten gefertigt, was eine lange Lebensdauer garantiert und Ihren Drucker effektiv vor Verschleiß schützt. Die gebrauchsfertige Lieferung ermöglicht eine einfache und schnelle Installation, sodass Sie sofort mit dem Drucken beginnen können. Profitieren Sie von einer kostengünstigen Drucklösung, die keine Kompromisse bei der Qualität eingeht und Ihre Betriebskosten erheblich reduziert. Diese umweltfreundliche Alternative ist mit einer Vielzahl von Brother HL- und MFC-Druckermodellen kompatibel und bietet eine nachhaltige Option.;2;16.4;;product.ops
458512998;78659;SKU-7998641824;SKU-7998641824;;;Rohema Drumsticks Holz;Diese Rohema Premium Holz Drumsticks bieten Schlagzeugern aller Stilrichtungen eine herausragende Balance und ein äußerst angenehmes Spielgefühl. Sie sind perfekt für anspruchsvolle Proben, intensive Studio-Sessions und mitreißende Live-Auftritte geeignet. Gefertigt aus sorgfältig ausgewähltem Premium-Holz, garantieren diese in Deutschland hergestellten Sticks eine außergewöhnliche Langlebigkeit und stets konsistente Performance. Die präzise Verarbeitung und die Verwendung erstklassiger Materialien gewährleisten höchste Zuverlässigkeit und einen unvergleichlichen Klang bei jedem Einsatz. Jedes Paar dieser hochwertigen Drumsticks ist sofort einsatzbereit und ergänzt Ihr Schlagzeugset optimal. Für eine maximale Lebensdauer empfiehlt sich die Lagerung bei Raumtemperatur und der Schutz vor extremer Feuchtigkeit.;2;9.9;;product.ops
458452983;78659;SKU-8035511646;SKU-8035511646;9002592484122;;Brevillier's CRETACOLOR Pastellkreide Pastel Carré Künstler Hobbyzeichner;Dieses Brevillier's CRETACOLOR Set enthält 12 hochwertige, harte Pastellkreiden in edlen Brauntönen, ideal für präzise Linien und harmonische Farbverläufe. Die ölfreien Kreiden zeichnen sich durch hohe Bruchfestigkeit und exzellente Lichtechtheit aus, was dauerhafte Brillanz Ihrer Kunstwerke sichert. Ihre einzigartige quadratische Form ermöglicht sowohl feine Details als auch breite Flächen, wodurch sie außergewöhnliche Vielseitigkeit für kreative Projekte bieten. Zudem sind diese Pastellkreiden wasservermalbar, was innovative Mischtechniken und spannende Effekte in Ihren Arbeiten zulässt. Im Lieferumfang sind zwölf sorgfältig ausgewählte Pastellkreiden enthalten, die sofort einsatzbereit sind und Künstlern sowie Hobbyzeichnern gleichermaßen dienen. Für den optimalen Schutz und die Langlebigkeit Ihrer fertigen Kunstwerke wird die Anwendung eines geeigneten Fixativs empfohlen, um die Pigmente zu bewahren.;1;46.49;;product.ops
458468605;78659;SKU-8112287411;SKU-8112287411;8445110446065;23WMSK05/3022;Desigual Damen Sweatshirt Rosa Gr.xxL 100% Baumwolle 23WMSK05/3022 NEU;Das Desigual Damen Sweatshirt mit dem auffälligen Mojito Power Flamingo Design in leuchtendem Rosa vereint stilvolles Design mit höchstem Tragekomfort. Es ist die ideale Wahl, um Ihre Individualität auszudrücken und entspannte Stunden oder aktive Tage stilvoll zu genießen. Gefertigt aus 100% weicher, atmungsaktiver Baumwolle, bietet dieses Sweatshirt ein angenehmes Hautgefühl und optimale Bewegungsfreiheit. Die bequeme Regular Fit Passform sorgt für einen modernen Look und ist dabei besonders robust und langlebig. Dieses hochwertige Desigual Damen Sweatshirt in Rosa und Größe XXL ist perfekt für den täglichen Einsatz. Für langanhaltende Freude beachten Sie bitte die allgemeinen Pflegehinweise für Baumwolltextilien, um Farbbrillanz und Form zu erhalten.;1;25.99;;product.ops
449821041;78659;SKU-8133187753;SKU-8133187753;;;GULNABIO Spannbettlaken Gr. 100x200cm Baumwolle Rot NEU;Das GULNABIO Jersey-Spannbettlaken in intensivem Rot verwandelt Ihr Schlafzimmer in eine Wohlfühloase. Erleben Sie höchsten Schlafkomfort dank der weichen, hautfreundlichen Qualität und dem stets faltenfreien Sitz. Gefertigt aus 100% gekämmter Baumwolle in atmungsaktiver Jersey-Qualität, sorgt es für ein optimales Schlafklima zu jeder Jahreszeit. Der dauerelastische Rundumgummi garantiert eine perfekte Passform für Matratzen der Größe 100x200 cm. Dieses langlebige Produkt ist besonders pflegeleicht und bereit für den sofortigen Einsatz. Es ist maschinenwaschbar, bügelfrei und trocknergeeignet, was Ihnen Zeit und Mühe spart.;2;15.99;;product.ops
449824580;78659;SKU-8151275535;SKU-8151275535;;;FUVSHU UV-Matratzenstaubsauger Milbensauger Kabelgebunden NEU;Der FUVSHU BT-Y02 UV-Matratzenstaubsauger wurde speziell für die effektive Tiefenreinigung von Matratzen und Polstermöbeln entwickelt. Er reduziert Milben, Allergene und Feinstaub spürbar, um eine hygienischere Schlaf- und Wohnumgebung zu schaffen. Dieses leistungsstarke Gerät kombiniert UV-C-Licht mit einer starken Saugkraft von 13 kPa und kräftigen Vibrationen für umfassende Sauberkeit. Sein ergonomisches Design und das 4 Meter lange Netzkabel ermöglichen eine komfortable Einhandbedienung und maximale Bewegungsfreiheit bei der Anwendung. Ein fortschrittliches mehrstuiges HEPA-Filtersystem fängt selbst kleinste Partikel zuverlässig ein und verbessert die Raumluftqualität erheblich. Der Doppel-Staubbehälter trennt Schmutzpartikel hygienisch und ist leicht zu entleeren, was die Wartung vereinfacht.;1;53.24;;product.ops
458455660;78659;SKU-8245288059;SKU-8245288059;4019335589544;360652;LICO Hallenschuhe Kinder Gr. 31 Pink Türkis Synthetik Textil 360652 NEU;Die LICO Boulder V Hallenschuhe sind speziell für aktive Kinder konzipiert und bieten optimalen Komfort sowie sicheren Halt bei allen Indoor-Sportarten. Ihre praktischen Doppel-Klettverschlüsse ermöglichen ein kinderleichtes An- und Ausziehen, was die Selbstständigkeit fördert. Eine Kombination aus atmungsaktiven Textil-Einsätzen und robusten Synthetik-Materialien sorgt für ein stets angenehmes Fußklima und beeindruckende Langlebigkeit. Die helle, nicht abfärbende Indoor-Laufsohle garantiert dabei hervorragenden Grip auf allen Hallenböden, ohne Spuren zu hinterlassen. Das moderne Design in Pink mit türkisfarbenen Akzenten macht diese Schuhe zum idealen Begleiter für Schulsport, Hallenfußball und diverse Hallenaktivitäten. Verlassen Sie sich auf die bewährte LICO-Qualität, die junge Sportler optimal bei jeder Bewegung unterstützt.;1;22.99;;product.ops
449822551;78659;SKU-8310896573;SKU-8310896573;;SKU-8310896573;LUCI Pendelleuchte SKU-8310896573 38cm 220-240V Metall 240V Weiß NEU;Die LUCI Pendelleuchte schafft eine warme, einladende Atmosphäre und spendet blendfreies, gezieltes Licht für Ihren Esstisch oder Ihre Kücheninsel. Ihr zeitloses Design fügt sich nahtlos in moderne sowie klassische Einrichtungsstile ein und wertet jeden Raum optisch auf. Der robuste Metallschirm in elegantem Weiß mit 38 cm Durchmesser bündelt das Licht optimal nach unten und sorgt für eine effiziente Ausleuchtung der gewünschten Fläche. Ausgestattet mit einer E27-Fassung, ermöglicht die Leuchte die Verwendung energieeffizienter LED-Leuchtmittel bis zu 11 Watt, um Helligkeit und Farbtemperatur individuell anzupassen. Diese hochwertige Pendelleuchte wird komplett mit einem textilummantelten Kabel, einem passenden Deckenbaldachin und dem notwendigen Montagezubehör für eine einfache Installation geliefert. Ihre pflegeleichte Oberfläche lässt sich mühelos mit einem trockenen oder leicht feuchten Tuch reinigen, was dauerhafte Schönheit mit minimalem Aufwand garantiert.;1;104.05;;product.ops
458453024;78659;SKU-8317603092;SKU-8317603092;4038473870772;;Setex Matratzenschoner Noppen Classic Gr. 140x200cm NEU;Der SETEX Noppen-Matratzenschoner 140x200cm bietet optimalen Schutz für Ihre Matratze. Er bewahrt sie effektiv vor Abrieb und Druckstellen, wodurch die Lebensdauer Ihrer Matratze signifikant verlängert wird. Die spezielle offene Noppenstruktur fördert eine hervorragende Luftzirkulation unter der Matratze. Dies reduziert Feuchtigkeitsansammlungen und beugt der Bildung von Stockflecken wirksam vor, für ein stets frisches Schlafklima. Gefertigt aus strapazierfähigem 100% Polyester-Nadelvlies, verfügt der Schoner über eine rutschfeste Latex-Punktbeschichtung. Diese sorgt für sicheren Halt zwischen Lattenrost und Matratze, während die OEKO-TEX STANDARD 100 Zertifizierung schadstoffgeprüften Schlafkomfort garantiert.;1;29.99;;product.ops
465283094;78659;SKU-8367978772;SKU-8367978772;4018474519634;519637;Pelikan Farbband 519637 NEU;Das Pelikan Farbband Correctable Gr. 156 C wurde speziell für Schreibmaschinen entwickelt und garantiert stets präzise sowie saubere Druckergebnisse. Seine einzigartige Korrekturfunktion ermöglicht das einfache und rückstandslose Beseitigen von Tippfehlern, wodurch Ihre Texte stets makellos erscheinen. Dieses hochwertige Filmband ist aus langlebigem Material gefertigt und bietet mit 138 Metern Länge sowie 8 mm Breite optimale Voraussetzungen für klare Schriftzeichen. Es ist sofort einsatzbereit und verspricht eine lange Nutzungsdauer für effizientes Arbeiten. Verlassen Sie sich auf die bewährte Pelikan-Qualität für konsistente und professionelle Schreibresultate bei jeder Anwendung. Die einfache Installation und breite Kompatibilität mit Canon Schreibmaschinen der AP- und MX-Serien gewährleisten höchste Benutzerfreundlichkeit und Effizienz im Büroalltag.;3;10.67;;product.ops
458516052;78659;SKU-8483173682;SKU-8483173682;9783956195242;;Reader's Digest Weltgeschichte: Alles was man wissen muss Hardcover Deutsch;Dieses umfassende Sachbuch von Reader's Digest bietet tiefe Einblicke in die Weltgeschichte. Es vermittelt fundiertes Wissen über prägende Epochen und einflussreiche Persönlichkeiten. Die hochwertige Hardcover-Ausgabe ist auf strapazierfähigem Papier gedruckt und gewährleistet langanhaltende Lesefreude. Komplexe historische Zusammenhänge werden durch detaillierte Illustrationen, übersichtliche Karten und über 600 Schlüsselbegriffe verständlich visualisiert. Als hochinformative und unterhaltsame Lektüre spiegelt dieses Werk die bewährte Qualität von Reader's Digest wider. Es bereichert jede Bibliothek als unverzichtbare Quelle für fundiertes historisches Wissen.;1;49.99;;product.ops
449824370;78659;SKU-8605082485;SKU-8605082485;;;Aqua Marina Stand-Up-Paddling Stand Up Paddle Board SKU-8605082485 NEU;Das Aqua Marina Breeze SUP Board Set ist die ideale Wahl für Einsteiger und fortgeschrittene Paddler, die ein vielseitiges Allround-Erlebnis auf dem Wasser suchen. Seine stabile und benutzerfreundliche Konstruktion garantiert ein hervorragendes Fahrerlebnis auf ruhigen Gewässern wie Seen, Flüssen und Küstengebieten. Dieses hochwertige, aufblasbare SUP-Board besticht durch seine robuste Drop-Stitch-Technologie aus langlebigem PVC, die für extreme Steifigkeit und außergewöhnliche Langlebigkeit sorgt. Ein komfortables, rutschfestes EVA-Deckpad gewährleistet zudem sicheren Stand und optimalen Komfort während jeder Paddeltour. Der umfangreiche Lieferumfang ermöglicht den sofortigen Start ins Paddelvergnügen und beinhaltet ein komplettes Zubehör-Set mit Paddel, Pumpe, Finne, Leash und Rucksack. Dieses vielseitige Board bietet eine ausgezeichnete Performance und ist somit perfekt für entspannte Touren auf dem Wasser geeignet.;3;224;;product.ops
449822031;78659;SKU-8640590578;SKU-8640590578;;SKU-8640590578;Villa Grinario Spannbettlaken SKU-8640590578 Gr. 100x200cm Baumwolle;Das Villa Grinario Jersey-Spannbettlaken bietet luxuriösen Schlafkomfort durch seinen weichen, elastischen Stoff. Es ist aus 100 % fein gekämmter Baumwolle in atmungsaktiver Jersey-Qualität gefertigt. Dank des dauerhaft elastischen Rundumgummis passt sich dieses Laken jeder Matratze faltenarm und sicher an. Dies garantiert einen festen, rutschfreien Sitz und fördert ein angenehmes, trockenes Schlafklima. Ideal für Matratzen von 90–100 x 200 cm geeignet, verspricht es durch seine Premium-Qualität eine lange Lebensdauer. Zudem ist dieses Spannbettlaken äußerst pflegeleicht, da es bügelfrei, maschinenwaschbar und trocknergeeignet ist.;1;15.99;;product.ops
458974953;78659;SKU-8742112863;SKU-8742112863;;;New Balance Kinderschuhe -boots Kinder Gr. 26 Weiß Silber Mesh Synthetik;Der New Balance 408 Kindersneaker bietet jungen, aktiven Trägern höchsten Komfort und einen ansprechenden sportlichen Stil. Er ist die ideale Wahl für den täglichen Einsatz in Schule, auf dem Spielplatz und bei Freizeitaktivitäten. Gefertigt aus atmungsaktivem Mesh und strapazierfähigen Synthetik-Overlays, gewährleistet dieser Sneaker optimale Belüftung und beeindruckende Langlebigkeit. Die leichtgewichtige Zwischensohle sorgt zudem für exzellente Dämpfung und ein durchweg angenehmes Laufgefühl. Eine profilierte Gummi-Außensohle bietet zuverlässigen Halt auf verschiedensten Untergründen und maximiert somit die Sicherheit beim Spielen und Toben. Das moderne Design in Weiß und Silber ist äußerst vielseitig kombinierbar und fügt sich mühelos in jedes Kinder-Outfit ein.;1;59.99;;product.ops
449824232;78659;SKU-8747609895;SKU-8747609895;5900495862228;;QKIDS Tretroller NEU;Der QKIDS Kinderroller ermöglicht aktiven Kindern ab ca. 6 Jahren eine dynamische Erkundung ihrer Umgebung. Sein leichter Aluminiumrahmen und die großen 200-mm-Räder sorgen für ein komfortables und agiles Fahrerlebnis auf verschiedensten Untergründen. Die 3-fach höhenverstellbare Lenksäule wächst mit dem Kind mit und sorgt für eine stets ergonomische Fahrposition. Eine integrierte Hinterradbremse ermöglicht jederzeit ein sicheres und schnelles Anhalten, während das rutschfeste Trittbrett in stylischem Pink zusätzlichen Halt bietet. Dank des praktischen Klappmechanismus und eines geringen Gewichts von nur ca. 3,5 kg lässt sich der QKIDS Roller mühelos transportieren und platzsparend verstauen. Die hohe Belastbarkeit von bis zu 100 kg garantiert langanhaltenden Fahrspaß über viele Jahre.;1;49.99;;product.ops
458453008;78659;SKU-8857013241;SKU-8857013241;;2688-00x;Paul Green Schnürschuhe Damen Schwarz Lackleder 2688-00x NEU;Diese Paul Green Schnürschuhe in edlem Softlack Schwarz verleihen stilbewussten Damen zeitlose Eleganz und sind die ideale Wahl für vielfältige Anlässe. Sie eignen sich perfekt für Business-Meetings, festliche Events und werten ebenso stilvoll Ihre tägliche Garderobe auf. Gefertigt aus exquisitem Lackleder, garantieren diese Schuhe herausragenden Tragekomfort und eine luxuriöse Ästhetik bei jedem Schritt. Eine moderne, robuste Profilsohle sorgt dabei für sicheren Halt und ergänzt das klassische Design perfekt mit einem funktionalen Akzent. Im Lieferumfang ist ein Paar dieser hochwertigen Schnürschuhe enthalten, die Ihnen von Anfang an höchsten Komfort bieten. Bitte beachten Sie die beiliegenden Pflegehinweise, um den eleganten Glanz und die Langlebigkeit dieses exklusiven Schuhwerks langfristig zu bewahren.;1;159.95;;product.ops
458467756;78659;SKU-9091395294;SKU-9091395294;4002541707024;Swing;LEONARDO Becherglas Set Swing 9cm 355ml Glas Blau Grau NEU;Das LEONARDO Swing Trinkgläser-Set verleiht jedem Tisch eine moderne und stilvolle Eleganz, ideal für den täglichen Gebrauch und besondere Anlässe. Diese vielseitigen Gläser sind perfekt für Wasser, Säfte oder Softdrinks und bereichern jede Tischdekoration mit einer frischen Note. Gefertigt aus robustem Glas, garantieren diese Tumbler eine hohe Langlebigkeit und ansprechende Ästhetik für den täglichen Gebrauch. Jedes Glas bietet ein optimales Fassungsvermögen von 355 ml bei einer Höhe von 9 cm und liegt dank seiner ergonomischen Form angenehm in der Hand. Der Lieferumfang umfasst zwei dieser eleganten Trinkgläser, die sich nahtlos in jedes Ambiente einfügen. Vertrauen Sie auf die bewährte LEONARDO Glasexpertise für ästhetische und langlebige Produkte, die Ihren Alltag nachhaltig bereichern und leicht zu reinigen sind.;1;7.5;;product.ops
458456585;78659;SKU-9146759920;SKU-9146759920;4067888237931;;Adidas Sneaker UnisexErwachsene Gr. 44 Weiß Leder Wildleder Samba LT NEU;Der Adidas Samba LT Sneaker vereint ikonisches Design mit herausragendem Tragekomfort für den modernen Alltag. Er integriert sich mühelos in jedes Outfit und bietet sowohl Stil als auch Vielseitigkeit für urbane Erkundungen und entspannte Freizeitaktivitäten. Dieses Modell ist aus einer luxuriösen Kombination von erstklassigem Leder und geschmeidigem Wildleder gefertigt, was langlebige Qualität und ein luxuriöses Tragegefühl gewährleistet. Die strapazierfähige Gummisohle sorgt für exzellenten Grip und optimale Traktion auf verschiedenen Untergründen. Die traditionelle Schnürung ermöglicht eine individuelle Passform, während die charakteristische umklappbare Zunge ein unverwechselbares Design-Statement setzt. Dieser Freizeitschuh bietet ganztägigen Komfort und ist ideal für alle Jahreszeiten geeignet.;1;78;;product.ops
458474714;78659;SKU-9289261489;SKU-9289261489;9783785556740;;Isabel Abedi Lola Löwenherz Gebundene Ausgabe Deutsch;Tauchen Sie ein in die bezaubernde Welt von Lola Löwenherz, einem fesselnden Kinderbuch aus dem renommierten Loewe Verlag. Es entführt junge Leser in spannende Abenteuer und fördert dabei spielerisch Fantasie sowie Lesekompetenz. Liebevoll erzählte Geschichten und ansprechende Illustrationen vermitteln wichtige Werte auf unterhaltsame Weise. Diese robuste gebundene Ausgabe ist ideal für aktive Kinderhände und garantiert langanhaltenden Lesespaß. Im Lieferumfang ist das hochwertige Kinderbuch 'Lola Löwenherz' enthalten, welches eine dauerhafte Bereicherung für jedes Kinderzimmer darstellt. Dank seiner strapazierfähigen Verarbeitung ist es besonders pflegeleicht und bereit für unzählige spannende Vorlese- oder Selbstlese-Momente.;10;12.99;;product.ops
465283074;78659;SKU-9317337160;SKU-9317337160;;N5;PAUDIN Santokumesser NEU;Das PAUDIN Santokumesser N5 ist ein unverzichtbarer Partner für makellose Schnittergebnisse und höchste Präzision in jeder Küche. Es ermöglicht müheloses Arbeiten bei der Zubereitung von Fleisch, Fisch, Gemüse und frischen Kräutern dank seiner erstklassigen Ausstattung. Die 17 cm lange Klinge aus rostfreiem Edelstahl garantiert langanhaltende Schärfe und beeindruckt mit einer edlen Lasergravur in Damast-Optik. Ein spezieller Hohlschliff verhindert zudem effektiv das Anhaften von Schnittgut während der Zubereitung. Der ergonomische, wasserresistente Pakkawood-Griff sorgt für optimalen Komfort, sicheren Halt und maximale Kontrolle bei jeder Anwendung. Für den Werterhalt und die Langlebigkeit des Messers wird eine schonende Handwäsche empfohlen, um die Qualität zu bewahren.;1;26.99;;product.ops
458453025;78659;SKU-9428729031;SKU-9428729031;8690885205328;;Derby Rasierklingen NEU;Die Derby Premium Professional Rasierklingen ermöglichen eine außergewöhnlich sanfte und zugleich gründliche Nassrasur. Sie werden aus hochwertigem schwedischem Stahl gefertigt, um Hautirritationen effektiv zu minimieren und ein angenehmes Hautgefühl zu gewährleisten. Diese korrosionsbeständigen Doppelklingen sind vielseitig in klassischen Double Edge Rasierhobeln sowie geteilt in Shavettes einsetzbar. Ihre robuste Verarbeitung garantiert eine hygienische und langanhaltend sichere Anwendung für stets professionelle Rasurergebnisse. Der umfangreiche Lieferumfang umfasst eine Großpackung mit 5000 Rasierklingen, ideal für Barbershops und anspruchsvolle Vielrasierer. Für optimale Langlebigkeit und Hygiene wird nach jeder Anwendung eine einfache Reinigung empfohlen, um stets beste Ergebnisse zu erzielen.;13;169;;product.ops
458974981;78659;SKU-9436640030;SKU-9436640030;4099685332441;Fusion Crush Sport;Puma Golfschuh Herren Weiß Grau Rot Synthetik Textil Fusion Crush Sport NEU;Die Puma Fusion Crush Sport Golfschuhe bieten Golfern unübertroffenen Komfort und herausragende Leistung auf dem Platz. Erleben Sie eine reaktionsfreudige Dämpfung, die Ermüdung reduziert und Ihnen volle Konzentration auf Ihr Spiel ermöglicht. Ausgestattet mit innovativer Fusion Foam Technologie und einem leichten Design, garantieren diese Schuhe optimale Agilität und sicheren Halt. Das hochwertige Obermaterial aus Synthetik und Textil in Kombination mit einer robusten Gummisohle sorgt für Langlebigkeit und Stabilität auf jedem Terrain. Ihre robuste Verarbeitung sichert langanhaltende Performance und Haltbarkeit für viele Runden.;1;62;;product.ops
458470408;78659;SKU-9454243198;SKU-9454243198;9014400035983;;Jolly Wachsmalkreiden Superwaxies Aqua NEU;Die Jolly Superwaxies Aqua Wachsmalkreiden eröffnen eine Welt voller kreativer Entfaltung für Kinder und Erwachsene. Ihre brillanten Farben und die einzigartige Wasservermalbarkeit garantieren vielseitigen Malspaß und fördern spielerisch die Feinmotorik sowie die künstlerische Ausdrucksfähigkeit. Diese hochwertigen Kreiden aus robustem Wachs ermöglichen nach dem Auftragen faszinierende Aquarelleffekte mit einem feuchten Pinsel. So verwandeln sich einfache Zeichnungen im Handumdrehen in beeindruckende Kunstwerke mit sanften Farbübergängen und lebendigen Nuancen. Der Lieferumfang umfasst 10 leuchtende Farben, die sicher in einem praktischen und stabilen Metalletui aufbewahrt sind. Als Qualitätsprodukt aus Österreich bieten diese Wachsmalkreiden langlebigen Malgenuss und erfüllen höchste Ansprüche an Malmaterialien für kleine und große Künstler.;6;19.99;;product.ops
465105299;78659;SKU-9564743151;SKU-9564743151;9003034391442;9590561201W;Knirps Taschenschirm 9590561201W Erwachsene Strapazierfähige Materialien;Der Knirps Taschenschirm AS. 050 in elegantem Navy-Blau ist der ideale Begleiter für jede Wetterlage und bietet sofortigen Schutz vor Regen und Wind. Seine extrem windstabile Konstruktion sorgt dafür, dass Sie auch bei unvorhersehbaren Wetterumschwüngen stets trocken und komfortabel bleiben. Dieser Schirm überzeugt durch seine außergewöhnlich robuste Bauweise, gefertigt aus hochwertigen und strapazierfähigen Materialien, die eine langanhaltende Zuverlässigkeit garantieren. Die sorgfältige Verarbeitung gewährleistet eine hohe Beständigkeit gegenüber den Elementen und täglichem Gebrauch. Die intuitive Handhabung ermöglicht ein blitzschnelles Öffnen und Schließen, wodurch der Schirm bei plötzlichen Schauern umgehend einsatzbereit ist. Dank seines kompakten Designs lässt er sich mühelos in jeder Tasche verstauen und ist somit immer griffbereit.;1;25.59;;product.ops
449823978;78659;SKU-9671499764;SKU-9671499764;5713917008889;;Servierwagen Metall 68cm Küche Esszimmer Wohnzimmer NEU;Der House Nordic Servierwagen Vita ist eine stilvolle und funktionale Ergänzung für jedes moderne Zuhause. Gefertigt aus robustem schwarzem Stahl, bietet er eine zeitlose Ästhetik und beeindruckende Langlebigkeit für den täglichen Gebrauch. Mit zwei großzügigen Ablageflächen schafft dieser Servierwagen optimalen Stauraum für Getränke, Geschirr oder Dekorationsartikel. Vier leichtgängige Rollen gewährleisten dabei einen mühelosen Transport und maximale Flexibilität, um ihn stets dort zu platzieren, wo er gerade benötigt wird. Die unkomplizierte Montage ermöglicht eine schnelle Einsatzbereitschaft, sodass Sie sofort von seinen praktischen Vorteilen profitieren können. Zudem garantiert die pflegeleichte Oberfläche eine unkomplizierte Reinigung und langanhaltende Freude an diesem vielseitigen Möbelstück.;1;159.95;;product.ops
458456590;78659;SKU-9804667250;SKU-9804667250;4067904610731;;Adidas Sneaker Damen Gr. 38 2/3 Weiß Grün Leder Synthetik Wildleder NEU;Der Adidas Samba OG J Kindersneaker vereint zeitlosen Stil mit herausragendem Tragekomfort für aktive Kinder. Er ist der ideale Begleiter für vielfältige Aktivitäten in Sport, Schule und Freizeit und bietet dabei stets einen modischen Auftritt. Gefertigt aus einem hochwertigen Obermaterialmix aus robustem Leder und Synthetik, ergänzt durch stilvolle Wildleder-Overlays, garantiert dieser Sneaker außergewöhnliche Langlebigkeit. Die bewährte Gummilaufsohle sorgt dabei für jederzeit sicheren Halt und zuverlässige Traktion auf unterschiedlichsten Untergründen. Dieser vielseitige Sneaker bietet eine perfekte Kombination aus ikonischem Design und funktionaler Performance, die den ganzen Tag über Wohlbefinden gewährleistet. Eine regelmäßige und sachgemäße Pflege mit geeigneten Produkten wird empfohlen, um die brillante Optik und die Langlebigkeit des Schuhs langfristig zu bewahren.;1;83;;product.ops
449821560;78659;SKU-9834509499;SKU-9834509499;3700703935148;;MSV Handtuchhalter Schwarz Metall NEU;Dieser MSV Handtuchhalter schafft Ordnung und Hygiene in Ihrem Bad, indem er Handtücher stets griffbereit und optimal belüftet hält. Seine bohrfreie Anbringung schont Ihre Wände und ermöglicht ein schnelles, hygienisches Trocknen dank der drei geräumigen Stufen. Gefertigt aus robustem Metall in elegantem Schwarz, garantiert dieser Handtuchhalter Langlebigkeit und eine stilvolle Optik in jedem Badezimmer. Mit Maßen von 42x22x68. 5 cm bietet er großzügigen Platz für mehrere Handtücher und lässt sich flexibel an Türen oder Duschwänden einhängen. Der Handtuchhalter wird vormontiert geliefert und ist sofort einsatzbereit, sodass keine aufwendige Montage nötig ist. Für die Pflege genügt ein feuchtes Tuch, und seine flexible Einhängefunktion erlaubt jederzeit ein spurloses Umplatzieren.;1;19.95;;product.ops
458475940;78659;SKU-9876441475;SKU-9876441475;9783845118116;;Suzanne Francis Es war einmal ein Schneemann Gebundene Ausgabe Deutsch;Tauchen Sie ein in die magische Welt von Disney mit diesem bezaubernden Kinderbuch, das eine herzerwärmende Geschichte über Freundschaft und Selbstfindung erzählt. Es begeistert Kinder von 3 bis 6 Jahren und regt ihre Fantasie auf spielerische Weise an. Die robuste, gebundene Ausgabe ist speziell für kleine Kinderhände konzipiert und verspricht langanhaltenden Lesespaß. Hochwertiges, strapazierfähiges Papier und lebendige Illustrationen fördern zudem spielerisch die Sprachkenntnisse Ihres Kindes. Sie erhalten eine erstklassige, deutschsprachige Ausgabe des Nelson Verlags, ideal zum Vorlesen oder für erste Leseversuche. Dieses liebevoll gestaltete Buch ist das perfekte Geschenk für kleine Disney-Fans und eine wertvolle Bereicherung für jede Kinderbuchsammlung.;1;5.28;;product.ops
465098523;78659;SKU-9912977908;SKU-9912977908;0386270002273;STK-GT-013;Dexcom Blutzuckermessgerät STK-GT-013 Schwarz NEU;Der Dexcom G7 Receiver revolutioniert die Diabetestherapie durch kontinuierliche Glukosemessung in Echtzeit. Er liefert präzise Einblicke in Ihre Blutzuckerwerte und ermöglicht eine fundierte Steuerung Ihrer Therapie, was Ihre Lebensqualität signifikant verbessert. Dieses hochmoderne Gerät besticht durch ein kompaktes, benutzerfreundliches Design aus robusten Materialien, das Langlebigkeit und diskreten Tragekomfort garantiert. Der Dexcom G7 Receiver wird vollständig einsatzbereit geliefert, sodass Sie sofort mit der präzisen Glukoseüberwachung beginnen können. Für eine langfristige Hygiene und einwandfreie Funktion genügt eine einfache Pflege mit einem feuchten Tuch, um die optimale Leistung des Geräts zu gewährleisten. Bei Fragen zur Anwendung oder technischer Unterstützung steht Ihnen der Dexcom Kundenservice jederzeit zur Verfügung.;1;148;;product.ops
458974939;78659;SKU-9933881904;SKU-9933881904;;;SCENEx Tanzschuhe Damen Schwarz Satin NEU;Diese SCENEX Damen Tanzschuhe sind perfekt für Tango, Salsa und Gesellschaftstanz konzipiert, um Ihnen bei jeder Bewegung Eleganz und Sicherheit zu bieten. Ihr Design mit offener Zehenpartie, gekreuzten Riemchen und geschlossener Ferse garantiert optimalen Halt und eine ansprechende Optik. Gefertigt aus hochwertigem Satinmaterial, bieten diese SCENEX Tanzsandalen eine ideale Balance aus Flexibilität und notwendiger Fußunterstützung. Der stabile, niedrige Blockabsatz sorgt für zusätzlichen Komfort und einen sicheren Stand, sowohl beim Training als auch bei Auftritten. Im Lieferumfang ist ein passender Schuhkarton enthalten, der den sicheren Transport und die Aufbewahrung gewährleistet. Bitte beachten Sie die Größentabelle für eine präzise Passform, um Ihr Tanzerlebnis optimal zu gestalten.;1;34.9;;product.ops
465283082;78659;SKU-9968230318;SKU-9968230318;;HKDB02;HOLA KIT Reifenreparaturset für PKW Motorrad ATV SUV HKDB02 22-teilig schlauchlos;Das HOLA KIT Reifenreparaturset bietet eine unverzichtbare Lösung für schnelle und zuverlässige Reifenschäden unterwegs. Es sichert Ihre Mobilität durch die effiziente Behebung kleinerer Pannen direkt vor Ort, jederzeit und überall. Dieses umfassende 22-teilige Premium-Set ist mit sorgfältig ausgewählten Werkzeugen aus robustem Metall, langlebigem Gummi und widerstandsfähigem Kunststoff ausgestattet. Der Lieferumfang beinhaltet eine T-Griff Reibahle, Einsatztülle, diverse Reparaturstopfen sowie essenzielles Ventilschaftwerkzeug und Ventilkappen für eine komplette Reparatur. Eine beiliegende, leicht verständliche Bedienungsanleitung führt Sie detailliert durch den gesamten Reparaturprozess und gewährleistet eine sichere sowie problemlose Anwendung. Mit diesem Set erzielen Sie erhebliche Zeit- und Kosteneinsparungen durch die effiziente Eigenreparatur bei unerwarteten Pannen und sind stets optimal für Notfälle gerüstet.;1;8.99;;product.ops
458468907;78659;SKU-9988960743;SKU-9988960743;8445866051810;PLS31463 099;Pepe Jeans Sneaker Damen Gr. 40 Gold Beige Synthetik Textil NEU;Der Pepe Jeans London W Albal Damen Sneaker vereint stilvolles Design mit höchstem Tragekomfort für den Alltag. Er ist der ideale Begleiter für entspannte Stadtbummel und lässige Freizeitaktivitäten, stets mit einem modischen Glitzer-Akzent. Das hochwertige Obermaterial aus Synthetik und Textil gewährleistet Atmungsaktivität sowie Langlebigkeit. Eine präzise Schnürung ermöglicht eine individuelle Passform und sicheren Halt, ergänzt durch eine profilierte Gummilaufsohle für zuverlässigen Grip auf verschiedenen Untergründen. Dieses Paar exklusiver Sneaker ergänzt Ihre Garderobe stilvoll und bietet vielseitige Einsatzmöglichkeiten. Für eine langanhaltend ansprechende Optik und Freude am Schuh wird die regelmäßige Pflege gemäß Herstellerempfehlung dringend empfohlen.;1;59.99;;product.ops
491628080;78659;a11d13d2-573e-401e-bf44-f5eff249743f;SKU-2178359678;0811392032889;03-WSC-0001;Suhr Effektpedal Woodshed Comp 9V 6.35mm Klinke In/Out NEU;Das Suhr Woodshed Comp Andy Wood Signature Kompressor Pedal wurde speziell für Gitarristen und Bassisten entwickelt, um die Signaldynamik präzise zu steuern. Es liefert einen warmen, natürlichen Sound, der das Sustain verlängert und die Lautstärke gleichmäßig hält, ohne den originalen Ton zu verfälschen. Dieses hochwertige Effektpedal verfügt über intuitive Regler für Attack, Threshold, Gain und Ratio, die eine feinfühlige Anpassung an diverse Spielstile und musikalische Genres ermöglichen. Die exzellente analoge Schaltung garantiert dabei eine herausragende Klangqualität und bewahrt die Integrität Ihres Instrumentsignals vollumfänglich. Dank seiner robusten Metallbauweise ist der Woodshed Comp ideal für den professionellen Einsatz auf der Bühne und im Studio geeignet. Er stellt ein unverzichtbares Werkzeug für Musiker dar, die eine verbesserte Kontrolle über ihre Klangdynamik suchen und Wert auf professionelle Performance legen.;1;249;;product.ops
489186099;78659;a18d09b8-ae6e-4114-9b82-f7cf388905d0;SKU-2365442999;;;Unbekannt Gastronormbehälter 176mm 2.4 Liter;Dieses hochwertige 6-teilige Gastronormbehälter-Set im Format GN 1/6 ist aus robustem Edelstahl gefertigt und bietet eine Tiefe von 150 mm. Jeder Behälter verfügt über ein optimales Volumen von 2,4 Litern, ideal für den professionellen Einsatz in der Gastronomie und Hotellerie. Die elektrolytisch polierte Oberfläche dieser Behälter garantiert eine überragende Hygiene und vereinfacht die täglichen Reinigungsprozesse erheblich. Dank des intelligenten stapelbaren Designs lassen sich die Gastronormbehälter äußerst platzsparend und effizient in jeder professionellen Küchenumgebung lagern. Die Behälter sind vielseitig einsetzbar zum Lagern, Transportieren, Warmhalten und Kühlen einer breiten Palette von Speisen. Sie sind absolut lebensmittelecht, spülmaschinenfest und beständig gegenüber extremen Temperaturen, wodurch sie höchsten Anforderungen gerecht werden.;1;29.85;;product.ops
492851385;78659;a2ad1a25-85f0-4206-ba2d-f718e75b5942;SKU-2002593737;;;LEVEL8 Koffer Luminous 44cm 65 Liter Unisex 65L Schwarz NEU;Der LEVEL8 Luminous Koffer bietet mit seinem robusten 100% Polycarbonat-Gehäuse optimalen Schutz für Ihr Reisegepäck. Das elegante Micro-Diamond Textured Design minimiert effektiv Kratzer und sorgt für eine dauerhaft hochwertige Optik. Acht leichtgängige 360°-Doppelspinner-Räder ermöglichen eine hervorragende Manövrierbarkeit auf allen Oberflächen und garantieren müheloses Reisen. Der ergonomische Aluminium-Teleskopgriff lässt sich in vier Stufen arretieren und bietet so komfortablen Halt für jede Körpergröße. Ein integriertes TSA-Zahlenschloss gewährleistet zusätzliche Sicherheit für Ihr Gepäck, insbesondere bei internationalen Reisen und Kontrollen. Mit einem großzügigen Volumen von 65 Litern und einer durchdachten Innenaufteilung bleiben Ihre persönlichen Gegenstände stets organisiert und sicher verstaut.;1;209.99;;product.ops
489027220;78659;a306ee5a-9713-4ee0-8e51-a97b458577d5;SKU-1769600457;;;Jesebang YT18 In-Ear Kopfhörer bluetooth Schwarz NEU;Die Jesebang YT18 True Wireless In-Ear Kopfhörer bieten ein beeindruckendes Hi-Fi Klangerlebnis für anspruchsvolle Nutzer. Ihr ergonomisches Design sorgt für einen komfortablen und stabilen Sitz, ideal für lange Hörsessions und sportliche Aktivitäten. Mit dem kompakten Ladecase erreichen diese Kopfhörer eine Gesamtwiedergabezeit von bis zu 40 Stunden, wodurch sie stets einsatzbereit sind. Die integrierte Touch-Bedienung ermöglicht eine intuitive Steuerung von Audioinhalten und Telefonaten direkt am Ohr. Erleben Sie uneingeschränkte kabellose Freiheit und exzellente Audioqualität dank der schnellen und stabilen Bluetooth 5. 3 Verbindung. Die hochwertige Verarbeitung und robuste Konstruktion garantieren eine lange Lebensdauer sowie zuverlässige Leistung im täglichen Gebrauch.;1;69.99;;product.ops
489186241;78659;a52ad537-120e-426d-9887-f873d36bcdaa;SKU-3264592188;0197074564948;20201523;Thule Bodenmatte 20201523 NEU;Die Thule Chariot Bodenmatte Single bietet optimalen Schutz für den Innenraum Ihres Thule Chariot Einsitzer-Fahrradanhängers. Sie bewahrt den Boden zuverlässig vor Schmutz, Nässe und Abnutzung, was sie ideal für aktive Familienausflüge macht. Gefertigt aus robustem und langlebigem Gummi, ist diese Matte besonders strapazierfähig und widerstandsfähig gegenüber den täglichen Belastungen. Ihre hochwertige Verarbeitung garantiert eine lange Lebensdauer und eine unkomplizierte Pflege des Anhängers. Die Matte lässt sich mühelos einlegen und bei Bedarf schnell wieder entnehmen, was die Reinigung erheblich vereinfacht. Sie ist passgenau für alle Thule Chariot Einsitzer-Modelle konzipiert und sorgt somit für eine stets saubere und geschützte Transportumgebung.;1;47.45;;product.ops
465217812;78659;a7fbf83a-10da-453f-974b-4d71c9e7e626;SKU-1848228084;742693109522;;Walex Fäkalientank-Deodorant Porta-Pak Max NEU;Der Walex Porta-Pak Max ist ein hochwirksames Deodorant- und Portionskontrollsystem, speziell entwickelt für Fäkalientanks in Wohnmobilen, Booten und tragbaren Toiletten. Es gewährleistet eine hygienische sowie dauerhaft geruchsfreie Umgebung, selbst unter anspruchsvollen Bedingungen wie starkem Verkehr oder heißen Klimazonen. Dieses innovative Produkt basiert auf fortschrittlicher WAVE-Technologie und bietet eine überlegene Geruchskontrolle mit einem kraftvollen Duft. Die tiefblaue Formel ist nicht färbend, vollständig formaldehydfrei und löst sich in den praktischen, wasserlöslichen Beuteln schnell und rückstandsfrei auf. Jede Packung enthält 50 Beutel, was eine langanhaltende Versorgung sicherstellt und die Anwendung denkbar einfach gestaltet. Für maximale Sauberkeit und Frische ist dieses Produkt die optimale Wahl, um Gerüche effektiv zu neutralisieren.;9;112.81;;product.ops
480593369;78659;ab8921aa-074a-4d89-beb7-b4236133851e;SKU-8463577445;0767791461112;7-D347=RGB-20M;LED-Streifen Milchweißes PVC 20 Meter Innen- und Außenbereich NEU;Der KSIBNW RGB Neon LED Streifen bietet eine vielseitige und stimmungsvolle Beleuchtungslösung für den Innen- und Außenbereich. Mit seiner großzügigen Länge von 20 Metern und der robusten IP65-Schutzart ist er ideal für die Akzentuierung verschiedenster Umgebungen. Die komfortable Steuerung erfolgt intuitiv über eine Bluetooth App oder die mitgelieferte Fernbedienung, wodurch Farben, dynamische Modi und Zeitpläne individuell anpassbar sind. Erleben Sie faszinierende Lichteffekte, die sich synchron zur Musik bewegen oder auf Umgebungsgeräusche reagieren und so einzigartige Atmosphären schaffen. Das hochwertige milchweiße PVC-Material sorgt für eine außergewöhnlich gleichmäßige Lichtverteilung und ermöglicht eine einfache, flexible Installation in jeder gewünschten Form. Dieser energieeffiziente LED-Streifen überzeugt zudem mit einer beeindruckenden Lebensdauer von bis zu 50. 000 Stunden, was langfristige Freude an Ihrer Beleuchtung garantiert.;1;59.99;;product.ops
489027495;78659;acbaf936-25b4-4850-a552-4af9871abe8c;SKU-5736916285;4062833011987;;PANORAMA24 Rolllattenrost BxL 80x200cm Massivholz 80x200M 200cm 80cm NEU;Der PANORAMA24 Rolllattenrost BXL Premium bietet eine solide und komfortable Basis für Ihr Bett. Er ist ideal für die Verwendung mit verschiedenen Matratzentypen und sorgt für eine optimale Belüftung der Matratze. Gefertigt aus robustem Massivholz, gewährleistet dieser Lattenrost Langlebigkeit und Stabilität für viele Jahre. Die hochwertige Verarbeitung unterstützt eine ergonomische Liegeposition und trägt maßgeblich zu einem erholsamen Schlaf bei. Mit seinen Maßen von 80 x 200 cm passt dieser Rolllattenrost perfekt in Einzelbetten und bietet eine zuverlässige Unterlage. Die einfache Handhabung und das platzsparende Design machen ihn zu einer praktischen und flexiblen Wahl für jedes Schlafzimmer.;1;31.99;;product.ops
493976051;78659;ad41bd2c-b32b-4f84-8e10-70a3933b51e6;SKU-5198272869;4063046621062;Unbekannt;Street One Damen Pullover Anthrazit Gr. EUR 44-48 Textil Unbekannt NEU;Dieser elegante Street One Damen Pullover besticht durch seinen stilvollen Stehkragen und die raffinierten Knopfdetails, die jedem Outfit eine feminine Note verleihen. Er ist ein vielseitiges Kleidungsstück, das sich hervorragend für kühle Tage eignet und dabei stets eine ansprechende Optik bietet. Gefertigt aus einem hochwertigen und besonders kuscheligen Textilmaterial, garantiert dieser Pullover den ganzen Tag über ein außergewöhnlich angenehmes Tragegefühl auf der Haut. Die durchdachte Passform mit Raglanärmeln und einer feinen Rippstruktur an den Seiten sichert dabei optimalen Sitz sowie uneingeschränkte Bewegungsfreiheit. Der Pullover lässt sich mühelos in jede Garderobe integrieren und ist perfekt für die Kreation stilvoller Wohlfühl-Looks im Alltag geeignet. Er bietet angenehme Wärme und Komfort für verschiedene Anlässe, von entspannten Freizeitmomenten bis hin zu besonderen Zusammenkünften.;1;28;;product.ops
489186378;78659;b17bc8c9-7097-40af-ba51-02491a3cb01e;SKU-8799542495;;G-0047;Kiniris Kinder Komplett-Kostüm Braun Gr. S M LxL Polyester G-0047 NEU;Dieses bezaubernde Kiniris Leopardenkostüm verwandelt Ihr Kind in eine elegante Wildkatze, ideal für unvergessliche Momente bei Karneval, Halloween oder thematischen Festen. Es garantiert einen authentischen und überzeugenden Leoparden-Look, der Kinderaugen zum Strahlen bringt. Das hochwertige 4-teilige Set beinhaltet ein detailreich gemustertes Leopardenkleid, eine charmante Kopfbedeckung mit Ohren, passende Armstulpen und komfortable Leggings. Gefertigt aus leichtem und hautfreundlichem Polyester, bietet es optimalen Tragekomfort für ausgiebige Spielstunden und festliche Anlässe. Das Kostüm ist in den gängigen Kindergrößen S bis XL verfügbar, um eine perfekte Passform für Kinder von 100 cm bis 140 cm Körpergröße zu gewährleisten. Dank der pflegeleichten Materialeigenschaften bleibt das Outfit auch nach häufigem Tragen und Waschen stets strahlend schön und bereit für das nächste Abenteuer.;1;20;;product.ops
489027425;78659;b82f2e03-f4e9-4cef-8984-364a6a8cfc8e;SKU-3350934915;;2201290005;Gartenstecker Metall Kunststoff 11cm Außenbereich NEU;Der Kibek Molveno Solar-Gartenstecker in elegantem Mattschwarz schafft eine ansprechende Lichtatmosphäre in jedem Außenbereich. Er beleuchtet Gärten, Terrassen und Wege vollkommen autark ohne externe Stromzufuhr. Ausgestattet mit einem effizienten amorphen Silizium-Solarpanel und einem Ni-MH AAA Akku, lädt sich der Gartenstecker tagsüber zuverlässig auf. Die robuste Metall-Kunststoff-Konstruktion mit IP44-Spritzwasserschutz gewährleistet dabei Langlebigkeit und Widerstandsfähigkeit gegenüber vielfältigen Witterungseinflüssen. Ein integrierter Dämmerungssensor sorgt für eine vollautomatische Lichtsteuerung, indem er das Licht bei Dunkelheit einschaltet und bei Tagesanbruch wieder ausschaltet. Die Installation erfolgt denkbar einfach mittels praktischem Erdspieß, wodurch keine aufwendige Verkabelung notwendig ist und der Stecker sofort einsatzbereit ist.;4;11.99;;product.ops
465217822;78659;b9682eb9-a9aa-415e-898f-7b9bf915e42f;SKU-8203474346;0633585070122;;Sabeatex Kopfkissen Körperkissen Kinderkissen 43cm Kinder Gr. 70x35x13cm;Dieses Sabeatex Kinder Nackenstützkissen wurde speziell entwickelt, um den Kopf und Nacken von Kindern ab 2 Jahren optimal zu entlasten. Es fördert eine gesunde Schlafposition und hilft effektiv, Verspannungen vorzubeugen, was maßgeblich zu einem erholsamen Schlaf beiträgt. Der innovative Visco-Gelschaum passt sich präzise an die individuelle Nackenkontur an und sorgt für eine gleichmäßige Druckverteilung. Gleichzeitig gewährleistet das atmungsaktive Material ein stets frisches und hygienisches Schlafklima, indem es Feuchtigkeit effizient ableitet. Mit seinen kompakten Maßen von 43 x 25 x 6 cm ist dieses Kissen ideal als Zusatzkissen oder speziell für Bauchschläfer geeignet. Die pflegeleichten Eigenschaften garantieren zudem langanhaltenden Komfort und eine unkomplizierte Handhabung im Alltag für Eltern.;13;29.99;;product.ops
467527321;78659;c02f6527-8651-429c-8022-31eb90f6aaaa;SKU-0716100821;;A154956/202401/03705;SOMAN Unisex Integralhelm Pink Schwarz Lila Gr. S A154956/202401/03705 NEU;Dieser SOMAN Integralhelm bietet anspruchsvollen Motorradfahrern optimalen Schutz und herausragenden Komfort bei jeder Fahrt. Sein aerodynamisches Design und die robuste Außenschale gewährleisten maximale Sicherheit sowie Stabilität auf der Straße. Ein effizientes Belüftungssystem sorgt für angenehme Luftzirkulation und verhindert effektiv eine Überhitzung im Helminneren. Die herausnehmbare, waschbare Innenpolsterung garantiert zudem stets höchste Hygiene und frischen Tragekomfort. Das kratzfeste Iridium-Visier schützt die Augen zuverlässig vor Sonne und Wind und bietet jederzeit eine klare Sicht. Das einzigartige Pink-Schwarz-Lila Grafik-Design mit matter Oberfläche macht diesen Helm zu einem echten Blickfang und erfüllt die DOT FMVSS 218 und ECE R 22. 05 Sicherheitsstandards.;1;89.99;;product.ops
491628405;78659;c1497bbf-f2e9-4e9a-9d75-7b31d2c0891d;SKU-9116827107;4054673401967;;Toyfel Zahlenwurfspiel Tölky NEU;Das Toyfel Tölky Zahlenwurfspiel ist ein klassisches Outdoorspiel, welches Geschicklichkeit und strategisches Denken auf unterhaltsame Weise fördert. Gefertigt aus hochwertigem, FSC-zertifiziertem Kiefernholz, verspricht es langanhaltenden Spielspaß für die gesamte Familie und Freunde. Dieses traditionelle finnische Wurfspiel ist ideal für gesellige Runden im Freien und sorgt für spannende Wettkämpfe unter allen Teilnehmern. Die robusten Holzzylinder und das präzise Wurfholz sind speziell für den intensiven Gebrauch im Garten, Park oder am Strand konzipiert. Mit seinen einfachen Regeln ist das Spiel schnell erlernt und bietet eine hervorragende Möglichkeit, aktive Zeit an der frischen Luft zu verbringen. Es ist eine ausgezeichnete Wahl für alle Altersgruppen, die Freude an herausfordernden und gemeinschaftlichen Spielen haben.;8;22.99;;product.ops
467533470;78659;c6d932e0-cd68-4d66-8212-d98f5d10e8d2;SKU-7957694387;4047371128199;516480;Zinkdruckguss;Der SIRUS Desktop Mikrofonständer bietet eine äußerst stabile und zuverlässige Basis für hochwertige Audioaufnahmen. Sein robustes Design aus massivem Zinkdruckguss minimiert effektiv unerwünschte Vibrationen und gewährleistet eine stets klare Klangübertragung. Eine flexible Höhenverstellung von 27 cm bis zu 41 cm ermöglicht eine präzise Anpassung an diverse Nutzungsszenarien und individuelle Bedürfnisse. Dieser vielseitige Ständer ist ideal für Desktop-Anwendungen, professionelle Studioaufnahmen sowie anspruchsvolle Gaming-Setups geeignet. Gefertigt aus hochwertigen Materialien, verspricht der SIRUS Mikrofonständer eine lange Lebensdauer und außergewöhnliche Beständigkeit im täglichen Gebrauch. Seine kompakte und durchdachte Bauweise integriert sich nahtlos und platzsparend in jede Arbeits- oder Kreativumgebung.;1;69;;product.ops
489186632;78659;c9fb6dc8-5db9-455d-a9b6-a8cadf694909;SKU-4995445480;4067902570174;JC8285;Adidas Herren Trainingshose Dunkelblau Gr. L Polyester JC8285 NEU;Die Adidas Firebird TP Trainingshose in Dunkelblau ist ein zeitloser Klassiker für Sport und Freizeit. Sie bietet eine bequeme Passform und optimale Bewegungsfreiheit für Training oder entspannte Stunden. Gefertigt aus hochwertigem, strapazierfähigem Polyestermaterial, gewährleistet diese Hose exzellenten Tragekomfort und Langlebigkeit. Der elastische Bund mit Kordelzug ermöglicht eine präzise, individuelle Anpassung und sicheren Halt. Praktische Reißverschlusstaschen bieten sicheren Stauraum für persönliche Essentials wie Schlüssel oder Smartphone. Die Hose ist zudem äußerst pflegeleicht, behält Form und Farbe auch nach wiederholtem Waschen bei und verspricht langanhaltende Freude.;1;39.9;;product.ops
465110466;78659;d2649d99-ae7a-4b45-bca9-e6c452843d93;SKU-3442148631;;72239;ToMax 72239 Tintenpatrone Gelb NEU;Die ToMax TM-LC-223Y Tintenpatrone in Gelb liefert gestochen scharfe Texte und lebendige Farbausdrucke für all Ihre Dokumente. Diese hochwertige, kompatible Lösung wurde speziell für zahlreiche Brother Tintenstrahldrucker entwickelt und garantiert eine exzellente Farbwiedergabe. Befüllt mit spezieller Premium-Tinte, sichert diese Patrone eine beeindruckende Langlebigkeit Ihrer Ausdrucke und zuverlässige Leistung von der ersten bis zur letzten Seite. Sie stellt eine kostengünstige und effiziente Alternative dar, die stets höchste Druckqualität ohne Kompromisse liefert. Im Lieferumfang ist eine sofort einsatzbereite Tintenpatrone enthalten, die eine einfache und schnelle Installation in Ihrem Gerät ermöglicht. Bitte überprüfen Sie vor dem Kauf die detaillierte Kompatibilitätsliste, um optimale Ergebnisse mit Ihrem spezifischen Brother Druckermodell zu gewährleisten.;1;3.5;;product.ops
465217929;78659;d26c1381-e411-4bd2-a9fd-fdd8e408a28a;SKU-3178068699;4045516002427;92250869;Vex Zulaufschlauch 1.5m NEU;Dieser originale Candy Hoover Zulaufschlauch ist die perfekte Lösung für eine zuverlässige und effiziente Wasserzufuhr zu Ihrer Waschmaschine oder Ihrem Geschirrspüler. Seine präzise Fertigung gewährleistet eine optimale Passform und trägt maßgeblich zur Langlebigkeit sowie Leistungsfähigkeit Ihrer Haushaltsgeräte bei. Gefertigt aus hochwertigen und robusten Materialien, widersteht dieser Schlauch zuverlässig hohem Wasserdruck und extremen Temperaturschwankungen bis 90°C. Die widerstandsfähige Bauweise bietet effektiven Schutz vor Leckagen und beugt somit potenziellen Wasserschäden in Ihrem Zuhause vor. Die Installation des Zulaufschlauches gestaltet sich äußerst einfach und erfordert keinerlei Spezialwerkzeug für den Austausch. Dies ermöglicht einen schnellen und unkomplizierten Anschluss, sodass Ihr Gerät im Handumdrehen wieder voll einsatzbereit und funktionsfähig ist.;43;7.49;;product.ops
489187059;78659;d5ebb4cc-55b0-4b01-a52b-14af5f5e48dd;SKU-6221197450;860007289637;;TRIGGER POINT SYSTEMS Fitness Fitnessbänder Set 3er S M L NEU;Das TRIGGER POINT SYSTEMS Fitnessbänder Set ermöglicht ein effektives Ganzkörpertraining für Zuhause, das Fitnessstudio oder auf Reisen. Es stärkt gezielt die Muskulatur, verbessert die Flexibilität und unterstützt diverse Trainingsformen wie Krafttraining, Yoga, Pilates sowie Physiotherapie. Gefertigt aus hochwertigem, strapazierfähigem und hautfreundlichem Textilmaterial, bieten diese Bänder eine angenehme Haptik und garantieren hohe Langlebigkeit. Dieses vielseitige Set ist ideal für Einsteiger und Fortgeschrittene, um ihre individuellen Fitnessziele effizient und sicher zu erreichen. Der Lieferumfang umfasst drei Textil-Fitnessbänder in den Größen S, M und L mit abgestuften Widerstandsstufen für ein personalisiertes Training. Eine praktische Tragetasche sowie eine bebilderte Übungsanleitung erleichtern zudem den Transport und die korrekte Ausführung der Übungen.;1;0.01;;product.ops
492851460;78659;d7360291-deb4-4b2b-8251-b756f2572c94;SKU-2215132526;4262439211815;SZABS 026;ELOMACKE Trolley Koffer SZABS 026 UnisexErwachsene Gr. 54cm ABS Orange;Dieser Easy Move Hartschalenkoffer vereint robuste Eleganz mit praktischer Funktionalität für jede Reise. Gefertigt aus 100% ABS-Material bietet er optimalen Schutz für Ihr Gepäck und ist dabei angenehm leicht. Ein integriertes Zahlenschloss sichert Ihre Wertgegenstände zuverlässig, während die geräuscharmen 360°-Doppelrollen müheloses Manövrieren ermöglichen. Der mehrstufige Teleskopgriff sorgt zudem für eine ergonomische und rückenschonende Handhabung auf jedem Untergrund. Das intelligente Innenleben mit praktischen Innentaschen und Kreuz-Spanngurten hält Kleidung und Essentials organisiert und sicher. Dank seiner lebhaften Metallic-Farbe ist Ihr Koffer auf jedem Gepäckband sofort erkennbar und leicht zu finden.;1;39.9;;product.ops
499986360;78659;d7fe958d-e961-4da4-841c-056d2d07081f;SKU-1000000009;4046259962931;7110008TW70;TOM TAILOR Damen Flechtgürtel Schwarz Gr. 85/32 Leder NEU;Der TOM TAILOR Flechtgürtel ist ein stilvolles Accessoire, das jedes Outfit elegant ergänzt. Er ist ideal für den täglichen Gebrauch und verleiht sowohl lässigen als auch formellen Looks eine besondere Note. Gefertigt aus hochwertigem Leder, überzeugt dieser Gürtel durch seine langlebige Qualität und die feine Flechtstruktur. Die robuste Verarbeitung und die klassische Dornschließe gewährleisten eine lange Lebensdauer und sicheren Halt. Mit einer komfortablen Breite von 4,0 cm bietet er optimalen Tragekomfort und eine ansprechende Optik. Das zeitlose Design mit dezenter Logoprägung macht ihn zu einem unverzichtbaren Bestandteil jeder modernen Garderobe.;1;20.99;;product.ops
489027512;78659;daff6593-8cf1-4290-b164-30ff627317a0;SKU-9612106646;;HW65983WH;Wandgarderobe Holz Metall ca. 67cm Innen NEU;Diese stilvolle Wandgarderobe in Vintage Weiß bereichert jeden Eingangsbereich oder jedes Schlafzimmer mit zeitloser Eleganz. Ihr ansprechendes Design fügt sich nahtlos in diverse Einrichtungsstile ein und schafft eine einladende Atmosphäre in Ihrem Zuhause. Die Garderobe überzeugt durch ihre robuste Konstruktion aus hochwertigem Holz und stabilem Metall, welche Langlebigkeit und hohe Funktionalität im täglichen Gebrauch garantiert. Ausgestattet mit fünf stabilen Metallhaken, hält sie mühelos Jacken, Mäntel und diverse Accessoires stets griffbereit und ordentlich. Die unkomplizierte Wandmontage ermöglicht eine äußerst platzsparende Lösung, die sich ideal für Flur, Diele oder Schlafzimmer eignet. So verbindet diese Garderobe auf elegante Weise praktische Ordnung mit ästhetischem Design und setzt stilvolle Akzente in Ihrem Wohnraum.;1;49.9;;product.ops
491628674;78659;dd602152-c85f-4a41-b405-0b04e500834f;SKU-4465485856;4260120779378;CHAD13;Mahlzeit Chafing Dish Set 9 Liter NEU;Das Mahlzeit Chafing Dish Profi Set ist die ideale Lösung, um Speisen bei Buffets, Partys oder Catering-Events zuverlässig warm zu halten. Dieses umfassende 15-teilige Set wurde speziell für den anspruchsvollen Einsatz konzipiert und garantiert eine konstante Serviertemperatur für Ihre Gerichte. Die hochwertige Verarbeitung aus robustem Edelstahl gewährleistet eine lange Lebensdauer sowie eine einfache und intuitive Handhabung im täglichen Betrieb. Es ist nicht nur äußerst funktional, sondern auch optisch ansprechend gestaltet, um jede festliche Tafel stilvoll zu ergänzen und aufzuwerten. Dieses Chafing Dish Set ist die perfekte Wahl für alle, die Wert auf Qualität, Effizienz und eine professionelle Präsentation legen. Die unkomplizierte Montage und die einfache Reinigung machen es zu einem unverzichtbaren und praktischen Helfer in jeder professionellen Küche oder bei größeren Veranstaltungen.;1;36.98;;product.ops
492851509;78659;ddf71447-e7dd-4f92-afa1-9fc1b7fad114;SKU-5047615558;6933582304799;F-SL-PLA-PLA+-BK-5-S-AE;Sunlu F-SL-PLA-PLA+-BK-5-S-AE 3D Drucker Filament 1.75mm 5kg Schwarz;Dieses hochwertige Sunlu PLA+ 3D Drucker Filament in elegantem Schwarz ist die ideale Wahl für Anwender, die exzellente Druckergebnisse und zuverlässige Leistung schätzen. Das Material zeichnet sich durch eine signifikant verbesserte Festigkeit und Zähigkeit gegenüber herkömmlichem PLA aus, was zu widerstandsfähigeren und langlebigeren Druckerzeugnissen führt. Mit einem präzisen Filamentdurchmesser von 1. 75mm und einer außergewöhnlichen Maßgenauigkeit von +/- 0,02 mm minimiert dieses Material effektiv das Risiko von Verstopfungen. Es gewährleistet eine gleichmäßige Extrusion und ist speziell für eine breite Kompatibilität mit den gängigsten FDM-3D-Druckern entwickelt worden. Die großzügige 5kg Spule ist perfekt für umfangreiche und langanhaltende Druckaufträge geeignet, wodurch häufige Materialwechsel vermieden werden. Optimierte Drucktemperaturen von 195-220°C und variable Druckgeschwindigkeiten von 50-300mm/s bieten hohe Flexibilität für stets optimale Ergebnisse.;1;10.02;;product.ops
467533485;78659;e29c131f-ec89-434c-b216-90f28330918d;SKU-6854747447;220653541150;Como;Vinz Unisex Jethelm Matt Schwarz Gr.xS Como NEU;Der Vinz Jethelm Como bietet Motorrad- und Rollerfahrern eine optimale Kombination aus Sicherheit und Komfort für den täglichen Gebrauch. Seine robuste ABS-Außenschale erfüllt die strenge europäische Sicherheitsnorm ECE R22-06 und schützt zuverlässig bei Stürzen. Das kratzfeste Visier mit 95% UV-Schutz gewährleistet stets eine klare Sicht, während die integrierte Sonnenblende effektiv vor Blendung schützt. Die komfortable Innenpolsterung sorgt für eine angenehme Passform und ist zur Reinigung entnehmbar. Die hochwertige Verarbeitung des Helms garantiert Langlebigkeit und eine ansprechende matte Oberfläche. Mit einem Gewicht von nur 1. 15 kg ermöglicht dieser Jethelm ein ermüdungsfreies Fahrerlebnis, ergänzt durch den praktischen Steckverschluss für schnelles An- und Ablegen.;1;49.95;;product.ops
489187162;78659;e73c69ce-6582-4454-adab-52b418a775d0;SKU-5599844775;;230404041;Goffii Bauernhof Gemüse Angeln Lernspielzeug 230404041 Ab 3 Jahre NEU;Das Goffii Montessori Holzspielzeug bietet eine umfassende Lernumgebung für Kinder ab 3 Jahren, die ihre Entwicklung optimal fördert. Es unterstützt gezielt die Feinmotorik, Hand-Augen-Koordination und kognitive Fähigkeiten durch interaktives Spielen. Gefertigt aus hochwertigem, langlebigem Holz, gewährleistet dieses Spielzeug eine sichere und umweltfreundliche Spielerfahrung für Ihr Kind. Die robusten Holzelemente sind speziell für kleine Hände konzipiert, was die Selbstständigkeit der Kinder beim Entdecken und Lernen fördert. Das liebevoll gestaltete Bauernhof-Design mit Elementen wie Angeln und Gemüseernte regt zudem die Fantasie und kreative Rollenspiele an. Mit vielseitigen Spielmodi, darunter das Herausziehen von Gemüsesorten, das Angeln von Fischen und das Sortieren von Formen, garantiert es abwechslungsreiche und spannende Unterhaltung.;1;19.99;;product.ops
499986495;78659;e8f548b0-5b46-488a-8ea9-b525f6381ab2;SKU-1000000010;8720109786859;000QD5209E NPA;Calvin Klein String Tanga 000QD5209E NPA Damen Gr. L Baumwolle;Dieser Calvin Klein String Tanga im praktischen 3er-Pack bietet die ideale Basis für jeden Tag. Er kombiniert ikonischen Komfort mit einem superweichen Tragegefühl, perfekt für den Alltag. Das Set präsentiert sich in den modischen Farben Orange, Lila und Grau und zeichnet sich durch eine niedrige Bundhöhe aus, die stilvoll auf der Hüfte sitzt. Eine hochwertige Mischung aus Baumwolle und Stretch sorgt für eine optimale Passform und exzellenten Tragekomfort. Jeder Tanga ist mit einem elastischen Bund versehen, der das markante Calvin Klein Logo prominent zur Schau stellt. Dies verbindet zeitloses Design mit bewährter Markenqualität und garantiert gleichzeitig einen sicheren und bequemen Halt.;1;31.4;;product.ops
489187395;78659;f0796a2b-7a12-4f55-b343-cf8e47e35ad0;SKU-8261682619;7350121254862;138826;TePe Interdentalbürsten NEU;Die TePe Original Interdentalbürsten in Orange sind speziell für eine effektive und schonende Reinigung der Zahnzwischenräume konzipiert. Mit ihrer präzisen Größe von 0,45 mm (ISO 1) erreichen sie selbst schwer zugängliche Bereiche und fördern eine umfassende Mundhygiene. Diese hochwertigen Bürsten werden aus 100% biobasiertem Kunststoff gefertigt und folgen dem ISCC Mass Balance Approach, was sie zu einer nachhaltigen Wahl macht. Sie eignen sich hervorragend für die tägliche Pflege von Implantaten und Zahnspangen, um Plaque und Speisereste gründlich zu entfernen. Die Anwendung ist denkbar einfach: Führen Sie die Bürste vorsichtig zwischen die Zähne und bewegen Sie sie einige Male vor und zurück. Der flexible Draht kann für die hinteren Zähne leicht gebogen werden, um optimalen Zugang und eine gründliche Reinigung zu gewährleisten.;1;11.98;;product.ops
492851519;78659;f19c6d73-628b-424c-9d89-d950ebafb74b;SKU-6536943755;6974662351760;IPHHSBW-106;ANYCUBIC 3D Drucker Filament IPHHSBW-106 High Speed PLA 1.75mm Weiß NEU;Dieses ANYCUBIC High Speed PLA 3D Drucker Filament ist speziell für schnelle und hochpräzise Druckergebnisse konzipiert. Es gewährleistet eine herausragende Schichthaftung und makellose Oberflächen für vielfältigste 3D-Druckanwendungen. Mit einem präzisen Durchmesser von 1. 75 mm und einer engen Toleranz von ±0. 02 mm sorgt dieses Filament für eine durchweg konsistente Extrusion. Der breite Drucktemperaturbereich von 190-260°C und eine Heizbetttemperatur von 50-60°C sichern eine umfassende Kompatibilität mit den meisten FDM-Druckern. Das strahlend weiße Filament ermöglicht die Realisierung von Modellen mit einer klaren, professionellen und ästhetisch ansprechenden Optik. Zudem trägt die Verwendung einer Spule und Box aus recyceltem Material aktiv zum Umweltschutz bei, ergänzt durch ROHS- und REACH-Zertifizierungen für höchste Produktstandards.;2;15.89;;product.ops
489187457;78659;f2028097-7287-47f8-b694-d663960758ec;SKU-2204782559;;2024-1;Eternity Commerce LTD Bauen Konstruieren Magnetspielzeug 2024-1 Ab 3 Jahre;Dieses hochwertige Magnetspielzeug von Eternity Commerce LTD, Modell 2024-1, ermöglicht Kindern ab 3 Jahren, faszinierende Konstruktionen zu erschaffen. Mit 150 farbenfrohen Bausteinen sind der Fantasie keine Grenzen gesetzt, um vielfältige Formen und Strukturen spielerisch umzusetzen. Das Set fördert gezielt die Entwicklung wichtiger Fähigkeiten wie Feinmotorik, räumliches Denken und Problemlösungskompetenzen. Kinder lernen durch aktives Bauen und Experimentieren, während sie gleichzeitig ihre Kreativität und Vorstellungskraft entfalten können. Die einfache Handhabung der sicheren Magnetverbindungen gewährleistet unbedenklichen Spielspaß und eine lange Lebensdauer des Spielzeugs. Alle Komponenten entsprechen den strengen Sicherheitsstandards ASTM D 4236 und F963-17, sodass Eltern der Qualität und Sicherheit des Produkts voll vertrauen können.;1;30.99;;product.ops
493970493;78659;f34aeded-183f-461f-8b6d-f899c863bddb;SKU-2693030055;4067894538961;IY9636;Adidas Unisex Jogginghose Lila Gr. 2xS Baumwollmischung IY9636 NEU;Die Adidas ESS Joggers in Lila bieten herausragenden Komfort und einen zeitlosen Stil, ideal für den täglichen Gebrauch. Diese hochwertige Jogginghose kombiniert weiches Baumwollmischgewebe mit einer entspannten Passform, perfekt für gemütliche Stunden zu Hause oder leichte sportliche Aktivitäten. Das Modell ist mit einem elastischen Bund und einem praktischen Kordelzug ausgestattet, was eine individuelle Anpassung und sicheren Halt gewährleistet. Zudem bieten die integrierten Seitentaschen ausreichend Platz für wichtige Kleinigkeiten wie Schlüssel oder Smartphone, sodass Ihre Essentials stets griffbereit sind. Diese vielseitige Jogginghose ist ein perfekter Begleiter für Sport, Freizeit und Erholung, wobei ihr modernes Design zahlreiche Kombinationsmöglichkeiten eröffnet. Sie überzeugt durch ihre strapazierfähigen und pflegeleichten Eigenschaften, die eine langanhaltende Freude am Produkt garantieren.;1;54.95;;product.ops
491628585;78659;f42902e6-fbd5-40b3-ab2e-754199627da6;SKU-7676899776;;Q086B-5.5kg;AUTO NEWLAND Rangierwagenheber NEU;Dieser robuste AUTO NEWLAND Rangierwagenheber ist ein unverzichtbares Werkzeug für jede professionelle Werkstatt oder private Garage. Er ermöglicht das sichere und effiziente Anheben einer Vielzahl von Fahrzeugen für Wartungs- und Reparaturarbeiten. Konzipiert für maximale Langlebigkeit, gewährleistet dieses hydraulische Hebezeug eine zuverlässige Leistung unter verschiedensten Einsatzbedingungen. Sein durchdachtes Flachprofil-Design priorisiert die Sicherheit des Benutzers und eine einfache Handhabung bei der Fahrzeugwartung. Ideal für professionelle Mechaniker und ambitionierte Heimwerker, unterstützt dieser vielseitige Wagenheber eine breite Palette von PKW und leichten Transportern. Er bietet die notwendige Stabilität und Hubkraft für routinemäßige Überprüfungen sowie komplexere Reparaturen am Fahrzeug.;1;40;;product.ops
467533509;78659;f7a5bb4a-9e13-4a67-8065-996f9a809f26;SKU-0107097519;;10009322;Sontheimer Nockenschalter Grau Schwarz Kunststoff Metall 10009322 NEU;Der Sontheimer Nockenschalter A400V bietet höchste Zuverlässigkeit und Robustheit für anspruchsvolle Steuerungsaufgaben in industriellen Umgebungen. Dieses Qualitätsprodukt „Made in Germany“ sichert eine außergewöhnliche Langlebigkeit und präzise Funktion in Ihren Maschinen und Anlagen. Mit einem Nennstrom von 32A und einer Nennspannung von bis zu 690V ist dieser Schalter vielseitig für Motor- und Lastschaltungen einsetzbar. Er erfüllt internationale Normen wie IEC/EN 60947-3 und UL, was seine breite Kompatibilität und Sicherheit unterstreicht. Gefertigt aus hochwertigem Kunststoff und Metall, garantiert der Nockenschalter eine sichere und dauerhafte Performance selbst unter extremen Bedingungen. Die einfache Montage und klare Anschlussmarkierungen ermöglichen eine schnelle und fehlerfreie Installation, ergänzt durch eine hohe Kurzschlussfestigkeit von 5kA bei 600V für maximale Betriebssicherheit.;2;0.01;;product.ops
489187553;78659;f8fc404d-90b9-408f-a0a5-53038fdbd793;SKU-7447779999;4014421180506;;ONLINE Aquarell Blending Set 18050 Anfänger und Fortgeschrittene Mehrfarbig;Das ONLINE Calli. Brush Lettering & Aquarell Set ist ein umfassendes Kreativset, das speziell für Hand Lettering und Aquarellmalerei konzipiert wurde. Es ermöglicht sowohl Anfängern als auch Fortgeschrittenen, ihre kreativen Fähigkeiten voll zu entfalten und einzigartige Kunstwerke zu schaffen. Dieses Set beinhaltet zehn hochwertige Calli. Brush Doppelspitzenstifte in brillanten Farben, die präzise Linienführung und breite Pinselstriche für vielseitige Techniken bieten. Ergänzt wird dies durch einen DIN A5 Aquarellblock mit 200 g/m² starkem Papier und 20 Blatt, ideal für Nass- und Trockentechniken. Ein praktischer Wassertankpinsel rundet das Set ab und ist perfekt für fließende Farbübergänge sowie die Gestaltung feiner Details in Aquarellarbeiten. Die sorgfältig ausgewählten Komponenten garantieren ein inspirierendes und vielseitiges Malerlebnis für alle kreativen Köpfe.;1;19.99;;product.ops
