category_id,breadcrumb,canonical_breadcrumb,canonical_category_id,action
6406743,Auto & Motorrad,Auto & Motorrad,6406743,keep
6488175,Auto & Motorrad > Abdeckplanen,Auto & Motorrad > Abdeckplanen,6488175,keep
6488178,Auto & Motorrad > Auto-Anbau- & -Zubehörteile,Auto & Motorrad > Auto-Anbau- & -Zubehörteile,6488178,keep
6488179,Auto & Motorrad > Auto-Anbau- & -Zubehörteile > Autopflege & Aufbereitung,Auto & Motorrad > Auto-Anbau- & -Zubehörteile > Autopflege & Aufbereitung,6488179,keep
6488230,Auto & Motorrad > Auto-Anbau- & -Zubehörteile > Autopflege & Aufbereitung > Eiskratzer & Schneebürste,Auto & Motorrad > Auto-Anbau- & -Zubehörteile > Autopflege & Aufbereitung > Eiskratzer & Schneebürste,6488230,keep
6488231,Auto & Motorrad > Auto-Anbau- & -Zubehörteile > Autopflege & Aufbereitung > Lufterfrischer,Auto & Motorrad > Auto-Anbau- & -Zubehörteile > Autopflege & Aufbereitung > Lufterfrischer,6488231,keep
6488232,Auto & Motorrad > Auto-Anbau- & -Zubehörteile > Dachträger & Dachboxen,Auto & Motorrad > Auto-Anbau- & -Zubehörteile > Dachträger & Dachboxen,6488232,keep
6488233,Auto & Motorrad > Auto-Anbau- & -Zubehörteile > Dachträger & Dachboxen > Dachträger-Zubehör,Auto & Motorrad > Auto-Anbau- & -Zubehörteile > Dachträger & Dachboxen > Dachträger-Zubehör,6488233,keep
6488234,Auto & Motorrad > Auto-Ersatz- & -Reparaturteile,Auto & Motorrad > Auto-Ersatz- & -Reparaturteile,6488234,keep
6488235,Auto & Motorrad > Auto-Ersatz- & -Reparaturteile > Karosserie & Exterieur,Auto & Motorrad > Auto-Ersatz- & -Reparaturteile > Karosserie & Exterieur,6488235,keep
6488236,Auto & Motorrad > Auto-Ersatz- & -Reparaturteile > Karosserie & Exterieur > Außenspiegel,Auto & Motorrad > Auto-Ersatz- & -Reparaturteile > Karosserie & Exterieur > Außenspiegel,6488236,keep
6488237,Auto & Motorrad > Auto-Ersatz- & -Reparaturteile > Kühlung,Auto & Motorrad > Auto-Ersatz- & -Reparaturteile > Kühlung,6488237,keep
6488238,Auto & Motorrad > Auto-Ersatz- & -Reparaturteile > Kühlung > Frostschutzmittel,Auto & Motorrad > Auto-Ersatz- & -Reparaturteile > Kühlung > Frostschutzmittel,6488238,keep
6488239,Auto & Motorrad > Auto-Tuning & -Styling,Auto & Motorrad > Auto-Tuning & -Styling,6488239,keep
6488240,Auto & Motorrad > Auto-Tuning & -Styling > Sport-Getriebe,Auto & Motorrad > Auto-Tuning & -Styling > Sport-Getriebe,6488240,keep
6488241,Auto & Motorrad > Auto-Tuning & -Styling > Sport-Getriebe > Antriebswellen,Auto & Motorrad > Auto-Tuning & -Styling > Sport-Getriebe > Antriebswellen,6488241,keep
6488242,Auto & Motorrad > Auto-Tuning & -Styling > Sportfederung,Auto & Motorrad > Auto-Tuning & -Styling > Sportfederung,6488242,keep
6488243,Auto & Motorrad > Auto-Tuning & -Styling > Sportfederung > Domlager,Auto & Motorrad > Auto-Tuning & -Styling > Sportfederung > Domlager,6488243,keep
6488244,"Auto & Motorrad > Autoelektronik, GPS & Sicherheitstechnik","Auto & Motorrad > Autoelektronik, GPS & Sicherheitstechnik",6488244,keep
6488245,"Auto & Motorrad > Autoelektronik, GPS & Sicherheitstechnik > Autoentertainment","Auto & Motorrad > Autoelektronik, GPS & Sicherheitstechnik > Autoentertainment",6488245,keep
6488246,"Auto & Motorrad > Autoelektronik, GPS & Sicherheitstechnik > Autoentertainment > Auto DVD Player","Auto & Motorrad > Autoelektronik, GPS & Sicherheitstechnik > Autoentertainment > Auto DVD Player",6488246,keep
6488247,"Auto & Motorrad > Autoelektronik, GPS & Sicherheitstechnik > Autoentertainment > Autoradios","Auto & Motorrad > Autoelektronik, GPS & Sicherheitstechnik > Autoentertainment > Autoradios",6488247,keep
6488180,Auto & Motorrad > Autoteile & Zubehör,Auto & Motorrad > Autoteile & Zubehör,6488180,keep
6488248,Auto & Motorrad > Autoteile & Zubehör > Auspuff- & Abgassysteme,Auto & Motorrad > Autoteile & Zubehör > Auspuff- & Abgassysteme,6488248,keep
6488249,Auto & Motorrad > Autoteile & Zubehör > Auspuff- & Abgassysteme > Lambdasonden & O2-Sensoren,Auto & Motorrad > Autoteile & Zubehör > Auspuff- & Abgassysteme > Lambdasonden & O2-Sensoren,6488249,keep
6488250,Auto & Motorrad > Autoteile & Zubehör > Autoelektrik,Auto & Motorrad > Autoteile & Zubehör > Autoelektrik,6488250,keep
6488251,Auto & Motorrad > Autoteile & Zubehör > Autoelektrik > Anlasser,Auto & Motorrad > Autoteile & Zubehör > Autoelektrik > Anlasser,6488251,keep
6488252,Auto & Motorrad > Autoteile & Zubehör > Autoelektrik > Batterien,Auto & Motorrad > Autoteile & Zubehör > Autoelektrik > Batterien,6488252,keep
6488253,Auto & Motorrad > Autoteile & Zubehör > Bremsen & Bremsenteile,Auto & Motorrad > Autoteile & Zubehör > Bremsen & Bremsenteile,6488253,keep
6488254,Auto & Motorrad > Autoteile & Zubehör > Bremsen & Bremsenteile > Bremsbeläge,Auto & Motorrad > Autoteile & Zubehör > Bremsen & Bremsenteile > Bremsbeläge,6488254,keep
6488255,Auto & Motorrad > Autoteile & Zubehör > Bremsen & Bremsenteile > Bremsscheiben,Auto & Motorrad > Autoteile & Zubehör > Bremsen & Bremsenteile > Bremsscheiben,6488255,keep
6488181,Auto & Motorrad > Autoteile & Zubehör > Federung & Lenkung,Auto & Motorrad > Autoteile & Zubehör > Federung & Lenkung,6488181,keep
6488256,Auto & Motorrad > Autoteile & Zubehör > Federung & Lenkung > Lenkgetriebe & -gehäuse,Auto & Motorrad > Autoteile & Zubehör > Federung & Lenkung > Lenkgetriebe & -gehäuse,6488256,keep
6488257,Auto & Motorrad > Autoteile & Zubehör > Federung & Lenkung > Lenksäulen,Auto & Motorrad > Autoteile & Zubehör > Federung & Lenkung > Lenksäulen,6488257,keep
6488258,"Auto & Motorrad > Autoteile & Zubehör > Federung & Lenkung > Radlager, -naben & Buchsen","Auto & Motorrad > Autoteile & Zubehör > Federung & Lenkung > Radlager, -naben & Buchsen",6488258,keep
6488259,Auto & Motorrad > Autoteile & Zubehör > Federung & Lenkung > Stoßdämpfer- & Federbeinhalterungen,Auto & Motorrad > Autoteile & Zubehör > Federung & Lenkung > Stoßdämpfer- & Federbeinhalterungen,6488259,keep
6488260,Auto & Motorrad > Autoteile & Zubehör > Getriebe & Antriebstechnik,Auto & Motorrad > Autoteile & Zubehör > Getriebe & Antriebstechnik,6488260,keep
6488261,"Auto & Motorrad > Autoteile & Zubehör > Getriebe & Antriebstechnik > Antriebswellengelenke, Achsmanschetten & Teile","Auto & Motorrad > Autoteile & Zubehör > Getriebe & Antriebstechnik > Antriebswellengelenke, Achsmanschetten & Teile",6488261,keep
6488319,Auto & Motorrad > Autoteile & Zubehör > Getriebe & Antriebstechnik > Kupplungsteile & -sätze,Auto & Motorrad > Autoteile & Zubehör > Getriebe & Antriebstechnik > Kupplungsteile & -sätze,6488319,keep
6488322,Auto & Motorrad > Autoteile & Zubehör > Getriebe & Antriebstechnik > Kupplungsteile & -sätze > Kupplungssätze,Auto & Motorrad > Autoteile & Zubehör > Getriebe & Antriebstechnik > Kupplungsteile & -sätze > Kupplungssätze,6488322,keep
6488182,Auto & Motorrad > Autoteile & Zubehör > Innenausstattung,Auto & Motorrad > Autoteile & Zubehör > Innenausstattung,6488182,keep
6488262,"Auto & Motorrad > Autoteile & Zubehör > Innenausstattung > Fußmatten, Teppiche & Laderaumwannen","Auto & Motorrad > Autoteile & Zubehör > Innenausstattung > Fußmatten, Teppiche & Laderaumwannen",6488262,keep
6488263,Auto & Motorrad > Autoteile & Zubehör > Innenausstattung > Sonnen- & Sichtschutze,Auto & Motorrad > Autoteile & Zubehör > Innenausstattung > Sonnen- & Sichtschutze,6488263,keep
6488324,"Auto & Motorrad > Autoteile & Zubehör > Karosserie-, Anbauteile & Zubehör","Auto & Motorrad > Autoteile & Zubehör > Karosserie-, Anbauteile & Zubehör",6488324,keep
6488326,"Auto & Motorrad > Autoteile & Zubehör > Karosserie-, Anbauteile & Zubehör > Außenspiegel & Teile","Auto & Motorrad > Autoteile & Zubehör > Karosserie-, Anbauteile & Zubehör > Außenspiegel & Teile",6488326,keep
6488328,"Auto & Motorrad > Autoteile & Zubehör > Karosserie-, Anbauteile & Zubehör > Außenspiegel & Teile > Außenspiegel","Auto & Motorrad > Autoteile & Zubehör > Karosserie-, Anbauteile & Zubehör > Außenspiegel & Teile > Außenspiegel",6488328,keep
6488330,"Auto & Motorrad > Autoteile & Zubehör > Karosserie-, Anbauteile & Zubehör > Schutzvorrichtungen & Schmutzfänger","Auto & Motorrad > Autoteile & Zubehör > Karosserie-, Anbauteile & Zubehör > Schutzvorrichtungen & Schmutzfänger",6488330,keep
6488331,"Auto & Motorrad > Autoteile & Zubehör > Karosserie-, Anbauteile & Zubehör > Schutzvorrichtungen & Schmutzfänger > Weitere Schutzvorrichtungen & Protektoren","Auto & Motorrad > Autoteile & Zubehör > Karosserie-, Anbauteile & Zubehör > Schutzvorrichtungen & Schmutzfänger > Weitere Schutzvorrichtungen & Protektoren",6488331,keep
6488264,Auto & Motorrad > Autoteile & Zubehör > Luft- & Kraftstoffversorgung,Auto & Motorrad > Autoteile & Zubehör > Luft- & Kraftstoffversorgung,6488264,keep
6488265,Auto & Motorrad > Autoteile & Zubehör > Luft- & Kraftstoffversorgung > Lufteinlass- & Kraftstoffsensoren,Auto & Motorrad > Autoteile & Zubehör > Luft- & Kraftstoffversorgung > Lufteinlass- & Kraftstoffsensoren,6488265,keep
6488183,Auto & Motorrad > Autoteile & Zubehör > Motoren & Motorenteile,Auto & Motorrad > Autoteile & Zubehör > Motoren & Motorenteile,6488183,keep
6488333,Auto & Motorrad > Autoteile & Zubehör > Motoren & Motorenteile > Dichtungen & Montageteile,Auto & Motorrad > Autoteile & Zubehör > Motoren & Motorenteile > Dichtungen & Montageteile,6488333,keep
6488335,Auto & Motorrad > Autoteile & Zubehör > Motoren & Motorenteile > Dichtungen & Montageteile > Dichtungen & Dichtungsringe,Auto & Motorrad > Autoteile & Zubehör > Motoren & Motorenteile > Dichtungen & Montageteile > Dichtungen & Dichtungsringe,6488335,keep
6488337,Auto & Motorrad > Autoteile & Zubehör > Motoren & Motorenteile > Dichtungen & Montageteile > Dichtungssätze,Auto & Motorrad > Autoteile & Zubehör > Motoren & Motorenteile > Dichtungen & Montageteile > Dichtungssätze,6488337,keep
6488266,Auto & Motorrad > Autoteile & Zubehör > Motoren & Motorenteile > Inspektionspakete & -kits,Auto & Motorrad > Autoteile & Zubehör > Motoren & Motorenteile > Inspektionspakete & -kits,6488266,keep
6488267,Auto & Motorrad > Autoteile & Zubehör > Motoren & Motorenteile > Ölfilter,Auto & Motorrad > Autoteile & Zubehör > Motoren & Motorenteile > Ölfilter,6488267,keep
6488467,Auto & Motorrad > Autoteile & Zubehör > Motoren & Motorenteile > Ölpumpen & Teile,Auto & Motorrad > Autoteile & Zubehör > Motoren & Motorenteile > Ölpumpen & Teile,6488467,keep
6488339,Auto & Motorrad > Autoteile & Zubehör > Motoren & Motorenteile > Ventilsteuerungsteile,Auto & Motorrad > Autoteile & Zubehör > Motoren & Motorenteile > Ventilsteuerungsteile,6488339,keep
6488342,Auto & Motorrad > Autoteile & Zubehör > Motoren & Motorenteile > Ventilsteuerungsteile > Nockenwellen,Auto & Motorrad > Autoteile & Zubehör > Motoren & Motorenteile > Ventilsteuerungsteile > Nockenwellen,6488342,keep
6488268,Auto & Motorrad > Autoteile & Zubehör > Motorkühlung,Auto & Motorrad > Autoteile & Zubehör > Motorkühlung,6488268,keep
6488269,Auto & Motorrad > Autoteile & Zubehör > Motorkühlung > Ausgleichsbehälter,Auto & Motorrad > Autoteile & Zubehör > Motorkühlung > Ausgleichsbehälter,6488269,keep
6488184,Auto & Motorrad > Erste Hilfe- & Notfallausrüstungen,Auto & Motorrad > Erste Hilfe- & Notfallausrüstungen,6488184,keep
6488185,Auto & Motorrad > Erste Hilfe- & Notfallausrüstungen > Sicherheit,Auto & Motorrad > Erste Hilfe- & Notfallausrüstungen > Sicherheit,6488185,keep
6467208,Auto & Motorrad > KFZ-Ersatzteile,Auto & Motorrad > KFZ-Ersatzteile,6467208,keep
6470665,"Auto & Motorrad > KFZ-Ersatzteile > Antrieb, Motoren & Getriebe","Auto & Motorrad > KFZ-Ersatzteile > Antrieb, Motoren & Getriebe",6470665,keep
6470666,"Auto & Motorrad > KFZ-Ersatzteile > Antrieb, Motoren & Getriebe > Luft- & Kraftstoffversorgung","Auto & Motorrad > KFZ-Ersatzteile > Antrieb, Motoren & Getriebe > Luft- & Kraftstoffversorgung",6470666,keep
6467351,Auto & Motorrad > KFZ-Ersatzteile > Karosserieteile,Auto & Motorrad > KFZ-Ersatzteile > Karosserieteile,6467351,keep
6467477,Auto & Motorrad > KFZ-Ersatzteile > Karosserieteile > Außenspiegel & Zubehör,Auto & Motorrad > KFZ-Ersatzteile > Karosserieteile > Außenspiegel & Zubehör,6467477,keep
6467352,Auto & Motorrad > KFZ-Ersatzteile > Karosserieteile > Kraftrad-Verkleidungen,Auto & Motorrad > KFZ-Ersatzteile > Karosserieteile > Kraftrad-Verkleidungen,6467352,keep
6467250,Auto & Motorrad > KFZ-Ersatzteile > KFZ-Federungen & Dämpfungen,Auto & Motorrad > KFZ-Ersatzteile > KFZ-Federungen & Dämpfungen,6467250,keep
6467251,Auto & Motorrad > KFZ-Ersatzteile > KFZ-Federungen & Dämpfungen > Federbeine & Stoßdämpfer,Auto & Motorrad > KFZ-Ersatzteile > KFZ-Federungen & Dämpfungen > Federbeine & Stoßdämpfer,6467251,keep
6467209,Auto & Motorrad > KFZ-Ersatzteile > KFZ-Klimaanlagen & Zubehör,Auto & Motorrad > KFZ-Ersatzteile > KFZ-Klimaanlagen & Zubehör,6467209,keep
6407096,Auto & Motorrad > KFZ-Pflege & -Wartung,Auto & Motorrad > KFZ-Pflege & -Wartung,6407096,keep
6467371,Auto & Motorrad > KFZ-Pflege & -Wartung > KFZ-Außenreinigung  & -pflege,Auto & Motorrad > KFZ-Pflege & -Wartung > KFZ-Außenreinigung & -pflege,6467371,keep
6467372,Auto & Motorrad > KFZ-Pflege & -Wartung > KFZ-Außenreinigung  & -pflege > Farben & Autolacke,Auto & Motorrad > KFZ-Pflege & -Wartung > KFZ-Außenreinigung & -pflege > Farben & Autolacke,6467372,keep
6407097,Auto & Motorrad > KFZ-Pflege & -Wartung > Motorreinigung & -pflege,Auto & Motorrad > KFZ-Pflege & -Wartung > Motorreinigung & -pflege,6407097,keep
6407098,Auto & Motorrad > KFZ-Pflege & -Wartung > Motorreinigung & -pflege > Motoröle,Auto & Motorrad > KFZ-Pflege & -Wartung > Motorreinigung & -pflege > Motoröle,6407098,keep
6467422,Auto & Motorrad > KFZ-Werkzeuge,Auto & Motorrad > KFZ-Werkzeuge,6467422,keep
6467423,Auto & Motorrad > KFZ-Werkzeuge > Diagnosegeräte,Auto & Motorrad > KFZ-Werkzeuge > Diagnosegeräte,6467423,keep
6467425,Auto & Motorrad > KFZ-Zubehör,Auto & Motorrad > KFZ-Zubehör,6467425,keep
6467426,Auto & Motorrad > KFZ-Zubehör > Auto-Grundausstattungen,Auto & Motorrad > KFZ-Zubehör > Auto-Grundausstattungen,6467426,keep
6467427,Auto & Motorrad > KFZ-Zubehör > Auto-Grundausstattungen > Wagenheber,Auto & Motorrad > KFZ-Zubehör > Auto-Grundausstattungen > Wagenheber,6467427,keep
6467479,Auto & Motorrad > KFZ-Zubehör > KFZ-Gepäckträger & -boxen,Auto & Motorrad > KFZ-Zubehör > KFZ-Gepäckträger & -boxen,6467479,keep
6467480,Auto & Motorrad > KFZ-Zubehör > KFZ-Gepäckträger & -boxen > Dachboxen,Auto & Motorrad > KFZ-Zubehör > KFZ-Gepäckträger & -boxen > Dachboxen,6467480,keep
6488186,"Auto & Motorrad > Kleidung, Schutzausrüstung & Merchandise","Auto & Motorrad > Kleidung, Schutzausrüstung & Merchandise",6488186,keep
6488187,"Auto & Motorrad > Kleidung, Schutzausrüstung & Merchandise > Helme & Zubehör","Auto & Motorrad > Kleidung, Schutzausrüstung & Merchandise > Helme & Zubehör",6488187,keep
6488270,"Auto & Motorrad > Kleidung, Schutzausrüstung & Merchandise > Helme & Zubehör > Motorrad- & Motorsporthelme","Auto & Motorrad > Kleidung, Schutzausrüstung & Merchandise > Helme & Zubehör > Motorrad- & Motorsporthelme",6488270,keep
6488271,Auto & Motorrad > Klein- & Leichtkraftradteile,Auto & Motorrad > Klein- & Leichtkraftradteile,6488271,keep
6488272,Auto & Motorrad > Klein- & Leichtkraftradteile > Leichtkraftradteile,Auto & Motorrad > Klein- & Leichtkraftradteile > Leichtkraftradteile,6488272,keep
6488273,Auto & Motorrad > Klein- & Leichtkraftradteile > Leichtkraftradteile > Elektrik & Zündung,Auto & Motorrad > Klein- & Leichtkraftradteile > Leichtkraftradteile > Elektrik & Zündung,6488273,keep
6488188,Auto & Motorrad > Motorrad- & Rollerteile & -zubehör,Auto & Motorrad > Motorrad- & Rollerteile & -zubehör,6488188,keep
6488274,Auto & Motorrad > Motorrad- & Rollerteile & -zubehör > Elektrik & Zündungen,Auto & Motorrad > Motorrad- & Rollerteile & -zubehör > Elektrik & Zündungen,6488274,keep
6488275,Auto & Motorrad > Motorrad- & Rollerteile & -zubehör > Elektrik & Zündungen > Batterien,Auto & Motorrad > Motorrad- & Rollerteile & -zubehör > Elektrik & Zündungen > Batterien,6488275,keep
6488344,Auto & Motorrad > Motorrad- & Rollerteile & -zubehör > Getriebe & Antriebstechnik,Auto & Motorrad > Motorrad- & Rollerteile & -zubehör > Getriebe & Antriebstechnik,6488344,keep
6488346,Auto & Motorrad > Motorrad- & Rollerteile & -zubehör > Getriebe & Antriebstechnik > Endantriebsriemen & -ketten & Zahnriemensätze,Auto & Motorrad > Motorrad- & Rollerteile & -zubehör > Getriebe & Antriebstechnik > Endantriebsriemen & -ketten & Zahnriemensätze,6488346,keep
6488348,Auto & Motorrad > Motorrad- & Rollerteile & -zubehör > Getriebe & Antriebstechnik > Endantriebsriemen & -ketten & Zahnriemensätze > Endantriebsriemen & -ketten,Auto & Motorrad > Motorrad- & Rollerteile & -zubehör > Getriebe & Antriebstechnik > Endantriebsriemen & -ketten & Zahnriemensätze > Endantriebsriemen & -ketten,6488348,keep
6488372,Auto & Motorrad > Motorrad- & Rollerteile & -zubehör > Getriebe & Antriebstechnik > Endantriebsriemen & -ketten & Zahnriemensätze > Primärzahnriemen & -ketten,Auto & Motorrad > Motorrad- & Rollerteile & -zubehör > Getriebe & Antriebstechnik > Endantriebsriemen & -ketten & Zahnriemensätze > Primärzahnriemen & -ketten,6488372,keep
6488189,Auto & Motorrad > Motorrad- & Rollerteile & -zubehör > Spiegel,Auto & Motorrad > Motorrad- & Rollerteile & -zubehör > Spiegel,6488189,keep
6488176,Auto & Motorrad > Motorräder,Auto & Motorrad > Motorräder,6488176,keep
6488177,Auto & Motorrad > Motorräder > Roller,Auto & Motorrad > Motorräder > Roller,6488177,keep
6488190,"Auto & Motorrad > Öl, Pflege- & Schmiermittel","Auto & Motorrad > Öl, Pflege- & Schmiermittel",6488190,keep
6488191,"Auto & Motorrad > Öl, Pflege- & Schmiermittel > Automatikgetriebeöl","Auto & Motorrad > Öl, Pflege- & Schmiermittel > Automatikgetriebeöl",6488191,keep
6488192,"Auto & Motorrad > Öl, Pflege- & Schmiermittel > Getriebeöl","Auto & Motorrad > Öl, Pflege- & Schmiermittel > Getriebeöl",6488192,keep
6488193,"Auto & Motorrad > Öl, Pflege- & Schmiermittel > Motoröl","Auto & Motorrad > Öl, Pflege- & Schmiermittel > Motoröl",6488193,keep
6406744,Auto & Motorrad > Öle & Flüssigkeiten,Auto & Motorrad > Öle & Flüssigkeiten,6406744,keep
6406745,Auto & Motorrad > Öle & Flüssigkeiten > Motoröle,Auto & Motorrad > Öle & Flüssigkeiten > Motoröle,6406745,keep
6488194,"Auto & Motorrad > Quad-, SSV- & UTV-Teile & -Zubehör","Auto & Motorrad > Quad-, SSV- & UTV-Teile & -Zubehör",6488194,keep
6488195,"Auto & Motorrad > Quad-, SSV- & UTV-Teile & -Zubehör > Ansaug- & Kraftstoffsysteme","Auto & Motorrad > Quad-, SSV- & UTV-Teile & -Zubehör > Ansaug- & Kraftstoffsysteme",6488195,keep
6488350,"Auto & Motorrad > Quad-, SSV- & UTV-Teile & -Zubehör > Verkleidungen & Rahmen","Auto & Motorrad > Quad-, SSV- & UTV-Teile & -Zubehör > Verkleidungen & Rahmen",6488350,keep
6488352,"Auto & Motorrad > Quad-, SSV- & UTV-Teile & -Zubehör > Verkleidungen & Rahmen > Verkleidungen, Türen & Kotflügel","Auto & Motorrad > Quad-, SSV- & UTV-Teile & -Zubehör > Verkleidungen & Rahmen > Verkleidungen, Türen & Kotflügel",6488352,keep
6488354,"Auto & Motorrad > Quad-, SSV- & UTV-Teile & -Zubehör > Verkleidungen & Rahmen > Verkleidungen, Türen & Kotflügel > Windschutz- & Fensterscheiben","Auto & Motorrad > Quad-, SSV- & UTV-Teile & -Zubehör > Verkleidungen & Rahmen > Verkleidungen, Türen & Kotflügel > Windschutz- & Fensterscheiben",6488354,keep
6488276,Auto & Motorrad > Spezielle Fahrzeug-Teile,Auto & Motorrad > Spezielle Fahrzeug-Teile,6488276,keep
6488277,Auto & Motorrad > Spezielle Fahrzeug-Teile > Pkw-Anhänger Ersatzteile,Auto & Motorrad > Spezielle Fahrzeug-Teile > Pkw-Anhänger Ersatzteile,6488277,keep
6488278,Auto & Motorrad > Spezielle Fahrzeug-Teile > Pkw-Anhänger Ersatzteile > Karosserie & Fahrwerk,Auto & Motorrad > Spezielle Fahrzeug-Teile > Pkw-Anhänger Ersatzteile > Karosserie & Fahrwerk,6488278,keep
6488279,Auto & Motorrad > Spezielle Fahrzeug-Teile > Pkw-Anhänger Ersatzteile > Stützen & Keile,Auto & Motorrad > Spezielle Fahrzeug-Teile > Pkw-Anhänger Ersatzteile > Stützen & Keile,6488279,keep
6488356,Auto & Motorrad > Spezielle Fahrzeug-Teile > Wohnmobil- & Wohnwagenteile & Zubehör,Auto & Motorrad > Spezielle Fahrzeug-Teile > Wohnmobil- & Wohnwagenteile & Zubehör,6488356,keep
6488358,Auto & Motorrad > Spezielle Fahrzeug-Teile > Wohnmobil- & Wohnwagenteile & Zubehör > Wasser- & Sanitärsysteme,Auto & Motorrad > Spezielle Fahrzeug-Teile > Wohnmobil- & Wohnwagenteile & Zubehör > Wasser- & Sanitärsysteme,6488358,keep
6488360,Auto & Motorrad > Spezielle Fahrzeug-Teile > Wohnmobil- & Wohnwagenteile & Zubehör > Wasser- & Sanitärsysteme > Wasserpumpen,Auto & Motorrad > Spezielle Fahrzeug-Teile > Wohnmobil- & Wohnwagenteile & Zubehör > Wasser- & Sanitärsysteme > Wasserpumpen,6488360,keep
6488228,Auto & Motorrad > Verkleidungen & Rahmen,Auto & Motorrad > Verkleidungen & Rahmen,6488228,keep
6488229,Auto & Motorrad > Verkleidungen & Rahmen > Windschutzscheiben,Auto & Motorrad > Verkleidungen & Rahmen > Windschutzscheiben,6488229,keep
6488196,Auto & Motorrad > Werkzeuge,Auto & Motorrad > Werkzeuge,6488196,keep
6488280,Auto & Motorrad > Werkzeuge & Werkstattbedarf,Auto & Motorrad > Werkzeuge & Werkstattbedarf,6488280,keep
6488281,Auto & Motorrad > Werkzeuge & Werkstattbedarf > Motorwerkzeuge & -geräte,Auto & Motorrad > Werkzeuge & Werkstattbedarf > Motorwerkzeuge & -geräte,6488281,keep
6488282,Auto & Motorrad > Werkzeuge & Werkstattbedarf > Motorwerkzeuge & -geräte > Motor-Einstellwerkzeuge,Auto & Motorrad > Werkzeuge & Werkstattbedarf > Motorwerkzeuge & -geräte > Motor-Einstellwerkzeuge,6488282,keep
6488197,Auto & Motorrad > Werkzeuge > Hebezeuge & Wagenheber,Auto & Motorrad > Werkzeuge > Hebezeuge & Wagenheber,6488197,keep
6488283,Auto & Motorrad > Werkzeuge > Reparatur-Sets & Teile,Auto & Motorrad > Werkzeuge > Reparatur-Sets & Teile,6488283,keep
6488284,Auto & Motorrad > Werkzeuge > Reparatur-Sets & Teile > Reifenreparatur,Auto & Motorrad > Werkzeuge > Reparatur-Sets & Teile > Reifenreparatur,6488284,keep
6488285,Auto & Motorrad > Werkzeuge > Werkstattausstattung & -bedarf,Auto & Motorrad > Werkzeuge > Werkstattausstattung & -bedarf,6488285,keep
6488286,Auto & Motorrad > Werkzeuge > Werkstattausstattung & -bedarf > Federspanner,Auto & Motorrad > Werkzeuge > Werkstattausstattung & -bedarf > Federspanner,6488286,keep
6406746,Auto & Motorrad > Wohnmobil- & Caravan-Teile & Zubehör,Auto & Motorrad > Wohnmobil- & Caravan-Teile & Zubehör,6406746,keep
6488287,Auto & Motorrad > Wohnmobil- & Caravan-Teile & Zubehör > Heizungen & Klimaanlagen,Auto & Motorrad > Wohnmobil- & Caravan-Teile & Zubehör > Heizungen & Klimaanlagen,6488287,keep
6488288,Auto & Motorrad > Wohnmobil- & Caravan-Teile & Zubehör > Heizungen & Klimaanlagen > Standheizungen,Auto & Motorrad > Wohnmobil- & Caravan-Teile & Zubehör > Heizungen & Klimaanlagen > Standheizungen,6488288,keep
6406747,Auto & Motorrad > Wohnmobil- & Caravan-Teile & Zubehör > Kühlboxen & Kühlschränke,Auto & Motorrad > Wohnmobil- & Caravan-Teile & Zubehör > Kühlboxen & Kühlschränke,6406747,keep
6406772,Baby & Kind,Baby & Kind,6406772,keep
6488164,Baby & Kind > Auto-Kindersitze & Zubehör,Baby & Kind > Auto-Kindersitze & Zubehör,6488164,keep
6467160,Baby & Kind > Babyartikel,Baby & Kind > Babyartikel,6467160,keep
6467373,Baby & Kind > Babyartikel > Baby- & Kindermöbel,Baby & Kind > Babyartikel > Baby- & Kindermöbel,6467373,keep
6467478,Baby & Kind > Babyartikel > Baby- & Kindermöbel > Kindergarderoben,Baby & Kind > Babyartikel > Baby- & Kindermöbel > Kindergarderoben,6467478,keep
6467413,Baby & Kind > Babyartikel > Baby- & Kleinkinderspielzeuge,Baby & Kind > Babyartikel > Baby- & Kleinkinderspielzeuge,6467413,keep
6467414,Baby & Kind > Babyartikel > Baby- & Kleinkinderspielzeuge > Holzspielzeuge,Baby & Kind > Babyartikel > Baby- & Kleinkinderspielzeuge > Holzspielzeuge,6467414,keep
6467415,Baby & Kind > Babyartikel > Baby- & Kleinkinderspielzeuge > Holzspielzeuge > Bauklötze,Baby & Kind > Babyartikel > Baby- & Kleinkinderspielzeuge > Holzspielzeuge > Bauklötze,6467415,keep
6467161,Baby & Kind > Babyartikel > Babykleidung,Baby & Kind > Babyartikel > Babykleidung,6467161,keep
6467472,Baby & Kind > Babyartikel > Babykleidung > Babyregenbekleidung,Baby & Kind > Babyartikel > Babykleidung > Babyregenbekleidung,6467472,keep
6467294,Baby & Kind > Babyartikel > Babykleidung > Babyschuhe,Baby & Kind > Babyartikel > Babykleidung > Babyschuhe,6467294,keep
6467295,Baby & Kind > Babyartikel > Babykleidung > Babyschuhe > Babysneakers,Baby & Kind > Babyartikel > Babykleidung > Babyschuhe > Babysneakers,6467295,keep
6467162,Baby & Kind > Babyartikel > Babykleidung > Babystrumpfhosen,Baby & Kind > Babyartikel > Babykleidung > Babystrumpfhosen,6467162,keep
6467259,Baby & Kind > Babyartikel > Kinderautositze & Zubehör,Baby & Kind > Babyartikel > Kinderautositze & Zubehör,6467259,keep
6467260,Baby & Kind > Babyartikel > Kinderautositze & Zubehör > Babyschalen & Kindersitze,Baby & Kind > Babyartikel > Kinderautositze & Zubehör > Babyschalen & Kindersitze,6467260,keep
6467461,Baby & Kind > Babyartikel > Kinderwagen & Babytragen,Baby & Kind > Babyartikel > Kinderwagen & Babytragen,6467461,keep
6467462,Baby & Kind > Babyartikel > Kinderwagen & Babytragen > Kinderwagen & Zubehör,Baby & Kind > Babyartikel > Kinderwagen & Babytragen > Kinderwagen & Zubehör,6467462,keep
6467463,Baby & Kind > Babyartikel > Kinderwagen & Babytragen > Kinderwagen & Zubehör > Kinderwagen,Baby & Kind > Babyartikel > Kinderwagen & Babytragen > Kinderwagen & Zubehör > Kinderwagen,6467463,keep
6467464,Baby & Kind > Babyartikel > Kinderwagen & Babytragen > Kinderwagen & Zubehör > Kinderwagen > Sportkinderwagen,Baby & Kind > Babyartikel > Kinderwagen & Babytragen > Kinderwagen & Zubehör > Kinderwagen > Sportkinderwagen,6467464,keep
6467378,Baby & Kind > Babyartikel > Pflege & Entwicklung,Baby & Kind > Babyartikel > Pflege & Entwicklung,6467378,keep
6467379,Baby & Kind > Babyartikel > Pflege & Entwicklung > Wickelauflagen & -bezüge,Baby & Kind > Babyartikel > Pflege & Entwicklung > Wickelauflagen & -bezüge,6467379,keep
6488198,Baby & Kind > Badezubehör,Baby & Kind > Badezubehör,6488198,keep
6488199,Baby & Kind > Badezubehör > Kinderwaschbecken,Baby & Kind > Badezubehör > Kinderwaschbecken,6488199,keep
6488200,Baby & Kind > Bettausstattung,Baby & Kind > Bettausstattung,6488200,keep
6488201,Baby & Kind > Bettausstattung > Matratzenschoner & -auflagen,Baby & Kind > Bettausstattung > Matratzenschoner & -auflagen,6488201,keep
6488203,Baby & Kind > Bücher & Zeitschriften,Baby & Kind > Bücher & Zeitschriften,6488203,keep
6488204,Baby & Kind > Bücher & Zeitschriften > Bücher,Baby & Kind > Bücher & Zeitschriften > Bücher,6488204,keep
6488205,Baby & Kind > Ernährung,Baby & Kind > Ernährung,6488205,keep
6488206,Baby & Kind > Ernährung > Kindergeschirr & -besteck,Baby & Kind > Ernährung > Kindergeschirr & -besteck,6488206,keep
6488289,Baby & Kind > Ernährung > Kindergeschirr & -besteck > Kinderbesteck,Baby & Kind > Ernährung > Kindergeschirr & -besteck > Kinderbesteck,6488289,keep
6406773,Baby & Kind > Kindersitze & Zubehör,Baby & Kind > Kindersitze & Zubehör,6406773,keep
6406774,Baby & Kind > Kindersitze & Zubehör > Kindersitze,Baby & Kind > Kindersitze & Zubehör > Kindersitze,6406774,keep
6488165,Baby & Kind > Kinderwagen & Zubehör,Baby & Kind > Kinderwagen & Zubehör,6488165,keep
6488290,Baby & Kind > Kinderwagen & Zubehör > Kinderwagenzubehör,Baby & Kind > Kinderwagen & Zubehör > Kinderwagenzubehör,6488290,keep
6488292,Baby & Kind > Kinderwagen & Zubehör > Kinderwagenzubehör > Sitzauflagen,Baby & Kind > Kinderwagen & Zubehör > Kinderwagenzubehör > Sitzauflagen,6488292,keep
6488207,Baby & Kind > Möbel,Baby & Kind > Möbel,6488207,keep
6488208,Baby & Kind > Möbel > Laufgitter,Baby & Kind > Möbel > Laufgitter,6488208,keep
6488166,Baby & Kind > Pflege,Baby & Kind > Pflege,6488166,keep
6467252,Baby & Kind > Spielwaren,Baby & Kind > Spielwaren,6467252,keep
6467341,Baby & Kind > Spielwaren > Kinder Spielwelten,Baby & Kind > Spielwaren > Kinder Spielwelten,6467341,keep
6467342,Baby & Kind > Spielwaren > Kinder Spielwelten > Kinder-Gartengeräte,Baby & Kind > Spielwaren > Kinder Spielwelten > Kinder-Gartengeräte,6467342,keep
6467404,Baby & Kind > Spielwaren > Kreativspielzeuge,Baby & Kind > Spielwaren > Kreativspielzeuge,6467404,keep
6467405,Baby & Kind > Spielwaren > Kreativspielzeuge > 3D Stifte,Baby & Kind > Spielwaren > Kreativspielzeuge > 3D Stifte,6467405,keep
6467253,Baby & Kind > Spielwaren > Musikinstrumente,Baby & Kind > Spielwaren > Musikinstrumente,6467253,keep
6467254,Baby & Kind > Spielwaren > Musikinstrumente > Gitarren & Zubehör,Baby & Kind > Spielwaren > Musikinstrumente > Gitarren & Zubehör,6467254,keep
6467349,Baby & Kind > Spielwaren > Musikinstrumente > Gitarren & Zubehör > Gitarren,Baby & Kind > Spielwaren > Musikinstrumente > Gitarren & Zubehör > Gitarren,6467349,keep
6467350,Baby & Kind > Spielwaren > Musikinstrumente > Gitarren & Zubehör > Gitarren > Konzertgitarren,Baby & Kind > Spielwaren > Musikinstrumente > Gitarren & Zubehör > Gitarren > Konzertgitarren,6467350,keep
6467255,Baby & Kind > Spielwaren > Musikinstrumente > Gitarren & Zubehör > Gitarrenzubehör,Baby & Kind > Spielwaren > Musikinstrumente > Gitarren & Zubehör > Gitarrenzubehör,6467255,keep
6467256,Baby & Kind > Spielwaren > Musikinstrumente > Gitarren & Zubehör > Gitarrenzubehör > Gitarren-Effekte,Baby & Kind > Spielwaren > Musikinstrumente > Gitarren & Zubehör > Gitarrenzubehör > Gitarren-Effekte,6467256,keep
6488209,Baby & Kind > Spielzeug,Baby & Kind > Spielzeug,6488209,keep
6488210,Baby & Kind > Spielzeug > Badespielzeug,Baby & Kind > Spielzeug > Badespielzeug,6488210,keep
6488211,Baby & Kind > Spielzeug > Holzspielzeug,Baby & Kind > Spielzeug > Holzspielzeug,6488211,keep
6406775,Baby & Kind > Wickeln & Baden,Baby & Kind > Wickeln & Baden,6406775,keep
6406776,Baby & Kind > Wickeln & Baden > Wickelauflagen & Wickeltische,Baby & Kind > Wickeln & Baden > Wickelauflagen & Wickeltische,6406776,keep
6407167,Bad & Sanitär,Bad & Sanitär,6407167,keep
6407168,Bad & Sanitär > Armaturen,Bad & Sanitär > Armaturen,6407168,keep
6407169,Bad & Sanitär > Armaturen > Duscharmaturen,Bad & Sanitär > Armaturen > Duscharmaturen,6407169,keep
6407170,Bad & Sanitär > Armaturen > Duscharmaturen > Duschthermostate,Bad & Sanitär > Armaturen > Duscharmaturen > Duschthermostate,6407170,keep
6407171,Bastel- & Künstlerbedarf,Bastel- & Künstlerbedarf,6407171,keep
6406790,Baumarkt,Baumarkt,6406790,keep
6406793,Baumarkt > Bauelemente,Baumarkt > Bauelemente,6406793,keep
6406791,Baumarkt > Bauelemente & Treppen,Baumarkt > Bauelemente & Treppen,6406791,keep
6406792,Baumarkt > Bauelemente & Treppen > Revisionsklappen,Baumarkt > Bauelemente & Treppen > Revisionsklappen,6406792,keep
6406794,Baumarkt > Bauelemente > Revision,Baumarkt > Bauelemente > Revision,6406794,keep
6406655,Beauty & Gesundheit,Beauty & Gesundheit,6406655,keep
6407178,Beauty & Gesundheit > Enthaarung & Rasur,Beauty & Gesundheit > Enthaarung & Rasur,6407178,keep
6407179,Beauty & Gesundheit > Enthaarung & Rasur > Rasierer & Rasierklingen,Beauty & Gesundheit > Enthaarung & Rasur > Rasierer & Rasierklingen,6407179,keep
6407180,Beauty & Gesundheit > Enthaarung & Rasur > Rasierer & Rasierklingen > Herren Rasierklingen,Beauty & Gesundheit > Enthaarung & Rasur > Rasierer & Rasierklingen > Herren Rasierklingen,6407180,keep
6406657,Beauty & Gesundheit > Haarpflege & Haarstyling,Beauty & Gesundheit > Haarpflege & Haarstyling,6406657,keep
6406658,Beauty & Gesundheit > Hautpflege,Beauty & Gesundheit > Hautpflege,6406658,keep
6406795,Beauty & Gesundheit > Hautpflege > Anti-Faltenprodukte,Beauty & Gesundheit > Hautpflege > Anti-Faltenprodukte,6406795,keep
6406796,Beauty & Gesundheit > Hautpflege > Gesichtspflegegeräte,Beauty & Gesundheit > Hautpflege > Gesichtspflegegeräte,6406796,keep
6407181,Beauty & Gesundheit > Hautpflege > Körperpflege,Beauty & Gesundheit > Hautpflege > Körperpflege,6407181,keep
6407182,Beauty & Gesundheit > Hautpflege > Körperpflege > Körpercremes & -lotionen,Beauty & Gesundheit > Hautpflege > Körperpflege > Körpercremes & -lotionen,6407182,keep
6406659,Beauty & Gesundheit > Hilfsmittel,Beauty & Gesundheit > Hilfsmittel,6406659,keep
6407183,Beauty & Gesundheit > Hilfsmittel > Alltagshilfen,Beauty & Gesundheit > Hilfsmittel > Alltagshilfen,6407183,keep
6407184,Beauty & Gesundheit > Hilfsmittel > Alltagshilfen > Inkontinenzhilfen,Beauty & Gesundheit > Hilfsmittel > Alltagshilfen > Inkontinenzhilfen,6407184,keep
6407185,Beauty & Gesundheit > Hilfsmittel > Mobilitäts- & Gehhilfen,Beauty & Gesundheit > Hilfsmittel > Mobilitäts- & Gehhilfen,6407185,keep
6407187,Beauty & Gesundheit > Hilfsmittel > Mobilitäts- & Gehhilfen > Rollstühle,Beauty & Gesundheit > Hilfsmittel > Mobilitäts- & Gehhilfen > Rollstühle,6407187,keep
6406660,Beauty & Gesundheit > Körperpflege,Beauty & Gesundheit > Körperpflege,6406660,keep
6406797,Beauty & Gesundheit > Medikamente von Apothekern,Beauty & Gesundheit > Medikamente von Apothekern,6406797,keep
6406798,Beauty & Gesundheit > Medikamente von Apothekern > Tiergesundheit,Beauty & Gesundheit > Medikamente von Apothekern > Tiergesundheit,6406798,keep
6406799,Beauty & Gesundheit > Parfums,Beauty & Gesundheit > Parfums,6406799,keep
6406800,Beauty & Gesundheit > Parfums > Herren,Beauty & Gesundheit > Parfums > Herren,6406800,keep
6406661,Beauty & Gesundheit > Pflege- & Medizinischer Bedarf,Beauty & Gesundheit > Pflege- & Medizinischer Bedarf,6406661,keep
6407188,Beauty & Gesundheit > Pflege- & Medizinischer Bedarf > Kälte- & Wärmetherapie,Beauty & Gesundheit > Pflege- & Medizinischer Bedarf > Kälte- & Wärmetherapie,6407188,keep
6407189,Beauty & Gesundheit > Pflege- & Medizinischer Bedarf > Kälte- & Wärmetherapie > Infrarot- & Wärmegeräte,Beauty & Gesundheit > Pflege- & Medizinischer Bedarf > Kälte- & Wärmetherapie > Infrarot- & Wärmegeräte,6407189,keep
6407190,Beauty & Gesundheit > Tattoo & Body Art,Beauty & Gesundheit > Tattoo & Body Art,6407190,keep
6407191,Beauty & Gesundheit > Tattoo & Body Art > Tattoo-Zubehör,Beauty & Gesundheit > Tattoo & Body Art > Tattoo-Zubehör,6407191,keep
6407192,Beauty & Gesundheit > Tattoo & Body Art > Tattoo-Zubehör > Tattoo-Armlehnen & -Ständer,Beauty & Gesundheit > Tattoo & Body Art > Tattoo-Zubehör > Tattoo-Armlehnen & -Ständer,6407192,keep
6406813,Briefmarken,Briefmarken,6406813,keep
6406814,Briefmarken > Afrika,Briefmarken > Afrika,6406814,keep
6406815,Briefmarken > Afrika > Niger,Briefmarken > Afrika > Niger,6406815,keep
6406816,Briefmarken > Motive,Briefmarken > Motive,6406816,keep
6406817,Briefmarken > Motive > Geschichte,Briefmarken > Motive > Geschichte,6406817,keep
6406668,Bücher & Zeitschriften,Bücher & Zeitschriften,6406668,keep
6406669,Bücher & Zeitschriften > Bücher,Bücher & Zeitschriften > Bücher,6406669,keep
6406670,"Bücher & Zeitschriften > Fachbücher, Lernen & Nachschlagen","Bücher & Zeitschriften > Fachbücher, Lernen & Nachschlagen",6406670,keep
6406671,Büro & Schreibwaren,Büro & Schreibwaren,6406671,keep
6406818,Büro & Schreibwaren > Büromöbel,Büro & Schreibwaren > Büromöbel,6406818,keep
6407205,Büro & Schreibwaren > Büromöbel > Leuchten & Leuchtmittel,Büro & Schreibwaren > Büromöbel > Leuchten & Leuchtmittel,6407205,keep
6407206,Büro & Schreibwaren > Büromöbel > Leuchten & Leuchtmittel > Stehleuchten,Büro & Schreibwaren > Büromöbel > Leuchten & Leuchtmittel > Stehleuchten,6407206,keep
6407207,Büro & Schreibwaren > Büromöbel > Schränke & Regale,Büro & Schreibwaren > Büromöbel > Schränke & Regale,6407207,keep
6407208,Büro & Schreibwaren > Büromöbel > Schränke & Regale > Aktenschränke,Büro & Schreibwaren > Büromöbel > Schränke & Regale > Aktenschränke,6407208,keep
6406819,Büro & Schreibwaren > Büromöbel > Sitzmöbel,Büro & Schreibwaren > Büromöbel > Sitzmöbel,6406819,keep
6406820,Büro & Schreibwaren > Bürotechnik,Büro & Schreibwaren > Bürotechnik,6406820,keep
6406821,Büro & Schreibwaren > Bürotechnik > Schreibmaschinen-Zubehör,Büro & Schreibwaren > Bürotechnik > Schreibmaschinen-Zubehör,6406821,keep
6407209,"Büro & Schreibwaren > Papier, Büro- & Schreibwaren","Büro & Schreibwaren > Papier, Büro- & Schreibwaren",6407209,keep
6407210,"Büro & Schreibwaren > Papier, Büro- & Schreibwaren > Papier, Hefte & Blöcke","Büro & Schreibwaren > Papier, Büro- & Schreibwaren > Papier, Hefte & Blöcke",6407210,keep
6407211,"Büro & Schreibwaren > Papier, Büro- & Schreibwaren > Papier, Hefte & Blöcke > Briefpapier & Karten","Büro & Schreibwaren > Papier, Büro- & Schreibwaren > Papier, Hefte & Blöcke > Briefpapier & Karten",6407211,keep
6407212,"Büro & Schreibwaren > Papier, Büro- & Schreibwaren > Schreiben & Korrigieren","Büro & Schreibwaren > Papier, Büro- & Schreibwaren > Schreiben & Korrigieren",6407212,keep
6407213,"Büro & Schreibwaren > Papier, Büro- & Schreibwaren > Schreiben & Korrigieren > Bleistifte & Druckbleistifte","Büro & Schreibwaren > Papier, Büro- & Schreibwaren > Schreiben & Korrigieren > Bleistifte & Druckbleistifte",6407213,keep
6407214,"Büro & Schreibwaren > Papier, Büro- & Schreibwaren > Schreiben & Korrigieren > Filzstifte","Büro & Schreibwaren > Papier, Büro- & Schreibwaren > Schreiben & Korrigieren > Filzstifte",6407214,keep
6407215,"Büro & Schreibwaren > Papier, Büro- & Schreibwaren > Schreiben & Korrigieren > Füllfederhalter","Büro & Schreibwaren > Papier, Büro- & Schreibwaren > Schreiben & Korrigieren > Füllfederhalter",6407215,keep
6406672,Büro & Schreibwaren > Schulbedarf,Büro & Schreibwaren > Schulbedarf,6406672,keep
6407216,Büro & Schreibwaren > Schulbedarf > Schul- & Jugendschreibgeräte,Büro & Schreibwaren > Schulbedarf > Schul- & Jugendschreibgeräte,6407216,keep
6407217,Büro & Schreibwaren > Schulbedarf > Schul- & Jugendschreibgeräte > Bleistifte,Büro & Schreibwaren > Schulbedarf > Schul- & Jugendschreibgeräte > Bleistifte,6407217,keep
6406822,Business & Industrie,Business & Industrie,6406822,keep
6406823,Business & Industrie > 3D-Druck & Prototypen,Business & Industrie > 3D-Druck & Prototypen,6406823,keep
6406824,Business & Industrie > 3D-Druck & Prototypen > 3D-Drucker-Filamente,Business & Industrie > 3D-Druck & Prototypen > 3D-Drucker-Filamente,6406824,keep
6407218,Business & Industrie > 3D-Druck & Prototyping,Business & Industrie > 3D-Druck & Prototyping,6407218,keep
6407219,Business & Industrie > 3D-Druck & Prototyping > 3D-Drucker-Teile & Zubehör,Business & Industrie > 3D-Druck & Prototyping > 3D-Drucker-Teile & Zubehör,6407219,keep
6407220,Business & Industrie > 3D-Druck & Prototyping > 3D-Drucker-Teile & Zubehör > 3D-Drucker-Filament,Business & Industrie > 3D-Druck & Prototyping > 3D-Drucker-Teile & Zubehör > 3D-Drucker-Filament,6407220,keep
6467444,"Business & Industrie > Agrar, Forst & Kommune","Business & Industrie > Agrar, Forst & Kommune",6467444,keep
6467445,"Business & Industrie > Agrar, Forst & Kommune > Ersatzteile, Teile & Zubehör","Business & Industrie > Agrar, Forst & Kommune > Ersatzteile, Teile & Zubehör",6467445,keep
6467446,"Business & Industrie > Agrar, Forst & Kommune > Ersatzteile, Teile & Zubehör > Teile & Zubehör Traktoren","Business & Industrie > Agrar, Forst & Kommune > Ersatzteile, Teile & Zubehör > Teile & Zubehör Traktoren",6467446,keep
6467447,"Business & Industrie > Agrar, Forst & Kommune > Ersatzteile, Teile & Zubehör > Teile & Zubehör Traktoren > Antrieb, Motor & Getriebe","Business & Industrie > Agrar, Forst & Kommune > Ersatzteile, Teile & Zubehör > Teile & Zubehör Traktoren > Antrieb, Motor & Getriebe",6467447,keep
6467448,"Business & Industrie > Agrar, Forst & Kommune > Ersatzteile, Teile & Zubehör > Teile & Zubehör Traktoren > Antrieb, Motor & Getriebe > Dichtungen","Business & Industrie > Agrar, Forst & Kommune > Ersatzteile, Teile & Zubehör > Teile & Zubehör Traktoren > Antrieb, Motor & Getriebe > Dichtungen",6467448,keep
6467455,"Business & Industrie > Automation, Antriebe & Motoren","Business & Industrie > Automation, Antriebe & Motoren",6467455,keep
6407510,Business & Industrie > Elektronik & Messtechnik,Business & Industrie > Elektronik & Messtechnik,6407510,keep
6407511,Business & Industrie > Elektronik & Messtechnik > Kabel & Leitungen,Business & Industrie > Elektronik & Messtechnik > Kabel & Leitungen,6407511,keep
6407512,Business & Industrie > Elektronik & Messtechnik > Kabel & Leitungen > Kabelverbinder & Anschlussklemmen,Business & Industrie > Elektronik & Messtechnik > Kabel & Leitungen > Kabelverbinder & Anschlussklemmen,6407512,keep
6407513,Business & Industrie > Elektronik & Messtechnik > Kabel & Leitungen > Kabelverbinder & Anschlussklemmen > Leitungs- & Kabelverbinder,Business & Industrie > Elektronik & Messtechnik > Kabel & Leitungen > Kabelverbinder & Anschlussklemmen > Leitungs- & Kabelverbinder,6407513,keep
6407514,Business & Industrie > Großhandel & Sonderposten,Business & Industrie > Großhandel & Sonderposten,6407514,keep
6407515,Business & Industrie > Großhandel & Sonderposten > Kleidung & Accessoires(Posten),Business & Industrie > Großhandel & Sonderposten > Kleidung & Accessoires(Posten),6407515,keep
6407516,Business & Industrie > Großhandel & Sonderposten > Kleidung & Accessoires(Posten) > Herrenbekleidung,Business & Industrie > Großhandel & Sonderposten > Kleidung & Accessoires(Posten) > Herrenbekleidung,6407516,keep
6407517,Business & Industrie > Großhandel & Sonderposten > Kleidung & Accessoires(Posten) > Herrenbekleidung > Unterwäsche,Business & Industrie > Großhandel & Sonderposten > Kleidung & Accessoires(Posten) > Herrenbekleidung > Unterwäsche,6407517,keep
6407221,Business & Industrie > Sicherheit & Gebäudeinstandhaltung,Business & Industrie > Sicherheit & Gebäudeinstandhaltung,6407221,keep
6407222,Business & Industrie > Sicherheit & Gebäudeinstandhaltung > Persönliche Schutzausrüstung,Business & Industrie > Sicherheit & Gebäudeinstandhaltung > Persönliche Schutzausrüstung,6407222,keep
6467410,Business & Industrie > Sicherheit & Gebäudeinstandhaltung > Persönliche Schutzausrüstung > Arbeitshandschuhe,Business & Industrie > Sicherheit & Gebäudeinstandhaltung > Persönliche Schutzausrüstung > Arbeitshandschuhe,6467410,keep
6407223,Business & Industrie > Sicherheit & Gebäudeinstandhaltung > Persönliche Schutzausrüstung > Sicherheitswesten,Business & Industrie > Sicherheit & Gebäudeinstandhaltung > Persönliche Schutzausrüstung > Sicherheitswesten,6407223,keep
6406673,"Computer, Tablets & Netzwerk","Computer, Tablets & Netzwerk",6406673,keep
6406825,"Computer, Tablets & Netzwerk > 3D-Druck & -Scan","Computer, Tablets & Netzwerk > 3D-Druck & -Scan",6406825,keep
6406826,"Computer, Tablets & Netzwerk > 3D-Druck & -Scan > 3D-Drucker-Filamente","Computer, Tablets & Netzwerk > 3D-Druck & -Scan > 3D-Drucker-Filamente",6406826,keep
6406674,"Computer, Tablets & Netzwerk > Computer-Komponenten & -Teile","Computer, Tablets & Netzwerk > Computer-Komponenten & -Teile",6406674,keep
6406827,"Computer, Tablets & Netzwerk > Computer-Komponenten & -Teile > Arbeitsspeicher (RAM)","Computer, Tablets & Netzwerk > Computer-Komponenten & -Teile > Arbeitsspeicher (RAM)",6406827,keep
6406828,"Computer, Tablets & Netzwerk > Computer-Komponenten & -Teile > Mainboards","Computer, Tablets & Netzwerk > Computer-Komponenten & -Teile > Mainboards",6406828,keep
6406675,"Computer, Tablets & Netzwerk > Drucker, Scanner & Zubehör","Computer, Tablets & Netzwerk > Drucker, Scanner & Zubehör",6406675,keep
6406829,"Computer, Tablets & Netzwerk > Drucker, Scanner & Zubehör > Drucker","Computer, Tablets & Netzwerk > Drucker, Scanner & Zubehör > Drucker",6406829,keep
6406830,"Computer, Tablets & Netzwerk > Drucker, Scanner & Zubehör > Tinte, Toner & Papier","Computer, Tablets & Netzwerk > Drucker, Scanner & Zubehör > Tinte, Toner & Papier",6406830,keep
6407224,"Computer, Tablets & Netzwerk > Drucker, Scanner & Zubehör > Tinte, Toner & Papier > Tintenpatronen","Computer, Tablets & Netzwerk > Drucker, Scanner & Zubehör > Tinte, Toner & Papier > Tintenpatronen",6407224,keep
6406831,"Computer, Tablets & Netzwerk > Heimnetzwerke & Zubehör","Computer, Tablets & Netzwerk > Heimnetzwerke & Zubehör",6406831,keep
6406832,"Computer, Tablets & Netzwerk > Heimnetzwerke & Zubehör > Kabelgebundene Router","Computer, Tablets & Netzwerk > Heimnetzwerke & Zubehör > Kabelgebundene Router",6406832,keep
6406677,"Computer, Tablets & Netzwerk > Kabel & Steckverbinder","Computer, Tablets & Netzwerk > Kabel & Steckverbinder",6406677,keep
6407225,"Computer, Tablets & Netzwerk > Kabel & Steckverbinder > Netzwerkkabel & Adapter","Computer, Tablets & Netzwerk > Kabel & Steckverbinder > Netzwerkkabel & Adapter",6407225,keep
6407226,"Computer, Tablets & Netzwerk > Kabel & Steckverbinder > Netzwerkkabel & Adapter > Splitter, Koppler & Adapter","Computer, Tablets & Netzwerk > Kabel & Steckverbinder > Netzwerkkabel & Adapter > Splitter, Koppler & Adapter",6407226,keep
6406833,"Computer, Tablets & Netzwerk > Kabel & Steckverbinder > USB-Kabel, -Hubs & -Adapter","Computer, Tablets & Netzwerk > Kabel & Steckverbinder > USB-Kabel, -Hubs & -Adapter",6406833,keep
6407227,"Computer, Tablets & Netzwerk > Laufwerke & Speichermedien","Computer, Tablets & Netzwerk > Laufwerke & Speichermedien",6407227,keep
6407228,"Computer, Tablets & Netzwerk > Laufwerke & Speichermedien > Festplatten (HDD, SSD & NAS)","Computer, Tablets & Netzwerk > Laufwerke & Speichermedien > Festplatten (HDD, SSD & NAS)",6407228,keep
6407229,"Computer, Tablets & Netzwerk > Laufwerke & Speichermedien > Festplatten (HDD, SSD & NAS) > Solid State Drives (SSD)","Computer, Tablets & Netzwerk > Laufwerke & Speichermedien > Festplatten (HDD, SSD & NAS) > Solid State Drives (SSD)",6407229,keep
6406834,"Computer, Tablets & Netzwerk > Laufwerke, Speichermedien & Rohlinge","Computer, Tablets & Netzwerk > Laufwerke, Speichermedien & Rohlinge",6406834,keep
6406835,"Computer, Tablets & Netzwerk > Laufwerke, Speichermedien & Rohlinge > Interne Solid State Drives (SSDs)","Computer, Tablets & Netzwerk > Laufwerke, Speichermedien & Rohlinge > Interne Solid State Drives (SSDs)",6406835,keep
6406836,"Computer, Tablets & Netzwerk > Laufwerke, Speichermedien & Rohlinge > Interne SSDs","Computer, Tablets & Netzwerk > Laufwerke, Speichermedien & Rohlinge > Interne SSDs",6406836,keep
6406837,"Computer, Tablets & Netzwerk > Notebook- & Desktop-Zubehör","Computer, Tablets & Netzwerk > Notebook- & Desktop-Zubehör",6406837,keep
6406838,"Computer, Tablets & Netzwerk > Notebook- & Desktop-Zubehör > Mauspads & Handgelenkauflagen","Computer, Tablets & Netzwerk > Notebook- & Desktop-Zubehör > Mauspads & Handgelenkauflagen",6406838,keep
6406839,"Computer, Tablets & Netzwerk > Notebook- & Desktop-Zubehör > Ständer, Halter & Autohalterungen","Computer, Tablets & Netzwerk > Notebook- & Desktop-Zubehör > Ständer, Halter & Autohalterungen",6406839,keep
6406678,"Computer, Tablets & Netzwerk > Tastaturen, Mäuse & Pointing","Computer, Tablets & Netzwerk > Tastaturen, Mäuse & Pointing",6406678,keep
6406680,Damen Unterwäsche,Damen Unterwäsche,6406680,keep
6406681,Damen Unterwäsche > Slips,Damen Unterwäsche > Slips,6406681,keep
6406685,Damenunterwäsche,Damenunterwäsche,6406685,keep
6406686,Damenunterwäsche > BHs,Damenunterwäsche > BHs,6406686,keep
6406687,Damenunterwäsche > String,Damenunterwäsche > String,6406687,keep
6488362,Damenunterwäsche > Strings & Tangas,Damenunterwäsche > Strings & Tangas,6488362,keep
6406843,Elektronik & Computer,Elektronik & Computer,6406843,keep
6406844,Elektronik & Computer > Audio & Hi-Fi,Elektronik & Computer > Audio & Hi-Fi,6406844,keep
6406845,Elektronik & Computer > Audio & Hi-Fi > Kopfhörer,Elektronik & Computer > Audio & Hi-Fi > Kopfhörer,6406845,keep
6467148,Elektronik & Computer > Computer,Elektronik & Computer > Computer,6467148,keep
6467279,Elektronik & Computer > Computer > Drucken & Scannen,Elektronik & Computer > Computer > Drucken & Scannen,6467279,keep
6467280,Elektronik & Computer > Computer > Drucken & Scannen > Druckerzubehör,Elektronik & Computer > Computer > Drucken & Scannen > Druckerzubehör,6467280,keep
6467281,Elektronik & Computer > Computer > Drucken & Scannen > Druckerzubehör > 3D Druckerzubehör,Elektronik & Computer > Computer > Drucken & Scannen > Druckerzubehör > 3D Druckerzubehör,6467281,keep
6467149,Elektronik & Computer > Computer > Hardware,Elektronik & Computer > Computer > Hardware,6467149,keep
6467150,Elektronik & Computer > Computer > Hardware > Speichermedien,Elektronik & Computer > Computer > Hardware > Speichermedien,6467150,keep
6467151,Elektronik & Computer > Computer > Hardware > Speichermedien > Festplatten & Zubehör,Elektronik & Computer > Computer > Hardware > Speichermedien > Festplatten & Zubehör,6467151,keep
6467152,Elektronik & Computer > Computer > Hardware > Speichermedien > Festplatten & Zubehör > Festplatten,Elektronik & Computer > Computer > Hardware > Speichermedien > Festplatten & Zubehör > Festplatten,6467152,keep
6467153,Elektronik & Computer > Computer > Hardware > Speichermedien > Festplatten & Zubehör > Festplatten > Externe Solid State Drives,Elektronik & Computer > Computer > Hardware > Speichermedien > Festplatten & Zubehör > Festplatten > Externe Solid State Drives,6467153,keep
6467236,Elektronik & Computer > Elektronik,Elektronik & Computer > Elektronik,6467236,keep
6467237,Elektronik & Computer > Elektronik > Heimkino & Audio,Elektronik & Computer > Elektronik > Heimkino & Audio,6467237,keep
6467238,Elektronik & Computer > Elektronik > Heimkino & Audio > Hifi & Soundsysteme,Elektronik & Computer > Elektronik > Heimkino & Audio > Hifi & Soundsysteme,6467238,keep
6467239,Elektronik & Computer > Elektronik > Heimkino & Audio > Hifi & Soundsysteme > Kopfhörer-Zubehör,Elektronik & Computer > Elektronik > Heimkino & Audio > Hifi & Soundsysteme > Kopfhörer-Zubehör,6467239,keep
6467434,Elektronik & Computer > Kabel & Kabelzubehör,Elektronik & Computer > Kabel & Kabelzubehör,6467434,keep
6467435,Elektronik & Computer > Kabel & Kabelzubehör > Kabel,Elektronik & Computer > Kabel & Kabelzubehör > Kabel,6467435,keep
6467436,Elektronik & Computer > Kabel & Kabelzubehör > Kabel > Handykabel,Elektronik & Computer > Kabel & Kabelzubehör > Kabel > Handykabel,6467436,keep
6406690,Erotikartikel,Erotikartikel,6406690,keep
6406691,Erotikartikel > Vibratoren,Erotikartikel > Vibratoren,6406691,keep
6406847,Filme & Serien,Filme & Serien,6406847,keep
6406848,Filme & Serien > Film-Fanartikel,Filme & Serien > Film-Fanartikel,6406848,keep
6406849,Filme & Serien > Film-Fanartikel > Bücher & Skripte,Filme & Serien > Film-Fanartikel > Bücher & Skripte,6406849,keep
6406874,Garten,Garten,6406874,keep
6467135,Garten & Heimwerken,Garten & Heimwerken,6467135,keep
6467213,Garten & Heimwerken > Baumarkt,Garten & Heimwerken > Baumarkt,6467213,keep
6467214,Garten & Heimwerken > Baumarkt > Badausstattung,Garten & Heimwerken > Baumarkt > Badausstattung,6467214,keep
6467215,Garten & Heimwerken > Baumarkt > Badausstattung > Badkeramik,Garten & Heimwerken > Baumarkt > Badausstattung > Badkeramik,6467215,keep
6467216,Garten & Heimwerken > Baumarkt > Badausstattung > Badkeramik > Waschtische,Garten & Heimwerken > Baumarkt > Badausstattung > Badkeramik > Waschtische,6467216,keep
6467453,Garten & Heimwerken > Baumarkt > Badausstattung > Duschen,Garten & Heimwerken > Baumarkt > Badausstattung > Duschen,6467453,keep
6467308,Garten & Heimwerken > Baumarkt > Badausstattung > Handtuchhalter & -haken,Garten & Heimwerken > Baumarkt > Badausstattung > Handtuchhalter & -haken,6467308,keep
6467330,Garten & Heimwerken > Baumarkt > Bauelemente,Garten & Heimwerken > Baumarkt > Bauelemente,6467330,keep
6467353,Garten & Heimwerken > Baumarkt > Umzugsmaterial,Garten & Heimwerken > Baumarkt > Umzugsmaterial,6467353,keep
6467354,Garten & Heimwerken > Baumarkt > Umzugsmaterial > Transporthilfsmittel,Garten & Heimwerken > Baumarkt > Umzugsmaterial > Transporthilfsmittel,6467354,keep
6467430,Garten & Heimwerken > Baumarkt > Werkzeuge,Garten & Heimwerken > Baumarkt > Werkzeuge,6467430,keep
6467456,Garten & Heimwerken > Baumarkt > Werkzeuge > Elektrowerkzeuge,Garten & Heimwerken > Baumarkt > Werkzeuge > Elektrowerkzeuge,6467456,keep
6467457,Garten & Heimwerken > Baumarkt > Werkzeuge > Elektrowerkzeuge > Bohrmaschinen & Zubehör,Garten & Heimwerken > Baumarkt > Werkzeuge > Elektrowerkzeuge > Bohrmaschinen & Zubehör,6467457,keep
6467458,Garten & Heimwerken > Baumarkt > Werkzeuge > Elektrowerkzeuge > Bohrmaschinen & Zubehör > Bohrmaschinenzubehör,Garten & Heimwerken > Baumarkt > Werkzeuge > Elektrowerkzeuge > Bohrmaschinen & Zubehör > Bohrmaschinenzubehör,6467458,keep
6467459,Garten & Heimwerken > Baumarkt > Werkzeuge > Elektrowerkzeuge > Bohrmaschinen & Zubehör > Bohrmaschinenzubehör > Allzweckbohrer,Garten & Heimwerken > Baumarkt > Werkzeuge > Elektrowerkzeuge > Bohrmaschinen & Zubehör > Bohrmaschinenzubehör > Allzweckbohrer,6467459,keep
6473389,Garten & Heimwerken > Baumarkt > Werkzeuge > Elektrowerkzeuge > Schleifmaschinen & Zubehör,Garten & Heimwerken > Baumarkt > Werkzeuge > Elektrowerkzeuge > Schleifmaschinen & Zubehör,6473389,keep
6467431,Garten & Heimwerken > Baumarkt > Werkzeuge > Handwerkzeuge,Garten & Heimwerken > Baumarkt > Werkzeuge > Handwerkzeuge,6467431,keep
6467302,Garten & Heimwerken > Garten,Garten & Heimwerken > Garten,6467302,keep
6467380,Garten & Heimwerken > Garten > Außen- & Gartenbeleuchtung,Garten & Heimwerken > Garten > Außen- & Gartenbeleuchtung,6467380,keep
6467381,Garten & Heimwerken > Garten > Außen- & Gartenbeleuchtung > Lampenöle,Garten & Heimwerken > Garten > Außen- & Gartenbeleuchtung > Lampenöle,6467381,keep
6467316,Garten & Heimwerken > Garten > Gartengeräte,Garten & Heimwerken > Garten > Gartengeräte,6467316,keep
6467317,Garten & Heimwerken > Garten > Gartengeräte > Motor-Gartengeräte,Garten & Heimwerken > Garten > Gartengeräte > Motor-Gartengeräte,6467317,keep
6467318,Garten & Heimwerken > Garten > Gartenmöbel & Zubehör,Garten & Heimwerken > Garten > Gartenmöbel & Zubehör,6467318,keep
6467319,Garten & Heimwerken > Garten > Gartenmöbel & Zubehör > Gartenmöbel,Garten & Heimwerken > Garten > Gartenmöbel & Zubehör > Gartenmöbel,6467319,keep
6467320,Garten & Heimwerken > Garten > Gartenmöbel & Zubehör > Gartenmöbel > Gartenliegen,Garten & Heimwerken > Garten > Gartenmöbel & Zubehör > Gartenmöbel > Gartenliegen,6467320,keep
6467303,Garten & Heimwerken > Garten > Grills & Zubehör,Garten & Heimwerken > Garten > Grills & Zubehör,6467303,keep
6467384,Garten & Heimwerken > Garten > Grills & Zubehör > Grills,Garten & Heimwerken > Garten > Grills & Zubehör > Grills,6467384,keep
6467385,Garten & Heimwerken > Garten > Grills & Zubehör > Grills > Holzkohlegrills,Garten & Heimwerken > Garten > Grills & Zubehör > Grills > Holzkohlegrills,6467385,keep
6467304,Garten & Heimwerken > Garten > Grills & Zubehör > Grillzubehör,Garten & Heimwerken > Garten > Grills & Zubehör > Grillzubehör,6467304,keep
6467305,Garten & Heimwerken > Garten > Grills & Zubehör > Grillzubehör > Kohleschalen,Garten & Heimwerken > Garten > Grills & Zubehör > Grillzubehör > Kohleschalen,6467305,keep
6467136,Garten & Heimwerken > Tierbedarf,Garten & Heimwerken > Tierbedarf,6467136,keep
6467157,Garten & Heimwerken > Tierbedarf > Hundezubehör,Garten & Heimwerken > Tierbedarf > Hundezubehör,6467157,keep
6467158,Garten & Heimwerken > Tierbedarf > Hundezubehör > Hundebekleidung,Garten & Heimwerken > Tierbedarf > Hundezubehör > Hundebekleidung,6467158,keep
6467368,Garten & Heimwerken > Tierbedarf > Hundezubehör > Hundebekleidung > Hundemäntel,Garten & Heimwerken > Tierbedarf > Hundezubehör > Hundebekleidung > Hundemäntel,6467368,keep
6467179,Garten & Heimwerken > Tierbedarf > Hundezubehör > Hundebekleidung > Hundeschutzhosen,Garten & Heimwerken > Tierbedarf > Hundezubehör > Hundebekleidung > Hundeschutzhosen,6467179,keep
6467159,Garten & Heimwerken > Tierbedarf > Hundezubehör > Hundebekleidung > Sicherheitswesten,Garten & Heimwerken > Tierbedarf > Hundezubehör > Hundebekleidung > Sicherheitswesten,6467159,keep
6467137,Garten & Heimwerken > Tierbedarf > Vogelbedarf,Garten & Heimwerken > Tierbedarf > Vogelbedarf,6467137,keep
6467138,Garten & Heimwerken > Tierbedarf > Vogelbedarf > Vogelzubehör,Garten & Heimwerken > Tierbedarf > Vogelbedarf > Vogelzubehör,6467138,keep
6467139,Garten & Heimwerken > Tierbedarf > Vogelbedarf > Vogelzubehör > Vogelkäfige,Garten & Heimwerken > Tierbedarf > Vogelbedarf > Vogelzubehör > Vogelkäfige,6467139,keep
6406692,Garten & Terrasse,Garten & Terrasse,6406692,keep
6406850,Garten & Terrasse > Beleuchtung,Garten & Terrasse > Beleuchtung,6406850,keep
6406851,Garten & Terrasse > Beleuchtung > Garten- & Terrassenfackeln,Garten & Terrasse > Beleuchtung > Garten- & Terrassenfackeln,6406851,keep
6406853,Garten & Terrasse > Beleuchtung > Solarleuchten,Garten & Terrasse > Beleuchtung > Solarleuchten,6406853,keep
6406854,Garten & Terrasse > Beleuchtung > Strahler & Flutlichter,Garten & Terrasse > Beleuchtung > Strahler & Flutlichter,6406854,keep
6406856,Garten & Terrasse > Gartenbauten & Sonnenschutz,Garten & Terrasse > Gartenbauten & Sonnenschutz,6406856,keep
6406857,Garten & Terrasse > Gartenbauten & Sonnenschutz > Sonnenschirmzubehör,Garten & Terrasse > Gartenbauten & Sonnenschutz > Sonnenschirmzubehör,6406857,keep
6407230,Garten & Terrasse > Gartengeräte,Garten & Terrasse > Gartengeräte,6407230,keep
6407231,Garten & Terrasse > Gartengeräte > Motor- & Elektrogeräte,Garten & Terrasse > Gartengeräte > Motor- & Elektrogeräte,6407231,keep
6407232,Garten & Terrasse > Gartengeräte > Motor- & Elektrogeräte > Multifunktionsgeräte,Garten & Terrasse > Gartengeräte > Motor- & Elektrogeräte > Multifunktionsgeräte,6407232,keep
6406858,Garten & Terrasse > Gartenmöbel,Garten & Terrasse > Gartenmöbel,6406858,keep
6406859,Garten & Terrasse > Gartenmöbel > Gartenliegen,Garten & Terrasse > Gartenmöbel > Gartenliegen,6406859,keep
6406693,Garten & Terrasse > Gartenmöbel-Sets,Garten & Terrasse > Gartenmöbel-Sets,6406693,keep
6407233,"Garten & Terrasse > Grills, Heizstrahler & Picknick","Garten & Terrasse > Grills, Heizstrahler & Picknick",6407233,keep
6407234,"Garten & Terrasse > Grills, Heizstrahler & Picknick > Grillzubehör","Garten & Terrasse > Grills, Heizstrahler & Picknick > Grillzubehör",6407234,keep
6407235,"Garten & Terrasse > Grills, Heizstrahler & Picknick > Grillzubehör > Grillkörbe & -schalen","Garten & Terrasse > Grills, Heizstrahler & Picknick > Grillzubehör > Grillkörbe & -schalen",6407235,keep
6406860,"Garten & Terrasse > Grills, Heizstrahler & Picknickzubehör","Garten & Terrasse > Grills, Heizstrahler & Picknickzubehör",6406860,keep
6406862,"Garten & Terrasse > Grills, Heizstrahler & Picknickzubehör > Grills","Garten & Terrasse > Grills, Heizstrahler & Picknickzubehör > Grills",6406862,keep
6406863,"Garten & Terrasse > Grills, Heizstrahler & Picknickzubehör > Grillzubehör","Garten & Terrasse > Grills, Heizstrahler & Picknickzubehör > Grillzubehör",6406863,keep
6406865,"Garten & Terrasse > Grills, Heizstrahler & Picknickzubehör > Servierwagen","Garten & Terrasse > Grills, Heizstrahler & Picknickzubehör > Servierwagen",6406865,keep
6406866,Garten & Terrasse > Möbel,Garten & Terrasse > Möbel,6406866,keep
6406867,Garten & Terrasse > Möbel > Möbelschutzhüllen,Garten & Terrasse > Möbel > Möbelschutzhüllen,6406867,keep
6406868,Garten & Terrasse > Möbel > Tische,Garten & Terrasse > Möbel > Tische,6406868,keep
6406694,Garten & Terrasse > Motor-Gartengeräte & -zubehör,Garten & Terrasse > Motor-Gartengeräte & -zubehör,6406694,keep
6406869,Garten & Terrasse > Motor-Gartengeräte & -zubehör > Kettensägen-Ersatzteile,Garten & Terrasse > Motor-Gartengeräte & -zubehör > Kettensägen-Ersatzteile,6406869,keep
6406870,Garten & Terrasse > Motor-Gartengeräte & -zubehör > Kettensägen-Zubehör,Garten & Terrasse > Motor-Gartengeräte & -zubehör > Kettensägen-Zubehör,6406870,keep
6406872,"Garten & Terrasse > Pflanzenpflege, Boden & Zubehör","Garten & Terrasse > Pflanzenpflege, Boden & Zubehör",6406872,keep
6406873,"Garten & Terrasse > Pflanzenpflege, Boden & Zubehör > Frostschutz","Garten & Terrasse > Pflanzenpflege, Boden & Zubehör > Frostschutz",6406873,keep
6406875,Garten > Grills,Garten > Grills,6406875,keep
6406876,Garten > Grills > Holzkohlegrill,Garten > Grills > Holzkohlegrill,6406876,keep
6406877,Gastronomie & Hotellerie,Gastronomie & Hotellerie,6406877,keep
6406878,Gastronomie & Hotellerie > Küchengeräte & Ausstattung,Gastronomie & Hotellerie > Küchengeräte & Ausstattung,6406878,keep
6406879,Gastronomie & Hotellerie > Küchengeräte & Ausstattung > Speisewärmer & Chafing Dishes,Gastronomie & Hotellerie > Küchengeräte & Ausstattung > Speisewärmer & Chafing Dishes,6406879,keep
6406881,Gastronomie & Hotellerie > Küchentechnik & -geräte,Gastronomie & Hotellerie > Küchentechnik & -geräte,6406881,keep
6406882,Gastronomie & Hotellerie > Küchentechnik & -geräte > Gastronormbehälter,Gastronomie & Hotellerie > Küchentechnik & -geräte > Gastronormbehälter,6406882,keep
6406884,Gesundheit & Körperpflege,Gesundheit & Körperpflege,6406884,keep
6406885,Gesundheit & Körperpflege > Mundpflege,Gesundheit & Körperpflege > Mundpflege,6406885,keep
6406886,Gesundheit & Körperpflege > Mundpflege > Interdentalbürsten,Gesundheit & Körperpflege > Mundpflege > Interdentalbürsten,6406886,keep
6406887,Gesundheit & Schönheit,Gesundheit & Schönheit,6406887,keep
6407236,Gesundheit & Schönheit > Körperpflege,Gesundheit & Schönheit > Körperpflege,6407236,keep
6407237,Gesundheit & Schönheit > Körperpflege > Nagelpflege,Gesundheit & Schönheit > Körperpflege > Nagelpflege,6407237,keep
6407238,Gesundheit & Schönheit > Körperpflege > Nagelpflege > Nagelpilzbehandlung,Gesundheit & Schönheit > Körperpflege > Nagelpflege > Nagelpilzbehandlung,6407238,keep
6407239,Gesundheit & Schönheit > Mobilität & Alltagshilfen,Gesundheit & Schönheit > Mobilität & Alltagshilfen,6407239,keep
6407240,Gesundheit & Schönheit > Mobilität & Alltagshilfen > Rollstuhl-Zubehör,Gesundheit & Schönheit > Mobilität & Alltagshilfen > Rollstuhl-Zubehör,6407240,keep
6407241,Gesundheit & Schönheit > Mobilität & Alltagshilfen > Rollstuhl-Zubehör > Rollstuhl-Sitzkissen,Gesundheit & Schönheit > Mobilität & Alltagshilfen > Rollstuhl-Zubehör > Rollstuhl-Sitzkissen,6407241,keep
6406888,Gesundheit & Schönheit > Mobilitätshilfen,Gesundheit & Schönheit > Mobilitätshilfen,6406888,keep
6406889,Gesundheit & Schönheit > Mobilitätshilfen > Rollatoren,Gesundheit & Schönheit > Mobilitätshilfen > Rollatoren,6406889,keep
6406695,Handy-Zubehör,Handy-Zubehör,6406695,keep
6406890,Handy-Zubehör > Halterungen & Ständer,Handy-Zubehör > Halterungen & Ständer,6406890,keep
6406891,Handy-Zubehör > Halterungen & Ständer > KFZ-Halterungen,Handy-Zubehör > Halterungen & Ständer > KFZ-Halterungen,6406891,keep
6406696,Handy-Zubehör > Powerbanks,Handy-Zubehör > Powerbanks,6406696,keep
6406892,Handys & Kommunikation,Handys & Kommunikation,6406892,keep
6407242,Handys & Kommunikation > Funktechnik,Handys & Kommunikation > Funktechnik,6407242,keep
6407243,Handys & Kommunikation > Funktechnik > Antennen,Handys & Kommunikation > Funktechnik > Antennen,6407243,keep
6407244,Handys & Kommunikation > Funktechnik > Antennen > Amateurfunkantennen,Handys & Kommunikation > Funktechnik > Antennen > Amateurfunkantennen,6407244,keep
6407245,Handys & Kommunikation > Funktechnik > Teile & Zubehör,Handys & Kommunikation > Funktechnik > Teile & Zubehör,6407245,keep
6407246,Handys & Kommunikation > Funktechnik > Teile & Zubehör > Filter,Handys & Kommunikation > Funktechnik > Teile & Zubehör > Filter,6407246,keep
6406893,Handys & Kommunikation > Handy-Zubehör,Handys & Kommunikation > Handy-Zubehör,6406893,keep
6406894,Handys & Kommunikation > Handy-Zubehör > Ladegeräte & Dockingstationen,Handys & Kommunikation > Handy-Zubehör > Ladegeräte & Dockingstationen,6406894,keep
6406895,Handys & Kommunikation > Handy-Zubehör > Taschen & Schutzhüllen,Handys & Kommunikation > Handy-Zubehör > Taschen & Schutzhüllen,6406895,keep
6406896,Haus & Garten,Haus & Garten,6406896,keep
6407518,Haus & Garten > Bad & Küche,Haus & Garten > Bad & Küche,6407518,keep
6407519,Haus & Garten > Bad & Küche > Bad,Haus & Garten > Bad & Küche > Bad,6407519,keep
6407520,Haus & Garten > Bad & Küche > Bad > Duschen & Duschzubehör,Haus & Garten > Bad & Küche > Bad > Duschen & Duschzubehör,6407520,keep
6407521,Haus & Garten > Bad & Küche > Bad > Duschen & Duschzubehör > Duschschläuche,Haus & Garten > Bad & Küche > Bad > Duschen & Duschzubehör > Duschschläuche,6407521,keep
6407248,Haus & Garten > Badezimmer,Haus & Garten > Badezimmer,6407248,keep
6407249,Haus & Garten > Badezimmer > Duschen & Duschzubehör,Haus & Garten > Badezimmer > Duschen & Duschzubehör,6407249,keep
6407250,Haus & Garten > Badezimmer > Duschen & Duschzubehör > Duschschläuche,Haus & Garten > Badezimmer > Duschen & Duschzubehör > Duschschläuche,6407250,keep
6406897,Haus & Garten > Beleuchtung,Haus & Garten > Beleuchtung,6406897,keep
6407251,Haus & Garten > Beleuchtung > Lampen,Haus & Garten > Beleuchtung > Lampen,6407251,keep
6407252,Haus & Garten > Beleuchtung > Lampen > Tischleuchten,Haus & Garten > Beleuchtung > Lampen > Tischleuchten,6407252,keep
6406898,Haus & Garten > Beleuchtung > LED-Streifen & -Leisten,Haus & Garten > Beleuchtung > LED-Streifen & -Leisten,6406898,keep
6406899,Haus & Garten > Möbel,Haus & Garten > Möbel,6406899,keep
6407253,Haus & Garten > Möbel > Betten & Matratzen,Haus & Garten > Möbel > Betten & Matratzen,6407253,keep
6407254,Haus & Garten > Möbel > Betten & Matratzen > Matratzenauflagen & Topper,Haus & Garten > Möbel > Betten & Matratzen > Matratzenauflagen & Topper,6407254,keep
6406900,Haus & Garten > Möbel > Garderoben & Kleiderständer,Haus & Garten > Möbel > Garderoben & Kleiderständer,6406900,keep
6407255,"Haus, Garten & Baumarkt","Haus, Garten & Baumarkt",6407255,keep
6407256,"Haus, Garten & Baumarkt > Bad & Küche","Haus, Garten & Baumarkt > Bad & Küche",6407256,keep
6407257,"Haus, Garten & Baumarkt > Bad & Küche > Badarmaturen","Haus, Garten & Baumarkt > Bad & Küche > Badarmaturen",6407257,keep
6407258,"Haus, Garten & Baumarkt > Bad & Küche > Badarmaturen > Waschtischarmaturen","Haus, Garten & Baumarkt > Bad & Küche > Badarmaturen > Waschtischarmaturen",6407258,keep
6407259,"Haus, Garten & Baumarkt > Garten & Terrasse","Haus, Garten & Baumarkt > Garten & Terrasse",6407259,keep
6407260,"Haus, Garten & Baumarkt > Garten & Terrasse > Beleuchtung","Haus, Garten & Baumarkt > Garten & Terrasse > Beleuchtung",6407260,keep
6407261,"Haus, Garten & Baumarkt > Garten & Terrasse > Beleuchtung > Solarleuchten","Haus, Garten & Baumarkt > Garten & Terrasse > Beleuchtung > Solarleuchten",6407261,keep
6406697,Haushalt,Haushalt,6406697,keep
6481830,Haushalt & Wohnen,Haushalt & Wohnen,6481830,keep
6481841,"Haushalt & Wohnen > Küche, Haushalt & Wohnen","Haushalt & Wohnen > Küche, Haushalt & Wohnen",6481841,keep
6481847,"Haushalt & Wohnen > Küche, Haushalt & Wohnen > Mülleimer & Abfallsammler","Haushalt & Wohnen > Küche, Haushalt & Wohnen > Mülleimer & Abfallsammler",6481847,keep
6481853,"Haushalt & Wohnen > Küche, Haushalt & Wohnen > Mülleimer & Abfallsammler > Einbau-Abfallsammler","Haushalt & Wohnen > Küche, Haushalt & Wohnen > Mülleimer & Abfallsammler > Einbau-Abfallsammler",6481853,keep
6406901,Haushalt > Kleine Küchengeräte,Haushalt > Kleine Küchengeräte,6406901,keep
6406902,Haushalt > Kleine Küchengeräte > Kühlboxen & Mini-Kühlschränke,Haushalt > Kleine Küchengeräte > Kühlboxen & Mini-Kühlschränke,6406902,keep
6407262,Haushalt > Küche,Haushalt > Küche,6407262,keep
6407263,Haushalt > Küche > Küchengeräte Zubehör,Haushalt > Küche > Küchengeräte Zubehör,6407263,keep
6407264,Haushalt > Küche > Küchengeräte Zubehör > Wassersprudler Zubehör,Haushalt > Küche > Küchengeräte Zubehör > Wassersprudler Zubehör,6407264,keep
6407265,"Haushalt > Küche, Kochen & Genießen","Haushalt > Küche, Kochen & Genießen",6407265,keep
6407267,"Haushalt > Küche, Kochen & Genießen > Küchengeräte","Haushalt > Küche, Kochen & Genießen > Küchengeräte",6407267,keep
6407268,"Haushalt > Küche, Kochen & Genießen > Küchengeräte > Sodastream & Wassersprudler Zubehör","Haushalt > Küche, Kochen & Genießen > Küchengeräte > Sodastream & Wassersprudler Zubehör",6407268,keep
6406698,Haushalt > Reinigungsgeräte,Haushalt > Reinigungsgeräte,6406698,keep
6406699,Haushaltsgeräte,Haushaltsgeräte,6406699,keep
6406700,Haushaltsgeräte > Geschirrspülmaschinen,Haushaltsgeräte > Geschirrspülmaschinen,6406700,keep
6406903,"Haushaltsgeräte > Kaffee-, Tee- & Espressomaschinen","Haushaltsgeräte > Kaffee-, Tee- & Espressomaschinen",6406903,keep
6406904,"Haushaltsgeräte > Kaffee-, Tee- & Espressomaschinen > Filter-Kaffeemaschinen","Haushaltsgeräte > Kaffee-, Tee- & Espressomaschinen > Filter-Kaffeemaschinen",6406904,keep
6406905,"Haushaltsgeräte > Kaffee-, Tee- & Espressomaschinen > Kaffeevollautomaten","Haushaltsgeräte > Kaffee-, Tee- & Espressomaschinen > Kaffeevollautomaten",6406905,keep
6406906,Haushaltsgeräte > Kleingeräte Haushalt,Haushaltsgeräte > Kleingeräte Haushalt,6406906,keep
6406907,Haushaltsgeräte > Kleingeräte Haushalt > Dampfreiniger,Haushaltsgeräte > Kleingeräte Haushalt > Dampfreiniger,6406907,keep
6406908,Haushaltsgeräte > Kleingeräte Küche,Haushaltsgeräte > Kleingeräte Küche,6406908,keep
6406909,Haushaltsgeräte > Kleingeräte Küche > Entsafter & Saftpressen,Haushaltsgeräte > Kleingeräte Küche > Entsafter & Saftpressen,6406909,keep
6406910,Haushaltsgeräte > Kleingeräte Küche > Fritteusen,Haushaltsgeräte > Kleingeräte Küche > Fritteusen,6406910,keep
6406911,Haushaltsgeräte > Kleingeräte Küche > Nudelmaschinen,Haushaltsgeräte > Kleingeräte Küche > Nudelmaschinen,6406911,keep
6406912,Haushaltsgeräte > Kleingeräte Küche > Standmixer,Haushaltsgeräte > Kleingeräte Küche > Standmixer,6406912,keep
6406701,Haushaltsgeräte > Klimaanlagen & Heizgeräte,Haushaltsgeräte > Klimaanlagen & Heizgeräte,6406701,keep
6407269,Haushaltsgeräte > Klimaanlagen & Heizgeräte > Ventilatoren & Luftbehandlung,Haushaltsgeräte > Klimaanlagen & Heizgeräte > Ventilatoren & Luftbehandlung,6407269,keep
6407270,Haushaltsgeräte > Klimaanlagen & Heizgeräte > Ventilatoren & Luftbehandlung > Stand- & Tischventilatoren,Haushaltsgeräte > Klimaanlagen & Heizgeräte > Ventilatoren & Luftbehandlung > Stand- & Tischventilatoren,6407270,keep
6406913,Haushaltsgeräte > Staubsauger & Zubehör,Haushaltsgeräte > Staubsauger & Zubehör,6406913,keep
6406914,Haushaltsgeräte > Staubsauger & Zubehör > Staubsauger,Haushaltsgeräte > Staubsauger & Zubehör > Staubsauger,6406914,keep
6406915,Haushaltsgeräte > Staubsauger & Zubehör > Staubsaugerzubehör,Haushaltsgeräte > Staubsauger & Zubehör > Staubsaugerzubehör,6406915,keep
6406916,Haushaltsgeräte > Waschmaschinen & Trockner,Haushaltsgeräte > Waschmaschinen & Trockner,6406916,keep
6406917,Haushaltsgeräte > Waschmaschinen & Trockner > Waschmaschinen- & Trocknerteile,Haushaltsgeräte > Waschmaschinen & Trockner > Waschmaschinen- & Trocknerteile,6406917,keep
6406702,Haustierbedarf,Haustierbedarf,6406702,keep
6406703,Haustierbedarf > Fische & Aquarien,Haustierbedarf > Fische & Aquarien,6406703,keep
6406918,Haustierbedarf > Hunde,Haustierbedarf > Hunde,6406918,keep
6406919,Haustierbedarf > Hunde > Hundeboxen & -käfige,Haustierbedarf > Hunde > Hundeboxen & -käfige,6406919,keep
6406920,Haustierbedarf > Katzen,Haustierbedarf > Katzen,6406920,keep
6406921,Haustierbedarf > Katzen > Kratzbäume & Möbel,Haustierbedarf > Katzen > Kratzbäume & Möbel,6406921,keep
6406922,Haustierbedarf > Katzen > Näpfe & Trinkbrunnen,Haustierbedarf > Katzen > Näpfe & Trinkbrunnen,6406922,keep
6406704,Haustierbedarf > Vogelkäfige & Volieren,Haustierbedarf > Vogelkäfige & Volieren,6406704,keep
6406705,Heimwerker,Heimwerker,6406705,keep
6406706,Heimwerker > Bad & Küche,Heimwerker > Bad & Küche,6406706,keep
6407271,Heimwerker > Bad & Küche > Armaturen,Heimwerker > Bad & Küche > Armaturen,6407271,keep
6407272,Heimwerker > Bad & Küche > Armaturen > Waschtischarmaturen,Heimwerker > Bad & Küche > Armaturen > Waschtischarmaturen,6407272,keep
6406923,Heimwerker > Bad & Küche > Bad,Heimwerker > Bad & Küche > Bad,6406923,keep
6407273,Heimwerker > Bad & Küche > Badaccessoires,Heimwerker > Bad & Küche > Badaccessoires,6407273,keep
6407274,Heimwerker > Bad & Küche > Badaccessoires > Handtuchhalter,Heimwerker > Bad & Küche > Badaccessoires > Handtuchhalter,6407274,keep
6407275,Heimwerker > Bad & Küche > Badarmaturen,Heimwerker > Bad & Küche > Badarmaturen,6407275,keep
6407276,Heimwerker > Bad & Küche > Badarmaturen > Waschtischarmaturen,Heimwerker > Bad & Küche > Badarmaturen > Waschtischarmaturen,6407276,keep
6406924,Heimwerker > Bad & Küche > Küche,Heimwerker > Bad & Küche > Küche,6406924,keep
6407277,Heimwerker > Bad & Küche > Küche > Küchenarmaturen,Heimwerker > Bad & Küche > Küche > Küchenarmaturen,6407277,keep
6406925,Heimwerker > Elektromaterial,Heimwerker > Elektromaterial,6406925,keep
6406926,"Heimwerker > Elektromaterial > Steckdosen, Schalter & Zubehör","Heimwerker > Elektromaterial > Steckdosen, Schalter & Zubehör",6406926,keep
6407522,"Heimwerker > Elektromaterial > Steckdosen, Schalter & Zubehör > Smart-Steckdosen, -Wandschalter & -Zwischenstecker","Heimwerker > Elektromaterial > Steckdosen, Schalter & Zubehör > Smart-Steckdosen, -Wandschalter & -Zwischenstecker",6407522,keep
6407523,"Heimwerker > Elektromaterial > Steckdosen, Schalter & Zubehör > Smart-Steckdosen, -Wandschalter & -Zwischenstecker > Smart-Wandschalter","Heimwerker > Elektromaterial > Steckdosen, Schalter & Zubehör > Smart-Steckdosen, -Wandschalter & -Zwischenstecker > Smart-Wandschalter",6407523,keep
6407278,Heimwerker > Erneuerbare Energie,Heimwerker > Erneuerbare Energie,6407278,keep
6407279,Heimwerker > Erneuerbare Energie > Solarenergie,Heimwerker > Erneuerbare Energie > Solarenergie,6407279,keep
6407280,Heimwerker > Erneuerbare Energie > Solarenergie > Solarmodule,Heimwerker > Erneuerbare Energie > Solarenergie > Solarmodule,6407280,keep
6406927,"Heimwerker > Farben, Lasuren & Lacke","Heimwerker > Farben, Lasuren & Lacke",6406927,keep
6406928,"Heimwerker > Farben, Lasuren & Lacke > Holzschutzmittel","Heimwerker > Farben, Lasuren & Lacke > Holzschutzmittel",6406928,keep
6406929,"Heimwerker > Farben, Tapeten & Zubehör","Heimwerker > Farben, Tapeten & Zubehör",6406929,keep
6406930,"Heimwerker > Farben, Tapeten & Zubehör > Tapeten, Werkzeuge & Zubehör","Heimwerker > Farben, Tapeten & Zubehör > Tapeten, Werkzeuge & Zubehör",6406930,keep
6407281,"Heimwerker > Heizen, Klima & Sanitär","Heimwerker > Heizen, Klima & Sanitär",6407281,keep
6407282,"Heimwerker > Heizen, Klima & Sanitär > Heizungs-, Klima- & Sanitärprüfgeräte","Heimwerker > Heizen, Klima & Sanitär > Heizungs-, Klima- & Sanitärprüfgeräte",6407282,keep
6407283,"Heimwerker > Heizen, Klima & Sanitär > Heizungs-, Klima- & Sanitärprüfgeräte > Rohrinstallations-Sets","Heimwerker > Heizen, Klima & Sanitär > Heizungs-, Klima- & Sanitärprüfgeräte > Rohrinstallations-Sets",6407283,keep
6407284,"Heimwerker > Heizen, Klima & Sanitär > Wasser","Heimwerker > Heizen, Klima & Sanitär > Wasser",6407284,keep
6407285,"Heimwerker > Heizen, Klima & Sanitär > Wasser > Pumpen & Wasserfiltersysteme","Heimwerker > Heizen, Klima & Sanitär > Wasser > Pumpen & Wasserfiltersysteme",6407285,keep
6407286,"Heimwerker > Heizen, Klima & Sanitär > Wasser > Ventile","Heimwerker > Heizen, Klima & Sanitär > Wasser > Ventile",6407286,keep
6406931,Heimwerker > Schrankbeschläge & -teile,Heimwerker > Schrankbeschläge & -teile,6406931,keep
6406932,Heimwerker > Schrankbeschläge & -teile > Schubladenschienen,Heimwerker > Schrankbeschläge & -teile > Schubladenschienen,6406932,keep
6406933,"Heimwerker > Schwimmbecken, Saunen & Außenwhirlpools","Heimwerker > Schwimmbecken, Saunen & Außenwhirlpools",6406933,keep
6406934,"Heimwerker > Schwimmbecken, Saunen & Außenwhirlpools > Schwimmbeckenbedarf","Heimwerker > Schwimmbecken, Saunen & Außenwhirlpools > Schwimmbeckenbedarf",6406934,keep
6406935,Heimwerker > Werkzeuge,Heimwerker > Werkzeuge,6406935,keep
6406936,Heimwerker > Werkzeuge > Elektrowerkzeug- & Druckluftgerät-Zubehör,Heimwerker > Werkzeuge > Elektrowerkzeug- & Druckluftgerät-Zubehör,6406936,keep
6407287,Heimwerker > Werkzeuge > Elektrowerkzeug- & Druckluftgerät-Zubehör > Bohrer-Bits,Heimwerker > Werkzeuge > Elektrowerkzeug- & Druckluftgerät-Zubehör > Bohrer-Bits,6407287,keep
6406937,Heimwerker > Werkzeuge > Elektrowerkzeuge,Heimwerker > Werkzeuge > Elektrowerkzeuge,6406937,keep
6407288,Heimwerker > Werkzeuge > Elektrowerkzeuge > Schleifmaschinen,Heimwerker > Werkzeuge > Elektrowerkzeuge > Schleifmaschinen,6407288,keep
6406938,Heimwerker > Werkzeuge > Handwerkzeuge,Heimwerker > Werkzeuge > Handwerkzeuge,6406938,keep
6407289,Heimwerker > Werkzeuge > Handwerkzeuge > Messer,Heimwerker > Werkzeuge > Handwerkzeuge > Messer,6407289,keep
6407290,Heimwerker > Werkzeuge > Handwerkzeuge > Schraubenschlüssel,Heimwerker > Werkzeuge > Handwerkzeuge > Schraubenschlüssel,6407290,keep
6407524,Heimwerker > Werkzeuge > Handwerkzeuge > Schraubenschlüssel > Steckschlüssel,Heimwerker > Werkzeuge > Handwerkzeuge > Schraubenschlüssel > Steckschlüssel,6407524,keep
6407291,Heimwerker > Werkzeuge > Handwerkzeuge > Seilzüge & Winden,Heimwerker > Werkzeuge > Handwerkzeuge > Seilzüge & Winden,6407291,keep
6406939,Heimwerker > Werkzeuge > Messwerkzeuge & Messgeräte,Heimwerker > Werkzeuge > Messwerkzeuge & Messgeräte,6406939,keep
6407292,Heimwerker > Werkzeuge > Messwerkzeuge & Messgeräte > Messschieber,Heimwerker > Werkzeuge > Messwerkzeuge & Messgeräte > Messschieber,6407292,keep
6406943,Kleidung & Accessoires,Kleidung & Accessoires,6406943,keep
6488402,Kleidung & Accessoires > Bademäntel,Kleidung & Accessoires > Bademäntel,6488402,keep
6488437,Kleidung & Accessoires > Bademoden,Kleidung & Accessoires > Bademoden,6488437,keep
6488439,Kleidung & Accessoires > Bademoden > Bikinis,Kleidung & Accessoires > Bademoden > Bikinis,6488439,keep
6488450,Kleidung & Accessoires > Bademoden > Bikinis > Bikini-Oberteile,Kleidung & Accessoires > Bademoden > Bikinis > Bikini-Oberteile,6488450,keep
6488463,Kleidung & Accessoires > Berufsbekleidung,Kleidung & Accessoires > Berufsbekleidung,6488463,keep
6488383,Kleidung & Accessoires > Businesskleidungen,Kleidung & Accessoires > Businesskleidungen,6488383,keep
6488456,Kleidung & Accessoires > Businesskleidungen > Blazer,Kleidung & Accessoires > Businesskleidungen > Blazer,6488456,keep
6488385,Kleidung & Accessoires > Businesskleidungen > Hosenanzüge,Kleidung & Accessoires > Businesskleidungen > Hosenanzüge,6488385,keep
6406944,Kleidung & Accessoires > Damen,Kleidung & Accessoires > Damen,6406944,keep
6407525,Kleidung & Accessoires > Damen > Damen-Accessoires,Kleidung & Accessoires > Damen > Damen-Accessoires,6407525,keep
6407526,Kleidung & Accessoires > Damen > Damen-Accessoires > Sonnenbrillen & Zubehör,Kleidung & Accessoires > Damen > Damen-Accessoires > Sonnenbrillen & Zubehör,6407526,keep
6407527,Kleidung & Accessoires > Damen > Damen-Accessoires > Sonnenbrillen & Zubehör > Sonnenbrillen,Kleidung & Accessoires > Damen > Damen-Accessoires > Sonnenbrillen & Zubehör > Sonnenbrillen,6407527,keep
6467276,Kleidung & Accessoires > Damen > Damenmode,Kleidung & Accessoires > Damen > Damenmode,6467276,keep
6467277,Kleidung & Accessoires > Damen > Damenmode > Leggings,Kleidung & Accessoires > Damen > Damenmode > Leggings,6467277,keep
6406945,Kleidung & Accessoires > Damen > Damenschuhe,Kleidung & Accessoires > Damen > Damenschuhe,6406945,keep
6407293,Kleidung & Accessoires > Damen > Damenschuhe > Halbschuhe & Ballerinas,Kleidung & Accessoires > Damen > Damenschuhe > Halbschuhe & Ballerinas,6407293,keep
6407294,Kleidung & Accessoires > Damen > Damenschuhe > Sneaker,Kleidung & Accessoires > Damen > Damenschuhe > Sneaker,6407294,keep
6407295,Kleidung & Accessoires > Damen > Damenschuhe > Stiefel & Stiefeletten,Kleidung & Accessoires > Damen > Damenschuhe > Stiefel & Stiefeletten,6407295,keep
6488213,Kleidung & Accessoires > Damen > Röcke,Kleidung & Accessoires > Damen > Röcke,6488213,keep
6407296,Kleidung & Accessoires > Damen > Unterwäsche,Kleidung & Accessoires > Damen > Unterwäsche,6407296,keep
6488296,Kleidung & Accessoires > Damen > Unterwäsche & Nachtwäsche,Kleidung & Accessoires > Damen > Unterwäsche & Nachtwäsche,6488296,keep
6488298,Kleidung & Accessoires > Damen > Unterwäsche & Nachtwäsche > Schlafanzüge & Pyjamas,Kleidung & Accessoires > Damen > Unterwäsche & Nachtwäsche > Schlafanzüge & Pyjamas,6488298,keep
6407297,Kleidung & Accessoires > Damen > Unterwäsche > Slips & Strings,Kleidung & Accessoires > Damen > Unterwäsche > Slips & Strings,6407297,keep
6418474,Kleidung & Accessoires > Damen-Accessoires,Kleidung & Accessoires > Damen-Accessoires,6418474,keep
6418475,Kleidung & Accessoires > Damen-Accessoires > Gürtel,Kleidung & Accessoires > Damen-Accessoires > Gürtel,6418475,keep
6406946,Kleidung & Accessoires > Damenbekleidung,Kleidung & Accessoires > Damenbekleidung,6406946,keep
6488172,Kleidung & Accessoires > Damenbekleidung > Blazer,Kleidung & Accessoires > Damenbekleidung > Blazer,6488172,keep
6488224,Kleidung & Accessoires > Damenbekleidung > Hosen,Kleidung & Accessoires > Damenbekleidung > Hosen,6488224,keep
6407298,"Kleidung & Accessoires > Damenbekleidung > Jacken, Mäntel & Westen","Kleidung & Accessoires > Damenbekleidung > Jacken, Mäntel & Westen",6407298,keep
6407299,"Kleidung & Accessoires > Damenbekleidung > Jacken, Mäntel & Westen > Mäntel","Kleidung & Accessoires > Damenbekleidung > Jacken, Mäntel & Westen > Mäntel",6407299,keep
6406947,Kleidung & Accessoires > Damenbekleidung > Jeans,Kleidung & Accessoires > Damenbekleidung > Jeans,6406947,keep
6488370,Kleidung & Accessoires > Damenbekleidung > Leggings,Kleidung & Accessoires > Damenbekleidung > Leggings,6488370,keep
6488173,Kleidung & Accessoires > Damenbekleidung > Mäntel,Kleidung & Accessoires > Damenbekleidung > Mäntel,6488173,keep
6407300,Kleidung & Accessoires > Damenbekleidung > Pullover & Strickjacken,Kleidung & Accessoires > Damenbekleidung > Pullover & Strickjacken,6407300,keep
6407301,Kleidung & Accessoires > Damenbekleidung > Pullover & Strickjacken > Pullover,Kleidung & Accessoires > Damenbekleidung > Pullover & Strickjacken > Pullover,6407301,keep
6406948,Kleidung & Accessoires > Damenmode,Kleidung & Accessoires > Damenmode,6406948,keep
6488462,Kleidung & Accessoires > Damenmode > Bodysuits,Kleidung & Accessoires > Damenmode > Bodysuits,6488462,keep
6406949,Kleidung & Accessoires > Damenmode > Hosen,Kleidung & Accessoires > Damenmode > Hosen,6406949,keep
6418459,Kleidung & Accessoires > Damenmode > Hosen & Leggings,Kleidung & Accessoires > Damenmode > Hosen & Leggings,6418459,keep
6418460,Kleidung & Accessoires > Damenmode > Hosen & Leggings > Leggings,Kleidung & Accessoires > Damenmode > Hosen & Leggings > Leggings,6418460,keep
6407302,Kleidung & Accessoires > Damenmode > Jacken & Mäntel,Kleidung & Accessoires > Damenmode > Jacken & Mäntel,6407302,keep
6407303,Kleidung & Accessoires > Damenmode > Jacken & Mäntel > Daunenjacken,Kleidung & Accessoires > Damenmode > Jacken & Mäntel > Daunenjacken,6407303,keep
6407304,Kleidung & Accessoires > Damenmode > Unterwäsche & Nachtwäsche,Kleidung & Accessoires > Damenmode > Unterwäsche & Nachtwäsche,6407304,keep
6407305,Kleidung & Accessoires > Damenmode > Unterwäsche & Nachtwäsche > BHs,Kleidung & Accessoires > Damenmode > Unterwäsche & Nachtwäsche > BHs,6407305,keep
6488174,Kleidung & Accessoires > Damenmode > Unterwäsche & Nachtwäsche > BHs & Bustiers,Kleidung & Accessoires > Damenmode > Unterwäsche & Nachtwäsche > BHs & Bustiers,6488174,keep
6407306,Kleidung & Accessoires > Damenmode > Unterwäsche & Nachtwäsche > Shapewear,Kleidung & Accessoires > Damenmode > Unterwäsche & Nachtwäsche > Shapewear,6407306,keep
6488294,Kleidung & Accessoires > Damenmode > Unterwäsche & Nachtwäsche > Slips,Kleidung & Accessoires > Damenmode > Unterwäsche & Nachtwäsche > Slips,6488294,keep
6407528,Kleidung & Accessoires > Damenmode > Unterwäsche & Nachtwäsche > Unterwäsche,Kleidung & Accessoires > Damenmode > Unterwäsche & Nachtwäsche > Unterwäsche,6407528,keep
6407529,Kleidung & Accessoires > Damenmode > Unterwäsche & Nachtwäsche > Unterwäsche > Strings & Tangas,Kleidung & Accessoires > Damenmode > Unterwäsche & Nachtwäsche > Unterwäsche > Strings & Tangas,6407529,keep
6488167,Kleidung & Accessoires > Hemden,Kleidung & Accessoires > Hemden,6488167,keep
6406950,Kleidung & Accessoires > Herren,Kleidung & Accessoires > Herren,6406950,keep
6488311,Kleidung & Accessoires > Herren > Hemden & Oberteile,Kleidung & Accessoires > Herren > Hemden & Oberteile,6488311,keep
6488313,Kleidung & Accessoires > Herren > Hemden & Oberteile > Poloshirts,Kleidung & Accessoires > Herren > Hemden & Oberteile > Poloshirts,6488313,keep
6407307,Kleidung & Accessoires > Herren > Herren-Accessoires,Kleidung & Accessoires > Herren > Herren-Accessoires,6407307,keep
6407308,Kleidung & Accessoires > Herren > Herren-Accessoires > Geldbörsen & Etuis,Kleidung & Accessoires > Herren > Herren-Accessoires > Geldbörsen & Etuis,6407308,keep
6407309,Kleidung & Accessoires > Herren > Herren-Accessoires > Handschuhe & Fäustlinge,Kleidung & Accessoires > Herren > Herren-Accessoires > Handschuhe & Fäustlinge,6407309,keep
6406951,Kleidung & Accessoires > Herren > Herrenmode,Kleidung & Accessoires > Herren > Herrenmode,6406951,keep
6407310,Kleidung & Accessoires > Herren > Herrenmode > Pullover & Strick,Kleidung & Accessoires > Herren > Herrenmode > Pullover & Strick,6407310,keep
6407530,Kleidung & Accessoires > Herren > Herrenmode > Shirts & Hemden,Kleidung & Accessoires > Herren > Herrenmode > Shirts & Hemden,6407530,keep
6407531,Kleidung & Accessoires > Herren > Herrenmode > Shirts & Hemden > Freizeithemden & Shirts,Kleidung & Accessoires > Herren > Herrenmode > Shirts & Hemden > Freizeithemden & Shirts,6407531,keep
6407532,Kleidung & Accessoires > Herren > Herrenmode > Shirts & Hemden > Poloshirts,Kleidung & Accessoires > Herren > Herrenmode > Shirts & Hemden > Poloshirts,6407532,keep
6407533,Kleidung & Accessoires > Herren > Herrenmode > Shirts & Hemden > T-Shirts,Kleidung & Accessoires > Herren > Herrenmode > Shirts & Hemden > T-Shirts,6407533,keep
6407311,Kleidung & Accessoires > Herren > Herrenmode > Unterwäsche,Kleidung & Accessoires > Herren > Herrenmode > Unterwäsche,6407311,keep
6407312,Kleidung & Accessoires > Herren > Herrenschuhe,Kleidung & Accessoires > Herren > Herrenschuhe,6407312,keep
6407313,Kleidung & Accessoires > Herren > Herrenschuhe > Hausschuhe,Kleidung & Accessoires > Herren > Herrenschuhe > Hausschuhe,6407313,keep
6407314,Kleidung & Accessoires > Herren > Herrenschuhe > Sandalen,Kleidung & Accessoires > Herren > Herrenschuhe > Sandalen,6407314,keep
6407315,Kleidung & Accessoires > Herren > Herrenschuhe > Sneaker,Kleidung & Accessoires > Herren > Herrenschuhe > Sneaker,6407315,keep
6407316,Kleidung & Accessoires > Herren > Herrenschuhe > Stiefel,Kleidung & Accessoires > Herren > Herrenschuhe > Stiefel,6407316,keep
6488214,Kleidung & Accessoires > Herren > Hosen,Kleidung & Accessoires > Herren > Hosen,6488214,keep
6488299,Kleidung & Accessoires > Herren > Hosen > Cargohosen,Kleidung & Accessoires > Herren > Hosen > Cargohosen,6488299,keep
6488301,Kleidung & Accessoires > Herren > Hosen > Jogginghosen,Kleidung & Accessoires > Herren > Hosen > Jogginghosen,6488301,keep
6488303,Kleidung & Accessoires > Herren > Hosen > Trainingshosen,Kleidung & Accessoires > Herren > Hosen > Trainingshosen,6488303,keep
6488305,Kleidung & Accessoires > Herren > Jacken & Mäntel,Kleidung & Accessoires > Herren > Jacken & Mäntel,6488305,keep
6488307,Kleidung & Accessoires > Herren > Jacken & Mäntel > Mäntel,Kleidung & Accessoires > Herren > Jacken & Mäntel > Mäntel,6488307,keep
6488215,Kleidung & Accessoires > Herren > Poloshirts,Kleidung & Accessoires > Herren > Poloshirts,6488215,keep
6488212,Kleidung & Accessoires > Herren > Socken,Kleidung & Accessoires > Herren > Socken,6488212,keep
6488216,Kleidung & Accessoires > Herren > Sweatshirts & Hoodies,Kleidung & Accessoires > Herren > Sweatshirts & Hoodies,6488216,keep
6407317,Kleidung & Accessoires > Herren > Unterwäsche,Kleidung & Accessoires > Herren > Unterwäsche,6407317,keep
6407318,Kleidung & Accessoires > Herren > Unterwäsche > Boxershorts,Kleidung & Accessoires > Herren > Unterwäsche > Boxershorts,6407318,keep
6488309,Kleidung & Accessoires > Herren > Unterwäsche > Boxershorts & Slips,Kleidung & Accessoires > Herren > Unterwäsche > Boxershorts & Slips,6488309,keep
6406952,Kleidung & Accessoires > Herren-Accessoires,Kleidung & Accessoires > Herren-Accessoires,6406952,keep
6406953,Kleidung & Accessoires > Herren-Accessoires > Gürtel,Kleidung & Accessoires > Herren-Accessoires > Gürtel,6406953,keep
6488217,Kleidung & Accessoires > Herren-T-Shirts & Hemden,Kleidung & Accessoires > Herren-T-Shirts & Hemden,6488217,keep
6488218,Kleidung & Accessoires > Herren-T-Shirts & Hemden > Poloshirts,Kleidung & Accessoires > Herren-T-Shirts & Hemden > Poloshirts,6488218,keep
6406954,Kleidung & Accessoires > Herrenmode,Kleidung & Accessoires > Herrenmode,6406954,keep
6407319,Kleidung & Accessoires > Herrenmode > Hemden,Kleidung & Accessoires > Herrenmode > Hemden,6407319,keep
6407320,Kleidung & Accessoires > Herrenmode > Hemden > Freizeithemden,Kleidung & Accessoires > Herrenmode > Hemden > Freizeithemden,6407320,keep
6406955,Kleidung & Accessoires > Herrenmode > Hosen,Kleidung & Accessoires > Herrenmode > Hosen,6406955,keep
6407321,Kleidung & Accessoires > Herrenmode > Hosen > Cargohosen,Kleidung & Accessoires > Herrenmode > Hosen > Cargohosen,6407321,keep
6488366,Kleidung & Accessoires > Herrenmode > Jacken & Mäntel,Kleidung & Accessoires > Herrenmode > Jacken & Mäntel,6488366,keep
6488368,Kleidung & Accessoires > Herrenmode > Jacken & Mäntel > Jeansjacken,Kleidung & Accessoires > Herrenmode > Jacken & Mäntel > Jeansjacken,6488368,keep
6406956,Kleidung & Accessoires > Herrenmode > Jeans,Kleidung & Accessoires > Herrenmode > Jeans,6406956,keep
6488227,Kleidung & Accessoires > Herrenmode > Pullover & Strickwaren,Kleidung & Accessoires > Herrenmode > Pullover & Strickwaren,6488227,keep
6488315,Kleidung & Accessoires > Herrenmode > Shirts & Hemden,Kleidung & Accessoires > Herrenmode > Shirts & Hemden,6488315,keep
6488471,Kleidung & Accessoires > Herrenmode > Shirts & Hemden > Langarmshirts,Kleidung & Accessoires > Herrenmode > Shirts & Hemden > Langarmshirts,6488471,keep
6488317,Kleidung & Accessoires > Herrenmode > Shirts & Hemden > Poloshirts,Kleidung & Accessoires > Herrenmode > Shirts & Hemden > Poloshirts,6488317,keep
6406957,Kleidung & Accessoires > Herrenmode > T-Shirts,Kleidung & Accessoires > Herrenmode > T-Shirts,6406957,keep
6407322,Kleidung & Accessoires > Herrenmode > Unterwäsche,Kleidung & Accessoires > Herrenmode > Unterwäsche,6407322,keep
6407323,Kleidung & Accessoires > Herrenmode > Unterwäsche > Boxershorts,Kleidung & Accessoires > Herrenmode > Unterwäsche > Boxershorts,6407323,keep
6488168,Kleidung & Accessoires > Hosen,Kleidung & Accessoires > Hosen,6488168,keep
6488219,Kleidung & Accessoires > Hosen > Cargohosen,Kleidung & Accessoires > Hosen > Cargohosen,6488219,keep
6488364,Kleidung & Accessoires > Hosen > Jeans,Kleidung & Accessoires > Hosen > Jeans,6488364,keep
6488394,Kleidung & Accessoires > Hosen > Leggings,Kleidung & Accessoires > Hosen > Leggings,6488394,keep
6488169,Kleidung & Accessoires > Jacken,Kleidung & Accessoires > Jacken,6488169,keep
6488170,Kleidung & Accessoires > Jacken & Mäntel,Kleidung & Accessoires > Jacken & Mäntel,6488170,keep
6488469,Kleidung & Accessoires > Jacken > Daunenjacken,Kleidung & Accessoires > Jacken > Daunenjacken,6488469,keep
6488388,Kleidung & Accessoires > Jacken > Jeansjacken,Kleidung & Accessoires > Jacken > Jeansjacken,6488388,keep
6407534,Kleidung & Accessoires > Kinder,Kleidung & Accessoires > Kinder,6407534,keep
6488220,Kleidung & Accessoires > Kinder > Hosen,Kleidung & Accessoires > Kinder > Hosen,6488220,keep
6488221,Kleidung & Accessoires > Kinder > Hosen > Schneehosen,Kleidung & Accessoires > Kinder > Hosen > Schneehosen,6488221,keep
6407535,Kleidung & Accessoires > Kinder > Jungen,Kleidung & Accessoires > Kinder > Jungen,6407535,keep
6407536,Kleidung & Accessoires > Kinder > Jungen > Mode für Jungen,Kleidung & Accessoires > Kinder > Jungen > Mode für Jungen,6407536,keep
6407537,"Kleidung & Accessoires > Kinder > Jungen > Mode für Jungen > T-Shirts, Polos & Hemden","Kleidung & Accessoires > Kinder > Jungen > Mode für Jungen > T-Shirts, Polos & Hemden",6407537,keep
6407538,Kleidung & Accessoires > Kinder > Unisex für Kinder,Kleidung & Accessoires > Kinder > Unisex für Kinder,6407538,keep
6407539,Kleidung & Accessoires > Kinder > Unisex für Kinder > Unisex-Mode,Kleidung & Accessoires > Kinder > Unisex für Kinder > Unisex-Mode,6407539,keep
6407540,Kleidung & Accessoires > Kinder > Unisex für Kinder > Unisex-Mode > Kapuzenpullover & Sweatshirts,Kleidung & Accessoires > Kinder > Unisex für Kinder > Unisex-Mode > Kapuzenpullover & Sweatshirts,6407540,keep
6488225,Kleidung & Accessoires > Kinderkleidung,Kleidung & Accessoires > Kinderkleidung,6488225,keep
6488226,Kleidung & Accessoires > Kinderkleidung > T-Shirts & Tops,Kleidung & Accessoires > Kinderkleidung > T-Shirts & Tops,6488226,keep
6407324,Kleidung & Accessoires > Kostüme & Verkleidungen,Kleidung & Accessoires > Kostüme & Verkleidungen,6407324,keep
6407325,Kleidung & Accessoires > Kostüme & Verkleidungen > Kostüme,Kleidung & Accessoires > Kostüme & Verkleidungen > Kostüme,6407325,keep
6407326,Kleidung & Accessoires > Kostüme & Verkleidungen > Kostüme > 70er & 80er Jahre Kostüme,Kleidung & Accessoires > Kostüme & Verkleidungen > Kostüme > 70er & 80er Jahre Kostüme,6407326,keep
6488390,Kleidung & Accessoires > Nachtwäsche & Homewear,Kleidung & Accessoires > Nachtwäsche & Homewear,6488390,keep
6488392,Kleidung & Accessoires > Nachtwäsche & Homewear > Nachthemden,Kleidung & Accessoires > Nachtwäsche & Homewear > Nachthemden,6488392,keep
6488465,Kleidung & Accessoires > Nachtwäsche & Homewear > Schlafanzüge,Kleidung & Accessoires > Nachtwäsche & Homewear > Schlafanzüge,6488465,keep
6488432,Kleidung & Accessoires > Pullover,Kleidung & Accessoires > Pullover,6488432,keep
6488434,Kleidung & Accessoires > Pullover > Sweatshirts,Kleidung & Accessoires > Pullover > Sweatshirts,6488434,keep
6488409,Kleidung & Accessoires > Schuhe & Zubehör,Kleidung & Accessoires > Schuhe & Zubehör,6488409,keep
6488411,Kleidung & Accessoires > Schuhe & Zubehör > Schuhe,Kleidung & Accessoires > Schuhe & Zubehör > Schuhe,6488411,keep
6488413,Kleidung & Accessoires > Schuhe & Zubehör > Schuhe > Stiefeletten,Kleidung & Accessoires > Schuhe & Zubehör > Schuhe > Stiefeletten,6488413,keep
6488404,Kleidung & Accessoires > Shirts,Kleidung & Accessoires > Shirts,6488404,keep
6488445,Kleidung & Accessoires > Shirts > Langarmshirts,Kleidung & Accessoires > Shirts > Langarmshirts,6488445,keep
6488442,Kleidung & Accessoires > Shirts > Poloshirts,Kleidung & Accessoires > Shirts > Poloshirts,6488442,keep
6488405,Kleidung & Accessoires > Shirts > T-Shirts,Kleidung & Accessoires > Shirts > T-Shirts,6488405,keep
6407327,Kleidung & Accessoires > Spezielle Anlässe,Kleidung & Accessoires > Spezielle Anlässe,6407327,keep
6407328,Kleidung & Accessoires > Spezielle Anlässe > Erotik,Kleidung & Accessoires > Spezielle Anlässe > Erotik,6407328,keep
6407329,Kleidung & Accessoires > Spezielle Anlässe > Erotik > Kostüme für Damen,Kleidung & Accessoires > Spezielle Anlässe > Erotik > Kostüme für Damen,6407329,keep
6407541,Kleidung & Accessoires > Spezielle Anlässe > Kostüme & Verkleidungen,Kleidung & Accessoires > Spezielle Anlässe > Kostüme & Verkleidungen,6407541,keep
6407542,Kleidung & Accessoires > Spezielle Anlässe > Kostüme & Verkleidungen > Kostüme,Kleidung & Accessoires > Spezielle Anlässe > Kostüme & Verkleidungen > Kostüme,6407542,keep
6407543,Kleidung & Accessoires > Spezielle Anlässe > Kostüme & Verkleidungen > Kostüme > Baby- & Kleinkinderkostüme,Kleidung & Accessoires > Spezielle Anlässe > Kostüme & Verkleidungen > Kostüme > Baby- & Kleinkinderkostüme,6407543,keep
6407544,Kleidung & Accessoires > Spezielle Anlässe > Vintage-Mode,Kleidung & Accessoires > Spezielle Anlässe > Vintage-Mode,6407544,keep
6407545,Kleidung & Accessoires > Spezielle Anlässe > Vintage-Mode > Vintage-Accessoires,Kleidung & Accessoires > Spezielle Anlässe > Vintage-Mode > Vintage-Accessoires,6407545,keep
6407546,Kleidung & Accessoires > Spezielle Anlässe > Vintage-Mode > Vintage-Accessoires > Geldbörsen & Etuis,Kleidung & Accessoires > Spezielle Anlässe > Vintage-Mode > Vintage-Accessoires > Geldbörsen & Etuis,6407546,keep
6407547,"Kleidung & Accessoires > Spezielle Anlässe > Vintage-Mode > Vintage-Accessoires > Krawatten, -schals & Fliegen","Kleidung & Accessoires > Spezielle Anlässe > Vintage-Mode > Vintage-Accessoires > Krawatten, -schals & Fliegen",6407547,keep
6407548,Kleidung & Accessoires > Spezielle Anlässe > Vintage-Mode > Vintage-Mode für Herren,Kleidung & Accessoires > Spezielle Anlässe > Vintage-Mode > Vintage-Mode für Herren,6407548,keep
6407549,Kleidung & Accessoires > Spezielle Anlässe > Vintage-Mode > Vintage-Mode für Herren > Pullover & Strickjacken,Kleidung & Accessoires > Spezielle Anlässe > Vintage-Mode > Vintage-Mode für Herren > Pullover & Strickjacken,6407549,keep
6488451,Kleidung & Accessoires > Strümpfe & Socken,Kleidung & Accessoires > Strümpfe & Socken,6488451,keep
6488453,Kleidung & Accessoires > Strümpfe & Socken > Strumpfhosen,Kleidung & Accessoires > Strümpfe & Socken > Strumpfhosen,6488453,keep
6488222,Kleidung & Accessoires > Taschen,Kleidung & Accessoires > Taschen,6488222,keep
6488420,Kleidung & Accessoires > Taschen > Koffer & Reisegepäck,Kleidung & Accessoires > Taschen > Koffer & Reisegepäck,6488420,keep
6488422,Kleidung & Accessoires > Taschen > Koffer & Reisegepäck > Koffer & Zubehör,Kleidung & Accessoires > Taschen > Koffer & Reisegepäck > Koffer & Zubehör,6488422,keep
6488424,Kleidung & Accessoires > Taschen > Koffer & Reisegepäck > Koffer & Zubehör > Koffer,Kleidung & Accessoires > Taschen > Koffer & Reisegepäck > Koffer & Zubehör > Koffer,6488424,keep
6488426,Kleidung & Accessoires > Taschen > Koffer & Reisegepäck > Koffer & Zubehör > Koffer > Trolleys,Kleidung & Accessoires > Taschen > Koffer & Reisegepäck > Koffer & Zubehör > Koffer > Trolleys,6488426,keep
6488428,Kleidung & Accessoires > Taschen > Koffer & Reisegepäck > Reisetaschen,Kleidung & Accessoires > Taschen > Koffer & Reisegepäck > Reisetaschen,6488428,keep
6488223,Kleidung & Accessoires > Taschen > Reisetaschen & Weekender,Kleidung & Accessoires > Taschen > Reisetaschen & Weekender,6488223,keep
6488374,Kleidung & Accessoires > Trachten,Kleidung & Accessoires > Trachten,6488374,keep
6488376,Kleidung & Accessoires > Trachten > Dirndl-BHs,Kleidung & Accessoires > Trachten > Dirndl-BHs,6488376,keep
6488415,Kleidung & Accessoires > Umstandsmoden,Kleidung & Accessoires > Umstandsmoden,6488415,keep
6488417,Kleidung & Accessoires > Umstandsmoden > Umstandsnachtwäsche,Kleidung & Accessoires > Umstandsmoden > Umstandsnachtwäsche,6488417,keep
6488448,Kleidung & Accessoires > Umstandsmoden > Umstandsoberteile,Kleidung & Accessoires > Umstandsmoden > Umstandsoberteile,6488448,keep
6488378,Kleidung & Accessoires > Unterwäsche & Dessous,Kleidung & Accessoires > Unterwäsche & Dessous,6488378,keep
6488458,Kleidung & Accessoires > Unterwäsche & Dessous > BHs,Kleidung & Accessoires > Unterwäsche & Dessous > BHs,6488458,keep
6488459,Kleidung & Accessoires > Unterwäsche & Dessous > BHs > Bustiers,Kleidung & Accessoires > Unterwäsche & Dessous > BHs > Bustiers,6488459,keep
6488380,Kleidung & Accessoires > Unterwäsche & Dessous > Unterhosen,Kleidung & Accessoires > Unterwäsche & Dessous > Unterhosen,6488380,keep
6488443,Kleidung & Accessoires > Unterwäsche & Dessous > Unterhosen > Boxershorts,Kleidung & Accessoires > Unterwäsche & Dessous > Unterhosen > Boxershorts,6488443,keep
6488435,Kleidung & Accessoires > Unterwäsche & Dessous > Unterhosen > Slips,Kleidung & Accessoires > Unterwäsche & Dessous > Unterhosen > Slips,6488435,keep
6488382,Kleidung & Accessoires > Unterwäsche & Dessous > Unterhosen > Strings,Kleidung & Accessoires > Unterwäsche & Dessous > Unterhosen > Strings,6488382,keep
6488396,Kleidung & Accessoires > Verkleidungen,Kleidung & Accessoires > Verkleidungen,6488396,keep
6488407,Kleidung & Accessoires > Verkleidungen > Kostüme,Kleidung & Accessoires > Verkleidungen > Kostüme,6488407,keep
6488398,Kleidung & Accessoires > Verkleidungen > Kostümzubehör,Kleidung & Accessoires > Verkleidungen > Kostümzubehör,6488398,keep
6488400,Kleidung & Accessoires > Verkleidungen > Kostümzubehör > Kostümgürtel,Kleidung & Accessoires > Verkleidungen > Kostümzubehör > Kostümgürtel,6488400,keep
6488430,Kleidung & Accessoires > Verkleidungen > Kostümzubehör > Kostümstrumpfhosen,Kleidung & Accessoires > Verkleidungen > Kostümzubehör > Kostümstrumpfhosen,6488430,keep
6488171,Kleidung & Accessoires > Westen,Kleidung & Accessoires > Westen,6488171,keep
6406709,Koffer & Gepäck,Koffer & Gepäck,6406709,keep
6406710,Koffer & Gepäck > Koffer,Koffer & Gepäck > Koffer,6406710,keep
6406711,Koffer & Reisegepäck,Koffer & Reisegepäck,6406711,keep
6406712,Koffer & Reisegepäck > Koffer,Koffer & Reisegepäck > Koffer,6406712,keep
6406713,Koffer & Reisegepäck > Koffer & Trolleys,Koffer & Reisegepäck > Koffer & Trolleys,6406713,keep
6467126,Körperpflege & Gesundheit,Körperpflege & Gesundheit,6467126,keep
6467407,Körperpflege & Gesundheit > Gehhilfen,Körperpflege & Gesundheit > Gehhilfen,6467407,keep
6467408,Körperpflege & Gesundheit > Gehhilfen > Rollatoren,Körperpflege & Gesundheit > Gehhilfen > Rollatoren,6467408,keep
6467424,Körperpflege & Gesundheit > Gehhilfen > Rollstuhl-Zubehör,Körperpflege & Gesundheit > Gehhilfen > Rollstuhl-Zubehör,6467424,keep
6467268,Körperpflege & Gesundheit > Hautpflege,Körperpflege & Gesundheit > Hautpflege,6467268,keep
6467441,Körperpflege & Gesundheit > Hygiene,Körperpflege & Gesundheit > Hygiene,6467441,keep
6467442,Körperpflege & Gesundheit > Hygiene > Damenhygiene,Körperpflege & Gesundheit > Hygiene > Damenhygiene,6467442,keep
6467443,Körperpflege & Gesundheit > Hygiene > Damenhygiene > Periodenunterwäsche,Körperpflege & Gesundheit > Hygiene > Damenhygiene > Periodenunterwäsche,6467443,keep
6467127,Körperpflege & Gesundheit > Nagelpflege,Körperpflege & Gesundheit > Nagelpflege,6467127,keep
6467128,Körperpflege & Gesundheit > Nagelpflege > Nageltattoos,Körperpflege & Gesundheit > Nagelpflege > Nageltattoos,6467128,keep
6467154,Körperpflege & Gesundheit > Rasierer & Rasierzubehör,Körperpflege & Gesundheit > Rasierer & Rasierzubehör,6467154,keep
6467155,Körperpflege & Gesundheit > Rasierer & Rasierzubehör > Rasierer,Körperpflege & Gesundheit > Rasierer & Rasierzubehör > Rasierer,6467155,keep
6467156,Körperpflege & Gesundheit > Rasierer & Rasierzubehör > Rasierer > Rasiermesser,Körperpflege & Gesundheit > Rasierer & Rasierzubehör > Rasierer > Rasiermesser,6467156,keep
6406714,Kostüme & Verkleidungen,Kostüme & Verkleidungen,6406714,keep
6406715,Kostüme & Verkleidungen > Damen-Kostüme,Kostüme & Verkleidungen > Damen-Kostüme,6406715,keep
6406958,Kostüme & Verkleidungen > Herrenkostüme,Kostüme & Verkleidungen > Herrenkostüme,6406958,keep
6406959,Kostüme & Verkleidungen > Herrenkostüme > Hemden & Oberteile,Kostüme & Verkleidungen > Herrenkostüme > Hemden & Oberteile,6406959,keep
6406960,Kostüme & Verkleidungen > Historische & Fantasy-Kostüme,Kostüme & Verkleidungen > Historische & Fantasy-Kostüme,6406960,keep
6406961,Kostüme & Verkleidungen > Historische & Fantasy-Kostüme > Piraten & Seefahrer,Kostüme & Verkleidungen > Historische & Fantasy-Kostüme > Piraten & Seefahrer,6406961,keep
6406716,Kostüme & Verkleidungen > Kinder-Kostüme,Kostüme & Verkleidungen > Kinder-Kostüme,6406716,keep
6406717,Kostüme & Verkleidungen > Kinderkostüme,Kostüme & Verkleidungen > Kinderkostüme,6406717,keep
6406718,Kostüme & Verkleidungen > Kostümzubehör,Kostüme & Verkleidungen > Kostümzubehör,6406718,keep
6406719,Küche & Haushalt,Küche & Haushalt,6406719,keep
6406962,Küche & Haushalt > Aufbewahrung & Organisation,Küche & Haushalt > Aufbewahrung & Organisation,6406962,keep
6406963,Küche & Haushalt > Aufbewahrung & Organisation > Schubladenteiler,Küche & Haushalt > Aufbewahrung & Organisation > Schubladenteiler,6406963,keep
6406966,Küche & Haushalt > Geschirr,Küche & Haushalt > Geschirr,6406966,keep
6406964,Küche & Haushalt > Geschirr & Besteck,Küche & Haushalt > Geschirr & Besteck,6406964,keep
6406965,Küche & Haushalt > Geschirr & Besteck > Gläser,Küche & Haushalt > Geschirr & Besteck > Gläser,6406965,keep
6406967,Küche & Haushalt > Geschirr > Glas-Sets,Küche & Haushalt > Geschirr > Glas-Sets,6406967,keep
6406968,Küche & Haushalt > Gläser,Küche & Haushalt > Gläser,6406968,keep
6406969,Küche & Haushalt > Gläser > Kaffeegläser,Küche & Haushalt > Gläser > Kaffeegläser,6406969,keep
6407330,Küche & Haushalt > Kleingeräte Küche,Küche & Haushalt > Kleingeräte Küche,6407330,keep
6407331,Küche & Haushalt > Kleingeräte Küche > Wassersprudler & Zubehör,Küche & Haushalt > Kleingeräte Küche > Wassersprudler & Zubehör,6407331,keep
6407332,Küche & Haushalt > Kleingeräte Küche > Wassersprudler & Zubehör > CO2-Zylinder,Küche & Haushalt > Kleingeräte Küche > Wassersprudler & Zubehör > CO2-Zylinder,6407332,keep
6407333,Küche & Haushalt > Kochen & Genießen,Küche & Haushalt > Kochen & Genießen,6407333,keep
6407334,Küche & Haushalt > Kochen & Genießen > Wasser-Aufbereitung,Küche & Haushalt > Kochen & Genießen > Wasser-Aufbereitung,6407334,keep
6407335,Küche & Haushalt > Kochen & Genießen > Wasser-Aufbereitung > Wassersprudler Zubehör,Küche & Haushalt > Kochen & Genießen > Wasser-Aufbereitung > Wassersprudler Zubehör,6407335,keep
6406720,Küche & Haushalt > Kochgeschirr,Küche & Haushalt > Kochgeschirr,6406720,keep
6406970,Küche & Haushalt > Küchengeräte,Küche & Haushalt > Küchengeräte,6406970,keep
6406971,Küche & Haushalt > Küchengeräte > Heißluftfritteusen,Küche & Haushalt > Küchengeräte > Heißluftfritteusen,6406971,keep
6406721,Küche & Haushalt > Mülleimer & Abfallsammler,Küche & Haushalt > Mülleimer & Abfallsammler,6406721,keep
6467129,Küchenartikel & Haushaltsartikel,Küchenartikel & Haushaltsartikel,6467129,keep
6467332,Küchenartikel & Haushaltsartikel > Haushaltsgeräte,Küchenartikel & Haushaltsartikel > Haushaltsgeräte,6467332,keep
6467333,Küchenartikel & Haushaltsartikel > Haushaltsgeräte > Haushaltskleingeräte,Küchenartikel & Haushaltsartikel > Haushaltsgeräte > Haushaltskleingeräte,6467333,keep
6467334,Küchenartikel & Haushaltsartikel > Haushaltsgeräte > Haushaltskleingeräte > Reinigungsgeräte,Küchenartikel & Haushaltsartikel > Haushaltsgeräte > Haushaltskleingeräte > Reinigungsgeräte,6467334,keep
6467335,Küchenartikel & Haushaltsartikel > Haushaltsgeräte > Haushaltskleingeräte > Reinigungsgeräte > Staubsauger & Zubehör,Küchenartikel & Haushaltsartikel > Haushaltsgeräte > Haushaltskleingeräte > Reinigungsgeräte > Staubsauger & Zubehör,6467335,keep
6467460,Küchenartikel & Haushaltsartikel > Haushaltsgeräte > Haushaltskleingeräte > Reinigungsgeräte > Staubsauger & Zubehör > Staubsaugerzubehör,Küchenartikel & Haushaltsartikel > Haushaltsgeräte > Haushaltskleingeräte > Reinigungsgeräte > Staubsauger & Zubehör > Staubsaugerzubehör,6467460,keep
6467393,Küchenartikel & Haushaltsartikel > Haushaltsgeräte > Haushaltskleingeräte > Thermometer,Küchenartikel & Haushaltsartikel > Haushaltsgeräte > Haushaltskleingeräte > Thermometer,6467393,keep
6467394,Küchenartikel & Haushaltsartikel > Haushaltsgeräte > Haushaltskleingeräte > Thermometer > Badethermometer,Küchenartikel & Haushaltsartikel > Haushaltsgeräte > Haushaltskleingeräte > Thermometer > Badethermometer,6467394,keep
6467203,Küchenartikel & Haushaltsartikel > Haushaltswaren,Küchenartikel & Haushaltsartikel > Haushaltswaren,6467203,keep
6467306,Küchenartikel & Haushaltsartikel > Haushaltswaren > Eimer,Küchenartikel & Haushaltsartikel > Haushaltswaren > Eimer,6467306,keep
6467307,Küchenartikel & Haushaltsartikel > Haushaltswaren > Eimer > Badezimmermülleimer,Küchenartikel & Haushaltsartikel > Haushaltswaren > Eimer > Badezimmermülleimer,6467307,keep
6467204,Küchenartikel & Haushaltsartikel > Haushaltswaren > Okulare & Optik,Küchenartikel & Haushaltsartikel > Haushaltswaren > Okulare & Optik,6467204,keep
6467205,Küchenartikel & Haushaltsartikel > Haushaltswaren > Okulare & Optik > Ferngläser & Zubehör,Küchenartikel & Haushaltsartikel > Haushaltswaren > Okulare & Optik > Ferngläser & Zubehör,6467205,keep
6467163,Küchenartikel & Haushaltsartikel > Küchengeräte,Küchenartikel & Haushaltsartikel > Küchengeräte,6467163,keep
6467164,Küchenartikel & Haushaltsartikel > Küchengeräte > Küchengroßgeräte,Küchenartikel & Haushaltsartikel > Küchengeräte > Küchengroßgeräte,6467164,keep
6467165,Küchenartikel & Haushaltsartikel > Küchengeräte > Küchengroßgeräte > Geschirrspüler & Zubehör,Küchenartikel & Haushaltsartikel > Küchengeräte > Küchengroßgeräte > Geschirrspüler & Zubehör,6467165,keep
6467166,Küchenartikel & Haushaltsartikel > Küchengeräte > Küchengroßgeräte > Geschirrspüler & Zubehör > Spülmaschinenzubehör,Küchenartikel & Haushaltsartikel > Küchengeräte > Küchengroßgeräte > Geschirrspüler & Zubehör > Spülmaschinenzubehör,6467166,keep
6467167,Küchenartikel & Haushaltsartikel > Küchengeräte > Küchengroßgeräte > Geschirrspüler & Zubehör > Spülmaschinenzubehör > Besteckkörbe,Küchenartikel & Haushaltsartikel > Küchengeräte > Küchengroßgeräte > Geschirrspüler & Zubehör > Spülmaschinenzubehör > Besteckkörbe,6467167,keep
6467266,Küchenartikel & Haushaltsartikel > Küchengeräte > Küchenkleingeräte,Küchenartikel & Haushaltsartikel > Küchengeräte > Küchenkleingeräte,6467266,keep
6467337,Küchenartikel & Haushaltsartikel > Küchengeräte > Küchenkleingeräte > Chafing Dishes,Küchenartikel & Haushaltsartikel > Küchengeräte > Küchenkleingeräte > Chafing Dishes,6467337,keep
6467267,Küchenartikel & Haushaltsartikel > Küchengeräte > Küchenkleingeräte > Gastronomiebedarf,Küchenartikel & Haushaltsartikel > Küchengeräte > Küchenkleingeräte > Gastronomiebedarf,6467267,keep
6467130,Küchenartikel & Haushaltsartikel > Küchenzubehör,Küchenartikel & Haushaltsartikel > Küchenzubehör,6467130,keep
6467131,Küchenartikel & Haushaltsartikel > Küchenzubehör > Barbedarf,Küchenartikel & Haushaltsartikel > Küchenzubehör > Barbedarf,6467131,keep
6467132,Küchenartikel & Haushaltsartikel > Küchenzubehör > Barbedarf > Schank- & Zapfanlagen,Küchenartikel & Haushaltsartikel > Küchenzubehör > Barbedarf > Schank- & Zapfanlagen,6467132,keep
6467133,Küchenartikel & Haushaltsartikel > Küchenzubehör > Barbedarf > Schank- & Zapfanlagen > Wassersprudler,Küchenartikel & Haushaltsartikel > Küchenzubehör > Barbedarf > Schank- & Zapfanlagen > Wassersprudler,6467133,keep
6467499,Küchenartikel & Haushaltsartikel > Küchenzubehör > Geschirre,Küchenartikel & Haushaltsartikel > Küchenzubehör > Geschirre,6467499,keep
6467500,Küchenartikel & Haushaltsartikel > Küchenzubehör > Geschirre > Schüsseln & Schalen,Küchenartikel & Haushaltsartikel > Küchenzubehör > Geschirre > Schüsseln & Schalen,6467500,keep
6467233,Küchenartikel & Haushaltsartikel > Küchenzubehör > Kochgeschirr,Küchenartikel & Haushaltsartikel > Küchenzubehör > Kochgeschirr,6467233,keep
6467234,Küchenartikel & Haushaltsartikel > Küchenzubehör > Kochgeschirr > Pfannen,Küchenartikel & Haushaltsartikel > Küchenzubehör > Kochgeschirr > Pfannen,6467234,keep
6467452,Küchenartikel & Haushaltsartikel > Küchenzubehör > Kochgeschirr > Pfannen > Grillpfannen,Küchenartikel & Haushaltsartikel > Küchenzubehör > Kochgeschirr > Pfannen > Grillpfannen,6467452,keep
6467235,Küchenartikel & Haushaltsartikel > Küchenzubehör > Kochgeschirr > Pfannen > Pfannensets,Küchenartikel & Haushaltsartikel > Küchenzubehör > Kochgeschirr > Pfannen > Pfannensets,6467235,keep
6467467,Küchenartikel & Haushaltsartikel > Küchenzubehör > Küchenaufbewahrung,Küchenartikel & Haushaltsartikel > Küchenzubehör > Küchenaufbewahrung,6467467,keep
6407172,Künstler- & Zeichenbedarf,Künstler- & Zeichenbedarf,6407172,keep
6407173,Künstler- & Zeichenbedarf > Malen,Künstler- & Zeichenbedarf > Malen,6407173,keep
6407174,Künstler- & Zeichenbedarf > Malen > Aquarell,Künstler- & Zeichenbedarf > Malen > Aquarell,6407174,keep
6407175,Künstler- & Zeichenbedarf > Zeichnen,Künstler- & Zeichenbedarf > Zeichnen,6407175,keep
6407176,Künstler- & Zeichenbedarf > Zeichnen > Farbstifte & Zeichenkohle,Künstler- & Zeichenbedarf > Zeichnen > Farbstifte & Zeichenkohle,6407176,keep
6407177,Künstler- & Zeichenbedarf > Zeichnen > Pastell,Künstler- & Zeichenbedarf > Zeichnen > Pastell,6407177,keep
6406997,Möbel,Möbel,6406997,keep
6406722,Möbel & Wohnen,Möbel & Wohnen,6406722,keep
6407336,Möbel & Wohnen > Badezimmer,Möbel & Wohnen > Badezimmer,6407336,keep
6407337,Möbel & Wohnen > Badezimmer > Badezimmerzubehör,Möbel & Wohnen > Badezimmer > Badezimmerzubehör,6407337,keep
6407338,"Möbel & Wohnen > Badezimmer > Badezimmerzubehör > Badvorleger, Teppiche & Toilettensitzabdeckungen","Möbel & Wohnen > Badezimmer > Badezimmerzubehör > Badvorleger, Teppiche & Toilettensitzabdeckungen",6407338,keep
6407339,Möbel & Wohnen > Badezimmer > Badezimmerzubehör > Handtuchhalter,Möbel & Wohnen > Badezimmer > Badezimmerzubehör > Handtuchhalter,6407339,keep
6407340,Möbel & Wohnen > Badezimmer > Dusch- & Badewannenzubehör,Möbel & Wohnen > Badezimmer > Dusch- & Badewannenzubehör,6407340,keep
6407341,Möbel & Wohnen > Badezimmer > Dusch- & Badewannenzubehör > Anti-Rutsch-Lösungen,Möbel & Wohnen > Badezimmer > Dusch- & Badewannenzubehör > Anti-Rutsch-Lösungen,6407341,keep
6406723,Möbel & Wohnen > Beleuchtung,Möbel & Wohnen > Beleuchtung,6406723,keep
6406972,Möbel & Wohnen > Betten & Matratzen,Möbel & Wohnen > Betten & Matratzen,6406972,keep
6406973,Möbel & Wohnen > Betten & Matratzen > Matratzen,Möbel & Wohnen > Betten & Matratzen > Matratzen,6406973,keep
6406724,"Möbel & Wohnen > Bettwaren, -wäsche & Matratzen","Möbel & Wohnen > Bettwaren, -wäsche & Matratzen",6406724,keep
6406974,"Möbel & Wohnen > Bettwaren, -wäsche & Matratzen > Bettlaken","Möbel & Wohnen > Bettwaren, -wäsche & Matratzen > Bettlaken",6406974,keep
6406975,"Möbel & Wohnen > Bettwaren, -wäsche & Matratzen > Bettwäsche","Möbel & Wohnen > Bettwaren, -wäsche & Matratzen > Bettwäsche",6406975,keep
6406976,"Möbel & Wohnen > Bettwaren, -wäsche & Matratzen > Kopfkissen & Körperkissen","Möbel & Wohnen > Bettwaren, -wäsche & Matratzen > Kopfkissen & Körperkissen",6406976,keep
6406977,Möbel & Wohnen > Dekoration,Möbel & Wohnen > Dekoration,6406977,keep
6406978,Möbel & Wohnen > Dekoration > Deko-Accessoires,Möbel & Wohnen > Dekoration > Deko-Accessoires,6406978,keep
6406979,"Möbel & Wohnen > Dekoration > Figuren, Skulpturen & Statuen","Möbel & Wohnen > Dekoration > Figuren, Skulpturen & Statuen",6406979,keep
6406980,Möbel & Wohnen > Feste & Besondere Anlässe,Möbel & Wohnen > Feste & Besondere Anlässe,6406980,keep
6406981,Möbel & Wohnen > Feste & Besondere Anlässe > Party- & Eventdekoration,Möbel & Wohnen > Feste & Besondere Anlässe > Party- & Eventdekoration,6406981,keep
6407342,Möbel & Wohnen > Haushalt,Möbel & Wohnen > Haushalt,6407342,keep
6407343,Möbel & Wohnen > Haushalt > Putzgeräte,Möbel & Wohnen > Haushalt > Putzgeräte,6407343,keep
6407344,Möbel & Wohnen > Haushalt > Putzgeräte > Reinigungshandschuhe,Möbel & Wohnen > Haushalt > Putzgeräte > Reinigungshandschuhe,6407344,keep
6407345,Möbel & Wohnen > Haushalt > Wäsche,Möbel & Wohnen > Haushalt > Wäsche,6407345,keep
6407346,Möbel & Wohnen > Haushalt > Wäsche > Wäscheständer,Möbel & Wohnen > Haushalt > Wäsche > Wäscheständer,6407346,keep
6406982,Möbel & Wohnen > Hochzeitsdekoration,Möbel & Wohnen > Hochzeitsdekoration,6406982,keep
6406983,Möbel & Wohnen > Hochzeitsdekoration > Gastgeschenke,Möbel & Wohnen > Hochzeitsdekoration > Gastgeschenke,6406983,keep
6406725,Möbel & Wohnen > Kindermöbel & Wohnen,Möbel & Wohnen > Kindermöbel & Wohnen,6406725,keep
6406984,Möbel & Wohnen > Kindermöbel & Wohnen > Badzubehör & -textilien,Möbel & Wohnen > Kindermöbel & Wohnen > Badzubehör & -textilien,6406984,keep
6407347,Möbel & Wohnen > Kindermöbel & Wohnen > Bettwaren & -wäsche,Möbel & Wohnen > Kindermöbel & Wohnen > Bettwaren & -wäsche,6407347,keep
6407348,Möbel & Wohnen > Kindermöbel & Wohnen > Bettwaren & -wäsche > Bettdecken,Möbel & Wohnen > Kindermöbel & Wohnen > Bettwaren & -wäsche > Bettdecken,6407348,keep
6407349,Möbel & Wohnen > Kindermöbel & Wohnen > Kochen & Essen,Möbel & Wohnen > Kindermöbel & Wohnen > Kochen & Essen,6407349,keep
6407350,Möbel & Wohnen > Kindermöbel & Wohnen > Kochen & Essen > Schüsseln & Teller,Möbel & Wohnen > Kindermöbel & Wohnen > Kochen & Essen > Schüsseln & Teller,6407350,keep
6406726,Möbel & Wohnen > Kochen & Genießen,Möbel & Wohnen > Kochen & Genießen,6406726,keep
6406985,Möbel & Wohnen > Kochen & Genießen > Backbleche & -formen,Möbel & Wohnen > Kochen & Genießen > Backbleche & -formen,6406985,keep
6407351,Möbel & Wohnen > Kochen & Genießen > Bar & Wein-Accessoires,Möbel & Wohnen > Kochen & Genießen > Bar & Wein-Accessoires,6407351,keep
6407352,Möbel & Wohnen > Kochen & Genießen > Bar & Wein-Accessoires > Dekanter,Möbel & Wohnen > Kochen & Genießen > Bar & Wein-Accessoires > Dekanter,6407352,keep
6407353,Möbel & Wohnen > Kochen & Genießen > Gedeckter Tisch,Möbel & Wohnen > Kochen & Genießen > Gedeckter Tisch,6407353,keep
6407354,Möbel & Wohnen > Kochen & Genießen > Gedeckter Tisch > Servierplatten & -schalen,Möbel & Wohnen > Kochen & Genießen > Gedeckter Tisch > Servierplatten & -schalen,6407354,keep
6407355,Möbel & Wohnen > Kochen & Genießen > Gedeckter Tisch > Tischsets,Möbel & Wohnen > Kochen & Genießen > Gedeckter Tisch > Tischsets,6407355,keep
6406986,Möbel & Wohnen > Kochen & Genießen > Gläser & Glaswaren,Möbel & Wohnen > Kochen & Genießen > Gläser & Glaswaren,6406986,keep
6406987,Möbel & Wohnen > Kochen & Genießen > Küchenhelfer,Möbel & Wohnen > Kochen & Genießen > Küchenhelfer,6406987,keep
6407356,Möbel & Wohnen > Kochen & Genießen > Küchenhelfer > Gewürzmühlen & -streuer,Möbel & Wohnen > Kochen & Genießen > Küchenhelfer > Gewürzmühlen & -streuer,6407356,keep
6406988,Möbel & Wohnen > Kochen & Genießen > Küchenmesser,Möbel & Wohnen > Kochen & Genießen > Küchenmesser,6406988,keep
6407357,Möbel & Wohnen > Kochen & Genießen > Ordnung & Aufbewahrung,Möbel & Wohnen > Kochen & Genießen > Ordnung & Aufbewahrung,6407357,keep
6407358,Möbel & Wohnen > Kochen & Genießen > Ordnung & Aufbewahrung > Brotdosen,Möbel & Wohnen > Kochen & Genießen > Ordnung & Aufbewahrung > Brotdosen,6407358,keep
6406989,Möbel & Wohnen > Kochen & Genießen > Töpfe & Pfannen,Möbel & Wohnen > Kochen & Genießen > Töpfe & Pfannen,6406989,keep
6407359,Möbel & Wohnen > Kochen & Genießen > Töpfe & Pfannen > Gartöpfe & Bräter,Möbel & Wohnen > Kochen & Genießen > Töpfe & Pfannen > Gartöpfe & Bräter,6407359,keep
6407360,Möbel & Wohnen > Kochen & Genießen > Töpfe & Pfannen > Sets,Möbel & Wohnen > Kochen & Genießen > Töpfe & Pfannen > Sets,6407360,keep
6407361,Möbel & Wohnen > Kochen & Genießen > Töpfe & Pfannen > Woks,Möbel & Wohnen > Kochen & Genießen > Töpfe & Pfannen > Woks,6407361,keep
6407362,Möbel & Wohnen > Kochen & Genießen > Wasseraufbereitung & Trinkwassersprudler,Möbel & Wohnen > Kochen & Genießen > Wasseraufbereitung & Trinkwassersprudler,6407362,keep
6407363,Möbel & Wohnen > Kochen & Genießen > Wasseraufbereitung & Trinkwassersprudler > Trinkwassersprudler,Möbel & Wohnen > Kochen & Genießen > Wasseraufbereitung & Trinkwassersprudler > Trinkwassersprudler,6407363,keep
6407364,Möbel & Wohnen > Kochen & Genießen > Wasseraufbereitung & Trinkwassersprudler > Wasserfilter-Kartuschen,Möbel & Wohnen > Kochen & Genießen > Wasseraufbereitung & Trinkwassersprudler > Wasserfilter-Kartuschen,6407364,keep
6406990,Möbel & Wohnen > Möbel,Möbel & Wohnen > Möbel,6406990,keep
6407365,Möbel & Wohnen > Möbel > Betten,Möbel & Wohnen > Möbel > Betten,6407365,keep
6407366,Möbel & Wohnen > Möbel > Betten > Lattenroste,Möbel & Wohnen > Möbel > Betten > Lattenroste,6407366,keep
6406991,Möbel & Wohnen > Möbel > Regale & Aufbewahrung,Möbel & Wohnen > Möbel > Regale & Aufbewahrung,6406991,keep
6407367,Möbel & Wohnen > Möbel > Stühle,Möbel & Wohnen > Möbel > Stühle,6407367,keep
6407368,Möbel & Wohnen > Möbel > Stühle > Stuhlkissen & Auflagen,Möbel & Wohnen > Möbel > Stühle > Stuhlkissen & Auflagen,6407368,keep
6406992,Möbel & Wohnen > Möbel > Tische & Stehtische,Möbel & Wohnen > Möbel > Tische & Stehtische,6406992,keep
6406993,"Möbel & Wohnen > Rollos, Gardinen & Vorhänge","Möbel & Wohnen > Rollos, Gardinen & Vorhänge",6406993,keep
6406994,"Möbel & Wohnen > Rollos, Gardinen & Vorhänge > Fensterfolien","Möbel & Wohnen > Rollos, Gardinen & Vorhänge > Fensterfolien",6406994,keep
6406995,Möbel & Wohnen > Tische,Möbel & Wohnen > Tische,6406995,keep
6406996,Möbel & Wohnen > Tische > Couchtische,Möbel & Wohnen > Tische > Couchtische,6406996,keep
6406998,Möbel > Badmöbel,Möbel > Badmöbel,6406998,keep
6406999,Möbel > Badmöbel > Waschbeckenunterschränke,Möbel > Badmöbel > Waschbeckenunterschränke,6406999,keep
6406727,Modellbau,Modellbau,6406727,keep
6406728,Modellbau > Modellbausätze,Modellbau > Modellbausätze,6406728,keep
6407550,"Modellbau > Modellbausätze > Werkzeuge, Zubehör & Motoren","Modellbau > Modellbausätze > Werkzeuge, Zubehör & Motoren",6407550,keep
6407551,"Modellbau > Modellbausätze > Werkzeuge, Zubehör & Motoren > Werkzeuge","Modellbau > Modellbausätze > Werkzeuge, Zubehör & Motoren > Werkzeuge",6407551,keep
6407552,"Modellbau > Modellbausätze > Werkzeuge, Zubehör & Motoren > Werkzeuge > Elektrowerkzeuge","Modellbau > Modellbausätze > Werkzeuge, Zubehör & Motoren > Werkzeuge > Elektrowerkzeuge",6407552,keep
6407014,Modellbau > Modelleisenbahn,Modellbau > Modelleisenbahn,6407014,keep
6407015,Modellbau > Modelleisenbahn > Sachbücher & Ratgeber,Modellbau > Modelleisenbahn > Sachbücher & Ratgeber,6407015,keep
6407376,Modellbau > RC-Modellbau,Modellbau > RC-Modellbau,6407376,keep
6407377,Modellbau > RC-Modellbau > RC Modellbau Teile & Zubehör,Modellbau > RC-Modellbau > RC Modellbau Teile & Zubehör,6407377,keep
6407378,Modellbau > RC-Modellbau > RC Modellbau Teile & Zubehör > Fernsteuerung & Elektronik,Modellbau > RC-Modellbau > RC Modellbau Teile & Zubehör > Fernsteuerung & Elektronik,6407378,keep
6407379,Münzen,Münzen,6407379,keep
6407380,Münzen > Historische Wertpapiere,Münzen > Historische Wertpapiere,6407380,keep
6407381,Münzen > Historische Wertpapiere > USA & Kanada,Münzen > Historische Wertpapiere > USA & Kanada,6407381,keep
6407382,Münzen > Historische Wertpapiere > USA & Kanada > Elektronik & Computer,Münzen > Historische Wertpapiere > USA & Kanada > Elektronik & Computer,6407382,keep
6407019,Musikinstrumente,Musikinstrumente,6407019,keep
6407383,Musikinstrumente > Drums & Percussion,Musikinstrumente > Drums & Percussion,6407383,keep
6407384,Musikinstrumente > Drums & Percussion > Ersatzteile,Musikinstrumente > Drums & Percussion > Ersatzteile,6407384,keep
6407385,"Musikinstrumente > Drums & Percussion > Ersatzteile > Sticks, Besen & Schlägel","Musikinstrumente > Drums & Percussion > Ersatzteile > Sticks, Besen & Schlägel",6407385,keep
6407386,Musikinstrumente > Drums & Percussion > Folklore & Welt,Musikinstrumente > Drums & Percussion > Folklore & Welt,6407386,keep
6407387,Musikinstrumente > Drums & Percussion > Folklore & Welt > Handpans,Musikinstrumente > Drums & Percussion > Folklore & Welt > Handpans,6407387,keep
6407020,Musikinstrumente > Gitarren & Bässe,Musikinstrumente > Gitarren & Bässe,6407020,keep
6407021,Musikinstrumente > Gitarren & Bässe > E-Gitarren,Musikinstrumente > Gitarren & Bässe > E-Gitarren,6407021,keep
6407388,Musikinstrumente > Gitarren & Bässe > Effekte & Pedale,Musikinstrumente > Gitarren & Bässe > Effekte & Pedale,6407388,keep
6407389,Musikinstrumente > Gitarren & Bässe > Effekte & Pedale > Kompressoren & Sustainer,Musikinstrumente > Gitarren & Bässe > Effekte & Pedale > Kompressoren & Sustainer,6407389,keep
6407390,Musikinstrumente > Gitarren & Bässe > Zubehör,Musikinstrumente > Gitarren & Bässe > Zubehör,6407390,keep
6407391,Musikinstrumente > Gitarren & Bässe > Zubehör > Kabel,Musikinstrumente > Gitarren & Bässe > Zubehör > Kabel,6407391,keep
6407392,Musikinstrumente > Gitarren & Bässe > Zubehör > Saiten,Musikinstrumente > Gitarren & Bässe > Zubehör > Saiten,6407392,keep
6407553,Musikinstrumente > Gitarren & Bässe > Zubehör > Teile,Musikinstrumente > Gitarren & Bässe > Zubehör > Teile,6407553,keep
6407554,Musikinstrumente > Gitarren & Bässe > Zubehör > Teile > Pickups,Musikinstrumente > Gitarren & Bässe > Zubehör > Teile > Pickups,6407554,keep
6407022,Musikinstrumente > Pro-Audio Equipment,Musikinstrumente > Pro-Audio Equipment,6407022,keep
6407023,Musikinstrumente > Pro-Audio Equipment > Vintage Pro-Audio Equipment,Musikinstrumente > Pro-Audio Equipment > Vintage Pro-Audio Equipment,6407023,keep
6407024,Reisegepäck,Reisegepäck,6407024,keep
6407025,Reisegepäck > Koffer & Trolleys,Reisegepäck > Koffer & Trolleys,6407025,keep
6407026,Reisegepäck > Koffer & Trolleys > Koffer,Reisegepäck > Koffer & Trolleys > Koffer,6407026,keep
6407027,Reisen,Reisen,6407027,keep
6407028,Reisen > Reiseaccessoires,Reisen > Reiseaccessoires,6407028,keep
6407029,Reisen > Reiseaccessoires > Regenschirme,Reisen > Reiseaccessoires > Regenschirme,6407029,keep
6407030,Reisen > Reisegepäck,Reisen > Reisegepäck,6407030,keep
6407031,Reisen > Reisegepäck > Koffer,Reisen > Reisegepäck > Koffer,6407031,keep
6407032,Reisen > Reisekoffer & -taschen,Reisen > Reisekoffer & -taschen,6407032,keep
6407033,Reisen > Reisekoffer & -taschen > Reisekoffer & Trolleys,Reisen > Reisekoffer & -taschen > Reisekoffer & Trolleys,6407033,keep
6407034,Sammeln & Seltenes,Sammeln & Seltenes,6407034,keep
6407035,Sammeln & Seltenes > Rollenspiele & Tabletops,Sammeln & Seltenes > Rollenspiele & Tabletops,6407035,keep
6407036,Sammeln & Seltenes > Rollenspiele & Tabletops > Kartenspiele,Sammeln & Seltenes > Rollenspiele & Tabletops > Kartenspiele,6407036,keep
6407037,Sammeln & Seltenes > Sammelkartenspiele/TCGs,Sammeln & Seltenes > Sammelkartenspiele/TCGs,6407037,keep
6407038,Sammeln & Seltenes > Sammelkartenspiele/TCGs > TCG OVP Decks & Starter,Sammeln & Seltenes > Sammelkartenspiele/TCGs > TCG OVP Decks & Starter,6407038,keep
6407393,Sammeln & Seltenes > Sammelkartenspiele/TCGs > TCG Zubehör,Sammeln & Seltenes > Sammelkartenspiele/TCGs > TCG Zubehör,6407393,keep
6407394,"Sammeln & Seltenes > Sammelkartenspiele/TCGs > TCG Zubehör > TCG Deck-Boxen, Blechdosen & Kartentrenner","Sammeln & Seltenes > Sammelkartenspiele/TCGs > TCG Zubehör > TCG Deck-Boxen, Blechdosen & Kartentrenner",6407394,keep
6407395,"Sammeln & Seltenes > Sammelkartenspiele/TCGs > TCG Zubehör > TCG Ordner, Sammelmappen & -hüllen","Sammeln & Seltenes > Sammelkartenspiele/TCGs > TCG Zubehör > TCG Ordner, Sammelmappen & -hüllen",6407395,keep
6407039,Schuhe,Schuhe,6407039,keep
6407040,Schuhe > Damen,Schuhe > Damen,6407040,keep
6407041,Schuhe > Damen > Stiefel & Stiefeletten,Schuhe > Damen > Stiefel & Stiefeletten,6407041,keep
6467217,Sexspielzeuge,Sexspielzeuge,6467217,keep
6467218,Sexspielzeuge > Vibratoren & Zubehör,Sexspielzeuge > Vibratoren & Zubehör,6467218,keep
6406731,Spielzeug,Spielzeug,6406731,keep
6407042,Spielzeug > Action-Figuren & Zubehör,Spielzeug > Action-Figuren & Zubehör,6407042,keep
6407043,Spielzeug > Action-Figuren & Zubehör > Action- & Spielfiguren,Spielzeug > Action-Figuren & Zubehör > Action- & Spielfiguren,6407043,keep
6407044,"Spielzeug > Bären, -kleidung & Zubehör","Spielzeug > Bären, -kleidung & Zubehör",6407044,keep
6407045,"Spielzeug > Bären, -kleidung & Zubehör > Bärenkleidung & Accessoires","Spielzeug > Bären, -kleidung & Zubehör > Bärenkleidung & Accessoires",6407045,keep
6406732,Spielzeug > Basteln & Kreativität,Spielzeug > Basteln & Kreativität,6406732,keep
6407046,Spielzeug > Basteln & Kreativität > Malen & Zeichnen,Spielzeug > Basteln & Kreativität > Malen & Zeichnen,6407046,keep
6407396,Spielzeug > Baukästen & Konstruktionsspielzeug,Spielzeug > Baukästen & Konstruktionsspielzeug,6407396,keep
6407397,Spielzeug > Baukästen & Konstruktionsspielzeug > LEGO,Spielzeug > Baukästen & Konstruktionsspielzeug > LEGO,6407397,keep
6407399,Spielzeug > Baukästen & Konstruktionsspielzeug > LEGO > LEGO Creator,Spielzeug > Baukästen & Konstruktionsspielzeug > LEGO > LEGO Creator,6407399,keep
6407400,Spielzeug > Bausets & Konstruktion,Spielzeug > Bausets & Konstruktion,6407400,keep
6407402,Spielzeug > Bausets & Konstruktion > LEGO (R) Konstruktionsspielzeuge,Spielzeug > Bausets & Konstruktion > LEGO (R) Konstruktionsspielzeuge,6407402,keep
6407403,Spielzeug > Bausets & Konstruktion > LEGO (R) Konstruktionsspielzeuge > LEGO (R) Komplette Sets & Packs,Spielzeug > Bausets & Konstruktion > LEGO (R) Konstruktionsspielzeuge > LEGO (R) Komplette Sets & Packs,6407403,keep
6407047,Spielzeug > Elektrisches Spielzeug,Spielzeug > Elektrisches Spielzeug,6407047,keep
6407048,Spielzeug > Elektrisches Spielzeug > Roboter,Spielzeug > Elektrisches Spielzeug > Roboter,6407048,keep
6407049,Spielzeug > Holzspielzeug,Spielzeug > Holzspielzeug,6407049,keep
6407050,Spielzeug > Holzspielzeug > Musikinstrumente,Spielzeug > Holzspielzeug > Musikinstrumente,6407050,keep
6407051,Spielzeug > Holzspielzeug > Ritterburgen,Spielzeug > Holzspielzeug > Ritterburgen,6407051,keep
6406733,Spielzeug > Lernspielzeug,Spielzeug > Lernspielzeug,6406733,keep
6407052,Spielzeug > Musik & Instrumente,Spielzeug > Musik & Instrumente,6407052,keep
6407053,Spielzeug > Musik & Instrumente > Trommeln & Co.,Spielzeug > Musik & Instrumente > Trommeln & Co.,6407053,keep
6407054,Spielzeug > Playmobil,Spielzeug > Playmobil,6407054,keep
6407055,Spielzeug > Playmobil > Freizeit,Spielzeug > Playmobil > Freizeit,6407055,keep
6406734,Spielzeug > Puppen & Zubehör,Spielzeug > Puppen & Zubehör,6406734,keep
6407056,Spielzeug > Spiele,Spielzeug > Spiele,6407056,keep
6407405,Spielzeug > Spiele > Kartenspiele,Spielzeug > Spiele > Kartenspiele,6407405,keep
6407406,Spielzeug > Spiele > Kartenspiele > Moderne Kartenspiele,Spielzeug > Spiele > Kartenspiele > Moderne Kartenspiele,6407406,keep
6407057,Spielzeug > Spiele > Sonstige,Spielzeug > Spiele > Sonstige,6407057,keep
6406735,Sport,Sport,6406735,keep
6407058,Sport & Freizeit,Sport & Freizeit,6407058,keep
6407407,Sport & Freizeit > Camping & Outdoor,Sport & Freizeit > Camping & Outdoor,6407407,keep
6407408,Sport & Freizeit > Camping & Outdoor > Zelte & Zubehör,Sport & Freizeit > Camping & Outdoor > Zelte & Zubehör,6407408,keep
6407409,Sport & Freizeit > Camping & Outdoor > Zelte & Zubehör > Zeltteppiche,Sport & Freizeit > Camping & Outdoor > Zelte & Zubehör > Zeltteppiche,6407409,keep
6407059,Sport & Freizeit > Radsport,Sport & Freizeit > Radsport,6407059,keep
6407060,Sport & Freizeit > Radsport > Fahrradwerkzeuge,Sport & Freizeit > Radsport > Fahrradwerkzeuge,6407060,keep
6407061,Sport & Freizeit > Sportbekleidung,Sport & Freizeit > Sportbekleidung,6407061,keep
6407410,Sport & Freizeit > Sportbekleidung > Herren,Sport & Freizeit > Sportbekleidung > Herren,6407410,keep
6418456,Sport & Freizeit > Sportbekleidung > Herren > T-Shirts & Tops,Sport & Freizeit > Sportbekleidung > Herren > T-Shirts & Tops,6418456,keep
6407412,Sport & Freizeit > Sportbekleidung > Herren > Trainingsjacken,Sport & Freizeit > Sportbekleidung > Herren > Trainingsjacken,6407412,keep
6407062,Sport & Freizeit > Sportbekleidung > Hosen,Sport & Freizeit > Sportbekleidung > Hosen,6407062,keep
6407064,Sport & Freizeit > Wintersport,Sport & Freizeit > Wintersport,6407064,keep
6407065,Sport & Freizeit > Wintersport > Schlitten,Sport & Freizeit > Wintersport > Schlitten,6407065,keep
6407413,Sport & Freizeit > Wintersport > Skibekleidung,Sport & Freizeit > Wintersport > Skibekleidung,6407413,keep
6407414,Sport & Freizeit > Wintersport > Skibekleidung > Skihosen,Sport & Freizeit > Wintersport > Skibekleidung > Skihosen,6407414,keep
6467168,Sport & Outdoor,Sport & Outdoor,6467168,keep
6467222,Sport & Outdoor > Outdoorausrüstung,Sport & Outdoor > Outdoorausrüstung,6467222,keep
6467223,Sport & Outdoor > Outdoorausrüstung > Camping Artikel,Sport & Outdoor > Outdoorausrüstung > Camping Artikel,6467223,keep
6467224,Sport & Outdoor > Outdoorausrüstung > Camping Artikel > Zelte,Sport & Outdoor > Outdoorausrüstung > Camping Artikel > Zelte,6467224,keep
6467356,Sport & Outdoor > Outdoorausrüstung > Camping Artikel > Zelte > Vorzelte,Sport & Outdoor > Outdoorausrüstung > Camping Artikel > Zelte > Vorzelte,6467356,keep
6467225,Sport & Outdoor > Outdoorausrüstung > Camping Artikel > Zelte > Zeltzubehör,Sport & Outdoor > Outdoorausrüstung > Camping Artikel > Zelte > Zeltzubehör,6467225,keep
6467169,Sport & Outdoor > Sportausrüstung,Sport & Outdoor > Sportausrüstung,6467169,keep
6467272,Sport & Outdoor > Sportausrüstung > Ballsport,Sport & Outdoor > Sportausrüstung > Ballsport,6467272,keep
6467273,Sport & Outdoor > Sportausrüstung > Ballsport > Badminton Ausrüstung,Sport & Outdoor > Sportausrüstung > Ballsport > Badminton Ausrüstung,6467273,keep
6467274,Sport & Outdoor > Sportausrüstung > Ballsport > Badminton Ausrüstung > Badmintonnetze,Sport & Outdoor > Sportausrüstung > Ballsport > Badminton Ausrüstung > Badmintonnetze,6467274,keep
6467170,Sport & Outdoor > Sportausrüstung > Fahrräder & Zubehör,Sport & Outdoor > Sportausrüstung > Fahrräder & Zubehör,6467170,keep
6467171,Sport & Outdoor > Sportausrüstung > Fahrräder & Zubehör > Fahrradzubehör,Sport & Outdoor > Sportausrüstung > Fahrräder & Zubehör > Fahrradzubehör,6467171,keep
6467475,Sport & Outdoor > Sportausrüstung > Fahrräder & Zubehör > Fahrradzubehör > Fahrradsicherheitsausstattung,Sport & Outdoor > Sportausrüstung > Fahrräder & Zubehör > Fahrradzubehör > Fahrradsicherheitsausstattung,6467475,keep
6467476,Sport & Outdoor > Sportausrüstung > Fahrräder & Zubehör > Fahrradzubehör > Fahrradsicherheitsausstattung > Fahrradschlösser,Sport & Outdoor > Sportausrüstung > Fahrräder & Zubehör > Fahrradzubehör > Fahrradsicherheitsausstattung > Fahrradschlösser,6467476,keep
6467172,Sport & Outdoor > Sportausrüstung > Fahrräder & Zubehör > Fahrradzubehör > Fahrradwerkzeuge,Sport & Outdoor > Sportausrüstung > Fahrräder & Zubehör > Fahrradzubehör > Fahrradwerkzeuge,6467172,keep
6467398,Sport & Outdoor > Sportausrüstung > Fitnessprodukte,Sport & Outdoor > Sportausrüstung > Fitnessprodukte,6467398,keep
6467399,Sport & Outdoor > Sportausrüstung > Fitnessprodukte > Fitnessgeräte,Sport & Outdoor > Sportausrüstung > Fitnessprodukte > Fitnessgeräte,6467399,keep
6467400,Sport & Outdoor > Sportausrüstung > Fitnessprodukte > Fitnessgeräte > Fitnesskleingeräte,Sport & Outdoor > Sportausrüstung > Fitnessprodukte > Fitnessgeräte > Fitnesskleingeräte,6467400,keep
6467175,Sport & Outdoor > Sportausrüstung > Multisportausrüstung,Sport & Outdoor > Sportausrüstung > Multisportausrüstung,6467175,keep
6467219,Sport & Outdoor > Sportausrüstung > Multisportausrüstung > Schienbeinschoner,Sport & Outdoor > Sportausrüstung > Multisportausrüstung > Schienbeinschoner,6467219,keep
6467176,Sport & Outdoor > Sportausrüstung > Multisportausrüstung > Sportbrillen,Sport & Outdoor > Sportausrüstung > Multisportausrüstung > Sportbrillen,6467176,keep
6467177,Sport & Outdoor > Sportausrüstung > Multisportausrüstung > Sportbrillen > Radsportbrillen,Sport & Outdoor > Sportausrüstung > Multisportausrüstung > Sportbrillen > Radsportbrillen,6467177,keep
6467187,Sport & Outdoor > Sportausrüstung > Sonstige Sportausrüstung,Sport & Outdoor > Sportausrüstung > Sonstige Sportausrüstung,6467187,keep
6467343,Sport & Outdoor > Sportausrüstung > Sonstige Sportausrüstung > Laufsport Ausrüstung,Sport & Outdoor > Sportausrüstung > Sonstige Sportausrüstung > Laufsport Ausrüstung,6467343,keep
6467344,Sport & Outdoor > Sportausrüstung > Sonstige Sportausrüstung > Laufsport Ausrüstung > Sportuhren & -messgeräte,Sport & Outdoor > Sportausrüstung > Sonstige Sportausrüstung > Laufsport Ausrüstung > Sportuhren & -messgeräte,6467344,keep
6467345,Sport & Outdoor > Sportausrüstung > Sonstige Sportausrüstung > Laufsport Ausrüstung > Sportuhren & -messgeräte > Fitnesstracker,Sport & Outdoor > Sportausrüstung > Sonstige Sportausrüstung > Laufsport Ausrüstung > Sportuhren & -messgeräte > Fitnesstracker,6467345,keep
6467188,Sport & Outdoor > Sportausrüstung > Sonstige Sportausrüstung > Motorradausrüstung,Sport & Outdoor > Sportausrüstung > Sonstige Sportausrüstung > Motorradausrüstung,6467188,keep
6467189,Sport & Outdoor > Sportausrüstung > Sonstige Sportausrüstung > Motorradausrüstung > Motorradbekleidung,Sport & Outdoor > Sportausrüstung > Sonstige Sportausrüstung > Motorradausrüstung > Motorradbekleidung,6467189,keep
6467190,Sport & Outdoor > Sportausrüstung > Sonstige Sportausrüstung > Motorradausrüstung > Motorradbekleidung > Motorradhemden,Sport & Outdoor > Sportausrüstung > Sonstige Sportausrüstung > Motorradausrüstung > Motorradbekleidung > Motorradhemden,6467190,keep
6467285,Sport & Outdoor > Sportausrüstung > Sonstige Sportausrüstung > Motorradausrüstung > Motorradbekleidung > Motorradjacken,Sport & Outdoor > Sportausrüstung > Sonstige Sportausrüstung > Motorradausrüstung > Motorradbekleidung > Motorradjacken,6467285,keep
6467297,Sport & Outdoor > Sportausrüstung > Sonstige Sportausrüstung > Wassersport Ausrüstung,Sport & Outdoor > Sportausrüstung > Sonstige Sportausrüstung > Wassersport Ausrüstung,6467297,keep
6467298,Sport & Outdoor > Sportausrüstung > Sonstige Sportausrüstung > Wassersport Ausrüstung > Schwimmflossen,Sport & Outdoor > Sportausrüstung > Sonstige Sportausrüstung > Wassersport Ausrüstung > Schwimmflossen,6467298,keep
6467173,Sport & Outdoor > Sportausrüstung > Sportbekleidung,Sport & Outdoor > Sportausrüstung > Sportbekleidung,6467173,keep
6467174,Sport & Outdoor > Sportausrüstung > Sportbekleidung > Funktionsshirts,Sport & Outdoor > Sportausrüstung > Sportbekleidung > Funktionsshirts,6467174,keep
6467310,Sport & Outdoor > Sportausrüstung > Sportbekleidung > Sport-Shorts,Sport & Outdoor > Sportausrüstung > Sportbekleidung > Sport-Shorts,6467310,keep
6467283,Sport & Outdoor > Sportausrüstung > Sportbekleidung > Sporthosen,Sport & Outdoor > Sportausrüstung > Sportbekleidung > Sporthosen,6467283,keep
6467284,Sport & Outdoor > Sportausrüstung > Sportbekleidung > Sporthosen > Jogginghosen,Sport & Outdoor > Sportausrüstung > Sportbekleidung > Sporthosen > Jogginghosen,6467284,keep
6467339,Sport & Outdoor > Sportausrüstung > Sportbekleidung > Sportoberteile,Sport & Outdoor > Sportausrüstung > Sportbekleidung > Sportoberteile,6467339,keep
6467340,Sport & Outdoor > Sportausrüstung > Sportbekleidung > Sportoberteile > Laufshirts,Sport & Outdoor > Sportausrüstung > Sportbekleidung > Sportoberteile > Laufshirts,6467340,keep
6467389,Sport & Outdoor > Sportausrüstung > Sportbekleidung > Sportröcke,Sport & Outdoor > Sportausrüstung > Sportbekleidung > Sportröcke,6467389,keep
6467482,Sport & Outdoor > Sportausrüstung > Wintersportausrüstung,Sport & Outdoor > Sportausrüstung > Wintersportausrüstung,6467482,keep
6407416,Sport > Angelsport,Sport > Angelsport,6407416,keep
6407417,Sport > Angelsport > Kleines Angelzubehör,Sport > Angelsport > Kleines Angelzubehör,6407417,keep
6407418,Sport > Angelsport > Kleines Angelzubehör > Bleie,Sport > Angelsport > Kleines Angelzubehör > Bleie,6407418,keep
6407419,Sport > Angelsport > Zubehör,Sport > Angelsport > Zubehör,6407419,keep
6407420,Sport > Angelsport > Zubehör > Räucheröfen & -utensilien,Sport > Angelsport > Zubehör > Räucheröfen & -utensilien,6407420,keep
6407066,Sport > Camping & Outdoor,Sport > Camping & Outdoor,6407066,keep
6407421,Sport > Camping & Outdoor > Bekleidung,Sport > Camping & Outdoor > Bekleidung,6407421,keep
6407422,Sport > Camping & Outdoor > Bekleidung > Kinder,Sport > Camping & Outdoor > Bekleidung > Kinder,6407422,keep
6407423,Sport > Camping & Outdoor > Bekleidung > Wanderschuhe,Sport > Camping & Outdoor > Bekleidung > Wanderschuhe,6407423,keep
6407424,Sport > Camping & Outdoor > Camping-Küchenbedarf,Sport > Camping & Outdoor > Camping-Küchenbedarf,6407424,keep
6407426,Sport > Camping & Outdoor > Camping-Küchenbedarf > Campinggeschirr,Sport > Camping & Outdoor > Camping-Küchenbedarf > Campinggeschirr,6407426,keep
6407428,Sport > Camping & Outdoor > Camping-Küchenbedarf > Kochgeschirr,Sport > Camping & Outdoor > Camping-Küchenbedarf > Kochgeschirr,6407428,keep
6407429,Sport > Camping & Outdoor > Markisen & Vorzelte,Sport > Camping & Outdoor > Markisen & Vorzelte,6407429,keep
6407430,Sport > Camping & Outdoor > Markisen & Vorzelte > Markisen-Zubehör,Sport > Camping & Outdoor > Markisen & Vorzelte > Markisen-Zubehör,6407430,keep
6407431,Sport > Camping & Outdoor > Messer & Werkzeuge,Sport > Camping & Outdoor > Messer & Werkzeuge,6407431,keep
6407432,Sport > Camping & Outdoor > Messer & Werkzeuge > Rettungsmesser,Sport > Camping & Outdoor > Messer & Werkzeuge > Rettungsmesser,6407432,keep
6407433,Sport > Camping & Outdoor > Outdoor Schlafausrüstung,Sport > Camping & Outdoor > Outdoor Schlafausrüstung,6407433,keep
6407434,Sport > Camping & Outdoor > Outdoor Schlafausrüstung > Luftmatratzen & Isomatten,Sport > Camping & Outdoor > Outdoor Schlafausrüstung > Luftmatratzen & Isomatten,6407434,keep
6407436,Sport > Camping & Outdoor > Rucksäcke,Sport > Camping & Outdoor > Rucksäcke,6407436,keep
6407438,Sport > Camping & Outdoor > Rucksäcke > Tagesrucksäcke,Sport > Camping & Outdoor > Rucksäcke > Tagesrucksäcke,6407438,keep
6407439,Sport > Camping & Outdoor > Rucksäcke > Trekkingrucksäcke,Sport > Camping & Outdoor > Rucksäcke > Trekkingrucksäcke,6407439,keep
6407067,Sport > Camping & Outdoor > Sonstiges Camping & Outdoor,Sport > Camping & Outdoor > Sonstiges Camping & Outdoor,6407067,keep
6418477,Sport > Camping & Outdoor > Werkzeuge,Sport > Camping & Outdoor > Werkzeuge,6418477,keep
6407440,Sport > Camping & Outdoor > Zelte & Strandmuscheln,Sport > Camping & Outdoor > Zelte & Strandmuscheln,6407440,keep
6407441,Sport > Camping & Outdoor > Zelte & Strandmuscheln > Strandmuscheln,Sport > Camping & Outdoor > Zelte & Strandmuscheln > Strandmuscheln,6407441,keep
6407068,Sport > Fitness & Jogging,Sport > Fitness & Jogging,6407068,keep
6407555,Sport > Fitness & Jogging > Bekleidung,Sport > Fitness & Jogging > Bekleidung,6407555,keep
6407556,Sport > Fitness & Jogging > Bekleidung > Damen,Sport > Fitness & Jogging > Bekleidung > Damen,6407556,keep
6407557,Sport > Fitness & Jogging > Bekleidung > Damen > Sweatshirts & Kapuzenpullover,Sport > Fitness & Jogging > Bekleidung > Damen > Sweatshirts & Kapuzenpullover,6407557,keep
6407069,Sport > Fitness & Jogging > Fitness- & Laufschuhe,Sport > Fitness & Jogging > Fitness- & Laufschuhe,6407069,keep
6407442,Sport > Fitness & Jogging > Kleingeräte & Zubehör,Sport > Fitness & Jogging > Kleingeräte & Zubehör,6407442,keep
6407443,Sport > Fitness & Jogging > Kleingeräte & Zubehör > Fitnessbänder,Sport > Fitness & Jogging > Kleingeräte & Zubehör > Fitnessbänder,6407443,keep
6407444,Sport > Fitness & Jogging > Kleingeräte & Zubehör > Trinkflaschen,Sport > Fitness & Jogging > Kleingeräte & Zubehör > Trinkflaschen,6407444,keep
6407445,Sport > Fitness & Jogging > Krafttraining & Gewichte,Sport > Fitness & Jogging > Krafttraining & Gewichte,6407445,keep
6407446,Sport > Fitness & Jogging > Krafttraining & Gewichte > Gewichthebergürtel,Sport > Fitness & Jogging > Krafttraining & Gewichte > Gewichthebergürtel,6407446,keep
6407447,Sport > Fitness & Jogging > Sportelektronik,Sport > Fitness & Jogging > Sportelektronik,6407447,keep
6407448,Sport > Fitness & Jogging > Sportelektronik > Herzfrequenzmesser,Sport > Fitness & Jogging > Sportelektronik > Herzfrequenzmesser,6407448,keep
6407070,Sport > Fitness & Jogging > Yoga & Pilates,Sport > Fitness & Jogging > Yoga & Pilates,6407070,keep
6407449,Sport > Fitness & Jogging > Yoga & Pilates > Yogamatten,Sport > Fitness & Jogging > Yoga & Pilates > Yogamatten,6407449,keep
6407071,Sport > Funsport,Sport > Funsport,6407071,keep
6407558,Sport > Funsport > Airsoft,Sport > Funsport > Airsoft,6407558,keep
6407559,Sport > Funsport > Airsoft > Waffen,Sport > Funsport > Airsoft > Waffen,6407559,keep
6407560,Sport > Funsport > Airsoft > Waffen > Pistolen,Sport > Funsport > Airsoft > Waffen > Pistolen,6407560,keep
6407072,Sport > Funsport > Cityroller & Kickboards,Sport > Funsport > Cityroller & Kickboards,6407072,keep
6407073,Sport > Funsport > Elektro-Scooter,Sport > Funsport > Elektro-Scooter,6407073,keep
6407561,Sport > Funsport > Skateboarding,Sport > Funsport > Skateboarding,6407561,keep
6407562,Sport > Funsport > Skateboarding > Boards,Sport > Funsport > Skateboarding > Boards,6407562,keep
6407563,Sport > Funsport > Skateboarding > Boards > Lager,Sport > Funsport > Skateboarding > Boards > Lager,6407563,keep
6407564,Sport > Golf,Sport > Golf,6407564,keep
6407565,Sport > Golf > Golfbekleidung,Sport > Golf > Golfbekleidung,6407565,keep
6407566,Sport > Golf > Golfbekleidung > Herren-Golfbekleidung,Sport > Golf > Golfbekleidung > Herren-Golfbekleidung,6407566,keep
6407567,Sport > Golf > Golfbekleidung > Herren-Golfbekleidung > Golfschuhe,Sport > Golf > Golfbekleidung > Herren-Golfbekleidung > Golfschuhe,6407567,keep
6407450,Sport > Outdoorsport,Sport > Outdoorsport,6407450,keep
6407451,Sport > Outdoorsport > Outdoorspiele,Sport > Outdoorsport > Outdoorspiele,6407451,keep
6407452,Sport > Outdoorsport > Outdoorspiele > Wurfspiele,Sport > Outdoorsport > Outdoorspiele > Wurfspiele,6407452,keep
6407074,Sport > Radsport,Sport > Radsport,6407074,keep
6407453,Sport > Radsport > Fahrradreparatur & Werkzeug,Sport > Radsport > Fahrradreparatur & Werkzeug,6407453,keep
6407455,Sport > Radsport > Fahrradreparatur & Werkzeug > Werkzeug,Sport > Radsport > Fahrradreparatur & Werkzeug > Werkzeug,6407455,keep
6418457,Sport > Radsport > Fahrradteile,Sport > Radsport > Fahrradteile,6418457,keep
6407075,Sport > Radsport > Fahrradteile & -komponenten,Sport > Radsport > Fahrradteile & -komponenten,6407075,keep
6407456,Sport > Radsport > Fahrradteile & -komponenten > Bremsbeläge,Sport > Radsport > Fahrradteile & -komponenten > Bremsbeläge,6407456,keep
6407457,Sport > Radsport > Fahrradteile & -komponenten > Bremsscheiben,Sport > Radsport > Fahrradteile & -komponenten > Bremsscheiben,6407457,keep
6407458,Sport > Radsport > Fahrradteile & -komponenten > Sättel,Sport > Radsport > Fahrradteile & -komponenten > Sättel,6407458,keep
6418458,Sport > Radsport > Fahrradteile > Naben,Sport > Radsport > Fahrradteile > Naben,6418458,keep
6407076,Sport > Radsport > Fahrradzubehör,Sport > Radsport > Fahrradzubehör,6407076,keep
6407461,Sport > Radsport > Fahrradzubehör > Beleuchtung & Reflektoren,Sport > Radsport > Fahrradzubehör > Beleuchtung & Reflektoren,6407461,keep
6407463,Sport > Radsport > Fahrradzubehör > Fahrradanhänger,Sport > Radsport > Fahrradzubehör > Fahrradanhänger,6407463,keep
6407464,Sport > Radsport > Fahrradzubehör > Fahrradständer & Aufbewahrung,Sport > Radsport > Fahrradzubehör > Fahrradständer & Aufbewahrung,6407464,keep
6407465,Sport > Radsport > Fahrradzubehör > Fahrradtaschen,Sport > Radsport > Fahrradzubehör > Fahrradtaschen,6407465,keep
6407467,Sport > Radsport > Fahrradzubehör > Schlösser & Sicherheit,Sport > Radsport > Fahrradzubehör > Schlösser & Sicherheit,6407467,keep
6407468,Sport > Radsport > Fahrradzubehör > Transportkoffer/-taschen,Sport > Radsport > Fahrradzubehör > Transportkoffer/-taschen,6407468,keep
6407469,Sport > Radsport > Helme & Protektoren,Sport > Radsport > Helme & Protektoren,6407469,keep
6407470,Sport > Radsport > Helme & Protektoren > Helme,Sport > Radsport > Helme & Protektoren > Helme,6407470,keep
6407077,Sport > Reit- & Fahrsport,Sport > Reit- & Fahrsport,6407077,keep
6407078,Sport > Reit- & Fahrsport > Reithelme & Schutzkleidung,Sport > Reit- & Fahrsport > Reithelme & Schutzkleidung,6407078,keep
6407079,Sport > Sporttaschen & Rucksäcke,Sport > Sporttaschen & Rucksäcke,6407079,keep
6407080,Sport > Sporttaschen & Rucksäcke > Rucksäcke,Sport > Sporttaschen & Rucksäcke > Rucksäcke,6407080,keep
6407471,Sport > Tauchen,Sport > Tauchen,6407471,keep
6407472,Sport > Tauchen > ABC & Blei,Sport > Tauchen > ABC & Blei,6407472,keep
6407473,Sport > Tauchen > ABC & Blei > Schnorchelflossen,Sport > Tauchen > ABC & Blei > Schnorchelflossen,6407473,keep
6407474,Sport > Tauchen > Instrumente & Uhren,Sport > Tauchen > Instrumente & Uhren,6407474,keep
6407475,Sport > Tauchen > Instrumente & Uhren > Konsolen,Sport > Tauchen > Instrumente & Uhren > Konsolen,6407475,keep
6407081,Sport > Weitere Ballsportarten,Sport > Weitere Ballsportarten,6407081,keep
6407476,Sport > Weitere Ballsportarten > Football,Sport > Weitere Ballsportarten > Football,6407476,keep
6407477,Sport > Weitere Ballsportarten > Football > Fanartikel,Sport > Weitere Ballsportarten > Football > Fanartikel,6407477,keep
6407082,Sport > Weitere Ballsportarten > Tennis,Sport > Weitere Ballsportarten > Tennis,6407082,keep
6407478,Sport > Weitere Ballsportarten > Tennis > Sonstige,Sport > Weitere Ballsportarten > Tennis > Sonstige,6407478,keep
6407083,Sport > Weitere Sportarten,Sport > Weitere Sportarten,6407083,keep
6407084,Sport > Weitere Sportarten > Bogenschießen,Sport > Weitere Sportarten > Bogenschießen,6407084,keep
6407479,Sport > Weitere Sportarten > Boxen,Sport > Weitere Sportarten > Boxen,6407479,keep
6407480,Sport > Weitere Sportarten > Boxen > Boxsets,Sport > Weitere Sportarten > Boxen > Boxsets,6407480,keep
6407481,Sport > Weitere Sportarten > Dart,Sport > Weitere Sportarten > Dart,6407481,keep
6407482,Sport > Weitere Sportarten > Dart > Scheiben,Sport > Weitere Sportarten > Dart > Scheiben,6407482,keep
6406736,Sport > Weitere Wintersportarten,Sport > Weitere Wintersportarten,6406736,keep
6407483,Sport > Weiterer Wassersport,Sport > Weiterer Wassersport,6407483,keep
6407484,Sport > Weiterer Wassersport > Kitesurfen,Sport > Weiterer Wassersport > Kitesurfen,6407484,keep
6407485,Sport > Weiterer Wassersport > Kitesurfen > Sonstige,Sport > Weiterer Wassersport > Kitesurfen > Sonstige,6407485,keep
6407486,Sport > Wintersport,Sport > Wintersport,6407486,keep
6407487,Sport > Wintersport > Bekleidung,Sport > Wintersport > Bekleidung,6407487,keep
6407488,Sport > Wintersport > Bekleidung > Hosen,Sport > Wintersport > Bekleidung > Hosen,6407488,keep
6407568,"Sport > Wintersport > Skifahren, Snowboarden & Schneeschuhwandern","Sport > Wintersport > Skifahren, Snowboarden & Schneeschuhwandern",6407568,keep
6407569,"Sport > Wintersport > Skifahren, Snowboarden & Schneeschuhwandern > Schuhe & Boots","Sport > Wintersport > Skifahren, Snowboarden & Schneeschuhwandern > Schuhe & Boots",6407569,keep
6407570,"Sport > Wintersport > Skifahren, Snowboarden & Schneeschuhwandern > Schuhe & Boots > Herrenschuhe & -boots","Sport > Wintersport > Skifahren, Snowboarden & Schneeschuhwandern > Schuhe & Boots > Herrenschuhe & -boots",6407570,keep
6407571,"Sport > Wintersport > Skifahren, Snowboarden & Schneeschuhwandern > Schuhe & Boots > Kinderschuhe & -boots","Sport > Wintersport > Skifahren, Snowboarden & Schneeschuhwandern > Schuhe & Boots > Kinderschuhe & -boots",6407571,keep
6407085,Sportartikel,Sportartikel,6407085,keep
6407086,Sportartikel > Badminton,Sportartikel > Badminton,6407086,keep
6407087,Sportartikel > Badminton > Netze,Sportartikel > Badminton > Netze,6407087,keep
6406737,Sportelektronik,Sportelektronik,6406737,keep
6406738,Sportelektronik > Fitness-Tracker,Sportelektronik > Fitness-Tracker,6406738,keep
6406739,"TV, Video & Audio","TV, Video & Audio",6406739,keep
6407088,"TV, Video & Audio > DJ-Equipment","TV, Video & Audio > DJ-Equipment",6407088,keep
6407089,"TV, Video & Audio > DJ-Equipment > DJ-Kopfhörer","TV, Video & Audio > DJ-Equipment > DJ-Kopfhörer",6407089,keep
6407090,"TV, Video & Audio > DJ-Equipment > Mikrofone","TV, Video & Audio > DJ-Equipment > Mikrofone",6407090,keep
6407091,"TV, Video & Audio > Heim-Audio & HiFi","TV, Video & Audio > Heim-Audio & HiFi",6407091,keep
6407092,"TV, Video & Audio > Heim-Audio & HiFi > Verstärker & Vorverstärker","TV, Video & Audio > Heim-Audio & HiFi > Verstärker & Vorverstärker",6407092,keep
6406740,"TV, Video & Audio > Tragbare Geräte & Kopfhörer","TV, Video & Audio > Tragbare Geräte & Kopfhörer",6406740,keep
6407093,Uhren & Schmuck,Uhren & Schmuck,6407093,keep
6407094,Uhren & Schmuck > Juwelierbedarf,Uhren & Schmuck > Juwelierbedarf,6407094,keep
6407095,Uhren & Schmuck > Juwelierbedarf > Reinigungsgeräte & -materialien,Uhren & Schmuck > Juwelierbedarf > Reinigungsgeräte & -materialien,6407095,keep
6406741,Wohnen & Einrichten,Wohnen & Einrichten,6406741,keep
6467361,Wohnen & Einrichten > Möbel,Wohnen & Einrichten > Möbel,6467361,keep
6467363,Wohnen & Einrichten > Möbel > Betten & Zubehör,Wohnen & Einrichten > Möbel > Betten & Zubehör,6467363,keep
6467365,Wohnen & Einrichten > Möbel > Betten & Zubehör > Bettausstattungen,Wohnen & Einrichten > Möbel > Betten & Zubehör > Bettausstattungen,6467365,keep
6467438,Wohnen & Einrichten > Möbel > Betten & Zubehör > Bettausstattungen > Matratzen,Wohnen & Einrichten > Möbel > Betten & Zubehör > Bettausstattungen > Matratzen,6467438,keep
6467439,Wohnen & Einrichten > Möbel > Betten & Zubehör > Bettausstattungen > Matratzen > Topper,Wohnen & Einrichten > Möbel > Betten & Zubehör > Bettausstattungen > Matratzen > Topper,6467439,keep
6467367,Wohnen & Einrichten > Möbel > Betten & Zubehör > Bettausstattungen > Matratzenschoner,Wohnen & Einrichten > Möbel > Betten & Zubehör > Bettausstattungen > Matratzenschoner,6467367,keep
6467362,Wohnen & Einrichten > Möbel > Tische & Zubehör,Wohnen & Einrichten > Möbel > Tische & Zubehör,6467362,keep
6467364,Wohnen & Einrichten > Möbel > Tische & Zubehör > Tische,Wohnen & Einrichten > Möbel > Tische & Zubehör > Tische,6467364,keep
6467366,Wohnen & Einrichten > Möbel > Tische & Zubehör > Tische > Couchtische,Wohnen & Einrichten > Möbel > Tische & Zubehör > Tische > Couchtische,6467366,keep
6406742,Wohnen & Einrichten > Spiegel,Wohnen & Einrichten > Spiegel,6406742,keep
