category_id,parent_id,name,breadcrumb
6406743,0,Auto & Motorrad,Auto & Motorrad
6467208,6406743,KFZ-Ersatzteile,Auto & Motorrad > KFZ-Ersatzteile
6470665,6467208,"Antrieb, Motoren & Getriebe","Auto & Motorrad > KFZ-Ersatzteile > Antrieb, Motoren & Getriebe"
6470666,6470665,Luft- & Kraftstoffversorgung,"Auto & Motorrad > KFZ-Ersatzteile > Antrieb, Motoren & Getriebe > Luft- & Kraftstoffversorgung"
6467351,6467208,Karosserieteile,Auto & Motorrad > KFZ-Ersatzteile > Karosserieteile
6467477,6467351,Außenspiegel & Zubehör,Auto & Motorrad > KFZ-Ersatzteile > Karosserieteile > Außenspiegel & Zubehör
6467352,6467351,Kraftrad-Verkleidungen,Auto & Motorrad > KFZ-Ersatzteile > Karosserieteile > Kraftrad-Verkleidungen
6467250,6467208,KFZ-Federungen & Dämpfungen,Auto & Motorrad > KFZ-Ersatzteile > KFZ-Federungen & Dämpfungen
6467251,6467250,Federbeine & Stoßdämpfer,Auto & Motorrad > KFZ-Ersatzteile > KFZ-Federungen & Dämpfungen > Federbeine & Stoßdämpfer
6467209,6467208,KFZ-Klimaanlagen & Zubehör,Auto & Motorrad > KFZ-Ersatzteile > KFZ-Klimaanlagen & Zubehör
6407096,6406743,KFZ-Pflege & -Wartung,Auto & Motorrad > KFZ-Pflege & -Wartung
6467371,6407096,KFZ-Außenreinigung  & -pflege,Auto & Motorrad > KFZ-Pflege & -Wartung > KFZ-Außenreinigung  & -pflege
6467372,6467371,Farben & Autolacke,Auto & Motorrad > KFZ-Pflege & -Wartung > KFZ-Außenreinigung  & -pflege > Farben & Autolacke
6407097,6407096,Motorreinigung & -pflege,Auto & Motorrad > KFZ-Pflege & -Wartung > Motorreinigung & -pflege
6407098,6407097,Motoröle,Auto & Motorrad > KFZ-Pflege & -Wartung > Motorreinigung & -pflege > Motoröle
6467422,6406743,KFZ-Werkzeuge,Auto & Motorrad > KFZ-Werkzeuge
6467423,6467422,Diagnosegeräte,Auto & Motorrad > KFZ-Werkzeuge > Diagnosegeräte
6467425,6406743,KFZ-Zubehör,Auto & Motorrad > KFZ-Zubehör
6467426,6467425,Auto-Grundausstattungen,Auto & Motorrad > KFZ-Zubehör > Auto-Grundausstattungen
6467427,6467426,Wagenheber,Auto & Motorrad > KFZ-Zubehör > Auto-Grundausstattungen > Wagenheber
6467479,6467425,KFZ-Gepäckträger & -boxen,Auto & Motorrad > KFZ-Zubehör > KFZ-Gepäckträger & -boxen
6467480,6467479,Dachboxen,Auto & Motorrad > KFZ-Zubehör > KFZ-Gepäckträger & -boxen > Dachboxen
6406744,6406743,Öle & Flüssigkeiten,Auto & Motorrad > Öle & Flüssigkeiten
6406745,6406744,Motoröle,Auto & Motorrad > Öle & Flüssigkeiten > Motoröle
6406746,6406743,Wohnmobil- & Caravan-Teile & Zubehör,Auto & Motorrad > Wohnmobil- & Caravan-Teile & Zubehör
6406747,6406746,Kühlboxen & Kühlschränke,Auto & Motorrad > Wohnmobil- & Caravan-Teile & Zubehör > Kühlboxen & Kühlschränke
6406748,0,Auto & Motorrad: Fahrzeuge,Auto & Motorrad: Fahrzeuge
6406749,6406748,Motorräder,Auto & Motorrad: Fahrzeuge > Motorräder
6406750,6406749,Roller,Auto & Motorrad: Fahrzeuge > Motorräder > Roller
6406751,0,Auto & Motorrad: Teile,Auto & Motorrad: Teile
6406752,6406751,Auto-Anbau- & -Zubehörteile,Auto & Motorrad: Teile > Auto-Anbau- & -Zubehörteile
6406753,6406752,Autopflege & Aufbereitung,Auto & Motorrad: Teile > Auto-Anbau- & -Zubehörteile > Autopflege & Aufbereitung
6407099,6406753,Eiskratzer & Schneebürste,Auto & Motorrad: Teile > Auto-Anbau- & -Zubehörteile > Autopflege & Aufbereitung > Eiskratzer & Schneebürste
6407100,6406753,Lufterfrischer,Auto & Motorrad: Teile > Auto-Anbau- & -Zubehörteile > Autopflege & Aufbereitung > Lufterfrischer
6407102,6406752,Dachträger & Dachboxen,Auto & Motorrad: Teile > Auto-Anbau- & -Zubehörteile > Dachträger & Dachboxen
6407104,6407102,Dachträger-Zubehör,Auto & Motorrad: Teile > Auto-Anbau- & -Zubehörteile > Dachträger & Dachboxen > Dachträger-Zubehör
6407105,6406751,Auto-Ersatz- & -Reparaturteile,Auto & Motorrad: Teile > Auto-Ersatz- & -Reparaturteile
6407106,6407105,Karosserie & Exterieur,Auto & Motorrad: Teile > Auto-Ersatz- & -Reparaturteile > Karosserie & Exterieur
6407107,6407106,Außenspiegel,Auto & Motorrad: Teile > Auto-Ersatz- & -Reparaturteile > Karosserie & Exterieur > Außenspiegel
6407108,6407105,Kühlung,Auto & Motorrad: Teile > Auto-Ersatz- & -Reparaturteile > Kühlung
6407109,6407108,Frostschutzmittel,Auto & Motorrad: Teile > Auto-Ersatz- & -Reparaturteile > Kühlung > Frostschutzmittel
6407111,6406751,Auto-Tuning & -Styling,Auto & Motorrad: Teile > Auto-Tuning & -Styling
6407112,6407111,Sport-Getriebe,Auto & Motorrad: Teile > Auto-Tuning & -Styling > Sport-Getriebe
6407113,6407112,Antriebswellen,Auto & Motorrad: Teile > Auto-Tuning & -Styling > Sport-Getriebe > Antriebswellen
6407114,6407111,Sportfederung,Auto & Motorrad: Teile > Auto-Tuning & -Styling > Sportfederung
6407115,6407114,Domlager,Auto & Motorrad: Teile > Auto-Tuning & -Styling > Sportfederung > Domlager
6407116,6406751,"Autoelektronik, GPS & Sicherheitstechnik","Auto & Motorrad: Teile > Autoelektronik, GPS & Sicherheitstechnik"
6407117,6407116,Autoentertainment,"Auto & Motorrad: Teile > Autoelektronik, GPS & Sicherheitstechnik > Autoentertainment"
6407118,6407117,Auto DVD Player,"Auto & Motorrad: Teile > Autoelektronik, GPS & Sicherheitstechnik > Autoentertainment > Auto DVD Player"
6407119,6407117,Autoradios,"Auto & Motorrad: Teile > Autoelektronik, GPS & Sicherheitstechnik > Autoentertainment > Autoradios"
6406754,6406751,Autoteile & Zubehör,Auto & Motorrad: Teile > Autoteile & Zubehör
6407120,6406754,Auspuff- & Abgassysteme,Auto & Motorrad: Teile > Autoteile & Zubehör > Auspuff- & Abgassysteme
6407121,6407120,Lambdasonden & O2-Sensoren,Auto & Motorrad: Teile > Autoteile & Zubehör > Auspuff- & Abgassysteme > Lambdasonden & O2-Sensoren
6407122,6406754,Autoelektrik,Auto & Motorrad: Teile > Autoteile & Zubehör > Autoelektrik
6407123,6407122,Anlasser,Auto & Motorrad: Teile > Autoteile & Zubehör > Autoelektrik > Anlasser
6407124,6407122,Batterien,Auto & Motorrad: Teile > Autoteile & Zubehör > Autoelektrik > Batterien
6407125,6406754,Bremsen & Bremsenteile,Auto & Motorrad: Teile > Autoteile & Zubehör > Bremsen & Bremsenteile
6407126,6407125,Bremsbeläge,Auto & Motorrad: Teile > Autoteile & Zubehör > Bremsen & Bremsenteile > Bremsbeläge
6407127,6407125,Bremsscheiben,Auto & Motorrad: Teile > Autoteile & Zubehör > Bremsen & Bremsenteile > Bremsscheiben
6406755,6406754,Federung & Lenkung,Auto & Motorrad: Teile > Autoteile & Zubehör > Federung & Lenkung
6407128,6406755,Lenkgetriebe & -gehäuse,Auto & Motorrad: Teile > Autoteile & Zubehör > Federung & Lenkung > Lenkgetriebe & -gehäuse
6407129,6406755,Lenksäulen,Auto & Motorrad: Teile > Autoteile & Zubehör > Federung & Lenkung > Lenksäulen
6407130,6406755,"Radlager, -naben & Buchsen","Auto & Motorrad: Teile > Autoteile & Zubehör > Federung & Lenkung > Radlager, -naben & Buchsen"
6407131,6406755,Stoßdämpfer- & Federbeinhalterungen,Auto & Motorrad: Teile > Autoteile & Zubehör > Federung & Lenkung > Stoßdämpfer- & Federbeinhalterungen
6407132,6406754,Getriebe & Antriebstechnik,Auto & Motorrad: Teile > Autoteile & Zubehör > Getriebe & Antriebstechnik
6407133,6407132,"Antriebswellengelenke, Achsmanschetten & Teile","Auto & Motorrad: Teile > Autoteile & Zubehör > Getriebe & Antriebstechnik > Antriebswellengelenke, Achsmanschetten & Teile"
6407489,6407132,Kupplungsteile & -sätze,Auto & Motorrad: Teile > Autoteile & Zubehör > Getriebe & Antriebstechnik > Kupplungsteile & -sätze
6407490,6407489,Kupplungssätze,Auto & Motorrad: Teile > Autoteile & Zubehör > Getriebe & Antriebstechnik > Kupplungsteile & -sätze > Kupplungssätze
6406756,6406754,Innenausstattung,Auto & Motorrad: Teile > Autoteile & Zubehör > Innenausstattung
6407134,6406756,"Fußmatten, Teppiche & Laderaumwannen","Auto & Motorrad: Teile > Autoteile & Zubehör > Innenausstattung > Fußmatten, Teppiche & Laderaumwannen"
6407135,6406756,Sonnen- & Sichtschutze,Auto & Motorrad: Teile > Autoteile & Zubehör > Innenausstattung > Sonnen- & Sichtschutze
6407491,6406754,"Karosserie-, Anbauteile & Zubehör","Auto & Motorrad: Teile > Autoteile & Zubehör > Karosserie-, Anbauteile & Zubehör"
6407492,6407491,Außenspiegel & Teile,"Auto & Motorrad: Teile > Autoteile & Zubehör > Karosserie-, Anbauteile & Zubehör > Außenspiegel & Teile"
6407493,6407492,Außenspiegel,"Auto & Motorrad: Teile > Autoteile & Zubehör > Karosserie-, Anbauteile & Zubehör > Außenspiegel & Teile > Außenspiegel"
6407494,6407491,Schutzvorrichtungen & Schmutzfänger,"Auto & Motorrad: Teile > Autoteile & Zubehör > Karosserie-, Anbauteile & Zubehör > Schutzvorrichtungen & Schmutzfänger"
6407495,6407494,Weitere Schutzvorrichtungen & Protektoren,"Auto & Motorrad: Teile > Autoteile & Zubehör > Karosserie-, Anbauteile & Zubehör > Schutzvorrichtungen & Schmutzfänger > Weitere Schutzvorrichtungen & Protektoren"
6407136,6406754,Luft- & Kraftstoffversorgung,Auto & Motorrad: Teile > Autoteile & Zubehör > Luft- & Kraftstoffversorgung
6407138,6407136,Lufteinlass- & Kraftstoffsensoren,Auto & Motorrad: Teile > Autoteile & Zubehör > Luft- & Kraftstoffversorgung > Lufteinlass- & Kraftstoffsensoren
6406757,6406754,Motoren & Motorenteile,Auto & Motorrad: Teile > Autoteile & Zubehör > Motoren & Motorenteile
6407496,6406757,Dichtungen & Montageteile,Auto & Motorrad: Teile > Autoteile & Zubehör > Motoren & Motorenteile > Dichtungen & Montageteile
6407497,6407496,Dichtungen & Dichtungsringe,Auto & Motorrad: Teile > Autoteile & Zubehör > Motoren & Motorenteile > Dichtungen & Montageteile > Dichtungen & Dichtungsringe
6407498,6407496,Dichtungssätze,Auto & Motorrad: Teile > Autoteile & Zubehör > Motoren & Motorenteile > Dichtungen & Montageteile > Dichtungssätze
6407139,6406757,Inspektionspakete & -kits,Auto & Motorrad: Teile > Autoteile & Zubehör > Motoren & Motorenteile > Inspektionspakete & -kits
6407141,6406757,Ölfilter,Auto & Motorrad: Teile > Autoteile & Zubehör > Motoren & Motorenteile > Ölfilter
6467449,6406757,Ölpumpen & Teile,Auto & Motorrad: Teile > Autoteile & Zubehör > Motoren & Motorenteile > Ölpumpen & Teile
6407499,6406757,Ventilsteuerungsteile,Auto & Motorrad: Teile > Autoteile & Zubehör > Motoren & Motorenteile > Ventilsteuerungsteile
6407500,6407499,Nockenwellen,Auto & Motorrad: Teile > Autoteile & Zubehör > Motoren & Motorenteile > Ventilsteuerungsteile > Nockenwellen
6407142,6406754,Motorkühlung,Auto & Motorrad: Teile > Autoteile & Zubehör > Motorkühlung
6407143,6407142,Ausgleichsbehälter,Auto & Motorrad: Teile > Autoteile & Zubehör > Motorkühlung > Ausgleichsbehälter
6406758,6406751,Erste Hilfe- & Notfallausrüstungen,Auto & Motorrad: Teile > Erste Hilfe- & Notfallausrüstungen
6406759,6406758,Sicherheit,Auto & Motorrad: Teile > Erste Hilfe- & Notfallausrüstungen > Sicherheit
6406760,6406751,"Kleidung, Schutzausrüstung & Merchandise","Auto & Motorrad: Teile > Kleidung, Schutzausrüstung & Merchandise"
6406761,6406760,Helme & Zubehör,"Auto & Motorrad: Teile > Kleidung, Schutzausrüstung & Merchandise > Helme & Zubehör"
6407144,6406761,Motorrad- & Motorsporthelme,"Auto & Motorrad: Teile > Kleidung, Schutzausrüstung & Merchandise > Helme & Zubehör > Motorrad- & Motorsporthelme"
6407145,6406751,Klein- & Leichtkraftradteile,Auto & Motorrad: Teile > Klein- & Leichtkraftradteile
6407146,6407145,Leichtkraftradteile,Auto & Motorrad: Teile > Klein- & Leichtkraftradteile > Leichtkraftradteile
6407147,6407146,Elektrik & Zündung,Auto & Motorrad: Teile > Klein- & Leichtkraftradteile > Leichtkraftradteile > Elektrik & Zündung
6406762,6406751,Motorrad- & Rollerteile & -zubehör,Auto & Motorrad: Teile > Motorrad- & Rollerteile & -zubehör
6407148,6406762,Elektrik & Zündungen,Auto & Motorrad: Teile > Motorrad- & Rollerteile & -zubehör > Elektrik & Zündungen
6407149,6407148,Batterien,Auto & Motorrad: Teile > Motorrad- & Rollerteile & -zubehör > Elektrik & Zündungen > Batterien
6407501,6406762,Getriebe & Antriebstechnik,Auto & Motorrad: Teile > Motorrad- & Rollerteile & -zubehör > Getriebe & Antriebstechnik
6407502,6407501,Endantriebsriemen & -ketten & Zahnriemensätze,Auto & Motorrad: Teile > Motorrad- & Rollerteile & -zubehör > Getriebe & Antriebstechnik > Endantriebsriemen & -ketten & Zahnriemensätze
6407503,6407502,Endantriebsriemen & -ketten,Auto & Motorrad: Teile > Motorrad- & Rollerteile & -zubehör > Getriebe & Antriebstechnik > Endantriebsriemen & -ketten & Zahnriemensätze > Endantriebsriemen & -ketten
6418669,6407502,Primärzahnriemen & -ketten,Auto & Motorrad: Teile > Motorrad- & Rollerteile & -zubehör > Getriebe & Antriebstechnik > Endantriebsriemen & -ketten & Zahnriemensätze > Primärzahnriemen & -ketten
6406763,6406762,Spiegel,Auto & Motorrad: Teile > Motorrad- & Rollerteile & -zubehör > Spiegel
6406764,6406751,"Öl, Pflege- & Schmiermittel","Auto & Motorrad: Teile > Öl, Pflege- & Schmiermittel"
6406765,6406764,Automatikgetriebeöl,"Auto & Motorrad: Teile > Öl, Pflege- & Schmiermittel > Automatikgetriebeöl"
6406766,6406764,Getriebeöl,"Auto & Motorrad: Teile > Öl, Pflege- & Schmiermittel > Getriebeöl"
6406767,6406764,Motoröl,"Auto & Motorrad: Teile > Öl, Pflege- & Schmiermittel > Motoröl"
6406768,6406751,"Quad-, SSV- & UTV-Teile & -Zubehör","Auto & Motorrad: Teile > Quad-, SSV- & UTV-Teile & -Zubehör"
6406769,6406768,Ansaug- & Kraftstoffsysteme,"Auto & Motorrad: Teile > Quad-, SSV- & UTV-Teile & -Zubehör > Ansaug- & Kraftstoffsysteme"
6407504,6406768,Verkleidungen & Rahmen,"Auto & Motorrad: Teile > Quad-, SSV- & UTV-Teile & -Zubehör > Verkleidungen & Rahmen"
6407505,6407504,"Verkleidungen, Türen & Kotflügel","Auto & Motorrad: Teile > Quad-, SSV- & UTV-Teile & -Zubehör > Verkleidungen & Rahmen > Verkleidungen, Türen & Kotflügel"
6407506,6407505,Windschutz- & Fensterscheiben,"Auto & Motorrad: Teile > Quad-, SSV- & UTV-Teile & -Zubehör > Verkleidungen & Rahmen > Verkleidungen, Türen & Kotflügel > Windschutz- & Fensterscheiben"
6407150,6406751,Spezielle Fahrzeug-Teile,Auto & Motorrad: Teile > Spezielle Fahrzeug-Teile
6407151,6407150,Pkw-Anhänger Ersatzteile,Auto & Motorrad: Teile > Spezielle Fahrzeug-Teile > Pkw-Anhänger Ersatzteile
6407152,6407151,Karosserie & Fahrwerk,Auto & Motorrad: Teile > Spezielle Fahrzeug-Teile > Pkw-Anhänger Ersatzteile > Karosserie & Fahrwerk
6407153,6407151,Stützen & Keile,Auto & Motorrad: Teile > Spezielle Fahrzeug-Teile > Pkw-Anhänger Ersatzteile > Stützen & Keile
6407507,6407150,Wohnmobil- & Wohnwagenteile & Zubehör,Auto & Motorrad: Teile > Spezielle Fahrzeug-Teile > Wohnmobil- & Wohnwagenteile & Zubehör
6407508,6407507,Wasser- & Sanitärsysteme,Auto & Motorrad: Teile > Spezielle Fahrzeug-Teile > Wohnmobil- & Wohnwagenteile & Zubehör > Wasser- & Sanitärsysteme
6407509,6407508,Wasserpumpen,Auto & Motorrad: Teile > Spezielle Fahrzeug-Teile > Wohnmobil- & Wohnwagenteile & Zubehör > Wasser- & Sanitärsysteme > Wasserpumpen
6406770,6406751,Werkzeuge,Auto & Motorrad: Teile > Werkzeuge
6407154,6406751,Werkzeuge & Werkstattbedarf,Auto & Motorrad: Teile > Werkzeuge & Werkstattbedarf
6407155,6407154,Motorwerkzeuge & -geräte,Auto & Motorrad: Teile > Werkzeuge & Werkstattbedarf > Motorwerkzeuge & -geräte
6407156,6407155,Motor-Einstellwerkzeuge,Auto & Motorrad: Teile > Werkzeuge & Werkstattbedarf > Motorwerkzeuge & -geräte > Motor-Einstellwerkzeuge
6406771,6406770,Hebezeuge & Wagenheber,Auto & Motorrad: Teile > Werkzeuge > Hebezeuge & Wagenheber
6407157,6406770,Reparatur-Sets & Teile,Auto & Motorrad: Teile > Werkzeuge > Reparatur-Sets & Teile
6407158,6407157,Reifenreparatur,Auto & Motorrad: Teile > Werkzeuge > Reparatur-Sets & Teile > Reifenreparatur
6407159,6406770,Werkstattausstattung & -bedarf,Auto & Motorrad: Teile > Werkzeuge > Werkstattausstattung & -bedarf
6407160,6407159,Federspanner,Auto & Motorrad: Teile > Werkzeuge > Werkstattausstattung & -bedarf > Federspanner
6407161,6406751,Wohnmobil- & Caravan-Teile & Zubehör,Auto & Motorrad: Teile > Wohnmobil- & Caravan-Teile & Zubehör
6407162,6407161,Heizungen & Klimaanlagen,Auto & Motorrad: Teile > Wohnmobil- & Caravan-Teile & Zubehör > Heizungen & Klimaanlagen
6407163,6407162,Standheizungen,Auto & Motorrad: Teile > Wohnmobil- & Caravan-Teile & Zubehör > Heizungen & Klimaanlagen > Standheizungen
6406651,0,Baby,Baby
6406772,0,Baby & Kind,Baby & Kind
6467160,6406772,Babyartikel,Baby & Kind > Babyartikel
6467373,6467160,Baby- & Kindermöbel,Baby & Kind > Babyartikel > Baby- & Kindermöbel
6467478,6467373,Kindergarderoben,Baby & Kind > Babyartikel > Baby- & Kindermöbel > Kindergarderoben
6467413,6467160,Baby- & Kleinkinderspielzeuge,Baby & Kind > Babyartikel > Baby- & Kleinkinderspielzeuge
6467414,6467413,Holzspielzeuge,Baby & Kind > Babyartikel > Baby- & Kleinkinderspielzeuge > Holzspielzeuge
6467415,6467414,Bauklötze,Baby & Kind > Babyartikel > Baby- & Kleinkinderspielzeuge > Holzspielzeuge > Bauklötze
6467161,6467160,Babykleidung,Baby & Kind > Babyartikel > Babykleidung
6467472,6467161,Babyregenbekleidung,Baby & Kind > Babyartikel > Babykleidung > Babyregenbekleidung
6467294,6467161,Babyschuhe,Baby & Kind > Babyartikel > Babykleidung > Babyschuhe
6467295,6467294,Babysneakers,Baby & Kind > Babyartikel > Babykleidung > Babyschuhe > Babysneakers
6467162,6467161,Babystrumpfhosen,Baby & Kind > Babyartikel > Babykleidung > Babystrumpfhosen
6467259,6467160,Kinderautositze & Zubehör,Baby & Kind > Babyartikel > Kinderautositze & Zubehör
6467260,6467259,Babyschalen & Kindersitze,Baby & Kind > Babyartikel > Kinderautositze & Zubehör > Babyschalen & Kindersitze
6467461,6467160,Kinderwagen & Babytragen,Baby & Kind > Babyartikel > Kinderwagen & Babytragen
6467462,6467461,Kinderwagen & Zubehör,Baby & Kind > Babyartikel > Kinderwagen & Babytragen > Kinderwagen & Zubehör
6467463,6467462,Kinderwagen,Baby & Kind > Babyartikel > Kinderwagen & Babytragen > Kinderwagen & Zubehör > Kinderwagen
6467464,6467463,Sportkinderwagen,Baby & Kind > Babyartikel > Kinderwagen & Babytragen > Kinderwagen & Zubehör > Kinderwagen > Sportkinderwagen
6467378,6467160,Pflege & Entwicklung,Baby & Kind > Babyartikel > Pflege & Entwicklung
6467379,6467378,Wickelauflagen & -bezüge,Baby & Kind > Babyartikel > Pflege & Entwicklung > Wickelauflagen & -bezüge
6406773,6406772,Kindersitze & Zubehör,Baby & Kind > Kindersitze & Zubehör
6406774,6406773,Kindersitze,Baby & Kind > Kindersitze & Zubehör > Kindersitze
6467252,6406772,Spielwaren,Baby & Kind > Spielwaren
6467341,6467252,Kinder Spielwelten,Baby & Kind > Spielwaren > Kinder Spielwelten
6467342,6467341,Kinder-Gartengeräte,Baby & Kind > Spielwaren > Kinder Spielwelten > Kinder-Gartengeräte
6467404,6467252,Kreativspielzeuge,Baby & Kind > Spielwaren > Kreativspielzeuge
6467405,6467404,3D Stifte,Baby & Kind > Spielwaren > Kreativspielzeuge > 3D Stifte
6467253,6467252,Musikinstrumente,Baby & Kind > Spielwaren > Musikinstrumente
6467254,6467253,Gitarren & Zubehör,Baby & Kind > Spielwaren > Musikinstrumente > Gitarren & Zubehör
6467349,6467254,Gitarren,Baby & Kind > Spielwaren > Musikinstrumente > Gitarren & Zubehör > Gitarren
6467350,6467349,Konzertgitarren,Baby & Kind > Spielwaren > Musikinstrumente > Gitarren & Zubehör > Gitarren > Konzertgitarren
6467255,6467254,Gitarrenzubehör,Baby & Kind > Spielwaren > Musikinstrumente > Gitarren & Zubehör > Gitarrenzubehör
6467256,6467255,Gitarren-Effekte,Baby & Kind > Spielwaren > Musikinstrumente > Gitarren & Zubehör > Gitarrenzubehör > Gitarren-Effekte
6406775,6406772,Wickeln & Baden,Baby & Kind > Wickeln & Baden
6406776,6406775,Wickelauflagen & Wickeltische,Baby & Kind > Wickeln & Baden > Wickelauflagen & Wickeltische
6406652,6406651,Auto-Kindersitze & Zubehör,Baby > Auto-Kindersitze & Zubehör
6406777,6406651,Badezubehör,Baby > Badezubehör
6406778,6406777,Kinderwaschbecken,Baby > Badezubehör > Kinderwaschbecken
6406779,6406651,Bettausstattung,Baby > Bettausstattung
6406780,6406779,Matratzenschoner & -auflagen,Baby > Bettausstattung > Matratzenschoner & -auflagen
6406781,6406651,Bücher & Zeitschriften,Baby > Bücher & Zeitschriften
6406782,6406781,Bücher,Baby > Bücher & Zeitschriften > Bücher
6406783,6406651,Ernährung,Baby > Ernährung
6406784,6406783,Kindergeschirr & -besteck,Baby > Ernährung > Kindergeschirr & -besteck
6407164,6406784,Kinderbesteck,Baby > Ernährung > Kindergeschirr & -besteck > Kinderbesteck
6406653,6406651,Kinderwagen & Zubehör,Baby > Kinderwagen & Zubehör
6407165,6406653,Kinderwagenzubehör,Baby > Kinderwagen & Zubehör > Kinderwagenzubehör
6407166,6407165,Sitzauflagen,Baby > Kinderwagen & Zubehör > Kinderwagenzubehör > Sitzauflagen
6406785,6406651,Möbel,Baby > Möbel
6406786,6406785,Laufgitter,Baby > Möbel > Laufgitter
6406654,6406651,Pflege,Baby > Pflege
6406787,6406651,Spielzeug,Baby > Spielzeug
6406788,6406787,Badespielzeug,Baby > Spielzeug > Badespielzeug
6406789,6406787,Holzspielzeug,Baby > Spielzeug > Holzspielzeug
6407167,0,Bad & Sanitär,Bad & Sanitär
6407168,6407167,Armaturen,Bad & Sanitär > Armaturen
6407169,6407168,Duscharmaturen,Bad & Sanitär > Armaturen > Duscharmaturen
6407170,6407169,Duschthermostate,Bad & Sanitär > Armaturen > Duscharmaturen > Duschthermostate
6407171,0,Bastel- & Künstlerbedarf,Bastel- & Künstlerbedarf
6407172,6407171,Künstler- & Zeichenbedarf,Bastel- & Künstlerbedarf > Künstler- & Zeichenbedarf
6407173,6407172,Malen,Bastel- & Künstlerbedarf > Künstler- & Zeichenbedarf > Malen
6407174,6407173,Aquarell,Bastel- & Künstlerbedarf > Künstler- & Zeichenbedarf > Malen > Aquarell
6407175,6407172,Zeichnen,Bastel- & Künstlerbedarf > Künstler- & Zeichenbedarf > Zeichnen
6407176,6407175,Farbstifte & Zeichenkohle,Bastel- & Künstlerbedarf > Künstler- & Zeichenbedarf > Zeichnen > Farbstifte & Zeichenkohle
6407177,6407175,Pastell,Bastel- & Künstlerbedarf > Künstler- & Zeichenbedarf > Zeichnen > Pastell
6406790,0,Baumarkt,Baumarkt
6406793,6406790,Bauelemente,Baumarkt > Bauelemente
6406791,6406790,Bauelemente & Treppen,Baumarkt > Bauelemente & Treppen
6406792,6406791,Revisionsklappen,Baumarkt > Bauelemente & Treppen > Revisionsklappen
6406794,6406793,Revision,Baumarkt > Bauelemente > Revision
6406655,0,Beauty & Gesundheit,Beauty & Gesundheit
6407178,6406655,Enthaarung & Rasur,Beauty & Gesundheit > Enthaarung & Rasur
6407179,6407178,Rasierer & Rasierklingen,Beauty & Gesundheit > Enthaarung & Rasur > Rasierer & Rasierklingen
6407180,6407179,Herren Rasierklingen,Beauty & Gesundheit > Enthaarung & Rasur > Rasierer & Rasierklingen > Herren Rasierklingen
6406657,6406655,Haarpflege & Haarstyling,Beauty & Gesundheit > Haarpflege & Haarstyling
6406658,6406655,Hautpflege,Beauty & Gesundheit > Hautpflege
6406795,6406658,Anti-Faltenprodukte,Beauty & Gesundheit > Hautpflege > Anti-Faltenprodukte
6406796,6406658,Gesichtspflegegeräte,Beauty & Gesundheit > Hautpflege > Gesichtspflegegeräte
6407181,6406658,Körperpflege,Beauty & Gesundheit > Hautpflege > Körperpflege
6407182,6407181,Körpercremes & -lotionen,Beauty & Gesundheit > Hautpflege > Körperpflege > Körpercremes & -lotionen
6406659,6406655,Hilfsmittel,Beauty & Gesundheit > Hilfsmittel
6407183,6406659,Alltagshilfen,Beauty & Gesundheit > Hilfsmittel > Alltagshilfen
6407184,6407183,Inkontinenzhilfen,Beauty & Gesundheit > Hilfsmittel > Alltagshilfen > Inkontinenzhilfen
6407185,6406659,Mobilitäts- & Gehhilfen,Beauty & Gesundheit > Hilfsmittel > Mobilitäts- & Gehhilfen
6407187,6407185,Rollstühle,Beauty & Gesundheit > Hilfsmittel > Mobilitäts- & Gehhilfen > Rollstühle
6406660,6406655,Körperpflege,Beauty & Gesundheit > Körperpflege
6406797,6406655,Medikamente von Apothekern,Beauty & Gesundheit > Medikamente von Apothekern
6406798,6406797,Tiergesundheit,Beauty & Gesundheit > Medikamente von Apothekern > Tiergesundheit
6406799,6406655,Parfums,Beauty & Gesundheit > Parfums
6406800,6406799,Herren,Beauty & Gesundheit > Parfums > Herren
6406661,6406655,Pflege- & Medizinischer Bedarf,Beauty & Gesundheit > Pflege- & Medizinischer Bedarf
6407188,6406661,Kälte- & Wärmetherapie,Beauty & Gesundheit > Pflege- & Medizinischer Bedarf > Kälte- & Wärmetherapie
6407189,6407188,Infrarot- & Wärmegeräte,Beauty & Gesundheit > Pflege- & Medizinischer Bedarf > Kälte- & Wärmetherapie > Infrarot- & Wärmegeräte
6407190,6406655,Tattoo & Body Art,Beauty & Gesundheit > Tattoo & Body Art
6407191,6407190,Tattoo-Zubehör,Beauty & Gesundheit > Tattoo & Body Art > Tattoo-Zubehör
6407192,6407191,Tattoo-Armlehnen & -Ständer,Beauty & Gesundheit > Tattoo & Body Art > Tattoo-Zubehör > Tattoo-Armlehnen & -Ständer
6406662,0,Bekleidung,Bekleidung
6406801,0,Bekleidung & Accessoires,Bekleidung & Accessoires
6407193,6406801,Damenmode,Bekleidung & Accessoires > Damenmode
6407194,6407193,Unterwäsche & Nachtwäsche,Bekleidung & Accessoires > Damenmode > Unterwäsche & Nachtwäsche
6407195,6407194,Slips,Bekleidung & Accessoires > Damenmode > Unterwäsche & Nachtwäsche > Slips
6406802,6406801,Herren,Bekleidung & Accessoires > Herren
6406803,6406802,Socken,Bekleidung & Accessoires > Herren > Socken
6406804,6406662,Damen,Bekleidung > Damen
6406805,6406804,Röcke,Bekleidung > Damen > Röcke
6407196,6406804,Unterwäsche & Nachtwäsche,Bekleidung > Damen > Unterwäsche & Nachtwäsche
6407197,6407196,Schlafanzüge & Pyjamas,Bekleidung > Damen > Unterwäsche & Nachtwäsche > Schlafanzüge & Pyjamas
6406663,6406662,Hemden,Bekleidung > Hemden
6406806,6406662,Herren,Bekleidung > Herren
6406807,6406806,Hosen,Bekleidung > Herren > Hosen
6407198,6406807,Cargohosen,Bekleidung > Herren > Hosen > Cargohosen
6407199,6406807,Jogginghosen,Bekleidung > Herren > Hosen > Jogginghosen
6407200,6406807,Trainingshosen,Bekleidung > Herren > Hosen > Trainingshosen
6407201,6406806,Jacken & Mäntel,Bekleidung > Herren > Jacken & Mäntel
6407202,6407201,Mäntel,Bekleidung > Herren > Jacken & Mäntel > Mäntel
6406808,6406806,Poloshirts,Bekleidung > Herren > Poloshirts
6406809,6406806,Sweatshirts & Hoodies,Bekleidung > Herren > Sweatshirts & Hoodies
6407203,6406806,Unterwäsche,Bekleidung > Herren > Unterwäsche
6407204,6407203,Boxershorts & Slips,Bekleidung > Herren > Unterwäsche > Boxershorts & Slips
6406810,6406662,Herren-T-Shirts & Hemden,Bekleidung > Herren-T-Shirts & Hemden
6406811,6406810,Poloshirts,Bekleidung > Herren-T-Shirts & Hemden > Poloshirts
6406664,6406662,Hosen,Bekleidung > Hosen
6406812,6406664,Cargohosen,Bekleidung > Hosen > Cargohosen
6418478,6406664,Jeans,Bekleidung > Hosen > Jeans
6406665,6406662,Jacken,Bekleidung > Jacken
6406666,6406662,Jacken & Mäntel,Bekleidung > Jacken & Mäntel
6406667,6406662,Westen,Bekleidung > Westen
6406813,0,Briefmarken,Briefmarken
6406814,6406813,Afrika,Briefmarken > Afrika
6406815,6406814,Niger,Briefmarken > Afrika > Niger
6406816,6406813,Motive,Briefmarken > Motive
6406817,6406816,Geschichte,Briefmarken > Motive > Geschichte
6406668,0,Bücher & Zeitschriften,Bücher & Zeitschriften
6406669,6406668,Bücher,Bücher & Zeitschriften > Bücher
6406670,6406668,"Fachbücher, Lernen & Nachschlagen","Bücher & Zeitschriften > Fachbücher, Lernen & Nachschlagen"
6406671,0,Büro & Schreibwaren,Büro & Schreibwaren
6406818,6406671,Büromöbel,Büro & Schreibwaren > Büromöbel
6407205,6406818,Leuchten & Leuchtmittel,Büro & Schreibwaren > Büromöbel > Leuchten & Leuchtmittel
6407206,6407205,Stehleuchten,Büro & Schreibwaren > Büromöbel > Leuchten & Leuchtmittel > Stehleuchten
6407207,6406818,Schränke & Regale,Büro & Schreibwaren > Büromöbel > Schränke & Regale
6407208,6407207,Aktenschränke,Büro & Schreibwaren > Büromöbel > Schränke & Regale > Aktenschränke
6406819,6406818,Sitzmöbel,Büro & Schreibwaren > Büromöbel > Sitzmöbel
6406820,6406671,Bürotechnik,Büro & Schreibwaren > Bürotechnik
6406821,6406820,Schreibmaschinen-Zubehör,Büro & Schreibwaren > Bürotechnik > Schreibmaschinen-Zubehör
6407209,6406671,"Papier, Büro- & Schreibwaren","Büro & Schreibwaren > Papier, Büro- & Schreibwaren"
6407210,6407209,"Papier, Hefte & Blöcke","Büro & Schreibwaren > Papier, Büro- & Schreibwaren > Papier, Hefte & Blöcke"
6407211,6407210,Briefpapier & Karten,"Büro & Schreibwaren > Papier, Büro- & Schreibwaren > Papier, Hefte & Blöcke > Briefpapier & Karten"
6407212,6407209,Schreiben & Korrigieren,"Büro & Schreibwaren > Papier, Büro- & Schreibwaren > Schreiben & Korrigieren"
6407213,6407212,Bleistifte & Druckbleistifte,"Büro & Schreibwaren > Papier, Büro- & Schreibwaren > Schreiben & Korrigieren > Bleistifte & Druckbleistifte"
6407214,6407212,Filzstifte,"Büro & Schreibwaren > Papier, Büro- & Schreibwaren > Schreiben & Korrigieren > Filzstifte"
6407215,6407212,Füllfederhalter,"Büro & Schreibwaren > Papier, Büro- & Schreibwaren > Schreiben & Korrigieren > Füllfederhalter"
6406672,6406671,Schulbedarf,Büro & Schreibwaren > Schulbedarf
6407216,6406672,Schul- & Jugendschreibgeräte,Büro & Schreibwaren > Schulbedarf > Schul- & Jugendschreibgeräte
6407217,6407216,Bleistifte,Büro & Schreibwaren > Schulbedarf > Schul- & Jugendschreibgeräte > Bleistifte
6406822,0,Business & Industrie,Business & Industrie
6406823,6406822,3D-Druck & Prototypen,Business & Industrie > 3D-Druck & Prototypen
6406824,6406823,3D-Drucker-Filamente,Business & Industrie > 3D-Druck & Prototypen > 3D-Drucker-Filamente
6407218,6406822,3D-Druck & Prototyping,Business & Industrie > 3D-Druck & Prototyping
6407219,6407218,3D-Drucker-Teile & Zubehör,Business & Industrie > 3D-Druck & Prototyping > 3D-Drucker-Teile & Zubehör
6407220,6407219,3D-Drucker-Filament,Business & Industrie > 3D-Druck & Prototyping > 3D-Drucker-Teile & Zubehör > 3D-Drucker-Filament
6467444,6406822,"Agrar, Forst & Kommune","Business & Industrie > Agrar, Forst & Kommune"
6467445,6467444,"Ersatzteile, Teile & Zubehör","Business & Industrie > Agrar, Forst & Kommune > Ersatzteile, Teile & Zubehör"
6467446,6467445,Teile & Zubehör Traktoren,"Business & Industrie > Agrar, Forst & Kommune > Ersatzteile, Teile & Zubehör > Teile & Zubehör Traktoren"
6467447,6467446,"Antrieb, Motor & Getriebe","Business & Industrie > Agrar, Forst & Kommune > Ersatzteile, Teile & Zubehör > Teile & Zubehör Traktoren > Antrieb, Motor & Getriebe"
6467448,6467447,Dichtungen,"Business & Industrie > Agrar, Forst & Kommune > Ersatzteile, Teile & Zubehör > Teile & Zubehör Traktoren > Antrieb, Motor & Getriebe > Dichtungen"
6467455,6406822,"Automation, Antriebe & Motoren","Business & Industrie > Automation, Antriebe & Motoren"
6407510,6406822,Elektronik & Messtechnik,Business & Industrie > Elektronik & Messtechnik
6407511,6407510,Kabel & Leitungen,Business & Industrie > Elektronik & Messtechnik > Kabel & Leitungen
6407512,6407511,Kabelverbinder & Anschlussklemmen,Business & Industrie > Elektronik & Messtechnik > Kabel & Leitungen > Kabelverbinder & Anschlussklemmen
6407513,6407512,Leitungs- & Kabelverbinder,Business & Industrie > Elektronik & Messtechnik > Kabel & Leitungen > Kabelverbinder & Anschlussklemmen > Leitungs- & Kabelverbinder
6407514,6406822,Großhandel & Sonderposten,Business & Industrie > Großhandel & Sonderposten
6407515,6407514,Kleidung & Accessoires(Posten),Business & Industrie > Großhandel & Sonderposten > Kleidung & Accessoires(Posten)
6407516,6407515,Herrenbekleidung,Business & Industrie > Großhandel & Sonderposten > Kleidung & Accessoires(Posten) > Herrenbekleidung
6407517,6407516,Unterwäsche,Business & Industrie > Großhandel & Sonderposten > Kleidung & Accessoires(Posten) > Herrenbekleidung > Unterwäsche
6407221,6406822,Sicherheit & Gebäudeinstandhaltung,Business & Industrie > Sicherheit & Gebäudeinstandhaltung
6407222,6407221,Persönliche Schutzausrüstung,Business & Industrie > Sicherheit & Gebäudeinstandhaltung > Persönliche Schutzausrüstung
6467410,6407222,Arbeitshandschuhe,Business & Industrie > Sicherheit & Gebäudeinstandhaltung > Persönliche Schutzausrüstung > Arbeitshandschuhe
6407223,6407222,Sicherheitswesten,Business & Industrie > Sicherheit & Gebäudeinstandhaltung > Persönliche Schutzausrüstung > Sicherheitswesten
6406673,0,"Computer, Tablets & Netzwerk","Computer, Tablets & Netzwerk"
6406825,6406673,3D-Druck & -Scan,"Computer, Tablets & Netzwerk > 3D-Druck & -Scan"
6406826,6406825,3D-Drucker-Filamente,"Computer, Tablets & Netzwerk > 3D-Druck & -Scan > 3D-Drucker-Filamente"
6406674,6406673,Computer-Komponenten & -Teile,"Computer, Tablets & Netzwerk > Computer-Komponenten & -Teile"
6406827,6406674,Arbeitsspeicher (RAM),"Computer, Tablets & Netzwerk > Computer-Komponenten & -Teile > Arbeitsspeicher (RAM)"
6406828,6406674,Mainboards,"Computer, Tablets & Netzwerk > Computer-Komponenten & -Teile > Mainboards"
6406675,6406673,"Drucker, Scanner & Zubehör","Computer, Tablets & Netzwerk > Drucker, Scanner & Zubehör"
6406829,6406675,Drucker,"Computer, Tablets & Netzwerk > Drucker, Scanner & Zubehör > Drucker"
6406830,6406675,"Tinte, Toner & Papier","Computer, Tablets & Netzwerk > Drucker, Scanner & Zubehör > Tinte, Toner & Papier"
6407224,6406830,Tintenpatronen,"Computer, Tablets & Netzwerk > Drucker, Scanner & Zubehör > Tinte, Toner & Papier > Tintenpatronen"
6406831,6406673,Heimnetzwerke & Zubehör,"Computer, Tablets & Netzwerk > Heimnetzwerke & Zubehör"
6406832,6406831,Kabelgebundene Router,"Computer, Tablets & Netzwerk > Heimnetzwerke & Zubehör > Kabelgebundene Router"
6406677,6406673,Kabel & Steckverbinder,"Computer, Tablets & Netzwerk > Kabel & Steckverbinder"
6407225,6406677,Netzwerkkabel & Adapter,"Computer, Tablets & Netzwerk > Kabel & Steckverbinder > Netzwerkkabel & Adapter"
6407226,6407225,"Splitter, Koppler & Adapter","Computer, Tablets & Netzwerk > Kabel & Steckverbinder > Netzwerkkabel & Adapter > Splitter, Koppler & Adapter"
6406833,6406677,"USB-Kabel, -Hubs & -Adapter","Computer, Tablets & Netzwerk > Kabel & Steckverbinder > USB-Kabel, -Hubs & -Adapter"
6407227,6406673,Laufwerke & Speichermedien,"Computer, Tablets & Netzwerk > Laufwerke & Speichermedien"
6407228,6407227,"Festplatten (HDD, SSD & NAS)","Computer, Tablets & Netzwerk > Laufwerke & Speichermedien > Festplatten (HDD, SSD & NAS)"
6407229,6407228,Solid State Drives (SSD),"Computer, Tablets & Netzwerk > Laufwerke & Speichermedien > Festplatten (HDD, SSD & NAS) > Solid State Drives (SSD)"
6406834,6406673,"Laufwerke, Speichermedien & Rohlinge","Computer, Tablets & Netzwerk > Laufwerke, Speichermedien & Rohlinge"
6406835,6406834,Interne Solid State Drives (SSDs),"Computer, Tablets & Netzwerk > Laufwerke, Speichermedien & Rohlinge > Interne Solid State Drives (SSDs)"
6406836,6406834,Interne SSDs,"Computer, Tablets & Netzwerk > Laufwerke, Speichermedien & Rohlinge > Interne SSDs"
6406837,6406673,Notebook- & Desktop-Zubehör,"Computer, Tablets & Netzwerk > Notebook- & Desktop-Zubehör"
6406838,6406837,Mauspads & Handgelenkauflagen,"Computer, Tablets & Netzwerk > Notebook- & Desktop-Zubehör > Mauspads & Handgelenkauflagen"
6406839,6406837,"Ständer, Halter & Autohalterungen","Computer, Tablets & Netzwerk > Notebook- & Desktop-Zubehör > Ständer, Halter & Autohalterungen"
6406678,6406673,"Tastaturen, Mäuse & Pointing","Computer, Tablets & Netzwerk > Tastaturen, Mäuse & Pointing"
6406840,0,Damen,Damen
6406841,6406840,Unterwäsche & Nachtwäsche,Damen > Unterwäsche & Nachtwäsche
6406842,6406841,BHs & Bustiers,Damen > Unterwäsche & Nachtwäsche > BHs & Bustiers
6406680,0,Damen Unterwäsche,Damen Unterwäsche
6406681,6406680,Slips,Damen Unterwäsche > Slips
6406682,0,Damenbekleidung,Damenbekleidung
6406683,6406682,Blazer,Damenbekleidung > Blazer
6418666,6406682,Leggings,Damenbekleidung > Leggings
6406684,6406682,Mäntel,Damenbekleidung > Mäntel
6467401,0,Damenmode,Damenmode
6467402,6467401,Bodysuits,Damenmode > Bodysuits
6406685,0,Damenunterwäsche,Damenunterwäsche
6406686,6406685,BHs,Damenunterwäsche > BHs
6406687,6406685,String,Damenunterwäsche > String
6418476,6406685,Strings & Tanga,Damenunterwäsche > Strings & Tanga
6406688,0,Damenwäsche & Nachtwäsche,Damenwäsche & Nachtwäsche
6406689,6406688,BHs & Bustiers,Damenwäsche & Nachtwäsche > BHs & Bustiers
6406843,0,Elektronik & Computer,Elektronik & Computer
6406844,6406843,Audio & Hi-Fi,Elektronik & Computer > Audio & Hi-Fi
6406845,6406844,Kopfhörer,Elektronik & Computer > Audio & Hi-Fi > Kopfhörer
6467148,6406843,Computer,Elektronik & Computer > Computer
6467279,6467148,Drucken & Scannen,Elektronik & Computer > Computer > Drucken & Scannen
6467280,6467279,Druckerzubehör,Elektronik & Computer > Computer > Drucken & Scannen > Druckerzubehör
6467281,6467280,3D Druckerzubehör,Elektronik & Computer > Computer > Drucken & Scannen > Druckerzubehör > 3D Druckerzubehör
6467149,6467148,Hardware,Elektronik & Computer > Computer > Hardware
6467150,6467149,Speichermedien,Elektronik & Computer > Computer > Hardware > Speichermedien
6467151,6467150,Festplatten & Zubehör,Elektronik & Computer > Computer > Hardware > Speichermedien > Festplatten & Zubehör
6467152,6467151,Festplatten,Elektronik & Computer > Computer > Hardware > Speichermedien > Festplatten & Zubehör > Festplatten
6467153,6467152,Externe Solid State Drives,Elektronik & Computer > Computer > Hardware > Speichermedien > Festplatten & Zubehör > Festplatten > Externe Solid State Drives
6467236,6406843,Elektronik,Elektronik & Computer > Elektronik
6467237,6467236,Heimkino & Audio,Elektronik & Computer > Elektronik > Heimkino & Audio
6467238,6467237,Hifi & Soundsysteme,Elektronik & Computer > Elektronik > Heimkino & Audio > Hifi & Soundsysteme
6467239,6467238,Kopfhörer-Zubehör,Elektronik & Computer > Elektronik > Heimkino & Audio > Hifi & Soundsysteme > Kopfhörer-Zubehör
6467434,6406843,Kabel & Kabelzubehör,Elektronik & Computer > Kabel & Kabelzubehör
6467435,6467434,Kabel,Elektronik & Computer > Kabel & Kabelzubehör > Kabel
6467436,6467435,Handykabel,Elektronik & Computer > Kabel & Kabelzubehör > Kabel > Handykabel
6406690,0,Erotikartikel,Erotikartikel
6406691,6406690,Vibratoren,Erotikartikel > Vibratoren
6406847,0,Filme & Serien,Filme & Serien
6406848,6406847,Film-Fanartikel,Filme & Serien > Film-Fanartikel
6406849,6406848,Bücher & Skripte,Filme & Serien > Film-Fanartikel > Bücher & Skripte
6406874,0,Garten,Garten
6467135,0,Garten & Heimwerken,Garten & Heimwerken
6467213,6467135,Baumarkt,Garten & Heimwerken > Baumarkt
6467214,6467213,Badausstattung,Garten & Heimwerken > Baumarkt > Badausstattung
6467215,6467214,Badkeramik,Garten & Heimwerken > Baumarkt > Badausstattung > Badkeramik
6467216,6467215,Waschtische,Garten & Heimwerken > Baumarkt > Badausstattung > Badkeramik > Waschtische
6467453,6467214,Duschen,Garten & Heimwerken > Baumarkt > Badausstattung > Duschen
6467308,6467214,Handtuchhalter & -haken,Garten & Heimwerken > Baumarkt > Badausstattung > Handtuchhalter & -haken
6467330,6467213,Bauelemente,Garten & Heimwerken > Baumarkt > Bauelemente
6467353,6467213,Umzugsmaterial,Garten & Heimwerken > Baumarkt > Umzugsmaterial
6467354,6467353,Transporthilfsmittel,Garten & Heimwerken > Baumarkt > Umzugsmaterial > Transporthilfsmittel
6467430,6467213,Werkzeuge,Garten & Heimwerken > Baumarkt > Werkzeuge
6467456,6467430,Elektrowerkzeuge,Garten & Heimwerken > Baumarkt > Werkzeuge > Elektrowerkzeuge
6467457,6467456,Bohrmaschinen & Zubehör,Garten & Heimwerken > Baumarkt > Werkzeuge > Elektrowerkzeuge > Bohrmaschinen & Zubehör
6467458,6467457,Bohrmaschinenzubehör,Garten & Heimwerken > Baumarkt > Werkzeuge > Elektrowerkzeuge > Bohrmaschinen & Zubehör > Bohrmaschinenzubehör
6467459,6467458,Allzweckbohrer,Garten & Heimwerken > Baumarkt > Werkzeuge > Elektrowerkzeuge > Bohrmaschinen & Zubehör > Bohrmaschinenzubehör > Allzweckbohrer
6473389,6467456,Schleifmaschinen & Zubehör,Garten & Heimwerken > Baumarkt > Werkzeuge > Elektrowerkzeuge > Schleifmaschinen & Zubehör
6467431,6467430,Handwerkzeuge,Garten & Heimwerken > Baumarkt > Werkzeuge > Handwerkzeuge
6467302,6467135,Garten,Garten & Heimwerken > Garten
6467380,6467302,Außen- & Gartenbeleuchtung,Garten & Heimwerken > Garten > Außen- & Gartenbeleuchtung
6467381,6467380,Lampenöle,Garten & Heimwerken > Garten > Außen- & Gartenbeleuchtung > Lampenöle
6467316,6467302,Gartengeräte,Garten & Heimwerken > Garten > Gartengeräte
6467317,6467316,Motor-Gartengeräte,Garten & Heimwerken > Garten > Gartengeräte > Motor-Gartengeräte
6467318,6467302,Gartenmöbel & Zubehör,Garten & Heimwerken > Garten > Gartenmöbel & Zubehör
6467319,6467318,Gartenmöbel,Garten & Heimwerken > Garten > Gartenmöbel & Zubehör > Gartenmöbel
6467320,6467319,Gartenliegen,Garten & Heimwerken > Garten > Gartenmöbel & Zubehör > Gartenmöbel > Gartenliegen
6467303,6467302,Grills & Zubehör,Garten & Heimwerken > Garten > Grills & Zubehör
6467384,6467303,Grills,Garten & Heimwerken > Garten > Grills & Zubehör > Grills
6467385,6467384,Holzkohlegrills,Garten & Heimwerken > Garten > Grills & Zubehör > Grills > Holzkohlegrills
6467304,6467303,Grillzubehör,Garten & Heimwerken > Garten > Grills & Zubehör > Grillzubehör
6467305,6467304,Kohleschalen,Garten & Heimwerken > Garten > Grills & Zubehör > Grillzubehör > Kohleschalen
6467136,6467135,Tierbedarf,Garten & Heimwerken > Tierbedarf
6467157,6467136,Hundezubehör,Garten & Heimwerken > Tierbedarf > Hundezubehör
6467158,6467157,Hundebekleidung,Garten & Heimwerken > Tierbedarf > Hundezubehör > Hundebekleidung
6467368,6467158,Hundemäntel,Garten & Heimwerken > Tierbedarf > Hundezubehör > Hundebekleidung > Hundemäntel
6467179,6467158,Hundeschutzhosen,Garten & Heimwerken > Tierbedarf > Hundezubehör > Hundebekleidung > Hundeschutzhosen
6467159,6467158,Sicherheitswesten,Garten & Heimwerken > Tierbedarf > Hundezubehör > Hundebekleidung > Sicherheitswesten
6467137,6467136,Vogelbedarf,Garten & Heimwerken > Tierbedarf > Vogelbedarf
6467138,6467137,Vogelzubehör,Garten & Heimwerken > Tierbedarf > Vogelbedarf > Vogelzubehör
6467139,6467138,Vogelkäfige,Garten & Heimwerken > Tierbedarf > Vogelbedarf > Vogelzubehör > Vogelkäfige
6406692,0,Garten & Terrasse,Garten & Terrasse
6406850,6406692,Beleuchtung,Garten & Terrasse > Beleuchtung
6406851,6406850,Garten- & Terrassenfackeln,Garten & Terrasse > Beleuchtung > Garten- & Terrassenfackeln
6406853,6406850,Solarleuchten,Garten & Terrasse > Beleuchtung > Solarleuchten
6406854,6406850,Strahler & Flutlichter,Garten & Terrasse > Beleuchtung > Strahler & Flutlichter
6406856,6406692,Gartenbauten & Sonnenschutz,Garten & Terrasse > Gartenbauten & Sonnenschutz
6406857,6406856,Sonnenschirmzubehör,Garten & Terrasse > Gartenbauten & Sonnenschutz > Sonnenschirmzubehör
6407230,6406692,Gartengeräte,Garten & Terrasse > Gartengeräte
6407231,6407230,Motor- & Elektrogeräte,Garten & Terrasse > Gartengeräte > Motor- & Elektrogeräte
6407232,6407231,Multifunktionsgeräte,Garten & Terrasse > Gartengeräte > Motor- & Elektrogeräte > Multifunktionsgeräte
6406858,6406692,Gartenmöbel,Garten & Terrasse > Gartenmöbel
6406859,6406858,Gartenliegen,Garten & Terrasse > Gartenmöbel > Gartenliegen
6406693,6406692,Gartenmöbel-Sets,Garten & Terrasse > Gartenmöbel-Sets
6407233,6406692,"Grills, Heizstrahler & Picknick","Garten & Terrasse > Grills, Heizstrahler & Picknick"
6407234,6407233,Grillzubehör,"Garten & Terrasse > Grills, Heizstrahler & Picknick > Grillzubehör"
6407235,6407234,Grillkörbe & -schalen,"Garten & Terrasse > Grills, Heizstrahler & Picknick > Grillzubehör > Grillkörbe & -schalen"
6406860,6406692,"Grills, Heizstrahler & Picknickzubehör","Garten & Terrasse > Grills, Heizstrahler & Picknickzubehör"
6406862,6406860,Grills,"Garten & Terrasse > Grills, Heizstrahler & Picknickzubehör > Grills"
6406863,6406860,Grillzubehör,"Garten & Terrasse > Grills, Heizstrahler & Picknickzubehör > Grillzubehör"
6406865,6406860,Servierwagen,"Garten & Terrasse > Grills, Heizstrahler & Picknickzubehör > Servierwagen"
6406866,6406692,Möbel,Garten & Terrasse > Möbel
6406867,6406866,Möbelschutzhüllen,Garten & Terrasse > Möbel > Möbelschutzhüllen
6406868,6406866,Tische,Garten & Terrasse > Möbel > Tische
6406694,6406692,Motor-Gartengeräte & -zubehör,Garten & Terrasse > Motor-Gartengeräte & -zubehör
6406869,6406694,Kettensägen-Ersatzteile,Garten & Terrasse > Motor-Gartengeräte & -zubehör > Kettensägen-Ersatzteile
6406870,6406694,Kettensägen-Zubehör,Garten & Terrasse > Motor-Gartengeräte & -zubehör > Kettensägen-Zubehör
6406872,6406692,"Pflanzenpflege, Boden & Zubehör","Garten & Terrasse > Pflanzenpflege, Boden & Zubehör"
6406873,6406872,Frostschutz,"Garten & Terrasse > Pflanzenpflege, Boden & Zubehör > Frostschutz"
6406875,6406874,Grills,Garten > Grills
6406876,6406875,Holzkohlegrill,Garten > Grills > Holzkohlegrill
6406877,0,Gastronomie & Hotellerie,Gastronomie & Hotellerie
6406878,6406877,Küchengeräte & Ausstattung,Gastronomie & Hotellerie > Küchengeräte & Ausstattung
6406879,6406878,Speisewärmer & Chafing Dishes,Gastronomie & Hotellerie > Küchengeräte & Ausstattung > Speisewärmer & Chafing Dishes
6406881,6406877,Küchentechnik & -geräte,Gastronomie & Hotellerie > Küchentechnik & -geräte
6406882,6406881,Gastronormbehälter,Gastronomie & Hotellerie > Küchentechnik & -geräte > Gastronormbehälter
6406884,0,Gesundheit & Körperpflege,Gesundheit & Körperpflege
6406885,6406884,Mundpflege,Gesundheit & Körperpflege > Mundpflege
6406886,6406885,Interdentalbürsten,Gesundheit & Körperpflege > Mundpflege > Interdentalbürsten
6406887,0,Gesundheit & Schönheit,Gesundheit & Schönheit
6407236,6406887,Körperpflege,Gesundheit & Schönheit > Körperpflege
6407237,6407236,Nagelpflege,Gesundheit & Schönheit > Körperpflege > Nagelpflege
6407238,6407237,Nagelpilzbehandlung,Gesundheit & Schönheit > Körperpflege > Nagelpflege > Nagelpilzbehandlung
6407239,6406887,Mobilität & Alltagshilfen,Gesundheit & Schönheit > Mobilität & Alltagshilfen
6407240,6407239,Rollstuhl-Zubehör,Gesundheit & Schönheit > Mobilität & Alltagshilfen > Rollstuhl-Zubehör
6407241,6407240,Rollstuhl-Sitzkissen,Gesundheit & Schönheit > Mobilität & Alltagshilfen > Rollstuhl-Zubehör > Rollstuhl-Sitzkissen
6406888,6406887,Mobilitätshilfen,Gesundheit & Schönheit > Mobilitätshilfen
6406889,6406888,Rollatoren,Gesundheit & Schönheit > Mobilitätshilfen > Rollatoren
6406695,0,Handy-Zubehör,Handy-Zubehör
6406890,6406695,Halterungen & Ständer,Handy-Zubehör > Halterungen & Ständer
6406891,6406890,KFZ-Halterungen,Handy-Zubehör > Halterungen & Ständer > KFZ-Halterungen
6406696,6406695,Powerbanks,Handy-Zubehör > Powerbanks
6406892,0,Handys & Kommunikation,Handys & Kommunikation
6407242,6406892,Funktechnik,Handys & Kommunikation > Funktechnik
6407243,6407242,Antennen,Handys & Kommunikation > Funktechnik > Antennen
6407244,6407243,Amateurfunkantennen,Handys & Kommunikation > Funktechnik > Antennen > Amateurfunkantennen
6407245,6407242,Teile & Zubehör,Handys & Kommunikation > Funktechnik > Teile & Zubehör
6407246,6407245,Filter,Handys & Kommunikation > Funktechnik > Teile & Zubehör > Filter
6406893,6406892,Handy-Zubehör,Handys & Kommunikation > Handy-Zubehör
6406894,6406893,Ladegeräte & Dockingstationen,Handys & Kommunikation > Handy-Zubehör > Ladegeräte & Dockingstationen
6406895,6406893,Taschen & Schutzhüllen,Handys & Kommunikation > Handy-Zubehör > Taschen & Schutzhüllen
6406896,0,Haus & Garten,Haus & Garten
6407518,6406896,Bad & Küche,Haus & Garten > Bad & Küche
6407519,6407518,Bad,Haus & Garten > Bad & Küche > Bad
6407520,6407519,Duschen & Duschzubehör,Haus & Garten > Bad & Küche > Bad > Duschen & Duschzubehör
6407521,6407520,Duschschläuche,Haus & Garten > Bad & Küche > Bad > Duschen & Duschzubehör > Duschschläuche
6407248,6406896,Badezimmer,Haus & Garten > Badezimmer
6407249,6407248,Duschen & Duschzubehör,Haus & Garten > Badezimmer > Duschen & Duschzubehör
6407250,6407249,Duschschläuche,Haus & Garten > Badezimmer > Duschen & Duschzubehör > Duschschläuche
6406897,6406896,Beleuchtung,Haus & Garten > Beleuchtung
6407251,6406897,Lampen,Haus & Garten > Beleuchtung > Lampen
6407252,6407251,Tischleuchten,Haus & Garten > Beleuchtung > Lampen > Tischleuchten
6406898,6406897,LED-Streifen & -Leisten,Haus & Garten > Beleuchtung > LED-Streifen & -Leisten
6406899,6406896,Möbel,Haus & Garten > Möbel
6407253,6406899,Betten & Matratzen,Haus & Garten > Möbel > Betten & Matratzen
6407254,6407253,Matratzenauflagen & Topper,Haus & Garten > Möbel > Betten & Matratzen > Matratzenauflagen & Topper
6406900,6406899,Garderoben & Kleiderständer,Haus & Garten > Möbel > Garderoben & Kleiderständer
6407255,0,"Haus, Garten & Baumarkt","Haus, Garten & Baumarkt"
6407256,6407255,Bad & Küche,"Haus, Garten & Baumarkt > Bad & Küche"
6407257,6407256,Badarmaturen,"Haus, Garten & Baumarkt > Bad & Küche > Badarmaturen"
6407258,6407257,Waschtischarmaturen,"Haus, Garten & Baumarkt > Bad & Küche > Badarmaturen > Waschtischarmaturen"
6407259,6407255,Garten & Terrasse,"Haus, Garten & Baumarkt > Garten & Terrasse"
6407260,6407259,Beleuchtung,"Haus, Garten & Baumarkt > Garten & Terrasse > Beleuchtung"
6407261,6407260,Solarleuchten,"Haus, Garten & Baumarkt > Garten & Terrasse > Beleuchtung > Solarleuchten"
6406697,0,Haushalt,Haushalt
6481830,0,Haushalt & Wohnen,Haushalt & Wohnen
6481841,6481830,"Küche, Haushalt & Wohnen","Haushalt & Wohnen > Küche, Haushalt & Wohnen"
6481847,6481841,Mülleimer & Abfallsammler,"Haushalt & Wohnen > Küche, Haushalt & Wohnen > Mülleimer & Abfallsammler"
6481853,6481847,Einbau-Abfallsammler,"Haushalt & Wohnen > Küche, Haushalt & Wohnen > Mülleimer & Abfallsammler > Einbau-Abfallsammler"
6406901,6406697,Kleine Küchengeräte,Haushalt > Kleine Küchengeräte
6406902,6406901,Kühlboxen & Mini-Kühlschränke,Haushalt > Kleine Küchengeräte > Kühlboxen & Mini-Kühlschränke
6407262,6406697,Küche,Haushalt > Küche
6407263,6407262,Küchengeräte Zubehör,Haushalt > Küche > Küchengeräte Zubehör
6407264,6407263,Wassersprudler Zubehör,Haushalt > Küche > Küchengeräte Zubehör > Wassersprudler Zubehör
6407265,6406697,"Küche, Kochen & Genießen","Haushalt > Küche, Kochen & Genießen"
6407267,6407265,Küchengeräte,"Haushalt > Küche, Kochen & Genießen > Küchengeräte"
6407268,6407267,Sodastream & Wassersprudler Zubehör,"Haushalt > Küche, Kochen & Genießen > Küchengeräte > Sodastream & Wassersprudler Zubehör"
6406698,6406697,Reinigungsgeräte,Haushalt > Reinigungsgeräte
6406699,0,Haushaltsgeräte,Haushaltsgeräte
6406700,6406699,Geschirrspülmaschinen,Haushaltsgeräte > Geschirrspülmaschinen
6406903,6406699,"Kaffee-, Tee- & Espressomaschinen","Haushaltsgeräte > Kaffee-, Tee- & Espressomaschinen"
6406904,6406903,Filter-Kaffeemaschinen,"Haushaltsgeräte > Kaffee-, Tee- & Espressomaschinen > Filter-Kaffeemaschinen"
6406905,6406903,Kaffeevollautomaten,"Haushaltsgeräte > Kaffee-, Tee- & Espressomaschinen > Kaffeevollautomaten"
6406906,6406699,Kleingeräte Haushalt,Haushaltsgeräte > Kleingeräte Haushalt
6406907,6406906,Dampfreiniger,Haushaltsgeräte > Kleingeräte Haushalt > Dampfreiniger
6406908,6406699,Kleingeräte Küche,Haushaltsgeräte > Kleingeräte Küche
6406909,6406908,Entsafter & Saftpressen,Haushaltsgeräte > Kleingeräte Küche > Entsafter & Saftpressen
6406910,6406908,Fritteusen,Haushaltsgeräte > Kleingeräte Küche > Fritteusen
6406911,6406908,Nudelmaschinen,Haushaltsgeräte > Kleingeräte Küche > Nudelmaschinen
6406912,6406908,Standmixer,Haushaltsgeräte > Kleingeräte Küche > Standmixer
6406701,6406699,Klimaanlagen & Heizgeräte,Haushaltsgeräte > Klimaanlagen & Heizgeräte
6407269,6406701,Ventilatoren & Luftbehandlung,Haushaltsgeräte > Klimaanlagen & Heizgeräte > Ventilatoren & Luftbehandlung
6407270,6407269,Stand- & Tischventilatoren,Haushaltsgeräte > Klimaanlagen & Heizgeräte > Ventilatoren & Luftbehandlung > Stand- & Tischventilatoren
6406913,6406699,Staubsauger & Zubehör,Haushaltsgeräte > Staubsauger & Zubehör
6406914,6406913,Staubsauger,Haushaltsgeräte > Staubsauger & Zubehör > Staubsauger
6406915,6406913,Staubsaugerzubehör,Haushaltsgeräte > Staubsauger & Zubehör > Staubsaugerzubehör
6406916,6406699,Waschmaschinen & Trockner,Haushaltsgeräte > Waschmaschinen & Trockner
6406917,6406916,Waschmaschinen- & Trocknerteile,Haushaltsgeräte > Waschmaschinen & Trockner > Waschmaschinen- & Trocknerteile
6406702,0,Haustierbedarf,Haustierbedarf
6406703,6406702,Fische & Aquarien,Haustierbedarf > Fische & Aquarien
6406918,6406702,Hunde,Haustierbedarf > Hunde
6406919,6406918,Hundeboxen & -käfige,Haustierbedarf > Hunde > Hundeboxen & -käfige
6406920,6406702,Katzen,Haustierbedarf > Katzen
6406921,6406920,Kratzbäume & Möbel,Haustierbedarf > Katzen > Kratzbäume & Möbel
6406922,6406920,Näpfe & Trinkbrunnen,Haustierbedarf > Katzen > Näpfe & Trinkbrunnen
6406704,6406702,Vogelkäfige & Volieren,Haustierbedarf > Vogelkäfige & Volieren
6406705,0,Heimwerker,Heimwerker
6406706,6406705,Bad & Küche,Heimwerker > Bad & Küche
6407271,6406706,Armaturen,Heimwerker > Bad & Küche > Armaturen
6407272,6407271,Waschtischarmaturen,Heimwerker > Bad & Küche > Armaturen > Waschtischarmaturen
6406923,6406706,Bad,Heimwerker > Bad & Küche > Bad
6407273,6406706,Badaccessoires,Heimwerker > Bad & Küche > Badaccessoires
6407274,6407273,Handtuchhalter,Heimwerker > Bad & Küche > Badaccessoires > Handtuchhalter
6407275,6406706,Badarmaturen,Heimwerker > Bad & Küche > Badarmaturen
6407276,6407275,Waschtischarmaturen,Heimwerker > Bad & Küche > Badarmaturen > Waschtischarmaturen
6406924,6406706,Küche,Heimwerker > Bad & Küche > Küche
6407277,6406924,Küchenarmaturen,Heimwerker > Bad & Küche > Küche > Küchenarmaturen
6406925,6406705,Elektromaterial,Heimwerker > Elektromaterial
6406926,6406925,"Steckdosen, Schalter & Zubehör","Heimwerker > Elektromaterial > Steckdosen, Schalter & Zubehör"
6407522,6406926,"Smart-Steckdosen, -Wandschalter & -Zwischenstecker","Heimwerker > Elektromaterial > Steckdosen, Schalter & Zubehör > Smart-Steckdosen, -Wandschalter & -Zwischenstecker"
6407523,6407522,Smart-Wandschalter,"Heimwerker > Elektromaterial > Steckdosen, Schalter & Zubehör > Smart-Steckdosen, -Wandschalter & -Zwischenstecker > Smart-Wandschalter"
6407278,6406705,Erneuerbare Energie,Heimwerker > Erneuerbare Energie
6407279,6407278,Solarenergie,Heimwerker > Erneuerbare Energie > Solarenergie
6407280,6407279,Solarmodule,Heimwerker > Erneuerbare Energie > Solarenergie > Solarmodule
6406927,6406705,"Farben, Lasuren & Lacke","Heimwerker > Farben, Lasuren & Lacke"
6406928,6406927,Holzschutzmittel,"Heimwerker > Farben, Lasuren & Lacke > Holzschutzmittel"
6406929,6406705,"Farben, Tapeten & Zubehör","Heimwerker > Farben, Tapeten & Zubehör"
6406930,6406929,"Tapeten, Werkzeuge & Zubehör","Heimwerker > Farben, Tapeten & Zubehör > Tapeten, Werkzeuge & Zubehör"
6407281,6406705,"Heizen, Klima & Sanitär","Heimwerker > Heizen, Klima & Sanitär"
6407282,6407281,"Heizungs-, Klima- & Sanitärprüfgeräte","Heimwerker > Heizen, Klima & Sanitär > Heizungs-, Klima- & Sanitärprüfgeräte"
6407283,6407282,Rohrinstallations-Sets,"Heimwerker > Heizen, Klima & Sanitär > Heizungs-, Klima- & Sanitärprüfgeräte > Rohrinstallations-Sets"
6407284,6407281,Wasser,"Heimwerker > Heizen, Klima & Sanitär > Wasser"
6407285,6407284,Pumpen & Wasserfiltersysteme,"Heimwerker > Heizen, Klima & Sanitär > Wasser > Pumpen & Wasserfiltersysteme"
6407286,6407284,Ventile,"Heimwerker > Heizen, Klima & Sanitär > Wasser > Ventile"
6406931,6406705,Schrankbeschläge & -teile,Heimwerker > Schrankbeschläge & -teile
6406932,6406931,Schubladenschienen,Heimwerker > Schrankbeschläge & -teile > Schubladenschienen
6406933,6406705,"Schwimmbecken, Saunen & Außenwhirlpools","Heimwerker > Schwimmbecken, Saunen & Außenwhirlpools"
6406934,6406933,Schwimmbeckenbedarf,"Heimwerker > Schwimmbecken, Saunen & Außenwhirlpools > Schwimmbeckenbedarf"
6406935,6406705,Werkzeuge,Heimwerker > Werkzeuge
6406936,6406935,Elektrowerkzeug- & Druckluftgerät-Zubehör,Heimwerker > Werkzeuge > Elektrowerkzeug- & Druckluftgerät-Zubehör
6407287,6406936,Bohrer-Bits,Heimwerker > Werkzeuge > Elektrowerkzeug- & Druckluftgerät-Zubehör > Bohrer-Bits
6406937,6406935,Elektrowerkzeuge,Heimwerker > Werkzeuge > Elektrowerkzeuge
6407288,6406937,Schleifmaschinen,Heimwerker > Werkzeuge > Elektrowerkzeuge > Schleifmaschinen
6406938,6406935,Handwerkzeuge,Heimwerker > Werkzeuge > Handwerkzeuge
6407289,6406938,Messer,Heimwerker > Werkzeuge > Handwerkzeuge > Messer
6407290,6406938,Schraubenschlüssel,Heimwerker > Werkzeuge > Handwerkzeuge > Schraubenschlüssel
6407524,6407290,Steckschlüssel,Heimwerker > Werkzeuge > Handwerkzeuge > Schraubenschlüssel > Steckschlüssel
6407291,6406938,Seilzüge & Winden,Heimwerker > Werkzeuge > Handwerkzeuge > Seilzüge & Winden
6406939,6406935,Messwerkzeuge & Messgeräte,Heimwerker > Werkzeuge > Messwerkzeuge & Messgeräte
6407292,6406939,Messschieber,Heimwerker > Werkzeuge > Messwerkzeuge & Messgeräte > Messschieber
6406707,0,Herrenhosen,Herrenhosen
6406708,6406707,Cargohosen,Herrenhosen > Cargohosen
6406940,0,Kinderbekleidung,Kinderbekleidung
6406941,6406940,Hosen,Kinderbekleidung > Hosen
6406942,6406941,Schneehosen,Kinderbekleidung > Hosen > Schneehosen
6406943,0,Kleidung & Accessoires,Kleidung & Accessoires
6406944,6406943,Damen,Kleidung & Accessoires > Damen
6407525,6406944,Damen-Accessoires,Kleidung & Accessoires > Damen > Damen-Accessoires
6407526,6407525,Sonnenbrillen & Zubehör,Kleidung & Accessoires > Damen > Damen-Accessoires > Sonnenbrillen & Zubehör
6407527,6407526,Sonnenbrillen,Kleidung & Accessoires > Damen > Damen-Accessoires > Sonnenbrillen & Zubehör > Sonnenbrillen
6467276,6406944,Damenmode,Kleidung & Accessoires > Damen > Damenmode
6467277,6467276,Leggings,Kleidung & Accessoires > Damen > Damenmode > Leggings
6406945,6406944,Damenschuhe,Kleidung & Accessoires > Damen > Damenschuhe
6407293,6406945,Halbschuhe & Ballerinas,Kleidung & Accessoires > Damen > Damenschuhe > Halbschuhe & Ballerinas
6407294,6406945,Sneaker,Kleidung & Accessoires > Damen > Damenschuhe > Sneaker
6407295,6406945,Stiefel & Stiefeletten,Kleidung & Accessoires > Damen > Damenschuhe > Stiefel & Stiefeletten
6407296,6406944,Unterwäsche,Kleidung & Accessoires > Damen > Unterwäsche
6407297,6407296,Slips & Strings,Kleidung & Accessoires > Damen > Unterwäsche > Slips & Strings
6418474,6406943,Damen-Accessoires,Kleidung & Accessoires > Damen-Accessoires
6418475,6418474,Gürtel,Kleidung & Accessoires > Damen-Accessoires > Gürtel
6406946,6406943,Damenbekleidung,Kleidung & Accessoires > Damenbekleidung
6407298,6406946,"Jacken, Mäntel & Westen","Kleidung & Accessoires > Damenbekleidung > Jacken, Mäntel & Westen"
6407299,6407298,Mäntel,"Kleidung & Accessoires > Damenbekleidung > Jacken, Mäntel & Westen > Mäntel"
6406947,6406946,Jeans,Kleidung & Accessoires > Damenbekleidung > Jeans
6407300,6406946,Pullover & Strickjacken,Kleidung & Accessoires > Damenbekleidung > Pullover & Strickjacken
6407301,6407300,Pullover,Kleidung & Accessoires > Damenbekleidung > Pullover & Strickjacken > Pullover
6406948,6406943,Damenmode,Kleidung & Accessoires > Damenmode
6406949,6406948,Hosen,Kleidung & Accessoires > Damenmode > Hosen
6418459,6406948,Hosen & Leggings,Kleidung & Accessoires > Damenmode > Hosen & Leggings
6418460,6418459,Leggings,Kleidung & Accessoires > Damenmode > Hosen & Leggings > Leggings
6407302,6406948,Jacken & Mäntel,Kleidung & Accessoires > Damenmode > Jacken & Mäntel
6407303,6407302,Daunenjacken,Kleidung & Accessoires > Damenmode > Jacken & Mäntel > Daunenjacken
6407304,6406948,Unterwäsche & Nachtwäsche,Kleidung & Accessoires > Damenmode > Unterwäsche & Nachtwäsche
6407305,6407304,BHs,Kleidung & Accessoires > Damenmode > Unterwäsche & Nachtwäsche > BHs
6407306,6407304,Shapewear,Kleidung & Accessoires > Damenmode > Unterwäsche & Nachtwäsche > Shapewear
6407528,6407304,Unterwäsche,Kleidung & Accessoires > Damenmode > Unterwäsche & Nachtwäsche > Unterwäsche
6407529,6407528,Strings & Tangas,Kleidung & Accessoires > Damenmode > Unterwäsche & Nachtwäsche > Unterwäsche > Strings & Tangas
6406950,6406943,Herren,Kleidung & Accessoires > Herren
6407307,6406950,Herren-Accessoires,Kleidung & Accessoires > Herren > Herren-Accessoires
6407308,6407307,Geldbörsen & Etuis,Kleidung & Accessoires > Herren > Herren-Accessoires > Geldbörsen & Etuis
6407309,6407307,Handschuhe & Fäustlinge,Kleidung & Accessoires > Herren > Herren-Accessoires > Handschuhe & Fäustlinge
6406951,6406950,Herrenmode,Kleidung & Accessoires > Herren > Herrenmode
6407310,6406951,Pullover & Strick,Kleidung & Accessoires > Herren > Herrenmode > Pullover & Strick
6407530,6406951,Shirts & Hemden,Kleidung & Accessoires > Herren > Herrenmode > Shirts & Hemden
6407531,6407530,Freizeithemden & Shirts,Kleidung & Accessoires > Herren > Herrenmode > Shirts & Hemden > Freizeithemden & Shirts
6407532,6407530,Poloshirts,Kleidung & Accessoires > Herren > Herrenmode > Shirts & Hemden > Poloshirts
6407533,6407530,T-Shirts,Kleidung & Accessoires > Herren > Herrenmode > Shirts & Hemden > T-Shirts
6407311,6406951,Unterwäsche,Kleidung & Accessoires > Herren > Herrenmode > Unterwäsche
6407312,6406950,Herrenschuhe,Kleidung & Accessoires > Herren > Herrenschuhe
6407313,6407312,Hausschuhe,Kleidung & Accessoires > Herren > Herrenschuhe > Hausschuhe
6407314,6407312,Sandalen,Kleidung & Accessoires > Herren > Herrenschuhe > Sandalen
6407315,6407312,Sneaker,Kleidung & Accessoires > Herren > Herrenschuhe > Sneaker
6407316,6407312,Stiefel,Kleidung & Accessoires > Herren > Herrenschuhe > Stiefel
6407317,6406950,Unterwäsche,Kleidung & Accessoires > Herren > Unterwäsche
6407318,6407317,Boxershorts,Kleidung & Accessoires > Herren > Unterwäsche > Boxershorts
6406952,6406943,Herren-Accessoires,Kleidung & Accessoires > Herren-Accessoires
6406953,6406952,Gürtel,Kleidung & Accessoires > Herren-Accessoires > Gürtel
6406954,6406943,Herrenmode,Kleidung & Accessoires > Herrenmode
6407319,6406954,Hemden,Kleidung & Accessoires > Herrenmode > Hemden
6407320,6407319,Freizeithemden,Kleidung & Accessoires > Herrenmode > Hemden > Freizeithemden
6406955,6406954,Hosen,Kleidung & Accessoires > Herrenmode > Hosen
6407321,6406955,Cargohosen,Kleidung & Accessoires > Herrenmode > Hosen > Cargohosen
6406956,6406954,Jeans,Kleidung & Accessoires > Herrenmode > Jeans
6406957,6406954,T-Shirts,Kleidung & Accessoires > Herrenmode > T-Shirts
6407322,6406954,Unterwäsche,Kleidung & Accessoires > Herrenmode > Unterwäsche
6407323,6407322,Boxershorts,Kleidung & Accessoires > Herrenmode > Unterwäsche > Boxershorts
6407534,6406943,Kinder,Kleidung & Accessoires > Kinder
6407535,6407534,Jungen,Kleidung & Accessoires > Kinder > Jungen
6407536,6407535,Mode für Jungen,Kleidung & Accessoires > Kinder > Jungen > Mode für Jungen
6407537,6407536,"T-Shirts, Polos & Hemden","Kleidung & Accessoires > Kinder > Jungen > Mode für Jungen > T-Shirts, Polos & Hemden"
6407538,6407534,Unisex für Kinder,Kleidung & Accessoires > Kinder > Unisex für Kinder
6407539,6407538,Unisex-Mode,Kleidung & Accessoires > Kinder > Unisex für Kinder > Unisex-Mode
6407540,6407539,Kapuzenpullover & Sweatshirts,Kleidung & Accessoires > Kinder > Unisex für Kinder > Unisex-Mode > Kapuzenpullover & Sweatshirts
6407324,6406943,Kostüme & Verkleidungen,Kleidung & Accessoires > Kostüme & Verkleidungen
6407325,6407324,Kostüme,Kleidung & Accessoires > Kostüme & Verkleidungen > Kostüme
6407326,6407325,70er & 80er Jahre Kostüme,Kleidung & Accessoires > Kostüme & Verkleidungen > Kostüme > 70er & 80er Jahre Kostüme
6407327,6406943,Spezielle Anlässe,Kleidung & Accessoires > Spezielle Anlässe
6407328,6407327,Erotik,Kleidung & Accessoires > Spezielle Anlässe > Erotik
6407329,6407328,Kostüme für Damen,Kleidung & Accessoires > Spezielle Anlässe > Erotik > Kostüme für Damen
6407541,6407327,Kostüme & Verkleidungen,Kleidung & Accessoires > Spezielle Anlässe > Kostüme & Verkleidungen
6407542,6407541,Kostüme,Kleidung & Accessoires > Spezielle Anlässe > Kostüme & Verkleidungen > Kostüme
6407543,6407542,Baby- & Kleinkinderkostüme,Kleidung & Accessoires > Spezielle Anlässe > Kostüme & Verkleidungen > Kostüme > Baby- & Kleinkinderkostüme
6407544,6407327,Vintage-Mode,Kleidung & Accessoires > Spezielle Anlässe > Vintage-Mode
6407545,6407544,Vintage-Accessoires,Kleidung & Accessoires > Spezielle Anlässe > Vintage-Mode > Vintage-Accessoires
6407546,6407545,Geldbörsen & Etuis,Kleidung & Accessoires > Spezielle Anlässe > Vintage-Mode > Vintage-Accessoires > Geldbörsen & Etuis
6407547,6407545,"Krawatten, -schals & Fliegen","Kleidung & Accessoires > Spezielle Anlässe > Vintage-Mode > Vintage-Accessoires > Krawatten, -schals & Fliegen"
6407548,6407544,Vintage-Mode für Herren,Kleidung & Accessoires > Spezielle Anlässe > Vintage-Mode > Vintage-Mode für Herren
6407549,6407548,Pullover & Strickjacken,Kleidung & Accessoires > Spezielle Anlässe > Vintage-Mode > Vintage-Mode für Herren > Pullover & Strickjacken
6406709,0,Koffer & Gepäck,Koffer & Gepäck
6406710,6406709,Koffer,Koffer & Gepäck > Koffer
6406711,0,Koffer & Reisegepäck,Koffer & Reisegepäck
6406712,6406711,Koffer,Koffer & Reisegepäck > Koffer
6406713,6406711,Koffer & Trolleys,Koffer & Reisegepäck > Koffer & Trolleys
6467126,0,Körperpflege & Gesundheit,Körperpflege & Gesundheit
6467407,6467126,Gehhilfen,Körperpflege & Gesundheit > Gehhilfen
6467408,6467407,Rollatoren,Körperpflege & Gesundheit > Gehhilfen > Rollatoren
6467424,6467407,Rollstuhl-Zubehör,Körperpflege & Gesundheit > Gehhilfen > Rollstuhl-Zubehör
6467268,6467126,Hautpflege,Körperpflege & Gesundheit > Hautpflege
6467441,6467126,Hygiene,Körperpflege & Gesundheit > Hygiene
6467442,6467441,Damenhygiene,Körperpflege & Gesundheit > Hygiene > Damenhygiene
6467443,6467442,Periodenunterwäsche,Körperpflege & Gesundheit > Hygiene > Damenhygiene > Periodenunterwäsche
6467127,6467126,Nagelpflege,Körperpflege & Gesundheit > Nagelpflege
6467128,6467127,Nageltattoos,Körperpflege & Gesundheit > Nagelpflege > Nageltattoos
6467154,6467126,Rasierer & Rasierzubehör,Körperpflege & Gesundheit > Rasierer & Rasierzubehör
6467155,6467154,Rasierer,Körperpflege & Gesundheit > Rasierer & Rasierzubehör > Rasierer
6467156,6467155,Rasiermesser,Körperpflege & Gesundheit > Rasierer & Rasierzubehör > Rasierer > Rasiermesser
6406650,0,Kostüme & Verkleid,Kostüme & Verkleid
6406714,0,Kostüme & Verkleidungen,Kostüme & Verkleidungen
6406715,6406714,Damen-Kostüme,Kostüme & Verkleidungen > Damen-Kostüme
6406958,6406714,Herrenkostüme,Kostüme & Verkleidungen > Herrenkostüme
6406959,6406958,Hemden & Oberteile,Kostüme & Verkleidungen > Herrenkostüme > Hemden & Oberteile
6406960,6406714,Historische & Fantasy-Kostüme,Kostüme & Verkleidungen > Historische & Fantasy-Kostüme
6406961,6406960,Piraten & Seefahrer,Kostüme & Verkleidungen > Historische & Fantasy-Kostüme > Piraten & Seefahrer
6406716,6406714,Kinder-Kostüme,Kostüme & Verkleidungen > Kinder-Kostüme
6406717,6406714,Kinderkostüme,Kostüme & Verkleidungen > Kinderkostüme
6406718,6406714,Kostümzubehör,Kostüme & Verkleidungen > Kostümzubehör
6406719,0,Küche & Haushalt,Küche & Haushalt
6406962,6406719,Aufbewahrung & Organisation,Küche & Haushalt > Aufbewahrung & Organisation
6406963,6406962,Schubladenteiler,Küche & Haushalt > Aufbewahrung & Organisation > Schubladenteiler
6406966,6406719,Geschirr,Küche & Haushalt > Geschirr
6406964,6406719,Geschirr & Besteck,Küche & Haushalt > Geschirr & Besteck
6406965,6406964,Gläser,Küche & Haushalt > Geschirr & Besteck > Gläser
6406967,6406966,Glas-Sets,Küche & Haushalt > Geschirr > Glas-Sets
6406968,6406719,Gläser,Küche & Haushalt > Gläser
6406969,6406968,Kaffeegläser,Küche & Haushalt > Gläser > Kaffeegläser
6407330,6406719,Kleingeräte Küche,Küche & Haushalt > Kleingeräte Küche
6407331,6407330,Wassersprudler & Zubehör,Küche & Haushalt > Kleingeräte Küche > Wassersprudler & Zubehör
6407332,6407331,CO2-Zylinder,Küche & Haushalt > Kleingeräte Küche > Wassersprudler & Zubehör > CO2-Zylinder
6407333,6406719,Kochen & Genießen,Küche & Haushalt > Kochen & Genießen
6407334,6407333,Wasser-Aufbereitung,Küche & Haushalt > Kochen & Genießen > Wasser-Aufbereitung
6407335,6407334,Wassersprudler Zubehör,Küche & Haushalt > Kochen & Genießen > Wasser-Aufbereitung > Wassersprudler Zubehör
6406720,6406719,Kochgeschirr,Küche & Haushalt > Kochgeschirr
6406970,6406719,Küchengeräte,Küche & Haushalt > Küchengeräte
6406971,6406970,Heißluftfritteusen,Küche & Haushalt > Küchengeräte > Heißluftfritteusen
6406721,6406719,Mülleimer & Abfallsammler,Küche & Haushalt > Mülleimer & Abfallsammler
6467129,0,Küchenartikel & Haushaltsartikel,Küchenartikel & Haushaltsartikel
6467332,6467129,Haushaltsgeräte,Küchenartikel & Haushaltsartikel > Haushaltsgeräte
6467333,6467332,Haushaltskleingeräte,Küchenartikel & Haushaltsartikel > Haushaltsgeräte > Haushaltskleingeräte
6467334,6467333,Reinigungsgeräte,Küchenartikel & Haushaltsartikel > Haushaltsgeräte > Haushaltskleingeräte > Reinigungsgeräte
6467335,6467334,Staubsauger & Zubehör,Küchenartikel & Haushaltsartikel > Haushaltsgeräte > Haushaltskleingeräte > Reinigungsgeräte > Staubsauger & Zubehör
6467460,6467335,Staubsaugerzubehör,Küchenartikel & Haushaltsartikel > Haushaltsgeräte > Haushaltskleingeräte > Reinigungsgeräte > Staubsauger & Zubehör > Staubsaugerzubehör
6467393,6467333,Thermometer,Küchenartikel & Haushaltsartikel > Haushaltsgeräte > Haushaltskleingeräte > Thermometer
6467394,6467393,Badethermometer,Küchenartikel & Haushaltsartikel > Haushaltsgeräte > Haushaltskleingeräte > Thermometer > Badethermometer
6467203,6467129,Haushaltswaren,Küchenartikel & Haushaltsartikel > Haushaltswaren
6467306,6467203,Eimer,Küchenartikel & Haushaltsartikel > Haushaltswaren > Eimer
6467307,6467306,Badezimmermülleimer,Küchenartikel & Haushaltsartikel > Haushaltswaren > Eimer > Badezimmermülleimer
6467204,6467203,Okulare & Optik,Küchenartikel & Haushaltsartikel > Haushaltswaren > Okulare & Optik
6467205,6467204,Ferngläser & Zubehör,Küchenartikel & Haushaltsartikel > Haushaltswaren > Okulare & Optik > Ferngläser & Zubehör
6467163,6467129,Küchengeräte,Küchenartikel & Haushaltsartikel > Küchengeräte
6467164,6467163,Küchengroßgeräte,Küchenartikel & Haushaltsartikel > Küchengeräte > Küchengroßgeräte
6467165,6467164,Geschirrspüler & Zubehör,Küchenartikel & Haushaltsartikel > Küchengeräte > Küchengroßgeräte > Geschirrspüler & Zubehör
6467166,6467165,Spülmaschinenzubehör,Küchenartikel & Haushaltsartikel > Küchengeräte > Küchengroßgeräte > Geschirrspüler & Zubehör > Spülmaschinenzubehör
6467167,6467166,Besteckkörbe,Küchenartikel & Haushaltsartikel > Küchengeräte > Küchengroßgeräte > Geschirrspüler & Zubehör > Spülmaschinenzubehör > Besteckkörbe
6467266,6467163,Küchenkleingeräte,Küchenartikel & Haushaltsartikel > Küchengeräte > Küchenkleingeräte
6467337,6467266,Chafing Dishes,Küchenartikel & Haushaltsartikel > Küchengeräte > Küchenkleingeräte > Chafing Dishes
6467267,6467266,Gastronomiebedarf,Küchenartikel & Haushaltsartikel > Küchengeräte > Küchenkleingeräte > Gastronomiebedarf
6467130,6467129,Küchenzubehör,Küchenartikel & Haushaltsartikel > Küchenzubehör
6467131,6467130,Barbedarf,Küchenartikel & Haushaltsartikel > Küchenzubehör > Barbedarf
6467132,6467131,Schank- & Zapfanlagen,Küchenartikel & Haushaltsartikel > Küchenzubehör > Barbedarf > Schank- & Zapfanlagen
6467133,6467132,Wassersprudler,Küchenartikel & Haushaltsartikel > Küchenzubehör > Barbedarf > Schank- & Zapfanlagen > Wassersprudler
6467499,6467130,Geschirre,Küchenartikel & Haushaltsartikel > Küchenzubehör > Geschirre
6467500,6467499,Schüsseln & Schalen,Küchenartikel & Haushaltsartikel > Küchenzubehör > Geschirre > Schüsseln & Schalen
6467233,6467130,Kochgeschirr,Küchenartikel & Haushaltsartikel > Küchenzubehör > Kochgeschirr
6467234,6467233,Pfannen,Küchenartikel & Haushaltsartikel > Küchenzubehör > Kochgeschirr > Pfannen
6467452,6467234,Grillpfannen,Küchenartikel & Haushaltsartikel > Küchenzubehör > Kochgeschirr > Pfannen > Grillpfannen
6467235,6467234,Pfannensets,Küchenartikel & Haushaltsartikel > Küchenzubehör > Kochgeschirr > Pfannen > Pfannensets
6467467,6467130,Küchenaufbewahrung,Küchenartikel & Haushaltsartikel > Küchenzubehör > Küchenaufbewahrung
6406997,0,Möbel,Möbel
6406722,0,Möbel & Wohnen,Möbel & Wohnen
6407336,6406722,Badezimmer,Möbel & Wohnen > Badezimmer
6407337,6407336,Badezimmerzubehör,Möbel & Wohnen > Badezimmer > Badezimmerzubehör
6407338,6407337,"Badvorleger, Teppiche & Toilettensitzabdeckungen","Möbel & Wohnen > Badezimmer > Badezimmerzubehör > Badvorleger, Teppiche & Toilettensitzabdeckungen"
6407339,6407337,Handtuchhalter,Möbel & Wohnen > Badezimmer > Badezimmerzubehör > Handtuchhalter
6407340,6407336,Dusch- & Badewannenzubehör,Möbel & Wohnen > Badezimmer > Dusch- & Badewannenzubehör
6407341,6407340,Anti-Rutsch-Lösungen,Möbel & Wohnen > Badezimmer > Dusch- & Badewannenzubehör > Anti-Rutsch-Lösungen
6406723,6406722,Beleuchtung,Möbel & Wohnen > Beleuchtung
6406972,6406722,Betten & Matratzen,Möbel & Wohnen > Betten & Matratzen
6406973,6406972,Matratzen,Möbel & Wohnen > Betten & Matratzen > Matratzen
6406724,6406722,"Bettwaren, -wäsche & Matratzen","Möbel & Wohnen > Bettwaren, -wäsche & Matratzen"
6406974,6406724,Bettlaken,"Möbel & Wohnen > Bettwaren, -wäsche & Matratzen > Bettlaken"
6406975,6406724,Bettwäsche,"Möbel & Wohnen > Bettwaren, -wäsche & Matratzen > Bettwäsche"
6406976,6406724,Kopfkissen & Körperkissen,"Möbel & Wohnen > Bettwaren, -wäsche & Matratzen > Kopfkissen & Körperkissen"
6406977,6406722,Dekoration,Möbel & Wohnen > Dekoration
6406978,6406977,Deko-Accessoires,Möbel & Wohnen > Dekoration > Deko-Accessoires
6406979,6406977,"Figuren, Skulpturen & Statuen","Möbel & Wohnen > Dekoration > Figuren, Skulpturen & Statuen"
6406980,6406722,Feste & Besondere Anlässe,Möbel & Wohnen > Feste & Besondere Anlässe
6406981,6406980,Party- & Eventdekoration,Möbel & Wohnen > Feste & Besondere Anlässe > Party- & Eventdekoration
6407342,6406722,Haushalt,Möbel & Wohnen > Haushalt
6407343,6407342,Putzgeräte,Möbel & Wohnen > Haushalt > Putzgeräte
6407344,6407343,Reinigungshandschuhe,Möbel & Wohnen > Haushalt > Putzgeräte > Reinigungshandschuhe
6407345,6407342,Wäsche,Möbel & Wohnen > Haushalt > Wäsche
6407346,6407345,Wäscheständer,Möbel & Wohnen > Haushalt > Wäsche > Wäscheständer
6406982,6406722,Hochzeitsdekoration,Möbel & Wohnen > Hochzeitsdekoration
6406983,6406982,Gastgeschenke,Möbel & Wohnen > Hochzeitsdekoration > Gastgeschenke
6406725,6406722,Kindermöbel & Wohnen,Möbel & Wohnen > Kindermöbel & Wohnen
6406984,6406725,Badzubehör & -textilien,Möbel & Wohnen > Kindermöbel & Wohnen > Badzubehör & -textilien
6407347,6406725,Bettwaren & -wäsche,Möbel & Wohnen > Kindermöbel & Wohnen > Bettwaren & -wäsche
6407348,6407347,Bettdecken,Möbel & Wohnen > Kindermöbel & Wohnen > Bettwaren & -wäsche > Bettdecken
6407349,6406725,Kochen & Essen,Möbel & Wohnen > Kindermöbel & Wohnen > Kochen & Essen
6407350,6407349,Schüsseln & Teller,Möbel & Wohnen > Kindermöbel & Wohnen > Kochen & Essen > Schüsseln & Teller
6406726,6406722,Kochen & Genießen,Möbel & Wohnen > Kochen & Genießen
6406985,6406726,Backbleche & -formen,Möbel & Wohnen > Kochen & Genießen > Backbleche & -formen
6407351,6406726,Bar & Wein-Accessoires,Möbel & Wohnen > Kochen & Genießen > Bar & Wein-Accessoires
6407352,6407351,Dekanter,Möbel & Wohnen > Kochen & Genießen > Bar & Wein-Accessoires > Dekanter
6407353,6406726,Gedeckter Tisch,Möbel & Wohnen > Kochen & Genießen > Gedeckter Tisch
6407354,6407353,Servierplatten & -schalen,Möbel & Wohnen > Kochen & Genießen > Gedeckter Tisch > Servierplatten & -schalen
6407355,6407353,Tischsets,Möbel & Wohnen > Kochen & Genießen > Gedeckter Tisch > Tischsets
6406986,6406726,Gläser & Glaswaren,Möbel & Wohnen > Kochen & Genießen > Gläser & Glaswaren
6406987,6406726,Küchenhelfer,Möbel & Wohnen > Kochen & Genießen > Küchenhelfer
6407356,6406987,Gewürzmühlen & -streuer,Möbel & Wohnen > Kochen & Genießen > Küchenhelfer > Gewürzmühlen & -streuer
6406988,6406726,Küchenmesser,Möbel & Wohnen > Kochen & Genießen > Küchenmesser
6407357,6406726,Ordnung & Aufbewahrung,Möbel & Wohnen > Kochen & Genießen > Ordnung & Aufbewahrung
6407358,6407357,Brotdosen,Möbel & Wohnen > Kochen & Genießen > Ordnung & Aufbewahrung > Brotdosen
6406989,6406726,Töpfe & Pfannen,Möbel & Wohnen > Kochen & Genießen > Töpfe & Pfannen
6407359,6406989,Gartöpfe & Bräter,Möbel & Wohnen > Kochen & Genießen > Töpfe & Pfannen > Gartöpfe & Bräter
6407360,6406989,Sets,Möbel & Wohnen > Kochen & Genießen > Töpfe & Pfannen > Sets
6407361,6406989,Woks,Möbel & Wohnen > Kochen & Genießen > Töpfe & Pfannen > Woks
6407362,6406726,Wasseraufbereitung & Trinkwassersprudler,Möbel & Wohnen > Kochen & Genießen > Wasseraufbereitung & Trinkwassersprudler
6407363,6407362,Trinkwassersprudler,Möbel & Wohnen > Kochen & Genießen > Wasseraufbereitung & Trinkwassersprudler > Trinkwassersprudler
6407364,6407362,Wasserfilter-Kartuschen,Möbel & Wohnen > Kochen & Genießen > Wasseraufbereitung & Trinkwassersprudler > Wasserfilter-Kartuschen
6406990,6406722,Möbel,Möbel & Wohnen > Möbel
6407365,6406990,Betten,Möbel & Wohnen > Möbel > Betten
6407366,6407365,Lattenroste,Möbel & Wohnen > Möbel > Betten > Lattenroste
6406991,6406990,Regale & Aufbewahrung,Möbel & Wohnen > Möbel > Regale & Aufbewahrung
6407367,6406990,Stühle,Möbel & Wohnen > Möbel > Stühle
6407368,6407367,Stuhlkissen & Auflagen,Möbel & Wohnen > Möbel > Stühle > Stuhlkissen & Auflagen
6406992,6406990,Tische & Stehtische,Möbel & Wohnen > Möbel > Tische & Stehtische
6406993,6406722,"Rollos, Gardinen & Vorhänge","Möbel & Wohnen > Rollos, Gardinen & Vorhänge"
6406994,6406993,Fensterfolien,"Möbel & Wohnen > Rollos, Gardinen & Vorhänge > Fensterfolien"
6406995,6406722,Tische,Möbel & Wohnen > Tische
6406996,6406995,Couchtische,Möbel & Wohnen > Tische > Couchtische
6406998,6406997,Badmöbel,Möbel > Badmöbel
6406999,6406998,Waschbeckenunterschränke,Möbel > Badmöbel > Waschbeckenunterschränke
6407008,0,Mode,Mode
6407000,0,Mode & Accessoires,Mode & Accessoires
6467105,6407000,Kleidung,Mode & Accessoires > Kleidung
6467202,6467105,Bademäntel,Mode & Accessoires > Kleidung > Bademäntel
6467321,6467105,Bademoden,Mode & Accessoires > Kleidung > Bademoden
6467322,6467321,Bikinis,Mode & Accessoires > Kleidung > Bademoden > Bikinis
6467377,6467322,Bikini-Oberteile,Mode & Accessoires > Kleidung > Bademoden > Bikinis > Bikini-Oberteile
6467406,6467105,Berufsbekleidung,Mode & Accessoires > Kleidung > Berufsbekleidung
6467141,6467105,Businesskleidungen,Mode & Accessoires > Kleidung > Businesskleidungen
6467395,6467141,Blazer,Mode & Accessoires > Kleidung > Businesskleidungen > Blazer
6467142,6467141,Hosenanzüge,Mode & Accessoires > Kleidung > Businesskleidungen > Hosenanzüge
6467146,6467105,Hosen,Mode & Accessoires > Kleidung > Hosen
6467147,6467146,Cargohosen,Mode & Accessoires > Kleidung > Hosen > Cargohosen
6467185,6467146,Leggings,Mode & Accessoires > Kleidung > Hosen > Leggings
6467143,6467105,Jacken,Mode & Accessoires > Kleidung > Jacken
6467481,6467143,Daunenjacken,Mode & Accessoires > Kleidung > Jacken > Daunenjacken
6467144,6467143,Jeansjacken,Mode & Accessoires > Kleidung > Jacken > Jeansjacken
6467183,6467105,Nachtwäsche & Homewear,Mode & Accessoires > Kleidung > Nachtwäsche & Homewear
6467184,6467183,Nachthemden,Mode & Accessoires > Kleidung > Nachtwäsche & Homewear > Nachthemden
6467429,6467183,Schlafanzüge,Mode & Accessoires > Kleidung > Nachtwäsche & Homewear > Schlafanzüge
6467313,6467105,Pullover,Mode & Accessoires > Kleidung > Pullover
6467314,6467313,Sweatshirts,Mode & Accessoires > Kleidung > Pullover > Sweatshirts
6467206,6467105,Shirts,Mode & Accessoires > Kleidung > Shirts
6467338,6467206,Langarmshirts,Mode & Accessoires > Kleidung > Shirts > Langarmshirts
6467329,6467206,Poloshirts,Mode & Accessoires > Kleidung > Shirts > Poloshirts
6467207,6467206,T-Shirts,Mode & Accessoires > Kleidung > Shirts > T-Shirts
6467387,6467105,Strümpfe & Socken,Mode & Accessoires > Kleidung > Strümpfe & Socken
6467388,6467387,Strumpfhosen,Mode & Accessoires > Kleidung > Strümpfe & Socken > Strumpfhosen
6467106,6467105,Trachten,Mode & Accessoires > Kleidung > Trachten
6467107,6467106,Dirndl-BHs,Mode & Accessoires > Kleidung > Trachten > Dirndl-BHs
6467231,6467105,Umstandsmoden,Mode & Accessoires > Kleidung > Umstandsmoden
6467232,6467231,Umstandsnachtwäsche,Mode & Accessoires > Kleidung > Umstandsmoden > Umstandsnachtwäsche
6467376,6467231,Umstandsoberteile,Mode & Accessoires > Kleidung > Umstandsmoden > Umstandsoberteile
6467122,6467105,Unterwäsche & Dessous,Mode & Accessoires > Kleidung > Unterwäsche & Dessous
6467396,6467122,BHs,Mode & Accessoires > Kleidung > Unterwäsche & Dessous > BHs
6467397,6467396,Bustiers,Mode & Accessoires > Kleidung > Unterwäsche & Dessous > BHs > Bustiers
6467123,6467122,Unterhosen,Mode & Accessoires > Kleidung > Unterwäsche & Dessous > Unterhosen
6467331,6467123,Boxershorts,Mode & Accessoires > Kleidung > Unterwäsche & Dessous > Unterhosen > Boxershorts
6467315,6467123,Slips,Mode & Accessoires > Kleidung > Unterwäsche & Dessous > Unterhosen > Slips
6467124,6467123,Strings,Mode & Accessoires > Kleidung > Unterwäsche & Dessous > Unterhosen > Strings
6467195,6467105,Verkleidungen,Mode & Accessoires > Kleidung > Verkleidungen
6467226,6467195,Kostüme,Mode & Accessoires > Kleidung > Verkleidungen > Kostüme
6467196,6467195,Kostümzubehör,Mode & Accessoires > Kleidung > Verkleidungen > Kostümzubehör
6467198,6467196,Kostümgürtel,Mode & Accessoires > Kleidung > Verkleidungen > Kostümzubehör > Kostümgürtel
6467309,6467196,Kostümstrumpfhosen,Mode & Accessoires > Kleidung > Verkleidungen > Kostümzubehör > Kostümstrumpfhosen
6467227,6407000,Schuhe & Zubehör,Mode & Accessoires > Schuhe & Zubehör
6467228,6467227,Schuhe,Mode & Accessoires > Schuhe & Zubehör > Schuhe
6467229,6467228,Stiefeletten,Mode & Accessoires > Schuhe & Zubehör > Schuhe > Stiefeletten
6407001,6407000,Taschen,Mode & Accessoires > Taschen
6467243,6407001,Koffer & Reisegepäck,Mode & Accessoires > Taschen > Koffer & Reisegepäck
6467244,6467243,Koffer & Zubehör,Mode & Accessoires > Taschen > Koffer & Reisegepäck > Koffer & Zubehör
6467245,6467244,Koffer,Mode & Accessoires > Taschen > Koffer & Reisegepäck > Koffer & Zubehör > Koffer
6467246,6467245,Trolleys,Mode & Accessoires > Taschen > Koffer & Reisegepäck > Koffer & Zubehör > Koffer > Trolleys
6467282,6467243,Reisetaschen,Mode & Accessoires > Taschen > Koffer & Reisegepäck > Reisetaschen
6407002,6407001,Reisetaschen & Weekender,Mode & Accessoires > Taschen > Reisetaschen & Weekender
6407003,0,Mode & Bekleidung,Mode & Bekleidung
6407004,6407003,Damenbekleidung,Mode & Bekleidung > Damenbekleidung
6407005,6407004,Hosen,Mode & Bekleidung > Damenbekleidung > Hosen
6418479,6407003,Herrenmode,Mode & Bekleidung > Herrenmode
6418480,6418479,Hemden,Mode & Bekleidung > Herrenmode > Hemden
6418550,6418479,Jacken & Mäntel,Mode & Bekleidung > Herrenmode > Jacken & Mäntel
6418563,6418550,Jeansjacken,Mode & Bekleidung > Herrenmode > Jacken & Mäntel > Jeansjacken
6407006,6407003,Kinderkleidung,Mode & Bekleidung > Kinderkleidung
6407007,6407006,T-Shirts & Tops,Mode & Bekleidung > Kinderkleidung > T-Shirts & Tops
6407009,6407008,Herren,Mode > Herren
6407369,6407009,Hemden & Oberteile,Mode > Herren > Hemden & Oberteile
6407370,6407369,Poloshirts,Mode > Herren > Hemden & Oberteile > Poloshirts
6407010,6407009,Hosen,Mode > Herren > Hosen
6475154,6407010,Cargohosen,Mode > Herren > Hosen > Cargohosen
6407371,6407009,Unterwäsche,Mode > Herren > Unterwäsche
6407372,6407371,Boxershorts,Mode > Herren > Unterwäsche > Boxershorts
6407011,6407008,Herrenmode,Mode > Herrenmode
6407012,6407011,Hosen,Mode > Herrenmode > Hosen
6407373,6407012,Cargohosen,Mode > Herrenmode > Hosen > Cargohosen
6407013,6407011,Pullover & Strickwaren,Mode > Herrenmode > Pullover & Strickwaren
6407374,6407011,Shirts & Hemden,Mode > Herrenmode > Shirts & Hemden
6475152,6407374,Langarmshirts,Mode > Herrenmode > Shirts & Hemden > Langarmshirts
6407375,6407374,Poloshirts,Mode > Herrenmode > Shirts & Hemden > Poloshirts
6406727,0,Modellbau,Modellbau
6406728,6406727,Modellbausätze,Modellbau > Modellbausätze
6407550,6406728,"Werkzeuge, Zubehör & Motoren","Modellbau > Modellbausätze > Werkzeuge, Zubehör & Motoren"
6407551,6407550,Werkzeuge,"Modellbau > Modellbausätze > Werkzeuge, Zubehör & Motoren > Werkzeuge"
6407552,6407551,Elektrowerkzeuge,"Modellbau > Modellbausätze > Werkzeuge, Zubehör & Motoren > Werkzeuge > Elektrowerkzeuge"
6407014,6406727,Modelleisenbahn,Modellbau > Modelleisenbahn
6407015,6407014,Sachbücher & Ratgeber,Modellbau > Modelleisenbahn > Sachbücher & Ratgeber
6407376,6406727,RC-Modellbau,Modellbau > RC-Modellbau
6407377,6407376,RC Modellbau Teile & Zubehör,Modellbau > RC-Modellbau > RC Modellbau Teile & Zubehör
6407378,6407377,Fernsteuerung & Elektronik,Modellbau > RC-Modellbau > RC Modellbau Teile & Zubehör > Fernsteuerung & Elektronik
6407016,0,Motorradteile,Motorradteile
6407017,6407016,Verkleidungen & Rahmen,Motorradteile > Verkleidungen & Rahmen
6407018,6407017,Windschutzscheiben,Motorradteile > Verkleidungen & Rahmen > Windschutzscheiben
6406729,0,Motorradzubehör,Motorradzubehör
6406730,6406729,Abdeckplanen,Motorradzubehör > Abdeckplanen
6407379,0,Münzen,Münzen
6407380,6407379,Historische Wertpapiere,Münzen > Historische Wertpapiere
6407381,6407380,USA & Kanada,Münzen > Historische Wertpapiere > USA & Kanada
6407382,6407381,Elektronik & Computer,Münzen > Historische Wertpapiere > USA & Kanada > Elektronik & Computer
6407019,0,Musikinstrumente,Musikinstrumente
6407383,6407019,Drums & Percussion,Musikinstrumente > Drums & Percussion
6407384,6407383,Ersatzteile,Musikinstrumente > Drums & Percussion > Ersatzteile
6407385,6407384,"Sticks, Besen & Schlägel","Musikinstrumente > Drums & Percussion > Ersatzteile > Sticks, Besen & Schlägel"
6407386,6407383,Folklore & Welt,Musikinstrumente > Drums & Percussion > Folklore & Welt
6407387,6407386,Handpans,Musikinstrumente > Drums & Percussion > Folklore & Welt > Handpans
6407020,6407019,Gitarren & Bässe,Musikinstrumente > Gitarren & Bässe
6407021,6407020,E-Gitarren,Musikinstrumente > Gitarren & Bässe > E-Gitarren
6407388,6407020,Effekte & Pedale,Musikinstrumente > Gitarren & Bässe > Effekte & Pedale
6407389,6407388,Kompressoren & Sustainer,Musikinstrumente > Gitarren & Bässe > Effekte & Pedale > Kompressoren & Sustainer
6407390,6407020,Zubehör,Musikinstrumente > Gitarren & Bässe > Zubehör
6407391,6407390,Kabel,Musikinstrumente > Gitarren & Bässe > Zubehör > Kabel
6407392,6407390,Saiten,Musikinstrumente > Gitarren & Bässe > Zubehör > Saiten
6407553,6407390,Teile,Musikinstrumente > Gitarren & Bässe > Zubehör > Teile
6407554,6407553,Pickups,Musikinstrumente > Gitarren & Bässe > Zubehör > Teile > Pickups
6407022,6407019,Pro-Audio Equipment,Musikinstrumente > Pro-Audio Equipment
6407023,6407022,Vintage Pro-Audio Equipment,Musikinstrumente > Pro-Audio Equipment > Vintage Pro-Audio Equipment
6407024,0,Reisegepäck,Reisegepäck
6407025,6407024,Koffer & Trolleys,Reisegepäck > Koffer & Trolleys
6407026,6407025,Koffer,Reisegepäck > Koffer & Trolleys > Koffer
6407027,0,Reisen,Reisen
6407028,6407027,Reiseaccessoires,Reisen > Reiseaccessoires
6407029,6407028,Regenschirme,Reisen > Reiseaccessoires > Regenschirme
6407030,6407027,Reisegepäck,Reisen > Reisegepäck
6407031,6407030,Koffer,Reisen > Reisegepäck > Koffer
6407032,6407027,Reisekoffer & -taschen,Reisen > Reisekoffer & -taschen
6407033,6407032,Reisekoffer & Trolleys,Reisen > Reisekoffer & -taschen > Reisekoffer & Trolleys
6407034,0,Sammeln & Seltenes,Sammeln & Seltenes
6407035,6407034,Rollenspiele & Tabletops,Sammeln & Seltenes > Rollenspiele & Tabletops
6407036,6407035,Kartenspiele,Sammeln & Seltenes > Rollenspiele & Tabletops > Kartenspiele
6407037,6407034,Sammelkartenspiele/TCGs,Sammeln & Seltenes > Sammelkartenspiele/TCGs
6407038,6407037,TCG OVP Decks & Starter,Sammeln & Seltenes > Sammelkartenspiele/TCGs > TCG OVP Decks & Starter
6407393,6407037,TCG Zubehör,Sammeln & Seltenes > Sammelkartenspiele/TCGs > TCG Zubehör
6407394,6407393,"TCG Deck-Boxen, Blechdosen & Kartentrenner","Sammeln & Seltenes > Sammelkartenspiele/TCGs > TCG Zubehör > TCG Deck-Boxen, Blechdosen & Kartentrenner"
6407395,6407393,"TCG Ordner, Sammelmappen & -hüllen","Sammeln & Seltenes > Sammelkartenspiele/TCGs > TCG Zubehör > TCG Ordner, Sammelmappen & -hüllen"
6407039,0,Schuhe,Schuhe
6407040,6407039,Damen,Schuhe > Damen
6407041,6407040,Stiefel & Stiefeletten,Schuhe > Damen > Stiefel & Stiefeletten
6467217,0,Sexspielzeuge,Sexspielzeuge
6467218,6467217,Vibratoren & Zubehör,Sexspielzeuge > Vibratoren & Zubehör
6406731,0,Spielzeug,Spielzeug
6407042,6406731,Action-Figuren & Zubehör,Spielzeug > Action-Figuren & Zubehör
6407043,6407042,Action- & Spielfiguren,Spielzeug > Action-Figuren & Zubehör > Action- & Spielfiguren
6407044,6406731,"Bären, -kleidung & Zubehör","Spielzeug > Bären, -kleidung & Zubehör"
6407045,6407044,Bärenkleidung & Accessoires,"Spielzeug > Bären, -kleidung & Zubehör > Bärenkleidung & Accessoires"
6406732,6406731,Basteln & Kreativität,Spielzeug > Basteln & Kreativität
6407046,6406732,Malen & Zeichnen,Spielzeug > Basteln & Kreativität > Malen & Zeichnen
6407396,6406731,Baukästen & Konstruktionsspielzeug,Spielzeug > Baukästen & Konstruktionsspielzeug
6407397,6407396,LEGO,Spielzeug > Baukästen & Konstruktionsspielzeug > LEGO
6407399,6407397,LEGO Creator,Spielzeug > Baukästen & Konstruktionsspielzeug > LEGO > LEGO Creator
6407400,6406731,Bausets & Konstruktion,Spielzeug > Bausets & Konstruktion
6407402,6407400,LEGO (R) Konstruktionsspielzeuge,Spielzeug > Bausets & Konstruktion > LEGO (R) Konstruktionsspielzeuge
6407403,6407402,LEGO (R) Komplette Sets & Packs,Spielzeug > Bausets & Konstruktion > LEGO (R) Konstruktionsspielzeuge > LEGO (R) Komplette Sets & Packs
6407047,6406731,Elektrisches Spielzeug,Spielzeug > Elektrisches Spielzeug
6407048,6407047,Roboter,Spielzeug > Elektrisches Spielzeug > Roboter
6407049,6406731,Holzspielzeug,Spielzeug > Holzspielzeug
6407050,6407049,Musikinstrumente,Spielzeug > Holzspielzeug > Musikinstrumente
6407051,6407049,Ritterburgen,Spielzeug > Holzspielzeug > Ritterburgen
6406733,6406731,Lernspielzeug,Spielzeug > Lernspielzeug
6407052,6406731,Musik & Instrumente,Spielzeug > Musik & Instrumente
6407053,6407052,Trommeln & Co.,Spielzeug > Musik & Instrumente > Trommeln & Co.
6407054,6406731,Playmobil,Spielzeug > Playmobil
6407055,6407054,Freizeit,Spielzeug > Playmobil > Freizeit
6406734,6406731,Puppen & Zubehör,Spielzeug > Puppen & Zubehör
6407056,6406731,Spiele,Spielzeug > Spiele
6407405,6407056,Kartenspiele,Spielzeug > Spiele > Kartenspiele
6407406,6407405,Moderne Kartenspiele,Spielzeug > Spiele > Kartenspiele > Moderne Kartenspiele
6407057,6407056,Sonstige,Spielzeug > Spiele > Sonstige
6406735,0,Sport,Sport
6407058,0,Sport & Freizeit,Sport & Freizeit
6407407,6407058,Camping & Outdoor,Sport & Freizeit > Camping & Outdoor
6407408,6407407,Zelte & Zubehör,Sport & Freizeit > Camping & Outdoor > Zelte & Zubehör
6407409,6407408,Zeltteppiche,Sport & Freizeit > Camping & Outdoor > Zelte & Zubehör > Zeltteppiche
6407059,6407058,Radsport,Sport & Freizeit > Radsport
6407060,6407059,Fahrradwerkzeuge,Sport & Freizeit > Radsport > Fahrradwerkzeuge
6407061,6407058,Sportbekleidung,Sport & Freizeit > Sportbekleidung
6407410,6407061,Herren,Sport & Freizeit > Sportbekleidung > Herren
6418456,6407410,T-Shirts & Tops,Sport & Freizeit > Sportbekleidung > Herren > T-Shirts & Tops
6407412,6407410,Trainingsjacken,Sport & Freizeit > Sportbekleidung > Herren > Trainingsjacken
6407062,6407061,Hosen,Sport & Freizeit > Sportbekleidung > Hosen
6407064,6407058,Wintersport,Sport & Freizeit > Wintersport
6407065,6407064,Schlitten,Sport & Freizeit > Wintersport > Schlitten
6407413,6407064,Skibekleidung,Sport & Freizeit > Wintersport > Skibekleidung
6407414,6407413,Skihosen,Sport & Freizeit > Wintersport > Skibekleidung > Skihosen
6467168,0,Sport & Outdoor,Sport & Outdoor
6467222,6467168,Outdoorausrüstung,Sport & Outdoor > Outdoorausrüstung
6467223,6467222,Camping Artikel,Sport & Outdoor > Outdoorausrüstung > Camping Artikel
6467224,6467223,Zelte,Sport & Outdoor > Outdoorausrüstung > Camping Artikel > Zelte
6467356,6467224,Vorzelte,Sport & Outdoor > Outdoorausrüstung > Camping Artikel > Zelte > Vorzelte
6467225,6467224,Zeltzubehör,Sport & Outdoor > Outdoorausrüstung > Camping Artikel > Zelte > Zeltzubehör
6467169,6467168,Sportausrüstung,Sport & Outdoor > Sportausrüstung
6467272,6467169,Ballsport,Sport & Outdoor > Sportausrüstung > Ballsport
6467273,6467272,Badminton Ausrüstung,Sport & Outdoor > Sportausrüstung > Ballsport > Badminton Ausrüstung
6467274,6467273,Badmintonnetze,Sport & Outdoor > Sportausrüstung > Ballsport > Badminton Ausrüstung > Badmintonnetze
6467170,6467169,Fahrräder & Zubehör,Sport & Outdoor > Sportausrüstung > Fahrräder & Zubehör
6467171,6467170,Fahrradzubehör,Sport & Outdoor > Sportausrüstung > Fahrräder & Zubehör > Fahrradzubehör
6467475,6467171,Fahrradsicherheitsausstattung,Sport & Outdoor > Sportausrüstung > Fahrräder & Zubehör > Fahrradzubehör > Fahrradsicherheitsausstattung
6467476,6467475,Fahrradschlösser,Sport & Outdoor > Sportausrüstung > Fahrräder & Zubehör > Fahrradzubehör > Fahrradsicherheitsausstattung > Fahrradschlösser
6467172,6467171,Fahrradwerkzeuge,Sport & Outdoor > Sportausrüstung > Fahrräder & Zubehör > Fahrradzubehör > Fahrradwerkzeuge
6467398,6467169,Fitnessprodukte,Sport & Outdoor > Sportausrüstung > Fitnessprodukte
6467399,6467398,Fitnessgeräte,Sport & Outdoor > Sportausrüstung > Fitnessprodukte > Fitnessgeräte
6467400,6467399,Fitnesskleingeräte,Sport & Outdoor > Sportausrüstung > Fitnessprodukte > Fitnessgeräte > Fitnesskleingeräte
6467175,6467169,Multisportausrüstung,Sport & Outdoor > Sportausrüstung > Multisportausrüstung
6467219,6467175,Schienbeinschoner,Sport & Outdoor > Sportausrüstung > Multisportausrüstung > Schienbeinschoner
6467176,6467175,Sportbrillen,Sport & Outdoor > Sportausrüstung > Multisportausrüstung > Sportbrillen
6467177,6467176,Radsportbrillen,Sport & Outdoor > Sportausrüstung > Multisportausrüstung > Sportbrillen > Radsportbrillen
6467187,6467169,Sonstige Sportausrüstung,Sport & Outdoor > Sportausrüstung > Sonstige Sportausrüstung
6467343,6467187,Laufsport Ausrüstung,Sport & Outdoor > Sportausrüstung > Sonstige Sportausrüstung > Laufsport Ausrüstung
6467344,6467343,Sportuhren & -messgeräte,Sport & Outdoor > Sportausrüstung > Sonstige Sportausrüstung > Laufsport Ausrüstung > Sportuhren & -messgeräte
6467345,6467344,Fitnesstracker,Sport & Outdoor > Sportausrüstung > Sonstige Sportausrüstung > Laufsport Ausrüstung > Sportuhren & -messgeräte > Fitnesstracker
6467188,6467187,Motorradausrüstung,Sport & Outdoor > Sportausrüstung > Sonstige Sportausrüstung > Motorradausrüstung
6467189,6467188,Motorradbekleidung,Sport & Outdoor > Sportausrüstung > Sonstige Sportausrüstung > Motorradausrüstung > Motorradbekleidung
6467190,6467189,Motorradhemden,Sport & Outdoor > Sportausrüstung > Sonstige Sportausrüstung > Motorradausrüstung > Motorradbekleidung > Motorradhemden
6467285,6467189,Motorradjacken,Sport & Outdoor > Sportausrüstung > Sonstige Sportausrüstung > Motorradausrüstung > Motorradbekleidung > Motorradjacken
6467297,6467187,Wassersport Ausrüstung,Sport & Outdoor > Sportausrüstung > Sonstige Sportausrüstung > Wassersport Ausrüstung
6467298,6467297,Schwimmflossen,Sport & Outdoor > Sportausrüstung > Sonstige Sportausrüstung > Wassersport Ausrüstung > Schwimmflossen
6467173,6467169,Sportbekleidung,Sport & Outdoor > Sportausrüstung > Sportbekleidung
6467174,6467173,Funktionsshirts,Sport & Outdoor > Sportausrüstung > Sportbekleidung > Funktionsshirts
6467310,6467173,Sport-Shorts,Sport & Outdoor > Sportausrüstung > Sportbekleidung > Sport-Shorts
6467283,6467173,Sporthosen,Sport & Outdoor > Sportausrüstung > Sportbekleidung > Sporthosen
6467284,6467283,Jogginghosen,Sport & Outdoor > Sportausrüstung > Sportbekleidung > Sporthosen > Jogginghosen
6467339,6467173,Sportoberteile,Sport & Outdoor > Sportausrüstung > Sportbekleidung > Sportoberteile
6467340,6467339,Laufshirts,Sport & Outdoor > Sportausrüstung > Sportbekleidung > Sportoberteile > Laufshirts
6467389,6467173,Sportröcke,Sport & Outdoor > Sportausrüstung > Sportbekleidung > Sportröcke
6467482,6467169,Wintersportausrüstung,Sport & Outdoor > Sportausrüstung > Wintersportausrüstung
6407416,6406735,Angelsport,Sport > Angelsport
6407417,6407416,Kleines Angelzubehör,Sport > Angelsport > Kleines Angelzubehör
6407418,6407417,Bleie,Sport > Angelsport > Kleines Angelzubehör > Bleie
6407419,6407416,Zubehör,Sport > Angelsport > Zubehör
6407420,6407419,Räucheröfen & -utensilien,Sport > Angelsport > Zubehör > Räucheröfen & -utensilien
6407066,6406735,Camping & Outdoor,Sport > Camping & Outdoor
6407421,6407066,Bekleidung,Sport > Camping & Outdoor > Bekleidung
6407422,6407421,Kinder,Sport > Camping & Outdoor > Bekleidung > Kinder
6407423,6407421,Wanderschuhe,Sport > Camping & Outdoor > Bekleidung > Wanderschuhe
6407424,6407066,Camping-Küchenbedarf,Sport > Camping & Outdoor > Camping-Küchenbedarf
6407426,6407424,Campinggeschirr,Sport > Camping & Outdoor > Camping-Küchenbedarf > Campinggeschirr
6407428,6407424,Kochgeschirr,Sport > Camping & Outdoor > Camping-Küchenbedarf > Kochgeschirr
6407429,6407066,Markisen & Vorzelte,Sport > Camping & Outdoor > Markisen & Vorzelte
6407430,6407429,Markisen-Zubehör,Sport > Camping & Outdoor > Markisen & Vorzelte > Markisen-Zubehör
6407431,6407066,Messer & Werkzeuge,Sport > Camping & Outdoor > Messer & Werkzeuge
6407432,6407431,Rettungsmesser,Sport > Camping & Outdoor > Messer & Werkzeuge > Rettungsmesser
6407433,6407066,Outdoor Schlafausrüstung,Sport > Camping & Outdoor > Outdoor Schlafausrüstung
6407434,6407433,Luftmatratzen & Isomatten,Sport > Camping & Outdoor > Outdoor Schlafausrüstung > Luftmatratzen & Isomatten
6407436,6407066,Rucksäcke,Sport > Camping & Outdoor > Rucksäcke
6407438,6407436,Tagesrucksäcke,Sport > Camping & Outdoor > Rucksäcke > Tagesrucksäcke
6407439,6407436,Trekkingrucksäcke,Sport > Camping & Outdoor > Rucksäcke > Trekkingrucksäcke
6407067,6407066,Sonstiges Camping & Outdoor,Sport > Camping & Outdoor > Sonstiges Camping & Outdoor
6418477,6407066,Werkzeuge,Sport > Camping & Outdoor > Werkzeuge
6407440,6407066,Zelte & Strandmuscheln,Sport > Camping & Outdoor > Zelte & Strandmuscheln
6407441,6407440,Strandmuscheln,Sport > Camping & Outdoor > Zelte & Strandmuscheln > Strandmuscheln
6407068,6406735,Fitness & Jogging,Sport > Fitness & Jogging
6407555,6407068,Bekleidung,Sport > Fitness & Jogging > Bekleidung
6407556,6407555,Damen,Sport > Fitness & Jogging > Bekleidung > Damen
6407557,6407556,Sweatshirts & Kapuzenpullover,Sport > Fitness & Jogging > Bekleidung > Damen > Sweatshirts & Kapuzenpullover
6407069,6407068,Fitness- & Laufschuhe,Sport > Fitness & Jogging > Fitness- & Laufschuhe
6407442,6407068,Kleingeräte & Zubehör,Sport > Fitness & Jogging > Kleingeräte & Zubehör
6407443,6407442,Fitnessbänder,Sport > Fitness & Jogging > Kleingeräte & Zubehör > Fitnessbänder
6407444,6407442,Trinkflaschen,Sport > Fitness & Jogging > Kleingeräte & Zubehör > Trinkflaschen
6407445,6407068,Krafttraining & Gewichte,Sport > Fitness & Jogging > Krafttraining & Gewichte
6407446,6407445,Gewichthebergürtel,Sport > Fitness & Jogging > Krafttraining & Gewichte > Gewichthebergürtel
6407447,6407068,Sportelektronik,Sport > Fitness & Jogging > Sportelektronik
6407448,6407447,Herzfrequenzmesser,Sport > Fitness & Jogging > Sportelektronik > Herzfrequenzmesser
6407070,6407068,Yoga & Pilates,Sport > Fitness & Jogging > Yoga & Pilates
6407449,6407070,Yogamatten,Sport > Fitness & Jogging > Yoga & Pilates > Yogamatten
6407071,6406735,Funsport,Sport > Funsport
6407558,6407071,Airsoft,Sport > Funsport > Airsoft
6407559,6407558,Waffen,Sport > Funsport > Airsoft > Waffen
6407560,6407559,Pistolen,Sport > Funsport > Airsoft > Waffen > Pistolen
6407072,6407071,Cityroller & Kickboards,Sport > Funsport > Cityroller & Kickboards
6407073,6407071,Elektro-Scooter,Sport > Funsport > Elektro-Scooter
6407561,6407071,Skateboarding,Sport > Funsport > Skateboarding
6407562,6407561,Boards,Sport > Funsport > Skateboarding > Boards
6407563,6407562,Lager,Sport > Funsport > Skateboarding > Boards > Lager
6407564,6406735,Golf,Sport > Golf
6407565,6407564,Golfbekleidung,Sport > Golf > Golfbekleidung
6407566,6407565,Herren-Golfbekleidung,Sport > Golf > Golfbekleidung > Herren-Golfbekleidung
6407567,6407566,Golfschuhe,Sport > Golf > Golfbekleidung > Herren-Golfbekleidung > Golfschuhe
6407450,6406735,Outdoorsport,Sport > Outdoorsport
6407451,6407450,Outdoorspiele,Sport > Outdoorsport > Outdoorspiele
6407452,6407451,Wurfspiele,Sport > Outdoorsport > Outdoorspiele > Wurfspiele
6407074,6406735,Radsport,Sport > Radsport
6407453,6407074,Fahrradreparatur & Werkzeug,Sport > Radsport > Fahrradreparatur & Werkzeug
6407455,6407453,Werkzeug,Sport > Radsport > Fahrradreparatur & Werkzeug > Werkzeug
6418457,6407074,Fahrradteile,Sport > Radsport > Fahrradteile
6407075,6407074,Fahrradteile & -komponenten,Sport > Radsport > Fahrradteile & -komponenten
6407456,6407075,Bremsbeläge,Sport > Radsport > Fahrradteile & -komponenten > Bremsbeläge
6407457,6407075,Bremsscheiben,Sport > Radsport > Fahrradteile & -komponenten > Bremsscheiben
6407458,6407075,Sättel,Sport > Radsport > Fahrradteile & -komponenten > Sättel
6418458,6418457,Naben,Sport > Radsport > Fahrradteile > Naben
6407076,6407074,Fahrradzubehör,Sport > Radsport > Fahrradzubehör
6407461,6407076,Beleuchtung & Reflektoren,Sport > Radsport > Fahrradzubehör > Beleuchtung & Reflektoren
6407463,6407076,Fahrradanhänger,Sport > Radsport > Fahrradzubehör > Fahrradanhänger
6407464,6407076,Fahrradständer & Aufbewahrung,Sport > Radsport > Fahrradzubehör > Fahrradständer & Aufbewahrung
6407465,6407076,Fahrradtaschen,Sport > Radsport > Fahrradzubehör > Fahrradtaschen
6407467,6407076,Schlösser & Sicherheit,Sport > Radsport > Fahrradzubehör > Schlösser & Sicherheit
6407468,6407076,Transportkoffer/-taschen,Sport > Radsport > Fahrradzubehör > Transportkoffer/-taschen
6407469,6407074,Helme & Protektoren,Sport > Radsport > Helme & Protektoren
6407470,6407469,Helme,Sport > Radsport > Helme & Protektoren > Helme
6407077,6406735,Reit- & Fahrsport,Sport > Reit- & Fahrsport
6407078,6407077,Reithelme & Schutzkleidung,Sport > Reit- & Fahrsport > Reithelme & Schutzkleidung
6407079,6406735,Sporttaschen & Rucksäcke,Sport > Sporttaschen & Rucksäcke
6407080,6407079,Rucksäcke,Sport > Sporttaschen & Rucksäcke > Rucksäcke
6407471,6406735,Tauchen,Sport > Tauchen
6407472,6407471,ABC & Blei,Sport > Tauchen > ABC & Blei
6407473,6407472,Schnorchelflossen,Sport > Tauchen > ABC & Blei > Schnorchelflossen
6407474,6407471,Instrumente & Uhren,Sport > Tauchen > Instrumente & Uhren
6407475,6407474,Konsolen,Sport > Tauchen > Instrumente & Uhren > Konsolen
6407081,6406735,Weitere Ballsportarten,Sport > Weitere Ballsportarten
6407476,6407081,Football,Sport > Weitere Ballsportarten > Football
6407477,6407476,Fanartikel,Sport > Weitere Ballsportarten > Football > Fanartikel
6407082,6407081,Tennis,Sport > Weitere Ballsportarten > Tennis
6407478,6407082,Sonstige,Sport > Weitere Ballsportarten > Tennis > Sonstige
6407083,6406735,Weitere Sportarten,Sport > Weitere Sportarten
6407084,6407083,Bogenschießen,Sport > Weitere Sportarten > Bogenschießen
6407479,6407083,Boxen,Sport > Weitere Sportarten > Boxen
6407480,6407479,Boxsets,Sport > Weitere Sportarten > Boxen > Boxsets
6407481,6407083,Dart,Sport > Weitere Sportarten > Dart
6407482,6407481,Scheiben,Sport > Weitere Sportarten > Dart > Scheiben
6406736,6406735,Weitere Wintersportarten,Sport > Weitere Wintersportarten
6407483,6406735,Weiterer Wassersport,Sport > Weiterer Wassersport
6407484,6407483,Kitesurfen,Sport > Weiterer Wassersport > Kitesurfen
6407485,6407484,Sonstige,Sport > Weiterer Wassersport > Kitesurfen > Sonstige
6407486,6406735,Wintersport,Sport > Wintersport
6407487,6407486,Bekleidung,Sport > Wintersport > Bekleidung
6407488,6407487,Hosen,Sport > Wintersport > Bekleidung > Hosen
6407568,6407486,"Skifahren, Snowboarden & Schneeschuhwandern","Sport > Wintersport > Skifahren, Snowboarden & Schneeschuhwandern"
6407569,6407568,Schuhe & Boots,"Sport > Wintersport > Skifahren, Snowboarden & Schneeschuhwandern > Schuhe & Boots"
6407570,6407569,Herrenschuhe & -boots,"Sport > Wintersport > Skifahren, Snowboarden & Schneeschuhwandern > Schuhe & Boots > Herrenschuhe & -boots"
6407571,6407569,Kinderschuhe & -boots,"Sport > Wintersport > Skifahren, Snowboarden & Schneeschuhwandern > Schuhe & Boots > Kinderschuhe & -boots"
6407085,0,Sportartikel,Sportartikel
6407086,6407085,Badminton,Sportartikel > Badminton
6407087,6407086,Netze,Sportartikel > Badminton > Netze
6406737,0,Sportelektronik,Sportelektronik
6406738,6406737,Fitness-Tracker,Sportelektronik > Fitness-Tracker
6406739,0,"TV, Video & Audio","TV, Video & Audio"
6407088,6406739,DJ-Equipment,"TV, Video & Audio > DJ-Equipment"
6407089,6407088,DJ-Kopfhörer,"TV, Video & Audio > DJ-Equipment > DJ-Kopfhörer"
6407090,6407088,Mikrofone,"TV, Video & Audio > DJ-Equipment > Mikrofone"
6407091,6406739,Heim-Audio & HiFi,"TV, Video & Audio > Heim-Audio & HiFi"
6407092,6407091,Verstärker & Vorverstärker,"TV, Video & Audio > Heim-Audio & HiFi > Verstärker & Vorverstärker"
6406740,6406739,Tragbare Geräte & Kopfhörer,"TV, Video & Audio > Tragbare Geräte & Kopfhörer"
6407093,0,Uhren & Schmuck,Uhren & Schmuck
6407094,6407093,Juwelierbedarf,Uhren & Schmuck > Juwelierbedarf
6407095,6407094,Reinigungsgeräte & -materialien,Uhren & Schmuck > Juwelierbedarf > Reinigungsgeräte & -materialien
6406741,0,Wohnen & Einrichten,Wohnen & Einrichten
6467361,6406741,Möbel,Wohnen & Einrichten > Möbel
6467363,6467361,Betten & Zubehör,Wohnen & Einrichten > Möbel > Betten & Zubehör
6467365,6467363,Bettausstattungen,Wohnen & Einrichten > Möbel > Betten & Zubehör > Bettausstattungen
6467438,6467365,Matratzen,Wohnen & Einrichten > Möbel > Betten & Zubehör > Bettausstattungen > Matratzen
6467439,6467438,Topper,Wohnen & Einrichten > Möbel > Betten & Zubehör > Bettausstattungen > Matratzen > Topper
6467367,6467365,Matratzenschoner,Wohnen & Einrichten > Möbel > Betten & Zubehör > Bettausstattungen > Matratzenschoner
6467362,6467361,Tische & Zubehör,Wohnen & Einrichten > Möbel > Tische & Zubehör
6467364,6467362,Tische,Wohnen & Einrichten > Möbel > Tische & Zubehör > Tische
6467366,6467364,Couchtische,Wohnen & Einrichten > Möbel > Tische & Zubehör > Tische > Couchtische
6406742,6406741,Spiegel,Wohnen & Einrichten > Spiegel
