Titel,Brand,Kategorie,SKU,Barcode (EAN/GTIN),Highlights,Description,Attributes,Price,BIN,Quantity
COZII Hundepool X001Y0BTE9 Faltbar 120x30cm aus PVC/PP Blau,COZII,Tierbedarf > Hunde > Betten & Möbel > Hundepools,SKU-7225351886,00442039661193,"Bietet Hunden sofortige Abkühlung und sicheren Badespaß im Freien. | Extrem robustes, EN71-zertifiziertes PVC/PP für hohe Langlebigkeit. | Werkzeugloser Aufbau, innovative Faltfunktion für einfache Handhabung. | Müheloser Transport und platzsparende Lagerung dank faltbarem Design. | Ideal für Außenbereiche. | Leichte Reinigung und schnelle Entleerung durch praktisches Design. | Stabile Konstruktion widersteht intensivem Spiel und Krallen.",,"{""Besonderheiten"":""Faltbar, Tragbar, Robust"",""Einsatzbereich"":""Outdoor"",""Farbe"":""Blau"",""Form"":""Rund"",""Größe"":""120x30cm"",""Hersteller"":""Huizhou Licheng Inflatable Toys Product Co., Ltd."",""Marke"":""COZII"",""Material"":""PVC, PP"",""Modellnummer"":""X001Y0BTE9"",""Produktart"":""Hundepool"",""Sicherheitszertifizierung"":""EN71"",""Tierart"":""Hund"",""weight"":3,""Zustand"":""used""}",20.99 EUR,XGA0102D,1
"Thule Rucksack Darkest Blue – Robust, vielseitig & nachhaltig für Alltag",Thule,Sammeln & Seltenes > Militaria > NATO-Shop > Rucksäcke & Taschen,SKU-1844691476,085854258548,"Robuste Konstruktion für täglichen Gebrauch und vielfältige Abenteuer. | Nachhaltige Produktion gemäß strengen bluesign-Standards. | Optimale Größe für vielseitige Einsatzmöglichkeiten im Alltag und auf Reisen. | Bewährte Thule Qualität und höchste Zuverlässigkeit garantiert. | Intelligente Funktionalität kombiniert mit modernem, zeitlosem Design. | Umfassende Thule Garantie für langfristige Zufriedenheit und Sicherheit.","Dieser Thule Rucksack in Darkest Blue ist Ihr idealer Begleiter für tägliche Abenteuer und Reisen, da er herausragende Qualität mit durchdachter Funktionalität vereint. Sein modernes, zeitloses Design fügt sich nahtlos in jeden aktiven Lebensstil ein und bietet vielseitige Einsatzmöglichkeiten.Die robuste Konstruktion wurde im Thule Approved Test Program streng geprüft, um höchste Anforderungen zu erfüllen und außergewöhnliche Langlebigkeit zu garantieren. Gefertigt nach strengen bluesign-Standards, steht dieses Produkt für eine umweltfreundliche und sozial verantwortliche Produktion.Der Lieferumfang umfasst den Rucksack selbst, bereit für den sofortigen Einsatz. Dieses langlebige Produkt bewahrt seine Qualität durch unkomplizierte Pflege und wird durch die umfassende Thule Garantie für langfristige Zufriedenheit abgesichert.","{""Farbe"":""Darkest Blue"",""GPSR Manufacturer name"":""Thule"",""Hersteller (Europa)"":""THULE SWEDEN AB"",""Hersteller (USA)"":""THULE INC."",""Herstelleradresse Schweden"":""Borggatan 5, 33573 Hillerstorp, Sweden"",""Herstelleradresse USA"":""42 Silvermine Road, Seymour, CT, 06483 USA"",""Marke"":""Thule"",""Nachhaltigkeitszertifikat"":""bluesign PRODUCT"",""Produktart"":""Rucksack"",""Verpackung"":""Recycelbar"",""Verpackungszertifikat"":""FSC C166433"",""Zustand"":""Neu""}",144.45 EUR,XGA0201B,1
HENMI Fahrradständer HMF-B03 verstellbar Schwarz Neu für diverse Fahrräder,HENMI,Sport > Radsport > Fahrradzubehör > Fahrradständer & Aufbewahrung,SKU-2250869990,0751677212219,"Stabiler, sicherer Stand schützt Ihr Fahrrad effektiv vor Umfallen. | Einfache, schnelle Montage für sofortigen Einsatz und maximalen Komfort. | Robuste Materialien garantieren Langlebigkeit und zuverlässige Funktion. | Verstellbare Länge für optimale Kompatibilität mit diversen Radgrößen. | Funktionales, unauffälliges Design integriert sich nahtlos in jedes Fahrrad.","Der HENMI HMF-B03 Seitenständer bietet verstellbaren und stabilen Halt für Ihr Fahrrad. Gefertigt aus robusten Materialien und in elegantem Schwarz, sorgt er für sicheren Stand.","{""Besonderheiten"":""Verstellbar"",""EAN"":""0751677212219"",""Farbe"":""Schwarz"",""Marke"":""HENMI"",""Modell"":""HMF-B03"",""Produktart"":""Fahrradständer"",""Sportart"":""Radsport"",""weight"":1,""Zielgruppe"":""Unisex Erwachsene"",""Zustand"":""Neu""}",15.18 EUR,XGA0105B,1
Pokémon Sammelordner-Kollektion: Optimaler Schutz & 5 Boosterpacks,Pokémon,Sammeln & Seltenes > Sammelkartenspiele/TCGs,SKU-4310621602,0196214105119,"Schützt bis zu 378 wertvolle Sammelkarten zuverlässig und übersichtlich. | Enthält fünf spannende Boosterpacks zur sofortigen Sammlungsbereicherung. | Hochwertiger, robuster Kunststoffordner für langlebigen Schutz Ihrer Karten. | Offizielles Pokémon Produkt garantiert höchste Qualität und Authentizität. | Exklusives Design der Prismatischen Entwicklungen begeistert jeden Sammler. | Ideal für junge Sammler ab 6 Jahren und erfahrene Trainer.","Dieser offizielle Pokémon Sammelordner schützt Ihre wertvollen Sammelkarten sicher und übersichtlich vor Beschädigungen. Erweitern Sie Ihre Sammlung stilvoll und tauchen Sie ein in die faszinierende Welt der Prismatischen Entwicklungen.Der hochwertige Ordner aus robustem Kunststoff bietet mit 21 Seiten und beidseitig je 9 Kartenfächern Platz für bis zu 378 Karten. Dies gewährleistet eine optimale Organisation und langfristigen Schutz Ihrer gesamten Sammlung.Im Lieferumfang sind fünf Boosterpacks der neuesten Erweiterung Karmesin & Purpur – Prismatische Entwicklungen enthalten, die Ihre Sammlung sofort bereichern. Als offizielles Pokémon Produkt garantiert diese Kollektion höchste Qualität und Authentizität für Sammler ab 6 Jahren.","{""Altersfreigabe"":""Ab 6 Jahren"",""Anzahl Boosterpacks"":""5"",""Anzahl Kartenfächer"":""378"",""Anzahl Seiten"":""21"",""Besonderheiten"":""Mit Boosterpacks"",""Erweiterung"":""Karmesin & Purpur – Prismatische Entwicklungen"",""Farbe"":""Mehrfarbig"",""GPSR Manufacturer name"":""Pokémon"",""Kategorie"":""Sammeln & Seltenes > Sammelkartenspiele/TCGs"",""Lieferumfang"":""1 Sammelordner, 5 Boosterpacks"",""Marke"":""Pokémon"",""Material"":""Kunststoff"",""Produktart"":""Sammelordner-Kollektion"",""Serie"":""Karmesin & Purpur"",""Spiel"":""Pokémon Sammelkartenspiel"",""Sprache"":""Deutsch"",""Thema"":""Anime & Manga"",""Zielgruppe"":""Sammler, Kinder"",""Zustand"":""Neu""}",65 EUR,,0
Weber Räucherofen Smokey Mountain Cooker 37cm 711004 Schwarz Metall,Weber,"Business & Industrie > Agrar, Forst & Kommune > Spezial-Landwirtschaft > Fischwirtschaft > Räucheröfen",SKU-9947386415,77924021268,"Authentisches Raucharoma für unvergleichliche Geschmackserlebnisse. | Präzise Temperaturkontrolle dank integriertem Deckelthermometer. | Robuste Weber Qualität für jahrelangen, zuverlässigen Rauchgenuss. | Vielseitiges Räuchern auf mehreren Ebenen für diverse Köstlichkeiten. | Einfache Reinigung und Pflege dank durchdachter Bauweise. | Verlängerte Lebensdauer durch passgenaue, wetterfeste Premium-Abdeckung.","Der Weber Smokey Mountain Cooker 37cm Räucherofen veredelt Ihre Gerichte mit unvergleichlichen Raucharomen und sorgt für unvergessliche Geschmackserlebnisse. Seine robuste Konstruktion aus hochwertigem Metall garantiert jahrelange Freude an perfekt geräuchertem Fleisch, Fisch und Gemüse.Dank des integrierten Deckelthermometers und der Möglichkeit, auf mehreren Ebenen zu räuchern, behalten Sie stets die volle Kontrolle über den Garprozess für präzise Ergebnisse. Im Lieferumfang ist zudem eine Premium-Abdeckung enthalten, die Ihren Smoker optimal vor Witterungseinflüssen schützt.Vertrauen Sie auf die bewährte Qualität von Weber, die für zuverlässigen Rauchgenuss und eine lange Lebensdauer steht. Dieser Premium-Räucherofen ist die ideale Wahl für alle, die authentische Raucharomen und höchste Präzision beim Räuchern schätzen und Wert auf Langlebigkeit legen.","{""Besonderheiten"":""Mit Deckel, Integriertes Thermometer"",""Brennstoffart"":""Holzkohle"",""Deckel"":""Ja"",""Durchmesser"":""37 cm"",""Einsatzbereich"":""Outdoor"",""Farbe"":""Schwarz"",""Form"":""Rund"",""GPSR Manufacturer name"":""Weber"",""Größe"":""37 cm"",""Integriertes Thermometer"":""Ja"",""Kategorie"":""Business & Industrie > Agrar, Forst & Kommune > Spezial-Landwirtschaft > Fischwirtschaft > Räucheröfen"",""Lieferumfang"":""Räucherofen, Premium Abdeckung"",""Marke"":""Weber"",""Material"":""Metall"",""Modell"":""Smokey Mountain Cooker"",""Montage erforderlich"":""Ja"",""Produktart"":""Räucherofen"",""Räucherebenen"":""Mehrere"",""Verpackungsabmessungen"":""18.03\"" x 18.03\"" x 23.81\"""",""Verpackungsgewicht"":""30.1 LBS"",""Verpackungsvolumen"":""0.483 CU.FT."",""weight"":1,""Zustand"":""Neu""}",369.99 EUR,XGA0203E,1
Pierburg Luftmassenmesser 7.22184.39.0 Schwarz Kunststoff Gebraucht,Pierburg,Heimwerker > Werkzeuge > Handwerkzeuge > Messer,SKU-4641833225,04052938000016,"Optimiert Motorleistung und Kraftstoffeffizienz des Motors. | Reduziert Fahrzeugemissionen durch präzise Luftmassenmessung. | Original Pierburg Ersatzteil gewährleistet hohe Passgenauigkeit. | Gefertigt aus robustem schwarzem Kunststoff für lange Lebensdauer. | Ermöglicht einfache Installation und schnelle Funktionswiederherstellung. | Unterstützt zuverlässig die Einhaltung moderner Abgasnormen. | Gebrauchtes Originalteil, vor Versand auf volle Funktion geprüft.","Dieser Pierburg Luftmassenmesser optimiert die Motorleistung und Effizienz Ihres Fahrzeugs signifikant, indem er eine exakte Luftmassenmessung gewährleistet. Eine präzise Kraftstoff-Luft-Mischung wird dadurch sichergestellt, was den Kraftstoffverbrauch reduziert und schädliche Emissionen minimiert.Als hochwertiges Originalersatzteil von Pierburg zeichnet sich dieses Produkt durch erstklassige Qualität und garantierte Passgenauigkeit aus. Gefertigt aus robustem schwarzem Kunststoff, ist der Lieferumfang ein Pierburg Luftmassenmesser, konzipiert für unkomplizierte Installation und schnelle Wiederherstellung der vollen Motorfunktionalität.Vertrauen Sie auf die bewährte Ingenieurskunst von Pierburg, die weltweit für ihre Zuverlässigkeit und die Einhaltung strengster Abgasnormen geschätzt wird. Sichern Sie sich dieses essenzielle Teil jetzt, um die Leistung und Effizienz Ihres Fahrzeugs nachhaltig zu maximieren und von langfristiger Qualität zu profitieren.","{""EAN"":""04052938000016"",""Farbe"":""Schwarz"",""GPSR Manufacturer name"":""Pierburg"",""Hauptkategorie"":""Autoteile & Zubehör"",""Herstellernummer"":""7.22184.39.0"",""K-Typ"":""23302,Motorcode:CAMA,CGKA / für OE-Nummer:059 906 461 N|25455,Motorcode:CAMA,CGKA / für OE-Nummer:059 906 461 N|19124,Motorcode:CAMA,CGKA / für OE-Nummer:059 906 461 N|16077,Motorcode:CAMA,CGKA / für OE-Nummer:059 906 461 N|23303,Motorcode:CAMA,CGKA / für OE-Nummer:059 906 461 N|30003,Motorcode:CAMA,CGKA / für OE-Nummer:059 906 461 N|15998,Motorcode:CAMA,CGKA / für OE-Nummer:059 906 461 N|30992,Motorcode:CAMA,CGKA / für OE-Nummer:059 906 461 N|26852,Motorcode:CAMA,CGKA / für OE-Nummer:059 906 461 N|30008,Motorcode:CAMA,CGKA / für OE-Nummer:059 906 461 N|22732,Motorcode:CAMA,CGKA / für OE-Nummer:059 906 461 N|20119,Motorcode:CAMA,CGKA / für OE-Nummer:059 906 461 N|25509,Motorcode:CAMA,CGKA / für OE-Nummer:059 906 461 N|33417,Motorcode:CAMA,CGKA / für OE-Nummer:059 906 461 N|22550,Motorcode:CAMA,CGKA / für OE-Nummer:059 906 461 N|29976,Motorcode:CAMA,CGKA / für OE-Nummer:059 906 461 N|11987,Motorcode:CAMA,CGKA / für OE-Nummer:059 906 461 N|11988,Motorcode:CAMA,CGKA / für OE-Nummer:059 906 461 N|22551,Motorcode:CAMA,CGKA / für OE-Nummer:059 906 461 N|29977,Motorcode:CAMA,CGKA / für OE-Nummer:059 906 461 N|115108,Motorcode:CAMA,CGKA / für OE-Nummer:059 906 461 N|30984,Motorcode:CAMA,CGKA / für OE-Nummer:059 906 461 N|31334,Motorcode:CAMA,CGKA / für OE-Nummer:059 906 461 N|11993,Motorcode:CAMA,CGKA / für OE-Nummer:059 906 461 N|11994,Motorcode:CAMA,CGKA / für OE-Nummer:059 906 461 N|30985,Motorcode:CAMA,CGKA / für OE-Nummer:059 906 461 N|31573,Motorcode:CAMA,CGKA / für OE-Nummer:059 906 461 N|33414,Motorcode:CAMA,CGKA / für OE-Nummer:059 906 461 N|11990,Motorcode:CAMA,CGKA / für OE-Nummer:059 906 461 N|11991,Motorcode:CAMA,CGKA / für OE-Nummer:059 906 461 N|31574,Motorcode:CAMA,CGKA / für OE-Nummer:059 906 461 N|115113,Motorcode:CAMA,CGKA / für OE-Nummer:059 906 461 N|18415,Motorcode:CAMA,CGKA / für OE-Nummer:059 906 461 N|18416,Motorcode:CAMA,CGKA / für OE-Nummer:059 906 461 N|30362,Motorcode:CAMA,CGKA / für OE-Nummer:059 906 461 N|18677,Motorcode:CAMA,CGKA / für OE-Nummer:059 906 461 N|19234,Motorcode:CAMA,CGKA / für OE-Nummer:059 906 461 N|30363,Motorcode:CAMA,CGKA / für OE-Nummer:059 906 461 N|17898,Motorcode:CAMA,CGKA / für OE-Nummer:059 906 461 N|18025,Motorcode:CAMA,CGKA / für OE-Nummer:059 906 461 N|19477,Motorcode:CAMA,CGKA / für OE-Nummer:059 906 461 N|30369,Motorcode:CAMA,CGKA / für OE-Nummer:059 906 461 N|7943,Motorcode:CAMA,CGKA / für OE-Nummer:059 906 461 N|108433,Motorcode:CAMA,CGKA / für OE-Nummer:059 906 461 N|108435,Motorcode:CAMA,CGKA / für OE-Nummer:059 906 461 N|7944,Motorcode:CAMA,CGKA / für OE-Nummer:059 906 461 N|7960,Motorcode:CAMA,CGKA / für OE-Nummer:059 906 461 N|19475,Motorcode:CAMA,CGKA / für OE-Nummer:059 906 461 N|21321,Motorcode:CAMA,CGKA / für OE-Nummer:059 906 461 N|30382,Motorcode:CAMA,CGKA / für OE-Nummer:059 906 461 N|19474,Motorcode:CAMA,CGKA / für OE-Nummer:059 906 461 N|21320,Motorcode:CAMA,CGKA / für OE-Nummer:059 906 461 N|30383,Motorcode:CAMA,CGKA / für OE-Nummer:059 906 461 N|29292,Motorcode:CAMA,CGKA / für OE-Nummer:059 906 461 N|29298,Motorcode:CAMA,CGKA / für OE-Nummer:059 906 461 N|29300,Motorcode:CAMA,CGKA / für OE-Nummer:059 906 461 N|18419,Motorcode:CAMA,CGKA / für OE-Nummer:059 906 461 N|18675,Motorcode:CAMA,CGKA / für OE-Nummer:059 906 461 N|30374,Motorcode:CAMA,CGKA / für OE-Nummer:059 906 461 N|18676,Motorcode:CAMA,CGKA / für OE-Nummer:059 906 461 N|19235,Motorcode:CAMA,CGKA / für OE-Nummer:059 906 461 N|30375,Motorcode:CAMA,CGKA / für OE-Nummer:059 906 461 N|18420,Motorcode:CAMA,CGKA / für OE-Nummer:059 906 461 N|18426,Motorcode:CAMA,CGKA / für OE-Nummer:059 906 461 N|19479,Motorcode:CAMA,CGKA / für OE-Nummer:059 906 461 N|30380,Motorcode:CAMA,CGKA / für OE-Nummer:059 906 461 N|10416,Motorcode:CAMA,CGKA / für OE-Nummer:059 906 461 N|108585,Motorcode:CAMA,CGKA / für OE-Nummer:059 906 461 N|108588,Motorcode:CAMA,CGKA / für OE-Nummer:059 906 461 N|10418,Motorcode:CAMA,CGKA / für OE-Nummer:059 906 461 N|10429,Motorcode:CAMA,CGKA / für OE-Nummer:059 906 461 N|2538,Motorcode:CAMA,CGKA / für OE-Nummer:059 906 461 N|107348,Motorcode:CAMA,CGKA / für OE-Nummer:059 906 461 N|9332,Motorcode:CAMA,CGKA / für OE-Nummer:059 906 461 N|11790,Motorcode:CAMA,CGKA / für OE-Nummer:059 906 461 N|34941,Motorcode:CAMA,CGKA / für OE-Nummer:059 906 461 N|58357,Motorcode:CAMA,CGKA / für OE-Nummer:059 906 461 N|107509,Motorcode:CAMA,CGKA / für OE-Nummer:059 906 461 N|27565,Motorcode:CAMA,CGKA / für OE-Nummer:059 906 461 N|31962,Motorcode:CAMA,CGKA / für OE-Nummer:059 906 461 N|56107,Motorcode:CAMA,CGKA / für OE-Nummer:059 906 461 N|100062,Motorcode:CAMA,CGKA / für OE-Nummer:059 906 461 N|100773,Motorcode:CAMA,CGKA / für OE-Nummer:059 906 461 N|9337,Motorcode:CAMA,CGKA / für OE-Nummer:059 906 461 N|10442,Motorcode:CAMA,CGKA / für OE-Nummer:059 906 461 N|21589,Motorcode:CAMA,CGKA / für OE-Nummer:059 906 461 N|26563,Motorcode:CAMA,CGKA / für OE-Nummer:059 906 461 N|34967,Motorcode:CAMA,CGKA / für OE-Nummer:059 906 461 N|100640,Motorcode:CAMA,CGKA / für OE-Nummer:059 906 461 N|105798,Motorcode:CAMA,CGKA / für OE-Nummer:059 906 461 N|105802,Motorcode:CAMA,CGKA / für OE-Nummer:059 906 461 N|107684,Motorcode:CAMA,CGKA / für OE-Nummer:059 906 461 N|30398,Motorcode:CAMA,CGKA / für OE-Nummer:059 906 461 N|28168,Motorcode:CAMA,CGKA / für OE-Nummer:059 906 461 N|8428,Motorcode:CAMA,CGKA / für OE-Nummer:059 906 461 N|9264,Motorcode:CAMA,CGKA / für OE-Nummer:059 906 461 N|33307,Motorcode:CAMA,CGKA / für OE-Nummer:059 906 461 N|58984,Motorcode:CAMA,CGKA / für OE-Nummer:059 906 461 N|107860,Motorcode:CAMA,CGKA / für OE-Nummer:059 906 461 N"",""Kategorie"":""Heimwerker > Werkzeuge > Handwerkzeuge > Messer"",""Lieferumfang"":""1x Luftmassenmesser"",""Marke"":""Pierburg"",""Material"":""Kunststoff"",""Oldtimer-Teil"":""Nein"",""Performance-Teil"":""Ja"",""Produktart"":""Luftmassenmesser"",""Tuning- & Styling-Teil"":""Nein"",""Universelle Kompatibilität"":""Nein"",""weight"":1,""Zustand"":""Gebraucht""}",83.56 EUR,XGA0106B,1
"3rd Avenue Akustikgitarre STX10ASBPK2, Fichtenholz Decke, Lindenholz, Sunburst",3rd Avenue,Spielzeug > Holzspielzeug > Musikinstrumente,SKU-2014012963,0700153955478,"Komplettes Premium Set für sofortigen Musikstart und Lernerfolg. | Klarer, resonanter Klang dank hochwertiger Hölzer im Sunburst-Design. | Robuste Bauweise garantiert langanhaltende Spielfreude und Zuverlässigkeit. | Einfache Bespielbarkeit, ideal für musikalische Einsteiger und Anfänger. | Umfassendes Zubehör inklusive, ermöglicht sofortiges Musizieren ohne weitere Anschaffungen. | Fichtenholz-Decke und Lindenholz-Boden für ausgewogenes, volles Klangbild. | Cutaway-Design für leichten Zugang zu höheren Bünden.","Das 3rd Avenue Akustikgitarren Premium Set in elegantem Sunburst bietet den idealen Einstieg in die Welt der Musik und ermöglicht sofortigen Spielspaß für Anfänger. Es liefert einen klaren, resonanten Klang durch hochwertige Hölzer und überzeugt mit seinem klassischen Design, perfekt für Übung und erste Auftritte.Die robuste Bauweise der Akustikgitarre garantiert außergewöhnliche Langlebigkeit und eine spielerfreundliche Handhabung, die besonders Einsteigern den Lernprozess erheblich erleichtert. Sorgfältig ausgewählte Materialien wie Fichtenholz für die Decke und Lindenholz für Boden und Zargen tragen zu einem ausgewogenen Klangbild bei, das sowohl für Solo-Spiel als auch für Begleitung geeignet ist.Im Lieferumfang sind die Akustikgitarre sowie umfangreiches Zubehör enthalten, sodass Sie ohne weitere Anschaffungen direkt mit dem Musizieren beginnen können. Vertrauen Sie auf die bewährte Qualität von 3rd Avenue, einer Marke, die für zuverlässige Musikinstrumente bekannt ist, und unseren engagierten Kundenservice für ein optimales Lernerlebnis.","{""Cutaway"":""Ja"",""EAN"":""0700153955478"",""Farbe"":""Sunburst"",""GPSR EU Authorised Representative"":""AR Experts, P.O. Box 5047, 3620 AA Breukelen, The Netherlands"",""GPSR Manufacturer address"":""Unit 3, Ryknild Industrial Estate, Derby Road, Burton upon Trent, DE14 1RZ"",""GPSR Manufacturer name"":""Normans (Burton on Trent Ltd)"",""Inklusive Zubehör"":""Ja"",""Kategorie"":""Spielzeug > Holzspielzeug > Musikinstrumente"",""Kategorie_Listing"":""Musikinstrumente > Saiteninstrumente > Gitarren > Akustikgitarren"",""Marke"":""3rd Avenue"",""Material Boden & Zargen"":""Lindenholz"",""Material Decke"":""Fichtenholz"",""Modell"":""STX10ASBPK2"",""Produktart"":""Akustikgitarre"",""Produktkategorie"":""Musikinstrumente > Saiteninstrumente > Gitarren > Akustikgitarren"",""Tonabnehmer"":""Nein"",""weight"":1,""Zielgruppe"":""Anfänger"",""Zubehör"":""Ja"",""Zustand"":""Neu""}",61.21 EUR,,0
"Generisch Autoradio JSD 520, 1-DIN, Bluetooth, USB, SD, 4x60W Schwarz",Generisch,"Auto & Motorrad: Teile > Autoelektronik, GPS & Sicherheitstechnik > Autoentertainment > Autoradios",SKU-2097206690,07901010300000,"Kabellose Freiheit: Bluetooth für Musik-Streaming und sicheres Freisprechen. | Vielseitige Medienwiedergabe: USB, SD und AUX-IN für gängige Audioformate. | Kraftvoller Sound: 4x60W MOSFET-Verstärker liefert beeindruckende Klangqualität. | Intuitive Bedienung: Klares LCD-Display und Fernbedienung für maximale Kontrolle. | Standard 1-DIN Einbaugröße für einfache Integration in viele Fahrzeuge. | Integriertes FM Radio mit RDS-Funktion für optimalen Senderempfang. | Umfassende Anschlussmöglichkeiten inklusive Cinch-Ausgänge für externe Verstärker.",,"{""Anschlusskabel"":""Ja"",""Anzahl Kanäle"":""4"",""Ausgangsleistung"":""4 x 60 W"",""AUX-Eingang"":""Ja"",""Bluetooth"":""Ja"",""Cinch-Ausgänge"":""Ja"",""Einbaugröße"":""1 DIN"",""Farbe"":""Schwarz"",""Fernbedienung"":""Ja"",""FM-Radio"":""Ja"",""Marke"":""Generisch"",""Modell"":""JSD 520"",""MP3-Wiedergabe"":""Ja"",""RDS-Funktion"":""Ja"",""SD-Karten-Slot"":""Ja"",""USB-Anschluss"":""Ja"",""weight"":1,""Zustand"":""used""}",15 EUR,,0
"Levoit Luftbefeuchter Classic 160: Gesundes Raumklima, leise, Top-Fill",Levoit,Haushaltsgeräte > Klimaanlagen & Heizgeräte,SKU-1890172110,0810123671069,"Gesundes Raumklima durch effiziente Ultraschall-Kaltnebeltechnologie genießen. | Müheloses Nachfüllen dank innovativem Top-Fill-Design des 2,5L Tanks. | Flüsterleiser Betrieb unter 28 dB für ungestörten Schlaf und Fokus. | Bis zu 25 Stunden kontinuierliche Befeuchtung pro Tankfüllung. | Einfache, hygienische Reinigung der Basis für dauerhafte Frische. | Effektive Feuchtigkeitsregulierung für Räume bis zu 20 m². | Zwei Jahre Herstellergarantie für langfristige Sicherheit und Vertrauen.","Der Levoit Classic 160 Ultraschall-Kaltnebel-Luftbefeuchter schafft ein optimales Raumklima und lindert effektiv Symptome trockener Luft. Er steigert Ihr tägliches Wohlbefinden durch sanfte Erhöhung der Luftfeuchtigkeit in Räumen bis zu 20 m², ideal für Schlafzimmer, Wohnzimmer und Büros.Dank effizienter Ultraschalltechnologie verteilt das Gerät einen feinen, kühlen Nebel und arbeitet dabei mit unter 28 dB extrem leise, für ungestörten Schlaf und konzentriertes Arbeiten. Das innovative Top-Fill-Design ermöglicht ein kinderleichtes Nachfüllen des 2,5-Liter-Wassertanks und gewährleistet eine hygienische Nutzung durch die einfache Reinigung der minimalistischen Basis.Im Lieferumfang des Levoit Classic 160 Luftbefeuchters sind ein vorinstallierter Wasserfilterschwamm, eine Reinigungsbürste und eine Bedienungsanleitung enthalten, bereit für den sofortigen Einsatz. Profitieren Sie von einer beeindruckenden Laufzeit von bis zu 25 Stunden pro Tankfüllung und einer umfassenden 2-jährigen Herstellergarantie für langfristige Sicherheit und Zufriedenheit.","{""Besonderheiten"":""Ultraschall, Kaltnebel, Top-Fill, Leise, DualValve Anti-Leak Design"",""Empfohlene_Raumgröße"":""20 m²"",""Geräuschpegel"":""< 28 dB"",""GPSR Manufacturer name"":""Levoit"",""Herstellernummer"":""LUH-A251-WEU"",""Kapazität"":""2.5 L"",""Kategorie"":""Haushaltsgeräte > Klimaanlagen & Heizgeräte"",""Kategorie_Pfad"":""Klimaanlagen & Heizgeräte"",""Leistung"":""17 W"",""Marke"":""Levoit"",""Modell"":""Classic 160"",""Produktart"":""Luftbefeuchter"",""Stromquelle"":""Netzbetrieben"",""Wassertank"":""Top-Fill Design""}",54.69 EUR,XGA0301C,1
"SACHS Federbeinlager Domlager 802 472 019 für Ford Fiesta V, Ford Fusion, Mazda 2 | Neu",SACHS,Auto & Motorrad: Teile > Auto-Tuning & -Styling > Sportfederung > Domlager,SKU-3671103995,4059923008019,"SACHS Originalteil für höchste Zuverlässigkeit und maximale Sicherheit. | Optimierter Fahrkomfort durch verbesserte Stabilität und Federung. | Präzise Passform ermöglicht schnelle, problemlose Installation. | Extrem langlebige Materialien garantieren außergewöhnlich lange Lebensdauer. | Wiederherstellung der ursprünglichen Fahrwerksleistung für präzises Handling. | Reduziert Fahrgeräusche und Vibrationen für ein ruhigeres Fahrerlebnis.","Dieses SACHS Original Federbeinlager optimiert spürbar die Fahrstabilität und den Federungskomfort Ihres Fahrzeugs. Es stellt die ursprüngliche Fahrwerksleistung wieder her und sorgt für präzises Handling sowie ein ruhigeres Fahrerlebnis.Gefertigt aus hochwertigen, langlebigen Materialien, ist dieses Bauteil für eine außergewöhnlich lange Lebensdauer und hohe Beständigkeit unter allen Bedingungen ausgelegt. Der Lieferumfang umfasst ein Federbeinlager gemäß Herstellernummer 802 472 019, bereit zur effizienten Wartung.Als Produkt von ZF Aftermarket profitieren Sie von der Expertise eines führenden Automobilzulieferers für professionelle Reparaturen. Bitte überprüfen Sie die exakte Kompatibilität anhand der Herstellernummer, um die korrekte Anwendung in Ihrem spezifischen Fahrzeug sicherzustellen.","{""EAN"":""4059923008019"",""Einbauposition"":""Vorderachse, Links, Rechts"",""Farbe"":""Schwarz"",""Herstellerland"":""Slowakische Republik"",""Herstellernummer"":""802 472 019"",""Kategorie"":""Auto & Motorrad: Teile"",""Kompatible Fahrzeugmodelle"":""Ford Fiesta V (JH_, JD_), Ford Fusion ju2, Mazda 2 DY, Ford Fiesta Mk5, Ford Fiesta Mk5 Kastenwagen"",""Lieferumfang"":""1x Federbeinlager"",""Marke"":""SACHS"",""Passend für Fahrzeug"":""Ford Fiesta V, Ford Fusion, Mazda 2"",""Produktart"":""Reparatursatz Federbeinstützlager"",""Referenznummer(n) OEM"":""F-5518867, F881997, 561367, 298199, BOGE 88-353-R, KYB SM1210, LEMFÖRDER 34683 01"",""weight"":1,""Zustand"":""Neu""}",19.25 EUR,XGA0106B,1
LIQUI MOLY Motoröl 10W-40 Mineralisch 4L für Motorrad 4-Takt Motoren MPN 3046,LIQUI MOLY,"Auto & Motorrad: Teile > Öl, Pflege- & Schmiermittel > Motoröl",SKU-4955195373,1004200304684,"Optimaler Schutz für luft- und wassergekühlte 4-Takt-Motoren | Zuverlässige Schmierung selbst unter extremsten Betriebsbedingungen | Hervorragende Geräuschdämpfung und effektiver Verschleißschutz | Kat-getestet und kompatibel mit Nasskupplungen | Erfüllt höchste Spezifikationen: API SN Plus und JASO MA2 | Qualitätsprodukt ""Made in Germany"" für maximale Zuverlässigkeit","Hochleistungs-Mineralöl 10W-40 von LIQUI MOLY, speziell für 4-Takt-Motorräder entwickelt. Bietet optimalen Schutz, zuverlässige Schmierung und hervorragende Motorsauberkeit unter allen Bedingungen. Kat-getestet und ideal für Nasskupplungen.","{""Anwendungsbereich"":""Motorrad 4-Takt"",""Füllmenge"":""4 L"",""Gebindeart"":""Kanister"",""Herstellernummer"":""3046"",""Herstellungsland"":""Deutschland"",""Marke"":""LIQUI MOLY"",""Öl-Typ"":""Mineralisch"",""Produktart"":""Motoröl"",""Spezifikationen"":""API SN Plus, JASO MA2"",""Viskosität"":""10W-40"",""weight"":1,""Zustand"":""NEU""}",37.33 EUR,XGA0106D,2
"Hochwertiges 15-tlg Gewindereparaturset M14x1,5 Werkzeugsatz für Reparaturen",Unbekannt,,SKU-3023625088,8719558505043,"Effiziente Reparatur beschädigter M14x1,5 Gewinde. | Umfassendes 15-teiliges Set für sofortigen Einsatz. | Hochwertige, langlebige Materialien für professionelle Nutzung. | Stellt die ursprüngliche Gewindefestigkeit zuverlässig wieder her. | Ideal für Kfz, Maschinenbau und allgemeine Reparaturen. | Einfache Anwendung dank präziser Werkzeuge.","Dieses 15-teilige Gewindereparaturset ist die ideale Lösung, um beschädigte oder verschlissene Gewinde schnell und effizient instand zu setzen. Es ermöglicht eine dauerhafte Reparatur, die die ursprüngliche Festigkeit und Funktionalität des Gewindes wiederherstellt.Das Set enthält alle notwendigen Werkzeuge und Einsätze für Gewinde der Größe M14x1,5, gefertigt aus robusten und langlebigen Materialien für eine hohe Beanspruchung. Die präzise Verarbeitung der Komponenten gewährleistet eine zuverlässige Anwendung und lange Lebensdauer.Im Lieferumfang ist ein umfassendes Sortiment an Gewindeeinsätzen, Bohrern und Montagewerkzeugen enthalten, um sofort mit der Reparatur beginnen zu können. Bei Fragen zur Anwendung oder Kompatibilität steht Ihnen unser Kundenservice gerne zur Verfügung.","{""Anwendungsbereich"":""Kfz, Maschinenbau, allgemeine Reparaturen"",""Anzahl Teile"":""15"",""category"":""Werkzeuge"",""Gewindegröße"":""M14x1,5"",""Material"":""Hochwertiger Werkzeugstahl"",""Produktart"":""Gewindereparaturset"",""weight"":1}",27.86 EUR,XGA0105B,1
ATE Bremsscheibe 24.0125-0184.1 für Audi - 314x25mm,ATE,Auto & Motorrad: Teile > Autoteile & Zubehör > Bremsen & Bremsenteile > Bremsscheiben,SKU-7591395419,4006633314036,"Garantierte ATE Originalqualität für kompromisslose Bremsleistung. | Präzise 314x25mm Passform für schnelle, einfache Montage. | Effiziente Wärmeableitung verhindert Bremsfading, steigert Sicherheit. | Äußerst langlebig für konstante, zuverlässige Fahrsicherheit. | Audi-spezifische Entwicklung für optimale Fahrzeugintegration und Performance. | Robuste Materialzusammensetzung für erhöhte Verschleißfestigkeit und Lebensdauer. | Konstante Bremskraft unter verschiedenen Fahrbedingungen gewährleistet.","Erleben Sie unvergleichliche Bremsperformance mit der ATE Bremsscheibe, präzise entwickelt für Ihr Audi-Fahrzeug. Die hochwertige Materialzusammensetzung garantiert überragende Wärmeableitung und verhindert effektiv Bremsfading, für maximale Sicherheit in jeder Fahrsituation.Die exakte Passform von 314x25mm ermöglicht eine schnelle und problemlose Installation, sodass Ihr Audi umgehend wieder mit voller Bremskraft unterwegs ist. Im Lieferumfang ist eine ATE Bremsscheibe enthalten, die für eine optimale Bremskraft Ihres Fahrzeugs sorgt.Wir empfehlen dringend die professionelle Montage durch geschultes Fachpersonal, um die volle Leistungsfähigkeit und Ihre Sicherheit zu garantieren. Vertrauen Sie auf bewährte ATE Originalqualität, die weltweit von Millionen Fahrern geschätzt wird und Ihnen Langlebigkeit verspricht.","{""Anzahl pro Verpackungseinheit"":""1 Stück"",""Artikelzustand"":""Neu"",""Belüftet"":""Ja"",""Dicke"":""25 mm"",""Durchmesser"":""314 mm"",""Fahrzeugmarke"":""Audi"",""GPSR Manufacturer name"":""ATE"",""GTIN"":""4006633314036"",""Hersteller"":""ATE"",""Herstellernummer"":""24.0125-0184.1"",""Kategorie"":""Auto & Motorrad: Teile"",""Lieferumfang"":""1x Bremsscheibe"",""Menge pro Packung"":""1 Stück"",""Oldtimer-Teil"":""Nein"",""Produktart"":""Bremsscheibe"",""Produktgruppe"":""Bremssystem"",""Universelle Kompatibilität"":""Nein"",""weight"":1,""Zustand"":""Neu""}",35.62 EUR,XGA0106C,2
IKEA KALLAX Standregal 77x77 cm – Vielseitige & stilvolle Ordnungslösung,IKEA,Möbel & Wohnen > Möbel > Regale & Aufbewahrung,SKU-7995751556,5905741720765,"Maximal flexibel: Als Regal, Raumteiler oder Sideboard nutzbar. | Robuste Holzwerkstoffe garantieren Stabilität und langfristige Freude. | Extrem pflegeleichte Oberfläche für dauerhaft makellose Optik. | Schnelle und unkomplizierte Selbstmontage dank intuitiver Anleitung. | Millionenfach bewährte IKEA Qualität für langanhaltende Zufriedenheit. | Zeitloses, weltweit geschätztes Design fügt sich perfekt ein. | Vielseitig einsetzbar in Wohnzimmer, Büro, Schlaf- oder Kinderzimmer.","Das IKEA KALLAX Standregal 77x77 cm bietet eine stilvolle und äußerst flexible Aufbewahrungslösung, die sich nahtlos in jedes moderne Zuhause einfügt. Es kann stehend oder liegend genutzt werden, um Bücher, Dekorationen oder als praktischer Raumteiler optimal zu präsentieren.Gefertigt aus robusten Holzwerkstoffen, garantiert dieses zeitlose Regal Beständigkeit und Funktionalität für viele Jahre. Alle notwendigen Teile für eine schnelle und unkomplizierte Selbstmontage sind im Lieferumfang enthalten, damit Sie Ihr neues Möbelstück im Handumdrehen nutzen können.Vertrauen Sie auf die millionenfach bewährte Qualität von IKEA und integrieren Sie ein Design-Highlight, das weltweit geschätzt wird. Erleben Sie maximale Flexibilität und verwandeln Sie Ihren Wohnraum mit diesem unverzichtbaren Organisationswunder, unterstützt durch den zuverlässigen IKEA Kundenservice.","{""Allgemeine Kategorie"":""Regale & Aufbewahrung"",""Anzahl der Einheiten"":""1"",""Anzahl der Fächer"":""4"",""Breite"":""77 cm"",""Farbe"":""Weiß"",""Gewicht"":""12 kg"",""GPSR Manufacturer name"":""IKEA"",""Herstellernummer"":""202.758.14"",""Herstellungsland"":""Polen"",""Höhe"":""77 cm"",""Kategorie"":""Möbel & Wohnen > Möbel > Regale & Aufbewahrung"",""Kategorie_Pfad"":""Möbel > Regale & Aufbewahrung > Standregale"",""Marke"":""IKEA"",""Material"":""Holzwerkstoff"",""Modell"":""KALLAX"",""Montage erforderlich"":""Ja"",""Produktart"":""Standregal"",""Zimmer"":""Wohnzimmer, Schlafzimmer, Büro, Kinderzimmer"",""Zustand"":""Neu""}",59.99 EUR,XGA0301C,1
FNTCASE Schutzhülle für Apple iPhone 16 Pro Grau Stoßfest MagSafe-kompatibel NEU,FNTCASE,,SKU-2064038107,4239255741,"MagSafe-kompatibel für schnelles, kabelloses Laden. | Einfache und schnelle Anbringung. | Gefertigt aus umweltfreundlichen Materialien. | Elegantes matt-transparentes Design in Grau. | Zuverlässiger Schutz vor Stößen und Kratzern.",Die FNTCASE Schutzhülle für das Apple iPhone 16 Pro in Grau bietet robusten Stoßschutz und ist MagSafe-kompatibel. Präzise Aussparungen und eine angenehme Haptik garantieren hohen Komfort und volle Funktionalität bei leichtem Design.,"{""Designland"":""USA"",""Eigenschaften"":""Stoßfest, Präzise Aussparungen, Einfache Installation, Angenehme Haptik"",""Farbe"":""Grau"",""Kabelloser Ladestandard"":""MagSafe"",""Kompatible Marke"":""Apple"",""Kompatibles Modell"":""iPhone 16 Pro"",""Marke"":""FNTCASE"",""Oberfläche"":""Matt, Transparent"",""Produktart"":""Schutzhülle"",""weight"":1,""Zustand"":""NEU""}",11.92 EUR,,0
BOOST TOWN Ladeluftrohr Ansaugrohr Kit 1507000192029 Hyundai Kona/i30N Rot Gebr.,BOOST TOWN,"Auto & Motorrad: Teile > Quad-, SSV- & UTV-Teile & -Zubehör > Ansaug- & Kraftstoffsysteme",SKU-6705970836,1507000192029,Spürbare Leistungssteigerung und optimiertes Ansprechverhalten. | Gefertigt aus robustem PPS GF40 (glasfaserverstärkter Kunststoff). | Auffälliges rotes Design wertet den Motorraum optisch auf. | Umfassendes Kit für schnelle und unkomplizierte Installation. | Effizienterer Luftstrom für optimierte Motorleistung und Dynamik. | Perfekte Passform für Hyundai i30N (275PS Vor-Facelift). | Inklusive ABE für legale Nutzung. | Ca. 50% Gewichtsreduktion gegenüber Serienbauteilen.,"Dieses gebrauchte BOOST TOWN Ladeluftrohr Ansaugrohr Kit für den Hyundai i30N (Vor-Facelift 275PS) optimiert den Luftstrom für spürbare Leistungssteigerung und ein verbessertes Ansprechverhalten. Gefertigt aus robustem, glasfaserverstärktem Kunststoff (PPS GF40) in auffälligem Rot, bietet es eine leichte und langlebige Lösung für mehr Motorleistung und Dynamik. Das umfassende Kit ermöglicht eine unkomplizierte Installation.","{""Artikelnummer"":""1507000192029"",""Artikelzustand"":""Gebraucht – Voll funktionsfähig"",""Einbauposition"":""Motorraum"",""Farbe"":""Rot"",""GPSR Manufacturer name"":""BOOST TOWN"",""Hersteller"":""BOOST TOWN"",""Herstellernummer"":""1507000192029"",""Kategorie"":""Auto & Motorrad: Teile > Quad-, SSV- & UTV-Teile & -Zubehör > Ansaug- & Kraftstoffsysteme"",""Lieferumfang"":""Ansaugsystem, Luftfilter, Befestigungsschellen"",""Marke"":""BOOST TOWN"",""Material"":""Kunststoff"",""Oberflächenbeschaffenheit"":""Glänzend"",""Oldtimer-Teil"":""Nein"",""Produktart"":""Ladeluftrohr Ansaugrohr Kit"",""Produktgruppe"":""Ansaug- & Kraftstoffsysteme"",""Rückgaberecht"":""14 Tage"",""Versand"":""Kostenloser DHL Versand"",""weight"":1,""Zustand"":""Gebraucht – Voll funktionsfähig""}",520 EUR,XGA0106D,1
CAPAS Schnorchelflossen Travel Fins Grün Gr. S/M für Erwachsene & Kinder,CAPAS,Sport > Tauchen > ABC & Blei > Schnorchelflossen,SKU-0533124796,91001518,"Kompaktes Design, ideal für Reisen und einfachen Transport. | Ergonomische Passform bietet maximalen Komfort und minimiert Ermüdung. | Effizienter Vortrieb ermöglicht müheloses Schwimmen und Schnorcheln. | Robuste Materialien garantieren Langlebigkeit in Salzwasserumgebungen. | Verstellbare Fersenriemen für individuelle und sichere Passform. | Vielseitig geeignet für Erwachsene, Kinder, Anfänger und Fortgeschrittene.",,"{""Besonderheit"":""Reisefreundlich, Kompaktes Design"",""Einsatzbereich"":""Wassersport, Schnorcheln, Schwimmen"",""Farbe"":""Grün"",""Größe"":""S/M"",""Marke"":""CAPAS"",""Material"":""Hochwertige Materialien"",""Produktart"":""Schnorchelflossen"",""Verschlussart"":""Verstellbarer Fersenriemen"",""weight"":1,""Zielgruppe"":""Erwachsene & Kinder"",""Zustand"":""gebraucht""}",29.99 EUR,XGA0105A,1
"ATE Bremsscheibe 24.0128-0248.1 für Hyundai Kia, 321mm Durchmesser, 28mm Dicke",ATE,Auto & Motorrad: Teile > Autoteile & Zubehör > Bremsen & Bremsenteile > Bremsscheiben,SKU-8902752253,14006633314036,"ATE Premium Bremsscheibe für Hyundai und Kia Modelle. | Herstellernummer 24.0128-0248.1 für präzise Fahrzeugkompatibilität. | Durchmesser 321 mm und Dicke 28 mm für optimale Bremsleistung. | Gefertigt aus hochwertigen Materialien für extreme Langlebigkeit. | Erfüllt E-Prüfzeichen 90R-02C0115/0572 für höchste Sicherheitsstandards. | Ermöglicht schnelle, unkomplizierte Montage und erhöhte Fahrsicherheit.","Die ATE Bremsscheibe 24.0128-0248.1 ist eine belüftete Bremsscheibe für die Vorderachse von Hyundai und Kia Modellen. Mit einem Durchmesser von 321 mm, einer Dicke von 28 mm und einem Gewicht von ca. 10.58 kg erfüllt sie das E-Prüfzeichen E1 90R-02C0115/0572 für hohe Sicherheitsstandards.","{""Achse"":""vorne"",""Bremsscheibenart"":""belüftet"",""Dicke"":""28 mm"",""Durchmesser"":""321 mm"",""E-Prüfzeichen"":""E1 90R-02C0115/0572"",""Herstellernummer"":""24.0128-0248.1"",""Herstellungsland"":""Deutschland"",""K-Typ"":""9135,Einbauposition Vorderachse|116960,Einbauposition Vorderachse|100972,Einbauposition Vorderachse|6647,Einbauposition Vorderachse|111969,Einbauposition Vorderachse|6649,Einbauposition Vorderachse|20104,Einbauposition Vorderachse|34960,Einbauposition Vorderachse|20105,Einbauposition Vorderachse|34961,Einbauposition Vorderachse|19840,Einbauposition Vorderachse|19841,Einbauposition Vorderachse|6648,Einbauposition Vorderachse|34963,Einbauposition Vorderachse|19838,Einbauposition Vorderachse|19839,Einbauposition Vorderachse|6646,Einbauposition Vorderachse|142809,Einbauposition Vorderachse|142812,Einbauposition Vorderachse|142811,Einbauposition Vorderachse|142810,Einbauposition Vorderachse|142813,Einbauposition Vorderachse|55795,Einbauposition Vorderachse|117229,Einbauposition Vorderachse|56797,Einbauposition Vorderachse|127211,Einbauposition Vorderachse|117226,Einbauposition Vorderachse|116947,Einbauposition Vorderachse|55794,Einbauposition Vorderachse|56796,Einbauposition Vorderachse|117585,Einbauposition Vorderachse|117223,Einbauposition Vorderachse|117225,Einbauposition Vorderachse|130766,Einbauposition Vorderachse|133117,Einbauposition Vorderachse|130767,Einbauposition Vorderachse|133195,Einbauposition Vorderachse|131897,Einbauposition Vorderachse|131898,Einbauposition Vorderachse|131903,Einbauposition Vorderachse|133116,Einbauposition Vorderachse|134377,Einbauposition Vorderachse|143732,Einbauposition Vorderachse|146965,Einbauposition Vorderachse|137857,Einbauposition Vorderachse|141519,Einbauposition Vorderachse|141520,Einbauposition Vorderachse|6300,Einbauposition Vorderachse|6302,Einbauposition Vorderachse|32047,Einbauposition Vorderachse|32048,Einbauposition Vorderachse|59770,Einbauposition Vorderachse|32045,Einbauposition Vorderachse|58651,Einbauposition Vorderachse|32046,Einbauposition Vorderachse|58652,Einbauposition Vorderachse|59025,Einbauposition Vorderachse|59026,Einbauposition Vorderachse|133945,Einbauposition Vorderachse|105602,Einbauposition Vorderachse|119149,Einbauposition Vorderachse|142837,Einbauposition Vorderachse|142838,Einbauposition Vorderachse|142834,Einbauposition Vorderachse|142836,Einbauposition Vorderachse|128687,Einbauposition Vorderachse|109945,Einbauposition Vorderachse|109947,Einbauposition Vorderachse|123810,Einbauposition Vorderachse|112960,Einbauposition Vorderachse|109949,Einbauposition Vorderachse|117664,Einbauposition Vorderachse|125588,Einbauposition Vorderachse|134406,Einbauposition Vorderachse"",""Marke"":""ATE"",""Mindestdicke"":""26 mm"",""Passend für Fahrzeugmarken"":""Hyundai, Kia"",""Produktart"":""Bremsscheibe"",""weight"":12,""Zustand"":""Neu""}",72.99 EUR,XGA0106C,1
"TRW Bremsscheibe DF4982 für Honda Accord - 282mm Durchmesser, 9mm Dicke",TRW,Sport > Radsport > Fahrradteile & -komponenten > Bremsscheiben,SKU-4873494474,3322937952748,Optimale Bremsleistung für höchste Fahrsicherheit und Kontrolle. | Erstklassige TRW Qualität: Langlebigkeit und Zuverlässigkeit garantiert. | Präzise Passform minimiert Vibrationen für ruhiges Fahrverhalten. | ECE R90-zertifiziert: Erfüllt strengste europäische Sicherheitsstandards. | Gefertigt aus hochwertigem Stahlverbund für maximale Hitzebeständigkeit. | Speziell entwickelt für Honda Accord Modelle für perfekte Kompatibilität.,"Die TRW DF4982 Bremsscheibe steigert die Fahrsicherheit Ihres Honda Accord durch zuverlässige und optimale Bremsleistung. Speziell für diverse Honda Accord Modelle entwickelt, erfüllt sie höchste Qualitätsstandards für eine sichere Fahrt.Gefertigt aus hochwertigem Stahlverbund, garantiert diese Bremsscheibe eine lange Lebensdauer und exzellente Hitzebeständigkeit unter allen Bedingungen. Ihre präzise Verarbeitung sichert eine perfekte Passform, minimiert Vibrationen und stellt die ursprüngliche Bremsfunktionalität vollständig wieder her.Im Lieferumfang ist eine TRW DF4982 Bremsscheibe enthalten, die der strengen ECE R90-Norm entspricht und für eine unkomplizierte Installation vorbereitet ist. Bitte beachten Sie, dass für eine komplette Achse üblicherweise zwei Bremsscheiben benötigt werden und prüfen Sie die Kompatibilität vor dem Kauf sorgfältig.","{""Angebotspaket"":null,""Beschreibung des Angebotpakets"":null,""EAN"":""3322937952748"",""Fahrzeugmarke"":""Honda"",""Farbe"":null,""Für Fahrradtyp"":null,""GPSR Manufacturer name"":""TRW"",""Herstellerland - und Region"":null,""Herstellernummer"":""DF4982"",""K-Typ"":""58318,Einbauposition Hinterachse|29480,Einbauposition Hinterachse|34928,Einbauposition Hinterachse|29482,Einbauposition Hinterachse|29483,Einbauposition Hinterachse"",""Kategorie"":""Sport > Radsport > Fahrradteile & -komponenten > Bremsscheiben"",""Marke"":""TRW"",""Material"":""Hochwertiger Stahlverbund"",""Modell"":""Accord"",""Modifikationsbeschreibung"":null,""Modifizierter Artikel"":null,""Montage"":null,""Produktart"":""Bremsscheibe"",""Produktgruppe"":""Bremsenteile"",""Prüfzeichen"":""ECE R90"",""Scheibengröße"":""282mm Durchmesser, 9mm Dicke"",""weight"":1}",27.96 EUR,XGA0106C,1
RDINSCOS Schichtdickenmessgerät TC-100 µm/mil für Eisen- & Nichteisen-Metalle,RDINSCOS,Heimwerker > Werkzeuge > Messwerkzeuge & Messgeräte,SKU-7736193220,075523001671,Hochpräzise Messungen auf Eisen- und Nichteisen-Metallen. | Intuitive Bedienung durch klares Digitaldisplay für sofortige Ergebnisse. | Extrem robustes Kunststoffgehäuse für den professionellen Dauereinsatz. | Misst Schichtdicken mittels magnetischer und Wirbelstrom-Prinzipien. | Anzeige der Messergebnisse in Mikrometer (µm) oder mil. | Sofort einsatzbereit durch mitgelieferte Batterien.,"Das RDINSCOS TC-100 Schichtdickenmessgerät ermöglicht hochpräzise und zerstörungsfreie Messungen von Lack- und Beschichtungsdicken auf Eisen- und Nichteisen-Metallen. Profitieren Sie von der intuitiven Bedienung und dem klaren Digitaldisplay, das sofortige und genaue Ergebnisse in Mikrometer oder Mil liefert.Dieses vielseitige Messgerät ist ideal für die Automobilindustrie, Lackierereien und industrielle Anwendungen, wo Zuverlässigkeit und Genauigkeit entscheidend sind. Das robuste Kunststoffgehäuse gewährleistet Langlebigkeit und professionellen Einsatz selbst unter anspruchsvollsten Bedingungen.Im Lieferumfang sind das Messgerät und die erforderlichen Batterien enthalten, sodass Sie sofort mit präzisen Messungen beginnen können. Vertrauen Sie auf bewährte Qualität und steigern Sie Ihre Effizienz mit diesem unverzichtbaren Werkzeug für optimale Ergebnisse.","{""Anwendungsbereich"":""Lackdickenmessung, Beschichtungsdickenmessung, Automobilindustrie"",""Display"":""Digital"",""Farbe"":""Schwarz"",""GPSR Manufacturer name"":""RDINSCOS"",""Kategorie"":""Heimwerker > Werkzeuge > Messwerkzeuge & Messgeräte"",""Marke"":""RDINSCOS"",""Maßeinheit"":""µm, mil"",""Material"":""Kunststoff"",""Messprinzip"":""Magnetisch, Wirbelstrom"",""Modell"":""TC-100"",""Produktart"":""Schichtdickenmessgerät"",""Stromversorgung"":""Batterie"",""weight"":1,""Zustand"":""Neu""}",28.19 EUR,XGA0304B,1
JMIYAV Gaming Mauspad FGD-02 JD-80 Rosa Mikrofaser Gr. 300 mm,JMIYAV,"Computer, Tablets & Netzwerk > Notebook- & Desktop-Zubehör > Mauspads & Handgelenkauflagen",SKU-6511282128,20220424000047,"Extra großes Gaming Mauspad (800x300mm) für maximale Bewegungsfreiheit. | Dynamische RGB-Hintergrundbeleuchtung mit einfacher Touch-Steuerung. | Präzise Mikrofaser-Oberfläche, kompatibel mit allen Maussensoren. | Stabile, rutschfeste Basis für sicheren Halt auf jeder Oberfläche. | Plug & Play-Funktionalität über ein 1,8 m geflochtenes USB-Kabel. | Optimiert für Gamer mit Fokus auf Ästhetik und Leistung. | Robuste Verarbeitung für langanhaltende Nutzung und Strapazierfähigkeit.",JMIYAV Gaming Mauspad FGD-02 JD-80 Rosa Mikrofaser Gr.,"{""Anschluss"":""USB"",""Beleuchtung"":""RGB"",""Breite"":""300 mm"",""ean"":""727977275230"",""Eigenschaft"":""Rutschfeste Unterseite"",""Farbe"":""Rosa"",""Funktion"":""Plug & Play"",""Herstellernummer"":""JD-80"",""Kabellänge"":""1,8 m"",""Kabeltyp"":""Geflochten"",""Kompatibilität"":""Alle Maussensoren"",""Länge"":""800 mm"",""Marke"":""JMIYAV"",""Material"":""Mikrofaser"",""Modell"":""FGD-02"",""Produktart"":""Gaming Mauspad"",""Steuerung"":""Touch"",""weight"":1,""Zustand"":""Neu""}",29.98 EUR,XGA0105B,1
"SHARGE Powerbank Flow Mini SP012, 5000mAh, USB-C, 2x 5V/2.4A Ausgang Grau",SHARGE,Musikinstrumente > Gitarren & Bässe > Zubehör > Kabel,SKU-3806532980,7649994068165,"Integriertes USB-C Kabel: Universelle Kompatibilität für iOS & Android. | Extrem kompaktes Design: Müheloser Transport im Lippenstift-Format. | Zuverlässige 5000mAh Kapazität: Immer volle Energie für Ihre Geräte. | Robuste Premium-Bauweise: Maximale Langlebigkeit und höchste Qualität. | Zwei USB-C-Anschlüsse: Gleichzeitiges Laden von zwei Geräten möglich. | Schnelles Laden: 5V/2.4A Ausgang für effiziente Energieversorgung. | Kompakte Abmessungen: 78.8 x 25.3 x 33 mm, ideal für Hosentasche.","Die SHARGE Flow Mini Powerbank sichert Ihnen maximale Mobilität und ununterbrochene Konnektivität, indem sie Ihre mobilen Geräte zuverlässig mit Energie versorgt. Sie ist der ideale Begleiter für Reisen, Arbeit oder Freizeit und garantiert stets volle Akkus.Ausgestattet mit einem integrierten USB-C-Kabel bietet diese Powerbank beispiellose Flexibilität für iOS- und Android-Geräte, ohne dass Sie zusätzliche Kabel benötigen. Ihr extrem kompaktes Lippenstift-Format und die robuste Bauweise aus hochwertigen Materialien ermöglichen einen mühelosen Transport in jeder Tasche.Die zuverlässige 5000mAh Akkukapazität garantiert stets volle Energie für Ihre Geräte, wo immer Sie sind. Im Lieferumfang ist die SHARGE Flow Mini Powerbank enthalten; zudem profitieren Sie von erstklassigem SHARGE-Service und einer umfassenden Garantie für sorgenfreie Nutzung.","{""Abmessungen"":""78.8 x 25.3 x 33 mm"",""Abmessungen (LxBxH)"":""78.8 x 25.3 x 33 mm"",""Anschlüsse"":""USB-C"",""Anschlusstyp"":""USB-C"",""Anzahl der Anschlüsse"":""2"",""Ausgang (Details)"":""USB-C1 5V=2.4A, USB-C2 5V=2.4A"",""Ausgang (USB-C)"":""2x 5V / 2.4A"",""Ausgangsspannung"":""5V"",""Ausgangsstrom"":""2.4A"",""Batterie (Rohdaten)"":""5000mAh/4900mAh 18Wh/17.64Wh"",""Besonderheiten"":""Integriertes Kabel, Kompakt, iOS & Android kompatibel"",""Eingang (Details)"":""USB-C1 5V=2.4A"",""Eingang (USB-C)"":""5V / 2.4A"",""Eingangsspannung"":""5V"",""Farbe"":""Grau"",""GPSR Manufacturer name"":""SHARGE"",""Herstellernummer"":""SP012"",""Kapazität"":""5000 mAh"",""Kategorie"":""Musikinstrumente > Gitarren & Bässe > Zubehör > Kabel"",""Kompatible Marke"":""Universal"",""Ladeanschluss"":""USB-C"",""Marke"":""SHARGE"",""Material"":""Hochwertiger Kunststoff"",""Max. Ausgangsleistung pro Port"":""12W"",""Modell"":""Flow Mini SP012"",""Produktart"":""Powerbank"",""Umwandlungsrate"":"">76%"",""weight"":1}",14.59 EUR,XQGA0101A,1
"URVOLAX Drahtloses CarPlay Display UR73C, 10.26 Zoll Schwarz",URVOLAX,,SKU-4603086544,20240129000072,Drahtloses Apple CarPlay und Android Auto integriert. | Großes 10.26 Zoll HD-Display für intuitive Bedienung. | AirPlay- und Miracast-Funktionen für vielseitiges Streaming. | Integrierter FM Transmitter zur Audioausgabe im Fahrzeug. | Schnelle und einfache Installation ohne Spezialwerkzeuge. | Universelle Kompatibilität mit Smartphones und Mobilgeräten.,,"{""Anschlussart"":""Drahtlos"",""barcodes"":""[\""6933783712522\""]"",""Bildschirmgröße"":""10.26 Zoll"",""Farbe"":""Schwarz"",""Funktionen"":""Apple CarPlay, Android Auto, AirPlay, Miracast, FM Transmitter"",""Herstellernummer"":""UR73C"",""Kompatibilität"":""Universal"",""Marke"":""URVOLAX"",""Modell"":""UR73C"",""Produktart"":""CarPlay Display"",""weight"":1,""weight_unit"":""kg"",""Zustand"":""Neu""}",53.99 EUR,XGA0106B,1
SPURTAR Messschieber 0-150mm used DIN 862 Präzision 0.02mm gebraucht Außen,SPURTAR,Business & Industrie > Werkzeuge & Werkstattbedarf > Mess- & Prüfwerkzeuge > Messschieber,SKU-0545917168,2024080701046,"Präzise Messungen für Außen, Innen, Tiefe und Stufen. | Großer Messbereich von 0 bis 150 mm. | Hohe Genauigkeit von ±0.02 mm. | Gefertigt nach dem DIN 862 Standard. | Klar ablesbare metrische und imperiale Skalen. | Integrierte Feststellschraube für sichere Messwerte. | Robustes Design für maximale Langlebigkeit.","Dieser gebrauchte SPURTAR Messschieber nach DIN 862 ermöglicht präzise Messungen von 0-150 mm mit ±0.02 mm Genauigkeit für Außen-, Innen-, Tiefen- und Stufenmessungen.","{""Besonderheit"":""Feststellschraube"",""ean"":""655302158944"",""Genauigkeit"":""±0.02 mm"",""Marke"":""SPURTAR"",""Messbereich"":""0-150 mm"",""Messfunktionen"":""Außenmessung, Innenmessung, Tiefenmessung, Stufenmessung"",""Modell"":""0-150mm"",""Produktart"":""Messschieber"",""Skaleneinheiten"":""Metrisch, Imperial"",""Standard"":""DIN 862"",""weight"":1,""Zustand"":""gebraucht""}",11.99 EUR,XGA0105B,1
"Magic: The Gathering Commander Deck – Sofort spielbar, epische Zombie-Horden",Magic: The Gathering,Sammeln & Seltenes > Sammelkartenspiele/TCGs,SKU-0922374624,195166279855,"Sofort spielbares Commander Deck für packende Duelle und Multiplayer-Partien. | Führen Sie Temmet, Naktamuns Wille, als mächtigen Kommandanten an. | Erschaffen und verstärken Sie eine unaufhaltsame Zombie-Armee zur Dominanz. | Erweitern Sie Ihre Sammlung mit exklusiven Foils und wertvollen Booster-Inhalten. | Genießen Sie strategische Tiefe und unvergessliche Spielmomente mit Freunden.","Tauchen Sie mit dem Magic: The Gathering Commander Deck 'Eternal Might' sofort in fesselnde Duelle ein und erleben Sie strategische Tiefe. Führen Sie Temmet, Naktamuns Wille, an, um eine unaufhaltsame Zombie-Armee zu befehligen und Ihre Gegner zu dominieren.Dieses umfassende Set enthält ein vollständiges, sofort spielbares 100-Karten-Deck, ergänzt durch 10 doppelseitige Token-Karten, ein Strategie-Insert und eine Referenzkarte. Zusätzlich erhalten Sie ein Collector Booster Sample Pack und zwei legendäre traditionelle Foils, die Ihre Sammlung bereichern und spannende Entdeckungen versprechen.Die hochwertigen Karten sind aus langlebigem Karton gefertigt, was ein angenehmes Spielgefühl und dauerhafte Freude garantiert. Dieses englischsprachige Commander Deck von Wizards of the Coast ist ideal für Spieler ab 13 Jahren, um Fähigkeiten zu verbessern oder neue Spieler einzuführen und bietet langanhaltenden Spielspaß.","{""Altersempfehlung"":""13+"",""Anzahl der Karten"":""100"",""Besonderheiten"":""Foil, Sample Pack"",""GPSR Manufacturer name"":""Magic: The Gathering"",""Hersteller"":""Wizards of the Coast"",""Herstellungsland"":""Belgien"",""Herstellungsland und -region"":""Belgien"",""Inhalt"":""100-Karten-Deck, 10 doppelseitige Token-Karten, Strategie-Insert, Referenzkarte, 1 Collector Booster Sample Pack, 2 legendäre traditionelle Foils"",""Kategorie"":""Sammeln & Seltenes > Sammelkartenspiele/TCGs"",""Marke"":""Magic: The Gathering"",""Material"":""Karton"",""Produktart"":""Commander Deck"",""Set"":""Aetherdrift"",""Spiel"":""Magic: The Gathering"",""Spieltyp"":""Sammelkartenspiel"",""Sprache"":""Englisch"",""Thema"":""Fantasy, Zombies"",""Zielgruppe"":""Jugendliche, Erwachsene"",""Zustand"":""Neu""}",34.99 EUR,,0
SACHS Kupplungssatz 2290601009 für Audi A3 VW Golf 2.0 TDI 240mm mit ZMS NEU,SACHS,Auto & Motorrad: Teile > Autoteile & Zubehör > Getriebe & Antriebstechnik > Kupplungsteile & -sätze > Kupplungssätze,SKU-2511182802,2290601009009,Original SACHS Ersatzteil für diverse 2.0 TDI Modelle. | Optimale Kraftübertragung und komfortables Schaltverhalten. | Robustes Design mit 240mm Durchmesser und Zweimassenschwungrad (ZMS). | Präzise gefertigt für perfekte Passform und Funktion. | Verbessert Fahrsicherheit und Fahrkomfort nachhaltig. | Einfache Installation durch qualifiziertes Fachpersonal.,"Dieser SACHS Kupplungssatz 2290601009 ist ein Original Ersatzteil für Audi A3, VW Golf V und weitere 2.0 TDI Modelle. Er gewährleistet mit 240mm Durchmesser und ZMS optimale Kraftübertragung, reibungsloses Schaltverhalten und hohe Fahrsicherheit. Gefertigt aus langlebigen Materialien nach Industriestandards für maximale Zuverlässigkeit. Die Produktverpackung ist beschädigt, das Produkt selbst ist neu und unbenutzt.","{""Durchmesser"":""240 mm"",""EAN"":""013872719334"",""Herstellernummer"":""2290601009"",""Marke"":""SACHS"",""Merkmal"":""mit Zweimassenschwungrad (ZMS)"",""Produktart"":""Kupplungssatz"",""Produktgruppe"":""Antriebsteile & Getriebe"",""weight"":1,""Zähnezahl"":""23"",""Zustand"":""NEU""}",326.63 EUR,,0
"kecoolke Ultraschallreiniger KZ-F3, 3.0L, 120W Ultraschall, 150W Heizung Silber",kecoolke,Haushalt & Wohnen > Reinigung > Ultraschallreiniger,SKU-5446097686,2312388888888,"Gründliche Ultraschallreinigung mit 40 kHz Frequenz. | Effektive Schmutzentfernung durch 120W Ultraschallleistung. | Integrierte Heizfunktion mit 150W für optimale Ergebnisse. | Großzügiges 3,0 Liter Fassungsvermögen für vielfältige Objekte. | Digitale Anzeige für präzise Temperatur- und Zeiteinstellung. | Robustes Edelstahlgehäuse für Langlebigkeit und Hygiene. | Vielseitig einsetzbar für Schmuck, Brillen, Werkzeuge und mehr.",,"{""Betriebsspannung"":""220-240 V"",""ean"":""6915451823150"",""Farbe"":""Silber"",""Fassungsvermögen"":""3,0 Liter"",""Funktionen"":""Heizfunktion, Timer, Digitalanzeige"",""Gehäusematerial"":""Edelstahl"",""gtin"":""6915451823150"",""Heizleistung"":""150 W"",""Marke"":""kecoolke"",""Modell"":""KZ-F3"",""Netzfrequenz"":""50/60 Hz"",""Produktart"":""Ultraschallreiniger"",""Ultraschallfrequenz"":""40 kHz"",""Ultraschallleistung"":""120 W"",""upc"":""6915451823150"",""weight"":1,""Zustand"":""Neu""}",94.99 EUR,XGA0101C,1
BMW Fußmatten 2er F45 Active Tourer Velours Anthrazit 4-teilig 2452014202112,BMW,Auto & Motorrad: Teile > Autoteile & Zubehör > Innenausstattung,SKU-6761538665,2452014202112,Perfekte Passform für BMW 2er F45 Active Tourer (2014-2021). | Hochwertiger Anthrazit-Velours für Komfort und Langlebigkeit. | Exklusives M Competition Logo für sportlich-elegantes Design. | Effektiver Schutz des Innenraums vor Schmutz und Abnutzung. | Rutschfeste Unterseite für sicheren Halt während der Fahrt. | Einfache Reinigung und Pflege für dauerhaft frischen Innenraum. | Umfassendes 4-teiliges Set für vollständigen Schutz des Fahrzeuginnenraums.,,"{""Angebotspaket"":""Ja"",""Anzahl der Teile"":""4"",""Anzahl Teile"":""4"",""Baujahr"":""2014-2021"",""Besonderheiten"":""Rutschfest"",""Design"":""M Competition Logo"",""EAN"":""2452014202112"",""Einbauposition"":""Vorne, Hinten"",""Fahrzeugmarke"":""BMW"",""Fahrzeugmodell"":""2er F45 Active Tourer"",""Farbe"":""Anthrazit"",""GPSR Manufacturer name"":""BMW"",""Herstellernummer"":""2452014202112"",""Lieferumfang"":""4-teiliges Fußmatten Set"",""Marke"":""BMW"",""Material"":""Velours"",""Menge"":""1 Set"",""Modelljahre"":""2014-2021"",""Modifizierter Artikel"":""Nein"",""Oldtimer-Teil"":""Nein"",""Passend für"":""BMW 2er F45 Active Tourer"",""Passend für Fahrzeug"":""BMW 2er F45 Active Tourer"",""Produktart"":""Fußmatten"",""Universelle Kompatibilität"":""Nein"",""weight"":1,""Zustand"":""Neu""}",93.32 EUR,XGA0202A,1
"HASKYY Vielzahn Steckschlüsselsatz XZN CVN-16, 1/2 Zoll, 16-tlg (8-24mm)",HASKYY,Heimwerker > Handwerkzeuge > Werkzeugsets,SKU-3050715048,12111012,"16-teiliger Vielzahn-Steckschlüsselsatz (XZN-Profil). | Antriebsgröße 1/2 Zoll, passend für gängige Ratschen und Werkzeuge. | Umfasst Größen von 8mm bis 24mm für vielseitige Anwendungen. | Gefertigt aus robustem Chrom-Vanadium-Stahl für Langlebigkeit und Präzision. | Optimal für Reparaturen, Montage und Heimwerkerprojekte. | HASKYY Qualität, hergestellt in Deutschland.",,"{""Abtrieb-Form"":""Vielzahn (XZN)"",""Antrieb"":""1/2 Zoll"",""Anwendungsbereich"":""Heimwerken, Reparaturen, Montage"",""Anzahl der Teile"":""16"",""EAN"":""3698752406811"",""Hersteller"":""ALURAD SHOP GBR"",""Herstellernummer"":""CVN-16"",""Herstellungsland"":""Deutschland"",""Marke"":""HASKYY"",""Maßeinheit"":""Metrisch"",""Produktart"":""Steckschlüsselsatz"",""weight"":1,""Zustand"":""Neu""}",30 EUR,XGA0101C,1
Unbekannt Android Autoradio 6S9701P Schwarz,Unbekannt,"Auto & Motorrad: Teile > Autoelektronik, GPS & Sicherheitstechnik > Autoentertainment > Autoradios",SKU-3982672342,4260555381719,Präzise GPS-Navigation für stressfreie Routenführung zu jedem Ziel. | Brillantes HD-Touchscreen-Display für intuitive Bedienung und klare Ansichten. | Kristallklarer Premium-Sound dank DSP/RDS-Technologie für optimalen Genuss. | Nahtlose Smartphone-Integration via Mirror Link für erweiterte Funktionen. | Modernes Android-Betriebssystem für vielseitige Apps und Funktionen. | Kompatibel mit Lenkradfernbedienungen (SWC) für sichere Steuerung. | Intuitive Sprachsteuerung ermöglicht eine sichere und einfache Bedienung.,"Verwandeln Sie Ihr Fahrerlebnis mit diesem Android Smart Car Radio in eine digitale Kommandozentrale. Es bietet ein brillantes HD-Touchscreen-Display und ein intuitives Android-Betriebssystem für unbegrenzte Unterhaltung und Konnektivität.Dieses hochmoderne Autoradio, gefertigt aus robusten Materialien, ermöglicht präzise GPS-Navigation und liefert dank DSP/RDS kristallklaren Sound. Die nahtlose Smartphone-Integration via Mirror Link und die Kompatibilität mit Ihrer Lenkradfernbedienung sorgen für maximalen Komfort und Sicherheit.Vertrauen Sie auf die zuverlässige Performance dieses Geräts, das ursprünglich CE- und RoHS-konform gefertigt wurde. Profitieren Sie von unserem schnellen DHL-Versand und einem 14-tägigen Rückgaberecht für einen risikofreien Kauf.","{""Audio-Technologie"":""DSP, RDS"",""Audiofunktion"":""DSP"",""Betriebssystem"":""Android"",""CE-Zertifizierung"":""Ja"",""Displaytyp"":""HD Touchscreen"",""EAN"":""4260555381719"",""Farbe"":""Schwarz"",""Herstellernummer"":""6S9701P"",""Kategorie"":""Auto & Motorrad: Teile > Autoelektronik, GPS & Sicherheitstechnik > Autoentertainment > Autoradios"",""Kompatibilität"":""Lenkradfernbedienung (SWC)"",""Kompatibilität Lenkradfernbedienung"":""Ja"",""Konnektivität"":""Mirror Link, Bluetooth"",""Modellnummer"":""6S9701P"",""Navigation"":""GPS integriert"",""Produktart"":""Autoradio"",""Radiofunktion"":""RDS"",""RoHS-Konformität"":""Ja"",""Steuerung"":""Touchscreen, Sprachsteuerung, Lenkradfernbedienung (SWC)"",""weight"":1,""Zustand"":""used""}",139.99 EUR,XGA0106C,1
PerformaNat Calcium Bolus für Milchkühe | Milchfieber-Prophylaxe | 8x110g | Neu,PerformaNat,Tierbedarf > Nutztiere > Rinderzubehör > Futterergänzungsmittel,SKU-7753504850,123849500,Effektive Milchfieber-Prophylaxe für gesunde Milchkühe nach der Kalbung. | Schnelle Calciumversorgung dank hochverfügbarer Salze und Vitamine. | Einfache und sichere Verabreichung mit dem mitgelieferten Bolus-Eingeber. | Patentierte PerformaNat-Formel für maximale Vitalität und Regeneration. | Hergestellt in Deutschland nach höchsten Qualitätsstandards. | Optimiert die Gesundheit und Leistungsfähigkeit der gesamten Herde.,"Der PerformaNat Calcium Bolus ist eine effektive Lösung zur Milchfieber-Prophylaxe bei Milchkühen nach der Kalbung. Er liefert schnell hochverfügbares Calcium, Vitamine und Magnesium für eine optimale Vitalität und Regeneration der Tiere. Hergestellt in Deutschland, unterstützt dieser Bolus die Gesundheit und Leistungsfähigkeit Ihrer Herde.","{""Ameisensäure aus Calciumformiat"":""495.00 mg/kg"",""Anwendungsbereich"":""Tiergesundheit"",""Calcium"":""21.6%"",""Feuchtegehalt"":""<10%"",""Form"":""Bolus"",""Gesamtgewicht (Brutto)"":""1 kg"",""Hauptzusammensetzung"":""Magermilchpulver, Magnesiumoxid, Kartoffelstärke, Zucker"",""Herstellungsland"":""Deutschland"",""Magnesium"":""3.3%"",""Menthol"":""1.140 mg/kg"",""Natrium"":""0%"",""Nettoinhalt"":""8 x 110 g"",""Phosphor"":""0%"",""Produktart"":""Calcium Bolus"",""Rohasche"":""60.4%"",""Rohfaser"":""2.8%"",""Rohfett"":""4.7%"",""Rohprotein"":""3.7%"",""Tierart"":""Milchkühe, Rinder"",""Vitamin A"":""230.000 I.E./kg"",""Vitamin D3"":""46.000 I.E./kg"",""Vitamin E"":""4.600 mg/kg"",""weight"":1,""Zustand"":""Neu"",""Zweck"":""Milchfieber-Prophylaxe""}",42.69 EUR,XGA0105B,3
"TRW Bremsscheibe DF4866S für Audi Modelle, Schwarz lackiert, Premium Qualität,",TRW,Auto & Motorrad: Teile > Autoteile & Zubehör > Bremsen & Bremsenteile > Bremsscheiben,SKU-2941051529,322937928804,"TRW Global Leader Qualität für höchste Sicherheit und Performance. | Spezielle schwarze Lackierung für optimalen Korrosionsschutz und lange Haltbarkeit. | Perfekte Passform und einfache Montage für ausgewählte Audi Modelle. | Konstante, zuverlässige Bremsleistung unter allen Fahrbedingungen garantiert. | Präzise Fertigung aus robusten Materialien für maximale Verschleißfestigkeit.","Die TRW Bremsscheibe DF4866S für Audi A4, A5, A6 Vorderachse bietet innenbelüftete Premium-Qualität aus Gusseisen mit schwarzer Lackierung für optimalen Korrosionsschutz und hohe Sicherheit.","{""Bremsscheibenart"":""Innenbelüftet"",""EAN"":""322937928804"",""Einbauposition"":""Vorderachse"",""Fahrzeughersteller"":""Audi"",""Fahrzeugmarke"":""Audi"",""Farbe"":""Schwarz"",""Herstellernummer"":""DF4866S"",""Marke"":""TRW"",""Material"":""Gusseisen"",""Oberflächenbeschaffenheit"":""Lackiert"",""Passend für Modellreihen"":""Audi A4, Audi A5, Audi A6"",""Produktart"":""Bremsscheibe"",""weight"":1,""Zustand"":""Neu""}",38.52 EUR,,0
"GYS Rutil Elektrode 252 Herst.-Nr. 186005, Ø2,5mm, 4,6kg",GYS,"Business & Industrie > Metallbearbeitung & Schlosserei > Schweißen & Löten > Schweißen > Elektroden, Drähte & Leitungen",SKU-4303462818,3154020086005,"Vielseitig einsetzbar für Metallbau, Stahlkonstruktionen und Wartung. | Einfaches Zünden und Wiederzünden für effiziente Schweißprozesse. | Hervorragende Schweißbarkeit in allen Positionen für flexible Anwendung. | Erzeugt gleichmäßige, flache bis leicht gewölbte Schweißnähte. | Mühelose Schlackenentfernung für saubere und hochwertige Ergebnisse. | Erfüllt Industriestandards AWS A5.1 E6013 und EN ISO 2560-A E 420 RC11.",,"{""Anwendungsbereich"":""Metallbau, Stahlkonstruktionen, Blechbearbeitung, Wartung"",""Durchmesser"":""2,5 mm"",""Geeignete Materialien"":""Stahl"",""Herstellernummer"":""186005"",""Leerlaufspannung"":""> 40 V"",""Marke"":""GYS"",""Modell"":""252"",""Normen"":""AWS A5.1 E6013, EN ISO 2560-A E 420 RC11"",""Produktart"":""Rutil Elektrode"",""Streckgrenze"":""440 MPa"",""weight"":6,""Zugfestigkeit"":""540 MPa"",""Zulassung"":""DB-Zulassung M 10.064.02"",""Zustand"":""new""}",37.18 EUR,XGA0106D,1
Bosch Zusatzwasserpumpe 0392020073 für Bosch NEU Kühlwasserkreislauf 12V,Bosch,Auto & Motorrad: Teile > Spezielle Fahrzeug-Teile > Wohnmobil- & Wohnwagenteile & Zubehör > Wasser- & Sanitärsysteme > Wasserpumpen,SKU-6206509150,3165143111321,"Optimaler Motorschutz durch präzise Bosch Kühlmittelzirkulation. | Verlängert die Lebensdauer Ihres Motors nachhaltig und effektiv. | Robuste Materialien und deutsche Ingenieurskunst für höchste Zuverlässigkeit. | Schnelle, unkomplizierte Installation spart wertvolle Zeit und Kosten. | Gewährleistet perfekte Passform und dauerhafte Funktionalität für Ihr Fahrzeug. | Entwickelt für anspruchsvolle Bedingungen und maximale Beständigkeit. | Original Bosch Ersatzteil sichert langfristigen Werterhalt.","Diese Original Bosch Zusatzwasserpumpe 0392020073 (12V, 0,1 bar, 500 l/h) schützt Ihren Motor effektiv vor Überhitzung und verlängert seine Lebensdauer signifikant. Sie gewährleistet durch präzise deutsche Ingenieurskunst eine stets optimale Kühlmittelzirkulation, die die Leistungsfähigkeit Ihres Kühlsystems maximiert. Kompatibel mit VW Golf, Audi A3, Ford Galaxy, Porsche Cayenne. Gefertigt aus robusten, langlebigen Materialien, bietet diese Pumpe höchste Zuverlässigkeit und Beständigkeit unter anspruchsvollen Bedingungen. Die unkomplizierte Installation ermöglicht eine schnelle Wiederherstellung der vollen Funktionalität Ihres Fahrzeugs und minimiert Ausfallzeiten. Der Lieferumfang umfasst die Original Bosch Zusatzwasserpumpe 0392020073, bereit für den direkten Einbau. Verlassen Sie sich auf die bewährte Qualität eines Original Bosch Ersatzteils, das für perfekte Passform und dauerhafte Zuverlässigkeit konzipiert ist und den Werterhalt Ihres Fahrzeugs langfristig sichert.","{""Allgemeine Kategorie"":""Auto & Motorrad: Teile > Autoteile & Zubehör > Motoren & Motorenteile"",""Anzahl pro Packung"":""1"",""Druck"":""0,1bar"",""EAN"":""3165143111321"",""Fahrzeugkompatibilität"":""VW Golf, Audi A3, Ford Galaxy, Porsche Cayenne"",""Fördermenge"":""500l/h"",""GPSR Manufacturer name"":""Bosch"",""Hersteller"":""Bosch"",""Herstellernummer"":""0392020073"",""Herstellungsland"":""Deutschland"",""Kategorie"":""Auto & Motorrad: Teile"",""Marke"":""Bosch"",""Produktart"":""Zusatzwasserpumpe"",""Spannung"":""12V"",""weight"":1,""Zustand"":""Neu""}",60.29 EUR,,0
"TRW Bremsbelagsatz GDB1330 WVA 20960 für Ford Skoda, 17mm Dicke",TRW,,SKU-5868736484,3322937241712,Überragende TRW Bremsleistung für maximale Fahrsicherheit. | Erstausrüsterqualität garantiert höchste Zuverlässigkeit und Langlebigkeit. | ECE R90 zertifiziert: Erfüllt strengste europäische Sicherheitsstandards. | Perfekte Passform und einfache Montage dank präziser Fertigung. | Signifikante Reduzierung des Bremswegs für erhöhte Sicherheit. | Langlebige Materialien gewährleisten eine lange Lebensdauer.,"Erleben Sie unvergleichliche Fahrsicherheit und überragende Bremsleistung mit den TRW GDB1330 Bremsbelägen. Gefertigt in bewährter Erstausrüsterqualität, garantieren diese Präzisionskomponenten eine signifikante Reduzierung des Bremswegs und maximale Zuverlässigkeit für Ihr Fahrzeug.Diese ECE R90 zertifizierten Bremsbeläge erfüllen strengste europäische Sicherheitsstandards und gewährleisten dank exakter Fertigung eine perfekte Passform sowie eine unkomplizierte Montage. Speziell für Modelle wie Ford Galaxy, Skoda Octavia, Citroën C4 und Seat Leon entwickelt, sichern Sie sich höchste Kompatibilität und Funktion.Der Lieferumfang umfasst vier hochwertige Bremsbeläge für eine Achse, bereit zur sofortigen Installation. Vertrauen Sie auf europäische Ingenieurskunst von TRW, einer Marke der renommierten ZF Friedrichshafen AG, für langanhaltende Performance.","{""Anzahl pro Achse"":""4"",""Breite"":""87"",""Bremssystem"":""TRW"",""Dicke/Stärke"":""17"",""E-Prüfzeichen"":""E9 90R-01120/457"",""Einbauposition"":""Hinterachse"",""Fahrzeugtyp"":""PKW"",""GPSR Manufacturer address"":""ZF Friedrichshafen AG Lowentaler Straße 20 88046 Friedrichshafen"",""GPSR Manufacturer name"":""TRW"",""Herstellernummer"":""GDB1330"",""Herstellungsdatum"":""04/2025"",""Herstellungsland"":""Spanien"",""Höhe"":""52.9"",""Kategorie"":""Auto & Motorrad: Teile"",""Lieferumfang"":""4 Bremsbeläge"",""Passend für"":""Ford Galaxy (WGR), Citroën C4 Coupe (LA_), Skoda Octavia Combi (5E5), Citroën C4 II (B7), Seat Leon ST (5F8), Skoda Octavia (1U2)"",""Produktart"":""Bremsbelagsatz"",""Qualität"":""Erstausrüsterqualität"",""Verschleißwarnkontakt"":""Nein"",""weight"":1,""WVA-Nummer"":""20960"",""Zulassung"":""ECE R90"",""Zustand"":""Neu""}",20 EUR,XGA0106B,1
MOTUL Motoröl 8100 X-clean+ SAE 5W-30 Vollsynthetisch 1L ACEA C3 für DPF/Kat NEU,MOTUL,"Auto & Motorrad: Teile > Öl, Pflege- & Schmiermittel > Motoröl",SKU-2267173123,3374650257716,"Vollsynthetisches Hochleistungsmotoröl für maximale Motorsauberkeit | Optimale Kompatibilität mit Dieselpartikelfiltern (DPF) und Katalysatoren | Erfüllt strenge Herstellerfreigaben von BMW, MB, Porsche und VW | Verbesserter Verschleißschutz und längere Motorlebensdauer | Schneller Kaltstart und stabile Schmierung bei allen Temperaturen | Trägt zur Kraftstoffeffizienz bei und reduziert Emissionen | Ideal für moderne Benzin- und Dieselmotoren","MOTUL 8100 X-clean+ 5W-30 ist ein vollsynthetisches Hochleistungsmotoröl für maximale Motorsauberkeit. Es bietet optimalen Verschleißschutz, unterstützt die Kraftstoffeffizienz und ist ideal für moderne Benzin- und Dieselmotoren mit DPF/Katalysator, die strenge Herstellerfreigaben wie BMW LL-04, MB 229.51, Porsche C30 und VW 504 00/507 00 erfordern.","{""Gebindeart"":""Flasche"",""Herstellerfreigaben"":""BMW LL-04, MB 229.51, Porsche C30, VW 504 00/507 00"",""Inhalt"":""1 Liter"",""Marke"":""MOTUL"",""Öltyp"":""Vollsynthetisch"",""Produktart"":""Motoröl"",""Spezifikation"":""ACEA C3"",""Viskosität"":""SAE 5W-30"",""weight"":1,""Zustand"":""Neu""}",39.6 EUR,XGA0106C,1
Asmodee Dobble Disney Edition Kartenspiel 2-8 Spieler ab 6 Jahren Deutsch Neu,Asmodee,,SKU-2522561568,3558380099390,"Schnelles Reaktionsspiel mit über 50 Disney- und Pixar-Charakteren. | Fördert spielerisch Konzentration und Beobachtungsgabe ab 6 Jahren. | Perfekt für 2 bis 8 Spieler, ideal für Familien und Reisen. | Hochwertige, robuste Karten garantieren langanhaltenden Spielspaß. | Fesselnde Herausforderungen mit hohem Wiederspielwert für alle. | Offizielle Disney Edition des beliebten Asmodee Dobble Kartenspiels.",,"{""Altersempfehlung"":""Ab 6 Jahren"",""Charaktere"":""Mickey Maus, Stitch, Simba, Schneewittchen"",""Edition"":""Disney Edition"",""Farbe"":""Mehrfarbig"",""Herstellungsland"":""Polen"",""Marke"":""Asmodee"",""Produktart"":""Kartenspiel"",""Spieldauer"":""ca. 15 Minuten"",""Spieleranzahl"":""2-8 Spieler"",""Spielname"":""Dobble"",""Sprache"":""Deutsch"",""Thema"":""Disney"",""weight"":1,""Zustand"":""Neu""}",22.13 EUR,XGA0105B,1
KYOTO Motorradbatterie GTX5L-BS SLA 12V 4Ah Wartungsfrei für Motorrad Schwarz Neu,KYOTO,,SKU-5896801162,3662775243128,"Zuverlässige Startkraft durch modernste SLA-Technologie für konstante Leistung. | Werksseitig aktiviert und vorgeladen für sofortige Einsatzbereitschaft. | Absolut wartungsfrei, spart Zeit und garantiert sorgenfreies Fahren. | Robuste, versiegelte Bauweise für höchste Sicherheit und lange Lebensdauer. | Optimale 12V Spannung und 4Ah Kapazität für sicheren Motorstart. | SLA-Technologie mit hoher Zyklenfestigkeit und Tiefentladungsschutz.","Die KYOTO GTX5L-BS SLA Motorradbatterie bietet unübertroffene Startkraft und höchste Zuverlässigkeit für jede Fahrt. Ihre fortschrittliche Sealed Lead Acid (SLA) Technologie sichert eine konstant hohe Energieversorgung unter allen Bedingungen.Diese Batterie ist werksseitig aktiviert und vorgeladen, was eine sofortige Einsatzbereitschaft direkt nach dem Auspacken garantiert. Sie profitieren von einer absolut wartungsfreien Konstruktion, die eine außergewöhnlich lange Lebensdauer und höchste Sicherheit bietet.Vertrauen Sie auf die bewährte KYOTO-Qualität für sorgenfreie Fahrten und minimierten Wartungsaufwand, unterstützt durch unseren umfassenden Service. Der Lieferumfang umfasst die sofort einsatzbereite Motorradbatterie, bereit für den direkten Einbau in Ihr Fahrzeug.","{""Artikelnummer"":""512050"",""Erhaltungsladespannung"":""13.8V"",""Fahrzeugtyp"":""Motorrad"",""Farbe"":""Schwarz"",""GPSR Manufacturer name"":""KYOTO"",""Herstellernummer"":""GTX5L-BS"",""Kapazität"":""4 Ah"",""Kategorie"":""Auto & Motorrad: Teile"",""Ladespannung (Zyklus)"":""14.5V-15V"",""Ladestrom (Standard)"":""2.8A"",""Marke"":""KYOTO"",""Modell"":""GTX5L-BS"",""Produktart"":""Motorradbatterie"",""Spannung"":""12V"",""Technologie"":""SLA (Sealed Lead Acid)"",""Vorgeladen"":""Ja"",""Wartungsfrei"":""Ja"",""weight"":1,""Zustand"":""Neu""}",19.95 EUR,XGA0106B,1
Umami Bento Lunch Box 1.2L Auslaufsicher Mikrowellengeeignet Bento Box,Umami,Möbel & Wohnen > Kochen & Genießen > Ordnung & Aufbewahrung > Brotdosen,SKU-6722573428,3770010398363,"100% auslaufsicher für sorgenfreien Transport frischer Mahlzeiten. | Mikrowellen-, Spülmaschinen- und Gefrierfachgeeignet für einfache Handhabung. | Komplettset inklusive Besteck, Trennwänden und Saucenbehälter für Flexibilität. | BPA-freies Material gewährleistet gesunde und sichere Mahlzeiten täglich. | Robuste Konstruktion aus hochwertigem Kunststoff und edlem Bambus. | Zwei separate Fächer und 1.2 Liter Fassungsvermögen für organisierte Speisen.","Die Umami Bento Lunch Box revolutioniert Ihr Essenserlebnis unterwegs, indem sie frische und perfekt organisierte Mahlzeiten ermöglicht. Genießen Sie dank des auslaufsicheren Designs aus robustem Kunststoff und edlem Bambus stets sicheren Transport Ihrer Speisen.Maximale Alltagstauglichkeit ist garantiert, da die Box mikrowellen-, spülmaschinen- und gefrierfachgeeignet ist, was die Pflege zum Kinderspiel. Das Komplettset beinhaltet praktisches Besteck, flexible Trennwände und einen Saucenbehälter für optimale Ordnung und Vielseitigkeit.Tausende zufriedener Kunden vertrauen bereits auf die bewährte Umami Qualität, die für mehr Komfort und Langlebigkeit im Alltag steht. Für Fragen oder Unterstützung steht Ihnen unser Kundenservice jederzeit gerne zur Verfügung, um ein rundum positives Erlebnis zu gewährleisten.","{""Anzahl Besteckteile"":""4"",""Anzahl der Fächer"":""2"",""Anzahl Saucenbehälter"":""1"",""Anzahl Trennwände"":""2"",""Auslaufsicher"":""Ja"",""Besonderheiten"":""BPA-frei, Auslaufsicher, Mikrowellengeeignet, Spülmaschinengeeignet, Gefriergeeignet"",""BPA-frei"":""Ja"",""Farbe"":""Schwarz, Bambus"",""Fassungsvermögen"":""1.2 L"",""Gefriergeeignet"":""Ja"",""GPSR Email"":""contact@umami-bento.com"",""GPSR Manufacturer address"":""66, avenue des Champs-Élysées, 75008 Paris, France"",""GPSR Manufacturer name"":""Umami"",""Kategorie"":""Möbel & Wohnen > Kochen & Genießen > Ordnung & Aufbewahrung > Brotdosen"",""Marke"":""Umami"",""Material"":""Kunststoff, Bambus"",""Mikrowellengeeignet"":""Ja"",""Produkt ID"":""3770010398363"",""Produktart"":""Bento Box"",""Set enthält"":""Besteck (4 Teile), Trennwände (2), Saucenbehälter (1)"",""Spülmaschinengeeignet"":""Ja"",""weight"":1}",21.99 EUR,XGA0201B,1
"ABUS Faltschloss BORDO 6000K/120 BK SH, 120cm, Sicherheitslevel 10 Schwarz",ABUS,Antiquitäten & Kunst > Restaurierungsbedarf > Schlösser,SKU-8850596846,4003318620911,"ABUS Sicherheitslevel 10 für zuverlässigen Diebstahlschutz Ihres Fahrrads. | Extra lange 120 cm für maximale Flexibilität beim Anschließen. | ABUS X-Plus Zylinder schützt effektiv vor Manipulationen und Aufbruchversuchen. | Kompaktes Faltmaß und SH-Halterung für einfachen Transport am Rahmen. | Premium-Qualität ""Made in Germany"" für höchste Langlebigkeit und Zuverlässigkeit. | Ideal für täglichen Stadteinsatz und ausgedehnte, sichere Fahrradtouren.","Das ABUS BORDO 6000K BIG Faltschloss bietet maximale Sicherheit für Ihr Fahrrad und schützt zuverlässig vor Diebstahl mit ABUS Sicherheitslevel 10. Seine innovative faltbare Konstruktion gewährleistet mühelosen Transport und platzsparende Aufbewahrung, ideal für den täglichen Stadteinsatz oder ausgedehnte Touren.Dieses robuste Faltschloss verfügt über einen hochwertigen ABUS X-Plus Zylinder, der überragenden Schutz vor Manipulationen bietet. Es ist aus gehärtetem Stahl für maximale Langlebigkeit gefertigt und ermöglicht mit 120 cm Länge vielseitige Befestigungsmöglichkeiten an festen Objekten.Im Lieferumfang enthalten ist das ABUS BORDO 6000K BIG Faltschloss zusammen mit seiner flexiblen SH-Halterung zur bequemen Rahmenmontage. Als Produkt ""Made in Germany"" verkörpert es herausragende deutsche Ingenieurskunst und Langlebigkeit, was eine zuverlässige Sicherheitslösung für Ihr wertvolles Fahrrad darstellt.","{""Anwendungsbereich"":""Fahrrad"",""Besonderheiten"":""Faltbar, Halterung, X-Plus Zylinder"",""Farbe"":""Schwarz"",""GPSR Manufacturer name"":""ABUS"",""Herstellernummer"":""6000K/120 BK SH"",""Herstellungsland"":""Deutschland"",""Kategorie"":""Antiquitäten & Kunst > Restaurierungsbedarf > Schlösser"",""Länge"":""120 cm"",""Lieferumfang"":""Faltschloss, SH-Halterung"",""Marke"":""ABUS"",""Material"":""Gehärteter Stahl"",""Modell"":""BORDO 6000K BIG"",""Produktart"":""Faltschloss"",""Sicherheitsstufe"":""10"",""Verschlussmechanismus"":""Schlüssel"",""weight"":1,""Zertifizierungen"":""JCE, SBSC, FA, FG"",""Zustand"":""Neu"",""Zylindertyp"":""ABUS X-Plus""}",89.9 EUR,XGA0102B,1
APS Glas Trinkflasche 1L – Auslaufsicher & Nachhaltig für puren Genuss,APS,Sport > Fitness & Jogging > Kleingeräte & Zubehör > Trinkflaschen,SKU-0200958470,4004133669093,"100% auslaufsicher dank präziser Silikondichtung für sorgenfreien Genuss unterwegs. | Nachhaltige Wahl reduziert aktiv Einwegplastik und schont wertvolle Ressourcen. | Purer, unverfälschter Trinkgenuss durch hochwertiges, geschmacksneutrales Glasmaterial. | Großzügige 1 Liter Kapazität sichert Ihre tägliche Flüssigkeitszufuhr optimal. | Einfache Reinigung und Pflege garantiert stets hygienische sowie komfortable Nutzung. | Robuster Edelstahldeckel bietet sicheren Transport und langanhaltende Zuverlässigkeit.","Die APS Glas-Trinkflasche ist Ihr idealer Begleiter für einen aktiven Lebensstil, ob im Büro, beim Sport oder auf Reisen. Sie ermöglicht den stilvollen Transport Ihrer Lieblingsgetränke und hilft aktiv, Einwegplastik zu reduzieren, für eine bewusste Lebensweise.Gefertigt aus robustem, geschmacksneutralem Glas und ausgestattet mit einem hochwertigen Edelstahldeckel sowie einer zuverlässigen Silikondichtung, garantiert diese Flasche 100% Auslaufsicherheit. Ihre hochwertige Materialkombination aus Glas, Edelstahl und Silikon sorgt für puren Trinkgenuss und Langlebigkeit.Mit einem großzügigen Fassungsvermögen von 1 Liter versorgt die Flasche Sie zuverlässig mit ausreichend Flüssigkeit über den gesamten Tag hinweg. Im Lieferumfang ist eine APS Glas-Trinkflasche enthalten; für Fragen steht Ihnen unser Kundenservice jederzeit gerne zur Verfügung.","{""Aktivität"":null,""Anzahl der Einheiten"":null,""Farbe"":""Transparent"",""GPSR Manufacturer name"":""APS"",""Größe"":null,""Kategorie"":""Sport > Fitness & Jogging > Kleingeräte & Zubehör > Trinkflaschen"",""Maßeinheit"":null,""Material"":""Glas, Edelstahl 18/8, Polypropylen (PP), Silikon"",""Modell"":null,""Produktart"":null}",5.77 EUR,,0
ESPRIT Bettwäsche-Set CHILL Streifen Blau 155x220 cm Baumwolle Renforcé OEKO-TEX,ESPRIT,,SKU-4715041854,4005414511612,Hochwertige 100% Baumwolle Renforcé für optimalen Schlafkomfort. | Modernes Streifen-Design in beruhigendem Blau für stilvolle Schlafzimmer. | Praktischer Reißverschluss für einfaches Be- und Abziehen der Bezüge. | Nachhaltig produziert und OEKO-TEX Standard 100 zertifiziert. | Pflegeleicht und maschinenwaschbar für hygienische Frische. | Zweiteiliges Set bestehend aus Bettbezug und Kissenbezug.,"Das ESPRIT CHILL Bettwäsche-Set in Blau mit Streifen bietet optimalen Schlafkomfort. Aus 100% Baumwolle Renforcé gefertigt und OEKO-TEX Standard 100 zertifiziert, ist es pflegeleicht und mit Reißverschluss ausgestattet. Das 2-teilige Set beinhaltet einen Bettbezug (155x220 cm) und einen Kissenbezug (80x80 cm).","{""Anzahl Teile"":""2"",""Empfohlenes Zimmer"":""Schlafzimmer"",""Farbe"":""Blau"",""Größe Bettbezug"":""155 x 220 cm"",""Größe Kissenbezug"":""80 x 80 cm"",""Herstellernummer"":""77302-080-155-220"",""Lieferumfang"":""Bettbezug, Kissenbezug"",""Marke"":""ESPRIT"",""Material"":""100% Baumwolle Renforcé"",""Modell"":""CHILL"",""Muster"":""Gestreift"",""Pflegehinweis"":""Maschinenwäsche"",""Produktart"":""Bettwäsche-Set"",""Verschlussart"":""Reißverschluss"",""weight"":1,""Zertifizierung"":""OEKO-TEX Standard 100"",""Zustand"":""Neu""}",76.99 EUR,XGA0103B,1
"PEBARO Holzbausatz Ritterburg Burgen & Schlösser für Kinder ab 6 Jahre, 61",PEBARO,,SKU-1892441877,4006094887004,"Einfacher Zusammenbau dank vorgestanzter Holzteile und Online-Anleitung. | Fördert Kreativität und Feinmotorik bei Kindern ab 6 Jahren effektiv. | Hochwertiges Pappel- und Lindenholz für Stabilität und angenehme Haptik. | Individuelle Gestaltungsmöglichkeiten durch Bemalen der imposanten Ritterburg. | Beeindruckende Endgröße von ca. 50x42x53 cm als Blickfang im Kinderzimmer. | 61 präzise vorgestanzte Holzteile für schnellen, unkomplizierten Aufbau.","Der PEBARO Holzbausatz Ritterburg bietet Kindern ab 6 Jahren kreativen Bastelspaß. Mit 61 vorgestanzten Teilen entsteht eine imposante Burg (ca. 50x42x53 cm), die zum Bemalen und Spielen einlädt. Fördert Feinmotorik und Vorstellungskraft.","{""Altersempfehlung"":""Ab 6 Jahren"",""Anleitung"":""Ja (Online)"",""Anzahl Platten"":""18"",""Anzahl Teile"":""61"",""Batterien benötigt"":""Nein"",""Batterien notwendig"":""Nein"",""Benötigtes Werkzeug"":""Bastelmesser"",""Besonderheiten"":""Vorgestanzte Teile, Zum Bemalen"",""EAN"":""4006094887004"",""Endgröße (L x B x H)"":""ca. 50 x 42 x 53 cm"",""Figuren enthalten"":""Nein"",""Geschlecht"":""Unisex"",""Hersteller"":""Peter Bausch GmbH & Co. KG"",""Herstellerland"":""Deutschland"",""Herstellernummer"":""887"",""Herstellungsland"":""Deutschland"",""Lieferumfang"":""Holzbausatz, Online-Anleitung"",""Lieferzustand"":""Unmontierter Bausatz"",""Marke"":""PEBARO"",""Maße aufgebaut (L x B x H)"":""ca. 50 x 42 x 53 cm"",""Material"":""Pappel, Linde"",""Modell"":""Ritterburg"",""Montage notwendig"":""Ja"",""Plattenmaß"":""ca. 37 x 23 cm"",""Plattenmaße"":""ca. 37 x 23 cm"",""Produktart"":""Holzbausatz"",""Sprache"":""Deutsch"",""Teileanzahl"":""61"",""Thema"":""Burgen & Schlösser"",""Vintage"":""Nein"",""weight"":1,""Zertifizierung"":""CE-zertifiziert"",""Zielgruppe"":""Unisex"",""Zustand"":""Gebraucht""}",27.99 EUR,XGA0105A,1
BRITA Wasserfilter-Kartusche P 1000 für reinen Geschmack & Geräteschutz,BRITA,Möbel & Wohnen > Kochen & Genießen > Wasseraufbereitung & Trinkwassersprudler > Wasserfilter-Kartuschen,SKU-5978798764,4006387029807,"Verbessert spürbar den Geschmack von Tee, Kaffee und Speisen. | Schützt Haushaltsgeräte effektiv vor Kalk und verlängert die Lebensdauer. | Ermöglicht hygienische, einfache Handhabung dank innovativer Verschlusskappe. | Garantiert zertifizierte Leistung und höchste Lebensmittelqualität zuverlässig. | Schneller, unkomplizierter Filterwechsel für maximale Anwenderfreundlichkeit. | Verlässliche Performance durch präzises deutsches Qualitätsdesign gesichert.","Die BRITA P 1000 Filterkartusche optimiert Ihr Leitungswasser maßgeblich und sorgt für einen spürbar reineren Geschmack Ihrer Getränke und Speisen. Sie reduziert effektiv Kalkablagerungen, was die Lebensdauer Ihrer Kaffeemaschinen, Wasserkocher und anderer Haushaltsgeräte signifikant verlängert.Diese hochwertige Kartusche ist aus robustem, langlebigem Kunststoff gefertigt und verfügt über eine innovative, hygienische Verschlusskappe. Ihre zertifizierte Leistung und höchste Lebensmittelqualität entsprechen strengsten Standards, unterstützt durch präzises deutsches Qualitätsdesign und Fertigung.Im Lieferumfang ist eine BRITA P 1000 Filterkartusche enthalten, die einen schnellen und unkomplizierten Austausch ermöglicht. Genießen Sie dauerhaft frisch gefiltertes Wasser und profitieren Sie von einem einfachen Wartungsprozess für Ihr BRITA P 1000 System.","{""Angebotspaket"":""Nein"",""Anzahl der Einheiten"":""1"",""Besonderheiten"":""Kalkreduktion, Geschmacksverbesserung, Hygienische Verschlusskappe"",""Betriebsdruck"":""2 bis max. 8,6 bar"",""Durchflussbereich"":""0,2 bar bei 60 L/h"",""Farbe"":""Weiß, Blau"",""GPSR Manufacturer name"":""BRITA"",""Kategorie"":""Möbel & Wohnen > Kochen & Genießen > Wasseraufbereitung & Trinkwassersprudler > Wasserfilter-Kartuschen"",""Kompatibilität"":""BRITA P 1000 Systeme"",""Marke"":""BRITA"",""Maßeinheit"":""Einheit"",""Material"":""Kunststoff"",""Modell"":""P 1000"",""Produktart"":""Wasserfilterkartusche"",""Qualität"":""Deutsche Qualität & Design"",""Umgebungstemperatur (Betrieb)"":""4 °C bis 40 °C"",""Umgebungstemperatur (Transport/Lagerung)"":""-20 °C bis 50 °C"",""Zustand"":""Neu""}",44.9 EUR,,0
"ATE Bremsscheiben Set 24.0112-0178.1 für Audi - 300mm Durchmesser, 12mm Dicke",ATE,Auto & Motorrad: Teile > Autoteile & Zubehör > Bremsen & Bremsenteile > Bremsscheiben,SKU-4616386559,4006633310222,"ATE Markenqualität für maximale Fahrsicherheit und zuverlässige Bremsleistung. | ECE R90 zertifiziert, erfüllt höchste Sicherheitsstandards und Qualitätsanforderungen. | Gefertigt aus langlebigem Grauguss für optimale Bremskraft und Haltbarkeit. | Präzise Abmessungen: 300mm Durchmesser und 12mm Dicke. | Integrierter QR-Code zur einfachen Authentizitätsprüfung der ATE Originalteile. | Voll-Bremsscheiben-Design für konstante und zuverlässige Bremskraft.","Steigern Sie die Fahrsicherheit Ihres Audi mit diesem ATE Bremsscheiben Set und profitieren Sie von erstklassiger Bremsleistung in jeder Situation. Diese hochwertigen Bremsscheiben sind präzise gefertigt und erfüllen die strenge ECE R90 Norm für höchste Qualität und geprüfte Sicherheit.Gefertigt aus langlebigem Grauguss, garantieren diese Komponenten dauerhafte Zuverlässigkeit und optimale Bremskraft unter allen Bedingungen. Das Set umfasst zwei Bremsscheiben, ideal für einen kompletten Achstausch, um die Bremsanlage Ihres Fahrzeugs optimal zu erneuern.Für Ihre zusätzliche Sicherheit ermöglicht ein integrierter QR-Code eine einfache Authentizitätsprüfung des Produkts. Bitte prüfen Sie vor dem Kauf die Kompatibilität mit Ihrem spezifischen Audi-Modell anhand der OE-Referenznummer, um eine perfekte Passform zu gewährleisten.","{""Anzahl pro Achse"":""2 Stück"",""Bearbeitung"":""Unbeschichtet"",""Bremsscheibenart"":""Voll"",""Dicke"":""12 mm"",""Durchmesser"":""300 mm"",""Fahrzeughersteller"":""Audi"",""GPSR Manufacturer name"":""ATE"",""Hauptkategorie"":""Auto & Motorrad: Teile > Auto-Ersatz- & -Reparaturteile > Bremsen > Bremsscheiben"",""Hersteller"":""Continental Aftermarket & Services GmbH"",""Herstellernummer"":""24.0112-0178.1"",""Kategorie"":""Auto & Motorrad: Teile"",""Lieferumfang"":""2x Bremsscheibe"",""Marke"":""ATE"",""Material"":""Grauguss"",""Produktart"":""Bremsscheibe"",""Referenznummer OE"":""412178"",""weight"":1,""Zulassung"":""ECE R90 (E190R-02C0165/0949)"",""Zustand"":""Neu""}",92.05 EUR,XGA0106C,1
"MFLAX Außenspiegelflagge Deutschland – Extrem stabil, einfache Montage",MFLAX,Spielzeug > Puppen & Zubehör,SKU-2859032659,4009384341071,"Einfache, werkzeuglose Montage direkt am Außenspiegel Ihres Fahrzeugs. | Universell passend für alle gängigen PKW-Modelle, sofort einsatzbereit. | Extrem stabiler Halt, sicher auch bei über 250 km/h. | Zeigen Sie Ihre Deutschland-Verbundenheit bei Sportevents und Feiern. | Robuste, langlebige Materialien für hohe Lebensdauer und Farbtreue. | Hochwertige Verarbeitung in den Farben Schwarz, Rot und Gold.","Die MFLAX Außenspiegelflagge ermöglicht es Ihnen, Ihre Verbundenheit mit Deutschland stilvoll und sicher auszudrücken. Sie ist perfekt für Sportevents oder patriotische Anlässe und passt universell auf alle gängigen PKW-Spiegel.Diese hochwertige Flagge in Schwarz, Rot und Gold besticht durch ihre robuste Verarbeitung und hält auch bei Geschwindigkeiten von über 250 km/h sicher. Ihre werkzeuglose, einfache Montage gewährleistet eine sofortige Einsatzbereitschaft.Im Lieferumfang ist eine MFLAX Außenspiegelflagge enthalten, die sofort an Ihrem Fahrzeug angebracht werden kann. Für eine lange Farbbeständigkeit und Materialschonung wird eine Handwäsche ausdrücklich empfohlen.","{""Farbe"":""Schwarz, Rot, Gold"",""GPSR Manufacturer name"":""MFLAX"",""Herstellernummer"":""34107"",""Kategorie"":""Spielzeug > Puppen & Zubehör"",""Marke"":""MFLAX"",""Platzierung am Fahrzeug"":""Außenspiegel"",""Produktart"":""Außenspiegelflagge"",""Universelle Kompatibilität"":""Ja"",""Zustand"":""Neu""}",9.49 EUR,XGA0204C,24
Fries GmbH Deutschland Fan Schal – Zeigen Sie Ihre Unterstützung stilvoll,Fries GmbH,Sammeln & Seltenes > Comics & Comic-Fanartikel,SKU-4401248629,4009384458304,"Zeigen Sie Ihre unerschütterliche Unterstützung für Deutschland bei jedem Anlass. | Klassisches Schwarz-Rot-Gold Design für sofortige Erkennbarkeit und Stil. | Angenehm weiches Textilmaterial bietet höchsten Tragekomfort den ganzen Tag. | Perfekt geeignet für Stadionbesuche, Public Viewings und den Alltag. | Extrem robust und langlebig, für viele erfolgreiche Saisons. | Das ideale Geschenk für begeisterte Fußballfans und Sammler.","Dieser hochwertige Deutschland Fan Schal von Fries GmbH ist das unverzichtbare Accessoire für jeden leidenschaftlichen Fußballfan. Zeigen Sie Ihre unerschütterliche Unterstützung für die deutsche Nationalmannschaft bei jedem Spiel, sei es im Stadion, beim Public Viewing oder als stilvolles Statement im Alltag.Gefertigt aus weichem, hautfreundlichem Textil, bietet dieser Schal höchsten Tragekomfort und schützt angenehm vor kühleren Temperaturen. Das klassische Design in den ikonischen Farben Schwarz, Rot und Gold macht ihn zu einem sofort erkennbaren Symbol Ihrer Verbundenheit und einem echten Blickfang.Die robuste Verarbeitung gewährleistet eine außergewöhnliche Langlebigkeit, sodass Sie lange Freude an diesem Fanartikel haben werden. Dieser pflegeleichte Schal behält seine Farbbrillanz auch nach häufigem Gebrauch; der Lieferumfang umfasst einen Deutschland Fan Schal.","{""Anlass"":""Sportveranstaltungen, Fan-Events"",""Farbe"":""Schwarz, Rot, Gold"",""GPSR Manufacturer name"":""Fries GmbH"",""Hersteller"":""Fries GmbH"",""Herstelleradresse"":""Industriestrasse 17, 55743 Idar-Oberstein"",""Marke"":""Fries GmbH"",""Material"":""Textil"",""Produktart"":""Schal"",""Sport"":""Fußball"",""Sportart"":""Fußball"",""Team"":""Deutschland"",""Thema"":""Deutschland"",""Zielgruppe"":""Unisex"",""Zustand"":""Neu""}",7.99 EUR,XGA0202D,17
GEDORE Nusssteckleiste Federstahl - Sichere Werkzeugordnung & Halt,GEDORE,Heimwerker > Werkzeuge > Handwerkzeuge > Schraubenschlüssel > Steckschlüssel,SKU-0963183292,4010886516256,"Robuster Federstahl sichert langanhaltende Zuverlässigkeit im täglichen Einsatz. | Sichere, übersichtliche Aufbewahrung Ihrer Steckschlüssel, stets griffbereit. | Einfaches Anbringen und schnelles Entfernen der Nüsse ohne Verrutschen. | Platzsparendes Design optimiert die Ordnung in Werkzeugkästen und Werkbänken. | Ideal für professionelle Werkstätten und anspruchsvolle Heimwerker. | GEDORE Markenqualität garantiert höchste Standards und lange Lebensdauer.","Diese GEDORE Nusssteckleiste aus robustem Federstahl sorgt für eine perfekte Organisation Ihrer Steckschlüssel. Ihre Werkzeuge sind stets griffbereit und sicher geordnet, was die Effizienz in jeder Werkstatt steigert. Gefertigt aus hochwertigem Federstahl, garantiert diese Steckleiste außergewöhnliche Langlebigkeit und hohe Widerstandsfähigkeit im täglichen Einsatz. Das durchdachte Design ermöglicht ein müheloses Anbringen und schnelles Entfernen der Steckschlüssel, ohne Verrutschen oder Verlust. Diese unverzichtbare Ergänzung optimiert Arbeitsabläufe und schützt wertvolle Werkzeuge vor Beschädigung. Bitte beachten Sie, dass der Lieferumfang ausschließlich die Nusssteckleiste umfasst und keine Werkzeuge beinhaltet.","{""Farbe"":""Silber"",""GPSR Manufacturer name"":""GEDORE"",""Herstellernummer"":""5162520"",""Herstellungsland"":""Taiwan"",""Kategorie"":""Heimwerker > Werkzeuge > Handwerkzeuge > Schraubenschlüssel > Steckschlüssel"",""Marke"":""GEDORE"",""Material"":""Federstahl"",""Produktart"":""Nusssteckleiste"",""Zustand"":""Neu""}",5.7 EUR,XGA0202D,1
acamp Hängesessel Schutzhülle: Ganzjähriger Premium Wetterschutz Ø110x200cm,acamp,"Antiquitäten & Kunst > Historische Baustoffe > Garten- & Parkeinrichtung > Original, vor 1960 gefertigt > Gartenmöbel",SKU-5410787453,4013556577007,"Ganzjähriger Premiumschutz bewahrt Ihren Hängesessel zuverlässig vor jeder Witterung. | Extrem robustes, wasserdichtes Polyestergewebe mit versiegelten Nähten für Langlebigkeit. | Kinderleichte Montage dank stabiler Aluminium-Ösen für sicheren Halt. | Exakte Passform für Hängesessel Ø110x200cm sichert optimalen und vollständigen Schutz. | Pflegeleichte Oberfläche ermöglicht mühelose Reinigung und dauerhaft ansprechendes Aussehen. | Effektiver Wetterschutz verlängert die Lebensdauer Ihres wertvollen Hängesessels erheblich.","Die acamp Hängesessel Schutzhülle bietet Ihrem Hängesessel ganzjährigen Premium-Wetterschutz und verlängert dessen Lebensdauer erheblich. Gefertigt aus robustem, wasserdichtem Polyestergewebe mit versiegelten Nähten, schützt sie zuverlässig vor Regen, Schnee und Frost.Stabile Aluminium-Ösen gewährleisten eine einfache und sichere Befestigung, selbst bei starkem Wind. Die pflegeleichte Oberfläche ermöglicht eine mühelose Reinigung und bewahrt das ansprechende Erscheinungsbild der Hülle dauerhaft.Der Lieferumfang umfasst eine hochwertige Schutzhülle, passend für Hängesessel mit Maßen von Ø110x200cm, konzipiert für den ganzjährigen Einsatz. Eine 2-Jahres-Herstellergarantie bietet Ihnen zusätzliche Sicherheit und unterstreicht die hohe Produktqualität.","{""Befestigung"":""Aluminium-Ösen"",""Besonderheiten"":""Wasserdicht, Frostbeständig, Wetterfest, Mit Ösen"",""Durchmesser"":""110 cm"",""Farbe"":""Anthrazit"",""Form"":""Rund"",""Frostbeständig"":""Ja"",""Garantie"":""2 Jahre"",""Geeignet für"":""Hängesessel"",""GPSR Manufacturer name"":""acamp"",""Höhe"":""200 cm"",""Marke"":""acamp"",""Material"":""Polyester"",""Produktart"":""Schutzhülle"",""UV-beständig"":""Nein"",""Wasserdicht"":""Ja"",""Zustand"":""Neu""}",59.95 EUR,XGA0302D,2
acamp Schutzhülle Cappa für ovale Tische - Wasserdicht & UV-beständig,acamp,,SKU-2724878095,4013556577076,"Umfassender Schutz vor Regen, Frost, Schmutz und schädlicher UV-Strahlung. | Hochfestes, wasserdichtes Polyestergewebe garantiert zuverlässigen und dauerhaften Schutz. | Versiegelte Nähte bieten maximale Dichtigkeit und verhindern das Eindringen von Feuchtigkeit. | Ganzjähriger Einsatz dank hoher Frost- und UV-Beständigkeit für Ihre Möbel. | Sichere Befestigung durch integrierte Aluminium-Ösen verhindert Wegwehen bei Wind. | Einfache Reinigung und pflegeleichtes Material für eine lange Lebensdauer. | Optimale Passform für ovale Tische bis 160x95x75 cm für perfekten Sitz.","Die acamp Schutzhülle Cappa bietet optimalen Ganzjahresschutz für Ihre ovalen Gartentische vor Regen, Frost, Schmutz und schädlicher UV-Strahlung. Gefertigt aus hochfestem, wasserdichtem Polyestergewebe mit versiegelten Nähten, garantiert sie eine lange Lebensdauer Ihrer Möbel.Mit präzisen Maßen von 160x95x75 cm passt diese Hülle ideal auf gängige ovale Tische und lässt sich dank integrierter Aluminium-Ösen sicher befestigen. Ihre pflegeleichte Oberfläche ermöglicht eine schnelle Reinigung und trägt maßgeblich zur Werterhaltung Ihrer Gartenmöbel bei.Im Lieferumfang ist eine hochwertige acamp Schutzhülle Cappa enthalten, die sofort einsatzbereit ist und Ihre Gartenmöbel optimal schützt. Für dauerhaften Erhalt der Schutzfunktion wird eine regelmäßige Reinigung und sachgemäße Lagerung empfohlen.","{""Anwendungsbereich"":""Garten, Terrasse"",""Befestigung"":""Aluminium-Ösen"",""Besonderheiten"":""Wasserdicht, Frostbeständig, Mit Ösen"",""Breite"":""160 cm"",""Eigenschaften"":""Wasserdicht, Frostbeständig, UV-beständig"",""Farbe"":""Anthrazit"",""Form"":""Oval"",""Frostbeständig"":""Ja"",""Garantie"":""2 Jahre"",""GPSR Manufacturer name"":""acamp"",""Herstellernummer"":""57707"",""Höhe"":""75 cm"",""Kategorie"":""Garten & Terrasse"",""Marke"":""acamp"",""Material"":""Polyestergewebe"",""Produktart"":""Schutzhülle"",""Tiefe"":""95 cm"",""UV-beständig"":""Ja"",""Wasserdicht"":""Ja"",""Zustand"":""Neu""}",39.95 EUR,XGA0302D,3
acamp Sonnenschirm Schutzhülle: Premium Ganzjahresschutz bis 400cm,acamp,Garten & Terrasse > Gartenbauten & Sonnenschutz > Sonnenschirmzubehör,SKU-7700165856,4013556577120,"Ganzjähriger Premiumschutz für Sonnenschirme bis 400 cm Durchmesser. | Extrem robustes, wasserdichtes Polyestergewebe mit versiegelten Nähten. | Frostbeständig und wetterfest für zuverlässigen Einsatz bei jeder Witterung. | Kinderleichte, sichere Befestigung dank praktischer Gewebebändchen. | Bewahrt Langlebigkeit und Farbbrillanz Ihres Sonnenschirms effektiv. | 2 Jahre Herstellergarantie für höchste Materialqualität und Sicherheit.","Die acamp Sonnenschirm Schutzhülle bietet optimalen Ganzjahresschutz für Schirme bis 400 cm, wodurch deren Lebensdauer und Farbbrillanz erhalten bleiben. Sie schützt Ihren Schirm zuverlässig vor Regen, Frost, UV-Strahlung und Schmutz, um dauerhafte Schönheit und Funktionalität zu gewährleisten.Gefertigt aus robustem Polyestergewebe mit wasserdichter Innenbeschichtung und versiegelten Nähten, garantiert diese Hülle höchste Widerstandsfähigkeit und absolute Dichtigkeit. Die frostbeständige und wetterfeste Materialzusammensetzung ermöglicht einen ganzjährigen Einsatz und schützt Ihren Schirm auch in kalten Monaten zuverlässig.Die Schutzhülle wird mit praktischen Gewebebändchen für eine einfache und sichere Befestigung am Schirmmast geliefert. Mit 2 Jahren Herstellergarantie auf das Material erhalten Sie ein langlebiges Produkt, das sich mühelos anbringen und reinigen lässt.","{""Befestigung"":""Gewebebändchen zum Festschnüren"",""Besonderheiten"":""Wasserdicht, Wetterfest, Frostbeständig"",""Durchmesser Hülle"":""30/32 cm"",""Farbe"":""Anthrazit"",""Garantie"":""2 Jahre Herstellergarantie auf Material"",""GPSR Manufacturer name"":""acamp"",""Höhe"":""200 cm"",""Kategorie"":""Garten & Terrasse > Gartenbauten & Sonnenschutz > Sonnenschirmzubehör"",""Marke"":""acamp"",""Material"":""Polyestergewebe"",""Max. Schirmdurchmesser"":""400 cm"",""Passend für"":""Sonnenschirm"",""Produktart"":""Schutzhülle"",""Zustand"":""Neu""}",14.95 EUR,XGA0302E,11
acamp Schutzhülle Cappa für Ampelschirme – Ganzjahresschutz bis 300cm,acamp,Garten & Terrasse > Gartenbauten & Sonnenschutz > Sonnenschirmzubehör,SKU-0139597304,4013556577144,"Optimaler Ganzjahresschutz für Ampelschirme bis 300 cm Durchmesser. | Verlängert die Lebensdauer Ihres Ampelschirms nachhaltig und signifikant. | Wasserdichte, versiegelte Nähte bieten maximalen Schutz vor Regen und Nässe. | Hochwertiges Polyestergewebe garantiert extreme Langlebigkeit und zuverlässigen Wetterschutz. | 2 Jahre Herstellergarantie sichern Ihre Investition langfristig ab.","Die hochwertige acamp Cappa Schutzhülle wurde speziell für Ampelschirme bis 300 cm Durchmesser entwickelt und bietet optimalen Ganzjahresschutz. Sie verlängert die Lebensdauer Ihres wertvollen Gartenmöbels signifikant, indem sie es zuverlässig vor allen Witterungseinflüssen bewahrt.Gefertigt aus robustem Polyestergewebe mit wasserdichter Innenbeschichtung und versiegelten Nähten, garantiert diese Hülle maximale Beständigkeit gegen Feuchtigkeit und extreme Temperaturen. Ihre frostbeständige und wetterfeste Konstruktion macht sie ideal für den dauerhaften Außeneinsatz über das gesamte Jahr hinweg.Die Befestigung erfolgt mühelos und sicher mittels praktischer Gewebebändchen, was eine einfache Handhabung und einen festen Sitz gewährleistet. Mit 2 Jahren Herstellergarantie und einer optimalen Passform für viele Ampelschirmmodelle ist Ihre Investition langfristig geschützt.","{""Befestigung"":""Gewebebändchen"",""Durchmesser Schutzhülle"":""55/70 cm"",""Farbe"":""Anthrazit"",""Form"":""Rund"",""Frostbeständig"":""Ja"",""Garantie"":""2 Jahre Herstellergarantie"",""Geeignet für Schirmtyp"":""Ampelschirm"",""GPSR Manufacturer name"":""acamp"",""Herstellernummer"":""57714"",""Höhe Schutzhülle"":""225 cm"",""Kategorie"":""Garten & Terrasse > Gartenbauten & Sonnenschutz > Sonnenschirmzubehör"",""Marke"":""acamp"",""Material"":""Polyester"",""Max. Schirmdurchmesser"":""300 cm"",""Nahtversiegelt"":""Ja"",""Produktart"":""Schutzhülle"",""Wasserdicht"":""Ja"",""Zustand"":""Neu""}",22.95 EUR,XGA0302E,4
acamp Strandkorb Schutzhülle Cappa – Optimaler Ganzjahresschutz,acamp,"Antiquitäten & Kunst > Historische Baustoffe > Garten- & Parkeinrichtung > Original, vor 1960 gefertigt > Gartenmöbel",SKU-5928571392,4013556592796,"Ganzjähriger Schutz für Strandkörbe, verlängert die Lebensdauer effektiv. | Hält Ihren Strandkorb sauber, trocken und jederzeit einsatzbereit. | Extrem reißfest und wasserdicht dank hochwertigem Polyestergewebe. | Effektiver Schutz vor UV-Strahlung, Regen, Schnee und Schmutz. | Passgenaue Maße und einfache Befestigung mit stabilen Ösen. | Umfassende 2 Jahre Herstellergarantie für langfristige Sicherheit.","Die acamp Cappa Schutzhülle bietet Ihrem Strandkorb einen unverzichtbaren Ganzjahresschutz vor allen Witterungseinflüssen, wodurch die Lebensdauer Ihrer Gartenmöbel erheblich verlängert wird. So bleibt Ihr Strandkorb stets sauber, trocken und sofort einsatzbereit, unabhängig von der Jahreszeit.Gefertigt aus hochwertigem, robustem Polyestergewebe mit einer wasserdichten Innenbeschichtung und präzise versiegelten Nähten, schützt diese Hülle optimal vor Regen, Schnee, Frost und Schmutz. Die exzellente Materialqualität und die durchdachte Verarbeitung garantieren maximale Langlebigkeit sowie eine außergewöhnliche Widerstandsfähigkeit unter allen Bedingungen.Mit optimierten Maßen von 160 (B) x 79 (T) x 165 (H) cm ist diese Schutzhülle passgenau für die meisten gängigen Strandkörbe konzipiert und lässt sich dank stabiler Aluminium-Ösen einfach und sicher befestigen. acamp unterstreicht die Qualität dieses wetterfesten Produkts mit einer umfassenden 2-jährigen Herstellergarantie, die Ihnen zusätzliche Sicherheit bietet.","{""Artikelnummer"":""59279"",""Farbe"":""Anthrazit"",""Geeignet für"":""Strandkorb"",""GPSR Manufacturer name"":""acamp"",""Hauptkategorie"":""Garten & Terrasse"",""Herstellernummer"":""59279"",""Marke"":""acamp"",""Material"":""Polyester"",""Montage erforderlich"":""Nein"",""Produktart"":""Schutzhülle""}",59.99 EUR,XGA0302E,4
Goki Murmelbahn Klangkaskade Holzspielzeug Soundeffekte ab 3 Jahre Neu,Goki,,SKU-3704607179,4013594537810,"Fördert spielerisch auditive Wahrnehmung und essentielle Feinmotorik. | Garantiert interaktiven, sicheren Spielspaß dank hochwertigem Holz. | Bunte Blätter erzeugen bezaubernde Töne für kleine Entdecker. | Unterstützt aktiv Koordination, Kreativität und Ursache-Wirkung. | Ideal konzipiert zur Förderung von Kindern ab 3 Jahren.",,"{""Altersempfehlung"":""Ab 3 Jahre"",""Besonderheiten"":""Soundeffekte"",""EAN"":""4013594537810"",""Farbe"":""Mehrfarbig"",""Geschlecht"":""Unisex"",""Hersteller"":""Gollnest & Kiesel GmbH & Co. KG"",""Herstellungsland"":""Deutschland"",""Marke"":""Goki"",""Material"":""Holz"",""Produktart"":""Murmelbahn"",""weight"":1,""Zustand"":""Neu""}",19.99 EUR,XGA0105B,1
EURO PART Ablaufschlauch 1.5m - Flexible Verlängerung für Wasch- & Spülmaschinen,EURO PART,,SKU-3586300359,4016417025303,"Extrem flexibel für mühelose Installation und optimale Gerätepositionierung. | Universelle 19 mm Passform garantiert breite Kompatibilität mit vielen Geräten. | Hohe Temperaturbeständigkeit sichert maximale Langlebigkeit und sicheren Betrieb. | Gerade Endstücke ermöglichen schnelle, sichere Anbindung an Ihre Maschine. | Integrierter 20 mm Verbinder für einfache, vielseitige Erweiterung des Systems.","Der EURO PART Ablaufschlauch ermöglicht die flexible und optimale Positionierung Ihrer Wasch- oder Spülmaschine. Er erweitert zuverlässig die Reichweite und gewährleistet eine effiziente Abwasserentsorgung in jedem Haushalt. Gefertigt aus hochwertigem Kunststoff, bietet dieser Schlauch extreme Flexibilität und eine Temperaturbeständigkeit von -20°C bis +90°C. Seine robuste Bauweise sichert eine lange Lebensdauer sowie höchste Zuverlässigkeit im täglichen Gebrauch. Im Lieferumfang enthalten sind der 1,5 Meter lange Ablaufschlauch (19 mm) und ein passender Verbinder (20 mm Anschluss). Die geraden Endstücke ermöglichen eine unkomplizierte und schnelle Montage an gängigen Maschinen, ohne dass spezielle Pflege nötig ist.","{""Anschlussdurchmesser Verbinder"":""20 mm"",""Durchmesser"":""19 mm"",""Endstücke"":""gerade/gerade"",""Farbe"":""Grau"",""Geeignet für"":""Waschmaschinen, Spülmaschinen"",""Geeignet_für"":""Waschmaschine, Spülmaschine"",""GPSR Manufacturer name"":""EURO PART"",""Kategorie"":""Haushaltsgeräte"",""Länge"":""1,5 m"",""Marke"":""EURO PART"",""Material"":""Kunststoff"",""Produktart"":""Ablaufschlauch"",""Schlauchdurchmesser"":""19 mm"",""Temperaturbereich"":""-20°C bis +90°C"",""Zustand"":""Neu""}",12.9 EUR,XGA0303D,6
Vileda Wäscheständer King UNimate: 20m Trockenfläche für XXL Wäsche,Vileda,Möbel & Wohnen > Haushalt > Wäsche > Wäscheständer,SKU-9885764249,4023103244009,"Großzügige 20 Meter Trockenlänge für umfangreiche Wäscheladungen | Extrem stabile Konstruktion aus Stahl und Aluminium für Langlebigkeit | XXL-Design perfekt geeignet für Bettlaken und große Textilstücke | Integrierte Rollen ermöglichen einfaches Verschieben, auch voll beladen | Extra Stable-Funktion gewährleistet jederzeit einen sicheren und festen Stand | Platzsparend zusammenklappbar für eine unkomplizierte Aufbewahrung nach Gebrauch | Rostbeständige Materialien für den flexiblen Einsatz im Innen- und Außenbereich","Der Vileda King UNimate Wäscheständer in der eleganten Black Edition bietet eine beeindruckende 20 Meter Trockenfläche, ideal für große Wäscheladungen und Familienhaushalte. Er ermöglicht eine effiziente und komfortable Wäschepflege für den täglichen Bedarf und ist die perfekte Lösung für umfangreiche Textilien.Seine robuste Konstruktion aus hochwertigem Stahl und langlebigen Aluminiumleinen gewährleistet maximale Stabilität und eine außerordentlich lange Lebensdauer, selbst bei voller Beladung. Dank der integrierten Rollen lässt sich dieser XXL-Wäscheständer mühelos bewegen, auch wenn er voll beladen ist, während die ""Extra Stable""-Funktion einen sicheren Stand auf jedem Untergrund garantiert.Der Wäscheständer wird komplett montiert geliefert und ist sofort einsatzbereit, sodass Sie ohne Aufwand mit dem Trocknen beginnen können. Nach Gebrauch lässt er sich platzsparend zusammenklappen und eignet sich dank seiner rostbeständigen Eigenschaften hervorragend für den Einsatz im Innen- und Außenbereich.","{""Besonderheiten"":""Klappbar, Mit Rollen, XXL-Design"",""Einsatzort"":""Innen- & Außenbereich"",""Farbe"":""Schwarz"",""GPSR Manufacturer name"":""Vileda"",""Hersteller"":""Freudenberg Home and Cleaning Solutions"",""Hersteller-Website"":""www.vileda.de"",""Herstelleradresse"":""69448 Weinheim"",""Kategorie"":""Möbel & Wohnen > Haushalt > Wäsche > Wäscheständer"",""Marke"":""Vileda"",""Material"":""Stahl, Aluminium"",""Modell"":""King UNimate"",""Montage"":""Keine Montage erforderlich"",""Produktart"":""Wäscheständer"",""Rostbeständig"":""Ja"",""Trockenlänge"":""20 Meter"",""Zustand"":""Neu""}",33.74 EUR,,0
"febi bilstein Radlagersatz 27386 für Opel PKW, Vorderachse beidseitig",febi bilstein,"Auto & Motorrad: Teile > Autoteile & Zubehör > Federung & Lenkung > Radlager, -naben & Buchsen",SKU-1137525213,4027816273868,"Maximale Fahrsicherheit und präzise Radführung speziell für Opel PKW. | Unübertroffene Langlebigkeit dank Premium-Materialien und strengen OE-Standards. | Schnelle, unkomplizierte Montage durch präzise Passform und vollständigen Lieferumfang. | Spürbar ruhigeres Fahrverhalten, präzisere Lenkung und reduzierte Fahrgeräusche. | Entspricht OE-Referenznummer 16 03 254 für garantierte Kompatibilität. | Passgenau für Opel PKW Modelle an der Vorderachse beidseitig konzipiert.","Dieser febi bilstein Radlagersatz für Opel PKW an der Vorderachse erhöht Ihre Fahrsicherheit erheblich und sorgt für eine unübertroffene Präzision der Radführung. Er ist aus robusten Premium-Materialien nach strengsten OE-Standards gefertigt, was dauerhafte Stabilität und zuverlässige Funktion unter extremsten Bedingungen garantiert.Die präzise Passform und der vollständige Lieferumfang, inklusive aller Anbau- und Befestigungsmaterialien, ermöglichen eine schnelle und unkomplizierte Montage. Nach dem Einbau erleben Sie eine sofortige Reduktion von Fahrgeräuschen, eine spürbar präzisere Lenkung und ein signifikant ruhigeres Fahrverhalten.Vertrauen Sie auf die bewährte Qualität von febi bilstein, einem weltweit führenden Hersteller im Automotive-Bereich, der seit Jahrzehnten höchste Ansprüche erfüllt. Unser Engagement für Kundenzufriedenheit untermauert dieses unverzichtbare Upgrade für Ihr Fahrzeug, um eine zuverlässige und leistungsstarke Lösung zu gewährleisten.","{""Achse"":""Vorderachse"",""Anzahl pro Packung"":""1"",""Einbauort"":""Vorderachse"",""Einbauposition"":""Vorderachse beidseitig (links und rechts)"",""Fahrzeugtyp"":""PKW"",""GPSR Manufacturer address"":""Wilhelmstr. 47, 58256 Ennepetal, Germany"",""GPSR Manufacturer email"":""support@bilsteingroup.com"",""GPSR Manufacturer name"":""febi bilstein"",""Herstellernummer"":""27386"",""Kategorie"":""Auto & Motorrad: Teile"",""Lieferumfang"":""1 Radlagersatz (inkl. Anbau- und Befestigungsmaterial)"",""Marke"":""febi bilstein"",""Montageseite"":""beidseitig"",""OE-Referenz"":""16 03 254"",""Oldtimer-Teil"":""Nein"",""Passend für"":""Opel PKW"",""Performance-Teil"":""Nein"",""Produktart"":""Radlagersatz"",""Produktgruppe"":""Fahrwerk & Lenkung"",""Referenznummer OE"":""16 03 254"",""Seite"":""beidseitig"",""Universelle Kompatibilität"":""Nein"",""weight"":1,""Zustand"":""Neu""}",54.35 EUR,,0
febi bilstein Ölfilter 32103 für PSA-Motoren – OE 9818914980 Neu,febi bilstein,Auto & Motorrad: Teile > Autoteile & Zubehör > Motoren & Motorenteile > Ölfilter,SKU-1609202291,4027816321033,Erstklassiger Motorschutz verlängert die Lebensdauer Ihres Motors erheblich. | Maximale Ölreinheit garantiert sauberes Öl unter härtesten Bedingungen. | Passgenaue Montage ermöglicht schnellen und unkomplizierten Einbau. | Erstausrüsterqualität von febi bilstein sichert höchste Zuverlässigkeit. | Spezifisch entwickelt für PSA-Motoren und breite Fahrzeugkompatibilität. | Herstellernummer 32103 für exakte Fahrzeugzuordnung und Ersatzteilfindung. | Entspricht OE-Referenznummer 9818914980 für garantierte Passgenauigkeit.,"Der febi bilstein Ölfilter 32103 gewährleistet überragenden Motorschutz und makellose Ölreinheit, was entscheidend für die Langlebigkeit und den Werterhalt Ihres Fahrzeugs ist. Er wird aus hochwertigen Filtrationsmaterialien präzise gefertigt, um dauerhaft sauberes Motoröl und erstklassige Leistung zu sichern.Dieser Ölfilter zeichnet sich durch seine perfekte Passform aus, die eine unkomplizierte und schnelle Installation ermöglicht. Dank seiner breiten Fahrzeugkompatibilität ist der febi bilstein 32103 die ideale Wahl für zahlreiche gängige Modelle von Peugeot, Citroën, Ford, Opel und weiteren Marken.Im Lieferumfang ist ein febi bilstein Ölfilter 32103 enthalten, der für den sofortigen Einbau in Ihr Fahrzeug bereit ist. Vertrauen Sie auf die bewährte Erstausrüsterqualität von febi bilstein, die maximale Zuverlässigkeit und eine konstant optimale Motorleistung garantiert.","{""EAN"":""4027816321033"",""GPSR Manufacturer email"":""support@bilsteingroup.com"",""GPSR Manufacturer name"":""febi bilstein"",""Hauptkategorie"":""Motoren & Motorenteile"",""Herstellernummer"":""32103"",""Kategorie"":""Auto & Motorrad: Teile > Autoteile & Zubehör > Motoren & Motorenteile > Ölfilter"",""Kompatible Fahrzeugmarken"":""Peugeot, Citroën, DS, Fiat, Ford, Jaguar, Land Rover, Mini, Opel"",""Lieferumfang"":""1x Ölfilter"",""Marke"":""febi bilstein"",""Menge pro Packung"":""1"",""Motortyp"":""PSA-Motoren"",""OE/OEM Referenznummer"":""98 189 149 80"",""Produktart"":""Ölfilter"",""weight"":1,""Zustand"":""Neu""}",2.94 EUR,XGA0106B,1
FLENNOR Radlagersatz FR490971 für Mercedes-Benz OE 1403300051 Passgenau NEU,FLENNOR,"Auto & Motorrad: Teile > Autoteile & Zubehör > Federung & Lenkung > Radlager, -naben & Buchsen",SKU-9182883969,4030434105633,Optimale Passgenauigkeit für diverse Mercedes-Benz Modelle garantiert. | Maximale Fahrstabilität und erhöhte Sicherheit in jeder Fahrsituation. | Spürbare Reduzierung von Fahrgeräuschen und störenden Vibrationen. | Erstklassige Materialien sichern eine extrem lange Lebensdauer und Zuverlässigkeit. | Umfassendes Kit mit allen benötigten Komponenten für den Austausch. | Entspricht OE-Referenznummer 1403300051 für garantierte Kompatibilität.,"Der FLENNOR Radlagersatz FR490971 für Mercedes-Benz gewährleistet höchste Passgenauigkeit und Fahrstabilität. Er reduziert Geräusche, erhöht die Sicherheit und bietet durch langlebige Materialien eine zuverlässige Performance. Das Kit entspricht der OE-Referenznummer 1403300051 und enthält alle benötigten Komponenten für den einfachen Austausch.","{""EAN"":""4030434105633"",""Fahrzeugmarke"":""Mercedes-Benz"",""Herstellernummer (MPN)"":""FR490971"",""Marke"":""FLENNOR"",""OE-Referenznummer"":""1403300051"",""Produktart"":""Radlagersatz"",""weight"":1,""Zustand"":""Neu""}",24.9 EUR,,0
EMUK Anhängerspiegel 2-Punkt-Bügel Aluminium für Renault Kadjar Espace Scénic,EMUK,,SKU-3097738026,4034144003036,"Perfekte Passform und vibrationsfreie Rücksicht für diverse Renault Modelle. | Robuste 2-Punkt-Befestigung aus hochwertigem, korrosionsbeständigem Aluminium. | Schnelle, einfache Montage und Demontage direkt am Fahrzeugspiegel. | Ausgezeichnete Qualität, bestätigt durch German Design Award Special 2017. | 10 Jahre Herstellergarantie für maximale Zuverlässigkeit, 'Made in Germany'.","Dieser gebrauchte EMUK Anhängerspiegel mit 2-Punkt-Bügel aus Aluminium bietet perfekte Passform und vibrationsfreie Rücksicht für Renault Kadjar, Espace V, Scénic IV, Grand Scénic IV und Koleos II ab Baujahr 2015. Er zeichnet sich durch einfache Montage, hohe Qualität (""Made in Germany"", German Design Award Special 2017) und 10 Jahre Herstellergarantie aus.","{""Artikelzustand"":""Gebraucht"",""Auszeichnungen"":""CARAVANING Testsieger 2/08, German Design Award Special 2017"",""Befestigungsart"":""2-Punkt-Bügel"",""EAN"":""4034144003036"",""Farbe"":""Schwarz, Silber"",""Garantie"":""10 Jahre Herstellergarantie"",""Hersteller-Teilenummer"":""100303"",""Herstellungsland"":""Deutschland"",""Kompatible Baujahre"":""ab 2015"",""Kompatible Fahrzeugmodelle"":""Kadjar (ab 06/15), Espace V (ab 03/15), Scénic IV (ab 11/16), Grand Scénic IV (ab 12/16), Koleos II (ab 11/16)"",""Marke"":""EMUK"",""Material"":""Aluminium"",""Produktart"":""Anhängerspiegel"",""weight"":1,""Zustand"":""used""}",113.9 EUR,XGA0106D,1
MEYLE Federbeinstützlager Mercedes E-Klasse CLS 014 641 0004 Vorderachse Schwarz,MEYLE,Auto & Motorrad: Teile > Autoteile & Zubehör > Federung & Lenkung > Stoßdämpfer- & Federbeinhalterungen,SKU-0333689520,4040074053454,"MEYLE Premium-Qualität für maximale Fahrstabilität und Sicherheit. | Exakte Passgenauigkeit für Mercedes E-Klasse und CLS Modelle. | Verbessert Fahrkomfort und präzises Lenkverhalten der Vorderachse. | Schneller, unkomplizierter Austausch minimiert Fahrzeug-Standzeiten. | Robuste Konstruktion aus langlebigem Metall und hochfestem Gummi. | Spezifisch für die Vorderachse konzipiert, optimale Funktionsweise. | Herstellernummer 014 641 0004 zur eindeutigen Teileidentifikation.",,"{""Anzahl"":""1"",""Anzahl der Einheiten"":""1"",""Anzahl pro Packung"":""1"",""EAN"":""4040074053454"",""Einbauposition"":""Vorderachse"",""Fahrzeugmarke"":""Mercedes-Benz"",""Fahrzeugtyp"":""PKW"",""Farbe"":""Schwarz"",""GPSR Manufacturer name"":""MEYLE"",""Hersteller"":""MEYLE"",""Herstellerland"":""Deutschland"",""Herstellernummer"":""014 641 0004"",""Herstellungsland"":""Deutschland"",""Herstellungsland und -region"":""Deutschland"",""K-Typ"":""3253,Federungsart:für Fahrzeuge ohne Luftfederung|3251,Federungsart:für Fahrzeuge ohne Luftfederung|59483,Federungsart:für Fahrzeuge ohne Luftfederung|59484,Federungsart:für Fahrzeuge ohne Luftfederung|3257,Federungsart:für Fahrzeuge ohne Luftfederung|11394,Federungsart:für Fahrzeuge ohne Luftfederung|7478,Federungsart:für Fahrzeuge ohne Luftfederung|11393,Federungsart:für Fahrzeuge ohne Luftfederung|7475,Federungsart:für Fahrzeuge ohne Luftfederung|14920,Federungsart:für Fahrzeuge ohne Luftfederung|59443,Federungsart:für Fahrzeuge ohne Luftfederung|57247,Federungsart:für Fahrzeuge ohne Luftfederung|57243,Federungsart:für Fahrzeuge ohne Luftfederung|57249,Federungsart:für Fahrzeuge ohne Luftfederung|57250,Federungsart:für Fahrzeuge ohne Luftfederung|57244,Federungsart:für Fahrzeuge ohne Luftfederung|57245,Federungsart:für Fahrzeuge ohne Luftfederung|57246,Federungsart:für Fahrzeuge ohne Luftfederung|59014,Federungsart:für Fahrzeuge ohne Luftfederung|59446,Federungsart:für Fahrzeuge ohne Luftfederung|29269,Federungsart:für Fahrzeuge ohne Luftfederung|32161,Federungsart:für Fahrzeuge ohne Luftfederung|32162,Federungsart:für Fahrzeuge ohne Luftfederung|9945,Federungsart:für Fahrzeuge ohne Luftfederung|100542,Federungsart:für Fahrzeuge ohne Luftfederung|58601,Federungsart:für Fahrzeuge ohne Luftfederung|31048,Federungsart:für Fahrzeuge ohne Luftfederung|33590,Federungsart:für Fahrzeuge ohne Luftfederung|31049,Federungsart:für Fahrzeuge ohne Luftfederung|9941,Federungsart:für Fahrzeuge ohne Luftfederung|31042,Federungsart:für Fahrzeuge ohne Luftfederung|10358,Federungsart:für Fahrzeuge ohne Luftfederung|12333,Federungsart:für Fahrzeuge ohne Luftfederung|12334,Federungsart:für Fahrzeuge ohne Luftfederung|54914,Federungsart:für Fahrzeuge ohne Luftfederung|9942,Federungsart:für Fahrzeuge ohne Luftfederung|55905,Federungsart:für Fahrzeuge ohne Luftfederung|11388,Federungsart:für Fahrzeuge ohne Luftfederung|55880,Federungsart:für Fahrzeuge ohne Luftfederung|11387,Federungsart:für Fahrzeuge ohne Luftfederung|31045,Federungsart:für Fahrzeuge ohne Luftfederung|31050,Federungsart:für Fahrzeuge ohne Luftfederung|59439,Federungsart:für Fahrzeuge ohne Luftfederung|59440,Federungsart:für Fahrzeuge ohne Luftfederung|9943,Federungsart:für Fahrzeuge ohne Luftfederung|31051,Federungsart:für Fahrzeuge ohne Luftfederung|9944,Federungsart:für Fahrzeuge ohne Luftfederung|33050,Federungsart:für Fahrzeuge ohne Luftfederung|31044,Federungsart:für Fahrzeuge ohne Luftfederung|59435,Federungsart:für Fahrzeuge ohne Luftfederung|59436,Federungsart:für Fahrzeuge ohne Luftfederung|11380,Federungsart:für Fahrzeuge ohne Luftfederung|31046,Federungsart:für Fahrzeuge ohne Luftfederung|11381,Federungsart:für Fahrzeuge ohne Luftfederung|31047,Federungsart:für Fahrzeuge ohne Luftfederung|10114,Federungsart:für Fahrzeuge ohne Luftfederung|32945,Federungsart:für Fahrzeuge ohne Luftfederung|58568,Federungsart:für Fahrzeuge ohne Luftfederung|59299,Federungsart:für Fahrzeuge ohne Luftfederung|58675,Federungsart:für Fahrzeuge ohne Luftfederung|59012,Federungsart:für Fahrzeuge ohne Luftfederung|59461,Federungsart:für Fahrzeuge ohne Luftfederung|31575,Federungsart:für Fahrzeuge ohne Luftfederung|31580,Federungsart:für Fahrzeuge ohne Luftfederung|53147,Federungsart:für Fahrzeuge ohne Luftfederung|31576,Federungsart:für Fahrzeuge ohne Luftfederung|59464,Federungsart:für Fahrzeuge ohne Luftfederung|31577,Federungsart:für Fahrzeuge ohne Luftfederung|12332,Federungsart:für Fahrzeuge ohne Luftfederung|31581,Federungsart:für Fahrzeuge ohne Luftfederung|12336,Federungsart:für Fahrzeuge ohne Luftfederung|59468,Federungsart:für Fahrzeuge ohne Luftfederung|12335,Federungsart:für Fahrzeuge ohne Luftfederung|54915,Federungsart:für Fahrzeuge ohne Luftfederung|56076,Federungsart:für Fahrzeuge ohne Luftfederung|58962,Federungsart:für Fahrzeuge ohne Luftfederung|10111,Federungsart:für Fahrzeuge ohne Luftfederung|11384,Federungsart:für Fahrzeuge ohne Luftfederung|11385,Federungsart:für Fahrzeuge ohne Luftfederung|31582,Federungsart:für Fahrzeuge ohne Luftfederung|33055,Federungsart:für Fahrzeuge ohne Luftfederung|59456,Federungsart:für Fahrzeuge ohne Luftfederung|59459,Federungsart:für Fahrzeuge ohne Luftfederung|11149,Federungsart:für Fahrzeuge ohne Luftfederung|31578,Federungsart:für Fahrzeuge ohne Luftfederung|11150,Federungsart:für Fahrzeuge ohne Luftfederung|31579,Federungsart:für Fahrzeuge ohne Luftfederung|31583,Federungsart:für Fahrzeuge ohne Luftfederung|59453,Federungsart:für Fahrzeuge ohne Luftfederung|59454,Federungsart:für Fahrzeuge ohne Luftfederung|11383,Federungsart:für Fahrzeuge ohne Luftfederung|31584,Federungsart:für Fahrzeuge ohne Luftfederung|11382,Federungsart:für Fahrzeuge ohne Luftfederung|10113,Federungsart:für Fahrzeuge ohne Luftfederung|32683,Federungsart:für Fahrzeuge ohne Luftfederung|58569,Federungsart:für Fahrzeuge ohne Luftfederung|59298,Federungsart:für Fahrzeuge ohne Luftfederung|58673,Federungsart:für Fahrzeuge ohne Luftfederung|59013,Federungsart:für Fahrzeuge ohne Luftfederung"",""Kategorie"":""Auto & Motorrad: Teile"",""Lieferumfang"":""1x Federbeinstützlager"",""Marke"":""MEYLE"",""Maßeinheit"":""Einheit"",""Material"":""Metall, Gummi"",""Menge"":""1"",""Modell"":""E-Klasse, CLS"",""Oldtimer-Teil"":""Nein"",""Passend für"":""Mercedes-Benz E-Klasse, CLS"",""Produktart"":""Federbeinstützlager"",""Produktgruppe"":""Fahrwerk"",""Referenznummer"":""212 323 00 20"",""Referenznummer OE"":""2123230020"",""Referenznummer OEM"":""2123230020"",""Referenznummer(n) OE"":""2123230020"",""Referenznummer(n) OEM"":""2123230020"",""Universelle Kompatibilität"":""Nein"",""Universelle Passform"":""Nein"",""weight"":1,""Weitere Artikelnummer"":""MSM0204"",""Zustand"":""Neu""}",41.95 EUR,XGA0106C,2
MEYLE ATF DCG II Getriebeöl 277026 für Doppelkupplungsgetriebe DCT NEU,MEYLE,"Auto & Motorrad: Teile > Öle, Flüssigkeiten & Additive > Getriebeöle",SKU-0945605804,4040074122754,"Spezialisiert für Doppelkupplungsgetriebe (DCT) für Spitzenleistung. | Erfüllt höchste OEM-Spezifikationen für universelle Fahrzeugkompatibilität. | ""Made in Germany"" für höchste Qualität und Zuverlässigkeit. | Garantiert reibungslose und präzise Schaltvorgänge. | Bietet exzellenten Verschleißschutz und verlängert die Getriebelebensdauer. | Fortschrittliche Formulierung für optimale Schmierung und Funktion.","Das MEYLE ATF DCG II Getriebeöl ist speziell für Doppelkupplungsgetriebe (DCT) entwickelt, um optimale Leistung und reibungslose Schaltvorgänge zu gewährleisten. Die fortschrittliche Formulierung aus deutscher Herstellung bietet exzellenten Verschleißschutz und verlängert die Lebensdauer des Getriebes.","{""Anwendung"":""Doppelkupplungsgetriebe (DCT)"",""Gebindeart"":""Flasche"",""Hersteller"":""MEYLE"",""Herstellernummer"":""277026"",""Herstellungsland"":""Deutschland"",""Inhalt"":""1 Liter"",""Produktart"":""Getriebeöl"",""weight"":1,""Zustand"":""Neu""}",21.08 EUR,XGA0106C,6
"MEYLE Filter-Satz 112 330 0003/S für Audi, Seat, Skoda, VW 1.6/2.0 TDI Neu",MEYLE,Auto & Motorrad: Teile > Auto-Ersatz- & -Reparaturteile > Filter > Filter-Sets,SKU-9078406333,4040074137246,"MEYLE Markenqualität für Zuverlässigkeit und Langlebigkeit bei Audi, Seat, Skoda, VW. | Gewährleistet exzellente Filtration zum Schutz wichtiger 1.6/2.0 TDI Motorkomponenten. | Optimale Passgenauigkeit für Audi, Seat, Skoda, VW ermöglicht schnelle und unkomplizierte Installation. | Umfassendes Filter-Set für eine effiziente und vollständige Fahrzeugwartung. | Präzisionsgefertigte Komponenten aus hochwertigen Materialien für beste Leistung.",,"{""Anzahl der Einheiten"":""1"",""Für Oldtimer geeignet"":""Nein"",""Geeignet für Fahrzeugtyp"":""PKW"",""Gewichtseinheit"":""kg"",""Herstellernummer"":""112 330 0003/S"",""Herstellungsland"":""Deutschland"",""K-Typ"":""31316,Fahrgestellnummer ab : 8P-6-176 001|31317,Fahrgestellnummer ab : 8P-6-176 001|32688,Fahrgestellnummer ab : 8P-6-176 001|31320,Fahrgestellnummer ab : 8P-6-176 001|32690,Fahrgestellnummer ab : 8P-6-176 001|31318,Fahrgestellnummer ab : 8P-6-176 001|31319,Fahrgestellnummer ab : 8P-6-176 001|32689,Fahrgestellnummer ab : 8P-6-176 001|32744,Fahrgestellnummer ab : 8P-6-176 001|34842,Fahrgestellnummer ab : 8P-6-176 001|32745,Fahrgestellnummer ab : 8P-6-176 001|34859,Fahrgestellnummer ab : 8P-6-176 001|756,Fahrgestellnummer ab : 8P-6-176 001|762,Fahrgestellnummer ab : 8P-6-176 001|31590,Fahrgestellnummer ab : 8P-6-176 001|7894,Fahrgestellnummer ab : 8P-6-176 001|31591,Fahrgestellnummer ab : 8P-6-176 001|5013,Fahrgestellnummer ab : 8P-6-176 001|7904,Fahrgestellnummer ab : 8P-6-176 001|4819,Fahrgestellnummer ab : 8P-6-176 001|31965,Fahrgestellnummer ab : 8P-6-176 001|10574,Fahrgestellnummer ab : 8P-6-176 001|6339,Fahrgestellnummer ab : 8P-6-176 001|32788,Fahrgestellnummer ab : 8P-6-176 001|33322,Fahrgestellnummer ab : 8P-6-176 001|32787,Fahrgestellnummer ab : 8P-6-176 001|10573,Fahrgestellnummer ab : 8P-6-176 001|32789,Fahrgestellnummer ab : 8P-6-176 001|6345,Fahrgestellnummer ab : 8P-6-176 001|10974,Fahrgestellnummer ab : 8P-6-176 001|32752,Fahrgestellnummer ab : 8P-6-176 001|32753,Fahrgestellnummer ab : 8P-6-176 001|34950,Fahrgestellnummer ab : 8P-6-176 001|34951,Fahrgestellnummer ab : 8P-6-176 001|15135,Fahrgestellnummer ab : 8P-6-176 001|34949,Fahrgestellnummer ab : 8P-6-176 001|11158,Fahrgestellnummer ab : 8P-6-176 001|34952,Fahrgestellnummer ab : 8P-6-176 001|34955,Fahrgestellnummer ab : 8P-6-176 001|34958,Fahrgestellnummer ab : 8P-6-176 001|11156,Fahrgestellnummer ab : 8P-6-176 001|15143,Fahrgestellnummer ab : 8P-6-176 001|34957,Fahrgestellnummer ab : 8P-6-176 001|11160,Fahrgestellnummer ab : 8P-6-176 001|11155,Fahrgestellnummer ab : 8P-6-176 001|34956,Fahrgestellnummer ab : 8P-6-176 001|10245,Fahrgestellnummer ab : 8P-6-176 001|33645,Fahrgestellnummer ab : 8P-6-176 001|31340,Fahrgestellnummer ab : 8P-6-176 001|31595,Fahrgestellnummer ab : 8P-6-176 001|31596,Fahrgestellnummer ab : 8P-6-176 001|11212,Fahrgestellnummer ab : 8P-6-176 001|31341,Fahrgestellnummer ab : 8P-6-176 001|33674,Fahrgestellnummer ab : 8P-6-176 001|30397,Fahrgestellnummer ab : 8P-6-176 001|34977,Fahrgestellnummer ab : 8P-6-176 001|9620,Fahrgestellnummer ab : 8P-6-176 001"",""Kompatible Automarken"":""Audi, Seat, Skoda, VW"",""Kompatible Motortypen"":""1.6 TDI, 2.0 TDI"",""Lieferumfang"":""1 Filter-Satz"",""Marke"":""MEYLE"",""Produktart"":""Filter-Satz"",""Referenznummer(n) OEM"":""03L115466, 1K0129620D, 1K1819653"",""Universell einsetzbar"":""Nein"",""weight"":1,""Zustand"":""Neu""}",46.49 EUR,XGA0106D,1
"MEYLE Gelenksatz Antriebswelle 100 498 0057, radseitig, ABS-Ring, Schwarz",MEYLE,,SKU-6074840029,4040074266946,"Kompletter MEYLE Gelenksatz (100 498 0057) | Für schnellen und effizienten Austausch der Antriebswelle | Sichert optimale Kraftübertragung und Fahrstabilität | Präzise Fertigung für perfekte Passform | Inklusive Gelenk, Manschette, Schellen-Set und Spezialfett","Dieser radseitige MEYLE Gelenksatz (100 498 0057) inklusive ABS-Ring sorgt für eine optimale Kraftübertragung der Antriebswelle. Das Set ist neu, schwarz und bietet eine präzise Passform.","{""Anwendungsbereich"":""Antriebswelle"",""Einbauposition"":""radseitig"",""Farbe"":""Schwarz"",""Gewichtseinheit"":""kg"",""Hersteller"":""MEYLE"",""Herstellernummer"":""100 498 0057"",""Kategorie"":""Fahrzeugteile > Antrieb & Getriebe > Antriebswellen & Gelenke"",""Lieferumfang"":""1x Gelenk, 1x Manschette, 1x Schellen-Set, 1x Spezialfett"",""Marke"":""MEYLE"",""Mit ABS-Ring"":""Ja"",""Oldtimer-Teil"":""Nein"",""Produktart"":""Gelenksatz"",""Referenznummer OEM"":""893 498 099 MX"",""Tuning- & Styling-Teil"":""Nein"",""Universelle Passform"":""Nein"",""weight"":1,""Zertifizierung"":""EAC-zertifiziert"",""Zustand"":""Neu""}",29.39 EUR,XGA0106C,1
Elring Motordichtung 057.240 Motorblock Dichtung für präzise Abdichtung Neu,Elring,Auto & Motorrad: Teile > Autoteile & Zubehör > Motoren & Motorenteile,SKU-8581934036,4041248145418,Elring Motordichtung 057.240 für präzise Abdichtung des Motorblocks. | Hochwertige Materialien garantieren extreme Widerstandsfähigkeit und Langlebigkeit. | Exakte Passform ermöglicht einfache und sichere Montage. | Verhindert zuverlässig Leckagen und schützt vor Motorschäden. | Herstellernummer 057.240 sichert exakte Kompatibilität. | Produziert in Italien nach strengen Qualitätsstandards. | Optimiert die Betriebssicherheit und Effizienz des Motors.,"Die Elring Motordichtung 057.240 sichert eine präzise und langlebige Motorabdichtung, die Leistung und Effizienz Ihres Fahrzeugs nachhaltig steigert. Gefertigt aus erstklassigen Materialien und nach bewährter Ingenieurskunst, bietet sie höchste Beständigkeit unter extremsten Bedingungen.Diese Dichtung garantiert eine perfekte Passform und schützt effektiv vor Leckagen sowie potenziellen Motorschäden. Sie optimiert die Motorleistung und gewährleistet maximale Betriebssicherheit für Ihr Fahrzeug.Der Lieferumfang umfasst eine Elring Motordichtung 057.240, die eine unkomplizierte Installation durch qualifiziertes Fachpersonal ermöglicht. Vertrauen Sie auf die bewährte Original Elring Qualität, die von Werkstätten weltweit für unübertroffene Zuverlässigkeit geschätzt wird.","{""Anwendungsbereich"":""Motorblock"",""GPSR Manufacturer address"":""ElringKlinger AG, Max-Eyth-Str. 2, 72581 Dettingen an der Erms, Germany"",""GPSR Manufacturer name"":""Elring"",""Herstellernummer"":""057.240"",""Herstellungsland"":""Italien"",""Im Lieferumfang enthalten"":""Dichtung"",""Kategorie"":""Auto & Motorrad: Teile > Autoteile & Zubehör > Motoren & Motorenteile"",""Marke"":""Elring"",""Maßeinheit"":""Stück"",""Menge"":""1"",""Oldtimer-Teil"":""Nein"",""Performance-Teil"":""Ja"",""Produktart"":""Motordichtung"",""Tuning- & Styling-Teil"":""Nein"",""Universelle Kompatibilität"":""Nein"",""weight"":1,""Zustand"":""Neu""}",25.99 EUR,XGA0106C,3
Elring Motordichtungssatz 542.210 Leckageschutz Erstausrüsterqualität Schwarz Neu,Elring,Auto & Motorrad: Teile > Autoteile & Zubehör > Motoren & Motorenteile > Dichtungen & Montageteile > Dichtungssätze,SKU-8529588380,4041248434536,"Elring Erstausrüsterqualität für zuverlässige Motorfunktion und Langlebigkeit. | Effektiver Leckageschutz verlängert die Motorlebensdauer signifikant. | Hochwiderstandsfähige Materialien schützen vor Hitze, Druck und Chemikalien. | Präzisionsgefertigte Dichtungen garantieren optimale Passform und Abdichtung. | Minimiert Wartungsaufwand und erhält volle Motorleistung dauerhaft. | Beständig gegen extreme Betriebsbedingungen und aggressive Medien. | Entwickelt für maximale Schutzwirkung und erhöhte Motorsicherheit.","Der Elring Motordichtungssatz 542.210 sichert die langfristige Zuverlässigkeit Ihres Motors und schützt effektiv vor Leckagen. Er ist die ideale Lösung, um den Wartungsaufwand durch langlebige Abdichtung zu minimieren und die Motorleistung zu erhalten.Gefertigt aus hochwiderstandsfähigen Materialien in bewährter Erstausrüsterqualität, garantiert dieses Set maximalen Schutz vor Hitze, Druck und chemischen Einflüssen. Es beinhaltet alle präzisionsgefertigten Dichtungen, die eine optimale Passform und dauerhafte Abdichtung selbst unter extremsten Bedingungen gewährleisten.Für eine einwandfreie Funktion und Ihre Sicherheit empfehlen wir dringend die Installation durch qualifiziertes Fachpersonal. Vertrauen Sie auf Elring, eine Marke, die für unübertroffene Motorzuverlässigkeit und Qualität steht.","{""Angebotspaket"":""Nein"",""Anwendungsbereich"":""Motor"",""Anzahl"":""1"",""Besondere Merkmale"":""Leckageschutz, Erstausrüsterqualität"",""EAN"":""4041248434536"",""Farbe"":""Schwarz"",""GPSR Manufacturer name"":""Elring"",""Hersteller"":""Elring"",""Herstellernummer"":""542.210"",""K-Typ"":""20043|9533|19704|28211|19626|23285|19627|23267|19628|23286|19629|152078|145880"",""Kategorie"":""Auto & Motorrad: Teile > Autoteile & Zubehör > Motoren & Motorenteile > Dichtungen & Montageteile > Dichtungssätze"",""Kategorie (allgemein)"":""Auto & Motorrad > KFZ-Ersatzteile > Antrieb, Motoren & Getriebe > KFZ-Dichtungen"",""Lieferumfang"":""Motordichtungssatz"",""Maßeinheit"":""Einheit"",""Material"":""Hochwiderstandsfähige Materialien"",""Merkmale"":""Leckageschutz, Erstausrüsterqualität"",""Modifizierter Artikel"":""Nein"",""Oldtimer-Teil"":""Nein"",""Produktart"":""Dichtungssatz"",""weight"":1,""Zustand"":""Neu""}",45.95 EUR,XGA0106B,1
"Elring Zylinderkopfdichtungssatz 1212188109, 60 Nm Anzugsdrehmoment",Elring,Auto & Motorrad: Teile > Autoteile & Zubehör > Motoren & Motorenteile > Dichtungen & Montageteile > Dichtungen & Dichtungsringe,SKU-7321712010,4041248450864,"Sichert optimale Motorleistung und präzise Kompression langfristig. | Gefertigt aus erstklassigen Materialien für maximale Langlebigkeit. | Elring Originalteil: Garantiert perfekte Passgenauigkeit und Zuverlässigkeit. | Effektiver Schutz vor Leckagen und schädlichem Druckverlust. | Einfache Installation, ideal für Profis und erfahrene Heimwerker. | Spezifisches Anzugsdrehmoment von 60 Nm für sichere Montage. | Erfordert einen Anzugswinkel von 90° für optimale Dichtigkeit.","Der Elring Zylinderkopfdichtungssatz 150.153 sichert eine präzise Abdichtung, die optimale Motorleistung und Kompression zuverlässig gewährleistet. Gefertigt aus hochwertigen Materialien, garantiert dieser Satz außergewöhnliche Langlebigkeit und zuverlässige Funktion unter allen Betriebsbedingungen.Dieses Originalersatzteil bietet höchste Passgenauigkeit und Qualität, um die Effizienz und den Werterhalt Ihres Fahrzeugs zu maximieren. Der Lieferumfang beinhaltet alle notwendigen Dichtungen für eine vollständige und fachgerechte Zylinderkopfreparatur.Die einfache Installation ist sowohl für professionelle Mechaniker als auch für erfahrene Heimwerker konzipiert, was eine schnelle und effektive Instandsetzung ermöglicht. Vertrauen Sie auf Elring Originalteile, um die Leistungsfähigkeit und Sicherheit Ihres Motors langfristig zu sichern und zu erhalten.","{""Anwendungsbereich"":""Motorabdichtung"",""Anzugsdrehmoment"":""60 Nm"",""Anzugswinkel"":""90°"",""Artikelnummer"":""647-203"",""Dichtungssatz"":""Ja"",""Dichtungstyp"":""Zylinderkopfdichtung"",""EAN"":""4041248450864"",""Einbauposition"":""Motor"",""Farbe"":""Braun, Schwarz, Metallisch"",""GPSR Manufacturer name"":""Elring"",""Hauptkategorie"":""Auto & Motorrad > KFZ-Ersatzteile > Antrieb, Motoren & Getriebe > KFZ-Dichtungen"",""Hersteller"":""Elring"",""Herstellernummer"":""1212188109"",""Herstellungsland"":""Deutschland"",""Interne Produkt-ID"":""4041248450864"",""Kategorie"":""Auto & Motorrad: Teile > Autoteile & Zubehör > Motoren & Motorenteile > Dichtungen & Montageteile > Dichtungen & Dichtungsringe"",""Kategorie Pfad (Allgemein)"":""Auto & Motorrad: Teile > Autoteile & Zubehör > Motoren & Motorenteile > Dichtungen & Montageteile > Zylinderkopfdichtungen"",""Lieferumfang"":""1x Zylinderkopfdichtungssatz"",""Marke"":""Elring"",""Produktart"":""Zylinderkopfdichtungssatz"",""Produktgruppe"":""Motorenteile"",""weight"":1,""Zustand"":""Neu""}",25.86 EUR,XGA0106B,1
Elring Zylinderkopfdichtung 150.162 für Volkswagen Motoren Schwarz/Bronze Neu,Elring,Auto & Motorrad: Teile > Autoteile & Zubehör > Motoren & Motorenteile,SKU-4780318569,4041248450871,Elring Erstausrüsterqualität für höchste Zuverlässigkeit und Passgenauigkeit. | Sichere Brennraumabdichtung schützt effektiv vor Leckagen im Motor. | Extrem belastbar dank hitzebeständiger Premium-Materialien. | Präzise Passform optimiert Motorleistung und Effizienz. | Gewährleistet maximale Betriebssicherheit für Volkswagen Motoren. | Herstellernummer 150.162 sichert exakte Kompatibilität.,"Sichern Sie die unübertroffene Leistung und Langlebigkeit Ihres Volkswagen Motors mit der Elring Zylinderkopfdichtung 150.162. Diese Dichtung gewährleistet eine absolut zuverlässige Abdichtung des Brennraums und schützt vor Leckagen. Gefertigt in bewährter Erstausrüsterqualität aus extrem robusten, hitzebeständigen Materialien, bietet sie präzise Passgenauigkeit für maximale Betriebssicherheit. Der Lieferumfang umfasst eine hochwertige Zylinderkopfdichtung, exakt auf Ihr Fahrzeug abgestimmt. Für eine fehlerfreie Funktion und die volle Entfaltung ihres Potenzials ist die fachgerechte Installation durch qualifiziertes Personal zwingend erforderlich. Investieren Sie jetzt in die Zuverlässigkeit und Effizienz Ihres Fahrzeugs mit dieser Premium-Zylinderkopfdichtung von Elring.","{""Anzahl der Dichtungen"":""1"",""EAN"":""4041248450871"",""Einbauposition"":""Motor"",""Farbe"":""Schwarz/Bronze"",""GPSR Manufacturer name"":""Elring"",""Herstellernummer"":""150.162"",""Herstellungsland"":""Deutschland"",""Kategorie"":""Auto & Motorrad: Teile > Autoteile & Zubehör > Motoren & Motorenteile"",""Kompatible Fahrzeugmarke"":""Volkswagen"",""Lieferumfang"":""1x Zylinderkopfdichtung"",""Marke"":""Elring"",""Produktart"":""Zylinderkopfdichtung"",""Produktgruppe"":""Motorenteile"",""weight"":1,""Zustand"":""Neu""}",23.88 EUR,XGA0106B,1
Elring Zylinderkopfdichtungssatz 150.172 Motor Erstausrüsterqualität Neu,Elring,Auto & Motorrad: Teile > Autoteile & Zubehör > Motoren & Motorenteile,SKU-1948960316,4041248450888,"Zuverlässige Motorabdichtung verhindert effektiv Öl- und Kühlmittelverlust. | Schützt den Motor vor Verbrennungsgasleckagen und teuren Schäden. | Erstausrüsterqualität ""Das Original"" präzise in Deutschland gefertigt. | Hochwertige Materialien widerstehen extremen Temperaturen und Drücken. | Inklusive Montagehinweise für korrekte Anzugsdrehmomente und Installation. | Original Elring Ersatzteil garantiert exakte Passform und optimale Funktion.","Der Elring Zylinderkopfdichtungssatz 150.172 gewährleistet eine absolut zuverlässige Motorabdichtung, indem er effektiv das Austreten von Öl, Kühlmittel und Verbrennungsgasen verhindert. Dies sichert eine optimale Motorfunktion, schützt langfristig vor kostspieligen Schäden und verlängert die Lebensdauer Ihres Motors erheblich.Gefertigt in Deutschland, repräsentiert dieser Dichtungssatz als ""Das Original"" höchste Erstausrüsterqualität und Präzision für Ihr Fahrzeug. Die verwendeten hochwertigen Materialien sind speziell dafür konzipiert, extremen Temperaturen und Drücken standzuhalten, was eine dauerhafte und zuverlässige Leistung unter härtesten Betriebsbedingungen gewährleistet.Der vollständige Dichtungssatz ist im Lieferumfang enthalten und ermöglicht eine fachgerechte Reparatur oder Wartung Ihres Motors. Für eine sichere Installation sind die spezifischen Montagehinweise zu Anzugsdrehmomenten und der Verwendung neuer Zylinderkopfschrauben unbedingt zu beachten, um volle Funktionalität und Sicherheit zu gewährleisten.","{""Besonderheiten"":""Erstausrüsterqualität"",""EAN"":""4041248450888"",""Einbauposition"":""Motor"",""GPSR Manufacturer name"":""Elring"",""Herstellernummer"":""150.172"",""Herstellungsland"":""Deutschland"",""Kategorie"":""Auto & Motorrad: Teile > Autoteile & Zubehör > Motoren & Motorenteile"",""Lieferumfang"":""1x Zylinderkopfdichtungssatz"",""Marke"":""Elring"",""Material"":""Hochwertige Verbundmaterialien"",""Produktart"":""Zylinderkopfdichtungssatz"",""Universelle Kompatibilität"":""Nein"",""weight"":1,""Zustand"":""Neu""}",33.28 EUR,XGA0106B,1
fischer Hammerbohrer Quattric II SDS-plus Ø 24mm 450mm Quattric II 24/450/400,fischer,Business & Industrie > Werkzeuge & Werkstattbedarf > Elektrowerkzeug-Zubehör > Bohrer,SKU-8927251416,4043962306996,"PGM-zertifiziert für höchste Präzision und exakte Bohrlöcher. | SDS-plus Aufnahme für optimale Kraftübertragung und sicheren Halt. | Quattric II Geometrie ermöglicht schnelle Bohrfortschritte und minimierte Vibrationen. | Robuste Hartmetallspitze garantiert extrem hohe Standzeiten in Beton. | Qualität 'Made in Germany' für zuverlässige Leistung und Langlebigkeit. | Ideal für Beton, Mauerwerk und Naturstein.","Der fischer Hammerbohrer Quattric II SDS-plus Ø 24mm bietet Profis unübertroffene Präzision und Leistung für Beton, Mauerwerk und Naturstein. Seine innovative Quattric II Bohrkopf-Geometrie sorgt für exakte Bohrlöcher, schnelle Arbeitsfortschritte und minimierte Vibrationen bei jeder Anwendung.Ausgestattet mit einer extrem robusten Hartmetallspitze und einer optimierten SDS-plus Aufnahme, garantiert dieser Premium-Bohrer maximale Langlebigkeit und verlustfreie Kraftübertragung. Das PGM-Prüfzeichen verbürgt sich für absolute Maßhaltigkeit und Zuverlässigkeit, unterstrichen durch die bewährte Qualität 'Made in Germany'.Im Lieferumfang ist ein fischer Hammerbohrer Quattric II SDS-plus Ø 24mm enthalten, der sofort für anspruchsvolle Projekte einsatzbereit ist. Vertrauen Sie auf dieses Präzisionswerkzeug, das sich in tausenden Anwendungen bewährt hat und Ihnen langfristig herausragende Ergebnisse sichert.","{""Angebotspaket"":""Nein"",""Anzahl der Schneiden"":""4"",""Anzahl der Teile"":""1"",""Arbeitslänge"":""400 mm"",""Aufnahme"":""SDS-plus"",""Durchmesser"":""24 mm"",""EAN"":""4043962306996"",""Gesamtlänge"":""450 mm"",""GPSR Manufacturer name"":""fischer"",""Hersteller"":""fischerwerke GmbH & Co. KG"",""Herstellungsland"":""Deutschland"",""Kategorie"":""Business & Industrie > Werkzeuge & Werkstattbedarf > Elektrowerkzeug-Zubehör > Bohrer"",""Kernbohrer"":""Nein"",""Marke"":""fischer"",""Maßeinheit"":""Einheit"",""Material"":""Hartmetall"",""Modell"":""Quattric II"",""Modifizierter Artikel"":""Nein"",""PGM-Prüfzeichen"":""Ja"",""Produktart"":""Hammerbohrer"",""weight"":1,""Zustand"":""Neu""}",41.9 EUR,XGA0102B,1
VAICO 2x Bremsscheibe voll hinten für Ford Kuga I Galaxy WA6 Land Rover Range,VAICO,Auto & Motorrad: Teile > Autoteile & Zubehör > Bremsen & Bremsenteile > Bremsscheiben,SKU-3016364513,4046001447266,Konstante Hochleistungsbremsung für maximale Fahrsicherheit. | Effiziente Wärmeableitung verhindert zuverlässig Bremsfading. | Hochverschleißfeste Materialien garantieren außergewöhnliche Langlebigkeit. | Präzisionsgefertigt für perfekte Passgenauigkeit und einfache Montage. | Set mit zwei Bremsscheiben für kompletten Achsen-Austausch. | Zuverlässige Performance unter extremen Fahrbedingungen gewährleistet. | Erfüllt höchste Qualitätsstandards der VAICO Marke.,"Die VAICO Bremsscheiben V25-40006 bieten unvergleichliche Fahrsicherheit und eine konstant hohe Bremsleistung für Ihr Fahrzeug. Ihre Präzisionsfertigung gewährleistet eine effiziente Wärmeableitung und minimiert Bremsfading selbst unter extremsten Bedingungen.Gefertigt aus hochverschleißfesten Materialien, garantieren diese Bremsscheiben eine außergewöhnlich lange Lebensdauer und zuverlässige Performance. Der Lieferumfang umfasst ein praktisches 2er-Set, das einen unkomplizierten Austausch an einer Achse ermöglicht und optimale Passgenauigkeit sichert.Für maximale Sicherheit und optimale Funktion wird die fachgerechte Installation durch qualifiziertes Personal dringend empfohlen. Vertrauen Sie auf die bewährte Qualität der VIEROL AG, die Langlebigkeit und eine konstante Performance über viele Kilometer hinweg sichert.","{""Besonderheiten"":""Hohe Leistung"",""Bremsscheibenart"":""Voll"",""Bremsscheibendicke"":""10.9 mm"",""Durchmesser"":""302 mm"",""EAC_Kennzeichnung"":""Ja"",""EAC-Kennzeichnung"":""Ja"",""Einbauposition"":""Hinterachse"",""Einheitentyp"":""Stück"",""GPSR_Manufacturer_email"":""info@vierol-shop.de"",""GPSR_Manufacturer_name"":""VIEROL AG"",""GPSR_url"":""www.vierol-shop.de"",""Hersteller"":""VAICO"",""Herstellernummer"":""V25-40006"",""Höhe"":""50.8 mm"",""K-Typ"":""30837|33494|19167|6932|6802|19438|19714|19437|33349|59494|32693|5575|19439|19440|24463|33350|9854|24464|24462|142738|142744|142746|142748|142750|26577|33338|26578|33339|33340|30899|142778|142781|142782|142783|6939|6979|6938|22506|22507|22510|32387|22508|6951|30331|5136|33351|5137|22511|22512|24451|33354|6981|24452|24450|22509|120851|100896|10343|32699|128496|32388|32701|22520|131623|32685|5152|128494|22522|22523|24457|54925|126877|24453|126874|24455|22521|7015|7020|7002|22513|22514|22517|32389|22515|7019|30330|5086|33355|5060|22518|22519|24458|33352|7021|24454|24456|22516|134506|134507|134502|134188|134505|6915|6803|19708|32705|19441|6921|33348|59495|30329|5614|19443|19444|24461|33347|6918|24459|24460|19442|143085|143086|143087|143088|143089|143090|143091|9824|100976|115023|128221|115147|115148|115150|127386|9816|9817|9818|117555|128231|117553|117554|128145|142926|142922|142924|142925"",""Kategorie"":""Auto & Motorrad: Teile"",""Lieferumfang"":""2 Bremsscheiben"",""Lochanzahl"":""5"",""Lochkreis-Ø"":""108 mm"",""Menge"":""2"",""Oldtimer-Teil"":""Nein"",""Produktart"":""Bremsscheibe"",""Produktgruppe"":""Bremssystem"",""Referenznummer_OEM"":""2 111 254"",""Universelle Kompatibilität"":""Nein"",""weight"":1,""Zustand"":""Neu""}",67.38 EUR,XGA0106C,1
europet bernina Trinkbrunnen: Frisches & gefiltertes Wasser für gesunde Haustiere,europet bernina,Haustierbedarf > Katzen > Näpfe & Trinkbrunnen,SKU-6068074259,4047059413104,"Stets frisches, gefiltertes Wasser fördert die Gesundheit Ihrer Haustiere. | Großes 2,1-Liter-Fassungsvermögen sichert lange, zuverlässige Wasserversorgung. | Extrem sparsamer 4-Watt-Betrieb schont Umwelt und Ihr Haushaltsbudget. | Mühelose Befüllung und schnelle Reinigung garantieren höchste Hygiene. | Integrierte LED-Anzeige informiert diskret über den aktuellen Betriebsstatus. | Kompaktes Design ermöglicht flexible, platzsparende Integration in jedes Zuhause.","Der europet bernina PET AQUA FRESH Trinkbrunnen gewährleistet eine konstante Versorgung Ihrer geliebten Haustiere mit hygienisch reinem, gefiltertem Wasser. Dieses System stimuliert auf natürliche Weise den Trinktrieb von Hunden und Katzen und trägt maßgeblich zur Förderung ihrer Gesundheit und Vitalität bei.Mit einem großzügigen Fassungsvermögen von 2,1 Litern bietet dieser Brunnen, bestehend aus dem Hauptgerät und einem effizienten Filtersystem, eine zuverlässige Wasserquelle, die auch bei längerer Abwesenheit des Halters ausreichend Flüssigkeit bereitstellt. Gefertigt aus hochwertigem, langlebigem Kunststoff, überzeugt er zudem durch einen äußerst sparsamen Energieverbrauch von lediglich 4 Watt.Die unkomplizierte Befüllung und der schnelle, werkzeuglose Filterwechsel garantieren dauerhaft optimale Wasserqualität sowie höchste Hygienestandards. Eine integrierte LED-Anzeige informiert diskret über den Betriebsstatus, während das kompakte Design eine flexible Integration in jedes Wohnambiente ermöglicht.","{""Abmessungen"":""25 x 20 x 18 cm"",""Besonderheiten"":""Filterfunktion, LED-Anzeige, Geringer Energieverbrauch"",""Farbe"":""Weiß, Blau"",""Fassungsvermögen"":""2.1 L"",""Herstellernummer"":""603-413104"",""Kategorie"":""Haustierbedarf"",""Leistung"":""4 W"",""Material"":""Kunststoff"",""Produktart"":""Trinkbrunnen"",""Tierart"":""Hund, Katze""}",49.99 EUR,XGA0201B,1
Trotec HEPA Carbon Kombifilter für AirgoClean 170 E Luftreiniger Schwarz,Trotec,"Haushaltsgeräte > Kaffee-, Tee- & Espressomaschinen > Filter-Kaffeemaschinen",SKU-8414659629,4052138007280,"Umfassende Luftreinigung dank HEPA- und Aktivkohle-Technologie. | Entfernt effektiv Feinstaub, Pollen, Allergene und Bakterien. | Neutralisiert zuverlässig unangenehme Gerüche, Rauch und Dämpfe. | Passgenau für Trotec AirgoClean 170 E, einfacher Filterwechsel. | Hergestellt aus hochwertigem Filtervlies und effektiver Aktivkohle. | Sorgt für ein gesünderes Raumklima durch verbesserte Luftqualität.","Der Trotec Luftreinigerfilter kombiniert HEPA- und Aktivkohlefiltration, um Feinstaub, Allergene und Gerüche effektiv aus der Luft zu entfernen. Er ist passgenau für den Trotec AirgoClean 170 E konzipiert und sorgt für eine verbesserte Raumluftqualität.","{""Anwendungsbereich"":""Luftreinigung"",""Anzahl"":""1 Stück"",""EAN"":""4052138007280"",""Farbe"":""Schwarz"",""Filtertechnologie"":""HEPA, Aktivkohle"",""Filtertyp"":""HEPA- und Aktivkohlefilter"",""Geeignet für Gerätetyp"":""Luftreiniger"",""Hersteller-Artikelnummer"":""7.160.00.530"",""Herstellernummer"":""7.160.00.530"",""Kompatibilität"":""Trotec AirgoClean 170 E"",""Marke"":""Trotec"",""Material"":""Filtervlies, Aktivkohle"",""Modell"":""Airgoclean 170 E"",""Produktart"":""Kombifilter"",""weight"":1,""Zustand"":""Gebraucht""}",11.99 EUR,XGA0203A,4
ZF Automatikgetriebeöl Lifeguard Fluid 8 1L TE-ML 11 für Pkw MPN 600083246 NEU,ZF,"Auto & Motorrad: Teile > Öl, Pflege- & Schmiermittel > Automatikgetriebeöl",SKU-2191775022,4053202268477,"Optimale Schmierung und maximaler Verschleißschutz für Ihr Getriebe | Exklusiv für ZF Automatikgetriebe entwickelt, für perfekte Kompatibilität | Garantiert reibungslose und präzise Schaltvorgänge unter allen Bedingungen | Erfüllt höchste Standards: ZF TE-ML 11 Spezifikation für Premium-Qualität | Hergestellt in Deutschland für höchste Zuverlässigkeit und Langlebigkeit","ZF Lifeguard Fluid 8 Automatikgetriebeöl, speziell für Pkw Automatikgetriebe entwickelt. Garantiert optimale Schmierung und reibungslose Schaltvorgänge. Erfüllt die ZF TE-ML 11 Spezifikation und wird in Deutschland hergestellt. 1 Liter Flasche.","{""Anwendungsbereich"":""Pkw Automatikgetriebe"",""Füllmenge"":""1 Liter"",""Gebindeart"":""Flasche"",""Herstellerfreigabe"":""ZF000020"",""Herstellernummer"":""600083246"",""Herstellungsland"":""Deutschland"",""Marke"":""ZF"",""Modell"":""Lifeguard Fluid 8"",""Produktart"":""Automatikgetriebeöl"",""Spezifikation"":""TE-ML 11"",""weight"":1,""Zustand"":""Neu""}",19.99 EUR,XGA0106C,7
Würth Klingenschaber – Effiziente Rückstandsentfernung auf glatten Flächen,Würth,Heimwerker > Werkzeuge > Handwerkzeuge,SKU-0534200636,4053479285122,"Mühelose Entfernung von Farbe, Aufklebern und hartnäckigen Kleberesten. | Ergonomischer 2K-Griff für sicheren und rutschfesten Halt bei jeder Anwendung. | Robuster Edelstahl-Klingenhalter garantiert hohe Stabilität und außergewöhnliche Langlebigkeit. | Integrierter Klingenschutz bietet maximale Sicherheit bei Lagerung und Transport. | Vielseitig einsetzbar für diverse Reinigungs- und präzise Vorbereitungsarbeiten. | Schneller Klingenwechsel für unterbrechungsfreies und effizientes Arbeiten.","Der Würth 2K-Klingenschaber entfernt mühelos hartnäckige Rückstände wie Farbe, Aufkleber und Klebereste von glatten Oberflächen. Seine robuste Konstruktion mit einem langlebigen Edelstahl-Klingenhalter gewährleistet präzises und effizientes Arbeiten für eine optimale Oberflächenvorbereitung.Der ergonomische 2K-Kunststoffgriff sorgt für einen sicheren und rutschfesten Halt, selbst bei längeren Einsätzen. Gefertigt aus hochwertigem Edelstahl und 2K-Kunststoff, garantiert dieses Werkzeug außergewöhnliche Stabilität und eine lange Lebensdauer.Dieses umfassende Set beinhaltet den hochwertigen Klingenschaber und sechs passende Ersatzklingen für den sofortigen Gebrauch. Ein integrierter, abnehmbarer Klingenschutz bietet maximale Sicherheit bei der Aufbewahrung und schützt die Klingen vor Beschädigung.","{""Anwendungsbereich"":""Entfernen von Aufklebern, Farbe, Kleberesten"",""Anzahl Klingen gesamt"":""7 (1 im Schaber, 6 Ersatzklingen)"",""Besonderheiten"":""Ergonomischer Griff, Rutschfest, Klingenschutz"",""Farbe"":""Schwarz, Rot"",""GPSR Manufacturer name"":""Würth"",""Herstellernummer"":""0714663351"",""Kategorie"":""Heimwerker > Werkzeuge > Handwerkzeuge"",""Lieferumfang"":""1 Klingenschaber, 6 Ersatzklingen"",""Marke"":""Würth"",""Material Griff"":""2K-Kunststoff"",""Material Klingenhalter"":""Edelstahl"",""Produktart"":""Klingenschaber"",""Zustand"":""Neu""}",11.5 EUR,,0
Heidelberger BETTWAREN Bettdecke Grönland: Luxuriös warm & klimaregulierend,Heidelberger BETTWAREN,Möbel & Wohnen > Kindermöbel & Wohnen > Bettwaren & -wäsche > Bettdecken,SKU-4885995332,4063217299953,"Extra hoher Wärmegrad für kuschelige Winternächte | Optimale Schlafklima-Regulierung durch atmungsaktive Materialien | Hautfreundlicher Bezug aus reiner Baumwolle für höchsten Komfort | Nachhaltige Füllung aus 100% recycelter Polyester-Hohlfaser | Geprüfte Qualität sichert Langlebigkeit und Formstabilität | Angenehm leicht und voluminös für schwerelosen Schlafkomfort | Pflegeleicht, maschinenwaschbar und trocknergeeignet für einfache Hygiene","Erleben Sie mit der Heidelberger BETTWAREN Winterdecke Grönland unvergleichlichen Schlafkomfort und wohlige Wärme, selbst in den kältesten Winternächten. Diese exklusive Bettdecke schafft eine besonders kuschelige und warme Schlafumgebung, die gleichzeitig ein optimal reguliertes Schlafklima für erholsame Nächte bietet.Der hochwertige Bezug aus 100% reiner Baumwolle garantiert eine natürliche, hautsympathische Haptik und hervorragende Atmungsaktivität. Im Inneren überzeugt eine innovative Füllung aus 100% recycelter Polyester-Hohlfaser, welche exzellente Isolationseigenschaften mit geringem Gewicht vereint und für einen extra hohen Wärmegrad sorgt.Sie erhalten eine hochwertige Decke in der Komfortgröße 135 x 200 cm, gefertigt unter strengen Qualitätsstandards für langanhaltende Freude. Die Heidelberger Winterdecke ist äußerst pflegeleicht, behält ihre Bauschkraft und Formstabilität auch nach häufigem Waschen bei und ist zudem trocknergeeignet für unkomplizierte Hygiene.","{""Atmungsaktiv"":""Ja"",""Breite"":""135 cm"",""Farbe"":""Weiß"",""Feuchtigkeitsregulierend"":""Ja"",""Füllgewicht"":""1600 g"",""Füllmaterial"":""100% recycelte Polyester-Hohlfaser"",""GPSR Manufacturer name"":""Heidelberger BETTWAREN"",""Herstellernummer"":""805067"",""Jahreszeit"":""Winter"",""Kategorie"":""Möbel & Wohnen > Kindermöbel & Wohnen > Bettwaren & -wäsche > Bettdecken"",""Klimaregulierend"":""Ja"",""Länge"":""200 cm"",""Marke"":""Heidelberger BETTWAREN"",""Material Bezug"":""100% Baumwolle"",""Modell"":""Grönland"",""Nachhaltigkeit"":""Recycelte Füllung"",""Produktart"":""Bettdecke"",""Trocknergeeignet"":""Ja"",""Wärmeklasse"":""Extra Warm"",""Waschbar"":""Ja"",""Zimmer"":""Schlafzimmer"",""Zustand"":""Neu""}",64.95 EUR,XGA0204A,1
HUGO BOSS Zestart Herren Sweatjacke Beige Gr. 4XL Langarm Reißverschluss,HUGO BOSS,Herrenbekleidung > Sweatshirts & Hoodies,SKU-4973901806,4063541990120,"Hochwertige HUGO BOSS Sweatjacke, exzellent verarbeitet. | Durchgehender Reißverschluss für flexible Anpassung. | Ideal für Freizeit und täglichen Gebrauch. | Weiches Material für hohen Tragekomfort. | Einfarbiges beiges Design mit Stehkragen. | Dezentes HUGO BOSS Logo auf der Brust. | Pflegeleicht und formstabil.","Hochwertige HUGO BOSS Zestart Herren Sweatjacke in Beige, Größe 4XL. Mit durchgehendem Reißverschluss und Stehkragen bietet sie bequemen Tragekomfort für Freizeit und Alltag.","{""Anlass"":""Freizeit"",""Ärmellänge"":""Langarm"",""Farbe"":""Beige"",""Größe"":""4XL"",""Jahreszeit"":""Ganzjährig"",""Kragenform"":""Stehkragen"",""Marke"":""HUGO BOSS"",""Modell"":""Zestart"",""Muster"":""Einfarbig"",""Produktart"":""Sweatjacke"",""Verschlussart"":""Reißverschluss"",""weight"":1,""Zielgruppe"":""Herren"",""Zustand"":""Neu""}",104.96 EUR,XSGA0103A,1
BOSS Herren T-Shirt 3er Pack Classic Crew Neck Regular Fit Bio-Baumwolle Gr. M,BOSS,,SKU-1747542074,4063544208888,"Praktischer 3er-Pack für vielseitige Kombinationsmöglichkeiten im Alltag. | Gefertigt aus 100% reiner Bio-Baumwolle für höchsten Tragekomfort. | Klassischer Rundhalsausschnitt und bequeme Regular Fit Passform. | Atmungsaktives Material, ideal für Freizeit und täglichen Gebrauch. | Strapazierfähig und pflegeleicht für langanhaltende Qualität und Formbeständigkeit. | Zeitloses Basic-Design, perfekt integrierbar in jede Herrengarderobe.",,"{""Anlass"":""Freizeit"",""Ärmellänge"":""Kurzarm"",""Ausschnitt"":""Rundhals"",""Eigenschaften"":""Atmungsaktiv"",""Farbe"":""Mehrfarbig (Schwarz, Blau, Dunkelblau)"",""Gewebeart"":""Jersey"",""Größe"":""M"",""Handgemacht"":""Nein"",""Hersteller"":""HUGO BOSS AG"",""Herstellungsland"":""Sri Lanka"",""Marke"":""BOSS"",""Material"":""100% Bio-Baumwolle"",""Modell"":""Classic Crew Neck"",""Muster"":""Unifarben"",""Packungsgröße"":""3er-Pack"",""Passform"":""Regular Fit"",""Personalisieren"":""Nein"",""Pflegehinweis"":""Maschinenwäsche"",""Produktart"":""T-Shirt"",""Saison"":""Alle Jahreszeiten"",""Stil"":""Basic"",""Thema"":""Klassisch"",""Verschluss"":""Ohne Verschluss"",""Vintage"":""Nein"",""weight"":1,""Zielgruppe"":""Herren"",""Zustand"":""Gebraucht""}",44.95 EUR,XGA0105B,1
Lawrence Grey Home Satin Bettwäsche-Set für luxuriösen Schlafkomfort,Lawrence Grey Home,"Möbel & Wohnen > Bettwaren, -wäsche & Matratzen > Bettwäsche",SKU-8382768165,4069092282370,"Genießen Sie luxuriösen Schlafkomfort dank hochwertigem Baumwoll-Satin. | Einfaches und schnelles Beziehen durch praktischen Qualitäts-Reißverschluss. | Erleben Sie ein hautfreundliches, atmungsaktives Schlafklima aus reiner Baumwolle. | Schaffen Sie ein stilvolles Ambiente mit elegantem Satin-Glanz und Streifen-Design. | Profitieren Sie von garantierter Hygiene durch unkomplizierte 60°C Maschinenwäsche. | Langanhaltende Weichheit und Formstabilität dank mercerisierter, gekämmter Baumwolle.","Verwandeln Sie Ihr Schlafzimmer in eine luxuriöse Wohlfühloase mit dem Lawrence Grey Home Satin Bettwäsche-Set aus 100% mercerisierter Baumwolle. Es bietet Ihnen jede Nacht erholsamen Schlaf und ein unvergleichlich angenehmes Hautgefühl für höchste Ansprüche.Das exquisite Set gewährleistet ein optimales, atmungsaktives und hautfreundliches Schlafklima dank seiner hochwertigen Verarbeitung. Der edle Satin-Glanz und das moderne Streifen-Design in Orange und Creme verleihen Ihrem Schlafbereich ein stilvolles und zeitloses Ambiente.Der Lieferumfang beinhaltet einen Bettbezug (135x200 cm) und einen Kissenbezug, beide mit Qualitäts-Reißverschluss für einfaches Beziehen. Für langanhaltende Hygiene und Farbbeständigkeit ist die Bettwäsche bei 60 Grad maschinenwaschbar und behält dabei ihre Weichheit und Form.","{""Artikelnummer (SKU)"":""4100006236"",""Besonderheiten"":""Mit Reißverschluss"",""Farbe"":""Orange/Creme gestreift"",""GPSR Manufacturer name"":""Lawrence Grey Home"",""Größe"":""135 x 200 cm"",""Herstellernummer"":""40225462-004"",""Kategorie"":""Möbel & Wohnen > Bettwaren, -wäsche & Matratzen > Bettwäsche"",""Marke"":""Lawrence Grey Home"",""Material"":""100% Baumwolle"",""Muster"":""Gestreift"",""Pflegehinweise"":""Maschinenwäsche 60°C"",""Produktart"":""Bettwäsche-Set"",""Qualität"":""Mercerisiert, gekämmt"",""Saison"":""A/S 9999"",""Stil"":""Modern"",""Stoffart"":""Satin"",""Verschlussart"":""Reißverschluss"",""Zimmer"":""Schlafzimmer"",""Zustand"":""Neu""}",38.87 EUR,XGA0201C,1
"GARDENA Akku- & Ladegerät-Set 18V 2.5 Ah Starter-Kit PBA 18V/45 Neu, OVP besch.",GARDENA,,SKU-1803692252,4078500055604,"Umfassendes Starter-Kit für GARDENA 18V Akku-System. | Inklusive 2.5 Ah Akku (PBA 18V/45) und Ladegerät (AL 1810 CV). | Teil der POWER FOR ALL ALLIANCE für breite Kompatibilität. | Schnellladefunktion: 80% in 120 Minuten, 100% in 154 Minuten. | Zuverlässige und flexible Energieversorgung für alle Gartenarbeiten. | Ideal für den sofortigen Start mit kabellosen Gartengeräten.","Das GARDENA 18V Starter-Kit mit 2.5 Ah Akku und Ladegerät versorgt alle POWER FOR ALL ALLIANCE Gartengeräte zuverlässig. Neuware, OVP beschädigt.","{""Akku-Kapazität"":""2.5 Ah"",""Herstellernummer"":""14910"",""Kompatibilität"":""POWER FOR ALL ALLIANCE 18V"",""Ladegerät enthalten"":""Ja"",""Ladezeit (100%)"":""154 Minuten"",""Ladezeit (80%)"":""120 Minuten"",""Modell Akku"":""PBA 18V/45"",""Modell Ladegerät"":""AL 1810 CV"",""Produktart"":""Akku- & Ladegerät-Set"",""Spannung"":""18V"",""weight"":1,""Zustand"":""Neu, Verpackung beschädigt""}",44.21 EUR,XGA0105B,1
"HELLA Anlasser 8EA 011 612-801 1.2 kW 12V Silber, Schwarz Metall",HELLA,Auto & Motorrad: Teile > Autoteile & Zubehör > Autoelektrik > Anlasser,SKU-1353005263,4092285629928,"Original HELLA Qualität für höchste Zuverlässigkeit. | Kraftvoller 1.2 kW Anlasser garantiert schnellen Motorstart bei 12V. | Pfandfreies Neuteil; keine Altteilrückgabe erforderlich. | Präzise Passform ermöglicht einfache, schnelle Montage. | Gefertigt aus robusten Metallkomponenten für außergewöhnliche Langlebigkeit. | Wartungsfreies Bauteil für dauerhaften Einsatz und kompromisslose Leistung.","Der HELLA Anlasser 8EA 011 612-801 garantiert einen jederzeit zuverlässigen Motorstart für Ihr Fahrzeug. Dieses Premium-Ersatzteil liefert 1.2kW Leistung bei 12V und sichert eine einwandfreie Funktion unter allen Betriebsbedingungen.Gefertigt unter strengsten Qualitätskontrollen, besteht dieser Anlasser aus hochwertigen, langlebigen Komponenten. Seine robuste Konstruktion gewährleistet eine präzise Passform und optimale Leistung für eine lange Lebensdauer.Im Lieferumfang ist der Anlasser selbst enthalten, bereit für eine unkomplizierte Installation gemäß Herstellervorgaben. Vertrauen Sie auf die Expertise von HELLA; unser Kundenservice steht Ihnen bei Fragen zur Kompatibilität gerne zur Verfügung.","{""EAN"":""4092285629928"",""Farbe"":""Silber, Schwarz"",""GPSR Manufacturer name"":""HELLA"",""Herstellernummer"":""8EA 011 612-801"",""Kategorie"":""Auto & Motorrad: Teile > Autoteile & Zubehör > Autoelektrik > Anlasser"",""Leistung"":""1.2 kW"",""Marke"":""HELLA"",""Material"":""Metall"",""Produktart"":""Anlasser"",""Spannung"":""12 V"",""weight"":1,""Zustand"":""Neu""}",130 EUR,XGA0106C,1
LIQUI MOLY Motoröl 3740 NEU TOP TEC 4300 5W-30 1L MPN ACEA C2/C3 API Benzin,LIQUI MOLY,"Auto & Motorrad: Teile > Öl, Pflege- & Schmiermittel > Motoröl",SKU-0694979094,4100420037405,"Speziell für Benzin- und Dieselfahrzeuge entwickelt. | Optimale Schmierung und zuverlässiger Verschleißschutz. | Erfüllt strenge ACEA C2/C3 und API SP Spezifikationen. | Offizielle Freigaben von Peugeot Citroen, MB und Renault. | Fördert Motorsauberkeit und verhindert Ablagerungen effektiv. | Reduziert Kraftstoffverbrauch und verlängert Motorlebensdauer. | Hochwertige ""Made in Germany"" Qualität für maximale Leistung.","LIQUI MOLY TOP TEC 4300 5W-30 ist ein modernes Leichtlaufmotoröl für Benzin- und Dieselfahrzeuge. Es bietet optimale Schmierung, zuverlässigen Verschleißschutz und erfüllt die Spezifikationen ACEA C2/C3 sowie API SP. Dieses hochwertige Öl fördert die Motorsauberkeit, reduziert den Kraftstoffverbrauch und verlängert die Motorlebensdauer.","{""Gebindeart"":""Flasche"",""Herstellernummer (MPN)"":""3740"",""Herstellungsland"":""Deutschland"",""Inhalt"":""1 Liter"",""Produktart"":""Motoröl"",""Spezifikationen"":""ACEA C2/C3, API SP"",""Viskosität"":""5W-30"",""weight"":1,""Zustand"":""NEU""}",16.38 EUR,XGA0106C,1
"LIQUI MOLY Motoröl TOP TEC 4300 5W-30 5L für Benzin Diesel Motoren, MPN 3741 NEU",LIQUI MOLY,"Auto & Motorrad: Teile > Öl, Pflege- & Schmiermittel > Motoröl",SKU-7902875633,4100420037412,Modernes Leichtlaufmotoröl für Benzin- und Dieselfahrzeuge | Erfüllt höchste Spezifikationen wie ACEA C2/C3 und API SP | Bietet hervorragenden Verschleißschutz und Motorsauberkeit | Fördert Kraftstoffersparnis und reduziert Öl- und Kraftstoffverbrauch | Verhindert effektiv Ablagerungen und Schlammbildung im Motor | Sorgt für ausgezeichnete Alterungsbeständigkeit und Filmstabilität | Entwickelt und hergestellt in Deutschland für höchste Qualität,"Das LIQUI MOLY TOP TEC 4300 5W-30 ist ein HC-Synthese Motoröl für Benzin- und Dieselmotoren. Es bietet optimalen Verschleißschutz, Motorsauberkeit und reduziert Kraftstoffverbrauch sowie Emissionen, mit Freigaben für PSA, Mercedes-Benz und Renault.","{""EAN"":""4100420037412"",""Einsatzbereich"":""Benzin- und Dieselmotoren"",""Gebindegröße"":""5 Liter"",""Herstellernummer"":""3741"",""Herstellungsland"":""Deutschland"",""Inhalt"":""5 Liter"",""Kraftstoffart"":""Benzin, Diesel"",""Marke"":""LIQUI MOLY"",""Öl-Typ"":""HC-Synthese"",""Produktart"":""Motoröl"",""Spezifikationen"":""ACEA C2/C3, API SP"",""Viskosität"":""5W-30"",""Viskositätsklasse"":""5W-30"",""weight"":1,""Zustand"":""Neu""}",65.08 EUR,XGA0106D,1
LIQUI MOLY Motoröl 20647 5W-30 Longlife III 5 Liter,LIQUI MOLY,"Auto & Motorrad: Teile > Öl, Pflege- & Schmiermittel > Motoröl",SKU-4309949637,4100420206474,Synthesetechnologie-Basis für hochmodernes Leichtlaufmotoröl. | Exzellenter Verschleißschutz und schnelle Durchölung bei Kaltstart. | Fördert Kraftstoffersparnis und hält den Motor effektiv sauber. | Optimiert für Benzin- und Dieselfahrzeuge mit Abgasnachbehandlung. | Erfüllt höchste Spezifikationen für verlängerte Ölwechselintervalle. | Ideal für Fahrzeuge mit Start-Stopp-Systemen und Partikelfiltern. | Hergestellt in Deutschland für höchste Qualitätsstandards.,,"{""Anwendungsbereich"":""Benzin- und Dieselfahrzeuge"",""Freigaben"":""BMW Longlife-04, VW 504 00/507 00, MB 229.51, Porsche C30"",""Füllmenge"":""5 Liter"",""Gebindeart"":""Kanister"",""Herstellerland"":""Deutschland"",""Herstellernummer"":""20647"",""Marke"":""LIQUI MOLY"",""Öltyp"":""Leichtlaufmotoröl"",""Spezifikation"":""ACEA C3, API SN, API CF"",""Technologiebasis"":""Synthesetechnologie"",""Viskosität"":""5W-30"",""weight"":1,""Zustand"":""Neu""}",36.06 EUR,,0
Near Dark Metallpfeife Screen Prince – Eleganter Genuss für unterwegs,Near Dark,Spielzeug > Puppen & Zubehör,SKU-4649569251,4250153617556,Kompaktes Design für diskreten und stilvollen Genuss unterwegs. | Robuste Metallkonstruktion garantiert außergewöhnliche Langlebigkeit und Wertbeständigkeit. | Elegantes schwarzes Finish mit edler 'Screen Prince' Gravur. | Einfache Handhabung und hygienische Reinigung für dauerhafte Freude. | Anspruchsvolles und einzigartiges Raucherlebnis für Kenner. | Exklusives Accessoire für Liebhaber von hochwertigem Rauchzubehör.,"Die Near Dark Screen Prince Metallpfeife vereint Eleganz und Funktionalität für anspruchsvolle Genießer. Ihr kompaktes Design ermöglicht ein stilvolles und diskretes Raucherlebnis, ideal für unterwegs.Gefertigt aus robustem Metall, verspricht diese Pfeife außergewöhnliche Langlebigkeit und eine angenehme Haptik. Das elegante schwarze Finish mit edler 'Screen Prince' Gravur macht sie zu einem zeitlosen und exklusiven Accessoire.Das durchdachte Design gewährleistet eine unkomplizierte Nutzung sowie eine schnelle und hygienische Reinigung für dauerhafte Freude. Im Lieferumfang ist die hochwertige Screen Prince Metallpfeife enthalten, und unser Kundenservice steht Ihnen bei Fragen jederzeit zur Verfügung.","{""Farbe"":""Schwarz"",""GPSR Manufacturer name"":""Near Dark"",""Kategorie"":""Spielzeug > Puppen & Zubehör"",""Marke"":""Near Dark"",""Material"":""Metall"",""Modell"":""Screen Prince"",""Produktart"":""Pfeife"",""Zustand"":""Neu""}",15.99 EUR,XGA0304A,1
Höfner Carmencita HC504 - 7/8 Konzertgitarre,Höfner,Musikinstrumente > Gitarren & Bässe > Zubehör > Teile > Pickups,SKU-1964286581,4250358601817,"Hofner Carmencita HC504-7/8 Konzertgitarre | 7/8 Größe, ideal für Schüler und Jugendliche | Massive Zederndecke für warmen Klang | Mahagoni Boden, Zargen und Hals | Palisandergriffbrett | Mensur: 63 cm, Sattelbreite: 50 mm","Dieses originale Hofner HC504-7/8 Zubehör wurde speziell entwickelt, um die Langlebigkeit und Performance Ihrer Gitarren und Bässe maßgeblich zu verbessern. Es gewährleistet eine perfekte Passform sowie optimale Funktion, wodurch der authentische Klang und die Spielbarkeit Ihres Instruments langfristig erhalten bleiben.Die hochwertige Verarbeitung jedes Details unterstreicht die bewährte Hofner Markenqualität und erfüllt die hohen Ansprüche professioneller Musiker an Zuverlässigkeit und Präzision. Gefertigt aus robusten Materialien, ist dieses Zubehör für den dauerhaften Einsatz konzipiert und sichert eine optimale Wartung und Reparatur.Der Lieferumfang beinhaltet das spezifische Hofner HC504-7/8 Zubehör, das sofort einsatzbereit ist und eine nahtlose Integration in Ihr Instrument ermöglicht. Bei Fragen zur Kompatibilität, Installation oder weiteren Anliegen steht Ihnen unser engagierter Kundenservice jederzeit gerne zur Verfügung.","{""Anzahl der Einheiten"":""1"",""Anzahl der Saiten"":""6"",""Boden & Zargen Holz"":""Mahagoni"",""Deckenholz"":""Zeder massiv"",""EAN"":""4250358601817"",""Einheitentyp"":""Stück"",""Geeignet für"":""Anfänger, Fortgeschrittene"",""GPSR Manufacturer address"":""Hofner GmbH, Schönbacher Str. 50, 91088 Bubenreuth, Germany"",""GPSR Manufacturer email"":""info@hofner.com"",""GPSR Manufacturer name"":""Hofner"",""Griffbrett Holz"":""Palisander"",""Größe"":""7/8"",""Hals Holz"":""Mahagoni"",""Herstellernummer"":""HC504-7/8"",""Kategorie"":""Musikinstrumente > Gitarren & Bässe > Zubehör > Teile > Pickups"",""Kompatibilität"":""Gitarre, Bass"",""Marke"":""Höfner"",""Mensur"":""63 cm"",""Oberfläche"":""Hochglanz"",""Produktart"":""Konzertgitarre"",""Sattelbreite"":""50 mm"",""weight"":3,""Zustand"":""Neu""}",300 EUR,XGA0201A,1
adeo Verlag Kunstkarten-Set: Elegante Blumenmotive für herzliche Grüße,adeo Verlag,Sammeln & Seltenes > Ansichtskarten & Zubehör,SKU-1784585629,4250454729170,"Exklusive Kunstmotive von Andreas Felger für einzigartige Grußbotschaften. | Zehn hochwertige Doppelkarten mit fünf farbenprächtigen Blumenmotiven. | Inklusive zehn passender weißer Umschläge für sofortigen Versand. | Ideal für Geburtstage, Danksagungen und besondere Anlässe. | Edles Papier sorgt für luxuriöse Haptik und besondere Wertigkeit. | Jede Karte ist ein kleines Kunstwerk, das Freude bereitet. | Fängt die Schönheit der Natur auf elegante Weise ein.","Entdecken Sie das exklusive adeo Verlag Kunstkarten-Set, kunstvoll gestaltet von Andreas Felger, und verleihen Sie Ihren persönlichen Botschaften eine unvergleichliche Eleganz. Dieses Set ist perfekt geeignet für eine Vielzahl von Anlässen, sei es Geburtstage, Danksagungen oder als Ausdruck aufrichtiger Wertschätzung, und hinterlässt stets einen bleibenden, positiven Eindruck.Jede der zehn hochwertigen Doppelkarte präsentiert eines von fünf einzigartigen, farbenprächtigen Blumenmotiven, die als kleine Kunstwerke die Schönheit der Natur einfangen und den Empfänger begeistern werden. Die Karten sind aus edlem Papier gefertigt, was eine luxuriöse Haptik und eine besondere Wertigkeit garantiert.Der Lieferumfang umfasst zehn perfekt passende, weiße Umschläge, sodass Ihre herzlichen Grüße stilvoll abgerundet und die Karten sofort versandbereit sind. Eine besondere Pflege ist für diese langlebigen Kunstkarten nicht erforderlich; sie bewahren ihre Schönheit über lange Zeit, wenn sie trocken und vor direkter Sonneneinstrahlung geschützt gelagert werden.","{""Anzahl Karten"":""10"",""Anzahl Motive"":""5"",""Besonderheiten"":""Mit Umschlägen"",""Erscheinungsjahr"":""2013"",""Farbe"":""Mehrfarbig"",""GPSR Manufacturer name"":""adeo Verlag"",""Kartenart"":""Doppelkarten"",""Kategorie"":""Sammeln & Seltenes > Ansichtskarten & Zubehör"",""Künstler"":""Andreas Felger"",""Marke"":""adeo Verlag"",""Material"":""Papier"",""Produktart"":""Grußkarte"",""Set"":""Ja"",""Thema"":""Blumen"",""Umschläge Farbe"":""Weiß"",""Zustand"":""Neu""}",20 EUR,XGA0202D,1
"EURO DRIVELINE Antriebswelle W135 - Präzisionsgefertigt, extrem belastbar",EURO DRIVELINE,Auto & Motorrad: Teile > Auto-Tuning & -Styling > Sport-Getriebe > Antriebswellen,SKU-2902386366,4251175821556,Optimale Kraftübertragung für maximale Fahrzeug-Performance und erhöhte Fahrsicherheit. | Unübertroffene Zuverlässigkeit und außergewöhnlich lange Lebensdauer dank robuster Materialien. | Sofort einbaufertig: Schnelle und unkomplizierte Wiederherstellung der Fahrdynamik garantiert. | Gefertigt nach höchsten Industriestandards für dauerhaft erstklassige Qualität und Belastbarkeit. | Präzisionsbearbeitet für außergewöhnliche Langlebigkeit und perfekte Passgenauigkeit. | Robuste Konstruktion widersteht extremen Belastungen und sichert dauerhafte Funktion.,"Die EURO DRIVELINE Antriebswelle W135 gewährleistet eine optimale Kraftübertragung und maximale Performance für Ihr Fahrzeug. Ihre robuste Konstruktion aus präzisionsbearbeiteten Materialien sorgt für unübertroffene Zuverlässigkeit und erhöht signifikant die Fahrsicherheit.Gefertigt nach höchsten Industriestandards aus erstklassigen Materialien, garantiert dieses Ersatzteil eine außergewöhnlich lange Lebensdauer unter extremen Belastungen. Der Lieferumfang umfasst die sofort einbaufertige Antriebswelle, die eine schnelle Wiederherstellung der Fahrdynamik ermöglicht.Dieses fahrzeugspezifische Qualitätsprodukt wurde entwickelt, um Ihr Fahrzeug dauerhaft auf Top-Niveau zu halten und bietet bewährte Leistung. Profitieren Sie von einer schnellen Lieferung und unserem Kundenservice, der Ihnen bei Fragen zur Kompatibilität gerne weiterhilft.","{""EAN"":""4251175821556"",""Einbau"":""Sofort einbaufertig"",""Farbe"":""Schwarz/Silber"",""Fertigungsart"":""Präzisionsbearbeitet"",""GPSR Manufacturer address"":""EU-Hersteller, nicht näher spezifiziert"",""GPSR Manufacturer name"":""EURO DRIVELINE"",""Herstellernummer"":""W135"",""Kategorie"":""Auto & Motorrad: Teile > Auto-Tuning & -Styling > Sport-Getriebe > Antriebswellen"",""Kategorie (generisch)"":""Auto & Motorrad > KFZ-Ersatzteile > Antrieb, Motoren & Getriebe"",""Kompatibilität"":""Fahrzeugspezifisch"",""Lieferumfang"":""1x Antriebswelle"",""Marke"":""EURO DRIVELINE"",""Material"":""Metall, Gummi"",""Produktart"":""Antriebswelle"",""Produktgruppe"":""Antriebsteile & Getriebe"",""weight"":1,""Widerstandsfähigkeit"":""Extrem belastbar"",""Zustand"":""Neu""}",63.99 EUR,XGA0106D,1
SCHIESSER Musselin Bettwäsche-Set Unisex Braun 135x200/80x80 cm Baumwolle Neu,SCHIESSER,,SKU-8942698934,4251806427775,"Luxuriös weicher Musselin aus 100% Baumwolle für höchsten Schlafgenuss. | OEKO-TEX® MADE IN GREEN: Nachhaltig, schadstoffgeprüft, bügelfrei und pflegeleicht. | Temperaturausgleichend und hautsympathisch für ein perfektes Schlafklima. | Einzigartige gekreppte Musselin-Qualität für moderne Eleganz im Schlafzimmer. | Praktischer Reißverschluss ermöglicht müheloses Beziehen von Bett- und Kissenbezug. | Feuchtigkeitsregulierende Eigenschaften sorgen für ein stets angenehmes Schlafklima.","Dieses SCHIESSER Musselin Bettwäsche-Set (135x200/80x80 cm) aus 100% Baumwolle in Braun bietet luxuriösen Schlafkomfort. Es ist OEKO-TEX® MADE IN GREEN zertifiziert, bügelfrei, pflegeleicht, hautsympathisch und temperaturausgleichend. Die einzigartige gekreppte Musselin-Qualität verleiht Ihrem Schlafzimmer moderne Eleganz, während der praktische Reißverschluss ein müheloses Beziehen ermöglicht. Die feuchtigkeitsregulierenden Eigenschaften sorgen zudem für ein stets angenehmes Schlafklima.","{""Anzahl Teile"":""2"",""Eigenschaften"":""Hautsympathisch, Temperaturausgleichend, Feuchtigkeitsregulierend"",""Empfohlener Raum"":""Schlafzimmer"",""Farbe"":""Braun"",""Geschlecht"":""Unisex"",""Größe Bettbezug"":""135 x 200 cm"",""Größe Kissenbezug"":""80 x 80 cm"",""Lieferumfang"":""Bettbezug, Kissenbezug"",""Marke"":""SCHIESSER"",""Material"":""100% Baumwolle"",""Muster"":""Uni"",""Pflege"":""Pflegeleicht, Bügelfrei"",""Produktart"":""Bettwäsche-Set"",""Saison"":""Ganzjährig"",""Stilrichtung"":""Modern"",""Stoffqualität"":""Musselin"",""Verschluss"":""Reißverschluss"",""weight"":1,""Zertifikat"":""OEKO-TEX MADE IN GREEN"",""Zielgruppe"":""Erwachsene"",""Zustand"":""Neu""}",61.27 EUR,XGA0103B,1
Best Netzwerkdose LAND001 RJ45 2-fach für Cat5e/Cat6 Aufputz/Unterputz Neu,Best,,SKU-9713309170,4260443571086,Stabile und schnelle Netzwerkverbindung für Ihr Zuhause oder Büro. | Extrem robuste Bauweise garantiert langlebigen und störungsfreien Einsatz. | Flexible Installation: mühelos als Aufputz- oder Unterputzdose montierbar. | Zwei RJ45-Anschlüsse bieten maximale Konnektivität für Ihre Geräte. | Kompatibel mit Cat5e und Cat6 Netzwerkkabeln für vielseitige Nutzung. | Dezentes weißes Design integriert sich nahtlos in jede Raumumgebung. | CE-gekennzeichnet für geprüfte Sicherheit und zuverlässigen Betrieb.,Diese Best LAND001 Netzwerkdose mit zwei RJ45-Anschlüssen ermöglicht stabile und schnelle Netzwerkverbindungen für Cat5e/Cat6 Kabel. Sie ist vielseitig als Aufputz- oder Unterputzdose installierbar und integriert sich dezent in jede Umgebung.,"{""Anschluss"":""RJ45"",""Anschlusstyp"":""RJ45"",""Anzahl Anschlüsse"":""2"",""CE-Kennzeichnung"":""Ja"",""Farbe"":""Weiß"",""Hersteller"":""B.E.S.T-Elektronik GmbH"",""Herstellernummer"":""LAND001"",""Herstellernummer (MPN)"":""LAND001"",""Kompatibilität"":""Cat5e / Cat6"",""Marke"":""Best"",""Modell"":""LAND001"",""Montageart"":""Aufputz / Unterputz"",""Netzwerkstandard"":""CAT5e"",""Produktart"":""Netzwerkdose"",""weight"":1,""Zustand"":""Neu""}",8.19 EUR,XGA0105A,2
BLAUPUNKT Autoradio VALENCIA 200 DAB+ BT BP2208M0007720 4x40W 1-DIN Schwarz,BLAUPUNKT,"Auto & Motorrad: Teile > Autoelektronik, GPS & Sicherheitstechnik > Autoentertainment > Autoradios",SKU-3933851468,4260499852344,"Rauschfreier, kristallklarer Digitalradio-Empfang für reinen Musikgenuss. | Sicheres Freisprechen und kabelloses Musikstreaming via Bluetooth. | Kraftvolle 4x40 Watt Ausgangsleistung mit X-Bass für dynamischen Sound. | Flexible Medienwiedergabe über USB und Aux-In für diverse Quellen. | Standardisierte 1-DIN Einbaugröße für einfache Integration im Fahrzeug. | Intuitive Bedienung mit klarer, roter Tastenbeleuchtung für Sicherheit. | Integrierter Equalizer ermöglicht umfassende Soundanpassung für optimalen Klang.","Das BLAUPUNKT VALENCIA 200 DAB+ BT Autoradio liefert kristallklaren Digitalradio-Empfang und ermöglicht sicheres Freisprechen für ungestörte Fahrten. Genießen Sie zudem kabelloses Musikstreaming und eine kraftvolle Soundwiedergabe, die jede Fahrt zum Klangerlebnis macht.Mit seiner 4x40 Watt Endstufe und anpassbaren Sound-Optionen wie X-Bass bietet dieses 1-DIN-Gerät dynamischen Klang für Ihr Fahrzeug. Das moderne Design mit roter Tastenbeleuchtung ist aus langlebigen Materialien gefertigt und fügt sich perfekt in jedes Cockpit ein.Der Lieferumfang umfasst das Autoradio, sämtliches Montagematerial und alle benötigten Anschlusskabel für eine schnelle Installation. Detaillierte Informationen zu Garantie und Serviceleistungen finden Sie in der beiliegenden Bedienungsanleitung.","{""Anschlüsse"":""USB, AUX, Vorverstärkerausgang"",""Beleuchtungsfarbe"":""Rot"",""Bluetooth-Funktion"":""Ja"",""EAN"":""4260499852344"",""Einbaugröße"":""1 DIN"",""Equalizer"":""Ja"",""Farbe"":""Schwarz"",""GPSR Manufacturer name"":""BLAUPUNKT"",""Herstellernummer"":""BP2208M0007720"",""Kategorie"":""Auto & Motorrad: Teile > Autoelektronik, GPS & Sicherheitstechnik > Autoentertainment > Autoradios"",""Leistung"":""4x40 W"",""Marke"":""BLAUPUNKT"",""Modell"":""VALENCIA 200 DAB+ BT"",""MP3-Wiedergabe"":""Ja"",""Produktart"":""Autoradio"",""Sound Presets"":""Ja"",""Tastenbeleuchtung Farbe"":""Rot"",""Tuner"":""DAB+, RDS"",""weight"":1,""X-Bass"":""Ja"",""Zustand"":""Neu""}",105 EUR,,0
"DONBOLSO Slim Wallet Rome, Echtleder, mit Münzfach, Vintage Braun",DONBOLSO,Kleidung & Accessoires > Spezielle Anlässe > Vintage-Mode > Vintage-Accessoires > Geldbörsen & Etuis,SKU-7139254013,4260526472194,"Hochwertiges Rindsleder in Vintage Braun für luxuriöse Haptik. | Integriertes Münzfach für maximale Funktionalität ohne aufzutragen. | Kompaktes Slim-Design, ideal für jede Tasche und jeden Anlass. | Entwickelt eine einzigartige Patina, die den individuellen Charakter betont. | Sichere Aufbewahrung für Karten, Scheine und Münzen garantiert. | Handgefertigt in Europa mit Fokus auf Langlebigkeit und Qualität.","Das DONBOLSO Slim Wallet Rome für Herren vereint schlankes Design mit maximaler Funktionalität, gefertigt aus 100% edlem Rindsleder. Dieses hochwertige Accessoire in zeitlosem Vintage Braun bietet eine unvergleichliche Haptik und ist die ideale Wahl für den stilbewussten Mann.Dieses handgefertigte Meisterwerk überzeugt durch außergewöhnliche Langlebigkeit und entwickelt mit der Zeit eine einzigartige Patina, die seinen individuellen Charakter unterstreicht. Eine einfache Pflege mit einem feuchten Tuch genügt, um die natürliche Schönheit des Leders dauerhaft zu bewahren und seine Wertigkeit zu erhalten.Das Slim Wallet bietet ausreichend Platz für Karten, Scheine und ein integriertes Münzfach, ohne dabei aufzutragen, und wird sorgfältig verpackt geliefert. Unser engagierter Kundenservice steht Ihnen jederzeit gerne zur Verfügung, um ein optimales Einkaufserlebnis und Ihre volle Zufriedenheit zu gewährleisten.","{""Abteilung"":""Herren"",""Ausstattung"":""Münzfach"",""Besonderheiten"":""Münzfach"",""EAN"":""4260526472194"",""Farbe"":""Vintage Braun"",""Geschlecht"":""Herren"",""GPSR Manufacturer address"":""Ritterstr 16-18, 10969 Berlin, Germany"",""GPSR Manufacturer email"":""support@donbolso.zendesk.com"",""GPSR Manufacturer name"":""Razor Group Acquisition XIII GMBH"",""Handgefertigt"":""Ja"",""Herstellungsland"":""Türkei"",""Kategorie"":""Kleidung & Accessoires > Spezielle Anlässe > Vintage-Mode > Vintage-Accessoires > Geldbörsen & Etuis"",""Marke"":""DONBOLSO"",""Material"":""100% reines Rindsleder"",""Modell"":""Rome"",""Produktart"":""Slim Wallet"",""Stil"":""Geldbörse"",""Vintage"":""Nein"",""weight"":1,""Zielgruppe"":""Herren""}",26.99 EUR,XGA0102D,1
"BBQ-Toro Gusseisen Grillpfanne 3,5L für Herd Backofen Grill 42,5x27cm NEU",BBQ-Toro,,SKU-7226847075,4260532290669,"Robuste Gusseisen-Konstruktion für optimale Hitzeverteilung und Wärmespeicherung. | Vielseitig einsetzbar auf Grill, Herd und im Backofen. | Großzügiges 3,5 Liter Fassungsvermögen für Familienportionen. | Ideal für die Zubereitung von Steaks, Gemüse und vielen Gerichten. | Maße von 42,5 x 27 cm bieten ausreichend Bratfläche. | Einfache Pflege fördert natürliche Patina und Antihaft-Eigenschaften.","Die vielseitige BBQ-Toro Gusseisen Grillpfanne mit 3,5 Liter Fassungsvermögen ist ideal für Herd, Backofen und Grill. Ihre robuste Gusseisen-Konstruktion sichert optimale Hitzeverteilung und Wärmespeicherung. Mit Maßen von 42,5 x 27 cm bietet sie ausreichend Fläche für Steaks und Gemüse.","{""Breite"":""27 cm"",""Fassungsvermögen"":""3,5 Liter"",""Form"":""Rechteckig"",""Höhe"":""12,5 cm"",""Länge"":""42,5 cm"",""Marke"":""BBQ-Toro"",""Material"":""Gusseisen"",""Produktart"":""Grillpfanne"",""weight"":1,""Zustand"":""Neu""}",32.95 EUR,,0
AZANO DESIGNS Katzentreppe 3er Set für sicheren Wandaufstieg,AZANO DESIGNS,Haustierbedarf > Katzen > Kratzbäume & Möbel,SKU-2431535372,4262405220148,"Sicherer Aufstieg zu erhöhten Lieblingsplätzen für Ihre Katze. | Robustes Naturholz mit integrierter, langlebiger Kratzfläche. | Flexibles 3er Set für individuelle Kletterparcours-Gestaltung. | Schnelle, unkomplizierte Wandmontage für sofortigen Kletterspaß. | Fördert die natürliche Aktivität und Unabhängigkeit Ihrer Katze. | Elegantes Design fügt sich harmonisch in jedes Zuhause ein. | Pflegeleichte Oberflächen für einfache Reinigung und Hygiene.","Die AZANO DESIGNS Katzentreppe bietet Ihrer Katze sicheren Zugang zu erhöhten Lieblingsplätzen und fördert spielerisch ihre natürliche Aktivität. Dieses flexible 3er Set ermöglicht Ihrer Katze mehr Unabhängigkeit und bereichert ihren Alltag mit neuen Klettermöglichkeiten.Jede der drei robusten Treppenstufen ist aus hochwertigem Naturholz gefertigt und mit einer strapazierfähigen Kratzfläche versehen. Dies gewährleistet außergewöhnliche Stabilität und Langlebigkeit, während das elegante Design sich harmonisch in jede Wohnumgebung einfügt.Der Lieferumfang umfasst drei Katzentreppen-Module, passende Basen und das komplette Montagematerial für eine unkomplizierte Wandbefestigung. Die pflegeleichten Oberflächen garantieren eine mühelose Reinigung und somit dauerhafte Hygiene für eine lange Produktlebensdauer.","{""Anzahl der Einheiten"":""3"",""Besonderheiten"":""Inklusive Montagematerial, Kratzfläche"",""Bohrdurchmesser"":""8mm"",""GPSR Manufacturer name"":""AZANO DESIGNS"",""Kategorie"":""Haustierbedarf > Katzen > Kratzbäume & Möbel"",""Material"":""Holz"",""Montageart"":""Wandmontage"",""Produktart"":""Katzentreppe"",""weight"":1,""Zielgruppe"":""Katzen"",""Zustand"":""Neu""}",39 EUR,XGA0301D,1
purahelp Warnwesten Set 4x XL Erwachsene + 1x Kind EN ISO 20471 Gelb PH-WW-SET+1,purahelp,,SKU-0135090467,4262427090057,"Umfassendes 5er-Set: 4 XL Warnwesten für Erwachsene und 1 Kinderweste. | Zertifizierte Sicherheit nach EN ISO 20471 und EN 17353:2020 Normen. | Kompakt verstaubar, blitzschnell griffbereit für Notfallsituationen. | Ideal für Pannen, Unfälle oder Arbeiten am Straßenrand geeignet. | Neuware: Unbenutzt und originalverpackt für höchste Qualität.","Das purahelp Warnwesten Set bietet höchste Sicherheit für die ganze Familie im Straßenverkehr. Es umfasst vier EN ISO 20471 zertifizierte XL Warnwesten für Erwachsene und eine EN 17353:2020 zertifizierte Kinderwarnweste, alle in leuchtendem Gelb. Die Westen sind neu, unbenutzt und kompakt verpackt, ideal für Notfälle und Pannenhilfe.","{""Anzahl Westen"":""5"",""Anzahl Westen Erwachsene"":""4"",""Anzahl Westen Kinder"":""1"",""Einsatzbereich"":""Straßenverkehr, Pannenhilfe"",""Farbe"":""Gelb"",""Geschlecht"":""Unisex"",""Größe Erwachsene"":""XL"",""Größe Westen Erwachsene"":""XL"",""Herstellernummer"":""PH-WW-SET+1"",""Lieferumfang"":""4x Warnweste XL, 1x Kinderwarnweste"",""Marke"":""purahelp"",""Norm Erwachsene"":""EN ISO 20471"",""Norm Kinder"":""EN 17353:2020"",""Produktart"":""Warnwesten Set"",""weight"":1,""Zielgruppe"":""Kinder & Erwachsene"",""Zusätzliche Zertifizierung"":""CE 0598"",""Zustand"":""Neu""}",12.72 EUR,XGA0201C,2
Grana Home Bratpfanne Classic Line 24 cm Antihaft Edelstahl Schwarz Neu,Grana Home,,SKU-7909541265,4262472110243,"Langlebige, doppelte Whitford Xylan Antihaftbeschichtung. | Ideal für fettarmes und gesundes Braten. | Hitzebeständig bis 180°C & backofengeeignet. | Ergonomischer Edelstahl-Griff für sichere Handhabung. | Für alle Herdarten, inklusive Induktion, Gas, Elektro, Ceran. | Leichte Reinigung und spülmaschinengeeignet. | Robuste Konstruktion aus Edelstahl und Aluminium. | Klassisches Design der Grana Home Classic Line.","Die Grana Home Classic Line Bratpfanne mit 24 cm Durchmesser und langlebiger Whitford Xylan Antihaftbeschichtung ermöglicht fettarmes Braten. Sie ist bis 180°C hitzebeständig, backofengeeignet, spülmaschinengeeignet und kompatibel mit allen Herdarten, inklusive Induktion.","{""Backofengeeignet"":""Ja"",""Beschichtungsmaterial"":""Whitford Xylan Antihaftbeschichtung"",""Durchmesser"":""24 cm"",""Farbe"":""Schwarz"",""Form"":""Rund"",""Geeignet für Herdarten"":""Induktion, Gas, Elektro, Ceran"",""Griffmaterial"":""Edelstahl"",""Grundmaterial"":""Edelstahl, Aluminium"",""Hitzebeständigkeit"":""Bis 180°C"",""Höhe"":""5.5 cm"",""Lieferumfang"":""1x Bratpfanne"",""Produktart"":""Bratpfanne"",""Serie"":""Classic Line"",""Spülmaschinengeeignet"":""Ja"",""weight"":1,""Zustand"":""Neu""}",24.09 EUR,XGA0104B,6
Spivo Topspin Trainer Tennis Trainingshilfe mit akustischem Feedback Schwarz,Spivo,Sport > Weitere Ballsportarten > Basketball > Trainingshilfen,SKU-9268872444,4270001051905,"Sofortiges akustisches Feedback für präzise Topspin-Meisterschaft. | Deutliche Verbesserung der Ballkontrolle und Schlaggenauigkeit auf dem Platz. | Patentierte Premium-Qualität, entwickelt und gefertigt in Deutschland. | Offiziell empfohlen von der Deutschen Tennis Federation für maximale Wirkung. | Einfache Anbringung für sofortige Technikoptimierung direkt auf dem Platz. | Langlebige Materialien gewährleisten eine langfristige und zuverlässige Nutzung. | Geeignet für alle ambitionierten Tennisspieler zur Leistungssteigerung.","Der Spivo Topspin Trainer revolutioniert Ihr Tennisspiel, indem er sofortiges Technikfeedback liefert und Ihnen hilft, präzisen Topspin mühelos zu meistern. Dieses innovative Trainingsgerät verbessert Ihre Ballkontrolle signifikant und macht jeden Schlag effektiver, für ein spürbar höheres Spielniveau.Der in Deutschland entwickelte Trainer nutzt fortschrittliches akustisches Feedback zur direkten Optimierung Ihrer Technik auf dem Platz und ist aus hochwertigen, langlebigen Materialien gefertigt. Erleben Sie unübertroffene Präzision und Kontrolle, die Ihre Spielfreude und Fähigkeiten nachhaltig auf ein neues Niveau heben wird.Im Lieferumfang ist der Spivo Topspin Trainer enthalten, der sofort einsatzbereit ist, um Ihr Training effektiv zu unterstützen. Vertrauen Sie auf die offizielle Empfehlung der Deutschen Tennis Federation und profitieren Sie von unserem exzellenten Kundenservice für ein nachhaltig verbessertes Spielerlebnis.","{""Artikelnummer"":""4270001051905"",""Besonderheiten"":""Akustisches Feedback, Patentiert"",""Farbe"":""Schwarz"",""Geschlecht"":""Unisex"",""GPSR Herstellername"":""Spivo"",""GPSR Manufacturer name"":""Spivo"",""Hersteller"":""Spivo GmbH"",""Herstellungsland"":""Deutschland"",""Herstellungsland und -region"":""Deutschland"",""Kategorie"":""Sport > Weitere Ballsportarten > Basketball > Trainingshilfen"",""Marke"":""Spivo"",""Modell"":""Topspin Trainer"",""Produktart"":""Topspin Trainer"",""Sportart"":""Tennis"",""weight"":1,""Zielgruppe"":""Erwachsene"",""Zustand"":""Neu""}",179.99 EUR,XGA0304B,1
Calvin Klein Herren Trunks 3er Pack Baumwoll-Stretch Classic Fit Low Rise Gr. L,Calvin Klein,Kleidung & Accessoires > Herrenmode > Unterwäsche > Boxershorts & Trunks,SKU-6587967689,8721107596471,Optimaler Tragekomfort durch Baumwoll-Stretch-Material | Klassischer Schnitt für eine perfekte Passform | Praktisches Dreierpack für vielseitige Garderobenoptionen | Hervorragende Formbeständigkeit und lange Haltbarkeit des Materials | Atmungsaktives Material für den ganzen Tag | Ikonisches Calvin Klein Logo am Bund | Niedriger Bund für modernen Look und Komfort,,"{""Anlass"":""Freizeit"",""Anzahl pro Packung"":""3"",""Besondere Eigenschaften"":""Stretch, Atmungsaktiv, Komfort"",""Bundhöhe"":""Low Rise"",""Größe"":""L"",""Hersteller-Artikelnummer"":""000026640"",""Jahreszeit"":""Alle Jahreszeiten"",""Marke"":""Calvin Klein"",""Material"":""Baumwoll-Stretch"",""Muster"":""Einfarbig"",""Passform"":""Classic Fit"",""Produktart"":""Trunks"",""Produktlinie"":""Cotton Stretch"",""Taillenumfang"":""91-97 cm"",""Taillenumfang (Zoll)"":""36-38"",""Thema"":""Basic"",""Verschlussart"":""Ohne Verschluss"",""weight"":1,""Zielgruppe"":""Herren"",""Zustand"":""Gebraucht""}",33.68 EUR,XGA0105B,1
ATE Bremsbeläge 13.0460-7195.2 ECE R90 mit Prüfzeichen E90R-02A1163/0750 602880,ATE,Sport > Radsport > Fahrradteile & -komponenten > Bremsbeläge,SKU-5619085780,4806633149839,"ATE Original Qualität für maximale Fahrsicherheit und zuverlässige Bremsleistung. | ECE R90 geprüft, garantiert überragende Bremsleistung unter allen Fahrbedingungen. | Präzise Passform ermöglicht schnelle und unkomplizierte Montage an der Fahrzeugachse. | Kompletter Bremsbelagsatz für eine Achse, bestehend aus vier Belägen. | Hergestellt aus hochwertigen Reibmaterialien für eine lange Lebensdauer. | Prüfzeichen E90R-02A1163/0750 bestätigt höchste Qualitäts- und Sicherheitsstandards. | Herstellernummer 13.0460-7195.2 für exakte Fahrzeugkompatibilität und Passgenauigkeit.","Steigern Sie die Sicherheit und Performance Ihres Fahrzeugs mit ATE Original Bremsbelägen. Die innovative ""Brakethrough Technology"" garantiert maximale Bremsleistung und Zuverlässigkeit unter allen Fahrbedingungen. Diese ECE R90 geprüften Bremsbeläge, präzisionsgefertigt in der Tschechischen Republik, ermöglichen eine einfache und passgenaue Montage. Der Lieferumfang umfasst einen vollständigen Bremsbelagsatz, der für eine sofortige Funktionsfähigkeit sorgt. Als Teil der Continental-Gruppe steht ATE für bewährte Expertise und erfüllt höchste Industriestandards, die von Millionen Fahrern weltweit geschätzt werden. Vertrauen Sie auf erstklassige Qualität und sichern Sie langfristig den Wert und die Fahrsicherheit Ihres Fahrzeugs.","{""Angebotspaket"":null,""Anzahl pro Packung"":""4"",""ATE Artikelnummer"":""602880"",""Beschreibung des Angebotpakets"":null,""EAN"":""4806633149839"",""Farbe"":""Schwarz/Grau"",""Für Bremssystem"":null,""Für Fahrradtyp"":null,""Für Felgentyp"":null,""GPSR Manufacturer name"":""ATE"",""Herstellerland"":""Tschechische Republik"",""Herstellerland - und Region"":""Tschechische Republik"",""Herstellernummer"":""13.0460-7195.2"",""Kategorie"":""Sport > Radsport > Fahrradteile & -komponenten > Bremsbeläge"",""Länge"":null,""Marke"":""ATE"",""Material"":""Hochwertige Reibmaterialien"",""Modell"":null,""Modifikationsbeschreibung"":null,""Modifizierter Artikel"":""Nein"",""Produktart"":""Bremsbeläge"",""Prüfzeichen"":""E90R-02A1163/0750"",""Stückzahl"":""1 Satz"",""weight"":1,""Zulassung"":""ECE R90""}",26.04 EUR,XGA0106B,1
FEDOUR Heizstab HP-608 50W mit Temperaturregler für Süß- & Meerwasser 20-34°C,FEDOUR,Tierbedarf > Aquaristik > Aquarienheizungen,SKU-3756924465,13118828919,"Präzise Temperaturkontrolle zwischen 20-34°C für gesunde Aquarienbewohner. | Vielseitig einsetzbar in Süßwasser- und Meerwasseraquarien jeder Art. | Effiziente 50W Heizleistung für schnelle und stabile Aquarienwärme. | Robuste, wasserdichte Konstruktion aus korrosionsbeständigen Premium-Materialien. | Einfache Installation mit klar ablesbarer Celsius/Fahrenheit Temperaturanzeige. | Fördert ein stabiles Ökosystem und optimales Wohlbefinden der Fische.",Der FEDOUR HP-608 Heizstab bietet präzise Temperaturkontrolle von 20-34°C für Süß- und Meerwasseraquarien. Mit 50W Leistung sorgt er für schnelle und stabile Wärme und lässt sich einfach installieren.,"{""Besonderheiten"":""Temperaturregler"",""ean"":""5907708618689"",""Farbe"":""Blau"",""Geeignet für"":""Süßwasser und Meerwasser"",""Leistung"":""50 W"",""Marke"":""FEDOUR"",""Modell"":""HP-608"",""Produktart"":""Heizstab"",""Temperaturbereich"":""20-34°C"",""weight"":1,""Zustand"":""Gebraucht""}",16.97 EUR,XGA0105B,1
YUASA Motorradbatterie YTZ10S AGM 12V 9.1Ah 190A CCA,YUASA,,SKU-2966583160,4906958001464,"Hochleistungs-AGM-Technologie für maximale Zuverlässigkeit und Leistung. | Absolut wartungsfrei durch versiegelte und auslaufsichere Bauweise. | Sofort einsatzbereit, da bereits säuregefüllt und vollständig geladen. | Optimale Startleistung auch bei extrem niedrigen Temperaturen (-18°C). | Ideal geeignet für Motorräder und Powersports-Fahrzeuge aller Art. | Extrem robuste Konstruktion gewährleistet eine lange Lebensdauer.",,"{""Anwendungsbereich"":""Motorrad, Powersports-Fahrzeuge"",""Batterietechnologie"":""AGM"",""Empfohlener Anwendungsbereich"":""Motorrad, Powersports-Fahrzeuge"",""Kaltstartstrom (CCA)"":""190 A"",""Kapazität"":""9.1 Ah"",""Lieferzustand"":""Säuregefüllt und geladen"",""Marke"":""YUASA"",""Messpunkt Kaltstartstrom"":""-18 °C"",""Modell"":""YTZ10S"",""Produktart"":""Motorradbatterie"",""Spannung"":""12 V"",""Wartungsfreiheit"":""Ja"",""weight"":1,""Zustand"":""Neu""}",72.9 EUR,XGA0106B,1
"KYB Staubschutz-Kit 910158 Gummi, für 2 Stoßdämpfer pro Achse Schwarz",KYB,Auto & Motorrad: Teile > Autoteile & Zubehör > Federung & Lenkung,SKU-2019632072,4909500898543,"Effektiver Schutz vor Schmutz, Staub und Feuchtigkeit für Stoßdämpfer. | Verlängert die Lebensdauer der Federungskomponenten erheblich und nachhaltig. | Hergestellt aus robustem Premium-Gummi für maximale Zuverlässigkeit und Haltbarkeit. | Ermöglicht schnelle, unkomplizierte Montage ohne Spezialwerkzeuge. | Kit enthält zwei Staubschutzmanschetten für eine komplette Achse. | Trägt zur Verbesserung der Fahrsicherheit und Kostenminimierung bei.",,"{""Anwendungsbereich"":""Fahrzeug"",""Anzahl pro Achse"":""2"",""EAN"":""4909500898543"",""Farbe"":""Schwarz"",""GPSR Manufacturer name"":""KYB"",""Hauptkategorie"":""Auto & Motorrad > KFZ-Ersatzteile > KFZ-Federungen & Dämpfungen > Federbeine & Stoßdämpfer"",""Hersteller"":""KYB"",""Herstellernummer"":""910158"",""Herstellungsland"":""Indien"",""Kategorie"":""Auto & Motorrad: Teile > Autoteile & Zubehör > Federung & Lenkung"",""Lieferumfang"":""2x Staubschutzmanschette"",""Marke"":""KYB"",""Material"":""Gummi"",""Produktart"":""Staubschutz-Kit"",""Produktgruppe"":""Federung & Lenkung"",""weight"":1,""Zustand"":""Neu""}",21.49 EUR,XGA0106B,1
"Canon Tonerkartusche 716 Schwarz, MPN 1980B002, Laser-Drucktechnologie",Canon,"Computer, Tablets & Netzwerk > Drucker, Scanner & Zubehör",SKU-4090290612,4960999610955,"Original Canon Qualität für gestochen scharfe und klare Ausdrucke. | Nahtlose Kompatibilität mit Canon i-SENSYS Laserdruckern. | Schützt das Gerät und verlängert dessen Lebensdauer effektiv. | Einfacher, schneller Austausch für maximale Büroproduktivität. | Modell 716 Schwarz, speziell für Laser-Drucktechnologie. | Herstellernummer 1980B002 für präzise Produktidentifikation. | Kompatibel mit i-SENSYS LBP5050, MF8030C, MF8040C, MF8050C, MF8080C.","Die Canon Original Tonerkartusche 716 Schwarz liefert gestochen scharfe Texte und brillante Grafiken für professionelle Druckergebnisse. Sie gewährleistet eine herausragende Druckqualität und konsistente Leistung bei jedem Ausdruck, ideal für den täglichen Gebrauch.Als Originalprodukt garantiert diese hochwertige Tonerkartusche nahtlose Kompatibilität mit Ihrem Canon i-SENSYS Laserdrucker und schützt Ihr Gerät zuverlässig vor Schäden. Im Lieferumfang ist eine einzelne, langlebige Tonerkartusche enthalten, die speziell für optimale Leistung und eine lange Lebensdauer Ihres Druckers entwickelt wurde.Der Austausch der Kartusche ist blitzschnell und unkompliziert, sodass Sie ohne Verzögerung produktiv bleiben und Ihre Projekte effizient vorantreiben können. Bitte prüfen Sie vor dem Kauf die Kompatibilitätsliste, um die perfekte Passform für Ihr spezifisches Canon i-SENSYS Laserdruckermodell sicherzustellen und optimale Ergebnisse zu erzielen.","{""Angebotspaket"":""Nein"",""Anzahl der Einheiten"":""1"",""Anzahl der Packungen"":""1"",""Druckermarke"":""Canon"",""Drucktechnologie"":""Laser"",""EAN"":""4960999610955"",""Farbe"":""Schwarz"",""GPSR Manufacturer name"":""Canon"",""Herstellernummer"":""1980B002"",""Herstellernummer (MPN)"":""1980B002"",""Inhalt"":""1 Tonerkartusche"",""Kategorie"":""Computer, Tablets & Netzwerk > Drucker, Scanner & Zubehör"",""Kompatible Modelle"":""Canon i-SENSYS LBP5050, MF8030C, MF8040C, MF8050C, MF8080C"",""Marke"":""Canon"",""Maßeinheit"":""Einheit"",""Modell"":""716"",""Produktart"":""Tonerkartusche"",""weight"":1}",56.95 EUR,XGA0101B,1
LIQUI MOLY Hypoid Getriebeöl GL4/5 SAE 75W-90 1L für Schalt- & Achsgetriebe,LIQUI MOLY,"Auto & Motorrad: Teile > Öl, Pflege- & Schmiermittel > Getriebeöl",SKU-1306047599,4069702001179,Vollsynthetische Formulierung für höchste Leistung. | GL4/5 Spezifikation für Schalt- und Achsgetriebe. | SAE 75W-90 für optimale Schmierung und Temperaturstabilität. | Verlängert Getriebelebensdauer durch Verschleißschutz. | Zuverlässige Funktion bei extremen Temperaturen. | Erfüllt Freigaben wie MB 235.8 und MIL-PRF 2105 E.,Das LIQUI MOLY Hypoid Getriebeöl GL4/5 SAE 75W-90 (1 Liter) ist vollsynthetisch formuliert für maximalen Verschleißschutz und Schmierstabilität. Es ist universell für Schalt- und Achsgetriebe geeignet und gewährleistet zuverlässige Funktion auch unter extremen Temperaturbedingungen. Das Öl erfüllt wichtige Herstellerfreigaben wie MB 235.8 und MIL-PRF 2105 E.,"{""Anwendungsbereich"":""Schalt- und Achsgetriebe"",""API Spezifikation"":""GL4/5"",""EAN"":""4069702001179"",""Füllmenge"":""1 Liter"",""Gebindeart"":""Flasche"",""Herstellerfreigaben"":""MB 235.8, MIL-PRF 2105 E, SAE J2360, Volvo 97312"",""Herstellernummer"":""1024"",""Herstellungsland"":""Deutschland"",""Inhalt"":""1 L"",""Marke"":""LIQUI MOLY"",""Öl-Typ"":""Vollsynthetisch"",""Produktart"":""Getriebeöl"",""Spezifikation"":""GL4/5"",""Viskosität"":""SAE 75W-90"",""weight"":1,""Zustand"":""neu""}",29.99 EUR,XGA0106C,1
Hasbro Marvel X-Men Wolverine Actionfigur Marvel Legends Marvel's Nemesis BAF,Hasbro,,SKU-4519918204,5010996282880,Authentische Wolverine Actionfigur der Marvel Legends Series. | Inklusive Build-A-Figure Teil für Marvel's Nemesis. | Hochdetailliertes Design und Premium-Artikulation. | Mehrere austauschbare Hände für individuelle Darstellung. | Must-have für Sammler und Marvel X-Men Fans. | Robuste Kunststoff-Verarbeitung garantiert Langlebigkeit und Detailtreue.,,"{""Altersempfehlung"":""Ab 8 Jahren"",""Besonderheit"":""Build-A-Figure Teil für Marvel's Nemesis enthalten"",""Charakter"":""Wolverine"",""Franchise"":""Marvel"",""Marke"":""Hasbro"",""Material"":""Kunststoff"",""Produktart"":""Actionfigur"",""Serie"":""Marvel Legends Series"",""Thema"":""X-Men"",""weight"":1,""Zustand"":""Neu""}",29.99 EUR,XGA0105A,1
Shell Helix Ultra ECT C3 5W-30 Motoröl 1L für Diesel & Otto Motoren NEU,Shell,"Auto & Motorrad: Teile > Öl, Pflege- & Schmiermittel > Motoröl",SKU-9425624573,5011987005952,"Fortschrittliches Motorenöl auf Synthesetechnologie-Basis für optimalen Schutz | Speziell entwickelt und optimiert für moderne Diesel- und Ottomotoren | Fördert signifikant die Kraftstoffeffizienz und Emissionskompatibilität des Motors | Gewährleistet lang anhaltende Motorenhöchstleistung und schützt Abgasnachbehandlungssysteme | Erfüllt wichtige Herstellerfreigaben: MB 229.51, BMW Longlife-04, ACEA C3 | Hergestellt in Deutschland unter Einhaltung höchster Qualitätsstandards",Shell Helix Ultra ECT C3 5W-30 Motoröl bietet optimalen Schutz für moderne Diesel- und Ottomotoren. Es verbessert Kraftstoffeffizienz und schützt Abgasnachbehandlungssysteme.,"{""Einsatzbereich"":""Diesel- und Ottomotoren"",""Freigaben"":""MB 229.51, MB 229.31, BMW Longlife-04, API SN, ACEA C3"",""Gebindeart"":""Flasche"",""Hersteller"":""Shell Deutschland GmbH"",""Herstellernummer"":""600071884"",""Herstellungsland"":""Deutschland"",""Inhalt"":""1 Liter"",""Marke"":""Shell"",""Produktart"":""Motoröl"",""Viskosität"":""5W-30"",""weight"":1,""Zustand"":""NEU""}",12.1 EUR,XGA0106C,4
FOX Windschutz faltbar für Outdoor Kocher Camping schwarz NEU inkl. Tragetasche,FOX,"Auto & Motorrad: Teile > Quad-, SSV- & UTV-Teile & -Zubehör > Verkleidungen & Rahmen > Verkleidungen, Türen & Kotflügel > Windschutz- & Fensterscheiben",SKU-9039614531,5055350245538,"Erhöht die Kocheffizienz und spart Brennstoff. | Aus robustem Aluminium gefertigt für Langlebigkeit. | Kompakt faltbares Design mit Tragetasche. | Schützt zuverlässig vor Wind und sorgt für stabile Hitze. | Vielseitig einsetzbar für Camping, Angeln und Outdoor-Kocher.","Dieser faltbare FOX Windschutz aus robustem Aluminium schützt zuverlässig Ihre Kochflamme im Outdoor-Einsatz. Er ist leicht und wird inklusive einer praktischen Tragetasche geliefert, ideal für Camping, Angeln und andere Outdoor-Aktivitäten.","{""Anwendung"":""Camping, Outdoor-Kochen"",""Besonderheit"":""Faltbares Design"",""Eigenschaft"":""Faltbar, Leichtgewicht"",""Einsatzzweck"":""Camping, Outdoor, Angeln"",""Farbe"":""Schwarz"",""Herstellernummer"":""CDW004"",""Kompatibilität"":""Outdoor Kocher, Campingkocher"",""Lieferumfang"":""Inklusive Tragetasche"",""Marke"":""FOX"",""Material"":""Aluminium"",""Produktart"":""Windschutz"",""weight"":1,""Zustand"":""NEU""}",6.71 EUR,,0
FOX Edges Kwik Change Pop-Up Gewichte für Karpfenangeln VS-XL Blei NEU CAC518,FOX,,SKU-7417485934,5055350248140,"Schneller Wechsel für optimale Pop-Up Präsentation Ihrer Karpfenköder. | Sichere, schnurschonende Befestigung dank innovativem Kwik Change System. | Präzises Ausbalancieren in allen Tiefen für maximale Fangerfolge. | Hochwertiges Bleimaterial und FOX Edges Qualität für extreme Langlebigkeit. | Entwickelt für anspruchsvolle Karpfenangler, bietet maximale Flexibilität. | Verfügbar in verschiedenen Gewichtsklassen von VS bis XL.","Die FOX Edges Kwik Change Pop-Up Gewichte ermöglichen Karpfenanglern eine schnelle und präzise Anpassung der Köderpräsentation. Gefertigt aus hochwertigem Blei, bieten sie Langlebigkeit und sind in verschiedenen Gewichtsklassen erhältlich.","{""EAN"":""5055350248140"",""Farbe"":""Schwarz"",""Gewichtsgrößen"":""No. 4, No. 6, No. 8, No. 10, SWA"",""Gewichtsklassen"":""VS, S, M, L, XL"",""Herstellernummer"":""CAC518"",""Marke"":""FOX"",""Material"":""Blei"",""Merkmale"":""Kwik Change, Pop-Up"",""Modell"":""Kwik Change Pop-Up Weights"",""Produktart"":""Pop-Up Gewichte"",""Sportart"":""Angeln"",""weight"":1,""Zielgruppe"":""Angler"",""Zustand"":""NEU""}",22.89 EUR,,0
VaultX Exo-Tec Toploading Deck Box für 80+ Sammelkarten Schwarz gebraucht,VaultX,"Sammeln & Seltenes > Sammelkartenspiele/TCGs > TCG Zubehör > TCG Deck-Boxen, Blechdosen & Kartentrenner",SKU-8735317765,5060570201660,Sichere Aufbewahrung für über 80 Sammelkarten | Rutschfestes Exo-Tec® Material für optimalen Halt | Weiches Mikrofaser-Innenfutter schützt effektiv vor Kratzern | Vier starke Magnete gewährleisten zuverlässigen Verschluss | Säure- und PVC-frei für langfristigen Kartenerhalt | Kompakte Innenmaße von 67x73x96mm für Standardkarten | Ideal geeignet für Trading Card Games und Sammler,"Die VaultX Exo-Tec Deck Box in Schwarz bietet sichere Aufbewahrung für über 80 Sammelkarten. Gefertigt aus rutschfestem Exo-Tec-Material und mit weichem Mikrofaser-Innenfutter schützt sie effektiv vor Kratzern. Starke Magnete sichern den Verschluss, und das Design ist säure- sowie PVC-frei für langfristigen Kartenerhalt.","{""Besonderheit"":""Rutschfest"",""Designland"":""UK"",""Farbe"":""Schwarz"",""Innenmaße"":""67x73x96mm"",""Kapazität"":""80+ Karten"",""Marke"":""VaultX"",""Material Außen"":""Exo-Tec"",""Material Innen"":""Mikrofaser"",""Produktart"":""Deck Box"",""PVC-frei"":""Ja"",""Säurefrei"":""Ja"",""Thema"":""Sammelkarten"",""Verschlussart"":""Magnetisch"",""weight"":1,""Zustand"":""Gebraucht""}",16.99 EUR,XGA0105B,1
Idea Factory Little Witch Nobeta Nintendo Switch Action-RPG Day One Edition,Idea Factory,Sport > Tauchen > Instrumente & Uhren > Konsolen,SKU-1031821522,5060941713129,Fesselndes Action-RPG-Abenteuer exklusiv auf Nintendo Switch erleben. | Tiefgründige Dungeons erkunden und herausfordernde Bosskämpfe meistern. | Emotionale Hexen-Geschichte voller Geheimnisse und unerwarteter Wendungen. | Erhalten Sie exklusive Day One Edition Inhalte für ein erweitertes Spielerlebnis. | Umfassende Immersion durch vielfältige Sprachoptionen für Text und Audio. | Strategische Kämpfe und magische Zaubersprüche geschickt einsetzen.,"Tauchen Sie ein in die zauberhafte Welt von Little Witch Nobeta, einem fesselnden Action-RPG, das exklusiv für die Nintendo Switch erhältlich ist. Erleben Sie ein unvergessliches Abenteuer als kleine Hexe Nobeta, lüften Sie die Geheimnisse ihrer Existenz und genießen Sie dabei stundenlangen Spielspaß.Das Spiel bietet eine packende Mischung aus Erkundung, strategischem Kampf und einer emotionalen Geschichte, die Sie von Anfang bis Ende fesseln wird. Erkunden Sie tiefgründige Dungeons voller verborgener Schätze und stellen Sie sich herausfordernden Bossen mit mächtigen Zaubersprüchen, um Ihre Fähigkeiten unter Beweis zu stellen.Sichern Sie sich die exklusive Day One Edition, die Ihr Spielerlebnis mit einem Wendecover, Stickerbogen, sechs Postkarten, einem doppelseitigen A2-Poster und einer hochwertigen Sammelbox bereichert. Dieses Abenteuer ist für Spieler ab 12 Jahren geeignet und bietet volle Immersion durch mehrsprachige Text- und Audiooptionen für ein breites Publikum.","{""Altersfreigabe"":""USK ab 12 Jahren; PEGI 12"",""Artikelnummer (MPN)"":""HAC-P-A8SDC"",""Edition"":""Day One Edition"",""Genre"":""Action-RPG"",""GPSR Manufacturer name"":""Idea Factory"",""Kategorie"":""Sport > Tauchen > Instrumente & Uhren > Konsolen"",""Lieferumfang Edition"":""Wendecover, Stickerbogen, 6 Postkarten, A2 doppelseitiges Poster, Sammelbox"",""Plattform"":""Nintendo Switch"",""Publisher"":""Idea Factory"",""Regionalcode"":""PAL"",""Sprache"":""Deutsch; Englisch; Französisch; Italienisch; Spanisch"",""Zustand"":""Neu""}",31.84 EUR,XGA0202D,1
16er Pack Gastgeschenke Salbeigrün für Brautparty Hochzeit Deko Partyzubehör,Unbekannt,Möbel & Wohnen > Hochzeitsdekoration > Gastgeschenke,SKU-1489693054,,"Setinhalt: 16 Gastgeschenke in stilvollem Salbeigrün. | Anlass: Ideal für Hochzeiten, Brautpartys und Junggesellinnenabschiede. | Verwendung: Perfekt als kleines Dankeschön oder dekoratives Element.","Dieses 16er Pack salbeigrüner Gastgeschenke ist ideal für Hochzeiten, Brautpartys und andere festliche Anlässe. Die Artikel können vielseitig als kleine Geschenke für Gäste oder als stilvolle Dekoration eingesetzt werden.","{""Anlass"":""Hochzeit, Brautparty"",""Farbe"":""Salbeigrün"",""Produktart"":""Gastgeschenk"",""Stückzahl"":""16"",""Thema"":""Hochzeit, Braut"",""weight"":1,""Zielgruppe"":""Erwachsene"",""Zustand"":""neu""}",15.99 EUR,,0
"purehelp Schuhüberzieher PH-SC-SET100, 500 Stück, Einheitsgröße, Blau, CPE",purehelp,,SKU-4252129103,24302202705,"Zuverlässiger Hygieneschutz für sensible Bereiche und Kreuzkontaminationsprävention. | Strapazierfähiges CPE-Material garantiert maximale Haltbarkeit und Sicherheit. | Einheitsgröße, passt mühelos über die meisten Schuhe. | Sparpaket mit 500 Stück (5x100) sichert langanhaltenden Bedarf. | Effektive Barriere gegen Schmutz und Flüssigkeiten. | Einfaches An- und Ausziehen durch elastische Öffnung.",,"{""Anwendungsbereich"":""Hygienebereiche, Labore, Reinräume, Haushalt"",""Anwendungsbereiche"":""Medizin, Labor, Reinraum, Haushalt"",""Anzahl pro Packung"":""500 Stück"",""Einwegartikel"":""Ja"",""Farbe"":""Blau"",""Größe"":""Einheitsgröße"",""Herstellernummer"":""PH-SC-SET100"",""Marke"":""purehelp"",""Maße gefaltet (LxB)"":""15x10 cm"",""Material"":""CPE"",""Produktart"":""Schuhüberzieher"",""Stückzahl pro Packung"":""500"",""Verwendungszweck"":""Einmalgebrauch"",""weight"":6,""Zielgruppe"":""Unisex"",""Zustand"":""Neu""}",27 EUR,XGA0102A,7
"Christian Ulbricht Wichtel Figur – Handgefertigt, zeitloser Charme für Ihr Zuhause",Christian Ulbricht,Möbel & Wohnen > Feste & Besondere Anlässe > Party- & Eventdekoration,SKU-0874304411,4016711018766,"Meisterhafte deutsche Handwerkskunst von Christian Ulbricht seit 1928. | Liebevolle Details schaffen eine festliche und einzigartige Atmosphäre. | Ein wertvolles Sammlerstück und Erbstück für kommende Generationen. | Sofort einsatzbereit, pflegeleicht und ohne jegliche Montage. | Hochwertiges, langlebiges Holzmaterial für dauerhafte Freude und Beständigkeit. | Perfektes Geschenk für Liebhaber traditioneller Dekoration und Sammler.","Tauchen Sie ein in die zauberhafte Welt traditioneller deutscher Handwerkskunst mit diesem exquisiten Christian Ulbricht Wichtel. Diese liebevoll gefertigte Holzfigur im Schaukelstuhl bringt festliche Stimmung und zeitlosen Charme in jedes Zuhause.Gefertigt aus hochwertigem, langlebigem Holz, zeugt jedes Detail von der meisterhaften Verarbeitung und der hohen Qualität, für die Christian Ulbricht seit 1928 bekannt ist. Die sorgfältige Gestaltung macht diesen Wichtel zu einem wertvollen Sammlerstück und einem langlebigen Begleiter für Generationen.Der Lieferumfang umfasst die charmante Wichtelfigur im Schaukelstuhl, die sofort platziert werden kann, um Freude zu verbreiten. Für die dauerhafte Schönheit dieses Kunstwerks genügt eine einfache Pflege mit einem trockenen oder leicht feuchten Tuch.","{""Benötigte Batterien"":""Nein"",""Breite"":""14,5 cm"",""Erscheinungsjahr"":""2024"",""Farbe"":""Mehrfarbig"",""Form"":""Wichtel im Schaukelstuhl"",""Geeignet für"":""Innenbereich"",""Gewicht"":""920 g"",""GPSR Manufacturer name"":""Christian Ulbricht"",""Gründungsjahr Marke"":""1928"",""Handgefertigt"":""Ja"",""Herstellungsjahr"":""2024"",""Herstellungsland"":""Deutschland"",""Herstellungszeitraum"":""2020-Jetzt"",""Höhe"":""31,5 cm"",""Kategorie"":""Möbel & Wohnen > Feste & Besondere Anlässe > Party- & Eventdekoration"",""Marke"":""Christian Ulbricht"",""Material"":""Holz"",""Montage erforderlich"":""Nein"",""Pflegehinweise"":""Mit trockenem oder leicht feuchtem Tuch abwischen"",""Produktart"":""Figur"",""Produktnummer"":""010876"",""Stil"":""Traditionell"",""Thema"":""Wichtel"",""Tiefe"":""20,5 cm"",""Zielgruppe"":""Erwachsene"",""Zustand"":""Neu""}",175.5 EUR,,0
"LEGO Duplo 10965 Badespaß: Schwimmender Tierzug für Kleinkinder ab 1,5 Jahren",LEGO,,SKU-9272258811,5702017153599,"Fördert Feinmotorik und Kreativität beim Spielen | Drei niedliche Tiere: Küken, Eisbär und Nilpferd | Schwimmende Ringe für endlosen Badespaß | Einfach zu reinigen für hygienischen Badespaß | Ideal für Kleinkinder ab 1,5 Jahren | Kompatibel mit anderen LEGO Duplo Produkten | Robuste und kindgerechte Bauweise für langanhaltenden Spielspaß","Dieser LEGO Duplo Badespaß Tierzug (10965) fördert spielerisch Feinmotorik und Kreativität bei Kleinkindern ab 1,5 Jahren. Mit schwimmenden Ringen und niedlichen Tieren wie Küken, Eisbär und Nilpferd sorgt er für hygienischen und langanhaltenden Badespaß.","{""Altersgruppe"":""Kleinkind"",""Besonderheiten"":""Schwimmfähig, Einfache Reinigung"",""Charakter"":""Küken, Eisbär, Nilpferd"",""EAN"":""5702017153599"",""Farbe"":""Mehrfarbig"",""Geschlecht"":""Unisex"",""Herstellungsjahr"":""2022"",""Marke"":""LEGO"",""Material"":""Kunststoff"",""Produktart"":""Badespielzeug"",""Produktlinie"":""Duplo"",""Setname"":""Badespaß: Schwimmender Tierzug"",""Setnummer"":""10965"",""Thema"":""Tiere"",""Verpackung"":""Karton"",""weight"":1,""Zustand"":""Gebraucht""}",15.79 EUR,XGA0105A,1
LEGO City Space Raumschiff & Asteroiden-Entdeckung Baukasten Set 60429 ab 4+,LEGO,Antiquitäten & Kunst > Antikspielzeug > Baukästen,SKU-9904325113,5702017567501,"Detailliertes Raumschiff und spannende Asteroiden-Szenerie enthalten. | Fördert Kreativität, Problemlösung und Feinmotorik ab 4 Jahren. | Zwei Astronauten-Minifiguren für fantasievolle Rollenspiele. | Altersgerechte Bauteile und bebilderte Anleitung für einfachen Bau. | Hochwertiger LEGO Kunststoff garantiert langlebigen Spielspaß. | Set-Nummer 60429 aus der beliebten LEGO City Space Reihe. | Entdecken Sie wertvolle Kristalle mit dem Roboterarm.",,"{""Altersempfehlung"":""Ab 4 Jahren"",""Erscheinungsjahr"":""2024"",""Farbe"":""Mehrfarbig"",""Geschlecht"":""Unisex"",""Herstellernummer"":""6465033"",""Marke"":""LEGO"",""Material"":""Kunststoff"",""Produktart"":""Baukasten"",""Produktlinie"":""LEGO City"",""Set-Nummer"":""60429"",""Thema"":""Weltraum"",""weight"":1,""Zielgruppe"":""Kinder"",""Zustand"":""Gebraucht""}",15.7 EUR,XGA0105A,1
Spring Copenhagen Dekofigur Spirit Eichenholz Neu Natur 19x8.3x13cm Chresten,Spring Copenhagen,,SKU-3782469631,5713487061253,"Exklusives skandinavisches Design von Chresten Sommer. | Handgefertigt aus edlem, FSC-zertifiziertem Eichenholz. | Präzise Abmessungen: 19 cm Höhe, 8.3 cm Breite, 13 cm Länge. | Einzigartige natürliche Maserung und sorgfältige Montage. | Einfache Pflege durch gelegentliche Bienenwachsbehandlung. | Unterstützt nachhaltige Baumpflanzprojekte mit jedem Kauf. | Elegante Dekofigur 'Spirit' in Form eines Rehs.",Diese handgefertigte Dekofigur 'Spirit' von Spring Copenhagen zeigt ein elegantes Reh aus FSC-zertifiziertem Eichenholz. Das skandinavische Design von Chresten Sommer misst 19 x 8.3 x 13 cm und zeichnet sich durch seine natürliche Maserung aus. Eine stilvolle Ergänzung für jedes Zuhause.,"{""Abmessungen"":""19 x 8.3 x 13 cm (HxBxL)"",""Altersfreigabe"":""Nicht für Kinder (kein Spielzeug)"",""Besonderheit"":""Handgefertigt"",""Breite"":""8.3 cm"",""Designer"":""Chresten Sommer"",""Designland"":""Dänemark"",""Form"":""Tier"",""FSC-Zertifiziert"":""Ja"",""Herstellernummer"":""102386"",""Höhe"":""19 cm"",""Länge"":""13 cm"",""Marke"":""Spring Copenhagen"",""Material"":""Eichenholz"",""Modell"":""Spirit"",""Produktart"":""Dekofigur"",""Tierart"":""Reh"",""weight"":1,""Zustand"":""Neu""}",58.59 EUR,XGA0105A,1
Spring Copenhagen Dekofigur Spot Rehkitz Holz braun handgefertigt von Chresten,Spring Copenhagen,,SKU-1466301102,5713487061277,"Exklusives dänisches Design, entworfen von Chresten Sommer. | Sorgfältig handgefertigt aus nachhaltigem FSC-zertifiziertem Holz. | Charmante Dekofigur ""Spot"" mit ansprechendem Rehkitz-Motiv. | Jedes Stück ein Unikat durch individuelle, natürliche Holzmaserung. | Idealer stilvoller Blickfang für Wohnzimmer, Büro oder Flur. | Hochwertiges Naturmaterial in warmer, ansprechender Brauntönung. | Vielseitig einsetzbar in skandinavischen und modernen Einrichtungsstilen.",,"{""Anwendungsbereich"":""Innenbereich"",""Breite"":""5 cm"",""Designer"":""Chresten Sommer"",""Designland"":""Dänemark"",""Einsatzbereich"":""Wohnzimmer, Schlafzimmer, Esszimmer, Flur, Büro"",""Farbe"":""Braun"",""FSC-Zertifizierung"":""FSC C132484"",""Handgefertigt"":""Ja"",""Herstellungsart"":""Handgefertigt, handmontiert"",""Höhe"":""13 cm"",""Länge"":""8 cm"",""Lieferumfang"":""1 Dekofigur"",""Marke"":""Spring Copenhagen"",""Material"":""Holz"",""Modell"":""Spot"",""Montage"":""Nicht erforderlich"",""Motiv"":""Rehkitz"",""Nachhaltigkeitsmerkmal"":""Unterstützt Baumpflanzprojekte"",""Produktart"":""Dekofigur"",""Sammlerstück"":""Ja"",""Thema"":""Tiere"",""weight"":""0.054 kg"",""Zertifizierung"":""FSC-zertifiziert"",""Zielgruppe"":""Erwachsene"",""Zustand"":""Neuware""}",59 EUR,XGA0105A,1
Liewood Pete Drum Kindertrommel Buchenholz MDF Faune Green/Dove Blue Mix ab 12,Liewood,,SKU-8921872481,5715335047020,Musikalische Frühförderung und Rhythmusgefühl spielerisch entwickeln. | Hochwertiges Buchenholz und robustes MDF für maximale Langlebigkeit. | Attraktives Faune Green/Dove Blue Mix Design für jedes Kinderzimmer. | Ideal für Kinder ab 12 Monaten zur auditiven Wahrnehmungsförderung. | Einfache Pflege sorgt für hygienische Sauberkeit und dauerhaften Spielspaß.,Die Liewood Pete Kindertrommel aus Buchenholz und lackiertem MDF in Faune Green/Dove Blue Mix fördert spielerisch Rhythmusgefühl und musikalische Entwicklung bei Kindern ab 12 Monaten.,"{""EAN"":""5715335047020"",""Farbe"":""Faune Green / Dove Blue Mix"",""Herstellernummer"":""LW15104"",""Marke"":""Liewood"",""Material"":""Buchenholz, lackiertes MDF"",""Produktart"":""Kindertrommel"",""weight"":1,""Zustand"":""Neu""}",40 EUR,XGA0105A,1
"Ernie Ball E-Gitarrensaiten Regular Slinky 3221 - Saitenstärke 10-46, 3er-Pack",Ernie Ball,,SKU-5329605855,4969913221,"Legendärer Slinky-Sound für überragende Spielbarkeit und Ausdruckskraft. | Präzisionsgewickelter Nickel-Stahl für brillante Töne und extreme Haltbarkeit. | ELEMENT SHIELD™ PLUS: Maximaler Korrosionsschutz für langanhaltende Frische. | Höchste US-Fertigungsqualität garantiert konstante Spitzenleistung und Zuverlässigkeit. | Ausgewogene Saitenstärken 10-46 für vielseitige Spielstile geeignet. | Effizientes 3er-Pack sichert langfristig konstante Klangqualität und Vorrat. | Optimiert für E-Gitarren, ideal für Rock, Blues und Pop-Musikstile.","Die Ernie Ball Regular Slinky E-Gitarrensaiten sind seit über 60 Jahren die erste Wahl globaler Musiker und liefern den ikonischen Slinky-Sound, der Generationen prägt. Erleben Sie unvergleichliche Klangklarheit und Haltbarkeit dank präzisionsgewickeltem vernickeltem Stahl, ideal für jede musikalische Herausforderung. Jedes 3er-Pack wird in den USA unter strengsten Qualitätsstandards gefertigt und garantiert durch fortschrittliche Wickeltechnologie optimale Performance sowie eine lange Lebensdauer. Das innovative ELEMENT SHIELD™ PLUS System schützt Ihre Saiten aktiv vor Korrosion, bewahrt die Brillanz und sorgt für dauerhafte Spielbereitschaft. Sichern Sie sich jetzt diese erstklassigen E-Gitarrensaiten und erleben Sie den Unterschied in Ihrem Spiel.","{""Angebotspaket"":""Ja"",""Anzahl der Saiten"":""6"",""Anzahl pro Packung"":""3"",""Besonderheiten"":""Korrosionsschutz (Element Shield Plus)"",""EAN"":""004969913221"",""GPSR Manufacturer name"":""Ernie Ball"",""Herstellungsland"":""USA"",""Instrument"":""E-Gitarre"",""Kategorie"":""Musikinstrumente"",""Marke"":""Ernie Ball"",""Material"":""Nickel Plated Steel"",""Modell"":""Regular Slinky 3221"",""Produktart"":""E-Gitarrensaiten"",""Saitenanzahl"":""6"",""Saitenmaterial"":""Nickel Plated Steel"",""Saitenstärke"":""10-46"",""Saitentyp"":""E-Gitarre"",""weight"":1,""Zustand"":""Neu""}",17.49 EUR,,0
Oventrop Y-Schmutzfänger 1121016 Messing DN50 PN25 G2 250µm Maschenweite Neu,Oventrop,"Heimwerker > Heizen, Klima & Sanitär > Wasser > Ventile",SKU-9688561402,4026755335552,Effiziente Filterung mit präziser 250 µm Maschenweite. | Robuste Messingkonstruktion für Langlebigkeit und Korrosionsschutz. | Nennweite DN50 und Druckstufe PN25 für hohe Anforderungen. | Schützt Anlagenteile zuverlässig vor schädlichen Verunreinigungen. | Totraumfreie Schrägsitzausführung für maximale Betriebshygiene. | Einfache Wartung und Reinigung dank integriertem Handrad.,,"{""Anschlussart"":""Innengewinde"",""Anschlussgröße"":""G2"",""Bedienungselement"":""Handrad"",""Besonderheit"":""Totraumfreie Konstruktion"",""Druckstufe"":""PN 25"",""EAN"":""4026755335552"",""Einsatzbereich"":""Wasseranlagen, Industrie, Gewerbe"",""Farbe"":""Gold"",""Funktion"":""Filterung von Schmutzpartikeln in Flüssigkeiten"",""GPSR Manufacturer name"":""Oventrop"",""Herstellernummer"":""1121016"",""Kategorie"":""Heimwerker > Heizen, Klima & Sanitär > Wasser > Ventile"",""Marke"":""Oventrop"",""Maschenweite"":""250 µm"",""Material"":""Messing"",""Nennweite"":""DN 50"",""Produktart"":""Y-Schmutzfänger"",""Ventil-Typ"":""Schrägsitzventil"",""weight"":1,""Zustand"":""Neu""}",65.49 EUR,XGA0102D,1
Audi Fußmatten Set Velours Q5 8R (2008-2016) Schwarz 4-teilig,Audi,Sammeln & Seltenes > Reklame & Werbung > Branchen & Marken > Auto & Motorrad,SKU-5753016417,5820082016105,Maßgeschneiderte Passform für Audi Q5 8R Modelle (2008-2016). | Hochwertiges Veloursmaterial sichert Langlebigkeit und Fahrkomfort. | Exklusives Design mit gesticktem Q5 Logo veredelt den Innenraum. | Effektiver Schutz des Fahrzeuginnenraums vor Schmutz und Abnutzung. | Rutschfeste Unterseite gewährleistet maximale Sicherheit während der Fahrt. | Unkomplizierte Reinigung und Pflege für dauerhaft attraktives Aussehen.,,"{""Anzahl"":""4-teilig"",""Anzahl Matten"":""4"",""Baujahr"":""2008-2016"",""Besonderheit"":""Rutschfeste Unterseite"",""Besonderheiten"":""Rutschfest, Wasserfest, Mit Logo"",""EAN"":""5820082016105"",""Einbauposition"":""Vorne, Hinten"",""Fahrzeugmodell"":""Audi Q5 8R"",""Fahrzeugtyp"":""PKW"",""Farbe"":""Schwarz"",""GPSR Manufacturer name"":""Audi"",""Kategorie"":""Sammeln & Seltenes > Reklame & Werbung > Branchen & Marken > Auto & Motorrad"",""Logo"":""Q5"",""Marke"":""Audi"",""Material"":""Velours"",""Modell"":""Q5 8R"",""Oldtimer-Teil"":""Nein"",""Produktart"":""Fußmatten Set"",""Set-Umfang"":""4-teilig"",""Tuning- & Styling-Teil"":""Nein"",""Universelle Kompatibilität"":""Nein"",""weight"":1,""Zustand"":""Neu""}",38.9 EUR,,0
Eurofirany Verdunkelungsvorhang Logan: Perfekte Verdunkelung & Privatsphäre,Eurofirany,"Spielzeug > Bären, -kleidung & Zubehör > Bärenkleidung & Accessoires",SKU-8404970287,5900811829102,"Effektive Verdunkelung für tiefen Schlaf und maximale Privatsphäre. | Hochwertiges 100% Polyester: langlebig, robust und besonders pflegeleicht. | Perfekte Größe für gängige Fenster, einfache Anpassung an Ihr Zuhause. | Kinderleichte Anbringung dank praktischem, integriertem Gardinenband. | Verbessert die Raumisolierung: Schützt effektiv vor Hitze und Kälte. | Elegantes, zeitloses Design in Grau für vielseitige Raumgestaltung.","Der Eurofirany Verdunkelungsvorhang Logan schafft eine perfekte Atmosphäre für tiefen Schlaf und ungestörte Konzentration. Gefertigt aus 100% hochwertigem Polyester, bietet er langanhaltende Robustheit und ist dabei besonders pflegeleicht.Dieser Vorhang verbessert zudem die Raumisolierung, indem er effektiv vor Hitze und Kälte schützt und somit Energiekosten senkt. Im Lieferumfang ist ein Verdunkelungsvorhang enthalten, der mittels des integrierten Gardinenbands einfach anzubringen ist.Sein elegantes, zeitloses Design in Grau fügt sich nahtlos in jede Einrichtung ein und wertet jeden Raum stilvoll auf. Bei Fragen zur Installation oder Pflege steht unser Kundenservice jederzeit gerne zur Verfügung.","{""Aufhängung"":""Gardinenband"",""Besonderheiten"":""Verdunkelnd, Blickdicht, Wärmeisolierend, Kälteisolierend"",""Breite"":""135 cm"",""Empfohlene Zimmer"":""Schlafzimmer, Kinderzimmer, Büro"",""Farbe"":""Grau"",""GPSR Manufacturer name"":""Eurofirany"",""Kategorie"":""Spielzeug > Bären, -kleidung & Zubehör > Bärenkleidung & Accessoires"",""Länge"":""270 cm"",""Marke"":""Eurofirany"",""Material"":""100% Polyester"",""Modell"":""Logan"",""Produktart"":""Verdunkelungsvorhang"",""Zustand"":""Neu""}",14.9 EUR,XGA0201C,1
Polcar Außenspiegel 3238522E 735480887 Kunststoff Fiat Ducato (2006-2011),Polcar,,SKU-1746174206,5901532626087,Exakte Passform für Fiat Ducato Modelle 2006-2011 | Elektrisch verstellbar für komfortable Spiegeleinstellung | Beheizte Spiegelfläche verhindert Beschlagen | Robustes Kunststoffgehäuse für Langlebigkeit | Konvexes Spiegelglas für erweitertes Sichtfeld | Spezifisch für die rechte Einbauposition,"Dieser Polcar Außenspiegel rechts für Fiat Ducato (2006-2011) bietet Ihnen stets klare Sicht und höchste Sicherheit im Straßenverkehr. Dank elektrischer Verstellbarkeit und integrierter Heizfunktion genießen Sie jederzeit eine optimale Sicht, selbst bei anspruchsvollen Wetterbedingungen.Gefertigt aus robusten, witterungsbeständigen Materialien, garantiert dieser Spiegel maximale Langlebigkeit und zuverlässige Funktion über viele Jahre hinweg. Die präzise Polcar-Fertigung sichert eine perfekte Passform für eine schnelle, unkomplizierte Montage; der Lieferumfang umfasst einen kompletten Außenspiegel.Vertrauen Sie auf bewährte Polcar-Qualität, die den höchsten Standards entspricht und Ihre Fahrsicherheit signifikant erhöht. Für Ihre Zufriedenheit bieten wir umfassenden Service und eine einfache Rückgabe, damit Sie sorgenfrei unterwegs sind.","{""Anzahl der Einheiten"":""1"",""Anzahl Einheiten"":""1"",""Ausstattung"":""Elektrisch verstellbar, Beheizt, Konvexes Glas"",""Baujahr"":""2006-2011"",""EAC-Kennzeichnung"":""Ja"",""EAN"":""5901532626087"",""Einbauposition"":""Rechts"",""Fahrzeugmarke"":""Fiat"",""Fahrzeugmodell"":""Ducato"",""GPSR Manufacturer name"":""Polcar"",""Hersteller"":""Polcar"",""Herstellernummer"":""3238522E"",""Herstellungsdatum"":""2023-11-09"",""Herstellungsland"":""Polen"",""Herstellungsland und -region"":""Polen"",""K-Typ"":""57448|57446|19974"",""Kategorie"":""Auto & Motorrad: Teile"",""Lieferumfang"":""1x Außenspiegel"",""Marke"":""Polcar"",""Maßeinheit"":""Stück"",""Material"":""Kunststoff"",""OEM-Referenznummer"":""735480887"",""Oldtimer-Teil"":""Nein"",""Performance-Teil"":""Nein"",""Produktart"":""Außenspiegel"",""Produktkategorie"":""Auto & Motorrad > Auto-Ersatzteile > Karosserie & Exterieur > Außenspiegel"",""Spiegelglas"":""Konvex"",""Spiegelheizung"":""Ja"",""Spiegelverstellung"":""Elektrisch"",""Tuning- & Styling-Teil"":""Nein"",""Universelle Kompatibilität"":""Nein"",""weight"":1,""Zustand"":""Neu""}",96.35 EUR,XGA0106D,1
"JPN Radlagersatz 10L0503-JPN für KIA Sportage ix35, Ø 84mm, Breite 41mm",JPN,"Auto & Motorrad: Teile > Autoteile & Zubehör > Federung & Lenkung > Radlager, -naben & Buchsen",SKU-5437386727,5904270013775,"Maximale Fahrsicherheit und überragende Straßenlage garantiert. | Hochwertige, verschleißfeste Materialien für extreme Langlebigkeit. | Präzise Passform: Ø 84mm, Breite 41mm für spezifische Modelle. | Deutliche Verbesserung von Fahrstabilität und Fahrkomfort. | Entwickelt für KIA Sportage SL, Hyundai ix35 LM, Hyundai Tucson JM. | Herstellernummer 10L0503-JPN für eindeutige Identifikation. | Einbauposition an der Vorderachse des Fahrzeugs.","Dieser JPN Radlagersatz sichert eine präzise Radführung an der Vorderachse und garantiert maximale Fahrsicherheit sowie eine stabile Straßenlage. Gefertigt aus hochwertigsten, verschleißfesten Materialien, gewährleistet er außergewöhnliche Langlebigkeit und optimale Leistung unter allen Fahrbedingungen.Der präzise gefertigte Radlagersatz mit 84mm Durchmesser und 41mm Breite ist speziell für KIA Sportage SL, Hyundai ix35 LM und Hyundai Tucson JM Modelle konzipiert. Er ist für eine zuverlässige Funktion ausgelegt und enthält alle notwendigen Komponenten für einen direkten Austausch.Der Lieferumfang umfasst den kompletten JPN Radlagersatz 10L0503-JPN, welcher für den professionellen Einbau bereitsteht. Eine fachgerechte Installation in einer zertifizierten Fachwerkstatt ist für die volle Entfaltung der Leistungsfähigkeit und die Gewährleistung der Sicherheit unerlässlich.","{""Anzahl pro Packung"":""1"",""Breite [mm]"":""41"",""Durchmesser [mm]"":""84"",""EAN"":""5904270013775"",""Einbauposition"":""Vorderachse"",""GPSR Manufacturer name"":""JPN"",""Herstellernummer"":""10L0503-JPN"",""Herstellungsland und -region"":""Polen"",""K-Typ"":""111981,Einbauposition Vorderachse|55572,Einbauposition Vorderachse|55574,Einbauposition Vorderachse|55575,Einbauposition Vorderachse|117569,Einbauposition Vorderachse|129307,Einbauposition Vorderachse|55573,Einbauposition Vorderachse|111080,Einbauposition Vorderachse|10618,Einbauposition Vorderachse|10623,Einbauposition Vorderachse|113136,Einbauposition Vorderachse|10622,Einbauposition Vorderachse|117570,Einbauposition Vorderachse|115231,Einbauposition Vorderachse|10620,Einbauposition Vorderachse|9930,Einbauposition Vorderachse|9931,Einbauposition Vorderachse|33149,Einbauposition Vorderachse|33131,Einbauposition Vorderachse|33132,Einbauposition Vorderachse|119296,Einbauposition Vorderachse|33133,Einbauposition Vorderachse|9446,Einbauposition Vorderachse|33134,Einbauposition Vorderachse|33135,Einbauposition Vorderachse|114089,Einbauposition Vorderachse|128236,Einbauposition Vorderachse|100807,Einbauposition Vorderachse|100805,Einbauposition Vorderachse|110519,Einbauposition Vorderachse|18024,Einbauposition Vorderachse|16282,Einbauposition Vorderachse|15974,Einbauposition Vorderachse|19611,Einbauposition Vorderachse|28822,Einbauposition Vorderachse|16171,Einbauposition Vorderachse|15376,Einbauposition Vorderachse|16172,Einbauposition Vorderachse|16002,Einbauposition Vorderachse|15378,Einbauposition Vorderachse|20839,Einbauposition Vorderachse|16367,Einbauposition Vorderachse|16368,Einbauposition Vorderachse|31217,Einbauposition Vorderachse|19935,Einbauposition Vorderachse|23314,Einbauposition Vorderachse|110555,Einbauposition Vorderachse|20915,Einbauposition Vorderachse|29980,Einbauposition Vorderachse|18696,Einbauposition Vorderachse|2318,Einbauposition Vorderachse|18697,Einbauposition Vorderachse|29979,Einbauposition Vorderachse|30356,Einbauposition Vorderachse|55638,Einbauposition Vorderachse|14749,Einbauposition Vorderachse|15377,Einbauposition Vorderachse|18207,Einbauposition Vorderachse|18208,Einbauposition Vorderachse|28577,Einbauposition Vorderachse|23308,Einbauposition Vorderachse|31271,Einbauposition Vorderachse|18210,Einbauposition Vorderachse|19623,Einbauposition Vorderachse|18211,Einbauposition Vorderachse|23309,Einbauposition Vorderachse|28578,Einbauposition Vorderachse|19624,Einbauposition Vorderachse|31272,Einbauposition Vorderachse|18209,Einbauposition Vorderachse|11511,Einbauposition Vorderachse|11512,Einbauposition Vorderachse|17756,Einbauposition Vorderachse|55701,Einbauposition Vorderachse|59293,Einbauposition Vorderachse|8469,Einbauposition Vorderachse|8451,Einbauposition Vorderachse|33606,Einbauposition Vorderachse|8470,Einbauposition Vorderachse|33607,Einbauposition Vorderachse|19752,Einbauposition Vorderachse|19751,Einbauposition Vorderachse|58619,Einbauposition Vorderachse|58621,Einbauposition Vorderachse|58622,Einbauposition Vorderachse|58620,Einbauposition Vorderachse|58894,Einbauposition Vorderachse|16028,Einbauposition Vorderachse|16029,Einbauposition Vorderachse|33369,Einbauposition Vorderachse|19211,Einbauposition Vorderachse|19213,Einbauposition Vorderachse|10871,Einbauposition Vorderachse|33371,Einbauposition Vorderachse|19212,Einbauposition Vorderachse|33370,Einbauposition Vorderachse|33510,Einbauposition Vorderachse|31178,Einbauposition Vorderachse|57470,Einbauposition Vorderachse|53380,Einbauposition Vorderachse|18503,Einbauposition Vorderachse|19620,Einbauposition Vorderachse|31189,Einbauposition Vorderachse|20433,Einbauposition Vorderachse|4960,Einbauposition Vorderachse|31191,Einbauposition Vorderachse|19215,Einbauposition Vorderachse|4959,Einbauposition Vorderachse|18505,Einbauposition Vorderachse|18502,Einbauposition Vorderachse|18504,Einbauposition Vorderachse|8452,Einbauposition Vorderachse|8454,Einbauposition Vorderachse|33715,Einbauposition Vorderachse|11313,Einbauposition Vorderachse|11312,Einbauposition Vorderachse|33716,Einbauposition Vorderachse|57290,Einbauposition Vorderachse|33713,Einbauposition Vorderachse|33714,Einbauposition Vorderachse|100410,Einbauposition Vorderachse"",""Kategorie"":""Auto & Motorrad: Teile"",""Kompatible Fahrzeugmodelle"":""KIA Sportage SL, Hyundai ix35 LM, Hyundai Tucson JM"",""Lieferumfang"":""1x Radlagersatz"",""Marke"":""JPN"",""Maßeinheit"":""Satz"",""Material"":""Hochwertige, verschleißfeste Materialien"",""Modifizierter Artikel"":""Nein"",""OE/OEM Referenznummer(n)"":""A.B.S.: 200923, BLUE PRINT: ADG08207, FEBI BILSTEIN: 172778, GSP: GK6891"",""Oldtimer-Teil"":""Nein"",""Produktart"":""Radlagersatz"",""Produktgruppe"":""Fahrwerk & Lenkung"",""Set"":""Ja"",""Universelle Kompatibilität"":""Nein"",""weight"":1,""Zustand"":""Neu""}",19.28 EUR,XGA0106B,1
"KAMOKA Radlagersatz 5600063 für KIA, Hyundai, Silber/Rot Metall",KAMOKA,"Auto & Motorrad: Teile > Autoteile & Zubehör > Federung & Lenkung > Radlager, -naben & Buchsen",SKU-6816251293,5908242693453,"Stellt höchste Fahrsicherheit und Fahrkomfort des PKW wieder her. | Gefertigt aus Premium-Komponenten für überragende Langlebigkeit. | Umfassende 7-Jahres-Herstellergarantie von KAMOKA inklusive. | Reduziert störende Fahrgeräusche; passgenaue Montage garantiert. | Material: Hochwertiges Metall für maximale Belastbarkeit. | Herstellernummer 5600063 für präzise Fahrzeugzuordnung. | Kompatibel mit KIA Sportage (SL, JE), KIA Carens 3, Hyundai ix35 (LM, EL, ELH), Hyundai Tucson (JM), Hyundai i40 (VF, Limousine), Hyundai Santa Fe (SM) – Einbauposition: Vorderachse.","Der KAMOKA Radlagersatz 5600063 stellt höchste Fahrsicherheit und unvergleichlichen Komfort sofort wieder her. Er reduziert zudem störende Fahrgeräusche spürbar, was zu einem ruhigeren und angenehmeren Fahrerlebnis führt.Gefertigt aus präzisen Premium-Komponenten, garantiert dieser Satz überragende Langlebigkeit und zuverlässige Performance. Die hochwertige Materialauswahl sichert eine dauerhaft stabile Funktion Ihres Fahrzeugs unter allen Bedingungen.Der Lieferumfang umfasst einen vollständigen Radlagersatz, der alle notwendigen Teile für den Austausch bereithält. Profitieren Sie von einer umfassenden 7-Jahres-Herstellergarantie von KAMOKA, die Ihnen langfristige Sicherheit und eine unkomplizierte Installation bietet.","{""Anwendungsbereich"":""Auto"",""Anzahl pro Packung"":""1"",""Außendurchmesser [mm]"":""84"",""EAN"":""5908242693453"",""Einbauposition"":""Vorderachse"",""Fahrzeugtyp"":""PKW"",""Farbe"":""Silber/Rot"",""Garantie"":""7 Jahre"",""GPSR Manufacturer address"":""Wenecka 12, 03-244 Warszawa, POLAND"",""GPSR Manufacturer email"":""office@kamoka.eu"",""GPSR Manufacturer name"":""KAMOKA"",""Herstellergarantie"":""7 Jahre"",""Herstellernummer"":""5600063"",""Kategorie"":""Auto & Motorrad: Teile"",""Kompatible Fahrzeugmodelle"":""KIA Sportage SL; Hyundai ix35 (LM, EL, ELH); Hyundai Tucson JM; Hyundai i40 VF; KIA Magentis"",""Lieferumfang"":""1 Radlagersatz"",""Marke"":""KAMOKA"",""Material"":""Metall"",""Produktart"":""Radlagersatz"",""Produktgruppe"":""Fahrwerk & Lenkung"",""weight"":1,""Zustand"":""Neu""}",17.39 EUR,XGA0106B,1
home24 Beistelltisch MANCHESTER 31x63x63 cm NEU Robustes Design Vielseitig,home24,,SKU-8684520981,591513830836,"Vielseitiger Einsatz in Wohn-, Schlaf- oder Flurbereichen. | Robuste Bauweise für langlebige Nutzung. | Schneller und unkomplizierter Aufbau. | Pflegeleichte Oberfläche für einfache Reinigung. | Kompakte Maße: 31 x 63 x 63 cm.","Der home24 Beistelltisch MANCHESTER ist ein kompakter und vielseitiger Ablagetisch. Sein robustes Design und die pflegeleichte Oberfläche machen ihn ideal für Wohnzimmer, Schlafzimmer oder Flur. Mit seinen Maßen von 31x63x63 cm fügt er sich perfekt in jeden Raum ein und ist schnell montiert.","{""Breite"":""63 cm"",""EAN"":""59151383083624"",""Gesamtmaße"":""31 x 63 x 63 cm"",""Herstellernummer"":""JI-05510-50"",""Höhe"":""63 cm"",""Länge"":""31 cm"",""Marke"":""home24"",""Modell"":""MANCHESTER"",""Produktart"":""Beistelltisch"",""weight"":15,""Zustand"":""NEU""}",129.99 EUR,,0
RJ45 Splitter/Combiner uPOE Kabel Kit für PoE/Gigabit Netzwerke CAT5e/6 2er Set,Unbekannt,"Computer, Tablets & Netzwerk > Kabel & Steckverbinder > Netzwerkkabel & Adapter > Splitter, Koppler & Adapter",SKU-6274769815,30608023,"Verdoppelt PoE-Leistung von 30W auf 60W für uPOE-Geräte. | Ermöglicht zwei 10/100 Ethernet-Verbindungen über ein Kabel. | Kompatibel mit CAT5e/6 Kabeln für flexible Netzwerklösungen. | Reduziert Kabelbedarf und spart Installationskosten und -zeit. | Ideal für IP-Kameras, WLAN-Access Points und VoIP-Telefone. | Unterstützt Gigabit-Datenraten im uPOE-Betriebsmodus. | Einfache Plug-and-Play-Installation im praktischen 2er-Set.","Vielseitiges Standardprodukt im neuwertigen Zustand, ideal für diverse Anwendungen. Mit einem Gewicht von 1 kg bietet es eine zuverlässige Basis für den täglichen Gebrauch.","{""Anschluss A"":""RJ45 Stecker"",""Anschluss B"":""RJ45 Buchse"",""Anzahl Anschlüsse"":""2"",""Farbe"":""Blau"",""Kategorie"":""Unkategorisiert"",""Kompatibilität"":""PoE, uPOE, Ethernet 10/100, Gigabit"",""Leistungsbereich (uPOE)"":""30-60 Watt"",""Lieferumfang"":""2 Stück"",""Produktart"":""RJ45 Splitter/Combiner"",""Unterstützte Kabeltypen"":""CAT5e, CAT6"",""weight"":1,""Zustand"":""Neu""}",4.89 EUR,XGA0105B,1
"BITUXX Federspanner-Set MS-16319 für Federbeine, Spannweite 65-212mm Schwarz",BITUXX,Auto & Motorrad: Teile > Werkzeuge > Werkstattausstattung & -bedarf > Federspanner,SKU-2708761114,4250394535152,"Sichere, präzise Federbeinwartung für alle gängigen Fahrzeugtypen. | Drei robuste Gabelpaare, universell kompatibel bis 212mm Federdurchmesser. | Gesenkgeschmiedeter, wärmebehandelter Stahl für höchste Belastbarkeit und Langlebigkeit. | Korrosionsgeschützte, spezialbeschichtete Gabeln garantieren maximale Zuverlässigkeit. | 7-teiliges Set für umfassende Fahrwerksarbeiten an PKW, SUV und Transportern. | Effiziente Anwendung ermöglicht schnelle und reibungslose Fahrwerksmontage.","Das BITUXX Universal Federspanner-Set ist das ideale Werkzeug für die professionelle Wartung und Montage von Federbeinen, das höchste Präzision und Langlebigkeit in Ihrer Werkstatt gewährleistet. Es optimiert jede Kfz-Arbeit durch seine robuste Bauweise und garantiert eine sichere sowie effiziente Anwendung bei allen gängigen Fahrzeugtypen.Das Set beinhaltet drei gesenkgeschmiedete, wärmebehandelte Gabelpaare, die für maximale Belastbarkeit und universelle Kompatibilität mit Federdurchmessern von 65mm bis 212mm ausgelegt sind. Die spezialbeschichteten Gabeln aus lackiertem und verzinktem Stahl bieten zudem optimalen Korrosionsschutz und gewährleisten eine lange Lebensdauer des Werkzeugs.Der Lieferumfang umfasst ein 7-teiliges Set, bestehend aus dem Hauptspanner und drei Gabelpaaren, passend für eine Vielzahl von Fahrzeugmodellen. Vertrauen Sie auf die bewährte BITUXX Markenqualität für zuverlässige Ergebnisse; umfassender Service und Support stehen Ihnen für einen reibungslosen Einsatz zur Verfügung.","{""Anwendungsbereich"":""Automobil"",""Anzahl der Teile"":""7"",""Anzahl Gabelpaare"":""3"",""Besonderheiten"":""Gesenkgeschmiedet, Wärmebehandelt, Korrosionsgeschützt"",""EAN"":""4250394535152"",""Einsatzbereich"":""Federbeine, Fahrwerk"",""Farbe"":""Schwarz"",""Gabelgrößen"":""65mm-125mm, 88mm-160mm, 126mm-212mm"",""Geeignet für"":""PKW, SUV, Transporter"",""GPSR Manufacturer name"":""M&S Vertrieb Service GmbH"",""Kategorie"":""Auto & Motorrad: Teile"",""Marke"":""BITUXX"",""Maßeinheit"":""Set"",""Material"":""Gesenkgeschmiedeter Stahl"",""Modellnummer"":""MS-16319"",""Oberflächenbehandlung"":""Lackiert, Verzinkt, Spezialbeschichtet"",""Oldtimer-Teil"":""Nein"",""Produktart"":""Federspanner-Set"",""Spannweite"":""65mm-212mm"",""Universelle Kompatibilität"":""Ja"",""weight"":1,""Zustand"":""Neu""}",74.9 EUR,XGA0101E,1
Qunsheng Haushaltshandschuhe 61921411800024 Naturlatex Zweifarbig Rot/Gelb,Qunsheng,Antiquitäten & Kunst > Kleidung & Access. vor 1900 > Accessoires > Handschuhe,SKU-6860111834,61921411800024,"Optimaler Schutz durch robusten Naturlatex für empfindliche Hände. | Sicherer Halt dank rutschfester Oberfläche bei nassen Bedingungen. | Hoher Tragekomfort durch ergonomisches Design für lange Einsätze. | Vielseitig einsetzbar für Küche, Bad, Garten und allgemeine Reinigung. | Langlebig und wiederverwendbar, einfach zu reinigen und zu trocknen. | Effektiver Schutz vor Wasser, Schmutz und gängigen Reinigungsmitteln.","Diese Qunsheng Haushaltshandschuhe, gefertigt aus hochwertigem Naturlatex, bieten überragenden Schutz für Ihre Hände bei allen Reinigungsaufgaben. Sie schirmen zuverlässig vor Wasser, Schmutz und aggressiven Reinigungsmitteln ab, wodurch Ihre Haut sicher und trocken bleibt. Das robuste und zugleich flexible Material gewährleistet eine lange Haltbarkeit und ermöglicht präzises Arbeiten in jeder Situation. Eine rutschfeste Oberfläche garantiert zudem einen sicheren Griff, während das ergonomische Design außergewöhnlichen Tragekomfort für längere Einsätze bietet. Ein Paar dieser langlebigen, wiederverwendbaren Handschuhe ist im Lieferumfang enthalten und lässt sich mühelos unter klarem Wasser reinigen sowie an der Luft trocknen, was ihre Hygiene und sofortige Einsatzbereitschaft sichert. Zur Maximierung der Lebensdauer vermeiden Sie bitte den Kontakt mit hochkonzentrierten Chemikalien oder direkter Sonneneinstrahlung.","{""Anwendungsbereich"":""Küche, Bad, Garten, Reinigung"",""Besonderheiten"":""Wiederverwendbar, Rutschfest"",""EAN"":""61921411800024"",""Ergonomisches Design"":""Ja"",""Farbe"":""Rot, Gelb"",""GPSR Manufacturer name"":""Qunsheng"",""Herstellernummer"":""61921411800024"",""Kategorie"":""Antiquitäten & Kunst > Kleidung & Access. vor 1900 > Accessoires > Handschuhe"",""Marke"":""Qunsheng"",""Produkt-ID"":""61921411800024"",""Produktart"":""Haushaltshandschuhe"",""Rutschfest"":""Ja"",""Standard"":""HG/T2888-2010"",""weight"":1,""Wiederverwendbar"":""Ja"",""Zustand"":""Neu""}",,XQGA0101A,1
Anqiyou Fahrrad Rücklicht AQY-0117 LED 400 mAh Akku Universal für Radsport NEU,Anqiyou,Sport > Radsport > Fahrradteile & -komponenten > Beleuchtung > Rücklichter,SKU-9014992269,3310295100,"Wiederaufladbarer 400 mAh Akku für langanhaltenden Betrieb. | Universelle Kompatibilität für einfache Montage an verschiedenen Fahrrädern. | Robustes Gehäuse aus Kunststoff für maximale Widerstandsfähigkeit. | Modell AQY-0117, speziell entwickelt für den anspruchsvollen Radsport.","Das Anqiyou AQY-0117 ist ein neues, universell passendes LED Fahrrad Rücklicht. Es verfügt über einen integrierten 400 mAh Akku und ist speziell für den Radsport konzipiert.","{""Anzahl der Lichter"":""1"",""Batteriekapazität"":""400 mAh"",""Beleuchtungsart"":""LED"",""Besonderheiten"":""Wiederaufladbar"",""Eigenschaft"":""Dokumentenecht"",""Fahrradtyp Kompatibilität"":""Universal"",""Farbe"":""Schwarz"",""Herstellernummer"":""AQY-0117"",""Marke"":""Anqiyou"",""Material"":""Kunststoff"",""Menge"":""10 Stück"",""Modell"":""AQY-0117"",""Produktart"":""Rücklicht"",""Schaft"":""Transparent"",""Sportart"":""Radsport"",""Strichstärke"":""0.4 mm"",""Stromquelle"":""Akku"",""Vintage"":""Nein"",""weight"":1,""Zustand"":""NEU""}",13.9 EUR,,0
Latex Handschuhe 10 Stück: Optimaler Schutz für Haushalt & Garten,Nanyang NiuJin,Kleidung & Accessoires > Herren > Herren-Accessoires > Handschuhe & Fäustlinge,SKU-9041995991,6922738000364,"Umfassender Schutz vor Wasser, Schmutz und Chemikalien. | Langlebiges Material für dauerhaften Schutz und Komfort. | Ergonomische Passform für präzise und flexible Bewegungen. | Rutschfeste Oberfläche für sicheren Halt auch bei Nässe. | Vielseitig einsetzbar für Hausarbeit, Reinigung und Gartenpflege. | Wiederverwendbar und leicht zu reinigen für mehr Nachhaltigkeit.","Die Nanyang NiuJin Haushaltshandschuhe sind Ihr unverzichtbarer Partner für alle Reinigungs- und Gartenarbeiten. Sie bieten zuverlässigen Schutz vor Wasser, Schmutz und haushaltsüblichen Chemikalien.Gefertigt aus hochwertiger Naturkautschuk-Emulsion, garantieren diese Handschuhe eine optimale Passform und ermöglichen präzises Arbeiten. Die rutschfeste Oberfläche gewährleistet zudem jederzeit einen sicheren Griff, selbst bei Nässe oder glatten Oberflächen.Diese langlebigen und wiederverwendbaren Handschuhe sind mühelos zu reinigen, was sie zu einer umweltfreundlichen und kosteneffizienten Wahl macht. Der Lieferumfang umfasst ein Paar Handschuhe; bitte beachten Sie die beiliegenden Pflegehinweise für eine lange Lebensdauer.","{""Eigenschaften"":""Wiederverwendbar, Rutschfest"",""Farbe"":""Gelb"",""Größe"":""XL"",""Kategorie"":""Kleidung & Accessoires > Herren > Herren-Accessoires > Handschuhe & Fäustlinge"",""Modell"":""Dongfanghong"",""Produktart"":""Haushaltshandschuhe"",""Standard"":""HG/T2888-2010""}",29.9 EUR,XGA0302C,5
INTEX Luftmatratze Dura-Beam Plus Deluxe 2 Personen 203x152x42cm Grau Gebraucht,INTEX,,SKU-6216530722,6941057422886,"Verbesserter Komfort und Stabilität durch Fiber-Tech Technologie. | Integriertes Kissen für zusätzlichen Schlafkomfort. | Erhöhte Matratzenhöhe von 42 cm für leichtes Ein- und Aussteigen. | Vielseitig einsetzbar für Gästezimmer, Camping und Reisen. | Schnelles Aufblasen und Entleeren für einfache Handhabung. | Robuste Dura-Beam Plus Konstruktion für Langlebigkeit.",Die INTEX Dura-Beam Plus Deluxe Luftmatratze bietet durch Fiber-Tech Technologie und eine erhöhte Liegefläche von 42 cm optimalen Schlafkomfort für zwei Personen. Ideal für Gäste oder unterwegs.,"{""Besonderheiten"":""Integriertes Kissen, Erhöhte Liegefläche"",""Breite"":""152 cm"",""Farbe"":""Grau"",""Herstellernummer (MPN)"":""AP620D"",""Höhe"":""42 cm"",""Länge"":""203 cm"",""Marke"":""INTEX"",""Material"":""Vinyl"",""Modell"":""Dura-Beam Plus Deluxe Pillow Rest"",""Personenkapazität"":""2 Personen"",""Produktart"":""Luftmatratze"",""Technologie"":""Fiber-Tech"",""weight"":""8.2 kg"",""Zustand"":""Gebraucht""}",41.98 EUR,XGA0101A,1
Latex Handschuhe 6 Stück - für optimalen Schutz & Komfort,Dong Fang Hong,Business & Industrie > Gebäudereinigung > Manuelle Reinigungsgeräte > Einmal-Reinigungshandschuhe,SKU-0735099796,6954850111741,"Optimaler Schutz und Komfort für alle Reinigungs- und Arbeitsaufgaben. | Hochwertige Naturkautschukemulsion garantiert Flexibilität und lange Haltbarkeit. | Ergonomisches Design sorgt für angenehmen Tragekomfort, auch bei Langzeitnutzung. | Vielseitig einsetzbar in Küche, Bad, Garten und sogar Industrie. | Wiederverwendbar und leicht zu reinigen für eine nachhaltige Nutzung. | Zertifizierte Qualität für höchste Sicherheit und Zuverlässigkeit im Alltag.","Dong Fang Hong Latex-Haushaltshandschuhe bieten optimalen Schutz und herausragenden Komfort für alle Reinigungs- und Arbeitsaufgaben. Sie sind aus hochwertiger Naturkautschukemulsion gefertigt und garantieren eine exzellente Passform sowie ein angenehmes Tragegefühl, auch bei längerem Einsatz. Diese vielseitigen Handschuhe eignen sich ideal für eine breite Palette von Anwendungen, von der Küchenarbeit über die Gartenpflege bis hin zu industriellen Reinigungsaufgaben. Ihr robustes Design gewährleistet langanhaltenden Schutz und Zuverlässigkeit in anspruchsvollen Umgebungen. Der Lieferumfang umfasst ein Paar dieser strapazierfähigen Haushaltshandschuhe, bereit für den sofortigen Einsatz in Ihrem Zuhause oder Betrieb. Für eine maximale Lebensdauer ist die richtige Pflege entscheidend; reinigen Sie die Handschuhe nach Gebrauch und lagern Sie sie kühl und trocken.","{""besonderheiten"":""Wiederverwendbar"",""Besonderheiten"":""Wiederverwendbar"",""Farbe"":""Gelb"",""Geeignet für"":""Küche, Bad, Garten, Industrie"",""geeignet_fuer"":""Küche, Bad, Garten, Industrie"",""GPSR Manufacturer name"":""Dong Fang Hong"",""Hersteller-Hotline"":""4008-816-806"",""Hersteller-URL"":""www.cnyian.cn"",""Kategorie"":""Business & Industrie > Gebäudereinigung > Manuelle Reinigungsgeräte > Einmal-Reinigungshandschuhe"",""Marke"":""Dong Fang Hong"",""Material"":""Latex"",""Patentnummer"":""ZL2016 2.0671313.4"",""Produktart"":""Haushaltshandschuhe"",""Standard"":""HG/T2888-2010"",""Zertifizierungen"":""ISO9001, ISO14001, OHSAS18001, FDA, CE"",""Zustand"":""Neu""}",17.99 EUR,XGA0302C,21
"UGREEN Vertikaler Laptop Ständer LP258 Aluminium für Notebooks bis 15,6 Zoll",UGREEN,"Computer, Tablets & Netzwerk > Laptop- & Desktop-Zubehör > Laptop-Ständer & -Halter",SKU-9003235487,6957303824717,"Platzsparendes vertikales Design für mehr Ordnung auf dem Schreibtisch. | Robuste Aluminiumlegierung für hohe Stabilität und Langlebigkeit. | Hohle Konstruktion zur effektiven Wärmeableitung des Laptops. | Einstellbare Breite von 12-26 mm für Laptops bis 15,6 Zoll. | Schützende Silikonpads verhindern Kratzer und sorgen für sicheren Halt. | Einfache und schnelle Installation ohne Werkzeug.","Der UGREEN LP258 ist ein vertikaler Laptop Ständer aus robuster Aluminiumlegierung. Er ist platzsparend, fördert die Wärmeableitung und bietet sicheren Halt für Notebooks bis 15,6 Zoll mit einer einstellbaren Breite von 12-26 mm.","{""Breite"":""78,6 mm"",""Einstellbare Breite"":""12-26 mm"",""Farbe"":""Grau"",""Funktionen"":""Wärmeableitung, Platzsparend"",""Herstellernummer"":""20471"",""Höhe"":""50,9 mm"",""Kompatible Laptopgröße"":""Bis 15,6 Zoll"",""Länge"":""150 mm"",""Marke"":""UGREEN"",""Material"":""Aluminiumlegierung, Silikon"",""Modell"":""LP258"",""Produktart"":""Vertikaler Laptop Ständer"",""weight"":1,""Zustand"":""Neu""}",15.29 EUR,XGA0105B,1
"SAGENSPEZI Sägekette 16567432516506316, 1.6mm, 74TG, .325 Zoll Teilung",SAGENSPEZI,Garten & Terrasse > Motor-Gartengeräte & -zubehör > Kettensägen-Zubehör,SKU-6954275739,16567432516506316,"Präzise .325 Zoll Teilung und 1.6 mm Nutbreite für optimale Passform. | 74 Treibglieder sichern höchste Betriebssicherheit und effiziente Kraftübertragung. | Gefertigt aus extrem widerstandsfähigem Spezialstahl für lange Lebensdauer. | Ermöglicht schnelle, präzise und effiziente Schnitte bei jeder Anwendung. | Stellt die volle Leistungsfähigkeit Ihrer Kettensäge sofort wieder her. | Ideal für Baumpflege, Brennholzaufbereitung und allgemeine Sägearbeiten.","Die SAGENSPEZI Sägekette optimiert die Leistung Ihrer Kettensäge und ermöglicht unübertroffene Präzision sowie Schnelligkeit bei allen Holzarbeiten. Gefertigt aus extrem robustem Spezialstahl, garantiert sie optimale Kraftübertragung und eine außergewöhnlich lange Lebensdauer.Diese hochwertige Sägekette verfügt über eine exakte .325"" Teilung, 74 Treibglieder und eine .063"" (1.6mm) Nutbreite, was eine perfekte Passform und höchste Betriebssicherheit gewährleistet. Ihr spezielles Design sorgt für eine spürbar verbesserte Arbeitseffizienz bei jeder Anwendung.Im Lieferumfang ist eine SAGENSPEZI Sägekette enthalten, die als essenzielles Ersatzteil die volle Leistungsfähigkeit Ihrer Maschine wiederherstellt. Für eine perfekte Passgenauigkeit und maximale Sicherheit ist der Abgleich der Kettensägenspezifikationen mit dieser Kette unerlässlich.","{""Angebotspaket"":""Nein"",""Anzahl der Treibglieder"":""74"",""GPSR Manufacturer name"":""SAGENSPEZI"",""Herstellernummer"":""16567432516506316"",""Kategorie"":""Garten & Terrasse > Motor-Gartengeräte & -zubehör > Kettensägen-Zubehör"",""Marke"":""SAGENSPEZI"",""Material"":""Spezialstahl"",""Passend für"":""Kettensäge"",""Produktart"":""Sägekette"",""Stückzahl"":""1"",""Teilung"":"".325 Zoll"",""Treibgliedstärke"":""1.6 mm"",""weight"":1,""Zustand"":""Neu""}",31.98 EUR,XGA0106B,2
Piaggio Keilriemen 102C-510 für Beverly X10 MP3 350 Roller Schwarz Gummi,Piaggio,"Business & Industrie > Baugewerbe > Baumaschinenteile & Zubehör > Antrieb, Motor & Getriebe > Keilriemen",SKU-1423771699,30103210191,"Original Piaggio Qualität für höchste Zuverlässigkeit und Langlebigkeit. | Präzise Kraftübertragung und maximale Antriebseffizienz des Rollers. | Perfekte Passform für Piaggio Beverly, X10, MP3 350 Modelle. | Reduziert effektiv Motorverschleiß und verlängert die Fahrzeuglebensdauer. | Einfache Installation dank exakter Original-Spezifikationen des Herstellers. | Gefertigt aus widerstandsfähigem, langlebigem Gummimaterial für Dauerhaftigkeit.","Dieser originale Piaggio Keilriemen 102C-510 gewährleistet eine herausragende Kraftübertragung und ist speziell für Piaggio Beverly 350, X10 350 sowie MP3 350 Roller konzipiert. Seine exakte Passform ermöglicht eine einfache Installation und trägt maßgeblich zur Reduzierung des Motorverschleißes bei, wodurch die Lebensdauer Ihres Rollers signifikant verlängert wird.Gefertigt aus hochwertigem, extrem widerstandsfähigem Gummimaterial, bietet dieses Originalteil außergewöhnliche Langlebigkeit und maximiert die Effizienz des Antriebs. Vertrauen Sie auf die bewährte Piaggio Ingenieurskunst, die strengste Herstellerspezifikationen erfüllt und unerwartete Ausfälle zuverlässig verhindert.Im Lieferumfang ist ein originaler Piaggio Keilriemen 102C-510 enthalten, der sofort montiert werden kann. Für optimale Leistung und Sicherheit wird empfohlen, stets Originalteile zu verwenden und die spezifischen Wartungshinweise Ihres Fahrzeughandbuchs zu beachten.","{""Anzahl der Einheiten"":""1"",""Baugruppe"":""Antrieb & Getriebe"",""EAN"":""30103210191"",""Farbe"":""Schwarz"",""GPSR Manufacturer name"":""Piaggio"",""Hersteller"":""Piaggio Group"",""Herstellernummer"":""102C-510"",""Herstellungsdatum"":""2024-08-07"",""Kategorie"":""Business & Industrie > Baugewerbe > Baumaschinenteile & Zubehör > Antrieb, Motor & Getriebe > Keilriemen"",""Kompatible Modelle"":""Piaggio Beverly 350, X10 350, MP3 350"",""Kraftradtyp"":""Roller"",""Marke"":""Piaggio"",""Maßeinheit"":""Stück"",""Material"":""Gummi"",""OEM Referenznummer"":""83025R"",""Produkt ID"":""7082024102510"",""Produktart"":""Keilriemen"",""weight"":1}",67.95 EUR,XGA0106B,1
TEXTAR Bremsscheibe 92056600 für Mercedes-Benz S-Klasse (W140) 320x30mm NEU,TEXTAR,"Business & Industrie > Agrar, Forst & Kommune > Ersatzteile, Teile & Zubehör > Teile & Zubehör Traktoren > Antrieb, Motor & Getriebe > Bremsscheiben & -zubehör",SKU-3606468262,4019722112706,"Erstausrüsterqualität für optimale Bremsleistung und Fahrsicherheit. | Perfekte Passgenauigkeit für Mercedes-Benz S-Klasse (1991-1999). | Robuste Konstruktion, präzise Fertigung für Langlebigkeit und Zuverlässigkeit. | Effiziente Wärmeableitung minimiert Fading, gewährleistet konstante Bremsleistung. | Präzise Maße: 320mm Durchmesser, 30mm Dicke, 82mm Höhe.",Diese neue TEXTAR Bremsscheibe (Herstellernummer 92056600) ist passgenau für Mercedes-Benz S-Klasse (W140) Modelle der Baujahre 1991-1999 konzipiert und gewährleistet eine zuverlässige Bremsfunktion.,"{""Angebotspaket"":""Nein"",""Anzahl pro Packung"":""1"",""Baujahre"":""1991-1999"",""Bremsentyp"":""Scheibenbremse"",""Dicke"":""30 mm"",""Durchmesser"":""320 mm"",""Fahrzeugmarke"":""Mercedes-Benz"",""Fahrzeugmodell"":""S-Klasse"",""Fahrzeugtyp"":""PKW"",""Herstellernummer"":""92056600"",""Höhe"":""82 mm"",""Lieferumfang"":""1x Bremsscheibe"",""Lochkreis-Ø"":""112 mm"",""Marke"":""TEXTAR"",""Modelljahre"":""1991-1999"",""Modifizierter Artikel"":""Nein"",""Produktart"":""Bremsscheibe"",""Produktgruppe"":""Bremsanlage"",""Universelle Kompatibilität"":""Nein"",""weight"":12,""Zustand"":""Neu""}",49.96 EUR,,0
"SodaStream Glaskaraffe 0,7L für CRYSTAL/PENGUIN - Spülmaschinenfest & Stilvoll",SodaStream,Sammeln & Seltenes > Reklame & Werbung > Bier & Brauerei > Bierflaschen,SKU-9905416565,7290006780805,"Mühelose Reinigung dank Spülmaschinenfestigkeit für höchste Hygiene. | Elegantes Glasdesign bereichert stilvoll jede Tischdekoration. | Exklusiv für SodaStream CRYSTAL und PENGUIN Wassersprudler. | Optimales 0,7 Liter Fassungsvermögen für täglichen Genuss. | Hochwertige Glasqualität garantiert Langlebigkeit und puren Geschmack. | Nachhaltige Mehrweg-Lösung reduziert effektiv Plastikmüll.","Erleben Sie stilvollen Sprudelgenuss mit der originalen SodaStream Glaskaraffe, die Ihr Getränk rein und frisch hält. Diese hochwertige Karaffe ist aus robustem Glas gefertigt und garantiert langanhaltende Freude ohne Geschmacksbeeinträchtigung. Exklusiv für SodaStream CRYSTAL und PENGUIN Wassersprudler konzipiert, gewährleistet sie perfekte Passform und optimale Sprudelergebnisse. Mit einem Fassungsvermögen von 0,7 Litern bietet sie die ideale Menge für den täglichen Bedarf Ihrer Familie oder Gäste. Die Karaffe ist vollständig spülmaschinenfest, was eine mühelose Reinigung und höchste Hygiene garantiert. Als umweltfreundliche Mehrweg-Alternative wird sie ohne Wassersprudler geliefert und ist sofort einsatzbereit für Ihr Sprudelerlebnis.","{""Besonderheiten"":""Spülmaschinenfest"",""Farbe"":""Transparent"",""Fassungsvermögen"":""0,7 L"",""Flaschenkapazität (ml)"":""740 ml"",""Fülllinie (ml)"":""615 ml"",""GPSR Manufacturer name"":""SodaStream"",""Hersteller"":""SodaStream Deutschland GmbH"",""Herstelleradresse"":""Höhenstraße 2, 65549 Limburg"",""Kapazität"":""0,7 L"",""Kategorie"":""Sammeln & Seltenes > Reklame & Werbung > Bier & Brauerei > Bierflaschen"",""Kompatibilität"":""SodaStream CRYSTAL™, SodaStream PENGUIN™"",""Marke"":""SodaStream"",""Material"":""Glas"",""Produktart"":""Glaskaraffe"",""Service-Hotline"":""0800 204041"",""Zustand"":""Neu""}",12.24 EUR,,0
SodaStream Crystal 3.0 Wassersprudler: Frisches Sprudelwasser auf Knopfdruck,SodaStream,Möbel & Wohnen > Kochen & Genießen > Wasseraufbereitung & Trinkwassersprudler > Trinkwassersprudler,SKU-0225495136,7290116742380,"Frisches Sprudelwasser jederzeit auf Knopfdruck genießen. | Nachhaltige Reduzierung von Einweg-Plastikflaschen im Haushalt. | Elegante, spülmaschinenfeste 0,7 L Glaskaraffe für Hygiene. | CO2-Zylinder für bis zu 60 Liter sprudelndes Wasser inklusive. | Modernes Design aus Edelstahl und Glas passt in jede Küche. | Intuitive Bedienung ermöglicht kinderleichte Zubereitung Ihrer Getränke.","Der SodaStream Crystal 3.0 Wassersprudler verwandelt Leitungswasser schnell in erfrischendes Sprudelwasser, sodass Sie jederzeit frische Getränke genießen können. Dieses umweltfreundliche System reduziert den Verbrauch von Einweg-Plastikflaschen erheblich und fördert einen nachhaltigen Lebensstil.Das hochwertige Gerät besticht durch eine elegante, spülmaschinenfeste Glaskaraffe, die nicht nur optisch überzeugt, sondern auch eine hygienische Reinigung ermöglicht. Die robuste Konstruktion aus Edelstahl, Glas und langlebigem Kunststoff garantiert eine lange Lebensdauer und zuverlässige Nutzung im Alltag.Im Lieferumfang sind der Wassersprudler, ein 425g CO2-Zylinder für bis zu 60 Liter Sprudelwasser und eine spülmaschinenfeste Glaskaraffe enthalten. Für optimalen Sprudelgenuss und einfache Handhabung stehen Ihnen unser umfassender Kundenservice und detaillierte Anleitungen jederzeit zur Verfügung.","{""Anzahl der Flaschen"":""1"",""Besonderheiten"":""Glaskaraffe, CO2-Zylinder"",""CO2-Zylinder Kapazität"":""bis zu 60 L"",""Farbe"":""Anthrazit, Silber"",""Fassungsvermögen"":""0.7 L"",""Flaschenmaterial"":""Glas"",""Fülllinie Glaskaraffe"":""0.6 L"",""GPSR Manufacturer name"":""SodaStream"",""Kategorie"":""Möbel & Wohnen > Kochen & Genießen > Wasseraufbereitung & Trinkwassersprudler > Trinkwassersprudler"",""Lieferumfang"":""Wassersprudler, Glaskaraffe, CO2-Zylinder"",""Marke"":""SodaStream"",""Material"":""Edelstahl, Glas, Kunststoff"",""Modell"":""Crystal 3.0"",""Produktart"":""Wassersprudler"",""Zustand"":""Neu""}",99.99 EUR,,0
SKF Schrägkugellager 7315 BEGAP für hohe Drehzahlen & Lasten,SKF,Sport > Funsport > Skateboarding > Boards > Lager,SKU-8906682806,7316577150929,Optimale Leistung für anspruchsvolle Industrieanwendungen. | Hohe Tragfähigkeit bei kombinierten radialen und axialen Lasten. | Lange Lebensdauer dank robuster SKF Explorer Technologie. | Präzise Fertigung in Österreich sichert höchste Qualität. | Zuverlässige Funktion selbst unter hohen Drehzahlen. | Geringe Reibung für verbesserte Energieeffizienz und weniger Verschleiß.,"Das SKF Explorer Schrägkugellager 7315 BEGAP ist eine Hochleistungskomponente, die für anspruchsvolle industrielle Anwendungen konzipiert wurde und die Leistung Ihrer Maschinen optimiert. Es bietet eine herausragende Kombination aus Zuverlässigkeit und Effizienz, um selbst unter extremen Bedingungen höchste Präzision zu gewährleisten.Dieses Modell 7315 BEGAP ist ideal für Anwendungen mit hohen Drehzahlen sowie kombinierten radialen und axialen Lasten, dank seiner präzisen Konstruktion. Die Verwendung hochwertiger Materialien gewährleistet minimierte Reibung und eine signifikant verlängerte Lebensdauer.Gefertigt in Österreich unter strengsten Qualitätsstandards, steht das SKF Explorer Lager für höchste Material- und Verarbeitungsqualität. Im Lieferumfang ist ein einzelnes Schrägkugellager enthalten; für technischen Support und weitere Informationen stehen wir Ihnen jederzeit gerne zur Verfügung.","{""Anwendungsbereich"":""Industrielle Anwendungen"",""Drehzahl"":""Hoch"",""GPSR Manufacturer name"":""SKF"",""Herstellungsland"":""Österreich"",""Kategorie"":""Sport > Funsport > Skateboarding > Boards > Lager"",""Lastaufnahme"":""Kombinierte radiale und axiale Lasten"",""Marke"":""SKF"",""Modell"":""7315 BEGAP"",""Produktart"":""Schrägkugellager"",""Technologie"":""SKF Explorer"",""Verpackungseinheit"":""1 Stück"",""weight"":1,""Zustand"":""Neu""}",178.47 EUR,XGA0106B,2
POC Fahrradhelm Axion Race MIPS Gr. M – MTB Schutz mit MIPS-Technologie,POC,Sammeln & Seltenes > Transport > Fahrrad,SKU-6480044357,7325549884427,"MIPS-Technologie für erhöhten Rotationsschutz bei Stürzen. | Leichtes, robustes Design mit erweiterter Abdeckung für Enduro-Fahrten. | Innovatives, bruchsicheres Visier, verstellbar und Goggle-kompatibel. | Optimierte Belüftung für maximalen Tragekomfort auf langen Touren. | Spezifisch für Mountainbike, Enduro und Trail-Einsatz entwickelt. | Größe M in Uranium Black/Argentite Silver Matt.","Der POC Axion Race MIPS Fahrradhelm bietet anspruchsvollen Mountainbikern kompromisslosen Schutz und überragenden Komfort. Seine fortschrittliche MIPS-Technologie gewährleistet erhöhten Rotationsschutz bei Stürzen und sorgt für umfassende Sicherheit auf anspruchsvollen Trails.Das robuste und leichte Design, speziell für Enduro- und Trail-Fahrten konzipiert, verfügt über eine erweiterte Abdeckung an Schläfen und Hinterkopf. Ein innovatives, verstellbares Visier, das bei Aufprall bricht, minimiert Nackenverletzungen und ist zudem Goggle-kompatibel.Große Belüftungsöffnungen garantieren stets maximale Luftzirkulation und höchsten Tragekomfort auf langen Touren. Dieser gebrauchte Helm in Größe M, Farbe Uranium Black/Argentite Silver Matt, wird ohne weiteres Zubehör geliefert und ist sofort einsatzbereit.","{""Abteilung"":""Unisex Erwachsene"",""Anzahl der Einheiten"":""1"",""Belüftungssystem"":""Optimiert"",""EAN"":""7325549884427"",""Einheitentyp"":""Helm"",""Farbe"":""Uranium Black/Argentite Silver Matt"",""GPSR Manufacturer name"":""POC"",""Größe"":""M"",""Kategorie"":""Sammeln & Seltenes > Transport > Fahrrad"",""Marke"":""POC"",""Modell"":""Axion Race MIPS"",""Produktart"":""Fahrradhelm"",""Schutzsystem"":""MIPS"",""Sportart/Aktivität"":""Mountainbike, Enduro, Trail"",""Vintage"":""Nein"",""Visierdetails"":""Verstellbar, Goggle-kompatibel, Bruchfunktion"",""weight"":1,""Zustand"":""Gebraucht (optisch sehr gut)""}",74.99 EUR,XGA0301C,1
"KOTO Dartständer aus Metall, Höhenverstellbar, Werkzeuglose Montage Schwarz",KOTO,Sport > Weitere Sportarten > Dart > Scheiben,SKU-6162434731,74429111967912,"Präzise Höhenverstellung für optimale Anpassung an jede Spielergröße. | Extrem stabile Metallkonstruktion schützt Ihr Dartboard sicher. | Werkzeugloser Aufbau in Sekunden für sofortigen Spielspaß. | Mobil und flexibel einsetzbar, kein Bohren erforderlich. | Langlebiges Metallmaterial garantiert dauerhafte, zuverlässige Leistung. | Kompatibel mit allen gängigen Dartboards für universellen Einsatz. | Ideal für Indoor-Anwendungen, perfekt für Zuhause oder Verein.","Der KOTO Dartständer optimiert Ihr Dart-Erlebnis durch unvergleichliche Flexibilität und herausragende Stabilität. Seine präzise Höhenverstellbarkeit ermöglicht eine perfekte Anpassung an offizielle Turniermaße oder individuelle Vorlieben für optimalen Spielkomfort.Gefertigt aus robustem, langlebigem Metall, sichert dieser Ständer eine zuverlässige Performance und jahrelange Spielfreude. Die werkzeuglose Montage ist dank des intuitiven Designs in Sekunden erledigt, sodass Sie sofort startklar sind.Im Lieferumfang ist der KOTO Dartständer enthalten, bereit für den sofortigen Einsatz ohne Bohren oder zusätzlichen Aufwand. Vertrauen Sie auf die bewährte KOTO-Qualität, die ultimative Spielfreiheit und eine lange Lebensdauer Ihres Equipments garantiert.","{""Anwendungsbereich"":""Indoor"",""Besonderheiten"":""Höhenverstellbar, Mobil, Stabil"",""EAN"":""74429111967912"",""Farbe"":""Schwarz"",""GPSR Manufacturer name"":""KOTO"",""Höhenverstellbar"":""Ja"",""Kategorie"":""Sport > Weitere Sportarten > Dart > Scheiben"",""Kompatibilität"":""Alle gängigen Dartboards"",""Marke"":""KOTO"",""Material"":""Metall"",""Mobil"":""Ja"",""Montage"":""Werkzeuglos"",""Produktart"":""Dartständer"",""Stabil"":""Ja"",""weight"":1,""Zielgruppe"":""Dartsspieler"",""Zustand"":""Neu""}",39.95 EUR,XGA0106A,1
Weleda Tagescreme: Festigende Anti-Aging Pflege für reife Haut mit Kollagen-Boost,Weleda,Beauty & Gesundheit > Hautpflege > Gesichtspflegegeräte,SKU-1703368789,7611916163227,Fördert natürliche Kollagenproduktion für spürbar mehr Hautfestigkeit. | Mindert tiefe Falten und reduziert Pigmentflecken effektiv. | Wertvolle Pflanzenextrakte aus Enzian und Edelweiß revitalisieren die Haut. | Zertifizierte Naturkosmetik für exzellente Hautverträglichkeit. | Spendet intensive Feuchtigkeit und verbessert die Hautelastizität. | Zieht schnell ein und dient als ideale Make-up-Grundlage.,"Diese Weleda Festigende Tagescreme wurde speziell für reife Haut entwickelt, um den Zeichen der Hautalterung gezielt entgegenzuwirken. Sie unterstützt die Haut intensiv bei der Regeneration und fördert einen strahlenden, ebenmäßigeren Teint für ein jugendliches Erscheinungsbild.Angereichert mit einem innovativen Kollagen Boost sowie wertvollen Extrakten aus Blauem Enzian und Edelweiß, stimuliert diese zertifizierte Naturkosmetik aktiv die natürliche Kollagenproduktion der Haut. Diese einzigartige Formulierung verbessert spürbar die Hautelastizität und bietet zudem intensiven Schutz vor schädlichen Umwelteinflüssen.Die reichhaltige, schnell einziehende Creme hinterlässt ein angenehmes Gefühl auf der Haut und bildet eine ideale Grundlage für Ihr tägliches Make-up. Dermatologisch getestet für höchste Verträglichkeit, bietet dieses Produkt umfassende Anti-Aging-Pflege mit bewährter Wirksamkeit für reife Haut.","{""Ablaufdatum"":""01.2027"",""Anwendungsbereich"":""Gesicht"",""Formulierung"":""Creme"",""Geschlecht"":""Unisex"",""GPSR Manufacturer name"":""Weleda"",""Hautbedürfnis"":""Anti-Aging, Feuchtigkeit, Straffung, Ebenmäßiger Teint"",""Hauttyp"":""Reife Haut"",""Herstellungsland"":""Schweiz"",""Inhaltsstoffe"":""Blauer Enzian, Edelweiß, Kollagen Boost"",""Kategorie"":""Beauty & Gesundheit > Hautpflege > Gesichtspflegegeräte"",""Marke"":""Weleda"",""Produktart"":""Tagescreme"",""Wirkung"":""Kollagen-Boost, Anti-Aging, Reduzierung von Pigmentflecken, Straffend, Feuchtigkeitsspendend"",""Zustand"":""Neu""}",15.79 EUR,,0
MONASERA Autoduft Halter Schwarz Lüftung inkl. 2 Refills Wild Berry Sandelholz,MONASERA,Auto & Motorrad: Teile > Auto-Anbau- & -Zubehörteile > Autopflege & Aufbereitung > Lufterfrischer,SKU-3130743576,7649988997723,"Elegantes Design in Schwarz für stilvolle Fahrzeug-Innenräume. | Inklusive zwei Duft-Refills: Wild Berry und Sandelholz & Bergamotte. | Einfache Befestigung an der Lüftung für schnelle Installation. | Gefertigt aus robustem Aluminium für maximale Langlebigkeit und Wertigkeit. | Kompakte Maße und geringes Gewicht für unauffällige Integration. | Entwickelt in der Schweiz für anspruchsvolles Design. | Sorgt für langanhaltende, luxuriöse Dufterlebnisse im Fahrzeuginnenraum.",,"{""Abmessungen"":""87,5 x 12,5 x 15,5 mm (LxBxH)"",""Befestigung"":""Clip"",""Besondere Merkmale"":""Inklusive Refills, Lüftungsclip"",""Design Herkunft"":""Schweiz"",""Duftvarianten"":""Wild Berry, Sandelholz & Bergamotte"",""Farbe"":""Schwarz"",""Herstellernummer"":""HA-MS-B1-232097"",""Material"":""Aluminium"",""Montageposition"":""Lüftung"",""Produktart"":""Lufterfrischer Halter Set"",""weight"":1,""Zustand"":""Neu""}",,XGA0105B,1
Tesla Sonnenschutz Panorama-Glasdach Schwarz Mesh-Gewebe für Innenraum Gebraucht,Tesla,,SKU-7200941317,,"Passgenauer Sonnenschutz für Tesla Panorama-Glasdach | Effektiver UV- und Hitzeschutz, reduziert Blendung | Einfache Clip-on Montage ohne Werkzeug | Aus langlebigem, schwarzem Mesh-Gewebe | Inklusive zwei Tesla-Aufbewahrungstaschen","Dieser gebrauchte Sonnenschutz aus schwarzem Mesh-Gewebe ist speziell für das Panorama-Glasdach von Tesla konzipiert. Er bietet effektiven UV- und Hitzeschutz, reduziert Blendung und lässt sich einfach per Clip-on montieren. Zwei passende Aufbewahrungstaschen sind im Lieferumfang enthalten.","{""Anzahl der Einheiten"":""2"",""Befestigungstyp"":""Clip-on"",""Besonderheiten"":""UV-Schutz, Hitzereduzierung, Faltbar"",""Einbauposition"":""Dach"",""Farbe"":""Schwarz"",""Kompatibilität"":""Fahrzeugspezifisch"",""Lieferumfang"":""2x Sonnenschutz, 2x Aufbewahrungstasche"",""Marke"":""Tesla"",""Material"":""Mesh-Gewebe (Sonnenschutz), Polyester (Taschen)"",""Oberflächenbeschaffenheit"":""Matt"",""Passend für"":""Tesla Panorama-Glasdach"",""Platzierung am Fahrzeug"":""Panorama-Glasdach"",""Produktart"":""Sonnenschutz"",""weight"":1,""Zustand"":""Gebraucht""}",55 EUR,,0
"MAHLE Ausgleichsbehälter 8MA 376 783-494 für VW Transporter, Kunststoff Weiß",MAHLE,Auto & Motorrad: Teile > Autoteile & Zubehör > Motorkühlung > Ausgleichsbehälter,SKU-6044260478,4057635165101,"Original MAHLE Qualität sichert präzise Passform und zuverlässige Leistung. | Schützt den Motor effektiv vor Überhitzung, verlängert die Lebensdauer des Fahrzeugs. | Transparente Bauweise ermöglicht einfache und schnelle Füllstandskontrolle des Kühlmittels. | Gewährleistet präzisen Druckausgleich für stets optimale Kühlleistung im System. | Sorgt für konstante Betriebstemperatur, auch unter extremen Einsatzbedingungen. | Robuste, langlebige Kunststoffmaterialien garantieren dauerhafte Funktion und hohe Beständigkeit.","Der MAHLE Ausgleichsbehälter ist ein unverzichtbares Bauteil für das Kühlsystem Ihres VW Transporters, das eine konstante Betriebstemperatur sicherstellt. Er gewährleistet den notwendigen Druckausgleich und schützt Ihren Motor effektiv vor Überhitzung, wodurch die Lebensdauer des Fahrzeugs maßgeblich verlängert wird. Dieses Originalersatzteil ist präzise für VW Transporter Modelle gefertigt und erfüllt höchste Qualitätsstandards durch langlebige Materialien. Die transparente Bauweise ermöglicht zudem eine einfache Füllstandskontrolle und garantiert zuverlässige Funktion unter extremen Bedingungen. Im Lieferumfang ist der hochwertige MAHLE Ausgleichsbehälter enthalten, bereit für den direkten Einbau. Für eine optimale Funktion und Langlebigkeit wird die regelmäßige Kontrolle des Kühlmittelstands sowie die fachgerechte Installation empfohlen.","{""Anwendung"":""Kühlsystem"",""Anzahl der Artikel"":""1"",""Batterie benötigt"":""Nein"",""Batterie erforderlich"":""Nein"",""Batterien enthalten"":""Nein"",""Besondere Merkmale"":""Transparente Bauweise"",""category"":""Auto & Motorrad: Teile"",""CE-Kennzeichnung"":""Ja"",""EAN"":""4057635165101"",""Fahrzeugmarke"":""VW"",""Fahrzeugmodell"":""Transporter"",""Farbe"":""Weiß"",""Funktion"":""Druckausgleich, Kühlung"",""Gefahrgut"":""Nein"",""GPSR Manufacturer name"":""MAHLE"",""Hersteller"":""MAHLE"",""Hersteller (GPSR)"":""MAHLE"",""Herstellernummer"":""8MA 376 783-494"",""Herstellungsdatum"":""2023.05.15"",""Kategorie"":""Auto & Motorrad: Teile > Autoteile & Zubehör > Motorkühlung > Ausgleichsbehälter"",""Kategorie ID"":""131090"",""Kompatibilität"":""VW Transporter"",""Lieferumfang"":""1x Ausgleichsbehälter"",""Marke"":""MAHLE"",""Material"":""Kunststoff"",""Montage erforderlich"":""Ja"",""Montage notwendig"":""Ja"",""Montagematerial enthalten"":""Nein"",""Montagematerial inklusive"":""Nein"",""Oldtimer-Teil"":""Nein"",""Produktart"":""Ausgleichsbehälter"",""Referenznummer(n) OEM"":""CRT 191 000S"",""Tuning- & Styling-Teil"":""Nein"",""Tuning-Teil"":""Nein"",""Universell kompatibel"":""Nein"",""Universelle Kompatibilität"":""Nein"",""Verwendungszweck"":""Kühlsystem"",""weight"":1,""Zertifizierung"":""EAC, CE-Kennzeichnung"",""Zustand"":""Neu""}",25.96 EUR,XGA0106C,1
"ELUTO Autositzbezug Set Universal, 5-teilig, Kunstleder, Herst.-Nr. 946921699",ELUTO,Auto & Motorrad: Teile > Autoteile & Zubehör > Innenausstattung,SKU-5120624450,3129179786922,"Effektiver Schutz der Originalsitze vor Abnutzung, Schmutz und Flecken. | Hochwertiges Kunstleder-Design mit langlebigen und stilvollen Akzenten. | Universelle Passform ermöglicht schnelle, unkomplizierte Installation in Fahrzeugen. | Strapazierfähiges, pflegeleichtes Material für dauerhaft makellose Ästhetik. | Sichere Befestigung durch Haken, Rundzapfen und Schnallen gewährleistet. | 5-teiliges Set für umfassenden Schutz von Vorder- und Rücksitzen.",,"{""Anwendungsbereich"":""Auto"",""Anzahl der Teile"":""5"",""Besonderheiten"":""Einfache Installation, Schutz vor Abnutzung, Wasserabweisend"",""ean"":""9137784757064"",""Einbauposition"":""Vorne, Hinten"",""Fahrzeugtyp"":""PKW"",""Farbe"":""Schwarz, Silber, Weiß"",""GPSR Manufacturer name"":""ELUTO"",""Hersteller"":""ELUTO"",""Herstellernummer"":""946921699"",""Lieferumfang"":""5-teiliges Sitzbezug Set"",""Marke"":""ELUTO"",""Material"":""Kunstleder"",""Muster"":""Gesteppt"",""Oberflächenbeschaffenheit"":""Glatt"",""Oldtimer-Teil"":""Nein"",""Pflege"":""Pflegeleicht"",""Platzierung am Fahrzeug"":""Vorne, Hinten"",""Produktart"":""Sitzbezug Set"",""Schutz"":""Abnutzung, Schmutz, Flecken"",""Set"":""Ja"",""Universelle Kompatibilität"":""Ja"",""weight"":1,""Zustand"":""Neu""}",89.99 EUR,XGA0202A,1
"Fiamma Level Up Auffahrkeile 3-stufig rutschfest 5,0t für Wohnmobil Wohnwagen",Fiamma,Wohnmobil- & Wohnwagenzubehör > Nivellierkeile,SKU-1316800430,8004815313234,"Einfache und präzise 3-Stufen-Nivellierung. | Sicherer Halt durch rutschfeste Oberfläche. | Robustes, wetterfestes Kunststoffmaterial (UV-beständig, rostfrei). | Langlebig und pflegeleicht für Outdoor-Einsatz. | Hohe Traglast bis 5,0 Tonnen. | Vielseitig für Wohnmobile, Wohnwagen & Vans.","Die Fiamma Level Up Auffahrkeile ermöglichen eine präzise 3-Stufen-Nivellierung für Wohnmobile und Wohnwagen bis 5,0 t. Sie sind rutschfest, aus robustem, UV-beständigem Kunststoff gefertigt und besonders langlebig sowie leicht zu reinigen.","{""Anzahl Stufen"":""3"",""Eigenschaften"":""Rutschfest, UV-beständig, Rostfrei, Leicht zu reinigen"",""Farbe"":""Grau"",""Herstellernummer"":""97901-038"",""Herstellungsland"":""Italien"",""Marke"":""Fiamma"",""Material"":""Kunststoff"",""Maximale Traglast"":""5,0 t"",""Produktart"":""Nivellierkeil"",""weight"":1,""Zustand"":""Neu""}",30 EUR,XGA0106D,1
LEGAMI MILANO Federmäppchen Kawaii Pinguin – Stilvolle Organisation für Stifte,LEGAMI MILANO,Büro & Schreibwaren > Schulbedarf,SKU-2801069572,8052694010041,"Entzückendes Kawaii Pinguin-Design bringt Freude und Stil in den Alltag. | Sicherer Stauraum für alle Schreibutensilien dank robustem Reißverschluss. | Ideal für Schule, Universität, Büro und unterwegs – immer perfekt organisiert. | Hochwertige, langlebige Materialien garantieren eine lange Nutzungsdauer. | Kompaktes und leichtes Design ermöglicht einfachen Transport in jeder Tasche. | Vielseitig einsetzbar für Stifte, Marker und kleine Accessoires.","Das LEGAMI MILANO Kawaii Pinguin Federmäppchen bietet eine entzückende und praktische Lösung zur Aufbewahrung Ihrer Schreibutensilien. Sein charmantes Design bringt Freude in den Alltag und sorgt für eine stilvolle Organisation in Schule, Uni oder Büro.Dieses hochwertige Stifteetui verfügt über einen weichen Pinguin-Kopf und einen robusten Korpus, der ausreichend Platz für alle wichtigen Schreibutensilien bietet. Ein zuverlässiger Reißverschluss sichert den Inhalt zuverlässig und die langlebigen Materialien gewährleisten eine lange Nutzungsdauer.Im Lieferumfang ist ein LEGAMI MILANO Kawaii Pinguin Federmäppchen enthalten, wobei Schreibutensilien nicht Bestandteil des Angebots sind. Bitte beachten Sie die Pflegehinweise für eine optimale Langlebigkeit des Produkts.","{""GPSR Manufacturer name"":""LEGAMI MILANO"",""Kategorie"":""Büro & Schreibwaren > Schulbedarf"",""Schulbedarf"":null}",11.95 EUR,,0
H&M HOME Spannbettlaken 140x200 cm Beige Baumwolle Recycelt Fadendichte 144,H&M HOME,Heimtextilien > Bettwäsche & Bettlaken > Spannbettlaken,SKU-6543182729,04585290283,"Exklusive H&M HOME Qualität für luxuriösen Schlafkomfort. | Nachhaltig aus Baumwolle & recycelter Baumwolle, Fadendichte 144. | Perfekter, rutschfester Sitz für Matratzen 140x200 cm. | Mühelose Pflege: Maschinenwaschbar und trocknergeeignet. | Zeitloses Beige fügt sich harmonisch in jedes Schlafzimmer ein. | Hergestellt in Pakistan unter hohen Qualitätsstandards.",Das H&M HOME Spannbettlaken in Beige (140x200 cm) bietet dank 80% Baumwolle und 20% recycelter Baumwolle mit einer Fadendichte von 144 nachhaltigen Komfort. Es ist pflegeleicht und passt perfekt auf Ihre Matratze.,"{""Besonderheiten"":""Recyceltes Material"",""EAN"":""04585290283"",""Fadendichte"":""144"",""Farbe"":""Beige"",""Größe"":""140 x 200 cm"",""Herstellungsland"":""Pakistan"",""Marke"":""H&M HOME"",""Material"":""80% Baumwolle, 20% Recycelte Baumwolle"",""Muster"":""Einfarbig"",""Pflegehinweise"":""Maschinenwäsche heiß, Nicht-Chlorbleiche bei Bedarf, Trockner mittel, Bügeln hoch, Keine chemische Reinigung"",""Produktart"":""Spannbettlaken"",""weight"":1,""Zimmer"":""Schlafzimmer"",""Zustand"":""Neu""}",17.99 EUR,XGA0103B,1
PandaEar Silikon Baby Esslernset 2er Set Teller Becher Besteck Beige Taupe,PandaEar,Baby & Kind > Essen & Trinken > Geschirr & Besteck > Esslernbesteck,SKU-3938831828,8715585302754,"Sicheres, ungiftiges Silikon, BPA- und Phthalat-frei. | Zwei komplette Esslernsets für vielseitigen Gebrauch. | Geteilte Teller mit Saugnapf für stabilen Halt. | Ergonomisches Besteck mit weichen Silikongriffen. | Leicht zu reinigen und vollständig spülmaschinenfest. | Fördert selbstständiges Essen und motorische Fähigkeiten. | Ideal für Babys und Kleinkinder ab Beikostalter.","Das PandaEar Silikon Baby Esslernset bietet zwei vollständige Sets in Beige und Taupe, ideal für Babys und Kleinkinder. Es ist BPA-frei, spülmaschinenfest und verfügt über geteilte Teller mit Saugnapf sowie ergonomisches Besteck.","{""Altersempfehlung"":""Babys und Kleinkinder"",""Altersgruppe"":""Babys und Kleinkinder"",""Anzahl der Teile"":""8"",""BPA-frei"":""Ja"",""ean"":""81715585302754"",""Farbe"":""Beige, Taupe"",""Geschlecht"":""Unisex"",""Marke"":""PandaEar"",""Material"":""Silikon"",""Phthalat-frei"":""Ja"",""Produktart"":""Esslernset"",""Set-Inhalt"":""2x Esslernset (je 1 Teller, Becher, Löffel, Gabel)"",""Spülmaschinenfest"":""Ja"",""Thema"":""Essen lernen"",""weight"":1,""Zustand"":""Neu""}",18.95 EUR,XGA0105A,1
good morning Flanell Bettwäsche BERNARDUS Kariert Sand 155x220cm Baumwolle,good morning,Heimtextilien & Bettwaren > Bettwäsche,SKU-5764056320,8717285233178,"Wärmende Flanell-Qualität für ultimativen Komfort und gemütliche Nächte. | 100% Better Cotton Baumwolle, nachhaltig und hautfreundlich für Ihr Wohlbefinden. | OEKO-TEX Standard 100 zertifiziert, garantiert schadstofffrei und sicher. | Elegantes Karomuster in Sandtönen, wertet jedes Schlafzimmer stilvoll auf. | Pflegeleicht und maschinenwaschbar bei 40°C für hygienische Frische. | Trocknergeeignet für einfache Handhabung und schnelle Wiederverwendung. | Premium-Verarbeitung aus Pakistan für Langlebigkeit und Farbbrillanz.","Diese good morning Flanell Bettwäsche BERNARDUS in Sandtönen bietet mit ihrem warmen, weichen Baumwollmaterial und dem eleganten Karomuster höchsten Schlafkomfort. Sie ist OEKO-TEX zertifiziert und pflegeleicht.","{""Farbe"":""Sand"",""Herstellungsland"":""Pakistan"",""Marke"":""good morning"",""Maße Bettbezug"":""155x220 cm"",""Material"":""100% Baumwolle"",""Muster"":""Kariert"",""Pflegehinweis"":""Maschinenwäsche 40°C"",""Produktart"":""Bettwäsche-Set"",""Textilart"":""Flanell"",""weight"":1,""Zertifikate"":""OEKO-TEX Standard 100, BCI Better Cotton"",""Zustand"":""Neu""}",59.99 EUR,XGA0103B,1
"HP Tintenpatrone 305 Schwarz Original 3YM61AE für HP Drucker, ca. 120 Seiten,",HP,"Computer, Tablets & Netzwerk > Drucker, Scanner & Zubehör > Tinte, Toner & Papier > Tintenpatronen",SKU-7193466241,0193905429257,Original HP Qualität für zuverlässige Druckergebnisse | Tiefe Schwarztöne für gestochen scharfen Text | Ergiebigkeit von ca. 120 Seiten pro Patrone | Einfacher Austausch und schnelle Installation | Entwickelt für eine Vielzahl von HP Druckern,Die originale HP 305 Tintenpatrone in Schwarz liefert gestochen scharfen Text und zuverlässige Ergebnisse für Ihre HP Drucker. Mit einer Reichweite von ca. 120 Seiten ist sie ideal für den täglichen Gebrauch.,"{""Anzahl"":""1 Patrone"",""Druckleistung"":""ca. 120 Seiten"",""Drucktechnologie"":""Tintenstrahl"",""Farbe"":""Schwarz"",""Füllstand"":""Voll"",""Herstellernummer"":""3YM61AE"",""Kompatibilität"":""HP Drucker"",""Marke"":""HP"",""Modell"":""305"",""Produktart"":""Tintenpatrone"",""weight"":1,""Zustand"":""Neu""}",13.49 EUR,XGA0105B,2
DUNSOO Badteppich rutschfest Wasserabsorbierend Mikrofaser Grau 70x120cm Neu,DUNSOO,,SKU-2969022222,393895798484,"Luxuriös weiche Oberfläche für unvergleichlichen Komfort. | Extrem saugfähig, hält Füße trocken und erhöht Sicherheit. | Elegantes Grau-Design fügt sich nahtlos in jedes Bad ein. | Langlebig und maschinenwaschbar für hygienische Sauberkeit. | Großzügige Abmessungen von 70x120 cm für optimale Abdeckung. | Rechteckige Form passt ideal in die meisten Badezimmerbereiche. | Neuware in einwandfreiem Zustand für sofortigen Einsatz.",Dieser DUNSOO Badteppich in elegantem Grau (70x120 cm) bietet luxuriösen Komfort und hohe Saugfähigkeit. Seine rechteckige Form passt ideal in jedes Badezimmer.,"{""Einsatzbereich"":""Badezimmer"",""Farbe"":""Grau"",""Form"":""Rechteckig"",""Größe"":""70x120 cm"",""Hersteller"":""Xuzhou Zhongyue Glass Products Co., Ltd."",""Marke"":""DUNSOO"",""Modell"":""C04-061-04"",""Produktart"":""Badteppich"",""weight"":1,""Zustand"":""Neu""}",19.54 EUR,XGA0103B,1
Unbekannt Einhandfräse 3709 220 V Silber/Türkis/Schwarz Kunststoff/Metall,Unbekannt,"Modellbau > Modellbausätze > Werkzeuge, Zubehör & Motoren > Werkzeuge > Elektrowerkzeuge",SKU-5952589845,11203709,"Präzise Kanten- und Nutenbearbeitung für makellose Holzprojekte. | Robuste Bauweise mit doppelter Isolierung für maximale Sicherheit. | Kompaktes Design für müheloses Arbeiten, auch in engen Bereichen. | Konstante 220V/50-60Hz Leistung garantiert stets zuverlässige Fräsqualität. | Geeignet für alle gängigen Holzarten und Materialien. | Langlebige Konstruktion aus hochwertigem Kunststoff und Metall. | Modell 3709, optimiert für präzise Fräsarbeiten.","Die Bosch Oberfräse 3709 ist das ideale Werkzeug für präzise Holzbearbeitung, um Kanten, Nuten und Profile mühelos zu gestalten. Sie ermöglicht professionelle Ergebnisse auf verschiedensten Holzarten und verleiht Ihren Projekten ein makelloses Finish.Dieses hochwertige Elektrowerkzeug zeichnet sich durch seine robuste Bauweise und doppelte Isolierung aus, was maximale Sicherheit und eine lange Lebensdauer garantiert. Das kompakte Design ermöglicht präzises Arbeiten selbst in beengten Bereichen und ist für alle gängigen Holzarten geeignet.Verlassen Sie sich auf die konstante Leistung bei 220V/50-60Hz, die für zuverlässige Fräsergebnisse sorgt und die Qualität Ihrer Projekte nachhaltig steigert. Im Lieferumfang ist die Oberfräse enthalten; für Fragen steht Ihnen unser Kundenservice jederzeit zur Verfügung.","{""Anwendungsbereich"":""Holzbearbeitung"",""Besonderheiten"":""Doppelt isoliert"",""Farbe"":""Silber/Türkis/Schwarz"",""Frequenz"":""50/60 Hz"",""Herstellernummer"":""3709"",""Kategorie"":""Modellbau > Modellbausätze > Werkzeuge, Zubehör & Motoren > Werkzeuge > Elektrowerkzeuge"",""Lieferumfang"":""1x Einhandfräse"",""Material"":""Kunststoff/Metall"",""Modell"":""3709"",""Produktart"":""Einhandfräse"",""Spannung"":""220 V"",""Stromquelle"":""Kabelgebunden"",""Stromversorgung"":""Netzbetrieben"",""weight"":1}",65 EUR,XGA0101C,1
Bo-Camp Melamin Geschirrset Mix & Match Blau 16-tlg. 4 Pers. Ø 25.8cm Neu,Bo-Camp,,SKU-8805500495,8712013813820,"Robustes Melamin-Geschirr, ideal für Camping und Outdoor-Aktivitäten. | Umfassendes 16-teiliges Set, perfekt abgestimmt für vier Personen. | Nahezu unzerbrechlich, kratzresistent und langlebig für unterwegs. | Attraktives Mix & Match Design in verschiedenen Blautönen. | BPA-frei und lebensmittelecht für sicheren Genuss im Freien. | Einfache Reinigung mit milder Seife, sehr pflegeleicht.","Bo-Camp Melamin Geschirrset in Blau, 16-teilig für 4 Personen. Robust, bruchfest und ideal für Camping und Outdoor.","{""Anzahl Teile"":""16"",""BPA-frei"":""Ja"",""Bruchfestigkeit"":""Ja"",""Durchmesser Essteller"":""25.8 cm"",""Durchmesser Frühstücksteller"":""21.5 cm"",""Einsatzbereich"":""Camping, Picknick, Outdoor"",""Farbe"":""Blau"",""Fassungsvermögen Becher"":""250 ml"",""Fassungsvermögen Schale"":""700 ml"",""Kratzresistenz"":""Ja"",""Marke"":""Bo-Camp"",""Material"":""Melamin"",""Muster"":""Gemustert"",""Personenanzahl"":""4"",""Produktart"":""Geschirrset"",""Set-Inhalt"":""4 Essteller, 4 Frühstücksteller, 4 Schalen, 4 Becher"",""Spülmaschinengeeignet"":""Nein"",""Stil"":""Modern"",""weight"":1,""Zustand"":""Neu""}",46.25 EUR,XGA0203A,1
TYC Außenspiegel Rechts beheizbar Ford Transit VI (ab 2013) 310-0237 Schwarz,TYC,Fahrzeugteile > Karosserie & Exterieur > Spiegel & Zubehör > Außenspiegel,SKU-7333529126,8717475102703,"Toter-Winkel-Assistent für erhöhte Fahrsicherheit. | Elektrisch verstellbar und beheizbar. | Präziser TYC-Ersatz für Ford Transit VI (ab 2013), rechte Seite. | Einfache Plug-and-Play-Montage. | Funktionsgleich mit Originalteil.",,"{""Beheizbar"":""Ja"",""EAN"":""8717475102703"",""Einbauposition"":""Rechts"",""Fahrzeugmarke"":""Ford"",""Fahrzeugmodell"":""Transit VI"",""Farbe"":""Schwarz"",""Hersteller"":""TYC"",""Herstellernummer"":""310-0237"",""Herstellungsland"":""Taiwan"",""K-Typ"":""119481|119482|119483|107811|107814|115815|107819|101100|101101|107657|119467|119468|119470|119472|119473|119471|101104|101108|101110|101103|101109|101102|101106|101111|119475|119476|119477|119478|119479|119480|101112|101114|101118|101117|101122|101113|101115"",""Kategorie"":""Fahrzeugteile > Karosserie & Exterieur > Spiegel & Zubehör > Außenspiegel"",""Modelljahr"":""ab 2013"",""OEM Referenznummer"":""388-FDD527TL"",""Produktart"":""Außenspiegel"",""Produktgruppe"":""Außenspiegel"",""Referenznummer(n) OE"":""388-FDD527TL"",""Titel"":""TYC Außenspiegel Rechts beheizbar Ford Transit VI (ab 2013) 310-0237"",""Verstellart"":""Elektrisch"",""weight"":1,""Zusatzfunktion"":""Toter-Winkel-Assistent"",""Zustand"":""Neu""}",126.38 EUR,XGA0106A,1
"NRF Ladeluftkühler 0030119A für BMW – Neu, optimierte Motoreffizienz, Auto",NRF,Auto & Motorrad: Teile > Autoteile & Zubehör > Federung & Lenkung > Lenksäulen,SKU-3341294632,8718042150288,Optimiert Motorleistung und Effizienz für BMW Fahrzeuge. | Sorgt für effektive Ladeluftkühlung und verbesserte Verbrennung. | NRF Markenqualität garantiert höchste Zuverlässigkeit und Langlebigkeit. | Präzise Passform ermöglicht einfache und schnelle Installation. | Schützt den Motor vor Überhitzung und sichert konstante Leistung. | Verbessert Fahrdynamik und Ansprechverhalten des Motors. | Reduziert Kraftstoffverbrauch durch optimierte Motorleistung.,"Steigern Sie die Performance Ihres BMW mit dem NRF Ladeluftkühler, der speziell für maximale Leistungsoptimierung und Effizienz entwickelt wurde. Erleben Sie eine signifikant verbesserte Fahrdynamik dank effektiver Ladeluftkühlung und optimierter Verbrennung, die Ihr Fahrerlebnis transformiert.Gefertigt mit NRFs ""THE ART OF COOLING"" Expertise, garantiert dieser hochwertige Ladeluftkühler höchste Zuverlässigkeit und eine außergewöhnlich lange Lebensdauer. Die präzise Passform sichert eine unkomplizierte und schnelle Installation, um die volle Leistung Ihres BMW umgehend wiederherzustellen.Vertrauen Sie auf bewährte NRF Markenqualität, die Ihren Motor vor Überhitzung schützt und konstante Höchstleistung unter allen Bedingungen garantiert. Sichern Sie sich dieses Upgrade für Ihren BMW und profitieren Sie von unserem schnellen Versand und exzellenten Kundenservice.","{""Auslassdurchmesser"":""50 mm"",""EAN"":""8718042150288"",""Einlassdurchmesser"":""50 mm"",""Fahrzeugmarke"":""BMW"",""Farbe"":""Silber"",""GPSR Manufacturer name"":""NRF"",""Herstellernummer"":""0030119A"",""Höhe"":""127 mm"",""K-Typ"":""54952|9045|13874|14774|12141|14185|14773"",""Kategorie"":""Auto & Motorrad: Teile > Autoteile & Zubehör > Federung & Lenkung > Lenksäulen"",""Länge"":""685 mm"",""Marke"":""NRF"",""Material"":""Aluminium"",""Produktart"":""Ladeluftkühler"",""weight"":1,""Zustand"":""Neu""}",80.67 EUR,XGA0106D,1
Victron Energy Batterieschalter 275A/48V für sichere DC-Systeme,Victron Energy,Auto & Motorrad: Teile > Klein- & Leichtkraftradteile > Leichtkraftradteile > Elektrik & Zündung,SKU-9132277490,8719076052258,"Sichere Batterietrennung bis 48V/275A für maximale Systemstabilität. | Zündgeschützt nach ISO8846, ideal für sichere Motorraumanwendungen. | Ergonomischer, abnehmbarer Drehknopf für einfache und sichere Bedienung. | Vielseitig einsetzbar in Marine, Automotive und DC-Systemen. | 5 Jahre Victron Energy Herstellergarantie für höchste Zuverlässigkeit.","Der Victron Energy Batterieschalter 275A/48V bietet eine unverzichtbare Sicherheitslösung für alle Gleichstromsysteme. Er ermöglicht die zuverlässige Trennung von Batterien, schützt effektiv vor Überlastung und gewährleistet höchste Betriebssicherheit.Dieses Qualitätsprodukt erfüllt die strengen ISO8846 Zündschutzanforderungen und ist somit ideal für den Einsatz in sensiblen Motorräumen geeignet. Der robuste Aufbau aus hochwertigem Kunststoff und Metall garantiert Langlebigkeit unter anspruchsvollen Bedingungen; der Lieferumfang umfasst den Batterieschalter selbst.Als integraler Bestandteil des Victron Energy Sortiments kommt dieser Schalter mit einer umfassenden 5-jährigen Herstellergarantie, die seine außergewöhnliche Zuverlässigkeit unterstreicht. Die einfache Installation macht ihn zur bevorzugten Wahl für Fachleute und Heimwerker in Marine-, Automotive- und Industrieanwendungen.","{""Anwendungsbereich"":""Marine, Automotive, DC-Lasten"",""Besonderheiten"":""Zündgeschützt (ISO8846), Abnehmbarer Drehknopf"",""Farbe"":""Schwarz, Rot"",""Garantie"":""5 Jahre"",""GPSR Manufacturer name"":""Victron Energy"",""Herstellungsland"":""Taiwan, Asia"",""Kategorie"":""Auto & Motorrad: Teile > Klein- & Leichtkraftradteile > Leichtkraftradteile > Elektrik & Zündung"",""Material"":""Kunststoff, Metall"",""Produktart"":""Batterieschalter"",""Spannung"":""48 V"",""Stromstärke"":""275 A"",""Zustand"":""Neu""}",35.39 EUR,,0
Calvin Klein Herren Low Rise Trunks Baumwoll-Stretch Mehrfarbig Gr. L U2664-4KU,Calvin Klein,Herrenmode > Unterwäsche > Boxershorts,SKU-8798489036,8719115000028,Klassischer Low Rise Schnitt für optimalen Tragekomfort. | Hochwertiges Baumwoll-Stretch-Material für perfekte Passform. | Garantiert hervorragende Formbeständigkeit über den ganzen Tag. | Praktisches 3er Pack für vielseitige und tägliche Nutzung. | Zeitloses Design kombiniert mit langlebiger Calvin Klein Qualität. | Bietet maximale Bewegungsfreiheit durch flexiblen Stretch-Anteil.,,"{""Anlass"":""Alltag"",""Anzahl pro Packung"":""3"",""Besonderheiten"":""Stretch"",""Bundart"":""Elastisch"",""Bundhöhe"":""Niedrig"",""Farbe"":""Mehrfarbig"",""Größe"":""L"",""Herstellernummer"":""U2664-4KU"",""Marke"":""Calvin Klein"",""Material"":""Baumwoll-Stretch"",""Modell"":""Low Rise Trunks"",""Muster"":""Einfarbig"",""Passform"":""Klassisch"",""Produktart"":""Boxershorts"",""Produktlinie"":""Cotton Stretch"",""Schnitt"":""Low Rise"",""weight"":1,""Zielgruppe"":""Herren"",""Zustand"":""Gebraucht""}",28.9 EUR,XGA0105B,1
Cloudpillo Kissen für individuellen Schlafkomfort & optimale Unterstützung,Cloudpillo,"Möbel & Wohnen > Bettwaren, -wäsche & Matratzen > Kopfkissen & Körperkissen",SKU-3692000771,8720828172452,"Individuell anpassbar für perfekte Höhe und Festigkeit. | Fördert eine ergonomisch korrekte Schlafposition nachhaltig. | Garantiert erholsamen Schlaf für ein erfrischtes Erwachen. | OEKO-TEX® STANDARD 100 zertifiziert für höchste Hautfreundlichkeit. | Hochwertige, schadstoffgeprüfte Materialien für Komfort und Hygiene. | Unkomplizierte Pflege sichert langanhaltende Frische und Lebensdauer.","Das Cloudpillo Kissen revolutioniert Ihren Schlaf durch seine einzigartige Anpassungsfähigkeit, die eine ergonomisch korrekte Schlafposition ermöglicht. Passen Sie Füllmenge, Höhe und Festigkeit präzise an Ihre individuellen Bedürfnisse an, um jede Nacht spürbar erholsamer zu gestalten.Gefertigt aus hochwertigen und streng schadstoffgeprüften Materialien, garantiert dieses Kissen langanhaltenden Komfort und höchste Hygiene. Die OEKO-TEX® STANDARD 100 Zertifizierung bestätigt zudem die außergewöhnliche Hautfreundlichkeit und gesundheitliche Unbedenklichkeit für Ihr Wohlbefinden.Im Lieferumfang ist Ihr neues Cloudpillo Kissen enthalten, das sofort einsatzbereit ist und Ihren Schlaf nachhaltig verbessert. Die unkomplizierte Pflege sorgt für dauerhafte Frische und eine lange Lebensdauer, damit Sie jede Nacht optimal unterstützt werden und lange Freude daran haben.","{""Anpassbarkeit"":""Individuell anpassbar"",""Besonderheiten"":""Anpassbar, OEKO-TEX zertifiziert"",""Farbe"":""Grau"",""GPSR Manufacturer name"":""Cloudpillo"",""Herstellernummer"":""CPP10101-6"",""Kategorie"":""Möbel & Wohnen > Bettwaren, -wäsche & Matratzen > Kopfkissen & Körperkissen"",""Marke"":""Cloudpillo"",""Produktart"":""Kissen"",""Zertifizierung"":""OEKO-TEX STANDARD 100"",""Zimmer"":""Schlafzimmer"",""Zustand"":""Neu""}",55.96 EUR,XGA0201B,1
"Glosen Schubladenbox mit 7 Schubladen Silber H31,5x B35x T29,8cm Stahl",Glosen,Büro & Schreibwaren > Büromöbel > Schränke & Regale > Aktenschränke,SKU-2629282795,,"Robuster Metall-Aktenschrank garantiert langanhaltende und zuverlässige Nutzung. | Sechs geräumige Schubladen ermöglichen optimale Dokumentenorganisation und schnellen Zugriff. | Integriertes Sicherheitsschloss schützt vertrauliche Unterlagen effektiv vor unbefugtem Zugriff. | Modernes, elegantes Design in Silber fügt sich harmonisch in jede Umgebung ein. | Vielseitig einsetzbar für Büro, Home-Office und private Archivierungszwecke. | Pflegeleichte Metalloberfläche gewährleistet einfache Reinigung und dauerhaft professionelles Aussehen.",,"{""Anzahl Schubladen"":""7"",""Breite"":""35"",""Farbe"":""Silber"",""Höhe"":""31.5"",""Marke"":""Glosen"",""Material"":""Stahl"",""Produktart"":""Schubladenbox"",""Tiefe"":""29.8"",""Verschlussart"":""Schloss"",""weight"":1,""Zustand"":""Neu""}",65 EUR,XGA0106A,1
Bosch Hammerbohrer SDS max-4 2608685873 30mm x 520mm für Beton Metall,Bosch,Business & Industrie > Werkzeuge & Werkstattbedarf > Elektrowerkzeug-Zubehör > Bohrer,SKU-2930571748,3165140564250,"Bis zu 1,5x längere Lebensdauer für maximale Wirtschaftlichkeit. | Höchste Präzision und schnelle Bohrergebnisse in Beton. | Sichere SDS max Schaftverbindung für optimale Kraftübertragung. | Professionelle Bosch Qualität für unübertroffene Zuverlässigkeit. | Innovative LONG LIFE Technologie für verlängerte Nutzungsdauer. | Ideal für anspruchsvolle professionelle Bohrarbeiten.","Dieser Bosch SDS max-4 Hammerbohrer ist das ideale Werkzeug für anspruchsvolle Bohrarbeiten in Beton und Mauerwerk. Seine hochwertige Metallkonstruktion und die innovative LONG LIFE Technologie gewährleisten höchste Präzision und eine bis zu 1,5-fach längere Lebensdauer. Der robuste Bohrer aus Spezialmetall bietet dank des SDS max Schafts eine optimale Kraftübertragung und sichere Verbindung mit allen gängigen Bohrhämmern. Im Lieferumfang ist ein hochwertiger Hammerbohrer enthalten, der sofort einsatzbereit ist. Profitieren Sie von der bewährten Bosch Qualität für unübertroffene Zuverlässigkeit und Langlebigkeit im professionellen Einsatz. Bitte beachten Sie stets die Sicherheitshinweise des Herstellers für eine optimale und sichere Anwendung.","{""Anwendungsbereich"":""Beton, Mauerwerk"",""Arbeitslänge"":""400 mm"",""Durchmesser"":""30 mm"",""Gesamtlänge"":""520 mm"",""GPSR Manufacturer name"":""Bosch"",""Herstelleradresse"":""Robert Bosch Power Tools GmbH, 70538 Stuttgart/GERMANY"",""Herstellernummer"":""2608685873"",""Kategorie"":""Business & Industrie > Werkzeuge & Werkstattbedarf > Elektrowerkzeug-Zubehör > Bohrer"",""Lebensdauer"":""Bis zu 1,5x länger als SDS max-2"",""Lieferumfang"":""1x Hammerbohrer"",""Marke"":""Bosch"",""Material"":""Metall"",""Modell"":""SDS max-4"",""Produkt-ID"":""3165140564250"",""Produktart"":""Hammerbohrer"",""Schafttyp"":""SDS max"",""Set"":""Nein"",""weight"":1,""Zustand"":""Neu""}",28.79 EUR,XGA0102B,1
Nissan Motoröl KE900-90043 5W-30 5 Liter,Nissan,"Auto & Motorrad: Teile > Öl, Pflege- & Schmiermittel > Motoröl",SKU-3310911465,90090043468127,Speziell für Nissan Dieselmotoren mit DPF entwickelt. | Synthetische Technologie für maximalen Motorschutz. | Optimale Leistung und Effizienz unter allen Bedingungen. | Erfüllt strenge ACEA C4 und API SM/CF Standards. | Reduziert Emissionen und schont den Dieselpartikelfilter. | Verlängert die Lebensdauer des Motors erheblich.,,"{""Einsatzbereich"":""Dieselmotoren mit DPF"",""Fahrzeugtyp"":""PKW"",""Gebindegröße"":""5 Liter"",""Herstellernummer"":""KE900-90043"",""Marke"":""Nissan"",""Produktart"":""Motoröl"",""Spezifikation"":""ACEA C4, API SM/CF"",""Technologie"":""Synthetisch"",""Viskositätsklasse"":""5W-30"",""weight"":1,""Zustand"":""Neu""}",32 EUR,XGA0106D,1
CECIPA Küchenarmatur Schwarz mit Ausziehbrause für flexible Küchenarbeit,CECIPA,Heimwerker > Bad & Küche > Küche > Küchenarmaturen,SKU-8036579486,9132580602006,Elegantes schwarzes Design wertet jede moderne Küche stilvoll auf. | Integrierte Ausziehbrause für maximale Flexibilität beim Spülen. | Präzise Einhebelsteuerung ermöglicht einfache Temperatur- und Mengenregelung. | Robuste Messingkonstruktion garantiert Langlebigkeit und zuverlässige Funktion. | Schwenkbarer Auslauf erhöht den Komfort bei allen Küchenarbeiten. | Schnelle und unkomplizierte Einlochmontage spart wertvolle Zeit. | Hochwertige Materialien sorgen für eine angenehme Haptik und Hygiene.,"Die CECIPA Küchenarmatur in elegantem Schwarz bereichert jede moderne Küche mit Stil und Funktionalität. Ihre integrierte Ausziehbrause bietet maximale Flexibilität beim Spülen und Reinigen.Gefertigt aus hochwertigem Messing, garantiert diese Armatur Langlebigkeit und eine angenehme Haptik im täglichen Gebrauch. Die präzise Einhebelsteuerung sowie der schwenkbare Auslauf erhöhen den Bedienkomfort erheblich.Die unkomplizierte Einlochmontage ist dank des vollständigen Lieferumfangs mit allen Befestigungsmaterialien und Anschlussschläuchen schnell erledigt. Genießen Sie den Komfort und die Effizienz, die diese hochwertige Armatur in Ihren Küchenalltag bringt und langfristig Freude bereitet.","{""Anwendungsbereich"":""Küche"",""Anzahl der Griffe"":""Einhebel"",""Ausziehbar"":""Ja"",""Farbe"":""Schwarz"",""GPSR Manufacturer name"":""CECIPA"",""Marke"":""CECIPA"",""Material"":""Messing"",""Montageart"":""Einlochmontage"",""Oberfläche"":""Matt"",""Schwenkbar"":""Ja"",""Spülbrause"":""Ja"",""Stil"":""Modern"",""Wasserhahnloch-Anzahl"":""1""}",39.99 EUR,XGA0204B,1
Offgridtec Sammelschiene 8-01-012830 Heavy Duty mit M8/M10 Anschlussbolzen,Offgridtec,Business & Industrie > Elektronik & Messtechnik > Kabel & Leitungen > Kabelverbinder & Anschlussklemmen > Leitungs- & Kabelverbinder,SKU-3988740005,4250983259612,"Extrem robuste Bauweise für höchste Langlebigkeit und Zuverlässigkeit. | Effiziente Stromverteilung durch M8 und M10 Anschlussbolzen gewährleistet. | Vielseitige Anschlussoptionen für M4, M5, M8 und M10 Klemmen verfügbar. | Optimaler Kurzschlussschutz durch isolierte BusBar Box integriert. | Ideal für Marine, Wohnmobil und Solaranlagen geeignet. | Einfache Installation und wartungsarmer Betrieb ermöglicht.","Die Offgridtec Heavy Duty Sammelschiene M8 bietet eine extrem robuste und sichere Lösung für die effiziente Stromverteilung in anspruchsvollen Umgebungen. Sie optimiert die elektrische Infrastruktur Ihrer Anlage und gewährleistet höchste Betriebssicherheit unter extremen Bedingungen.Gefertigt aus widerstandsfähigem Kunststoff und Metall, schützt diese isolierte BusBar Box Ihr System zuverlässig vor Kurzschlüssen und externen Einflüssen. Mit vier M8 Anschlussbolzen und flexiblen Optionen für M10, M5 und M4 Klemmen ermöglicht sie eine vielseitige Integration in Marine-, Wohnmobil- und Solaranlagen.Der Lieferumfang umfasst eine Offgridtec Heavy Duty Sammelschiene M8, die sofort einsatzbereit ist. Profitieren Sie von der bewährten Offgridtec Qualität und unserem umfassenden Support für langfristige Betriebssicherheit und Zufriedenheit.","{""Angebotspaket"":""Nein"",""Anschlussart"":""Schraubklemmen"",""Anwendungsbereich"":""Marine, Wohnmobil, Solaranlagen"",""Anzahl Anschlussbolzen gesamt"":""20"",""Anzahl der Einheiten"":""1"",""Anzahl M10 Anschlussbolzen"":""4"",""Anzahl M10 Terminal Studs"":""4"",""Anzahl M4 Anschlussbolzen"":""6"",""Anzahl M4 Schraubklemmen"":""6"",""Anzahl M5 Anschlussbolzen"":""6"",""Anzahl M5 Schrauben"":""6"",""Anzahl M8 Anschlussbolzen"":""4"",""Besonderheiten"":""Heavy Duty, isoliert"",""EAN"":""4250983259612"",""Farbe"":""Schwarz"",""GPSR Manufacturer address"":""Im Gewerbepark 11, 84307 Eggenfelden-Germany"",""GPSR Manufacturer email"":""info@offgridtec.com"",""GPSR Manufacturer name"":""Offgridtec GmbH"",""Hersteller"":""Offgridtec GmbH"",""Herstelleradresse"":""Im Gewerbepark 11, 84307 Eggenfelden-Germany"",""Herstellernummer"":""8-01-012830"",""Isolierung"":""Ja"",""Kategorie"":""Business & Industrie > Elektronik & Messtechnik > Kabel & Leitungen > Kabelverbinder & Anschlussklemmen > Leitungs- & Kabelverbinder"",""Marke"":""Offgridtec"",""Maßeinheit"":""Stück"",""Material"":""Kunststoff, Metall"",""Modifizierter Artikel"":""Nein"",""Produktart"":""Sammelschiene"",""Typ"":""BusBar Box"",""weight"":1,""Zustand"":""Neu""}",20.44 EUR,XGA0106B,1
FAST Kabelloses Ladegerät A1Pro 15W Qi 9V Eingang Kunststoff,FAST,Handys & Kommunikation > Handy-Zubehör > Ladegeräte & Dockingstationen,SKU-2439653897,3738147686,Blitzschnelles 15W Qi-Laden für alle kompatiblen Smartphones. | Universelle Kompatibilität für alle Qi-fähigen Geräte garantiert. | Rutschfestes Design aus robustem Kunststoff für sicheren Stand. | Inklusive 1 Meter USB-Ladekabel für sofortigen Einsatz. | Effizienter Betrieb mit 9V Eingangsspannung für stabile Leistung. | Einfache Plug-and-Play-Inbetriebnahme ohne komplexe Installation.,"Das A1Pro kabellose Schnellladegerät revolutioniert Ihr Ladeerlebnis, indem es Ihre Qi-fähigen Geräte blitzschnell und ohne Kabelsalat mit Energie versorgt. Genießen Sie maximale Freiheit und ein aufgeräumtes Umfeld, während Ihr Smartphone stets einsatzbereit ist.Erleben Sie die beeindruckende 15W Leistung, die Ihr Smartphone in Rekordzeit auflädt, und vertrauen Sie auf das intelligente rutschfeste Design für optimalen Halt. Gefertigt aus hochwertigem Kunststoff, bietet das A1Pro zuverlässigen Schutz vor Kratzern und ungewolltem Verrutschen.Im Lieferumfang ist ein 1-Meter-USB-Ladekabel enthalten, welches eine sofortige Inbetriebnahme des universell Qi-kompatiblen Ladegeräts ermöglicht. Profitieren Sie von schnellem Versand und einem 14-tägigen Rückgaberecht, um sich risikofrei von der Qualität und Effizienz des A1Pro zu überzeugen.","{""Anschluss"":""USB"",""Ausgangsleistung"":""15W"",""Besonderheiten"":""Rutschfest, Schnellladefunktion"",""Eingangsleistung"":""18W"",""Eingangsspannung"":""9V"",""Eingangsstrom"":""2A"",""GPSR Manufacturer name"":""FAST"",""Kategorie"":""Handys & Kommunikation > Handy-Zubehör > Ladegeräte & Dockingstationen"",""Kompatible Marke"":""Universal"",""Marke"":""FAST"",""Material"":""Kunststoff"",""Modell"":""A1Pro"",""Produktart"":""Kabelloses Ladegerät"",""Standard"":""Qi"",""USB-Kabellänge"":""1m"",""weight"":1,""Zustand"":""Neu""}",11.89 EUR,,0
Leevitex Jersey Spannbettlaken Gelb 90-100x200-220cm Baumwolle OEKO-TEX Neu,Leevitex,Heimtextilien > Bettwäsche & Bettwaren > Spannbettlaken,SKU-6469360404,4250000000000,"100% feinste gekämmte Baumwolle für höchsten Schlafkomfort. | OEKO-TEX Standard 100 zertifiziert, ideal für Allergiker. | Sanfor-Knit Ausrüstung sichert Formstabilität und Einlaufschutz. | Atmungsaktiv und hautfreundlich, perfekt für empfindliche Haut. | Passend für Matratzen 90x200cm bis 100x220cm. | Ideal für Boxspring- und Wasserbetten geeignet. | Pflegeleicht: 60°C waschbar und trocknergeeignet.","Das Leevitex Jersey Spannbettlaken in Gelb aus 100% gekämmter Baumwolle ist ideal für Boxspring- und Wasserbetten (90-100x200-220cm). Es ist Öko-Tex Standard 100 zertifiziert, einlaufsicher und pflegeleicht.","{""Atmungsaktiv"":""Ja"",""Besondere Merkmale"":""Sanfor-Knit (einlaufsicher)"",""Farbe"":""Gelb"",""Für Allergiker geeignet"":""Ja"",""Geeignet für"":""Boxspringbetten, Wasserbetten"",""Gewebeart"":""Jersey"",""Grammatur"":""170 g/m²"",""Lieferumfang"":""1 Spannbettlaken"",""Marke"":""Leevitex"",""Material"":""100% Baumwolle"",""Matratzengröße"":""90-100 x 200-220 cm"",""Muster"":""Uni"",""Produktart"":""Spannbettlaken"",""Stil"":""Modern"",""Trocknergeeignet"":""Ja"",""Verschluss"":""Ohne Verschluss"",""Waschtemperatur"":""60 °C"",""weight"":1,""Zertifizierung"":""OEKO-TEX Standard 100"",""Zimmer"":""Schlafzimmer"",""Zustand"":""Neu""}",12.99 EUR,XGA0103B,2
Apple Magic Mouse 2 – Präzise Multi-Touch Maus für Mac & iPad,Apple,"Computer, Tablets & Netzwerk > Tastaturen, Mäuse & Pointing",SKU-0000524938,0195949655968,"Revolutionäre Multi-Touch Gestensteuerung für maximale Effizienz. | Integrierter, wiederaufladbarer Akku – umweltfreundlich, keine Batterien nötig. | Kabellose Bluetooth-Konnektivität für einen stets aufgeräumten Arbeitsplatz. | Ergonomisches, schlankes Design – höchster Komfort für Links- & Rechtshänder. | Unübertroffene Präzision für flüssiges Arbeiten und exakte Cursorführung. | Nahtlose Integration in Ihr Apple-Ökosystem für optimierte Workflows.","Die Apple Magic Mouse 2 bietet Mac-Nutzern höchste Präzision und ein elegantes Design für einen optimierten Workflow. Sie integriert sich nahtlos in Ihr Apple-Ökosystem und steigert Ihre Produktivität durch intuitive Bedienbarkeit, ideal für kreative und professionelle Anwendungen.Erleben Sie revolutionäre Interaktion mit macOS dank der innovativen Multi-Touch Oberfläche, die Gesten wie Wischen und Scrollen direkt auf der Maus ermöglicht. Der integrierte, wiederaufladbare Akku und die stabile Bluetooth-Konnektivität garantieren langanhaltende Energie sowie einen aufgeräumten Arbeitsplatz ohne störende Kabel.Gefertigt aus hochwertigen Materialien, liegt die Magic Mouse 2 ergonomisch in der Hand und bietet maximalen Komfort für Links- und Rechtshänder. Der Lieferumfang umfasst die Maus; bitte beachten Sie, dass ein Ladekabel separat erhältlich ist, um Ihnen maximale Flexibilität zu bieten.","{""Besonderheiten"":""Multi-Touch, Wiederaufladbar"",""EMC"":""2923"",""Farbe"":""Weiß"",""Gerätetyp"":""Maus"",""GPSR Manufacturer name"":""Apple"",""Herstellernummer"":""A1657"",""Kategorie"":""Computer, Tablets & Netzwerk > Tastaturen, Mäuse & Pointing"",""Konnektivität"":""Bluetooth"",""Marke"":""Apple"",""Modell"":""Magic Mouse 2 A1657"",""Produktart"":""Maus"",""Zustand"":""Neu (sonstige)""}",39 EUR,,0
WMF Kinderbesteck Knuddel 4-tlg. – Fördert Selbstständigkeit & Freude am Essen,WMF,Baby > Ernährung > Kindergeschirr & -besteck > Kinderbesteck,SKU-0058749943,4000530351531,Ergonomische Form für sicheren Halt in kleinen Kinderhänden. | Hochwertiger Cromargan Edelstahl 18/10 für langanhaltende Freude. | Fördert spielerisch Selbstständigkeit und positive Essgewohnheiten. | Spülmaschinenfest und pflegeleicht für maximale Hygiene im Alltag. | Gezielte Förderung motorischer Fähigkeiten und Hand-Augen-Koordination. | Komplettes 4-teiliges Set für den idealen Start am Familientisch.,"Das WMF Kinderbesteck Knuddel ist ein liebevoll gestaltetes 4-teiliges Set, das speziell für kleine Hände und Münder entwickelt wurde. Es fördert spielerisch die Selbstständigkeit beim Essen und macht jede Mahlzeit zu einem besonderen Erlebnis für Ihr Kind.Gefertigt aus hochwertigem, rostfreiem Cromargan Edelstahl 18/10, garantiert dieses Besteckset Langlebigkeit und Freude über viele Jahre hinweg. Die kindgerechte Größe und ergonomische Form der Besteckteile sorgen für sicheren Halt und erleichtern den Umgang, wodurch motorische Fähigkeiten optimal unterstützt werden.Das Set umfasst eine kindgerechte Gabel, ein stumpfes Messer, einen Esslöffel und einen Teelöffel, perfekt abgestimmt auf die Bedürfnisse kleiner Essanfänger. Zudem ist es spülmaschinenfest und pflegeleicht, was maximale Hygiene und eine einfache Reinigung im Familienalltag gewährleistet.","{""Altersgruppe"":""Kinder"",""Anzahl Teile"":""4"",""Farbe"":""Silber"",""GPSR Manufacturer name"":""WMF"",""Herstellernummer"":""3201002485"",""Kategorie"":""Baby > Ernährung > Kindergeschirr & -besteck > Kinderbesteck"",""Marke"":""WMF"",""Material"":""Cromargan Edelstahl 18/10"",""Produktart"":""Besteck-Set"",""Serie"":""Knuddel"",""Set enthält"":""Gabel, Messer, Esslöffel, Teelöffel"",""Spülmaschinenfest"":""Ja"",""Zustand"":""Neu""}",24.99 EUR,XGA0102B,1
ARKK Copenhagen Visuklass Leather Damen Sneaker White Pacific NEU OVP Gr. 37,ARKK Copenhagen,Kleidung & Accessoires > Damen > Damenschuhe,SKU-0110888325,5712929568831,Stilvolles Design in Weiß mit grünen Akzenten | Hochwertiges Leder für Premium-Qualität und Langlebigkeit | Innovative Gummisohle für optimalen Tragekomfort | Vielseitig kombinierbar für Alltag und urbane Looks | Einfache Pflege des Ledermaterials für dauerhafte Schönheit,"Der ARKK Copenhagen Visuklass Leather Sneaker bietet stilbewussten Damen exzellenten Komfort und zeitlose Eleganz für den Alltag. Sein vielseitiges Design in Weiß mit frischen grünen Akzenten macht ihn zum idealen Begleiter für jede Garderobe und urbane Abenteuer.Gefertigt aus erstklassigem Leder, besticht dieser Schuh durch seine Premium-Qualität und außergewöhnliche Langlebigkeit. Das hochwertige Lederobermaterial und die innovative Gummisohle garantieren optimalen Tragekomfort und eine angenehme Dämpfung bei jedem Schritt.Im Lieferumfang enthalten ist ein Paar dieser exklusiven Sneaker, bereit für Ihre täglichen Aktivitäten. Die einfache Pflege des Leders sichert eine dauerhaft ansprechende Optik, sodass Sie lange Freude an diesem exklusiven Schuh haben werden.","{""Absatzform"":""Flach"",""Absatzhöhe"":""Flach (Kleiner als 2,5 cm)"",""Abteilung"":""Damen"",""Akzente"":""Grün"",""Altersgruppe"":""Erwachsene"",""Anlass"":""Freizeit"",""Besonderheiten"":""Komfort"",""EU-Schuhgröße"":""37"",""Farbe"":""Weiß"",""Fußlänge (CM)"":""23"",""Futtermaterial"":""Leder"",""Geschlecht"":""Damen"",""GPSR Manufacturer name"":""ARKK Copenhagen"",""Handgefertigt"":""Nein"",""Individualisiert"":""Nein"",""Innensohlenmaterial"":""Leder"",""Jahreszeit"":""Frühling, Sommer, Herbst, Winter"",""Kategorie"":""Kleidung & Accessoires > Damen > Damenschuhe"",""Laufsohlenmaterial"":""Leder"",""Marke"":""ARKK Copenhagen"",""Modell"":""Visuklass Leather Strat65"",""Muster"":""Einfarbig"",""Obermaterial"":""Leder"",""Produktart"":""Freizeitschuh"",""Schuhschaft-Typ"":""Low Top"",""Sportart"":""Lifestyle"",""Stil"":""Sneaker"",""UK-Schuhgröße"":""6"",""US-Schuhgröße"":""6"",""Verschluss"":""Schnürung"",""Vintage"":""Nein"",""weight"":1,""Zustand"":""Neu mit Karton""}",84 EUR,XGA0302B,1
Adidas Campus 00s Sneaker – Ikonischer Retro-Stil & höchster Komfort,Adidas,Kleidung & Accessoires > Herren > Herrenschuhe > Sneaker,SKU-0114729665,4066748539567,Ikonischer Retro-Stil für zeitlose Eleganz im Alltag genießen. | Hochwertiges Wildleder bietet luxuriöse Haptik und hohe Strapazierfähigkeit. | Unverwechselbares Adidas-Design mit markanten 3-Streifen setzt ein Statement. | Mühelose Kombination mit lässigen Jeans oder eleganten Outfits möglich. | Hoher Tragekomfort durch ergonomische Konstruktion für den ganzen Tag. | Robuste Sohle sichert zuverlässigen Halt und lange Haltbarkeit.,"Der Adidas Campus 00s Sneaker vereint ikonischen Retro-Stil mit modernem Komfort für Ihren Alltag. Er unterstreicht Ihren individuellen Look mit einer perfekten Mischung aus authentischem Charme und aktuellen Modetrends.Gefertigt aus hochwertigem Wildleder, bietet das Obermaterial eine luxuriöse Haptik und beeindruckende Strapazierfähigkeit. Die ikonischen weißen 3-Streifen setzen einen markanten Kontrast und betonen das unverwechselbare Adidas-Design.Dieser vielseitige Sneaker ergänzt mühelos lässige Jeans sowie sportlich-elegante Outfits und wird als Paar geliefert. Für langanhaltende Freude am Produkt empfiehlt sich die regelmäßige Pflege mit einer speziellen Wildlederbürste und einem Imprägnierspray.","{""Absatzhöhe"":""Flach"",""Anlass"":""Freizeit"",""Besonderheiten"":""Atmungsaktiv, Komfort"",""Einlegesohlenmaterial"":""Textil"",""Farbe"":""Rot"",""Futtermaterial"":""Textil"",""GPSR Manufacturer name"":""Adidas"",""Herstellernummer"":""SKU-0114729665"",""Jahreszeit"":""Alle Jahreszeiten"",""Kategorie"":""Kleidung & Accessoires > Herren > Herrenschuhe > Sneaker"",""Laufsohlenmaterial"":""Gummi"",""Marke"":""Adidas"",""Modell"":""Campus 00s"",""Obermaterial"":""Wildleder"",""Passform"":""Normal"",""Produktlinie"":""adidas Campus"",""Schuhgröße_EU"":""42 2/3"",""Stil"":""Sneaker"",""Verschluss"":""Schnürsenkel""}",75 EUR,XGA0302A,1
"STALESET Handtuchhalter Schwarz Matt | Robust, elegant & platzsparend",STALESET,Möbel & Wohnen > Badezimmer > Badezimmerzubehör > Handtuchhalter,SKU-0152828115,20210522000074,"Elegantes, matt-schwarzes Design wertet jedes moderne Bad sofort auf. | Robuste Metallkonstruktion sichert maximale Langlebigkeit und Stabilität. | Platzsparende Wandmontage für optimale Raumnutzung und sofortige Ordnung. | Extrem pflegeleichte Oberfläche für dauerhaft makelloses Aussehen. | Hält Handtücher stets griffbereit und stilvoll für Ihr Badezimmer. | Schnelle Montage ermöglicht sofortige Nutzung und spart wertvolle Zeit.","Der STALESET Handtuchhalter TH01-BK bietet eine stilvolle und äußerst praktische Lösung, um Ihre Handtücher stets griffbereit und ordentlich zu halten. Sein elegantes matt-schwarzes Design fügt sich nahtlos in jede moderne Badezimmereinrichtung ein und wertet den Raum optisch auf. Gefertigt aus robustem Metall, garantiert dieser hochwertige Handtuchhalter eine außergewöhnliche Langlebigkeit und Stabilität im täglichen Gebrauch. Die pflegeleichte Oberfläche sichert zudem eine mühelose Reinigung und bewahrt dauerhaft ein ansprechendes Erscheinungsbild in Bad, Küche oder Gäste-WC. Die unkomplizierte Wandmontage ermöglicht eine schnelle und problemlose Installation, wodurch Sie wertvollen Platz optimal nutzen können. Im Lieferumfang sind der TH01-BK Handtuchhalter sowie das vollständige Befestigungsmaterial enthalten, und unser Kundenservice steht für Fragen jederzeit bereit.","{""Farbe"":""Schwarz"",""Finish"":""Matt"",""Form"":""Rechteckig"",""Herstellernummer"":""TH01-BK"",""Kategorie"":""Möbel & Wohnen > Badezimmer > Badezimmerzubehör > Handtuchhalter"",""Marke"":""STALESET"",""Material"":""Metall"",""Modell"":""TH01-BK"",""Montage"":""Wandmontage"",""Montageart"":""Wandmontage"",""Produktart"":""Handtuchhalter"",""Zimmer"":""Badezimmer"",""Zustand"":""Neu""}",16.71 EUR,XGA0102C,1
lululemon Yogamatte Trainingsmatte: Maximaler Grip & Komfort für jedes Workout,lululemon,Sport > Fitness & Jogging > Yoga & Pilates > Yogamatten,SKU-0172791378,000144351296,"Fortschrittliche rutschfeste Oberfläche für maximale Stabilität bei jeder Übung. | 6 mm Dämpfung bietet höchsten Komfort und Gelenkschutz für intensive Workouts. | Feuchtigkeitsabweisende Zellstruktur garantiert optimale Hygiene und Geruchsneutralität. | Vielseitig einsetzbar für Yoga, Pilates, Functional Fitness und Krafttraining. | Hergestellt aus recycelten Materialien: langlebig, umweltfreundlich und nachhaltig.","Robuste 6-mm-Trainings- und Yogamatte von lululemon mit rutschfester, texturierter Oberfläche, ausgelegt für hochintensive Workouts mit Schuhen und Gewichten.","{""Aktivität"":null,""Anzahl der Einheiten"":null,""Artikelcode (Hersteller)"":""LU9AVOS BLK"",""Besonderheiten"":""Rutschfest, Feuchtigkeitsabweisend"",""Breite"":""66 cm"",""Dicke"":""6 mm"",""Farbe"":""Schwarz (BLK)"",""GPSR Manufacturer name"":""lululemon"",""Herkunft laut Etikett"":""Hergestellt in Taiwan"",""Kategorie"":""Sport > Fitness & Jogging > Yoga & Pilates > Yogamatten"",""Länge"":""180 cm"",""Marke"":""lululemon"",""Maßeinheit"":null,""Material"":""Polyvinylbutyral, TPE"",""Mittelschicht-Material"":""100 % thermoplastischer Elastomer (TPE)"",""Modell"":""The Workout Mat 6mm"",""Oberflächenstruktur"":""Erhabene, griffige Textur"",""Obermaterial"":""100 % recyceltes Polyvinylbutyral"",""Produktart"":""Yogamatte"",""Rutschfestigkeit"":""Ausgelegt für guten Halt mit Schuhen und barfuß"",""Stärke"":null,""Untermaterial"":""100 % recyceltes Polyvinylbutyral"",""weight"":1,""Zellstruktur"":""Geschlossene Zellen, feuchtigkeitsabweisend""}",98 EUR,XGA0202C,0
Malossi Variator Multivar 2000 für Roller: Explosive Leistungssteigerung,Malossi,Auto & Motorrad: Teile > Autoteile & Zubehör > Federung & Lenkung > Lenkgetriebe & -gehäuse,SKU-0236764953,4250362479310,Explosive Beschleunigung und spürbar höhere Endgeschwindigkeit erleben. | Premium-Qualität 'Made in Italy' für höchste Langlebigkeit garantiert. | Optimierte Kraftübertragung für ein dynamisches Fahrgefühl sorgen. | Konstante Top-Performance dank hochwertiger Materialien sicherstellen. | Präzise Anpassung durch abgestimmte Variomatikrollen und Feder ermöglichen.,"Der Malossi Multivar 2000 Variator optimiert die Antriebsleistung Ihres Rollers signifikant und sorgt für spürbar mehr Beschleunigung. Er ermöglicht ein wesentlich dynamischeres Fahrgefühl, ideal für sportliche Ambitionen und agiles Fahren im Alltag.Dieses Premium-Produkt wird in Italien unter strengsten Qualitätsstandards aus robusten und langlebigen Materialien gefertigt, was eine außergewöhnlich lange Lebensdauer gewährleistet. Der umfassende Lieferumfang beinhaltet den Variator, abgestimmte Variomatikrollen sowie eine hochwertige Gegendruckfeder zur präzisen Anpassung an Ihr Fahrzeug.Für optimale Funktion und maximale Haltbarkeit ist es entscheidend, die internen Gleitflächen des Variators vor der Montage sorgfältig zu schmieren. Dieser Variator ist die ideale Lösung für Rollerfahrer, die eine einfache, aber hochwirksame Leistungssteigerung für den täglichen Gebrauch oder sportliche Einsätze suchen.","{""Angebotspaket"":""Nein"",""Anzahl der Einheiten"":""1"",""Baugruppe"":""Antrieb & Getriebe"",""Besonderheiten"":""Leistungssteigerung"",""EAN"":""4250362479310"",""Einsatzbereich"":""Roller"",""Farbe"":""Silber"",""Gewichtseinheit"":""kg"",""GPSR Manufacturer name"":""Malossi"",""Hersteller"":""Malossi"",""Herstellernummer"":""105E-320"",""Herstellungsland"":""Italien"",""Herstellungsland und -region"":""Italien"",""Kategorie"":""Auto & Motorrad: Teile > Autoteile & Zubehör > Federung & Lenkung > Lenkgetriebe & -gehäuse"",""Marke"":""Malossi"",""Maßeinheit"":""Stück"",""Material"":""Metall"",""Modell"":""Multivar 2000"",""Oldtimer-Teil"":""Nein"",""Produktart"":""Variator"",""Universelle Passform"":""Nein"",""Zustand"":""Neu""}",270.1 EUR,XGA0102B,1
H&M Damen Strickpullover: Zeitloser Stil & Hoher Tragekomfort,H&M,Kleidung & Accessoires > Herren > Herrenmode > Pullover & Strick,SKU-0280699295,09700310601067,"Zeitloser roter Stil für vielseitige Kombinationen das ganze Jahr. | Hautfreundliche Baumwolle garantiert höchsten Tragekomfort und Atmungsaktivität. | Vielseitig einsetzbar für Freizeit, Büro und elegante Anlässe. | Pflegeleicht und formbeständig, behält Farbe nach vielen Wäschen. | Langanhaltende Qualität durch hochwertige Verarbeitung für dauerhafte Freude. | Angenehmer Rundhals-Ausschnitt bietet klassischen Look und bequemes Tragegefühl.","Dieser H&M Damen Strickpullover in klassischem Rot bietet zeitlosen Stil und höchsten Tragekomfort für jede Garderobe. Er ist die ideale Wahl für diverse Anlässe, von entspannten Freizeitmomenten bis hin zu eleganten Büro-Outfits, und lässt sich mühelos kombinieren.Gefertigt aus hochwertiger, hautfreundlicher Baumwolle, gewährleistet dieser Rundhals-Pullover optimale Atmungsaktivität und ein stets angenehmes Gefühl auf der Haut. Das weiche Material schmiegt sich sanft an und sorgt den ganzen Tag für exzellenten Tragekomfort.Der Lieferumfang umfasst ausschließlich den eleganten H&M Damen Strickpullover, bereit zum sofortigen Tragen und vielseitigen Kombinieren. Dank seiner strapazierfähigen Qualität ist er besonders pflegeleicht, formbeständig und behält auch nach vielen Wäschen seine brillante Farbe.","{""9800_Farbe"":""Rot"",""9800_Herstellernummer"":""SKU-0280699295"",""9800_Marke"":""H&M"",""Anlass"":""Alltag"",""Ärmellänge"":""Langarm"",""Ausschnitt"":""Rundhals"",""Farbe"":""Rot"",""Geschlecht"":""Damen"",""Gewebeart"":""Strick"",""GPSR Manufacturer name"":""H&M"",""Handgemacht"":""Nein"",""Jahreszeit"":""Ganzjährig"",""Kategorie"":""Kleidung & Accessoires > Herren > Herrenmode > Pullover & Strick"",""Marke"":""H&M"",""Material"":""Baumwolle"",""Muster"":""Uni"",""Passform"":""Regular"",""Personalisieren"":""Nein"",""Pflegehinweis"":""Pflegeleicht"",""Pflegehinweis_Detail"":""Pflegeleicht, formbeständig"",""Produktart"":""Pullover"",""Stil"":""Casual"",""Verschluss"":""Ohne Verschluss"",""Vintage"":""Nein""}",17.99 EUR,XSGA0103A,1
Villa Grinario Jersey-Spannbettlaken: Faltenfreier Sitz & optimaler Schlafkomfort,,"Möbel & Wohnen > Bettwaren, -wäsche & Matratzen",SKU-0310087435,2060004998275,,"Erleben Sie unvergleichlichen Schlafkomfort mit dem Villa Grinario Jersey-Spannbettlaken, gefertigt aus 100% hochwertiger, weicher Baumwolle, die sanft Ihre Haut umschmeichelt für erholsame Nächte. Der innovative Rundumgummizug gewährleistet einen stets faltenfreien und sicheren Sitz auf Ihrer Matratze, was das Beziehen mühelos gestaltet. Dank des elastischen Jersey-Gewebes passt sich dieses Spannbettlaken optimal an Matratzen von 90-100 x 200 cm an und bewahrt dabei stets seine perfekte Form. Dieses Qualitätsprodukt ist bei 60°C maschinenwaschbar und trocknergeeignet, was höchste Hygiene und Komfort sicherstellt. Der Lieferumfang umfasst ein hochwertiges Spannbettlaken, das langlebige Qualität und ein dauerhaft frisches Schlafambiente garantiert.","{""Abteilung"":""Erwachsene"",""Anzahl der Teile"":""1"",""Besonderheiten"":""Rundumgummizug"",""Farbe"":""Ecru"",""Form"":""Rechteckig"",""Größe"":""90-100 x 200 cm"",""Herstellernummer"":""SZ01 / 02144001 / 866200 / 104551"",""Kategorie"":""Möbel & Wohnen > Bettwaren, -wäsche & Matratzen"",""Kategorie-Breadcrumb"":""Möbel & Wohnen > Bettwaren, -wäsche & Matratzen > Bettwäsche & Kissenbezüge > Spannbettlaken"",""Material"":""100% Baumwolle"",""Muster"":""Einfarbig"",""Ort (Aufdruck)"":""D73257 Köngen"",""Pflegeanleitung"":""Maschinenwäsche"",""Produktart"":""Spannbettlaken"",""Set enthält"":""Spannbettlaken"",""Stil"":""Modern"",""UVP"":""15.99"",""Zimmer"":""Schlafzimmer""}",14.99 EUR,XGA0201C,0
UBRAVOO Kindersitzerhöhung mit Tablett – Sicher & Mobil für Mahlzeiten,UBRAVOO,Baby > Auto-Kindersitze & Zubehör,SKU-0362404564,,"Sichere, erhöhte Sitzposition für gemeinsame Mahlzeiten am Esstisch. | Zuverlässiges 3-Punkt-Gurtsystem bietet maximale Sicherheit und Stabilität. | Leichtes, klappbares Design ideal für Reisen und platzsparende Lagerung. | Komfortable, weich gepolsterte Sitzschale mit ansprechendem Flamingo-Muster. | Abnehmbares Esstablett für müheloses Füttern und einfache, schnelle Reinigung. | Robuste Kunststoffkonstruktion garantiert Langlebigkeit und einfache Pflege. | Unkomplizierte Montage und intuitive Handhabung für schnelle Einsatzbereitschaft.","Die UBRAVOO Kindersitzerhöhung ACE1013 bietet Ihrem Kind eine sichere, erhöhte Sitzposition am Esstisch zuhause oder unterwegs. Dank integriertem 3-Punkt-Gurt sitzt Ihr Nachwuchs stabil und gut gehalten während der Mahlzeiten.

Das leichte, klappbare Design mit weich gepolsterter Sitzschale und robustem Kunststoff sorgt für hohen Komfort und einfache Handhabung. Ein abnehmbares Tablett erleichtert das Füttern und lässt sich zur Reinigung schnell abnehmen und abwischen.

Im Lieferumfang enthalten sind Kindersitzerhöhung, Tablett, Sicherheitsgurt sowie eine ausführliche Montage- und Bedienungsanleitung. Bitte verwenden Sie den Sitz nur entsprechend der Anleitung, beachten Sie die Altersempfehlung und lassen Sie Ihr Kind niemals unbeaufsichtigt sitzen.","{""Artikelgewicht"":""1,8 kg"",""Besonderheiten"":""Abnehmbares Tablett, Faltbar, Sicherheitsgurt"",""Farbe"":""Rosa"",""GPSR Manufacturer name"":""UBRAVOO"",""Herstellernummer"":""SKU-0362404564"",""Kategorie"":""Baby > Auto-Kindersitze & Zubehör"",""Klappbar"":""Ja"",""Lieferumfang"":""Kindersitzerhöhung, Tablett, Sicherheitsgurt, Bedienungsanleitung"",""Marke"":""UBRAVOO"",""Maße"":""37 x 14 x 34,5 cm"",""Material"":""Kunststoff, Stoff"",""Modell"":""ACE1013"",""Montage"":""Einfache Montage ohne Werkzeug"",""Muster"":""Flamingo"",""Produktart"":""Kindersitzerhöhung"",""Sicherheitsgurt"":""3-Punkt-Gurt"",""Versandgewicht"":""2,3 kg""}",35.99 EUR,XGA0101C,1
Jolly Füllhalter Superinky Start: Ergonomisch für Schreibanfänger,Jolly,"Büro & Schreibwaren > Papier, Büro- & Schreibwaren > Schreiben & Korrigieren > Füllfederhalter",SKU-0403766178,9014400100650,Ergonomische Form für entspannte und korrekte Stifthaltung. | Fördert flüssiges Schreiben und eine klare Handschrift effektiv. | Robuster Kunststoff garantiert hohe Langlebigkeit im Schulalltag. | Gleichmäßiges Schriftbild durch widerstandsfähige Qualitätsfeder ohne Klecksen. | Sofortiger Schreibstart dank mitgelieferter Tintenpatronen. | Einfache Reinigung und Pflege sichert dauerhafte Funktionalität.,"Der Jolly Superinky Start Füllhalter wurde speziell für Schreibanfänger entwickelt, um eine optimale Stifthaltung zu fördern. Seine ergonomische Form ermöglicht ein entspanntes und flüssiges Schreiberlebnis von der ersten Linie an.Gefertigt aus robustem Kunststoff, garantiert dieser Füllhalter Langlebigkeit und zuverlässige Leistung im Schulalltag. Die widerstandsfähige Feder gleitet sanft über das Papier und sorgt für ein gleichmäßiges, sauberes Schriftbild.Für den sofortigen Start sind passende Tintenpatronen bereits im Lieferumfang enthalten, sodass keine zusätzlichen Anschaffungen nötig sind. Die unkomplizierte Reinigung und Pflege unterstützt die Entwicklung einer klaren Handschrift und macht ihn zu einem verlässlichen Begleiter.","{""Angebotspaket"":null,""Anzahl der Einheiten"":null,""Ausgewählte Suchfilter"":null,""Beschreibung des Paketinhalts"":null,""Besonderheiten"":""Ergonomisch, Für Schreibanfänger"",""Besonderheiten der Feder"":null,""Besonderheiten der Griffzone"":null,""Füllfederhalter"":null,""Herstellernummer"":""7090-0001"",""Herstellungsland und -region"":null,""Kategorie"":""Büro & Schreibwaren > Papier, Büro- & Schreibwaren > Schreiben & Korrigieren > Füllfederhalter"",""Marke"":""Jolly"",""Maßeinheit"":null,""Material"":""Kunststoff"",""Modell"":""Superinky Start"",""Modifikationsbeschreibung"":null,""Modifizierter Artikel"":null,""Produktart"":""Füllfederhalter"",""Schreibfarbe"":null,""Stärke"":null}",11.99 EUR,XGA0204D,3
"JURID Bremsbelagsatz 573429J, 97.5mm Breite, 94.7mm Höhe, 17.2mm Dicke",JURID,Auto & Motorrad: Teile > Autoteile & Zubehör > Bremsen & Bremsenteile > Bremsbeläge,SKU-0411747828,3306437238014,"Hinterachs-Bremsbelagsatz für präzise Bremsleistung. | Maße: Breite 97,5 mm, Höhe 94,7 mm, Dicke 17,2 mm. | WVA-Nummer 25029 für einfache Identifikation. | Vorbereitet für Verschleißwarnanzeige. | R90 homologiert für höchste Sicherheitsstandards. | Kompatibel mit Brembo-Bremssystemen.","Die JURID Bremsbeläge wurden speziell für ausgewählte BMW-Modelle entwickelt und bieten eine herausragende, zuverlässige Bremsleistung. Sie gewährleisten jederzeit optimale Sicherheit und präzise Fahrzeugkontrolle, von entspannten Stadtfahrten bis zu dynamischen sportlichen Herausforderungen.Gefertigt in strenger Erstausrüsterqualität, zeichnen sich diese Bremsbeläge durch eine fortschrittliche Materialzusammensetzung und präzise Verarbeitung aus. Dies sichert minimierten Verschleiß, eine lange Lebensdauer der Bremskomponenten und konstant zuverlässige Funktion unter allen Fahrbedingungen.Ein vollständiger Satz Bremsbeläge für eine Achse ist im Lieferumfang enthalten und ermöglicht eine direkte Installation. Zur Gewährleistung der dauerhaften Funktionalität Ihrer Bremsanlage wird eine regelmäßige Überprüfung und fachgerechte Wartung durch qualifiziertes Personal dringend empfohlen.","{""Anzahl pro Packung"":""4 Stück"",""Breite"":""97.5 mm"",""Bremssystem"":""BREMBO"",""Dicke/Stärke"":""17.2 mm"",""Einbauposition"":""Hinterachse"",""GPSR Manufacturer name"":""JURID"",""Höhe"":""94.7 mm"",""Kategorie"":""Auto & Motorrad: Teile > Autoteile & Zubehör > Bremsen & Bremsenteile > Bremsbeläge"",""Produktart"":""Bremsbelagsatz"",""Prüfzeichen"":""R90 Homologated"",""Vorbereitet für Verschleißwarnanzeige"":""Ja"",""weight"":1,""WVA-Nummer"":""25029""}",43.96 EUR,XGA0102B,1
Einhell Akku-Bohrschrauber TC-CD 18/35 Li Solo – 35 Nm Power X-Change,Einhell,Heimwerker > Werkzeuge > Elektrowerkzeuge,SKU-0522930788,4006825642452,Leistungsstarker 18V Akku-Bohrschrauber für vielseitige Aufgaben. | Elektronische Drehzahlregelung für präzises und angepasstes Arbeiten. | Ergonomisches Design mit Softgrip für hohen Bedienkomfort. | Integrierte LED-Beleuchtung optimiert die Sicht in dunklen Bereichen. | Robustes ABS-System gewährleistet Sicherheit und Langlebigkeit. | Teil der flexiblen Einhell Power X-Change Systemfamilie. | Hohes Drehmoment von 35 Nm für anspruchsvolle Schraubarbeiten.,"Der Einhell Akku-Bohrschrauber TC-CD 18/35 Li Solo ist Ihr vielseitiger Partner für präzise Schraub- und Bohrarbeiten in Haus, Werkstatt und Garten. Als Mitglied der Power X-Change Familie bietet er maximale Flexibilität und leistungsstarke 18V-Performance für unterschiedlichste Projekte. Die elektronische Drehzahlregelung ermöglicht stets material- und anwendungsgerechtes Arbeiten, wodurch Sie stets optimale Ergebnisse erzielen. Sein ergonomisches Design mit Softgrip gewährleistet dabei höchsten Bedienkomfort und einen sicheren Halt, selbst bei längeren Einsätzen. Eine integrierte LED-Beleuchtung sorgt für beste Sicht in dunklen Arbeitsbereichen, ergänzt durch ein robustes ABS-System für erhöhte Langlebigkeit und Zuverlässigkeit. Bitte beachten Sie, dass dieses ""Solo""-Modell ohne Akku und Ladegerät geliefert wird und ideal für bestehende Power X-Change Nutzer ist.","{""Anzahl der Gänge"":""1"",""Besonderheiten"":""LED-Licht, Elektronische Drehzahlregelung, Ergonomischer Griff, Softgrip, ABS-System"",""Drehmoment"":""35 Nm"",""Farbe"":""Rot/Schwarz"",""GPSR Herstelleradresse"":""Wiesenweg 22, 94405 Landau"",""GPSR Herstellername"":""Einhell"",""GPSR Manufacturer address"":""Einhell Germany AG, Wiesenweg 22, 94405 Landau/Isar, Germany"",""GPSR Manufacturer email"":""service-pe@einhell.com"",""GPSR Manufacturer name"":""Einhell"",""Herstellernummer"":""45.139.27"",""Kategorie"":""Heimwerker > Werkzeuge > Elektrowerkzeuge"",""Marke"":""Einhell"",""Modell"":""TC-CD 18/35 Li Solo"",""Produktart"":""Bohrschrauber"",""Spannung"":""18 V"",""Stromquelle"":""Akkubetrieben""}",29.99 EUR,,0
Lacoste Herren Hoodie Classic Fit – Zeitloser Komfort für jeden Tag,Lacoste,Kleidung & Accessoires > Herren > Herrenmode,SKU-0611814591,3666394875564,"Hoher Tragekomfort durch weiches Baumwollmischgewebe für den ganzen Tag. | Zeitloser Classic Fit bietet bequeme und vielseitige Passform. | Verstellbare Kapuze schützt effektiv vor Wind und Kälte. | Praktische Kängurutasche wärmt Hände oder verstaut kleine Essentials. | Ikonisches Lacoste Krokodil-Logo als exklusives, stilvolles Detail. | Strapazierfähiges Material garantiert langanhaltende Freude und Formbeständigkeit. | Pflegeleicht und maschinenwaschbar für mühelose Instandhaltung.","Der Lacoste Herren Hoodie SH9623 im Classic Fit ist ein vielseitiger Kapuzenpullover, der Komfort und Stil perfekt vereint. Er ist ideal für den täglichen Gebrauch, sei es für entspannte Stunden zu Hause oder als lässiger Begleiter für unterwegs. Das zeitlose Design mit dem ikonischen Krokodil-Logo macht ihn zu einem unverzichtbaren Basic in jeder Herrengarderobe.Gefertigt aus einem hochwertigen Baumwollmischgewebe, bietet dieser Hoodie ein angenehmes Tragegefühl auf der Haut und ist gleichzeitig strapazierfähig. Die verstellbare Kapuze mit Kordelzug schützt bei Bedarf vor Wind und Wetter, während die praktische Kängurutasche auf der Vorderseite Platz für kleine Essentials bietet oder die Hände wärmt.Der Hoodie besteht aus 84% Baumwolle und 16% Polyester, was eine optimale Kombination aus Weichheit und Formbeständigkeit gewährleistet. Er ist pflegeleicht und behält auch nach häufigem Waschen seine Passform und Farbe. Kombinieren Sie ihn mühelos mit Jeans, Sporthosen oder Shorts für einen entspannten, aber stilvollen Look.","{""Anlass"":""Freizeit, Sport"",""Ärmellänge"":""Langarm"",""Ausschnitt"":""Kapuze"",""Farbe"":""Marineblau"",""Geschlecht"":""Herren"",""GPSR Manufacturer name"":""Lacoste"",""Größe"":""M (US) / FR 4"",""Jahreszeit"":""Frühling, Herbst, Winter"",""Kapuze"":""Ja"",""Kategorie"":""Kleidung & Accessoires > Herren > Herrenmode"",""Marke"":""Lacoste"",""Material"":""84% Baumwolle, 16% Polyester"",""Muster"":""Unifarben"",""Passform"":""Classic Fit"",""Pflegehinweise"":""Maschinenwäsche"",""Produktart"":""Hoodie"",""Stil"":""Sportlich, Casual"",""Taschen"":""Kängurutasche"",""Verschluss"":""Ohne Verschluss""}",98 EUR,XSGA0103A,1
Tesvor S7 Pro AES Saug- & Wischroboter mit 6000 Pa & Absaugstation,Tesvor,Spielzeug > Elektrisches Spielzeug > Roboter,SKU-0619911931,6973104880356,"Starke 6000 Pa Saugkraft für Tiefenreinigung Ihrer Böden. | Präzise LiDAR-Navigation ermöglicht effiziente und vollständige Routenplanung. | Automatische Absaugstation für hygienischen und wartungsarmen Betrieb. | Saug- und Wischfunktion für doppelte Sauberkeit in einem Arbeitsgang. | Intuitive App-Steuerung für personalisierte und einfache Reinigungseinstellungen. | Modernes, weißes Design fügt sich elegant in jedes Zuhause ein.",Leistungsstarker Tesvor Saug- und Wischroboter ...,"{""Akkutyp"":""Lithium-Ionen"",""Besonderheiten"":""Automatische Entleerung, wechselbarer Wassertank/Wischmodul"",""Farbe"":""Weiß"",""Funktionen"":""Saugen, Wischen, automatische Absaugstation, Hinderniserkennung"",""Geeignete Bodenarten"":""Hartböden, Teppiche"",""Kategorie"":""Spielzeug > Elektrisches Spielzeug > Roboter"",""Laufzeit"":""bis zu 150 min"",""Leistung"":""75 W"",""Marke"":""Tesvor"",""Mit/Ohne Beutel"":""Beutellos"",""Modell"":""S7 Pro AES"",""Produktart"":""Saugroboter"",""Reichweite"":""bis zu 300 m²"",""Saugleistung"":""6000 Pa"",""Staubbehälter-Volumen"":""0,6 l"",""Steuerung"":""App, Bedientasten am Gerät""}",127 EUR,,0
Topeak Oberrohrtasche mit Smartphone-Fach für sichere Navigation,Topeak,Sport > Radsport > Fahrradzubehör > Fahrradtaschen,SKU-0651722148,,"Sichere Befestigung am Oberrohr für stabilen Halt auf jeder Tour. | Integriertes Smartphone-Fach ermöglicht intuitive Touchscreen-Bedienung unterwegs. | Wetterbeständige Materialien schützen Ihre Wertsachen zuverlässig vor Spritzwasser. | Geräumiges Hauptfach mit cleverer Innenorganisation für Powerbank und Zubehör. | Einfache, werkzeuglose Montage dank verstellbarer Klettverschlüsse am Fahrrad. | Optimale Sicht auf Navigation und Anrufe für ununterbrochene Konnektivität.",Kompakte Oberrohrtasche Topeak Bento Pack (Art.-Nr. TC2333B) zur Montage am Vorbau/Oberrohr mit Innenorganisation und zusätzlichem Fach für Powerbank oder Zubehör.,"{""Besonderheiten"":""Smartphone-Fach, Touchscreen-kompatibel"",""Breite"":null,""Farbe"":""Schwarz"",""Für Fahrradtyp"":null,""GPSR Manufacturer name"":""Topeak"",""Höhe"":null,""Kategorie"":""Sport > Radsport > Fahrradzubehör > Fahrradtaschen"",""Länge"":null,""Material"":""Robustes, wasserabweisendes Gewebe (Synthetik)"",""Modell"":""Bento Pack"",""Position"":null,""Produktart"":""Oberrohrtasche"",""Volumen"":""0.85 L""}",19.99 EUR,XGA0102C,4
Police WALDO Herren Geldbörse aus Echtleder – Elegant & Langlebig,Police,Kleidung & Accessoires > Herren > Herren-Accessoires > Geldbörsen & Etuis,SKU-0698797502,4260566841011,"Luxuriöses Echtleder bietet erstklassige Haptik und lange Haltbarkeit. | Kompaktes Bifold-Design passt bequem in jede Hosentasche. | Intelligente Fächeraufteilung für Karten, Scheine und Münzen. | Sicheres Münzfach mit Druckknopf schützt Ihr Kleingeld zuverlässig. | Zeitloses, elegantes Design perfekt für Business und Freizeit. | Übersichtliche Organisation Ihrer Wertsachen jederzeit gewährleistet.","Die Police WALDO Geldbörse aus edlem Echtleder bietet stilbewussten Herren eine luxuriöse Haptik und außergewöhnliche Langlebigkeit im Alltag. Ihr kompaktes Bifold-Design ermöglicht eine bequeme Unterbringung in jeder Tasche und sorgt gleichzeitig für perfekte Ordnung. Im Inneren überzeugt diese Brieftasche mit einer durchdachten Fächeraufteilung, die optimalen Platz für Kreditkarten, Scheine und Münzen bietet. Das integrierte Münzfach mit Druckknopfverschluss und mehrere Kartenfächer gewährleisten eine übersichtliche und sichere Aufbewahrung Ihrer Wertsachen. Sie erhalten die Police WALDO Geldbörse in einer ansprechenden Geschenkbox, ideal als Präsent oder zur sicheren Aufbewahrung. Bitte beachten Sie die beiliegenden Pflegehinweise für Echtleder, um die Schönheit und Langlebigkeit dieses hochwertigen Accessoires zu bewahren.","{""Anzahl Scheinfächer"":""2"",""Farbe"":""Braun"",""Geschenkbox"":""Inklusive"",""GPSR Manufacturer name"":""Police"",""Herstellernummer"":""PT284.10054-03"",""Innenmaterial"":""Textil/Leder-Mix"",""Kartenfächer"":""Ja"",""Kategorie"":""Kleidung & Accessoires > Herren > Herren-Accessoires > Geldbörsen & Etuis"",""Marke"":""Police"",""Material"":""Echtleder"",""Modell"":""WALDO"",""Modellnummer"":""PT284.10054-03"",""Münzfach"":""Ja"",""Muster"":""Uni"",""Produktart"":""Geldbörse"",""Stil"":""Bifold mit Münzfach"",""Thema"":""Klassisch, Business"",""Verschluss"":""Aufklappbar, Innen-Druckknopf am Münzfach"",""Vintage"":""Nein"",""Zielgruppe"":""Herren"",""Zustand"":""Neu mit Etikett / in Box""}",34.95 EUR,XSGA0103B,1
Terry Exera Gel Fahrradsattel Herren – Ergonomisch für höchsten Komfort,Terry,Sammeln & Seltenes > Transport > Fahrrad,SKU-0785869755,4260477074874,"Ergonomisches Design bietet höchsten Fahrkomfort auf langen Strecken. | Minimiert effektiv Druckpunkte für eine entspannte und gesunde Sitzposition. | Innovative Gel-Polsterung absorbiert Stöße zuverlässig auf jedem Terrain. | Passt sich optimal der individuellen Anatomie an für beste Unterstützung. | Robuste, hochwertige Materialien garantieren eine außergewöhnlich lange Lebensdauer. | Einfache Montage und pflegeleichte Oberfläche für unbeschwerte Nutzung.","Der Terry Exera Gel Herrensattel wurde speziell für anspruchsvolle Radfahrer entwickelt, die auch auf langen Strecken höchsten Komfort suchen. Sein ergonomisches Design minimiert effektiv Druckpunkte und fördert eine gesunde, entspannte Sitzposition für langanhaltenden Fahrspaß.Ausgestattet mit einer innovativen Gel-Polsterung, passt sich dieser Sattel optimal der individuellen Anatomie an und absorbiert Stöße zuverlässig auf unebenem Terrain. Die robusten und sorgfältig ausgewählten Materialien garantieren eine außergewöhnlich lange Lebensdauer und machen ihn zu einem verlässlichen Partner.Die unkomplizierte Montage an Standard-Sattelstützen sowie die pflegeleichte Oberfläche gewährleisten eine einfache Handhabung und dauerhafte Freude am Produkt. Genießen Sie jede Fahrt mit diesem Premium-Sattel, der für Ihre Zufriedenheit und unbeschwerte Touren konzipiert wurde.","{""Besondere Merkmale"":""Gel-Polsterung, Ergonomisch, Druckentlastend"",""Farbe"":""Schwarz"",""Geschlecht"":""Herren"",""GPSR Manufacturer name"":""Terry"",""Herstellernummer"":""SKU-0785869755"",""Kategorie"":""Sammeln & Seltenes > Transport > Fahrrad"",""Marke"":""Terry"",""Produktart"":""Fahrradsattel"",""Sportart"":""Radsport""}",75.9 EUR,XGA0102C,1
ASICS Sneaker EX89: Zeitloser Stil & Premium-Komfort für Alltag,ASICS,Kleidung & Accessoires > Herren > Herrenschuhe > Sneaker,SKU-0808524453,4550457733144,"Zeitloser Stil, vielseitig kombinierbar, passt perfekt zu jeder Garderobe. | Luxuriöses Wildleder-Obermaterial für erstklassige Haptik und ansprechende Optik. | Robuste Gummi-Außensohle bietet exzellente Traktion und hohe Langlebigkeit. | Durchdachte Konstruktion garantiert herausragenden Komfort für den ganzen Tag. | Klassische Schnürung ermöglicht sicheren und individuell anpassbaren Halt. | Mühelos kombinierbares Unisex-Design für vielfältige und flexible Styling-Optionen.","Der ASICS EX89 Sneaker in strahlendem Weiß bietet zeitlosen Stil und höchste Vielseitigkeit für jeden Anlass. Er integriert sich nahtlos in jede Garderobe und garantiert dank seiner durchdachten Konstruktion ganztägigen Tragekomfort.Gefertigt aus erstklassigem Wildleder im Obermaterial, überzeugt dieser Sneaker mit luxuriöser Haptik und außergewöhnlicher Strapazierfähigkeit. Die robuste Gummi-Außensohle gewährleistet exzellente Traktion und Langlebigkeit, während die klassische Schnürung einen sicheren, individuell anpassbaren Halt bietet.Sie erhalten ein Paar dieser vielseitigen Unisex-Sneaker, die sich mühelos mit verschiedenen Outfits kombinieren lassen. Für die optimale Pflege des hochwertigen Wildleders wird die Verwendung spezieller Bürsten und Sprays empfohlen, um die Optik und Lebensdauer zu erhalten.","{""Absatzform"":""Flach"",""Abteilung"":""Unisex Erwachsene"",""Altersgruppe"":""Erwachsene"",""Anlass"":""Freizeit"",""Farbe"":""White/White"",""Geschlecht"":""Unisex"",""GPSR Manufacturer name"":""ASICS"",""Herstellernummer"":""1203A481-100"",""Jahreszeit"":""Ganzjährig"",""Kategorie"":""Kleidung & Accessoires > Herren > Herrenschuhe > Sneaker"",""Marke"":""ASICS"",""Modell"":""EX89"",""Obermaterial"":""Wildleder"",""Produktlinie"":""ASICS EX89"",""Schuhgröße EU"":""42"",""Schuhgröße UK (Damen)"":""8"",""Schuhgröße UK (Herren)"":""7.5"",""Schuhgröße US (Damen)"":""10"",""Schuhgröße US (Herren)"":""8.5"",""Sohlenmaterial"":""Gummi"",""Sportart"":""Lifestyle"",""Stil"":""Sneaker"",""Verschluss"":""Schnürung""}",65 EUR,,0
Coffee Cup Automatischer Rührbecher USB-wiederaufladbar für perfekte Mischungen,,Möbel & Wohnen > Kochen & Genießen > Küchenhelfer,SKU-0871959830,9331521033415,"Automatisches magnetisches Rühren für perfekt vermischte Getränke | USB-wiederaufladbar für maximale kabellose Flexibilität unterwegs | Hochwertiger 304 Edelstahl-Innenbehälter für optimale Hygiene | Spart Zeit und Mühe, macht Löffel überflüssig | Ideal für Kaffee, Tee, Proteindrinks und vieles mehr | Robustes Design für eine langanhaltende und zuverlässige Nutzung","Dieser innovative Rührbecher mixt Getränke automatisch auf Knopfdruck und sorgt für eine perfekt vermischte Konsistenz ohne Löffel. Er ist ideal für Kaffee, Tee, Proteindrinks sowie andere pulverförmige Getränke und ein praktischer Begleiter für Zuhause, Büro oder unterwegs, der Ihnen Zeit und Mühe spart.Ausgestattet mit einem robusten Innenbehälter aus 304 Edelstahl, garantiert dieser Becher höchste Hygiene und Langlebigkeit für den täglichen Gebrauch. Der effiziente magnetische Rührmechanismus sorgt dabei für ein stets gleichmäßiges Vermischen Ihrer Inhalte, jederzeit und überall.Das USB-wiederaufladbare Design bietet kabellose Flexibilität und macht eine Steckdose während der Nutzung überflüssig. Im Lieferumfang enthalten sind der automatische Rührbecher sowie ein passendes USB-Ladekabel; bitte beachten Sie, dass der Becher nicht spülmaschinen- oder mikrowellengeeignet ist.","{""Besonderheiten"":""Magnetisches Rühren, Wiederaufladbar"",""Hersteller"":""Ruian Menglai Craft Gift Firm"",""Herstellernummer"":""JB-01"",""Kategorie"":""Möbel & Wohnen > Kochen & Genießen > Küchenhelfer"",""Material"":""Edelstahl"",""Mikrowellengeeignet"":""Nein"",""Modell"":""JB-01"",""Produktart"":""Rührbecher"",""Spülmaschinenfest"":""Nein"",""Stromversorgung"":""USB""}",15.93 EUR,,0
wolfcraft Eckzwingen-Set ES 22 für präzise 90°-Winkel & stabile Holzprojekte,wolfcraft,Sammeln & Seltenes > Militaria > NATO-Shop > Werkzeuge & Tools,SKU-0974179694,2230510001022,Erstellen Sie makellose 90°-Winkelverbindungen für stabile Holzkonstruktionen. | Sichere Fixierung von Werkstücken mit 10 bis 22 mm Dicke. | Optimieren Sie Ihren Arbeitsfluss durch einfache Einhandbedienung. | Vertrauen Sie auf langlebige 'Made in Europe'-Qualität von wolfcraft. | Maximale Stabilität und Präzision für alle Holzverbindungen garantiert. | Robustes Design aus Kunststoff und Metall für lange Haltbarkeit.,"Das wolfcraft Eckzwingen-Set ES 22 ermöglicht präzise 90°-Winkelverbindungen für makellose und dauerhaft stabile Holzprojekte. Es ist das ideale Präzisionswerkzeug für ambitionierte Heimwerker und professionelle Schreiner im Möbel- und Holzbau.Gefertigt aus robustem Kunststoff und widerstandsfähigem Metall, gewährleistet das 2er-Set eine sichere und zuverlässige Fixierung Ihrer Werkstücke. Der universelle Spannbereich von 10-22 mm und die intuitive Einhandbedienung optimieren Ihren Arbeitsfluss erheblich.Im Lieferumfang sind zwei hochwertige Eckzwingen enthalten, die sofort einsatzbereit sind und Ihre Projekte erleichtern. Verlassen Sie sich auf die bewährte ""Made in Europe""-Qualität von wolfcraft, die höchste Zuverlässigkeit und eine lange Lebensdauer garantiert.","{""Anwendungsbereich"":""Holzbearbeitung, Möbelbau"",""Anzahl pro Packung"":""2"",""Besonderheiten"":""90° Winkel, Einhandbedienung, Set"",""Farbe"":""Gelb, Schwarz"",""Geeignet für"":""Holz, Spanplatten"",""GPSR Manufacturer address"":""Wolffstraße 1, 56746 Kempenich, Germany"",""GPSR Manufacturer email"":""info@wolfcraft.com"",""GPSR Manufacturer name"":""wolfcraft GmbH"",""Herstellernummer"":""3051000"",""Herstellungsland"":""Europa"",""Material"":""Kunststoff, Metall"",""Modell"":""ES 22"",""Produktart"":""Eckzwinge"",""Spannbereich"":""10-22 mm"",""Zustand"":""Neu""}",8.65 EUR,XSGA0103B,2
"GardenGrill Gas Plancha Challenger III 7,5 kW 3 Brenner Edelstahl für Outdoor",GardenGrill,"Garten & Terrasse > Grills, Heizstrahler & Picknickzubehör > Grills",SKU-0982370040,8712024095246,"Flexibles Grillvergnügen auf Balkon, Terrasse und beim Camping. | Drei leistungsstarke Brenner für schnelle, gleichmäßige Hitzeverteilung. | Hochwertige emaillierte Grillplatte für perfekte Bratergebnisse. | Robuste Edelstahl-Konstruktion sichert lange Lebensdauer. | Glatte Oberfläche ermöglicht einfache, schnelle Reinigung. | Betrieb mit Flüssiggas (Propan/Butan) für flexible Nutzung.","Der GardenGrill Challenger III Gas-Plancha bietet Ihnen flexibles Grillvergnügen für jeden Anlass, sei es auf dem Balkon, der Terrasse oder beim Camping. Genießen Sie spontane Grillabende und zaubern Sie mühelos köstliche Gerichte für Familie und Freunde.Ausgestattet mit drei leistungsstarken Brennern und einer hochwertigen emaillierten Grillplatte, gewährleistet dieser Plancha eine schnelle und gleichmäßige Hitzeverteilung. Die robuste Konstruktion aus Edelstahl und emailliertem Material sichert eine lange Lebensdauer sowie zuverlässige Performance bei einer Gesamtleistung von 7,5 kW.Die glatte emaillierte Oberfläche der Plancha ermöglicht nicht nur hervorragende Bratergebnisse, sondern auch eine besonders einfache und schnelle Reinigung nach dem Gebrauch. Dieses effiziente Grillgerät wird gebrauchsfertig geliefert und bietet Ihnen unkomplizierten Grillspaß mit minimalem Wartungsaufwand.","{""Anzahl der Brenner"":""3"",""Art der Grillfläche"":""Plancha"",""Besondere Merkmale"":""Tischgerät, Emaillierte Grillplatte"",""Brennstoff"":""Gas"",""Brennstoffart"":""Flüssiggas (Propan/Butan)"",""EAN"":""8712024095246"",""Einsatzbereich"":""Outdoor, Camping, Balkon, Terrasse"",""Farbe"":""Schwarz, Silber"",""GPSR Manufacturer name"":""GardenGrill"",""Kategorie"":""Garten & Terrasse > Grills, Heizstrahler & Picknickzubehör > Grills"",""Leistung"":""7,5 kW"",""Lieferumfang"":""1x GardenGrill Gas Plancha Challenger III"",""Marke"":""GardenGrill"",""Material"":""Edelstahl, Emailliert"",""Material Gehäuse"":""Edelstahl"",""Material Grillplatte"":""Emailliertes Gusseisen"",""Modell"":""Challenger III"",""Produktart"":""Gasgrill Plancha"",""weight"":1}",119 EUR,XGA0103E,1
adidas SL 72 OG W Damen Sneaker Semi Pink / Red Glow Pink NEU OVP Gr. 38 JS0254,adidas,Kleidung & Accessoires > Herren > Herrenschuhe > Sneaker,SKU-0989494543,4067904005667,"Ikonischer Retro-Stil für einen zeitlosen und modernen Auftritt. | Herausragender Tragekomfort für anhaltendes Wohlbefinden den ganzen Tag. | Leichtes, atmungsaktives Textil-Obermaterial für angenehmes Fußklima. | Stilvolle Wildleder-Overlays verleihen dem Schuh eine hochwertige Ästhetik. | Innovative Dämpfung und robuste Gummisohle für exzellenten Halt. | Vielseitig kombinierbar für sportliche Aktivitäten und entspannte Freizeit-Looks.","Der Adidas SL 72 OG W Damen Sneaker vereint ikonischen Retro-Stil mit herausragendem Tragekomfort für den modernen Alltag. Er ist die ideale Wahl für Frauen, die einen sportlichen und zugleich stilvollen Look schätzen.Das leichte Obermaterial aus atmungsaktivem Textil und stilvollen Wildleder-Overlays sorgt für eine hochwertige Ästhetik und Strapazierfähigkeit. Eine innovativ gedämpfte Laufsohle und robuste Gummisohle garantieren ganztägigen Komfort sowie zuverlässigen Halt auf unterschiedlichsten Untergründen.Im Lieferumfang ist ein Paar dieser hochwertigen Sneaker enthalten, bereit, Ihren Alltag stilvoll zu bereichern. Für eine optimale Werterhaltung empfiehlt sich eine regelmäßige und sanfte Reinigung mit geeigneten Schuhpflegeprodukten.","{""Absatzhöhe"":""Flach (weniger als 2,5 cm)"",""Abteilung"":""Damen"",""Anlass"":""Freizeit, Sport"",""Artikelnummer Hersteller"":""JS0254"",""Besonderheiten"":""Leichtgewicht"",""Charakter"":""Sportlich"",""EU-Schuhgröße"":""38 2/3"",""Farbe"":""Semi Pink/Red Glow Pink"",""GPSR Manufacturer name"":""Adidas"",""Innenmaterial"":""Textil"",""Kategorie"":""Kleidung & Accessoires > Herren > Herrenschuhe > Sneaker"",""Marke"":""adidas"",""Modell"":""adidas SL"",""Muster"":""Unifarben"",""Obermaterial"":""Textil mit Wildleder-Overlays"",""Produktart"":""Sneaker"",""Produktlinie"":""adidas SL"",""Saison"":""Ganzjährig"",""Schuhweite"":""W"",""Sohlenmaterial"":""Gummi"",""Sportart"":""Lifestyle"",""Stil"":""Sneaker"",""UK-Schuhgröße"":""7"",""US-Schuhgröße"":""7"",""Verschlussart"":""Schnürsenkel"",""weight"":1,""Zustand"":""Neu mit Karton""}",89.9 EUR,XGA0302A,1
SCM Bilderbuch: Mut & Freundschaft ab 3 Jahren – Stärkt soziale Kompetenzen,"Scm R. Brockhaus,Scm Brockhaus, R.",Sammeln & Seltenes > Science-Fiction > Star Trek > Poster & Bilder,SKU-1040274599,9783417288889,"Stärkt Mut und Selbstvertrauen durch die inspirierende Geschichte Henrys. | Entwickelt spielerisch soziale Kompetenzen und gegenseitige Hilfsbereitschaft bei Kindern. | Bezaubernde, detailreiche Illustrationen von Kerstin Toepel regen die Fantasie an. | Perfekt für wertvolle gemeinsame Vorlesestunden und die Eltern-Kind-Bindung. | Robuste Hardcover-Ausgabe sichert langanhaltende Freude und Beständigkeit. | Vermittelt wichtige Werte wie Freundschaft, Zusammenhalt und Überwindung von Ängsten. | Begleitet den mutigen Waschbären Henry auf seiner abenteuerlichen Rettungsmission.","Tauchen Sie mit dem SCM Bilderbuch ""Vom kleinen Waschbären, der sich traute, mutig zu sein"" in eine Welt voller Abenteuer und Herzenswärme ein. Dieses liebevoll gestaltete Hardcover-Buch ist ideal für Kinder ab 3 Jahren und stärkt die Eltern-Kind-Bindung durch wertvolle gemeinsame Vorlesestunden. Begleiten Sie den kleinen Waschbären Henry auf seiner mutigen Reise, um das Eichhörnchenbaby Ben zu retten und dabei wichtige Werte wie Mut, Freundschaft und Zusammenhalt zu entdecken. Die bezaubernden, detailreichen Illustrationen von Kerstin Toepel auf hochwertigem Papier machen jede Seite zu einem visuellen und emotionalen Erlebnis, das die Fantasie anregt. Dieses besondere Bilderbuch vermittelt spielerisch die Bedeutung von gegenseitiger Hilfe und fördert somit die Entwicklung sozialer Kompetenzen bei jungen Lesern. Sie erhalten ein wunderschönes, gebundenes Bilderbuch, das sofort bereit ist, unvergessliche Lesemomente zu schaffen und zu inspirierenden Gesprächen anzuregen.","{""Altersempfehlung"":""Ab 3 Jahren"",""Anzahl der Seiten"":""40"",""Autor"":""Kerstin Toepel"",""Breite"":""22 cm"",""Buchtitel"":""Vom Kleinen Waschbären, der Sich Traute, Mutig zu Sein"",""Einbandart"":""Gebunden (Hardcover)"",""Erscheinungsjahr"":""2021"",""Format"":""Gebundene Ausgabe"",""Genre"":""Abenteuer"",""GPSR Manufacturer name"":""SCM"",""GPSR Manufacturer URL"":""www.scm-verlag.de"",""Herstellernummer"":""SKU-1040274599"",""Höhe"":""22 cm"",""ISBN"":""978-3-417-28888-9"",""Kategorie"":""Sammeln & Seltenes > Science-Fiction > Star Trek > Poster & Bilder"",""Länge"":""22 cm"",""Marke"":""SCM"",""Originalsprache"":""Deutsch"",""Produktart"":""Bilderbuch"",""Sprache"":""Deutsch"",""Thema"":""Mut, Freundschaft, Hoffnung, Abenteuer"",""Thematik"":""Freundschaft"",""Verlag"":""Scm R. Brockhaus,Scm Brockhaus, R."",""weight"":1,""Zielgruppe"":""Kinder"",""Zustand"":""Neu""}",14.95 EUR,XSGA0103A,1
Shelly Smart Switch mit präziser Leistungsmessung für Ihr Smart Home,Shelly,Business & Industrie > Elektronik & Messtechnik > Schalter > Kippschalter,SKU-1066852367,3800235261590,Extrem kompakter WLAN-Smart-Switch für mühelose Systemintegration. | Präzise Leistungsmessung optimiert Energieverbrauch und senkt Kosten. | Nahtlose Einbindung in Smart-Home-Systeme via WLAN und Bluetooth. | Komfortable Steuerung Ihrer Geräte per App oder Sprachbefehl. | Hochwertige Materialien sichern zuverlässige und langlebige Funktion. | Schnelle und unkomplizierte Installation für sofortige Nutzung.,"Der Shelly 1PM Mini Gen3 ist ein extrem kompakter WLAN-Smart-Switch, der eine präzise Leistungsmessung integriert und so eine intelligente Steuerung Ihrer elektrischen Geräte ermöglicht. Entdecken Sie versteckte Stromfresser und optimieren Sie Ihren Energieverbrauch effizient, um langfristig erhebliche Kosteneinsparungen zu erzielen. Dieser Smart Switch ist aus hochwertigen Materialien gefertigt und garantiert eine zuverlässige sowie langlebige Leistung für Ihr Zuhause oder Büro. Dank integrierter WLAN- und Bluetooth-Konnektivität lässt er sich nahtlos in bestehende Smart-Home-Systeme einbinden und ermöglicht eine komfortable Steuerung per App oder Sprachbefehl. Der Lieferumfang beinhaltet den Shelly 1PM Mini Gen3 Smart Switch, der für eine schnelle und unkomplizierte Installation vorbereitet ist. Unser engagierter Kundenservice steht Ihnen jederzeit für Fragen zur optimalen Funktionalität und Einrichtung zur Verfügung.","{""Anzahl der Einheiten"":""1"",""Besonderheiten"":""Leistungsmessung, App-gesteuert, Fernbedienung, Sprachbefehl"",""Farbe"":""Rot"",""GPSR Manufacturer name"":""Shelly"",""Herstellernummer"":""SKU-1066852367"",""Installation"":""Einfach"",""Kategorie"":""Business & Industrie > Elektronik & Messtechnik > Schalter > Kippschalter"",""Leistung"":""2000 W"",""Lieferumfang"":""Shelly 1PM Mini Gen3 Smart Switch"",""Marke"":""Shelly"",""Modell"":""1PM Mini Gen3"",""nennstrom"":""8"",""Nennstrom"":""8 A"",""Produktart"":""Smart Switch"",""Smart Home Kommunikationsprotokoll"":""Bluetooth, Wi-Fi"",""smart_home_kommunikationsprotokoll"":""Bluetooth, Wi-Fi"",""Spannung"":""110-240 V"",""Zustand"":""Neu""}",13.99 EUR,,0
Shure SM58-LCE Gesangsmikrofon für professionellen Live-Sound,Shure,Musikinstrumente > Pro-Audio Equipment > Vintage Pro-Audio Equipment,SKU-1153910217,042406071826,"Kristallklare Stimmwiedergabe durch präzise Nierencharakteristik. | Effektive Unterdrückung von Hintergrundgeräuschen für fokussierten Klang. | Minimale Handhabungsgeräusche dank integriertem pneumatischem Schocklager. | Zuverlässiger Schutz vor Wind und Plosivlauten durch integrierten Popfilter. | Äußerst robuste Bauweise für dauerhaften Einsatz auf jeder Bühne. | Konstant warmer, knackiger Sound für professionelle Gesangsperformances.","Das Shure SM58-LCE ist ein weltweit geschätztes dynamisches Gesangsmikrofon, bekannt für seine unvergleichliche Stimmwiedergabe und effektive Unterdrückung von Hintergrundgeräuschen. Es liefert stets einen warmen, knackigen und professionellen Sound für anspruchsvolle Live-Auftritte und Studioaufnahmen. Die präzise Nierencharakteristik erfasst jede Nuance Ihrer Stimme und minimiert effektiv Umgebungsgeräusche, während ein integriertes pneumatisches Schocklager Handhabungsgeräusche zuverlässig absorbiert. Seine extrem robuste Konstruktion mit sphärischer Netzgitterkappe und integriertem Popfilter schützt zuverlässig vor Wind- und Plosivlauten und ist für den harten Tour-Alltag konzipiert. Zum Lieferumfang gehören das Shure SM58-LCE Mikrofon, ein bruchsicherer Mikrofonclip, ein Gewindeadapter, eine Reißverschlusstasche und ein Kabelbinder, sodass das Produkt sofort einsatzbereit ist. Dieses Mikrofon garantiert hohe Langlebigkeit sowie Zuverlässigkeit im professionellen Einsatz und erfordert minimale Pflege, um stets optimale Leistung zu gewährleisten.","{""Anwendungsbereich"":""Gesang, Live-Performance"",""Farbe"":""Schwarz"",""GPSR Manufacturer name"":""Shure"",""Herstellernummer"":""SM58-LCE"",""Kategorie"":""Musikinstrumente > Pro-Audio Equipment > Vintage Pro-Audio Equipment"",""Konnektivität"":""Kabelgebunden"",""Lieferumfang"":""Mikrofon, Mikrofonclip, Gewindeadapter, Reißverschlusstasche, Kabelbinder"",""Marke"":""Shure"",""Modell"":""SM58-LCE"",""Richtcharakteristik"":""Niere (Cardioid)"",""Zustand"":""Gebraucht""}",105 EUR,XGA0102C,1
Kaweco Füllfederhalter Set GLOW Yellow für leuchtende Akzente,Kaweco,"Büro & Schreibwaren > Papier, Büro- & Schreibwaren > Schreiben & Korrigieren > Füllfederhalter",SKU-1181918814,4250278616342,"Einzigartiges leuchtendes GLOW Design setzt besondere Akzente im Alltag. | Bewährte Kaweco-Qualität aus deutscher Tradition seit 1883 garantiert Langlebigkeit. | Ideal für täglichen Gebrauch oder als stilvolles, exklusives Geschenk. | Langlebige Materialien und präzise Verarbeitung für dauerhafte Schreibfreude. | Komplettset ermöglicht sofortigen Start in Ihr einzigartiges Schreiberlebnis. | Perfekt für Sammler und Liebhaber exklusiver, hochwertiger Schreibgeräte.","Das Kaweco GLOW Füllfederhalter Set in strahlendem Gelb bietet ein einzigartiges, leuchtendes Schreiberlebnis, das besondere Akzente im Alltag setzt. Es ist die perfekte Wahl für Liebhaber exklusiver Schreibgeräte und ein stilvolles Geschenk, das sofort begeistert. Erleben Sie die bewährte Kaweco-Qualität, die seit 1883 für herausragende Handwerkskunst und Präzision steht, gefertigt aus sorgfältig ausgewählten, langlebigen Materialien. Diese präzise Verarbeitung garantiert anhaltende Freude und Zuverlässigkeit bei jedem Schreibvorgang. Dieses exklusive Set beinhaltet einen hochwertigen Füllfederhalter in strahlendem Gelb und passendes Zubehör für den sofortigen Einsatz, sodass Sie direkt mit dem Schreiben beginnen können. Die pflegeleichten Eigenschaften des Sets gewährleisten, dass die intensive Leuchtkraft mühelos erhalten bleibt und langanhaltenden Schreibgenuss verspricht.","{""Büro & Schreibwaren"":null,""GPSR Manufacturer name"":""Kaweco"",""Kategorie"":""Büro & Schreibwaren""}",33.94 EUR,XSGA0103A,1
"Villa Grinario Jersey Spannbettlaken: Weich, atmungsaktiv & bügelfrei",Villa Grinario,"Möbel & Wohnen > Bettwaren, -wäsche & Matratzen > Bettlaken",SKU-1230781227,,"Luxuriös weiche Jersey-Qualität für unvergleichlichen Schlafkomfort. | 100% gekämmte Baumwolle, atmungsaktiv und besonders hautfreundlich. | Dauerelastischer Rundumgummi garantiert faltenfreien, perfekten Sitz. | Extrem pflegeleicht: maschinenwaschbar, bügelfrei und trocknergeeignet. | Optimale Passform für Matratzen von 90-100x200 cm. | Sorgt ganzjährig für ein angenehm ausgeglichenes Schlafklima.","Das Villa Grinario Spannbettlaken aus feinem Jersey bietet eine weiche und anschmiegsame Liegefläche für erholsamen Schlaf. Die atmungsaktive Qualität aus 100 % gekämmter Baumwolle sorgt das ganze Jahr über für ein angenehmes Schlafklima. Dieses Spannbettlaken ist ideal für Matratzen mit einer Breite von 90–100 cm und einer Länge von 200 cm im Standardformat 100 x 200 cm.

Dank des dauerelastischen Rundumgummis sitzt das Laken rutschfest und nahezu faltenfrei auf der Matratze. Das Material ist besonders pflegeleicht, maschinenwaschbar, bügelfrei und trocknergeeignet, wodurch es sich mühelos in den Alltag integrieren lässt.

Im Lieferumfang enthalten ist ein Jersey-Spannbettlaken in der Farbe Grau Kiesel. Bitte beachten Sie die Pflegehinweise auf dem Etikett, um die Langlebigkeit und Qualität des Lakens zu erhalten.","{""Eigenschaften"":""Atmungsaktiv, hautfreundlich, bügelfrei, trocknergeeignet"",""Farbe"":""Grau Kiesel"",""Form"":""Rechteckig"",""Form (Label)"":""Rechteckig"",""Geeignete Matratzenbreite"":""90–100 cm"",""Geeignete Matratzenlänge"":""200 cm"",""Geeignete Matratzentypen"":""Standardmatratzen"",""Größe"":""100 x 200 cm"",""Gummizug"":""Rundumgummi, dauerelastisch"",""Herstellernummer"":""SKU-1230781227"",""Kategorie"":""Möbel & Wohnen > Bettwaren, -wäsche & Matratzen > Bettlaken"",""Material"":""100 % Baumwolle, Jersey, gekämmt"",""Material (Label)"":""Baumwolle"",""Materialzusammensetzung"":""Jersey, gekämmt"",""Oberfläche"":""weich, anschmiegsam"",""Pflegehinweise"":""maschinenwaschbar bis 60 °C, bügelfrei, trocknergeeignet"",""Produktart"":""Spannbettlaken""}",14.99 EUR,XGA0201C,2
Adidas Kinder Sneaker VS Switch 3 CF C: Einfaches Anziehen & sicherer Halt,Adidas,Kleidung & Accessoires > Herren > Herrenschuhe > Sneaker,SKU-1419839651,4066755796946,"Müheloses An- und Ausziehen dank praktischer Klettverschlüsse. | Sicherer Halt und bequeme Passform für aktive Kinderfüße. | Langlebiges, pflegeleichtes Synthetik-Obermaterial für dauerhafte Freude. | Optimale Dämpfung und Grip für maximale Sicherheit beim Spielen. | Weich gepolsterter Schaftrand bietet höchsten Tragekomfort den ganzen Tag. | Stilvolles Adidas-Design mit ikonischen 3-Streifen als Blickfang.","Diese Adidas VS Switch 3 CF C Kinder Sneaker bieten aktiven Kids den ganzen Tag zuverlässigen Halt und eine angenehme Passform. Dank praktischer Klettverschlüsse ermöglichen sie ein kinderleichtes An- und Ausziehen, ideal für Spielplatz, Schule und den täglichen Gebrauch. Das strapazierfähige Synthetik-Obermaterial gewährleistet beeindruckende Langlebigkeit und ist zugleich besonders pflegeleicht. Eine dämpfende Laufsohle garantiert optimalen Grip und maximale Sicherheit bei jedem Schritt, unterstützt durch einen weich gepolsterten Schaftrand für höchsten Tragekomfort. Diese Sneaker präsentieren sich im klassischen Adidas-Design mit ikonischen 3-Streifen in Weiß/Schwarz und sind somit ein stilvoller Blickfang. Im Lieferumfang ist ein Paar Adidas VS Switch 3 CF C Kinder Sneaker enthalten; für langanhaltende Freude wird eine regelmäßige Reinigung empfohlen.","{""Abteilung"":""Jungen"",""Altersgruppe"":""Kinder"",""Anlass"":""Freizeit"",""Besonderheiten"":""Klettverschluss"",""Farbe"":""Weiß/Schwarz"",""Futtermaterial"":""Textil"",""GPSR Manufacturer name"":""Adidas"",""Größe (EU)"":""30"",""Handgemacht"":""Nein"",""Hersteller"":""Adidas"",""Herstellernummer"":""VS Switch 3 CF C"",""Individualisiert"":""Nein"",""Innensohlenmaterial"":""Textil"",""Jahreszeit"":""Ganzjährig"",""Kategorie"":""Kleidung & Accessoires > Herren > Herrenschuhe > Sneaker"",""Laufsohlenmaterial"":""Gummi"",""Marke"":""Adidas"",""Modell"":""VS Switch 3 CF C"",""Obermaterial"":""Synthetik"",""Performance/Aktivität"":""Freizeit"",""Personalisieren"":""Nein"",""Schuhschaft-Typ"":""Niedrig"",""Signiert"":""Nein"",""Stil"":""Sneaker"",""Verschluss"":""Klettverschluss"",""Vintage"":""Nein"",""Zustand"":""Neu mit Karton""}",29.99 EUR,XGA0301B,1
"DUO Collection Chefsessel Tiago XXL - Ergonomisch, Komfortabel & Robust",DUO Collection,Beauty & Gesundheit > Hilfsmittel > Mobilitäts- & Gehhilfen > Rollstühle,SKU-1483282001,4260590714022,Ergonomisches XXL-Design für gesunde Haltung und maximalen Komfort. | Individuell anpassbar dank stufenloser Höhenverstellung und Wippmechanik. | Weich gepolsterte Armlehnen entlasten Nacken und Schultern effektiv. | Strapazierfähiger Stoffbezug sichert Langlebigkeit und einfache Pflege. | Stabiles Kunststoff-Fußkreuz mit leichtgängigen Rollen für flexible Bewegung. | Integrierte Kopfstütze bietet zusätzlichen Komfort bei langen Arbeitstagen.,"Der DUO Collection Chefsessel Tiago XXL bietet herausragenden Komfort und optimale Unterstützung für lange Arbeitstage. Sein ergonomisches Design fördert eine gesunde Körperhaltung und ermöglicht produktives, ermüdungsfreies Arbeiten über Stunden hinweg.Dieser hochwertige Chefsessel überzeugt durch seinen strapazierfähigen Stoffbezug in elegantem Grau sowie weich gepolsterte Armlehnen für ein angenehmes Sitzgefühl. Ein robustes Kunststoff-Fußkreuz mit leichtgängigen Doppelrollen gewährleistet maximale Stabilität und uneingeschränkte Bewegungsfreiheit auf jedem Untergrund.Die unkomplizierte Montage des zerlegten Sessels ermöglicht eine schnelle Inbetriebnahme, sodass Sie umgehend von seinen ergonomischen Vorteilen profitieren können. Der pflegeleichte Bezug und die robuste Konstruktion garantieren eine dauerhaft ansprechende Optik und einfache Wartung für langanhaltende Freude.","{""Anzahl der Rollen"":""5"",""Anzahl der Sitzplätze"":""1"",""Fußkreuzmaterial"":""Kunststoff"",""Gesamtfarbe"":""Grau, Schwarz"",""Gesamtmaterial"":""Stoff, Kunststoff"",""GPSR Manufacturer name"":""DUO Collection"",""Item_Specific_Besonderheiten"":""Ergonomisch, Höhenverstellbar, Mit Armlehnen, Mit Rollen, Wippmechanik, Kopfstütze"",""Item_Specific_EAN"":""4260590714022"",""Item_Specific_Farbe"":""Grau, Schwarz"",""Item_Specific_Marke"":""DUO Collection"",""Item_Specific_Material"":""Stoff, Kunststoff"",""Item_Specific_Montage_erforderlich"":""Ja"",""Item_Specific_Produktart"":""Chefsessel"",""Item_Specific_Stil"":""Modern"",""Item_Specific_Zimmer"":""Arbeitszimmer, Büro"",""Kategorie"":""Beauty & Gesundheit > Hilfsmittel > Mobilitäts- & Gehhilfen > Rollstühle"",""Marke"":""DUO Collection"",""Mechanismus"":""Wippmechanik"",""Modell"":""Tiago XXL"",""Montagezustand"":""Zerlegt"",""Produktart"":""Chefsessel"",""Rollenart"":""Doppelrollen"",""Rückenlehnenhöhe"":""Hoch"",""Sitztiefe verstellbar"":""Nein"",""Verstellbare Armlehnen"":""Nein"",""Zustand"":""Neu""}",239 EUR,,0
Heike Faller – Hundert: Was du im Leben lernen wirst Bilderbuch Gebunden Neu,Kein & Aber,Sammeln & Seltenes > DDR & Ostalgie > DDR > Bücher & Zeitschriften > Kinder- & Jugendliteratur,SKU-1566313678,9783036957814,Universelle Lebensweisheiten: Entdecken Sie 100 inspirierende Lektionen für alle Altersgruppen. | Stärkt Familienbande: Fördert tiefgründige Gespräche und gemeinsame Leseerlebnisse nachhaltig. | Exquisite Gestaltung: Liebevolle Illustrationen und tiefgründige Texte in hochwertiger Aufmachung. | Premium-Qualität: Gebundene Ausgabe aus strapazierfähigen Materialien für langanhaltende Freude. | Umfasst 208 Seiten mit tiefgründigen Texten und ansprechenden Illustrationen. | Inspirierende Lebensreise durch 100 Jahre in Bildern erleben. | Wertvolle Lektionen für alle Generationen verständlich vermittelt.,"Entdecken Sie mit dem Kein & Aber Bilderbuch 'Hundert' eine inspirierende Reise durch 100 Lebensjahre, die wertvolle Lektionen und Erfahrungen für alle Generationen bereithält. Dieses einzigartige Werk von Heike Faller und Valerio Vidali fördert tiefgründige Gespräche und stärkt familiäre Bindungen auf besondere Weise.Die liebevollen Illustrationen und tiefgründigen Texte dieser gebundenen Ausgabe bereichern jedes Leseerlebnis und regen zum gemeinsamen Nachdenken an. Im Lieferumfang ist das hochwertige Bilderbuch 'Hundert' enthalten, das durch seine beständige Qualität lange Freude bereitet.Dieses zeitlose Geschenk ist ideal für Familien, die gemeinsam wachsen und lernen möchten, und ein Muss für jede Familienbibliothek. Genießen Sie unvergessliche Lesemomente und entdecken Sie die Weisheit des Lebens, die Jung und Alt gleichermaßen begeistert.","{""Anzahl der Seiten"":""208"",""Autor"":""Heike Faller"",""Breite"":""20 cm"",""Buchtitel"":""Hundert: Was du im Leben lernen wirst"",""Einbandart"":""Gebunden"",""Erscheinungsjahr"":""2018"",""Format"":""Gebundene Ausgabe"",""Genre"":""Kinder- & Jugendliteratur"",""GPSR Manufacturer name"":""Kein & Aber"",""Höhe"":""20 cm"",""Illustrator"":""Valerio Vidali"",""ISBN"":""9783036957814"",""Kategorie"":""Sammeln & Seltenes > DDR & Ostalgie > DDR > Bücher & Zeitschriften > Kinder- & Jugendliteratur"",""Länge"":""20 cm"",""Marke"":""Kein & Aber"",""Originalsprache"":""Deutsch"",""Produktart"":""Bilderbuch"",""Seitenanzahl"":""208"",""Sprache"":""Deutsch"",""Thema"":""Lebensphasen"",""Titel"":""Hundert"",""Verlag"":""Kein & Aber"",""weight"":1,""Zielgruppe"":""Kinder und Erwachsene""}",19.95 EUR,XGA0303C,1
"Wera Fahrrad Werkzeug-Set 6, 10-teilig, Hex-Plus & Torx, MPN 05004174001, Neu",Wera,Sammeln & Seltenes > Militaria > NATO-Shop > Werkzeuge & Tools,SKU-1612836881,4013288220592,"Hex-Plus schützt Schraubenköpfe und verlängert deren Lebensdauer effektiv. | Integrierte Haltefunktion (HF) für sicheres, rutschfreies Arbeiten am Fahrrad. | Intuitives ""Take It Easy"" Farbleitsystem zur schnellen Werkzeugidentifikation und Nutzung. | Ergonomische T-Griffe für komfortable und kraftvolle Handhabung bei jeder Reparatur. | Praktischer Werkzeugständer für übersichtliche Aufbewahrung und schnellen Zugriff. | Hochwertiger Stahl und robuster Kunststoff garantieren Langlebigkeit und Zuverlässigkeit.","Das Wera Fahrradwerkzeug-Set 6 bietet eine umfassende Lösung für die präzise Wartung und Reparatur Ihres Fahrrads. Innovative Technologien wie Hex-Plus schützen Schraubenköpfe effektiv vor Beschädigung, während die integrierte Haltefunktion (HF) ein Abrutschen des Werkzeugs verhindert.Gefertigt aus hochwertigem Stahl und robustem Kunststoff, garantiert dieses 10-teilige Set Langlebigkeit und zuverlässige Leistung bei jeder Anwendung. Der Lieferumfang umfasst alle präzise gefertigten Werkzeuge, übersichtlich präsentiert in einem praktischen Ständer für sofortigen Zugriff und ordentliche Aufbewahrung.Das intelligente ""Take It Easy"" Farbleitsystem ermöglicht eine schnelle und intuitive Auswahl des passenden Werkzeugs, was Ihre Arbeitssicherheit und Effizienz erheblich steigert. Vertrauen Sie auf die bewährte Wera Qualität für eine optimierte, komfortable und langlebige Fahrradwartung und einen exzellenten Service.","{""Anwendungsbereich"":""Fahrrad"",""Anzahl_der_Teile"":""10"",""Besonderheiten"":""Hex-Plus, Haltefunktion, Farbleitsystem, T-Griff"",""category"":""Werkzeug"",""Farbe"":""Mehrfarbig"",""GPSR Manufacturer name"":""Wera"",""Herstellernummer"":""05004174001"",""Herstellungsland_und_-region"":""Tschechische Republik"",""Marke"":""Wera"",""Material"":""Stahl, Kunststoff"",""Produktart"":""Werkzeugsatz"",""Serie"":""Bicycle Set 6"",""Set Inhalt"":""1x Hex 2.5x100, 1x Hex 3x100, 1x Hex 4x150, 1x Hex 5x150, 1x Hex 6x200, 1x Hex 8x200, 1x Hex 10x200, 1x TX 10x100, 1x TX 20x100, 1x TX 25x200"",""Set_enthält"":""Innensechskantschlüssel, Torx-Schlüssel"",""Verpackungsmaterial"":""Karton (C/PAP), Polypropylen (PP), Polyvinylchlorid (PVC)"",""weight"":1,""Zustand"":""Neu""}",89.99 EUR,XGA0103B,1
Wera Maul-Ringschlüssel 6003 Joker 6mm mit schneller Ringratschenfunktion,,Heimwerker > Werkzeuge > Handwerkzeuge > Schraubenschlüssel,SKU-1618101796,4013288218780,,"Der Wera 6003 Joker Maul-Ringschlüssel 6mm revolutioniert Ihre Arbeit durch seine innovative Ringratschenfunktion. Diese ermöglicht ein extrem zügiges Anziehen und Lösen von Schrauben und Muttern, selbst unter beengten Platzverhältnissen. Gefertigt aus robustem Chrom-Molybdän-Stahl, garantiert dieses hochwertige Werkzeug eine außergewöhnlich lange Lebensdauer und höchste Zuverlässigkeit. Der geringe Rückschwenkwinkel von nur 15° erlaubt einen effektiven Einsatz auch dort, wo herkömmliche Werkzeuge an ihre Grenzen stoßen. Im Lieferumfang ist ein Wera 6003 Joker Maul-Ringschlüssel der Größe 6 mm enthalten, der sofort einsatzbereit ist. Vertrauen Sie auf die bewährte Wera-Qualität für präzise Ergebnisse und höchste Ansprüche, unterstützt durch unseren zuverlässigen Kundenservice.","{""Anwendungsbereich"":""Handwerk, Werkstatt, Heimwerken"",""Besonderheiten"":""Ringratschenfunktion, 15° Rückschwenkwinkel"",""Farbe"":""Silber"",""GPSR Manufacturer name"":""Wera"",""Größe"":""6 mm"",""Herstellernummer"":""05020198001"",""Kategorie"":""Heimwerker > Werkzeuge > Handwerkzeuge > Schraubenschlüssel"",""Marke"":""Wera"",""Material"":""Chrom-Molybdän-Stahl"",""Maulstellung"":""15°"",""Modell"":""6003 Joker"",""Produktart"":""Maulschlüssel"",""Rückschwenkwinkel"":""15°"",""Zustand"":""Neu""}",6.89 EUR,,0
Wella Professionals Shampoo für Beruhigung & Sanfte Reinigung Empfindlicher Kopfhaut,Wella Professionals,Beauty & Gesundheit > Haarpflege & Haarstyling,SKU-1782951292,4064666043425,"Beruhigt und pflegt intensiv empfindliche Kopfhaut sofort und nachhaltig. | Reinigt Haar und Kopfhaut schonend, tiefenwirksam und effektiv. | Stellt das natürliche Gleichgewicht der Kopfhaut wieder her. | Lindert spürbar Juckreiz und Rötungen für sofortiges Wohlbefinden. | Fördert eine gesunde Kopfhautumgebung für vitales Haarwachstum. | Sorgt für langanhaltende Frische und ein angenehmes Haargefühl.","Dieses Wella Professionals SP Balance Scalp Shampoo reinigt empfindliche Kopfhaut sanft und beruhigt sie effektiv, um Juckreiz und Rötungen spürbar zu lindern. Die milde Formulierung unterstützt das natürliche Gleichgewicht der Kopfhaut und schafft eine gesunde Umgebung für kräftiges Haarwachstum. Die fortschrittliche, flüssige Formulierung reinigt das Haar gründlich von Unreinheiten, ohne es zu beschweren, und sorgt für langanhaltende Frische. Es ist ideal für die tägliche, schonende Haarpflege-Routine und hinterlässt ein vitalisiertes Gefühl. Im Lieferumfang befindet sich eine 250 ml Flasche dieses hochwertigen Shampoos, bereit für Ihre schonende Haarpflege-Routine. Vertrauen Sie auf die jahrzehntelange Expertise von Wella Professionals für eine optimal gepflegte Kopfhaut und sichtbare Ergebnisse.","{""Anwendungsbereich"":""Kopfhaut"",""Eigenschaft"":""Beruhigend"",""Farbe"":""Lila/Weiß"",""Formulierung"":""Flüssig"",""Geschlecht"":""Unisex"",""Haartyp"":""Empfindliche Kopfhaut"",""Herstellungsland"":""Deutschland"",""Inhalt"":""250 ml"",""Kategorie"":""Beauty & Gesundheit > Haarpflege & Haarstyling"",""Produktart"":""Shampoo"",""Zielgruppe"":""Erwachsene"",""Zustand"":""Neu""}",10.95 EUR,XGA0103C,6
"Engelbert Strauss T-Shirt: Robust, bequem & vielseitig für Arbeit & Freizeit",Engelbert Strauss,Sammeln & Seltenes > Science-Fiction > Star Trek > Bekleidung,SKU-1789286937,,"Optimaler Tragekomfort durch 100% hochwertige, hautfreundliche Baumwolle. | Vielseitig einsetzbar für anspruchsvolle Arbeit, Handwerk und entspannte Freizeitaktivitäten. | Regular Fit Passform bietet maximale Bewegungsfreiheit und uneingeschränkten Komfort. | Atmungsaktives Material gewährleistet stets ein angenehmes Körperklima. | Bleibt pflegeleicht und formstabil, selbst nach vielen intensiven Waschgängen. | Ein langlebiger Begleiter im zeitlosen, strapazierfähigen Anthrazit-Design.","Das Engelbert Strauss e.s. T-Shirt aus hochwertiger Baumwolle in Anthrazit bietet optimalen Tragekomfort für den Arbeitsalltag und die Freizeit. Seine Regular Fit Passform sorgt für Bewegungsfreiheit und eine angenehme Haptik auf der Haut.Dieses vielseitige T-Shirt ist ideal für Handwerker, Heimwerker oder einfach als bequemes Basic für jeden Tag. Es lässt sich hervorragend mit Arbeitskleidung kombinieren oder als lässiges Oberteil tragen.Gefertigt aus 100% Baumwolle, ist das Shirt atmungsaktiv und pflegeleicht. Es behält auch nach häufigem Waschen seine Form und Farbe, was es zu einem langlebigen Begleiter macht.","{""Ärmellänge"":""Kurzarm"",""Ausschnitt"":""Rundhals"",""Einsatzbereich"":""Arbeit, Handwerk, Freizeit"",""Farbe"":""Anthrazit"",""Geschlecht"":""Herren"",""GPSR Manufacturer name"":""Engelbert Strauss"",""Größe"":""L"",""Kategorie"":""Sammeln & Seltenes > Science-Fiction > Star Trek > Bekleidung"",""Material"":""100% Baumwolle"",""Muster"":""Unifarben"",""Passform"":""Regular Fit"",""Pflegehinweise"":""Maschinenwäsche"",""Stil"":""Basic""}",10.59 EUR,XSGA0103A,0
ZWILLING TWIN CHEF Universalmesser 130mm – Maximale Schärfe & Präzision,ZWILLING J.A. HENCKELS,Möbel & Wohnen > Kochen & Genießen > Küchenmesser,SKU-1825816304,4009839270970,"Langanhaltende, unübertroffene Schärfe dank eisgehärteter FRIODUR® Klinge. | Maximale Korrosionsbeständigkeit durch spezielle ZWILLING Stahlformel garantiert. | Ergonomischer Drei-Nieten-Griff für sicheres und ermüdungsfreies Arbeiten. | Vielseitig einsetzbar für präzises Schneiden von Gemüse, Obst und Fleisch. | Perfekte Balance und Handhabung für komfortables und präzises Schneiden. | Hochwertiger Spezialformel-Edelstahl für außergewöhnliche Klingenleistung und Haltbarkeit.","Das ZWILLING TWIN CHEF Universalmesser ist Ihr unverzichtbarer Partner für herausragende Präzision in der Küche, meistert mühelos eine Vielzahl von Aufgaben von der Gemüsezubereitung bis zum Zerlegen kleinerer Fleischstücke. Dieses Premium-Universalmesser bereichert Ihre Küchenausstattung nachhaltig und steigert die Effizienz Ihrer Zubereitungsprozesse durch seine durchdachte Konstruktion und Materialwahl.Seine exklusive FRIODUR® eisgehärtete Klinge aus spezieller ZWILLING Stahlformel sichert beeindruckende Schärfe und überragende Korrosionsbeständigkeit für langanhaltende Leistung. Der ergonomische Drei-Nieten-Griff aus hochwertigem Kunststoff gewährleistet dabei perfekte Balance für sicheres und komfortables Arbeiten, selbst bei längerem Gebrauch.Im Lieferumfang ist ein ZWILLING TWIN CHEF Universalmesser enthalten, das sofort einsatzbereit ist und Ihre Küchenarbeit sofort optimiert. Um die überragende Klingenqualität dauerhaft zu bewahren, wird die schonende Handwäsche empfohlen, die optimale Schärfe und den Schutz des Materials sicherstellt.","{""Anzahl Teile"":""1"",""Farbe"":""Schwarz (Griff), Silber (Klinge)"",""GPSR Manufacturer name"":""ZWILLING J.A. HENCKELS"",""Griffdesign"":""Klassisches Drei-Nieten-Design"",""Griffmaterial"":""Kunststoff"",""Herstellernummer"":""34910-131"",""Kategorie"":""Möbel & Wohnen > Kochen & Genießen > Küchenmesser"",""Klingenhärtung"":""FRIODUR® eisgehärtet"",""Klingenlänge"":""130 mm"",""Klingenmaterial"":""Spezialformel-Edelstahl"",""Marke"":""ZWILLING J.A. HENCKELS"",""Produktart"":""Universalmesser"",""Serie"":""TWIN CHEF"",""Set enthält"":""Messer"",""Spülmaschinengeeignet"":""Nein"",""Zustand"":""Neu""}",39.95 EUR,XGA0102C,1
GUSSKÖNIG Dutch Oven 9L – Perfekte Hitzeverteilung für Outdoor-Kochen,GUSSKÖNIG,Sport > Camping & Outdoor > Camping-Küchenbedarf > Campinggeschirr,SKU-1887574140,4270003118781,"Optimales Gusseisen speichert Hitze perfekt für gleichmäßige Garergebnisse. | Multifunktionaler Deckel als Grillpfanne für knusprige Steaks nutzbar. | Stabile Standfüße ermöglichen sicheres Kochen direkt in der Glut. | Werkseitig eingebrannt für sofortigen, unkomplizierten Einsatz im Freien. | Ideal für vielseitiges Outdoor-Kochen mit Familie und Freunden. | Robustes Design garantiert Langlebigkeit und Freude an jedem Abenteuer.","Der GUSSKÖNIG Dutch Oven mit neun Litern Fassungsvermögen ermöglicht unkompliziertes Kochen für Familie und Freunde im Freien. Massives, vorbehandeltes Gusseisen speichert die Wärme hervorragend und sorgt für gleichmäßige Garergebnisse auch bei niedriger Glut.

Dank drei stabiler Standfüße und hohem Deckelrand können Sie den Feuertopf direkt in die Glut stellen und mit Briketts von oben belegen. Der schwere Deckel lässt sich umgedreht als Grillpfanne oder Bratfläche verwenden und erweitert Ihre Möglichkeiten für Eintöpfe, Braten und knusprige Steaks.

Im Lieferumfang enthalten sind Dutch Oven, passender Deckel, Deckelheber, Griffstab mit Holzgriff, Reinigungsbürste und ein praktisches Rezeptheft. Reinigen Sie den Topf nur leicht, trocknen Sie ihn gründlich und fetten Sie ihn gelegentlich mit Speiseöl ein, um die Schutzschicht zu erhalten und Rost zu vermeiden.","{""GPSR Manufacturer name"":""GUSSKÖNIG"",""Kategorie"":""Sport > Camping & Outdoor > Camping-Küchenbedarf > Campinggeschirr"",""Marke"":""GUSSKÖNIG"",""Produktart"":""Dutch Oven / Feuertopf""}",92.99 EUR,,0
"CampFeuer Campingliege mit Sonnendach – Klappbar, leicht & UV-Schutz",,"Kleidung & Accessoires > Spezielle Anlässe > Vintage-Mode > Vintage-Accessoires > Krawatten, -schals & Fliegen",SKU-1937479862,4067673005776,,"Die CampFeuer Campingliege CALI13A bietet optimalen Komfort und zuverlässigen UV-Schutz für entspannte Stunden im Freien. Genießen Sie erholsame Momente beim Camping, am Strand oder im eigenen Garten dank ihrer vielseitigen Einsatzmöglichkeiten.Das robuste Aluminiumgestell und die strapazierfähige Textilbespannung garantieren hohe Langlebigkeit sowie exzellenten Liegekomfort. Ein integriertes, verstellbares Sonnendach und ein abnehmbares Kopfkissen ergänzen die durchdachte Ausstattung dieser praktischen Sonnenliege.Die Liege wird komplett mit Sonnendach und Kopfkissen geliefert und ist dank klappbarem Design schnell aufgebaut sowie platzsparend verstaubar. Die pflegeleichte Oberfläche ermöglicht eine einfache Reinigung, sodass Sie lange Freude an diesem hochwertigen Outdoor-Möbelstück haben werden.","{""Anzahl der Sitzplätze"":""1"",""Artikelgewicht"":""7.3"",""Besonderheiten"":""Klappbar, Mit Sonnendach, Mit Kopfkissen"",""Breite"":""60"",""Farbe"":""anthrazit"",""Gestellmaterial"":""Aluminium"",""GPSR Manufacturer name"":""CampFeuer"",""Herstellernummer"":""CALI13A"",""Höhe"":""35"",""Kategorie"":""Kleidung & Accessoires > Spezielle Anlässe > Vintage-Mode > Vintage-Accessoires > Krawatten, -schals & Fliegen"",""Kategorie (Breadcrumb)"":""Garten & Terrasse > Möbel > Liegen"",""Klappbar"":""Ja"",""Länge"":""212"",""Liegefläche"":""Textilgewebe (Kunstfaser)"",""Marke"":""CampFeuer"",""Maße (L x B x H)"":""212 x 60 x 35 cm"",""Material"":""Textilgewebe (Kunstfaser), Aluminium"",""Mit Kopfkissen"":""Ja"",""Mit Sonnendach"":""Ja"",""Modell"":""CALI13A"",""Montage erforderlich"":""Nein"",""Nettogewicht"":""6.8"",""Produktart"":""Campingliege / Sonnenliege"",""SKU/Box"":""1"",""Stil"":""Modern"",""Zustand"":""Neu""}",59.95 EUR,XGA0104E,0
KOENIC Zitruspresse – Frischer Saft schnell & mühelos genießen,KOENIC,Haushaltsgeräte > Kleingeräte Küche > Entsafter & Saftpressen,SKU-1961998362,4049011166479,Mühelos frischer Saft dank effizienter Saftausbeute für puren Zitrusgenuss. | Hochwertiges Edelstahl-Design für langlebige Eleganz und stilvolle Küchenästhetik. | Intuitive Bedienung mit automatischer Start-Stopp-Funktion und praktischem Tropfstopp. | Blitzschnelle Reinigung durch spülmaschinenfeste Teile spart Ihnen wertvolle Zeit. | Sicherer Stand dank rutschfester Füße für komfortable und stabile Nutzung. | Transparenter Saftbehälter ermöglicht jederzeit einfache Füllstandskontrolle und Hygiene.,"Die KOENIC Zitruspresse ist Ihr idealer Begleiter für die schnelle und mühelose Zubereitung von frischem, vitaminreichem Saft aus allen Zitrusfrüchten. Erleben Sie täglich einen vitalisierenden Start in den Tag oder bereichern Sie Ihre Mahlzeiten mit selbstgemachten Säften voller Geschmack und Nährstoffe.Das hochwertige Edelstahlgehäuse sorgt für langlebige Eleganz in Ihrer Küche und garantiert Robustheit im täglichen Gebrauch. Der transparente Presskegel und Saftbehälter aus lebensmittelechtem Kunststoff ermöglichen eine hygienische Saftzubereitung sowie eine einfache Füllstandskontrolle.Die intelligente automatische Start-Stopp-Funktion und der integrierte Tropfstopp gewährleisten eine saubere und kinderleichte Bedienung. Alle abnehmbaren Teile, einschließlich Presskegel und Saftbehälter, sind spülmaschinenfest, was die Reinigung erheblich vereinfacht und Ihnen mehr Zeit für die wichtigen Dinge lässt.","{""Anwendungsbereich"":""Zitrusfrüchte"",""Display"":""Nein"",""Farbe"":""Silber"",""Funktionen"":""Automatische Start-/Stopp-Funktion, Tropf-Stopp"",""GPSR Manufacturer name"":""KOENIC"",""Item_Specific_Besonderheiten"":""Tropf-Stopp, Spülmaschinenfeste Teile"",""Item_Specific_EAN"":""4049011166479"",""Item_Specific_Farbe"":""Silber"",""Item_Specific_Marke"":""KOENIC"",""Item_Specific_Material"":""Edelstahl"",""Item_Specific_Produktart"":""Zitruspresse"",""Kategorie"":""Haushaltsgeräte > Kleingeräte Küche > Entsafter & Saftpressen"",""Marke"":""KOENIC"",""Material"":""Edelstahl"",""Material Presskegel/Saftbehälter"":""Kunststoff"",""Produktart"":""Zitruspresse"",""Rutschfeste Füße"":""Ja"",""Saftbehälter Farbe"":""Transparent"",""Spülmaschinenfest"":""Ja (abnehmbare Teile)""}",29 EUR,,0
"Derma Pen Germany Microneedling Pen für straffere, revitalisierte Haut",Derma Pen Germany,,SKU-2019125675,4065464002256,Professionelle Hautverjüngung sicher und bequem zu Hause erleben. | Optimiert die Aufnahme von Pflegeprodukten für maximale Wirkung. | Präzise einstellbare Nadeltiefe ermöglicht gezielte Behandlungen. | Langlebige Qualität durch hochwertige Materialien für zuverlässige Nutzung. | Stimuliert natürliche Kollagenproduktion für spürbar straffere Haut. | Vielseitig einsetzbar für Gesicht und Körperpflege.,"Der Derma Pen Germany Microneedling Pen revolutioniert Ihre Hautpflege, indem er die natürliche Kollagenproduktion gezielt stimuliert. Er sorgt für eine spürbar straffere und sichtbar revitalisierte Haut, direkt bei Ihnen zu Hause.Dieses fortschrittliche Microneedling-System ist aus hochwertigem Metall und robustem Kunststoff gefertigt, was eine lange Lebensdauer und zuverlässige Leistung garantiert. Der Lieferumfang umfasst den Pen, ein Netzteil, ein USB-Kabel sowie mehrere sterile Nadelmodule für den sofortigen Start Ihrer Behandlung.Dank der präzise einstellbaren Nadeltiefe lässt sich jede Behandlung individuell an Ihre spezifischen Hautbedürfnisse anpassen. Für optimale und nachhaltige Ergebnisse wird die regelmäßige Anwendung in Kombination mit spezialisierten Seren empfohlen, um die Wirksamkeit zu maximieren.","{""Abteilung"":""Unisex"",""Anwendungsbereich"":""Gesicht, Körper"",""Einstellbare Nadeltiefe"":""Ja"",""Farbe"":""Silber, Blau"",""Gerätetyp"":""Microneedling-Pen"",""GPSR Manufacturer name"":""Derma Pen Germany"",""Hauttyp"":""Alle Hauttypen"",""Kategorie"":""Beauty & Gesundheit"",""Kollagenstimulation"":""Ja"",""Marke"":""Derma Pen Germany"",""Material"":""Metall, Kunststoff"",""Modell"":""Advanced Microneedling System"",""Stromquelle"":""Kabelgebunden"",""Zustand"":""Neu""}",129 EUR,XGA0102B,1
Hawkers Sonnenbrille Romaj: Eleganter UV400 Schutz & Zeitloser Stil,,Kleidung & Accessoires > Damen > Damen-Accessoires > Sonnenbrillen & Zubehör > Sonnenbrillen,SKU-2114384722,8436579110321,,"Die Hawkers Romaj Sonnenbrille vereint zeitlose Eleganz mit optimalem Augenschutz für sonnige Tage. Ihr stilvolles Design schützt zuverlässig vor schädlicher UV-Strahlung und setzt dabei einen modischen Akzent für jeden Anlass.Gefertigt aus einem robusten goldfarbenen Metallrahmen mit edlen Havana-Akzenten an den Bügeln, bietet diese Sonnenbrille höchsten Tragekomfort und außergewöhnliche Langlebigkeit. Die hochwertigen dunklen Gläser garantieren eine angenehme Sicht und verfügen über einen effektiven UV400-Schutz.Zum Lieferumfang gehören die Sonnenbrille, ein schützendes Etui sowie ein praktisches Reinigungstuch für die Gläser. Für langanhaltende Freude und klare Sicht empfehlen wir die regelmäßige Pflege mit einem weichen Tuch und speziellem Brillenreiniger.","{""Abteilung"":""Unisex Erwachsene"",""CE-Kennzeichnung"":""Ja"",""Geschlecht"":""Unisex"",""Gläserfarbe"":""Braun"",""GPSR Manufacturer name"":""Hawkers"",""GPSR_Manufacturer_name"":""Hawkers"",""Kategorie"":""Kleidung & Accessoires > Damen > Damen-Accessoires > Sonnenbrillen & Zubehör > Sonnenbrillen"",""Kategorie_Breadcrumb"":""Kleidung & Accessoires > Accessoires > Sonnenbrillen"",""Marke"":""Hawkers"",""Modell"":""Romaj"",""Personalisieren"":""Nein"",""Produktart"":""Sonnenbrille"",""Rahmenfarbe"":""Gold"",""Rahmenmaterial"":""Metall"",""Schutzbrille"":""Nein"",""Stil"":""Rund"",""UV-Schutz"":""UV400"",""Vintage"":""Nein"",""Zustand"":""Neu""}",32.95 EUR,XSGA0103B,0
HLI Schubladenschienen Vollauszug für maximalen Zugriff & Komfort,HLI,Heimwerker > Schrankbeschläge & -teile > Schubladenschienen,SKU-2123165909,6440891157249,"Vollauszug für maximalen Zugriff und höchsten Bedienkomfort. | Robuste Metallkonstruktion sichert langanhaltende Stabilität und Zuverlässigkeit. | Optimale Raumnutzung durch vollständigen Zugriff auf Schubladeninhalte. | Vielseitig einsetzbar in Küche, Büro, Bad und Wohnbereichen. | Elegantes Silberdesign fügt sich perfekt in moderne Einrichtungen ein. | Geräuschloser und sanfter Lauf für angenehme Nutzung im Alltag.","Die HLI Schubladenschienen mit Vollauszug revolutionieren die Nutzung Ihrer Möbel und ermöglichen stets vollständigen Zugriff auf den gesamten Inhalt. Erleben Sie eine spürbare Steigerung von Komfort und Effizienz in Küche, Büro, Bad oder Werkstatt durch diese optimierte Raumnutzung.Gefertigt aus robustem, glänzendem Metall, garantieren diese hochwertigen Schienen außergewöhnliche Langlebigkeit und eine makellose Integration in jedes moderne Interieur. Die stabile Konstruktion gewährleistet einen sanften und geräuschlosen Lauf, selbst bei intensiver täglicher Beanspruchung, für dauerhafte Zuverlässigkeit und verbesserte Funktionalität Ihrer Möbel.Jedes Set umfasst ein Paar dieser hochwertigen Schubladenschienen, ergänzt durch eine detaillierte, bebilderte Anleitung für eine unkomplizierte Seitenmontage. Die äußerst pflegeleichte Oberfläche lässt sich mühelos mit einem feuchten Tuch reinigen, was den langfristigen Werterhalt und eine stets makellose Optik Ihrer Einrichtung sichert.","{""Auszug"":""Vollauszug"",""Befestigung"":""Schrauben"",""Einheitentyp"":""Paar"",""Einsatzbereich"":""Innenbereich"",""Entsorgung"":""Metallschrott"",""Farbe"":""Silber"",""Finish"":""Glänzend"",""Geeignet für"":""Schubladen"",""Geräuscharm"":""Ja"",""GPSR Manufacturer name"":""HLI"",""Kategorie"":""Heimwerker > Schrankbeschläge & -teile > Schubladenschienen"",""Kategorie_Breadcrumb"":""Heimwerker > Eisenwaren > Scharniere & Bänder > Schubladenschienen"",""Lieferumfang"":""1 Paar Schubladenschienen, Anleitung"",""Marke"":""HLI"",""Material"":""Metall"",""Montage erforderlich"":""Ja"",""Montageart"":""Seitenmontage"",""Pflegehinweise"":""Mit feuchtem Tuch abwischen"",""Rollenart"":""Kugellager"",""Stil"":""Modern"",""Vibrationsarm"":""Ja"",""Wartungsarm"":""Ja"",""Zimmer"":""Küche, Büro, Wohnzimmer, Schlafzimmer, Bad, Werkstatt"",""Zustand"":""Neu""}",48.99 EUR,XGA0102D,6
Dexcom G6 Glukosesensoren: Präzise Echtzeit-Glukosewerte für Diabetiker,Dexcom,"Business & Industrie > Automation, Antriebe & Motoren > Sensoren",SKU-2135446963,,"Echtzeit-Glukosewerte für fundierte und schnelle Entscheidungen. | Ermöglicht maximale Sicherheit und Flexibilität im Alltag. | Einfache, nahezu schmerzfreie Anbringung mit sterilem Applikator. | Jeder Sensor bietet zehn Tage kontinuierliche Glukose-Überwachung. | Nahtlose Integration in Ihr bestehendes Dexcom G6 System. | Unterstützt proaktives Diabetes-Management durch zuverlässige Analyse.","Das Dexcom G6 System bietet präzise Glukosewerte in Echtzeit, was Ihre Sicherheit und Flexibilität im Alltag verbessert. Diese kontinuierliche Überwachung ermöglicht proaktives Handeln und erleichtert Ihren Alltag spürbar. Jeder Dexcom G6 Sensor ist für eine einfache, nahezu schmerzfreie Anbringung mittels eines sterilen, latexfreien Einweg-Applikators konzipiert. Dieses Angebot umfasst drei hochwertige Sensoren, die jeweils eine Tragedauer von bis zu zehn Tagen ermöglichen und sich nahtlos in Ihr bestehendes Dexcom G6 System integrieren. Für eine optimale und sichere Nutzung ist es unerlässlich, die detaillierte Gebrauchsanweisung sorgfältig zu beachten, um die volle Funktionalität des Systems zu gewährleisten. Bei spezifischen Fragen zur Anwendung oder zu medizinischen Aspekten konsultieren Sie bitte stets Ihren Arzt oder Apotheker für eine individuelle Beratung.","{""Altersgruppe"":""Erwachsene"",""Anzahl"":""3"",""Besonderheiten"":""Kontinuierliche Glukosemessung (CGM), Echtzeitdaten, 10 Tage Tragedauer"",""Eigenschaften"":""Steril, Latexfrei, Einweg"",""Farbe"":""Weiß, Orange, Grau"",""Geschlecht"":""Unisex"",""GPSR Manufacturer name"":""Dexcom"",""Herstellernummer"":""STS-GS-003"",""Herstellungsdatum"":""2025-02-15"",""Kategorie"":""Business & Industrie > Automation, Antriebe & Motoren > Sensoren"",""Kompatibilität"":""Dexcom G6 System"",""Lieferumfang"":""3 Sensoren"",""Marke"":""Dexcom"",""Maßeinheit"":""Stück"",""Mindesthaltbarkeitsdatum"":""2026-08-31"",""Modell"":""G6"",""Pflichtattribut_Herstellernummer"":""STS-GS-003"",""Pflichtattribut_Marke"":""Dexcom"",""Pflichtattribut_Produktart"":""Sensor für kontinuierliche Glukosemessung (CGM)"",""Produktart"":""Glukosesensor"",""Zielgruppe"":""Diabetiker"",""Zustand"":""Neu""}",184.77 EUR,,0
Cretacolor Harte Graupastelle 12er Set für präzise Details,Cretacolor,,SKU-2151943751,9002592485129,"Hochwertige, harte Pastellkreiden für präzise Linien | Ideal für detaillierte Skizzen und feine Schattierungen | Öl- und wachsfreie Formulierung für staubarmes Arbeiten | Leicht verblendbar für nahtlose Farbübergänge | Lichtecht und bruchsicher für langanhaltende Ergebnisse | AP-zertifiziert und non-toxic, sicher in der Anwendung | Hergestellt in Österreich unter hohen Qualitätsstandards","Das Cretacolor Harte Graupastelle 12er Set bietet anspruchsvollen Künstlern eine herausragende Qualität für detaillierte Skizzen und ausdrucksstarke Kunstwerke. Diese hochwertigen Zeichenkreiden ermöglichen präzise Linienführungen und feine Schattierungen, um Ihre kreativen Visionen optimal umzusetzen.Die öl- und wachsfreie Formulierung dieser Pastelle gewährleistet staubarmes Arbeiten und eine leichte Verblendbarkeit, was nahtlose Farbübergänge ermöglicht. Zudem sind die Kreiden lichtecht und bruchsicher, was langanhaltende Ergebnisse und eine komfortable Handhabung bei jeder Anwendung garantiert.Dieses Set wird in Österreich unter höchsten Qualitätsstandards gefertigt und ist AP-zertifiziert sowie non-toxic für eine sichere Anwendung. Der Lieferumfang umfasst 12 hochwertige Pastellkreiden, die professionelle Ergebnisse für Künstler aller Altersgruppen ermöglichen.","{""Anwendungsbereich"":""Zeichnen, Skizzieren, Schattieren"",""Anzahl"":""12 Stifte"",""Anzahl der Einheiten"":""12"",""Besonderheiten"":""Öl- und wachsfrei"",""Einheitentyp"":""Stifte"",""Farbe"":""Grautöne"",""Form"":""Rechteckige Sticks"",""GPSR Manufacturer name"":""Cretacolor"",""Herstellungsland"":""Österreich"",""Herstellungsland und -region"":""Österreich"",""Inhalt"":""12 Pastellkreiden"",""Kategorie"":""Bastel- & Künstlerbedarf"",""Marke"":""Cretacolor"",""Maßeinheit"":""Stück"",""Produktart"":""Harte Pastellkreiden"",""Set"":""Ja"",""Zertifizierung"":""AP, ASTM D-4236, non-toxic"",""Zielgruppe"":""Künstler, Schüler"",""Zustand"":""Neu""}",27.92 EUR,XGA0204D,1
WMF Elektrische Mühle Ceramill: Präzise Würze auf Knopfdruck,WMF,Möbel & Wohnen > Kochen & Genießen > Küchenhelfer > Gewürzmühlen & -streuer,SKU-2152217706,4000530685841,"Langlebiges Keramikmahlwerk mit 10 Jahren Garantie. | Müheloses Mahlen auf Knopfdruck für höchsten Komfort. | Präziser Mahlgrad von grob bis fein einstellbar. | Elegantes schwarzes Design passt in jede Küche. | Direkt startklar für sofortigen Genuss in Ihrer Küche. | Vielseitig für Salz, Pfeffer und getrocknete Kräuter.","Die WMF Ceramill elektrische Mühle revolutioniert Ihre Küchenroutine, indem sie auf Knopfdruck frische Würze für jedes Gericht liefert. Genießen Sie müheloses Mahlen von Salz, Pfeffer oder getrockneten Kräutern mit höchstem Bedienkomfort und präzisen Ergebnissen. Das Herzstück bildet ein hochwertiges Keramikmahlwerk, das härter als Stahl ist und eine stufenlose Einstellung des Mahlgrades von grob bis fein ermöglicht. Gefertigt aus robustem Kunststoff und Keramik, fügt sich diese langlebige Mühle mit ihrem eleganten schwarzen Design nahtlos in jede moderne Küche ein. Im Lieferumfang sind sechs langlebige AAA Alkaline Batterien enthalten, sodass die Mühle sofort nach dem Auspacken einsatzbereit ist. Die umfassende 10-jährige WMF-Garantie auf das Keramikmahlwerk sichert Ihnen langfristige Zuverlässigkeit und höchste Qualität zu.","{""Anwendungsbereich"":""Salz, Pfeffer, getrocknete Kräuter"",""Batterien enthalten"":""Ja"",""Batterietyp"":""6x AAA Alkaline"",""Besonderheiten"":""Einstellbarer Mahlgrad, Elektrisch, Mit Licht, Batteriebetrieben"",""Betriebsart"":""Elektrisch"",""Farbe"":""Schwarz"",""Garantie"":""10 Jahre (auf Mahlwerk)"",""GPSR Manufacturer name"":""WMF"",""Kategorie"":""Möbel & Wohnen > Kochen & Genießen > Küchenhelfer > Gewürzmühlen & -streuer"",""Mahlwerk"":""Keramik"",""Marke"":""WMF"",""Material"":""Kunststoff, Keramik"",""Modell"":""Ceramill"",""Produktart"":""Elektrische Mühle"",""Stromquelle"":""Batteriebetrieben""}",64.99 EUR,XGA0102B,1
Seltmann Weiden Kaffeeservice Lido Solid Black 18-tlg. Spülmaschinenfest,Seltmann Weiden,Möbel & Wohnen > Kochen & Genießen,SKU-2384085318,4052212121253,"Stilvolles Kaffeeservice für sechs Personen | Aus hochwertigem, langlebigem Porzellan gefertigt | Modernes Design in elegantem Solid Black | Spülmaschinen- und mikrowellengeeignet für einfache Pflege | Umfassendes 18-teiliges Set für den gedeckten Tisch | Qualitätsprodukt 'Made in Germany' für Beständigkeit | Perfekt für Alltag und besondere Anlässe","Das Seltmann Weiden Kaffeeservice Lido Solid Black schafft stilvolle Kaffeemomente für bis zu sechs Personen, perfekt für den Alltag und besondere Anlässe. Es ist aus edlem, langlebigem Porzellan gefertigt und besticht durch zeitlose Eleganz sowie höchste Funktionalität. Dieses 18-teilige Set im modernen, schwarzen Design umfasst jeweils sechs perfekt geformte Kaffeetassen, passende Untertassen und praktische Frühstücksteller. Damit ist Ihr Tisch komplett ausgestattet für ein harmonisches Kaffeeerlebnis mit Familie und Freunden. Für maximalen Komfort ist das gesamte Service spülmaschinen- und mikrowellengeeignet, was die tägliche Pflege erheblich vereinfacht und wertvolle Zeit spart. Dieses Qualitätsprodukt 'Made in Germany' garantiert Ihnen Langlebigkeit und beständige Freude an jedem Kaffeemoment.","{""Anzahl der Teile"":""18"",""Dekor"":""Solid Black 10006"",""Farbe"":""Schwarz"",""Form"":""Rund"",""GPSR Manufacturer name"":""Seltmann Weiden"",""Herstellernummer"":""Lido Solid Black (10006)"",""Herstellungsland"":""Deutschland"",""Herstellungsland und -region"":""Deutschland"",""Kategorie"":""Möbel & Wohnen > Kochen & Genießen"",""Marke"":""Seltmann Weiden"",""Material"":""Porzellan"",""Mikrowellengeeignet"":""Ja"",""Modell"":""Lido Solid Black (10006)"",""Muster"":""Einfarbig"",""Personenanzahl"":""6"",""Produktart"":""Kaffeeservice"",""Produktname (Variante)"":""Seltmann Weiden Kaffeeservice Lido Solid Black 18-tlg. Elegantes Porzellan"",""Serie"":""Lido"",""Set enthält"":""Kaffeetassen, Untertassen, Frühstücksteller"",""Spülmaschinenfest"":""Ja"",""Stil"":""Modern"",""Zustand"":""Neu""}",89 EUR,XGA0203B,1
New Balance Damen Sneaker 9060 – Maximaler Komfort & Stil,New Balance,Kleidung & Accessoires > Herren > Herrenschuhe > Sneaker,SKU-2384804976,0197967813450,"Ikonisches Design für einen unverwechselbaren, modernen Auftritt. | Hochwertiges Obermaterial für Langlebigkeit und optimales Fußklima. | ABZORB- und SBS-Dämpfung für unvergleichlichen Komfort und Halt. | Robuste Gummilaufsohle bietet exzellenten Grip und sicheren Halt. | Stilvolle Rosa/Beige-Farbkombination für elegante, vielseitige Ästhetik. | Ganztägiger Tragekomfort durch atmungsaktive Materialien.","Erleben Sie unvergleichlichen Stil und Komfort mit dem New Balance 9060 Damen Sneaker, der ikonisches Laufschuh-Design mit futuristischen Akzenten vereint. Er ist die ideale Wahl für modebewusste Damen, die im Alltag und in der Freizeit höchste Ansprüche an Optik und Tragegefühl stellen.Das hochwertige Obermaterial aus edlem Wildleder und atmungsaktivem Mesh sorgt für Langlebigkeit sowie ein stets angenehmes Fußklima. Die innovative ABZORB- und SBS-Dämpfung in der markanten Zwischensohle bietet bei jedem Schritt unvergleichlichen Komfort und optimale Unterstützung.Die robuste Gummilaufsohle gewährleistet sicheren Halt und optimale Traktion auf verschiedenen Untergründen. Ein Paar New Balance 9060 Damen Sneaker ist im Lieferumfang enthalten, und für die langfristige Bewahrung der hochwertigen Optik wird die regelmäßige Pflege mit geeigneten Produkten empfohlen.","{""Abteilung"":""Damen"",""Altersgruppe"":""Erwachsene"",""Anlass"":""Freizeit, Sport, Alltag"",""Dämpfungstechnologie"":""ABZORB, SBS"",""Farbe"":""Rosa/Creme/Beige"",""GPSR Manufacturer name"":""New Balance"",""Herstellernummer"":""GC9060BE"",""Innenmaterial"":""Textil"",""Kategorie"":""Kleidung & Accessoires > Herren > Herrenschuhe > Sneaker"",""Marke"":""New Balance"",""Modell"":""9060"",""Modellnummer"":""9060"",""Obermaterial"":""Wildleder, Mesh"",""Produktlinie"":""New Balance 9060"",""Schuhgröße EU"":""40"",""Schuhgröße_EU"":""40"",""Sohlenmaterial"":""Gummi"",""Stil"":""Sneaker"",""UK-Größe"":""6.5"",""US-Größe"":""7"",""Verschluss"":""Schnürung"",""Zustand"":""Neu mit Karton""}",159.95 EUR,,0
"Laser-Tonerkartusche Cyan Ersatz für Brother TN-423C Kompatibel mit DCP, HL, MFC Serien",Unbekannt,"Computer, Tablets & Netzwerk > Drucker, Scanner & Zubehör > Drucker",SKU-2388529978,8718891115599,Gestochen scharfe Ausdrucke für Text und Grafiken in Profiqualität. | Kostengünstige Alternative mit hoher Qualität senkt Ihre Druckkosten. | Optimale Kompatibilität mit vielen Brother HL- und MFC-Druckermodellen. | Beeindruckende Seitenleistung von ca. 6.500 Seiten für hohe Effizienz. | Einfache und schnelle Installation der Kartusche für sofortigen Einsatz. | Zuverlässige Performance garantiert stets professionelle Druckergebnisse.,"Dieser SAD B423K Lasertoner in Schwarz liefert gestochen scharfe Textdokumente und detailreiche Grafiken, ideal für professionelle Ergebnisse im Büro oder Home-Office. Er wurde als hochwertige und kostengünstige Alternative zu Originalprodukten entwickelt, um Ihre Druckkosten signifikant zu senken.Die kompatible Tonerkartusche ist aus sorgfältig ausgewählten Materialien gefertigt und gewährleistet eine optimale Funktionalität sowie perfekte Passform für diverse Brother HL- und MFC-Druckermodelle. Profitieren Sie von einer beeindruckenden Seitenleistung von ca. 6.500 Seiten, die eine hohe Effizienz und Wirtschaftlichkeit im täglichen Gebrauch sicherstellt.Im Lieferumfang ist eine SAD B423K Tonerkartusche enthalten, die sich mühelos installieren lässt, sodass Sie Ihre Druckaufgaben schnell wieder aufnehmen können. Vertrauen Sie auf diesen Toner für konsistente, exzellente Ausdrucke und eine zuverlässige Performance, die Ihren professionellen Anforderungen stets gerecht wird.","{""Drucktechnologie"":""Laser"",""Farbe"":""Cyan"",""Herstellernummer"":""B423C"",""Kategorie"":""Computer, Tablets & Netzwerk > Drucker, Scanner & Zubehör > Drucker"",""Kompatible Druckermodelle"":""HL-L8260CDW; HL-L8360CDW; MFC-L8690CDW; MFC-L8900CDW; DCP-L8410CDW"",""Kompatible Marke"":""Brother"",""Produktart"":""Toner-Kartusche"",""Seitenleistung"":""ca. 6.500 Seiten"",""weight"":1,""Zustand"":""Neu""}",15.2 EUR,XGA0101B,1
adidas Handball Spezial W Damen Sneaker Hellgrau / Hellblau Retro NEU OVP Gr. 38,adidas,Kleidung & Accessoires > Herren > Herrenschuhe > Sneaker,SKU-2391228513,4067904336044,"Ikonisches Design trifft auf modernen Komfort. | Hochwertiges Wildleder-Obermaterial für Langlebigkeit. | Optimale Dämpfung für ganztägigen Tragekomfort. | Robuste Gummi-Außensohle bietet exzellenten Halt. | Vielseitig einsetzbar für Sport, Freizeit und Alltag. | Stilvolle Farbkombination in Hellgrau und Hellblau.","Der Adidas Handball Spezial W Sneaker für Damen vereint ikonisches Design mit erstklassigem Tragekomfort und ist die ideale Wahl für stilbewusste Frauen. Dieser vielseitige Schuh verleiht jedem Outfit eine besondere Note und eignet sich perfekt für den aktiven Alltag sowie entspannte Freizeitmomente.Das hochwertige Obermaterial aus Wildleder sorgt nicht nur für eine edle Optik, sondern auch für außergewöhnliche Strapazierfähigkeit und Langlebigkeit. Eine optimale Passform, exzellente Dämpfung und die robuste Gummi-Außensohle garantieren ganztägigen Komfort sowie hervorragenden Halt auf verschiedensten Untergründen.Im Lieferumfang ist ein Paar dieser exklusiven Adidas Sneaker enthalten, die sich mühelos in jede Garderobe integrieren lassen. Für eine lange Freude an diesem langlebigen und funktionalen Modell beachten Sie bitte die beiliegenden Herstellerpflegehinweise zur optimalen Pflege.","{""Absatzhöhe"":""Flach (unter 3 cm)"",""Abteilung"":""Damen"",""Anlass"":""Sport"",""Eigenschaften"":""Atmungsaktiv, Komfortabel, Rutschfest"",""EU-Schuhgröße"":""38"",""Farbe"":""Grau"",""Futtermaterial"":""Textil"",""GPSR Manufacturer name"":""Adidas"",""Handgemacht"":""Nein"",""Individualisiert"":""Nein"",""Innensohlenmaterial"":""Textil"",""Kategorie"":""Kleidung & Accessoires > Herren > Herrenschuhe > Sneaker"",""Laufsohlenmaterial"":""Gummi"",""Marke"":""adidas"",""Modell"":""adidas Handball"",""Muster"":""Einfarbig"",""Obermaterial"":""Wildleder"",""Performance/Aktivität"":""Handball, Freizeit, Alltag"",""Personalisiert"":""Nein"",""Produktart"":""Sportschuh"",""Produktlinie"":""adidas Handball"",""Schuhgröße"":""EU 38 2/3"",""Schuhschaft-Typ"":""Low Top"",""Schuhspitze"":""Rund"",""Schuhweite"":""W"",""Signiert"":""Nein"",""Sportart"":""Handball"",""Stil"":""Sneaker"",""Thema"":""Klassisch"",""US-Schuhgröße"":""3"",""Verschluss"":""Schnürsenkel"",""Vintage"":""Nein"",""weight"":1,""Zustand"":""Neu mit Karton""}",91.19 EUR,XGA0302A,1
McDavid Kniebandage 421 für Sport & Reha – Gezielte Unterstützung Gr. S,,Spielzeug > Playmobil > Freizeit,SKU-2417212434,029369421134,,"Die McDavid 421 Kniebandage bietet gezielte moderate Unterstützung zur Linderung von Symptomen und effektiven Förderung der Genesung bei Kniebeschwerden. Sie ist ideal für fortgeschrittene Anwender, die verbesserte Stabilität und hohen Komfort bei Sport und Rehabilitation suchen.Ausgestattet mit gepolsterten Patella-Stützen und verstärkten Federstahlstreben, garantiert diese Bandage erhöhte mediale und laterale Sicherheit für Ihr Knie. Das hochwertige CR-Neoprenmaterial sorgt für überlegene Kompression und therapeutische Wärme, ergänzt durch ein perforiertes Rückenteil für optimales Feuchtigkeitsmanagement.Die integrierten, verstellbaren Riemen ermöglichen eine personalisierte und sichere Passform, passend für linkes oder rechtes Knie. Der Lieferumfang umfasst eine McDavid 421 Kniebandage; detaillierte Pflegehinweise zur Langlebigkeit finden Sie auf der Verpackung.","{""Altergruppe"":""Erwachsene"",""Besonderheiten"":""Gepolsterte Patella-Stütze, Federstahlstreben, Verstellbare Riemen, Perforiertes Rückenteil"",""Einsatzbereich_Detail"":""Sport, Alltag, Rehabilitation, Symptomlinderung, Erholung"",""Farbe"":""Schwarz"",""Geschlecht"":""Unisex"",""GPSR Manufacturer name"":""McDavid"",""Größe"":""S"",""Herstellernummer"":""MD421-01-33"",""Kategorie"":""Spielzeug > Playmobil > Freizeit"",""Knieumfang"":""33-35.6 cm (13-14 Zoll)"",""Körpertyp"":""Knie"",""Marke"":""McDavid"",""Material"":""Neopren"",""Materialzusammensetzung"":""100% Latex-freies 4.8mm Neopren (CR), Nylon"",""Pflegehinweise"":""Siehe zusätzliche Warnhinweise auf der Verpackung"",""Produktart"":""Kniebandage"",""Verschlussart"":""Klettverschluss"",""Zustand"":""Neu""}",55 EUR,XGA0102C,2
Hodalump Herren Geldbörse: Vintage Leder mit RFID-Schutz & 12 Fächern,Hodalump,Kleidung & Accessoires > Herren > Herren-Accessoires > Geldbörsen & Etuis,SKU-2561166298,4260325431309,"Hochwertiges Vintage-Leder für zeitlose Eleganz und Langlebigkeit | Umfassender RFID-Schutz sichert Ihre sensiblen Kartendaten | Zwölf Kartenfächer bieten optimale Organisation für Ihre Karten | Praktisches Münzfach mit Reißverschluss für sicheres Kleingeld | Geräumiges Scheinfach und zusätzliche Steckfächer für Belege | Robustes Hunter-Leder entwickelt einzigartige, individuelle Patina | Perfektes Accessoire für Business und Freizeit, stilvoll und funktional","Diese Hodalump Herren Geldbörse vereint zeitlose Eleganz mit robuster Funktionalität, gefertigt aus hochwertigem echtem Vintage-Leder. Sie ist das perfekte Accessoire für den stilbewussten Mann, ideal für Business und Freizeit.Die durchdachte Innenaufteilung ermöglicht optimale Organisation mit 12 Kartenfächern, einem geräumigen Geldscheinfach und zusätzlichen Steckfächern für Belege. Ein integriertes Münzfach mit Reißverschluss hält Kleingeld sicher und jederzeit zugänglich.Effektiver RFID-Schutz bewahrt Ihre sensiblen Daten zuverlässig vor unbefugtem Auslesen und bietet somit zusätzliche Sicherheit. Das strapazierfähige Hunter-Vintage-Leder entwickelt eine individuelle Patina, die jede Geldbörse zum Unikat macht; zur Pflege wird ein spezielles Lederpflegemittel empfohlen.","{""Anzahl Kartenfächer"":""12"",""Besonderheiten"":""Münzfach mit Reißverschluss, Scheinfach, Kartenfächer, Ausweisfach, RFID-Schutz"",""Farbe"":""Braun"",""Geschlecht"":""Herren"",""GPSR Manufacturer name"":""Hodalump"",""Kategorie"":""Kleidung & Accessoires > Herren > Herren-Accessoires > Geldbörsen & Etuis"",""Marke"":""Hodalump"",""Material"":""Echtleder"",""Modell"":""1094-H"",""Produktart"":""Geldbörse"",""RFID Schutz"":""Ja"",""Stil"":""Classic/Vintage"",""Verschluss"":""Druckknopf, Faltbar"",""Vintage"":""Ja"",""Zustand"":""Neu mit Etikett""}",39.95 EUR,XGA0102D,99
Wera Bit-Satz 61-tlg. Torx für präzise Schraubarbeiten & Langlebigkeit,Wera,Sport > Weitere Sportarten > Boxen > Boxsets,SKU-2566552410,4013288165657,"Umfassendes 61-teiliges Torx-Set für vielseitige Schraubanwendungen. | Hochwertige Bits aus gehärtetem Stahl garantieren extreme Langlebigkeit. | Robuster 1/4"" Bithalter bietet maximale Flexibilität im Einsatz. | Perfekt geeignet für Hand- und Maschinenbetrieb in jeder Werkstatt. | Sichere Aufbewahrung in der praktischen Bit-Safe Kunststoffbox. | Wera-Qualität sichert Präzision und hohe Verschleißfestigkeit dauerhaft.","Dieses 61-teilige Wera Bit-Set ermöglicht präzise und effiziente Schraubarbeiten für Profis und Heimwerker gleichermaßen. Es bietet maximale Flexibilität durch hochwertige Torx-Bits und einen robusten 1/4""-Bithalter für vielfältige Anwendungen.Gefertigt aus gehärtetem Stahl, garantieren die Bits eine außergewöhnliche Langlebigkeit und höchste Verschleißfestigkeit für dauerhaft zuverlässige Ergebnisse. Der Lieferumfang umfasst den kompletten 61-teiligen Bit-Satz sowie eine robuste Bit-Safe Kunststoffbox zur optimalen Aufbewahrung und Schutz.Dieser vielseitige Bit-Satz ist ideal für den Hand- und Maschinenbetrieb geeignet und unterstützt Sie zuverlässig bei professionellen wie privaten Projekten. Vertrauen Sie auf die bewährte Wera-Qualität, die auf Langlebigkeit und Präzision ausgelegt ist, für all Ihre Schraubarbeiten.","{""Antrieb"":""1/4 Zoll Sechskant"",""Aufnahme"":""1/4\"" Hex"",""Bit-Größen"":""TX10, TX15, TX20, TX25, TX30, TX40 (mehrfach bestückt)"",""Bit-Typ"":""Torx"",""Bithalter"":""1 x 1/4\"" x 50 mm"",""category_path (aus text_features)"":""Bit-Sätze"",""category_path (aus top-level Attribute)"":""Sets"",""Farbe"":""Schwarz mit Wera-Logo"",""GPSR Manufacturer name"":""Wera"",""Hersteller"":""Wera Werkzeuge GmbH"",""Hersteller-Code"":""057909"",""Herstellernummer"":""05057909001"",""Herstellernummer (MPN)"":""05057909001"",""Kategorie"":""Sport > Weitere Sportarten > Boxen > Boxsets"",""Marke"":""Wera"",""Material"":""Stahl, gehärtet"",""Modell"":""Bit-Safe 61 Universal 4"",""Produktart"":""Bit-Satz"",""Serie"":""Bit-Safe 61"",""Teileanzahl"":""61"",""Verpackung"":""Kunststoffbox Bit-Safe"",""Zustand"":""Neu""}",23.82 EUR,,0
PROGARDEN Gartenbank Genziana 2-Sitzer wetterfest & pflegeleicht,PROGARDEN,Baby > Pflege,SKU-2609353370,,"Ganzjährig wetterfest und UV-beständig für dauerhafte Schönheit im Freien. | Extrem pflegeleichtes Polypropylen für mühelose Instandhaltung und Hygiene. | Kompaktes Design, perfekt für Balkone, Terrassen und kleine Gärten. | Zwei komfortable Sitzplätze mit hoher Stabilität und Gemütlichkeit. | Sicher belastbar bis 120 kg pro Sitzplatz für zuverlässigen Komfort. | Geringes Eigengewicht ermöglicht flexibles Umstellen bei Bedarf. | Schneller Aufbau dank einfacher, verständlicher Anleitung in Minuten.","Die PROGARDEN Gartenbank Genziana bietet zwei bequeme Sitzplätze und verwandelt Terrasse, Balkon oder Garten in eine gemütliche Ruhezone. Ihre kompakte Form nutzt kleine Außenbereiche optimal aus und schafft schnell zusätzliche Sitzgelegenheiten.

Aus wetterfestem, UV-beständigem Polypropylen gefertigt, ist die Bank pflegeleicht und für den ganzjährigen Außeneinsatz geeignet. Das geringe Eigengewicht ermöglicht müheloses Umstellen, während die stabile Konstruktion bis zu 120 kg pro Sitzplatz trägt.

Geliefert wird die Gartenbank zerlegt inklusive Montagematerial und leicht verständlicher Aufbauanleitung. Sie lässt sich einfach mit Wasser und milder Seife reinigen; prüfen Sie regelmäßig Standfestigkeit und Verschraubungen.","{""Anzahl der Sitzplätze"":""2"",""Art der Montage"":""Steck- und Schraubverbindungen"",""Besonderheiten"":""Wetterfest, UV-beständig, Pflegeleicht"",""Breite"":""110 cm"",""Farbe"":""Anthrazit"",""Form"":""Rechteckig"",""Gewicht"":""8.6 kg"",""GPSR Manufacturer name"":""PROGARDEN"",""Herstellungsland"":""Italien"",""Höhe"":""71 cm"",""Kategorie"":""Baby > Pflege"",""Länge"":""110 cm"",""Lieferzustand"":""Zerlegt"",""Material"":""Polypropylen (PP)"",""Maximale Belastbarkeit"":""120 kg pro Sitzplatz"",""Montage erforderlich"":""Ja"",""Stil"":""Modern"",""Tiefe"":""52 cm"",""Zimmer"":""Garten, Terrasse, Balkon""}",39.99 EUR,,0
Glossyautoparts Nockenwelle für optimierte Motorleistung & Effizienz,Glossyautoparts,Auto & Motorrad: Teile > Autoteile & Zubehör > Motoren & Motorenteile > Ventilsteuerungsteile > Nockenwellen,SKU-2611077541,4071003351342,"Optimiert Motorleistung und Kraftstoffeffizienz Ihres Motors spürbar. | Ermöglicht präzise Ventilsteuerung für eine reibungslose Fahrzeugperformance. | Gefertigt aus robusten Metallen für außergewöhnliche Langlebigkeit und Zuverlässigkeit. | CE-zertifiziert, garantiert höchste europäische Qualitäts- und Sicherheitsstandards. | Konzipiert für einfachen Direkteinbau dank passgenauem Design. | Stellt die volle Motorfunktionalität langfristig und zuverlässig wieder her.","Die Glossyautoparts Nockenwelle optimiert präzise die Ventilsteuerung Ihres Motors, was Leistung und Kraftstoffeffizienz spürbar verbessert. Sie stellt die volle Motorfunktionalität langfristig wieder her und sorgt für eine reibungslosere Fahrzeugperformance.Gefertigt aus erstklassigen, robusten Metallen, garantiert diese Nockenwelle außergewöhnliche Langlebigkeit und höchste Zuverlässigkeit unter allen Bedingungen. Die CE-Zertifizierung bestätigt die Einhaltung strengster europäischer Qualitäts- und Sicherheitsstandards für dieses Premium Aftermarket-Produkt.Im Lieferumfang ist eine passgenaue Nockenwelle enthalten, die für einen unkomplizierten Direkteinbau konzipiert wurde. Bitte überprüfen Sie vor dem Kauf sorgfältig die Kompatibilität mit Ihrem spezifischen Fahrzeugmodell, um optimale Leistung und perfekte Passform zu gewährleisten.","{""Besonderheiten"":""CE-zertifiziert, Premium Aftermarket-Qualität"",""CE-Kennzeichnung"":""Ja"",""GPSR Manufacturer name"":""Glossyautoparts"",""Herstellernummer"":""EBY-1000335-1342"",""Kategorie"":""Auto & Motorrad: Teile > Autoteile & Zubehör > Motoren & Motorenteile > Ventilsteuerungsteile > Nockenwellen"",""Kompatibilität"":""Für diverse Verbrennungsmotoren"",""Lieferumfang"":""1x Nockenwelle"",""Marke"":""Glossyautoparts"",""Material"":""Metall"",""Modell"":""EBY-1000335-1342"",""Produktart"":""Nockenwelle"",""Zustand"":""Neu""}",79.99 EUR,XGA0102B,1
Brandson Tischventilator 30cm – Starke Kühlung für Zuhause,Brandson,Haushaltsgeräte > Klimaanlagen & Heizgeräte > Ventilatoren & Luftbehandlung > Stand- & Tischventilatoren,SKU-2621538468,4062861006757,"Erleben Sie kraftvolle und sofortige Kühlung für ein angenehmes Raumklima. | Hochwertiges Vollmetallgehäuse garantiert außergewöhnliche Langlebigkeit und Stabilität. | Präzise Luftstromausrichtung durch flexibel neigbaren Ventilatorkopf. | Drei Leistungsstufen ermöglichen individuelle Anpassung der Kühlintensität. | Sofort einsatzbereit dank vollständiger Vormontage, spart Zeit. | Mühelose Reinigung und Wartung für langanhaltend hygienischen Betrieb.","Der Brandson Tischventilator mit 30 cm Rotordurchmesser schafft ein angenehm kühles Raumklima und ist ideal für Büros, Schlaf- oder Wohnräume. Seine kraftvolle Brise sorgt für spürbare Abkühlung und erhöht den Komfort an warmen Tagen erheblich.Das robuste Vollmetallgehäuse gewährleistet eine außergewöhnliche Langlebigkeit und Stabilität, während der flexibel neigbare Kopf eine präzise Ausrichtung des Luftstroms ermöglicht. Drei einstellbare Geschwindigkeitsstufen erlauben eine individuelle Anpassung der Kühlintensität an Ihre persönlichen Bedürfnisse.Dieser hochwertige Ventilator wird vollständig montiert und betriebsbereit geliefert, sodass Sie ihn sofort nutzen können. Für eine langanhaltend hygienische und effiziente Nutzung lässt sich das Gerät zudem mühelos reinigen und pflegen.","{""Anzahl der Geschwindigkeiten"":""3"",""Besonderheiten"":""Neigbar"",""Energieversorgung"":""Netzbetrieb (Kabel)"",""Farbe"":""Schwarz"",""Geschwindigkeitsstufen"":""3"",""GPSR Manufacturer name"":""Brandson"",""Herstellernummer"":""SKU-2621538468"",""Kategorie"":""Haushaltsgeräte > Klimaanlagen & Heizgeräte > Ventilatoren & Luftbehandlung > Stand- & Tischventilatoren"",""Leistung"":""48 W"",""Marke"":""Brandson"",""Material"":""Metall"",""Montagezustand"":""Betriebsfertig, keine Montage erforderlich"",""Produktart"":""Tischventilator"",""Rotordurchmesser"":""30 cm"",""Stromquelle"":""Kabelgebunden"",""Zimmer"":""Arbeitszimmer, Esszimmer, Garage, Kinderzimmer, Küche, Schlafzimmer, Wohnzimmer""}",29.99 EUR,XGA0202E,1
WALSER Hagelschutzplane Perma Protect S | Ultimativer Schutz vor Hagel & Ästen,WALSER,,SKU-2633108165,9001778309730,"Schützt Ihr Fahrzeug zuverlässig vor Hagel, Ästen und Schmutz. | 5 mm Mehrschichtmaterial dämpft Stöße effektiv und schont den Lack. | Lackschonendes Vlies bewahrt empfindliche Fahrzeugoberflächen vor Kratzern. | Elastische Nähte und Belüftungsöffnungen verhindern Kondenswasserbildung. | Sichere und einfache Montage durch drei robuste Befestigungsgurte.","Die WALSER Perma Protect Hagelschutzplane Größe S schützt Ihr Fahrzeug zuverlässig vor Hagel, Ästen und Schmutz. Sie bewahrt empfindliche Bereiche wie Dach, Motorhaube und Kofferraum effektiv vor Beschädigungen und trägt zum Werterhalt bei.Gefertigt aus einem innovativen Mehrschichtmaterial mit 5 mm Gesamtstärke, bietet diese Plane hervorragende Dämpfungseigenschaften. Der Mix aus wasserdichtem Oberstoff, 4 mm Neoprenschaum und lackschonendem Vlies garantiert maximalen Schutz für Ihr Fahrzeug.Ausgestattet mit elastischen Nähten, Ventilationsöffnungen und Reflektoren, sorgt die Plane für eine sichere Anwendung und verhindert Kondenswasser. Drei mitgelieferte Befestigungsgurte gewährleisten eine einfache und stabile Montage, beachten Sie jedoch, dass die Plane nicht für dauerhaften UV-Schutz im Winter geeignet ist.","{""Anwendungsbereich"":""Fahrzeug"",""Befestigung"":""3 Befestigungsgurte"",""Belüftung"":""Ja"",""Besonderheiten"":""Wasserdicht, Hagelschutz, Lackschonend, Reflektierend, Belüftet"",""Farbe"":""Silber"",""GPSR Manufacturer name"":""WALSER"",""Größe"":""S"",""Hagelschutz"":""Ja"",""Herstellernummer"":""30973"",""Kategorie"":""Auto & Motorrad: Fahrzeuge"",""Lackschonend"":""Ja"",""Marke"":""WALSER"",""Material"":""Neopren, Vlies, Polyester"",""Materialstärke"":""5 mm"",""Modell"":""Perma Protect"",""Nicht geeignet für"":""Dauerhaften Winter- und UV-Schutz"",""Produktart"":""Hagelschutzplane"",""Reflektierend"":""Ja"",""Schutz vor"":""Hagel, Kastanien, Ästen, Schmutz"",""UV-beständig"":""Nein"",""Wasserdicht"":""Ja""}",96.95 EUR,XGA0201E,1
VIDEX Garden Winterschutzhaus PALM-PROTECT: Optimaler Frostschutz für Pflanzen,,,SKU-2636479706,4007114298916,,"Das VIDEX Garden PALM-PROTECT Winterschutzhaus bietet Ihren empfindlichen Kübelpflanzen zuverlässigen Schutz vor Frost, Wind und starkem Regen. Es schafft einen mobilen Wintergarten, der ideal für Balkon, Terrasse und Garten ist, um Ihre Pflanzen gesund durch die kalte Jahreszeit zu bringen.Gefertigt aus UV-stabiler Gitterfolie, garantiert das Schutzhaus Langlebigkeit und optimalen Lichtdurchlass für ein gesundes Pflanzenklima. Der praktische Zwei-Wege-Reißverschluss ermöglicht jederzeit komfortablen Zugang zur Pflanze und erleichtert die Pflege auch im Winter erheblich.Die robuste Konstruktion mit Bögen und vier Bodenankern sorgt für einen sicheren und stabilen Stand, selbst bei windigem Wetter. Der Lieferumfang umfasst das Schutzhaus mit allen notwendigen Befestigungsmaterialien.","{""Besonderheiten"":""Mobiler Wintergarten, UV-stabile Gitterfolie, Zwei-Wege-Reißverschluss"",""Breite"":""100 cm"",""Einsatzbereich"":""Kübelpflanzen, Palmen, Balkon, Terrasse, Garten"",""Farbe"":""Transparent"",""Geeignet_für"":""Kübelpflanzen, Palmen"",""GPSR Manufacturer name"":""VIDEX Garden"",""Höhe"":""250 cm"",""Kategorie"":""Garten & Terrasse"",""Marke"":""VIDEX Garden"",""Maße (HxBxT)"":""250x100x100 cm"",""Material"":""UV-stabile Gitterfolie mit Boden"",""Modell"":""PALM-PROTECT classic"",""Produktart"":""Winterschutz Frost-Schutzhaus"",""Serie"":""classic"",""Tiefe"":""100 cm"",""Zustand"":""Neu""}",88.99 EUR,,0
Altra Escalante 4 Herren Laufschuh – Dynamik & Komfort für schnelle Läufe,Altra,Sport > Fitness & Jogging > Fitness- & Laufschuhe,SKU-2638568297,0197642799444,,"Der Altra Escalante 4 Herren Laufschuh ist Ihr idealer Partner für dynamisches Training und schnelle Einheiten auf der Straße, indem er ein direktes, reaktionsfreudiges Laufgefühl für persönliche Bestleistungen bietet. Seine innovative Altra EGO™ Zwischensohle liefert herausragende Energierückgabe und ein geschmeidiges Abrollverhalten bei jedem Schritt.Das atmungsaktive Mesh-Obermaterial sorgt für exzellente Belüftung, während die einzigartige FootShape™ Passform maximale Zehenfreiheit und dauerhaften Komfort gewährleistet. Diese Kombination aus hochwertigen Materialien und durchdachtem Design unterstützt ein natürliches und effizientes Lauferlebnis.Ein Paar dieser leistungsstarken Altra Escalante 4 Laufschuhe ist im Lieferumfang enthalten und sofort bereit für Ihr nächstes Lauferlebnis. Für optimale Performance und Langlebigkeit lüften Sie die Schuhe nach jedem Gebrauch gut und reinigen Sie sie stets schonend.","{""Absatzhöhe"":""Flach (0 bis 2,5 cm)"",""Abteilung"":""Herren"",""Dämpfungsgrad"":""Mittel"",""Eigenschaften"":""Atmungsaktiv, Leichtgewicht, Zehenfreiheit"",""Farbe"":""Schwarz/Weiß"",""GPSR Manufacturer name"":""Altra"",""Handgefertigt"":""Nein"",""Herstellernummer"":""85010130"",""Individualisiert"":""Nein"",""Kategorie"":""Sport > Fitness & Jogging > Fitness- & Laufschuhe"",""Kategorie_Breadcrumb"":""Sport > Fitness & Jogging > Laufschuhe"",""Laufschuhtyp"":""Straßenlaufschuh"",""Laufstil"":""Neutral"",""Marke"":""Altra"",""Modell"":""Escalante 4"",""Obermaterial"":""Mesh"",""Personalisieren"":""Nein"",""Produktart"":""Laufschuh"",""Schuhgröße EU"":""48"",""Signiert"":""Nein"",""Sohlenmaterial"":""Gummi"",""Sport"":""Laufen"",""Stil"":""Sportschuhe"",""Verschluss"":""Schnürung"",""Vintage"":""Nein"",""Zustand"":""Neu mit Karton""}",129.95 EUR,XGA0301B,1
Bellabino Kinderregal Towy Mobil: Fördert spielerisch Ordnung & Selbstständigkeit,Bellabino,Möbel & Wohnen > Kindermöbel & Wohnen,SKU-2638580995,4260727981853,"Fördert spielerisch Ordnung & Selbstständigkeit | Robustes Holz | 3 leicht zugängliche Fächer | Mühelose Mobilität durch Rollen | Moderne weiße Oberfläche, pflegeleicht","Das Bellabino Kinderregal Towy Mobil fördert spielerisch die Selbstständigkeit und eine positive Aufräumroutine im Kinderzimmer. Es unterstützt Kinder dabei, frühzeitig Verantwortung zu übernehmen und ihre Umgebung eigenständig zu gestalten.Gefertigt aus hochwertigem, robustem Holz, bietet dieses mobile Regal drei leicht zugängliche Fächer für Bücher und Spielzeug. Integrierte, stabile Holzrollen ermöglichen eine mühelose Mobilität und flexible Raumnutzung, während die moderne weiße Oberfläche pflegeleicht und hygienisch ist.Der Lieferumfang beinhaltet das zerlegte Regal sowie alle notwendigen Montageteile für eine einfache Selbstmontage. Für eine lange Lebensdauer und optimale Nutzung empfehlen wir die regelmäßige Reinigung der Oberflächen mit einem feuchten Tuch und die Prüfung der Rollenfunktion.","{""Anzahl der Einheiten"":""1"",""Anzahl Fächer"":""3"",""Besonderheiten"":""Mit Rollen"",""Farbe"":""Weiß"",""GPSR Manufacturer name"":""Bellabino"",""Herstellernummer"":""BB-0046-03-01"",""Kategorie"":""Möbel & Wohnen > Kindermöbel & Wohnen"",""Marke"":""Bellabino"",""Material"":""Holz"",""Modell"":""Towy Mobil"",""Montage"":""Ja"",""Produktart"":""Regal"",""Stil"":""Modern"",""weight"":1,""Zielgruppe"":""Kinder"",""Zimmer"":""Kinderzimmer""}",44.99 EUR,XGA0203E,1
"MANN-FILTER Ölfilter HU 720/3 x für Motoren & Motorenteile, Neu, Made in Germany",MANN-FILTER,Auto & Motorrad: Teile > Autoteile & Zubehör > Motoren & Motorenteile,SKU-2690684566,4011558327507,"Maximale Motorleistung, Schutz vor Verschleiß und verlängerte Lebensdauer. | Hocheffiziente Filtration für makelloses Motoröl und optimalen Schutz. | Deutsche Ingenieurskunst garantiert höchste Produktqualität und Zuverlässigkeit. | Problemlose Installation für schnelle und effiziente Fahrzeugwartung. | Reduziert spürbar Kraftstoffverbrauch und schont die Umwelt.","Der MANN-FILTER Ölfilter HU 720/3 x ist ein essenzielles Bauteil für die umfassende Wartung Ihres Fahrzeugs und garantiert eine zuverlässige Performance. Er schützt den Motor effektiv vor vorzeitigem Verschleiß, sichert dauerhaft optimale Leistung und verlängert dessen Lebensdauer signifikant.Dank innovativer Filtertechnologie entfernt dieser Ölfilter selbst feinste Schmutzpartikel zuverlässig aus dem Ölkreislauf, was eine außergewöhnlich hohe Filtrationseffizienz gewährleistet. Die präzise Verarbeitung und die Verwendung erstklassiger, in Deutschland gefertigter Materialien sichern herausragende Stabilität und konstante Filterleistung unter allen Betriebsbedingungen.Die Konzeption des Ölfilters ermöglicht eine unkomplizierte und schnelle Installation, wodurch die regelmäßige Fahrzeugwartung erheblich vereinfacht wird. Im Lieferumfang ist der hochwertige MANN-FILTER HU 720/3 x Ölfilter enthalten; die korrekte Montage gemäß Herstellerangaben ist für maximale Sicherheit und optimale Funktion entscheidend.","{""Anwendungsbereich"":""Motor"",""GPSR Manufacturer name"":""MANN-FILTER"",""Hersteller"":""MANN+HUMMEL GMBH"",""Herstellernummer"":""HU 720/3 x"",""Herstellungsland"":""Deutschland"",""K-Typ"":""33396|30864|30868|12491|30863|34768|30866|31040|30867|34767|30865|30869|33011|33012|33764|10601|32108|33768|33769|33765|33774|33775|33776|29947|53156|32105|5753|1097|59334|1098|1108|9946|1169"",""Kategorie"":""Auto & Motorrad: Teile > Autoteile & Zubehör > Motoren & Motorenteile"",""Lieferumfang"":""1x Ölfilter"",""Marke"":""MANN-FILTER"",""Produktart"":""Ölfilter"",""Produktgruppe"":""Filter"",""Referenznummer(n) OE"":""Nicht vorhanden"",""weight"":1,""Zustand"":""Neu""}",14.48 EUR,XSGA0103B,1
"Brandson Standventilator: Leise Kühlung, Höhenverstellbar & Oszillierend",Brandson,Sammeln & Seltenes > Haushalt & Küche > Kleingeräte > Elektrische Ventilatoren,SKU-2789683373,4061474039602,Effiziente Kühlung mit 3 Geschwindigkeitsstufen | Zuschaltbare Oszillation für breite Luftverteilung | Höhenverstellbar und neigbarer Kopf für flexible Ausrichtung | Robuste Konstruktion aus Kunststoff und Metall | Einfache Montage und intuitive Bedienung,"Der Brandson Standventilator sorgt für effektive und leise Kühlung in jedem Raum. Mit drei Geschwindigkeitsstufen und zuschaltbarer Oszillation passt er sich perfekt Ihren Bedürfnissen an.Gefertigt aus robustem Kunststoff und Metall, garantiert das Gerät Langlebigkeit und einen sicheren Stand. Der höhenverstellbare Standfuß und neigbare Kopf ermöglichen eine flexible und gezielte Luftstromausrichtung.Im Lieferumfang sind alle Komponenten für eine schnelle Montage enthalten, inklusive Ventilatorkopf und Standfuß. Die intuitive Bedienung und unkomplizierte Pflege machen den Ventilator zum idealen Begleiter für heiße Tage.","{""Anzahl der Geschwindigkeiten"":""3"",""Besonderheiten"":""Oszillierend, Höhenverstellbar, Neigbar"",""Durchmesser"":""42 cm"",""Farbe"":""Schwarz"",""Funktionen"":""Oszillation, Neigbarer Kopf"",""Geschwindigkeitsstufen"":""3"",""GPSR Manufacturer name"":""Brandson"",""Höhenverstellung"":""ca. 104–122 cm"",""Kategorie"":""Sammeln & Seltenes > Haushalt & Küche > Kleingeräte > Elektrische Ventilatoren"",""Korb-Durchmesser"":""42 cm"",""Leistung"":""50"",""Marke"":""Brandson"",""Material"":""Kunststoff, Metall"",""Modell"":""WDP 301480"",""Oszillation"":""Ja"",""Produktart"":""Standventilator"",""Rotorblatt-Durchmesser"":""35 cm"",""Zertifizierungen"":""GS, TÜV""}",69.95 EUR,XGA0203E,1
ERZEKRIM Ferritkern Set 40tlg. | RFI/EMI Entstörung | Klare Signale,ERZEKRIM,Sammeln & Seltenes > Beleuchtung > Lampenteile,SKU-2804135383,07445038719723,"Effektive RFI/EMI-Reduzierung für stabile, klare Signale. | Umfassendes 40-teiliges Set für alle Kabeldurchmesser. | Werkzeuglose Clip-on-Montage, sekundenschnell und einfach. | Optimiert Signalqualität bei Audio, Video und Datenübertragung. | Hochwertiges Ferritmaterial für dauerhaft zuverlässige Entstörung. | Schützt Ihre Elektronik zuverlässig vor störenden Interferenzen.","Das ERZEKRIM Ferritkern Set eliminiert hochfrequente Störungen (RFI/EMI) effektiv und sorgt für eine signifikante Verbesserung der Signalqualität. Es schützt Ihre elektronischen Geräte zuverlässig vor unerwünschten Interferenzen und gewährleistet eine optimale elektromagnetische Verträglichkeit in vielfältigen Anwendungen.Dieses umfassende Set beinhaltet 40 hochwertige Clip-on Ferritkerne in sechs gängigen Größen, passend für Kabeldurchmesser von 3.5mm bis 13mm. Gefertigt aus erstklassigem Ferritmaterial, garantieren diese Kerne eine zuverlässige und dauerhafte Entstörleistung für diverse Anwendungsbereiche wie Audio, Video und Datenübertragung.Die innovative Clip-on-Bauweise ermöglicht eine denkbar einfache und werkzeuglose Installation sowie eine schnelle Entfernung ohne Kabeltrennung. Für Fragen oder Unterstützung steht Ihnen unser Kundenservice jederzeit gerne zur Verfügung, um eine reibungslose Nutzung und maximale Zufriedenheit zu gewährleisten.","{""Anzahl der Einheiten"":""40"",""Besonderheiten"":""Clip-on Design, RFI/EMI Entstörung"",""Farbe"":""Schwarz"",""GPSR Manufacturer name"":""ERZEKRIM"",""Kabeldurchmesser"":""3.5mm, 5mm, 7mm, 8mm, 9mm, 13mm"",""Kategorie"":""Sammeln & Seltenes > Beleuchtung > Lampenteile"",""Marke"":""ERZEKRIM"",""Maßeinheit"":""Stück"",""Material"":""Ferrit"",""Produktart"":""Ferritkern Entstörfilter Set"",""Set-Inhalt"":""4x Φ13mm, 4x Φ9mm, 6x Φ8mm, 6x Φ7mm, 10x Φ5mm, 10x Φ3.5mm""}",26.33 EUR,XGA0102B,1
Olivia Huth: Hilfst du mir? Dann teilen wir! Freundschaft & Teilen ab 3 Jahren,Südpol Verlag Gmbh,,SKU-2841208491,9783965940628,"Lehrt spielerisch Freundschaft, Kooperation und das Teilen wichtiger Werte. | Herzerwärmende Geschichte, speziell für Kinder ab 3 Jahren konzipiert und geeignet. | Wunderschöne, farbenfrohe Illustrationen von Olivia Huth bereichern jede Seite. | Robustes Hardcover-Format, ideal für kleine Kinderhände und langanhaltende Freude. | Fördert gezielt soziale Kompetenzen, Empathie und den familiären Zusammenhalt. | Perfekt für unvergessliche, lehrreiche Vorlesestunden mit der ganzen Familie.","Tauchen Sie mit dem Bilderbuch ""Meiner! Hilfst du mir? Dann teilen wir!"" in eine herzerwärmende Geschichte ein. Dieses liebevoll gestaltete Buch vom Südpol Verlag lehrt Kinder ab 3 Jahren spielerisch die essenziellen Werte von Freundschaft, Kooperation und dem Teilen.Die charmante Erzählung von Hase, Maus und Bär, untermalt von farbenfrohen Illustrationen, zeigt auf einfache Weise, wie gemeinsame Anstrengung zum Erfolg führt. Gefertigt als robustes Hardcover aus strapazierfähigem Papier, ist es perfekt für kleine Kinderhände und verspricht langanhaltende Vorlesefreude.Der Lieferumfang beinhaltet ein Exemplar dieses hochwertigen Bilderbuchs, das eine wertvolle Ergänzung für jede Kinderbibliothek darstellt. Es ist eine Investition in die soziale Entwicklung Ihres Kindes und garantiert unvergessliche gemeinsame Lesemomente.","{""Altersempfehlung"":""Ab 3 Jahren"",""Anzahl der Seiten"":""32"",""Autor"":""Olivia Huth"",""Bindung"":""Hardcover"",""Breite"":""23 cm"",""Buchtitel"":""Hilfst du mir? Dann teilen wir!"",""Erscheinungsjahr"":""2020"",""Format"":""Gebundene Ausgabe"",""Genre"":""Geschichte"",""Geschlecht"":""Unisex"",""GPSR Manufacturer email"":""info@suedpol-verlag.de"",""GPSR Manufacturer name"":""Südpol Verlag"",""GPSR Manufacturer URL"":""https://www.suedpol-verlag.de"",""Herstellernummer"":""SKU-2841208491"",""Höhe"":""23 cm"",""ISBN"":""978-3-96594-062-8"",""Kategorie"":""Bücher & Zeitschriften"",""Länge"":""23 cm"",""Marke"":""Südpol Verlag"",""Material"":""Papier"",""Originalsprache"":""Deutsch"",""Originaltitel"":""Meiner! Hilfst du mir? Dann teilen wir!"",""Produktart"":""Bilderbuch"",""Sprache"":""Deutsch"",""Thematik"":""Freundschaft"",""Verlag"":""Südpol Verlag Gmbh"",""weight"":1,""Zielgruppe"":""Kinder"",""Zustand"":""Neu""}",14 EUR,XSGA0103A,1
Beliani Beistelltisch CAORIA: Eleganter Terrazzo-Blickfang für Innen & Außen,Beliani,,SKU-2965430996,,"Exklusives Sanduhr-Design mit moderner Terrazzo-Optik als stilvoller Blickfang. | Äußerst langlebiges Leichtbeton-Material (MgO & Glasfaser) für langfristige Freude. | Vielseitig einsetzbar als Beistell-, Nacht- oder Pflanzentisch innen und außen. | Wetterfest und pflegeleicht, perfekt für Balkon, Terrasse und Wohnzimmer. | Kompakte Maße bieten stabile Ablagefläche bei geringem Platzbedarf. | Sofort einsatzbereit dank kompletter Vormontage, kein Aufbau erforderlich. | Beeindruckende Belastbarkeit von 100 kg garantiert höchste Stabilität und Funktionalität.","Der Beliani Beistelltisch CAORIA besticht durch sein einzigartiges Sanduhr-Design und die moderne Terrazzo-Optik, die ihn zu einem stilvollen Blickfang macht. Er fügt sich nahtlos in diverse Einrichtungsstile ein und bereichert jeden Raum mit seiner skulpturalen Form.Gefertigt aus einer robusten Mischung aus Leichtbeton (MgO) und Glasfaser, ist dieser Tisch nicht nur ästhetisch ansprechend, sondern auch äußerst langlebig und pflegeleicht. Seine vielseitige Einsetzbarkeit macht ihn zum idealen Beistell-, Nacht- oder dekorativen Pflanzentisch für Innen- und Außenbereiche.Mit einer Höhe von 46 cm und einem Durchmesser von 40 cm bietet der CAORIA ausreichend Ablagefläche bei kompakter Größe. Er wird komplett vormontiert geliefert, ist sofort einsatzbereit und überzeugt mit einer beeindruckenden Belastbarkeit von bis zu 100 kg.","{""Abteilung"":""Erwachsene"",""Besonderheiten"":""Wetterfest, Pflegeleicht, Skulptural"",""Breite"":""40 cm"",""Design"":""Skulptural, Sanduhr-Form"",""Durchmesser"":""40 cm"",""Einsatzbereich"":""Innen- und Aussenbereich"",""Farbe"":""Cremeweiß / Terrazzo-Muster"",""Form"":""Rund"",""Gestaltung"":""Zwei halbkugelförmige Elemente"",""Gewicht"":""8 kg"",""GPSR Manufacturer address"":""EU"",""GPSR Manufacturer name"":""Beliani"",""Hersteller Artikelnummer"":""407569"",""Herstellernummer"":""407569"",""Höhe"":""46 cm"",""Kategorie"":""Möbel & Wohnen"",""Länge"":""40 cm"",""Marke"":""Beliani"",""Material"":""Leichtbeton (MgO) und Glasfaser"",""Max. Belastung"":""100 kg"",""Modell"":""CAORIA"",""Montage erforderlich"":""Nein"",""Montagezustand"":""Vormontiert, einteilig"",""Muster"":""Terrazzo"",""Oberfläche"":""Matt, Terrazzo-ähnlich"",""Produktart"":""Beistelltisch"",""Stil"":""Modern"",""Zimmer"":""Wohnzimmer, Schlafzimmer, Flur/Diele, Esszimmer, Balkon""}",79.99 EUR,XGA0204D,2
Tineco Akku-Hartbodenreiniger Floor One S5: Saugt & Wischt gleichzeitig,Tineco,Briefmarken > Afrika > Niger,SKU-3046032177,6972200196132,Saugt und wischt Hartböden gleichzeitig für maximale Effizienz. | Intelligenter iLoop-Sensor passt Reinigungsleistung automatisch an. | Hygienisches Zwei-Tank-System trennt Schmutz- und Frischwasser. | Effektive Kantenreinigung erreicht selbst schwer zugängliche Stellen. | Automatische Selbstreinigung der Bürstenrolle spart Zeit und Mühe. | Kabelloses Design mit langer Akkulaufzeit für flexible Nutzung.,"Der Tineco Floor One S5 revolutioniert Ihre Bodenpflege, indem er Saugen und Wischen in einem effizienten Schritt kombiniert. Dieser intelligente Akku-Hartbodenreiniger spart Ihnen wertvolle Zeit und sorgt für strahlend saubere Ergebnisse auf allen versiegelten Hartböden.Ausgestattet mit dem innovativen iLoop-Sensor passt der Floor One S5 die Reinigungsleistung automatisch an den Verschmutzungsgrad an, um stets optimale und streifenfreie Sauberkeit zu gewährleisten. Das hygienische Zwei-Tank-System trennt Frisch- und Schmutzwasser konsequent, während die robuste und hochwertige Konstruktion Langlebigkeit und eine effektive Kantenreinigung garantiert.Die automatische Selbstreinigungsfunktion der Bürstenrolle minimiert den Wartungsaufwand erheblich und sorgt für eine stets einsatzbereite Reinigungskraft. Der Lieferumfang enthält alle Komponenten für den sofortigen Start, unterstützt durch den zuverlässigen Tineco Kundenservice und eine umfassende Garantie für Ihre Zufriedenheit.","{""Abmessungen (L x B x H)"":""326 x 296 x 672 mm"",""Akkulaufzeit"":""35 min"",""Besonderheiten"":""Kabellos, Selbstreinigung, Wischfunktion"",""Farbe"":""Schwarz"",""GPSR Manufacturer email"":""support.de@tineco.com"",""GPSR Manufacturer name"":""Tineco Intelligent Technology Co., Ltd."",""Herstellernummer"":""FW103400EU"",""Kategorie"":""Briefmarken > Afrika > Niger"",""Leistung"":""220 W"",""Marke"":""Tineco"",""Mit/Ohne Beutel"":""Beutellos"",""Modell"":""FW103400EU"",""Modellnummer"":""FW103400EU"",""Selbstreinigungsfunktion"":""Ja"",""Spannung"":""21.6 V"",""Zwei-Tank-System"":""Ja""}",239 EUR,XGA0202E,1
ABUS Kettenschloss Iven Chain 7210/110 – Hoher Diebstahlschutz & Lackschonend,ABUS,Sammeln & Seltenes > Transport > Fahrrad,SKU-3047799035,4003318877841,Hohe ABUS Sicherheitsstufe 8 für effektiven Diebstahlschutz. | Flexible 110 cm Kette zum vielseitigen Anschließen an Objekten. | Lackschonende Textilummantelung in 'diving blue' schützt das Fahrrad. | Extrem widerstandsfähig durch 7 mm gehärteten Spezialstahl. | Einfache Handhabung und komfortabler Transport im Alltag. | Sichere Verriegelung mit klassischem Schlüsselmechanismus. | Langlebige Qualität und hohe Zuverlässigkeit durch präzise Fertigung.,"Das ABUS Iven Chain 7210/110 Kettenschloss bietet optimalen Diebstahlschutz für Ihr Fahrrad oder Ihren Roller, dank der hohen ABUS Sicherheitsstufe 8. Die robuste 7 mm Kette aus gehärtetem Spezialstahl schützt Ihr Eigentum effektiv vor Manipulation und gewährleistet maximale Sicherheit.Die flexible, 110 cm lange Kette ermöglicht ein vielseitiges und sicheres Anschließen an festen Objekten. Die spezielle Textilummantelung in 'diving blue' bewahrt den Fahrradlack zuverlässig vor Kratzern und erhöht zudem die Langlebigkeit.Im Lieferumfang ist das hochwertige Kettenschloss enthalten, welches klassisch per Schlüssel bedient wird. Für eine langanhaltende Funktion und optimale Sicherheit wird eine regelmäßige Reinigung der Kette und des Schließzylinders empfohlen, um die Mechanik zu erhalten.","{""Farbe"":""diving blue"",""GPSR Manufacturer address"":""Unit 8 Third Way Corner, Avonmouth BS11 9HL Bristol (GB)"",""GPSR Manufacturer name"":""ABUS"",""Kategorie"":""Sammeln & Seltenes > Transport > Fahrrad"",""Kettendurchmesser"":""7 mm"",""Länge"":""110 cm"",""Marke"":""ABUS"",""Material Kette"":""Gehärteter Stahl"",""Material Ummantelung"":""Textil"",""Produktart"":""Kettenschloss"",""Verschlussmechanismus"":""Schlüssel""}",55.95 EUR,XGA0102B,1
"JURID Bremsbelagsatz 573602J für BMW 1er 3er 4er, Brembo Vorderachse",JURID,Auto & Motorrad: Teile > Autoteile & Zubehör > Bremsen & Bremsenteile > Bremsbeläge,SKU-3086033338,3306437248600,"Optimiert für BMW 1er, 3er, 4er Modelle | Kompatibel mit Brembo-Bremssystemen (Vorderachse) | Gefertigt aus hochwertigen Materialien | Hervorragende Wärmeableitung gegen Bremsfading | Gewährleistet zuverlässige Bremsleistung | Komplettsatz für einfachen Austausch","Der JURID Bremsbelagsatz 573602J gewährleistet optimale Bremsleistung und maximale Fahrsicherheit für Ihre BMW 1er, 3er und 4er Modelle. Diese Beläge sind präzise für Brembo-Bremssysteme an der Vorderachse konzipiert, um in jeder Fahrsituation eine zuverlässige Bremswirkung zu garantieren.Gefertigt aus hochwertigen Materialien, bieten die JURID Bremsbeläge herausragende Langlebigkeit und exzellente Wärmeableitung. Dies verhindert effektiv Bremsfading unter hoher Beanspruchung und verlängert die Lebensdauer der Bremsanlage signifikant.Der komplette Bremsbelagsatz enthält alle erforderlichen Komponenten für einen schnellen und unkomplizierten Austausch. Bitte prüfen Sie vor dem Kauf die Kompatibilität mit Ihrem Fahrzeugmodell und Bremssystem, um eine perfekte Passform zu gewährleisten.","{""Anzahl pro Packung"":null,""Breite"":""114.6 mm"",""Breite [mm]"":""114.6"",""Bremssystem"":""Brembo"",""Dicke"":""18.3 mm"",""Dicke/Stärke [mm]"":""18.3"",""Einbauposition"":""Vorne"",""Gewicht [kg]"":""2.47"",""GPSR Manufacturer name"":""JURID"",""Herstellernummer"":""573602J"",""Herstellernummer (MPN)"":""573602J"",""Hinweis Bremsscheiben"":""Nur für Stahl-Bremsscheiben, nicht für Carbon-Keramik-Bremsscheiben"",""Höhe"":""91.2 mm"",""Höhe [mm]"":""91.2"",""Kategorie"":""Auto & Motorrad: Teile > Autoteile & Zubehör > Bremsen & Bremsenteile > Bremsbeläge"",""Mengeneinheit"":""Achsenset"",""Produktart"":""Bremsbelagsatz"",""Prüfzeichen"":""R90 homologiert"",""weight"":1,""WVA-Nummer"":""25028""}",64.77 EUR,XGA0102B,1
LLIVEKIT Heißluftfritteuse Dual-Zone 9L – Gesund & Schnell Kochen,LLIVEKIT,Haushaltsgeräte > Kleingeräte Küche > Fritteusen,SKU-3093460977,20001500,Zwei Gerichte gleichzeitig perfekt zubereiten dank Dual-Zone-Technologie. | Gesunde und leckere Mahlzeiten mit bis zu 80% weniger Öl genießen. | Intuitive Digitalanzeige und Voreinstellungen für kinderleichte Bedienung. | Großzügiges 9-Liter-Fassungsvermögen ideal für die ganze Familie. | Mühelose Reinigung durch spülmaschinenfeste Antihaft-Garkörbe. | Vielseitige Zubereitung von knusprigen Pommes bis saftigem Hähnchen.,"Die LLIVEKIT Dual-Zone Heißluftfritteuse revolutioniert Ihre Küche und ermöglicht gesundes sowie schnelles Zubereiten vielfältiger Gerichte mit minimalem Öl. Genießen Sie knusprige Pommes, saftiges Hähnchen oder perfekt gegartes Gemüse und erweitern Sie Ihre kulinarischen Möglichkeiten.Dank der innovativen Dual-Zone-Technologie können Sie zwei unterschiedliche Speisen gleichzeitig mit individuellen Einstellungen zubereiten, unterstützt durch eine intuitive digitale Bedienung mit praktischen Voreinstellungen. Dieses moderne Gerät ist aus robusten, langlebigen Materialien wie Kunststoff und Metall gefertigt, um eine lange Lebensdauer zu gewährleisten.Der Lieferumfang umfasst die leistungsstarke Heißluftfritteuse inklusive zwei separaten Garkörben, bereit für den sofortigen Einsatz in Ihrer Küche. Für eine einfache Pflege sind die antihaftbeschichteten Körbe spülmaschinenfest, was die Reinigung nach dem Kochen erheblich vereinfacht und Ihnen mehr Zeit für Genuss lässt.","{""Anzahl der Körbe"":""2"",""Bedienung"":""Digitalanzeige"",""Farbe"":""Schwarz"",""Fassungsvermögen"":""9 L"",""Funktionen"":""Timer, Voreingestellte Programme"",""Gehäusematerial"":""Kunststoff, Metall"",""GPSR Manufacturer name"":""LLIVEKIT"",""Herstellernummer"":""KDF-5517DTW"",""Item-Specific: Anzahl der Fritteusenkörbe"":""2"",""Item-Specific: Besonderheiten"":""Dual-Zone Technologie, Digitalanzeige, Timer, Voreingestellte Programme, Spülmaschinenfeste Körbe"",""Item-Specific: EAN"":""20001500"",""Item-Specific: Farbe"":""Schwarz"",""Item-Specific: Fassungsvermögen"":""9 L"",""Item-Specific: Herstellernummer"":""KDF-5517DTW"",""Item-Specific: Marke"":""LLIVEKIT"",""Item-Specific: Produktart"":""Heißluftfritteuse"",""Item-Specific: Steuerung"":""Digital"",""Kategorie"":""Haushaltsgeräte > Kleingeräte Küche > Fritteusen"",""Korbmaterial"":""Antihaftbeschichtet"",""Marke"":""LLIVEKIT"",""Modellbezeichnung"":""KDF-5517DTW"",""Produktart"":""Heißluftfritteuse"",""Spülmaschinenfest"":""Ja"",""Technologie"":""Dual-Zone"",""Temperaturregelung"":""Ja"",""Timerfunktion"":""Ja""}",109.99 EUR,XGA0202A,1
Skechers Golfschuhe Damen GO GOLF MAX-FAIRWAY 3: Optimaler Komfort,,Sport > Golf > Golfbekleidung > Herren-Golfbekleidung > Golfschuhe,SKU-3095199472,195969554562,,"Die Skechers GO GOLF MAX-FAIRWAY 3 Damen Golfschuhe bieten optimalen Komfort und herausragende Leistung auf dem Golfplatz. Ihr leichtes Design und die innovative Dämpfung garantieren ein angenehmes Tragegefühl über die gesamte Runde, während das Arch Fit-System für podologisch zertifizierte Fußgewölbeunterstützung sorgt.Ausgestattet mit einer Ortholite-Komfortschaum-Einlegesohle für lang anhaltende Dämpfung und hohe Atmungsaktivität, halten diese Schuhe Ihre Füße dank des wasserabweisenden Obermaterials trocken. Das atmungsaktive Mesh und Synthetik-Obermaterial in Kombination mit der spikeless Gummi-Außensohle bietet hervorragende Traktion und Flexibilität auf jedem Terrain.Im Lieferumfang enthalten ist ein Paar dieser hochwertigen Golfschuhe, die für Golferinnen entwickelt wurden, die Funktionalität und Stil schätzen. Genießen Sie die bewährte Skechers-Qualität bei jeder Golfrunde und beachten Sie die beiliegenden Pflegehinweise für eine lange Lebensdauer Ihres Produkts.","{""Eigenschaften"":""Wasserabweisend, Atmungsaktiv, Komfort, Arch Support"",""Einlegesohlen-Technologie"":""Ortholite"",""Einlegesohlenmaterial"":""Ortholite Schaum"",""Farbe"":""Grau/Pink"",""Fußgewölbeunterstützung"":""Arch Fit"",""Geschlecht"":""Damen"",""GPSR Manufacturer name"":""Skechers"",""Herstellernummer"":""123029/GYPK"",""Jahreszeit"":""Ganzjährig"",""Kategorie"":""Sport > Golf > Golfbekleidung > Herren-Golfbekleidung > Golfschuhe"",""Laufsohlenmaterial"":""Gummi"",""Marke"":""Skechers"",""Modell"":""GO GOLF MAX-FAIRWAY 3"",""Nachhaltigkeit"":""5% recycelter Gummianteil"",""Obermaterial"":""Mesh, Synthetik"",""Produktart"":""Golfschuhe"",""Schuhgröße (CM)"":""27"",""Schuhgröße (EU)"":""40"",""Schuhgröße (UK)"":""7"",""Schuhgröße (US)"":""10"",""Schuhschafttyp"":""Niedrig"",""Sohlenart"":""Spikeless"",""Sportart"":""Golf"",""Stil"":""Sportlich"",""Verschluss"":""Schnürung""}",59.95 EUR,XGA0301B,0
Skechers Herren Sneaker Street UNO: Air-Cooled Memory Foam Komfort,Skechers,Kleidung & Accessoires > Herren > Herrenschuhe > Sneaker,SKU-3132130051,0198739801378,"Maximaler Air-Cooled Memory Foam Komfort für den ganzen Tag. | Stoßdämpfende Zwischensohle entlastet die Gelenke effektiv. | Stilvolles Obermaterial in glatter Lederoptik und pflegeleicht. | Robuste Gummiaußensohle für sicheren Halt auf verschiedenen Untergründen. | Optimale Passform durch klassische Schnürung und Perforationen. | Ideal für Freizeit, Alltag und Städtetrips mit hohem Komfort.","Der Skechers Street UNO Sneaker bietet exzellenten Tragekomfort für den modernen Alltag und vereint sportlichen Streetstyle mit höchster Funktionalität. Er ist der ideale Begleiter für Freizeitaktivitäten und Städtetrips, wo Stil und Bequemlichkeit gleichermaßen gefragt sind. Ausgestattet mit dem bewährten Air-Cooled Memory Foam Fußbett garantiert dieser Sneaker eine weiche Dämpfung bei jedem Schritt. Die stoßdämpfende Zwischensohle entlastet Ihre Gelenke effektiv und sorgt für langanhaltenden Komfort, selbst an langen Tagen. Das hochwertige Obermaterial in glatter Lederoptik ist nicht nur stilvoll, sondern auch pflegeleicht und strapazierfähig. Eine robuste Gummiaußensohle gewährleistet sicheren Halt, während die klassische Schnürung und perforierte Einsätze eine optimale Passform und ein angenehmes Fußklima sicherstellen. Sie erhalten ein Paar Skechers Street UNO Sneaker, die sofort einsatzbereit sind. Für umfassenden Service und weitere Informationen stehen wir Ihnen jederzeit gerne zur Verfügung.","{""Abteilung"":""Herren"",""Anlass"":""Freizeit"",""Besonderheiten"":""Air-Cooled Memory Foam, sichtbare Luftkissen-Ferse, perforierte Zehenbox, gepolsterter Schaftrand"",""Einlegesohlenmaterial"":""Memory Foam"",""Einsatzbereich"":""Freizeit, Alltag, Streetstyle, City"",""Farbe"":""Weiß"",""GPSR Manufacturer name"":""Skechers"",""Größe"":""41 EU"",""Herstellernummer"":""12430"",""Jahreszeit"":""Alle Jahreszeiten"",""Kategorie"":""Kleidung & Accessoires"",""Marke"":""Skechers"",""Modell"":""Street UNO - Stand on Air"",""Muster"":""Einfarbig"",""Obermaterial"":""Synthetik"",""Produktlinie"":""Skechers Street UNO"",""Schuhgröße_CM"":""26"",""Schuhgröße_US"":""8"",""Schuhschaft-Typ"":""Low Top"",""Sohlenmaterial"":""Gummi"",""Stil"":""Sneaker"",""Technologie"":""Air-Cooled Memory Foam, sichtbare Luftkissen-Ferse"",""Verschluss"":""Schnürung""}",58.95 EUR,XGA0301B,1
Nidec Sankyo Motorisierter Kartenleser – Präzision für Dauerbetrieb,Nidec Sankyo,Sammeln & Seltenes > Technik & Geräte > Automaten > Geldspielautomaten > Geldspielautomaten,SKU-3149269291,,,"Der Nidec Sankyo 445-0765157A Kartenleser ist für professionellen Dauerbetrieb konzipiert und bietet höchste Zuverlässigkeit in anspruchsvollen Umgebungen. Seine präzise Mechanik gewährleistet einen sicheren und schonenden Kartentransport, ideal für Zahlungsterminals und Zutrittskontrollen.Dieses robuste Einbaumodul verfügt über ein langlebiges Metallchassis, das optimalen Schutz und eine lange Lebensdauer sichert. Ein integriertes Shutter-System an der Karteneinführung erhöht zudem den Manipulations- und Fremdkörperschutz erheblich.Ausgelegt für eine stabile 24V DC-Versorgung, unterstützt dieser Leser HiCo-Magnetstreifenkarten sowie kontaktbasierte Smartcards für vielfältige Anwendungen. Der Lieferumfang umfasst das hochwertige motorisierte Kartenlesermodul, das eine einfache Integration ermöglicht und minimale Wartung erfordert.","{""Einbauart"":""Einbaumodul"",""Farbe"":""Silber, Grün, Transparent"",""Funktion"":""Motorisierter Karteneinzug, Shutter"",""Gehäusematerial"":""Metall, Transparent"",""GPSR Manufacturer name"":""Nidec Sankyo"",""Hersteller"":""Nidec Sankyo Corporation"",""Herstellernummer"":""445-0765157A"",""Kategorie"":""Sammeln & Seltenes > Technik & Geräte > Automaten > Geldspielautomaten > Geldspielautomaten"",""Marke"":""Nidec Sankyo"",""Max. Stromaufnahme"":""3.2 A"",""Modell"":""445-0765157A"",""Produktart"":""Motorisierter Kartenleser"",""Schnittstellen"":""Magnetstreifen, Chipkarte"",""Unterstützte Kartentypen"":""HiCo-Magnetstreifen, kontaktbasierte Smartcards"",""Versorgungsspannung"":""24V DC""}",299 EUR,XGA0204B,1
GREELUE Aufbewahrungskörbe 3er Set – Stapelbar für perfekte Ordnung,GREELUE,Möbel & Wohnen > Möbel > Regale & Aufbewahrung,SKU-3190070125,4262409580118,"Effiziente Ordnung: 3er-Set für systematische Organisation im ganzen Haus | Stapelbares Design: Spart Platz und maximiert den Stauraum | Robuster PP-Kunststoff: Langlebig, widerstandsfähig und leicht zu reinigen | Optimale Luftzirkulation: Perforiertes Design ideal für Textilien und Badartikel | Vielseitig einsetzbar: Perfekt für Kleidung, Spielzeug, Badutensilien und mehr | Modernes Design: Fügt sich nahtlos in jede Einrichtung ein","Verwandeln Sie Ihr Zuhause in eine Oase der Ordnung mit den GREELUE SNK3T-WH Aufbewahrungskörben. Dieses praktische 3er-Set bietet eine effiziente Lösung, um Gegenstände in jedem Raum systematisch zu organisieren und Unordnung zu beseitigen.Gefertigt aus robustem und langlebigem PP-Kunststoff, garantieren diese Körbe hohe Widerstandsfähigkeit und sind kinderleicht zu reinigen. Das innovative perforierte Design sichert zudem eine optimale Luftzirkulation, ideal für Textilien oder Badutensilien.Im Lieferumfang sind drei stapelbare Aufbewahrungskörbe enthalten, die vielseitige Organisationsmöglichkeiten für Kleidung, Spielzeug oder Badutensilien bieten. Profitieren Sie von einer maßgeschneiderten Aufbewahrungslösung, die sich nahtlos in jede moderne Einrichtung einfügt und maximalen Nutzen verspricht.","{""Anzahl der Einheiten"":""3"",""Besonderheiten"":""Stapelbar"",""Breite"":""34.5 cm"",""Farbe"":""Weiß"",""Form"":""Rechteckig"",""GPSR Manufacturer name"":""GREELUE"",""Herstellernummer"":""SNK3T-WH"",""Höhe"":""44 cm"",""Kategorie"":""Möbel & Wohnen > Möbel > Regale & Aufbewahrung"",""Länge"":""12 cm"",""Marke"":""GREELUE"",""Material"":""PP"",""Modell"":""SNK3T-WH"",""Produktart"":""Aufbewahrungskorb"",""Zimmer"":""Badezimmer, Schlafzimmer, Waschküche, Kinderzimmer, Wohnzimmer""}",10.99 EUR,,0
Beautex Jersey Spannbettlaken 90x200cm Dunkelbraun für Boxspringbetten,Beautex,"Möbel & Wohnen > Bettwaren, -wäsche & Matratzen > Bettwäsche",SKU-3210037840,4058473411560,"Perfekte Passform für Boxspringbetten bis 45 cm Steghöhe. | Luxuriöser Schlafkomfort dank 100% gekämmter Baumwolle 160 g/m². | Extrem strapazierfähig und formbeständig dank Premium Jersey-Qualität. | OEKO-TEX STANDARD 100 zertifiziert für schadstofffreien, hautsympathischen Schlaf. | Müheloses Aufziehen und faltenfreier Sitz durch umlaufenden Gummizug. | Pflegeleicht und formstabil, behält Qualität auch nach vielen Wäschen.","Das Beautex Jersey Spannbettlaken bietet unvergleichlichen Schlafkomfort und ist speziell für Boxspringbetten sowie hohe Matratzen bis 45 cm Steghöhe konzipiert. Es sorgt für einen makellosen, faltenfreien Sitz und verwandelt Ihr Schlafzimmer in eine Oase der Ruhe und Eleganz.Gefertigt aus 100% gekämmter Baumwolle mit einem Flächengewicht von 160 g/m² garantiert dieses Laken ein außergewöhnlich weiches und hautsympathisches Gefühl. Die hochwertige Jersey-Qualität sichert zudem eine hohe Strapazierfähigkeit und Formbeständigkeit, selbst nach vielen Wäschen.Dieses Spannbettlaken in elegantem Dunkelbraun für Matratzen der Größe 90x200 cm lässt sich dank des umlaufenden Gummizugs mühelos aufziehen und sitzt stets perfekt. Die OEKO-TEX STANDARD 100 Zertifizierung bestätigt die schadstofffreie Qualität, während die Maschinenwaschbarkeit die Pflege zum Kinderspiel macht.","{""Abteilung"":""Erwachsene"",""Anzahl der Einheiten"":""1"",""Besonderheiten"":""Für Boxspringbetten"",""Einheitentyp"":""Einheit"",""Farbe"":""Dunkelbraun"",""Flächengewicht"":""160 g/m²"",""Gewebeart"":""Jersey"",""GPSR Manufacturer name"":""Beautex"",""Größe"":""90x200 cm"",""Herstellungsland"":""Deutschland"",""Kategorie"":""Möbel & Wohnen > Bettwaren, -wäsche & Matratzen > Bettwäsche"",""Marke"":""Beautex"",""Material"":""100% Baumwolle"",""Matratzentyp"":""Boxspringbett"",""Muster"":""Uni"",""Pflegehinweise"":""Maschinenwäsche"",""Produktart"":""Spannbettlaken"",""Steghöhe"":""45 cm"",""Thema"":""Luxus"",""Verschlussart"":""Elastisch"",""Zertifikate"":""OEKO-TEX STANDARD 100"",""Zimmer"":""Schlafzimmer""}",13.99 EUR,XGA0201C,1
Nike Tennisschuh Zoom Vapor 12 CLY für Herren - Top Sandplatz-Performance,Nike,Sport > Weitere Ballsportarten > Tennis,SKU-3213392901,19760256779314,Hervorragende Sandplatz-Traktion für sicheren Halt bei jedem Schritt. | Leichte Konstruktion fördert maximale Agilität und schnelle Reaktionen. | Reaktionsfreudige Dämpfung bietet überragenden Komfort während langer Matches. | Robustes Obermaterial garantiert außergewöhnliche Langlebigkeit und Schutz. | Optimale Unterstützung für explosive Bewegungen und schnelle Richtungswechsel. | Dynamisches Design kombiniert Stil mit höchster sportlicher Funktionalität.,"Die Nike M Zoom Vapor 12 CLY Tennisschuhe für Herren bieten optimalen Halt und Komfort auf dem Sandplatz. Das atmungsaktive Obermaterial sorgt für ein angenehmes Tragegefühl, während die Zoom Air-Dämpfung reaktionsfreudige Schritte ermöglicht. Farbe: Black/White-Dk Smoke Grey, Größe EU 48.5 (US 14).","{""Anlass"":""Sport"",""Farbe"":""Schwarz, Weiß"",""Geschlecht"":""Herren"",""GPSR Manufacturer name"":""Nike"",""Handgefertigt"":""Nein"",""Individualisiert"":""Nein"",""Kategorie"":""Sport > Weitere Ballsportarten > Tennis"",""Marke"":""Nike"",""Modell"":""Zoom Vapor 12 CLY"",""Personalisieren"":""Nein"",""Schuhart"":""Tennisschuh"",""Schuhschafttyp"":""Low Top"",""Sohlenart"":""Sandplatz (Clay)"",""Sportart"":""Tennis"",""Vintage"":""Nein""}",109.95 EUR,XGA0302B,1
"WOLTU Standregal Weiß – Kompakt, vielseitig & platzsparend für jeden Raum",WOLTU,Möbel & Wohnen > Möbel > Regale & Aufbewahrung,SKU-3226209432,4063425163489,"Platzsparendes Design schafft wertvollen Stauraum in kleinen Räumen. | Vielseitig einsetzbar in Wohn-, Bad- oder Arbeitszimmern für Ordnung. | Offene Fächer ermöglichen schnellen Zugriff und stilvolle Dekoration. | Robuste, pflegeleichte Oberfläche garantiert langanhaltende Freude und Sauberkeit. | Modernes, zeitloses Design in Weiß fügt sich harmonisch in jede Einrichtung. | Schneller, unkomplizierter Aufbau dank klarer Anleitung und komplettem Zubehör.","Das kompakte Woltu Standregal in Weiß schafft auf kleiner Stellfläche praktischen Stauraum für Bücher, Deko und Alltagsgegenstände. Dank seines zeitlosen Designs fügt es sich harmonisch in Wohn-, Arbeits- oder Badezimmer sowie andere Räume ein.

Die offenen Fächer ermöglichen schnellen Zugriff und setzen Ihre Lieblingsstücke dekorativ in Szene. Eine robuste, pflegeleichte Oberfläche aus pflegeleichten Werkstoffen laut Herstellerangabe lässt sich bequem mit einem feuchten Tuch reinigen.

Geliefert wird das Standregal zerlegt mit passendem Montagematerial und verständlicher Aufbauanleitung für die einfache Selbstmontage. Bitte beachten Sie die Herstellerhinweise zu Montage, Belastbarkeit und Pflege, um lange Freude an Ihrem Regal zu haben.","{""Anzahl der Ablagen"":""nicht angegeben"",""Einsatzbereich"":""Wohnzimmer, Büro, Bad"",""Farbe"":""Weiß"",""Gewichtskapazität pro Ablage"":""nicht angegeben"",""GPSR Manufacturer name"":""WOLTU"",""Herstellungsland"":""nicht angegeben"",""Kategorie"":""Möbel & Wohnen > Möbel > Regale & Aufbewahrung"",""Lieferzustand"":""Zerlegt, inkl. Montagematerial"",""Marke"":""WOLTU"",""Maße (H x B x T)"":""nicht angegeben"",""Material"":""nicht angegeben"",""Modell"":""RGB46ws"",""Montage erforderlich"":""Ja"",""Montage_erforderlich"":""Ja"",""Produktart"":""Standregal"",""Zimmer"":""Wohnzimmer, Büro, Bad"",""Zustand"":""Neu""}",36.99 EUR,,0
Puma Clyde Palais Artisan Unisex Sneaker Chocotart-Frosted Ivory NEU OVP Gr. 38,PUMA,Kleidung & Accessoires > Damen > Damenschuhe,SKU-3368481451,4067983135699,"Luxuriöses Obermaterial aus hochwertigem Leder für Premium-Gefühl. | Zeitloses Design ermöglicht vielseitige Kombinationsmöglichkeiten im Alltag. | Robuste Gummisohle bietet optimalen Grip und sichere Stabilität. | Ganztägiger, angenehmer Tragekomfort bei allen Aktivitäten garantiert. | Ideal für Freizeit, Büro und entspannte Stadtbummel geeignet. | Verleiht jedem Outfit eine exklusive und stilvolle Note.","Der Puma Clyde Palais Artisan Sneaker bietet stilbewussten Damen luxuriösen Komfort und ein zeitloses Design für den Alltag. Dieser vielseitige Schuh ist die ideale Wahl für Stadtbummel, Büro oder andere Casual-Anlässe und verleiht jedem Outfit eine exklusive Note.Gefertigt aus hochwertigem Leder, überzeugt dieser Sneaker mit einer anspruchsvollen Haptik und beeindruckender Langlebigkeit. Die robuste Gummisohle gewährleistet optimalen Grip sowie Stabilität und sorgt den ganzen Tag für angenehmen Tragekomfort.Im Lieferumfang ist ein Paar Puma Clyde Palais Artisan Sneaker enthalten, bereit für Ihren stilvollen Auftritt. Für eine langanhaltende Freude an diesem Premium-Schuh wird die regelmäßige Pflege mit geeigneten Lederpflegemitteln empfohlen.","{""Absatzhöhe"":""Flach (unter 2,5 cm)"",""Abteilung"":""Unisex"",""Anlass"":""Freizeit"",""Besonderheiten"":""Komfort, Atmungsaktiv"",""EU-Schuhgröße"":""38,5"",""Farbe"":""Braun"",""Geschlecht"":""Damen"",""GPSR Manufacturer name"":""Puma"",""Handgefertigt"":""Nein"",""Herstellernummer"":""40224901"",""Jahreszeit"":""Alle Jahreszeiten"",""Kategorie"":""Kleidung & Accessoires > Damen > Damenschuhe"",""Laufsohlenmaterial"":""Gummi"",""Marke"":""PUMA"",""Modell"":""PUMA Clyde"",""Obermaterial"":""Leder"",""Passform"":""Normal"",""Personalisieren"":""Nein"",""Schuhgröße CM"":""24.5"",""Schuhgröße EU"":""38.5"",""Schuhgröße UK"":""5.5"",""Schuhgröße US"":""6.5"",""Schuhschafttyp"":""Niedrig"",""Stil"":""Sneaker"",""UK-Schuhgröße"":""5,5"",""US-Schuhgröße"":""6,5"",""Verschluss"":""Schnürung"",""Vintage"":""Nein"",""weight"":1,""Zielgruppe"":""Erwachsene""}",119.9 EUR,XGA0302A,1
Upgrade4cars X2 Sitzauflagen Universal – Optimaler Schutz für Vordersitze,,Baby > Kinderwagen & Zubehör > Kinderwagenzubehör > Sitzauflagen,SKU-3475457190,301729237,,"Die Upgrade4cars X2 Auto-Sitzauflagen schützen Ihre Vordersitze effektiv vor Schmutz, Nässe und täglicher Abnutzung. Dieses universell passende 2er Set ist ideal für den Alltag, Reisen und Outdoor-Aktivitäten, wodurch der Wert Ihres Fahrzeugs langfristig erhalten bleibt.Gefertigt aus robustem, wasserdichtem und schmutzabweisendem Oxford-Polyester, garantieren diese Schonbezüge höchste Langlebigkeit und eine mühelose Reinigung. Das strapazierfähige Material widersteht den Anforderungen des Alltags und schützt die Originalsitze Ihres Fahrzeugs dauerhaft vor Verschleiß.Die einfache und schnelle Montage ermöglicht einen sofortigen Schutz Ihrer Sitze ohne Werkzeug. Im Lieferumfang sind zwei hochwertige Sitzauflagen enthalten, wobei wir Ihnen empfehlen, die beiliegenden Pflegehinweise für dauerhafte Freude zu beachten.","{""Anzahl der Einheiten"":""2"",""Farbe"":""Schwarz"",""GPSR Manufacturer address"":""Gachedo 15, 38017 Betanzos, A Coruña, Spain"",""GPSR Manufacturer name"":""Deobald Trading GmbH"",""Hersteller/Importeur"":""Deobald Trading GmbH"",""Kategorie"":""Baby > Kinderwagen & Zubehör > Kinderwagenzubehör > Sitzauflagen"",""Marke"":""Upgrade4cars"",""Material"":""Polyester (Oxford)"",""Modell"":""X2 Universal"",""Montage"":""Einfach und schnell"",""Passform"":""Universal"",""Position"":""Vordersitze"",""Produktart"":""Sitzauflage"",""Schmutzabweisend"":""Ja"",""Verpackungssprache"":""Deutsch, Englisch"",""Wasserdichtigkeit"":""Wasserdicht"",""Zustand"":""Neu""}",23.6 EUR,XGA0302D,0
Steambow Bodkinpfeile AR-Serie: 6er Set für höchste Präzision & Durchschlagskraft,Steambow,Sport > Weitere Sportarten > Bogenschießen,SKU-3566484007,91120092210987,Optimale Präzision speziell für Steambow AR-Armbrüste. | Gehärtete Stahlspitzen garantieren maximale Durchschlagskraft. | Konsistente Flugbahn für zuverlässige und präzise Treffer. | Robuste Bauweise sichert eine lange Lebensdauer der Pfeile. | Ideal für intensives Training und anspruchsvollen Sporteinsatz. | Schnelle Einsatzbereitschaft für ein nahtloses Schießerlebnis.,"Dieses Steambow Bodkinpfeile Set wurde speziell für die AR-Serie entwickelt und garantiert höchste Präzision sowie herausragende Leistung für anspruchsvolle Schützen. Jeder der sechs Pfeile ist mit einer gehärteten Stahlspitze ausgestattet, die für beeindruckende Durchschlagskraft und außergewöhnliche Langlebigkeit sorgt.Die robuste Fertigung aus hochwertigem Stahl gewährleistet eine konsistente Flugbahn und optimale Handhabung bei jedem Schuss. Sie erhalten ein praktisches 6er-Set in elegantem Schwarz, perfekt geeignet für intensive Trainingseinheiten oder den sportlichen Einsatz.Diese Pfeile bieten optimale Kompatibilität mit Ihrer Steambow AR-Armbrust und sind sofort einsatzbereit, um Ihnen ein nahtloses Schießerlebnis zu ermöglichen. Für eine lange Lebensdauer und gleichbleibende Leistung empfehlen wir die regelmäßige Überprüfung der Pfeile vor jedem Gebrauch.","{""Anzahl pro Packung"":""6"",""Farbe"":""Schwarz"",""Für Waffentyp"":""Armbrust"",""Geschlecht"":""Unisex"",""Gewicht pro Pfeil"":""10.5 g"",""Gewicht pro Pfeil (Grain)"":""162"",""GPSR Manufacturer name"":""Steambow"",""Kategorie"":""Sport > Weitere Sportarten > Bogenschießen"",""Kompatibilität"":""Steambow AR-Serie"",""Marke"":""Steambow"",""Material"":""Stahl"",""Material Spitze"":""Gehärteter Stahl"",""Produktart"":""Pfeile"",""Sportart"":""Bogenschießen"",""Zielgruppe"":""Erwachsene"",""Zustand"":""Neu""}",23.98 EUR,,0
Topeak Ratchet Rocket Essential Fahrradwerkzeugset für präzise Reparaturen,Topeak,Sammeln & Seltenes > Militaria > NATO-Shop > Werkzeuge & Tools,SKU-3588671475,4710069708958,Kompaktes Design für einfache Mitnahme in jeder Trikottasche. | Präzise Umschalt-Ratsche für schwer zugängliche Stellen am Fahrrad. | Umfassendes 10-teiliges Bit-Set aus robustem Stahl für alle Schraubentypen. | Strapazierfähiges Textil-Transportetui für optimalen Schutz und Organisation. | Ideal für schnelle Reparaturen und Wartung zu Hause oder unterwegs. | Langlebige Materialien für eine lange Nutzungsdauer und höchste Zuverlässigkeit.,"Das Topeak Ratchet Rocket Essential Bit-Ratschenset ist der ideale Begleiter für jeden Fahrradfahrer, der Wert auf schnelle und präzise Reparaturen legt. Es ermöglicht eine effiziente Wartung zu Hause oder unterwegs und passt mühelos in jede Trikottasche. Die feine Umschalt-Ratsche ermöglicht präzises Anziehen und Lösen von Schrauben selbst an schwer zugänglichen Stellen. Das umfassende 10-teilige Bit-Set aus robustem Stahl deckt alle gängigen Schraubentypen ab, von Innensechskant bis Torx und Kreuzschlitz. Im Lieferumfang enthalten sind die hochwertige Ratsche, das vielseitige Bit-Set und ein strapazierfähiges Textil-Transportetui für optimalen Schutz. Dieses langlebige Werkzeugset gewährleistet, dass Sie stets bestens ausgerüstet sind und lange Freude daran haben werden.","{""Anzahl Bits"":""10"",""Anzahl Teile"":""11"",""Anzahl_der_Teile"":""11"",""Artikelnummer"":""TT2628"",""Besonderheiten"":""Kompakt, Tragbar, Mit Etui"",""Einsatzbereich"":""Fahrrad"",""Farbe"":""Schwarz"",""GPSR Manufacturer name"":""Topeak"",""Herstellernummer"":""TT2628"",""Kategorie (General)"":""Garten & Heimwerken > Baumarkt > Werkzeuge > Handwerkzeuge > Multitools"",""Kompatibler_Fahrradtyp"":""Universal"",""Lieferumfang"":""Ratsche, 10-teiliges Bit-Set (2 / 2,5 / 3 / 4 / 5 / 6 mm Innensechskant, T10, T15, T25, PH2), Textil-Transportetui"",""Marke"":""Topeak"",""Material"":""Stahl, Textil"",""Produktart"":""Ratschen-Werkzeug / Multi-Tool (Ratchet)"",""Set"":""Ja"",""Set_enthält"":""Bits, Ratsche, Etui"",""Werkzeugart"":""Ratschen-Werkzeug"",""Zustand"":""Neu (verpackt)""}",29.99 EUR,XGA0102C,1
Mackie HM-4 Kopfhörerverstärker für professionelles 4-Kanal Monitoring,Mackie,"TV, Video & Audio > Heim-Audio & HiFi > Verstärker & Vorverstärker",SKU-3622017850,0663961054064,"Vier unabhängige Ausgänge für simultanes Monitoring mehrerer Nutzer. | Individuelle Lautstärkeregelung pro Kanal für optimalen Sound. | Extrem robuste Bauweise garantiert maximale Zuverlässigkeit im Einsatz. | Kompaktes Design integriert sich platzsparend in jedes Setup. | Kristallklarer Klang für präzises und ermüdungsfreies Hörerlebnis. | Perfekt geeignet für Studio, Bühne und hochwertige Heim-Audio-Anwendungen.","Der Mackie HM-4 Kopfhörerverstärker ermöglicht Musikern und Produzenten, eine einzelne Stereoquelle präzise auf bis zu vier Kopfhörer zu verteilen. Er bietet individuelles Monitoring für jede Person, ideal für Studio, Bühne oder Heim-Audio-Setups.Jeder der vier unabhängigen Ausgänge verfügt über eine präzise Pegelregelung, die ein optimal angepasstes Hörerlebnis sicherstellt. Die extrem robuste ""Built-Like-A-Tank""-Konstruktion aus hochwertigen Materialien garantiert außergewöhnliche Langlebigkeit und Zuverlässigkeit im professionellen Einsatz.Das kompakte und platzsparende Design des HM-4 integriert sich nahtlos in jedes Setup, ohne wertvollen Raum zu beanspruchen. Zum sofortigen Betrieb ist ein passendes 12V DC Netzteil im Lieferumfang enthalten, sodass Sie umgehend von der bewährten Mackie-Qualität profitieren können.","{""Anzahl Kanäle"":""4"",""Bauweise"":""Robust, \""Built-Like-A-Tank\"""",""Besonderheiten"":""Individuelle Lautstärkeregelung"",""Farbe"":""Schwarz"",""GPSR Manufacturer name"":""Mackie"",""Kategorie"":""TV, Video & Audio > Heim-Audio & HiFi > Verstärker & Vorverstärker"",""Marke"":""Mackie"",""Modell"":""HM-4"",""Produktart"":""Kopfhörerverstärker"",""Stromversorgung"":""12V DC"",""Zustand"":""Neu""}",32 EUR,,0
Hansgrohe Waschtischarmatur Vernis Blend 100 Chrom – Spart Wasser mit EcoSmart,Hansgrohe,Heimwerker > Bad & Küche,SKU-3734657776,4059625316207,"Spart bis zu 60% Wasser dank innovativer EcoSmart-Technologie. | Einfache und präzise Bedienung durch den ergonomischen Einhebel. | Integrierte Zugstangen-Ablaufgarnitur für komfortable Handhabung. | Hansgrohe Markenqualität mit umfassender 5-Jahres-Herstellergarantie. | Flexibler Auslauf, um 10° drehbar, für mehr Bewegungsfreiheit. | Vielseitig einsetzbar und kompatibel mit Durchlauferhitzern. | Schnelle und unkomplizierte Installation dank flexibler Anschlussschläuche.","Die Hansgrohe Vernis Blend 100 Waschtischarmatur in Chrom bereichert Ihr Badezimmer mit modernem Design und herausragender Funktionalität. Genießen Sie eine komfortable Bedienung und eine stilvolle Aufwertung, die sich nahtlos in jedes Badambiente einfügt.Diese Armatur ist mit der innovativen EcoSmart-Technologie ausgestattet, die den Wasserverbrauch um bis zu 60% reduziert und somit Umwelt sowie Betriebskosten schont. Ihre hochwertige Metallkonstruktion, die integrierte Zugstangen-Ablaufgarnitur und der um 10° rotierbare Auslauf garantieren zusätzliche Flexibilität und einfache Handhabung.Der Lieferumfang umfasst die Armatur, eine Zugstangen-Ablaufgarnitur sowie flexible G 3/8 Anschlussschläuche für eine unkomplizierte Installation. Hansgrohe steht für bewährte Qualität, die durch eine 5-jährige Herstellergarantie unterstrichen wird und zudem für Durchlauferhitzer geeignet ist.","{""Anschlussgröße"":""G 3/8"",""Anwendungsbereich"":""Waschtisch, Bad"",""Anzahl Griffe"":""Einhebel"",""Armaturtyp"":""Einhebelmischer"",""Farbe"":""Chrom"",""Garantie"":""5 Jahre Herstellergarantie"",""GPSR Manufacturer name"":""Hansgrohe"",""Herstellernummer"":""71551000"",""Kategorie"":""Heimwerker > Bad & Küche"",""Kompatibilität"":""Durchlauferhitzer geeignet"",""Marke"":""Hansgrohe"",""Material"":""Metall"",""Merkmale"":""EcoSmart Wassersparfunktion, Zugstangen-Ablaufgarnitur, 10° drehbarer Auslauf"",""Modell"":""Vernis Blend 100"",""Montageart"":""Standmontage – 1 Hahnloch"",""Oberfläche"":""Glänzend"",""Produktart"":""Waschtischarmatur"",""Serie"":""Vernis Blend"",""Zustand"":""Neu""}",61.89 EUR,,0
HOLMENKOL Oxydstein für Ski & Snowboard - Max. Gleitfähigkeit,HOLMENKOL,Beauty & Gesundheit > Körperpflege,SKU-3783198734,4014701024414,Verbessert Gleitfähigkeit durch effektive Entfernung von Oxidation und Belagshaaren. | Sorgt für maximale Wachsaufnahme und optimale Haftung des Skibelags. | Kompaktes MINI-Format ermöglicht präzise Belagspflege jederzeit und überall. | Verlängert die Lebensdauer Ihrer Wintersportgeräte durch professionelle Pflege. | Unverzichtbares Profi-Werkzeug für konstante Top-Performance auf jeder Piste.,"Optimieren Sie die Performance Ihrer Ski und Snowboards mit dem HOLMENKOL Oxyd MINI Stein. Dieses Präzisionswerkzeug entfernt effektiv Oxidationsschichten und Belagshaare, was die Gleiteigenschaften erheblich verbessert und eine maximale Wachsaufnahme des Belags sicherstellt.Der kompakte MINI-Stein ist aus hochwertigem, langlebigem Material gefertigt und ermöglicht eine präzise sowie effiziente Belagsbearbeitung. Er ist ideal für die schnelle Pflege zu Hause oder unterwegs, um die Lebensdauer Ihrer Wintersportgeräte nachhaltig zu verlängern.Vertrauen Sie auf dieses unverzichtbare Profi-Werkzeug, das von erfahrenen Wintersportlern weltweit für Top-Ergebnisse geschätzt wird. Der Lieferumfang beinhaltet einen HOLMENKOL Oxyd MINI Stein, der Ihnen hilft, stets bestens präpariert auf die Piste zu gehen.","{""Anwendungsbereich"":""Ski- & Snowboardpflege"",""Farbe"":""Rosa"",""GPSR Manufacturer name"":""HOLMENKOL"",""Herstellernummer"":""20561"",""Kategorie"":""Beauty & Gesundheit > Körperpflege"",""Marke"":""HOLMENKOL"",""Modell"":""Oxyd MINI"",""Produktart"":""Oxydstein"",""Sportart/Aktivität"":""Skifahren, Snowboarden"",""Zielgruppe"":""Unisex"",""Zustand"":""Neu""}",9.99 EUR,XSGA0103B,1
Hermès Terre d'Hermès EDT für zeitlose Eleganz Herren 100ml,Hermès,Beauty & Gesundheit > Parfums > Herren,SKU-3818412905,3346130009603,Verleiht dem modernen Mann eine Aura zeitloser Eleganz. | Faszinierende holzig-würzige Komposition mit frischen Zitrusnoten. | Tiefgründige Basis aus edlem Zedernholz und erdigem Vetiver. | Garantiert langanhaltende Duftpräsenz für den gesamten Tag. | Präziser Zerstäuber für luxuriöse und gleichmäßige Duftverteilung. | Repräsentiert höchste französische Parfümkunst von Hermès.,"Das Hermès Terre d'Hermès Eau de Toilette verkörpert eine zeitlose Eleganz für den modernen, selbstbewussten Mann. Dieser markante Duft hinterlässt bei jedem Anlass einen unvergesslichen Eindruck und unterstreicht Ihre natürliche Präsenz.Die holzig-würzige Duftkomposition vereint erfrischende Zitrusnoten mit mineralischen Akzenten, abgerundet durch tiefgründiges Zedernholz und Vetiver. Seine langanhaltende Formulierung sorgt für eine subtile, aber beständige Präsenz über viele Stunden hinweg.Sie erhalten ein Original Hermès Eau de Toilette in der 100 ml Sprühflasche, welches höchste Parfümkunst aus Frankreich repräsentiert. Der integrierte Zerstäuber gewährleistet eine feine und gleichmäßige Anwendung für eine optimale Duftentfaltung.","{""Alkoholgehalt"":""78% vol."",""Besonderheiten"":""Zerstäuber"",""Duftfamilie"":""Holzig-Würzig"",""Duftname"":""Terre d'Hermès"",""Formulierung"":""Spray"",""Geschlecht"":""Herren"",""GPSR Manufacturer address"":""23, rue Boissy d'Anglas. 75008 Paris"",""GPSR Manufacturer name"":""Hermès Parfums"",""Herstellernummer"":""107188VQ"",""Herstellungsland"":""Frankreich"",""Kategorie"":""Beauty & Gesundheit > Parfums > Herren"",""Marke"":""Hermès"",""Personalisieren"":""Nein"",""Produktart"":""Eau de Toilette"",""Vintage"":""Nein"",""Volumen"":""100 ml"",""Zustand"":""Neu""}",69.49 EUR,,0
Success Courier Pumpensteuerung DSK-1: Konstanter Druck & Trockenlaufschutz,Success Courier,"Business & Industrie > Hydraulik, Pneumatik & Pumpen > Strömungswächter & Steuerungen > Pumpensteuerungen",SKU-3963918245,6431619024,Konstanter Wasserdruck für optimalen Komfort. | Zuverlässiger Schutz vor schädlichem Trockenlauf der Pumpe. | Deutliche Verlängerung der Lebensdauer Ihrer Wasserpumpe. | Einfache und schnelle Installation durch Standardanschlüsse. | Robustes IP65-Gehäuse für maximale Wetterbeständigkeit. | Klare Statusanzeigen zur einfachen Betriebsüberwachung.,"Die Success Courier Pumpensteuerung DSK-1 gewährleistet stets optimalen Wasserdruck und schützt Ihre Pumpe effektiv vor Trockenlauf. Dies steigert den Wohnkomfort erheblich und verlängert gleichzeitig die Lebensdauer Ihrer gesamten Anlage spürbar.Das robuste Kunststoffgehäuse mit IP65-Schutzart ermöglicht einen sicheren und langlebigen Einsatz in anspruchsvollen Umgebungen. Die einfache Installation erfolgt über genormte 1-Zoll-Anschlüsse sowie eine praktische Schuko-Stecker- und -Kupplungsverbindung.Im Lieferumfang ist die Success Courier Pumpensteuerung DSK-1 enthalten, bereit für den sofortigen Einsatz. Für alle weiteren Fragen oder bei Bedarf steht Ihnen unser engagierter Kundenservice jederzeit gerne zur Verfügung.","{""Anschlussgewinde"":""1 Zoll Außengewinde"",""Einsatzbereich"":""Haus- und Gartenwasserpumpen"",""Farbe"":""Blau"",""Frequenz"":""50-60 Hz"",""GPSR Manufacturer address"":""SUCCESS COURIER SL, Fuenlabrada, Madrid, Spanien"",""GPSR Manufacturer name"":""Success Courier"",""Herstellernummer"":""DSK-1"",""Herstellungsland"":""Spanien"",""Kategorie"":""Business & Industrie > Hydraulik, Pneumatik & Pumpen > Strömungswächter & Steuerungen > Pumpensteuerungen"",""Marke"":""Success Courier"",""Material"":""Kunststoff"",""Max. Betriebsdruck"":""10 bar"",""Max. Betriebstemperatur"":""60 °C"",""Max. Motorleistung"":""1.1 kW"",""Max. Stromstärke"":""10 A"",""Modell"":""DSK-1"",""Netzanschluss"":""230 V, Schuko-Stecker und Schuko-Kupplung"",""Produktart"":""Pumpensteuerung"",""Schutzart"":""IP65"",""Spannung"":""220-240 V""}",45 EUR,XGA0101B,2
"Nike Defy All Day Damen Sneaker Weiß, Schwarz, Rot Gr. 39 (DJ1196-101)",Nike,Kleidung & Accessoires > Herren > Herren-Accessoires > Handschuhe & Fäustlinge,SKU-3992211748,1952370903315,"Robuste Bauweise garantiert dauerhafte Nutzung und Strapazierfähigkeit im Alltag. | Komfortable Dämpfung durch Zwischensohle für ermüdungsfreies Gehen den ganzen Tag. | Zuverlässige Traktion dank griffiger Gummiaußensohle auf verschiedensten Untergründen. | Hochwertiges Obermaterial aus Leder und Synthetik für Stil und Haltbarkeit. | Zeitloses Design in Weiß, Schwarz, Rot, vielseitig kombinierbar. | Ideal geeignet für Fitness, Training, Alltag und leichte Sporteinheiten.","Der Nike Defy All Day (Stylecode DJ1196-101) ist ein bequemer Damen-Trainingssneaker in Weiß/Schwarz/Rot. Obermaterial aus Leder/Synthetik, dämpfende Zwischensohle und griffige Gummiaußensohle bieten Halt und Komfort im Alltag und beim Training.","{""Abteilung"":""Damen"",""Aktivität"":""Fitness & Training"",""Besonderheiten"":""Komfort"",""EU-Schuhgröße"":""39"",""Farbe"":""Weiß"",""Futtermaterial"":""Leder"",""Geschlecht"":""Damen"",""GPSR Manufacturer name"":""Nike"",""Innensohlenmaterial"":""Leder"",""Kategorie"":""Kleidung & Accessoires > Herren > Herren-Accessoires > Handschuhe & Fäustlinge"",""Laufsohlenmaterial"":""Leder"",""Marke"":""Nike"",""Modell"":""Defy All Day"",""Obermaterial"":""Leder"",""Produktlinie"":""Nike Defy"",""Schuhgröße EU"":""39"",""Sohlenmaterial"":""Gummi"",""Sportart"":""Training, Fitness, Alltag"",""Stil"":""Sneaker"",""Stylecode"":""DJ1196-101"",""UK-Schuhgröße"":""6"",""US-Schuhgröße"":""6"",""Verschluss"":""Schnürung"",""weight"":1}",49.99 EUR,XGA0301B,1
Divasya Yoga Yogamatte Profi-Grip für sichere & stabile Praxis,Divasya Yoga,Sport > Fitness & Jogging > Yoga & Pilates,SKU-4008377248,4262403770898,,"Die Divasya Yoga Yogamatte bietet professionellen Grip und höchsten Komfort für eine sichere und stabile Yoga-Praxis. Ihre großzügigen Maße von 185 x 68 x 0,45 cm gewährleisten ausreichend Platz für alle Übungen und Positionen.Gefertigt aus hochwertigem, rutschfestem Material, garantiert diese Matte maximale Stabilität und Langlebigkeit für den täglichen Gebrauch. Sie ist vielseitig einsetzbar für Yoga, Pilates und diverse Fitnessübungen, um Ihre Flexibilität und Balance zu verbessern.Die Matte ist leicht zu reinigen und einfach zu transportieren, was sie ideal für Studio, Zuhause oder unterwegs macht. Im Lieferumfang ist eine Divasya Yoga Yogamatte enthalten; bei Fragen steht unser Kundenservice jederzeit zur Verfügung.","{""Aktivität"":""Yoga, Pilates, Fitness"",""Anzahl der Einheiten"":null,""Farbe"":""Pink"",""GPSR Manufacturer name"":""Divasya Yoga"",""Kategorie"":""Sport > Fitness & Jogging > Yoga & Pilates"",""Maßeinheit"":""Stück""}",98 EUR,XGA0202C,1
Blivrig LED Fluter 300W IP66 – Extrem Hell & Wetterfest für Außen,Blivrig,,SKU-4017783375,,"Extrem helle 300W LED für weitreichende Ausleuchtung großer Bereiche. | IP66-Schutzart gewährleistet zuverlässigen Schutz vor Staub und starkem Strahlwasser. | Robustes Aluminiumgehäuse garantiert außergewöhnliche Langlebigkeit bei jeder Witterung. | Flexibler Montagebügel für einfache, präzise Installation an Wänden oder Böden. | Optimale Sicherheit durch effiziente Ausleuchtung von Parkplätzen und Höfen. | Wartungsarme, energieeffiziente LED-Technologie senkt nachhaltig Betriebs- und Folgekosten.","Der Blivrig LED Strahler mit 300W Leistung ist ideal für die großflächige und effiziente Beleuchtung von Außenbereichen. Er sorgt für beeindruckende Helligkeit und erhöht die Sicherheit auf Parkplätzen, Höfen oder Baustellen. Dank des robusten Aluminiumgehäuses und der IP66-Schutzart ist der Strahler extrem widerstandsfähig gegen Regen, Staub und Strahlwasser. Die hochwertige Verarbeitung gewährleistet eine lange Lebensdauer und zuverlässige Funktion unter anspruchsvollen Bedingungen. Der verstellbare Montagebügel ermöglicht eine flexible Ausrichtung an Wänden oder am Boden, was die Installation vereinfacht. Die wartungsarme LED-Technik reduziert den Betriebsaufwand und die Folgekosten nachhaltig, sodass Sie lange Freude an diesem Produkt haben werden.","{""Artikelnummer"":""blivrig-led-strahler-300w-ip66-1"",""Besonderheiten"":""Wasserfest, Staubdicht, Verstellbar"",""Dimmbar"":""Nein"",""Farbe"":""Schwarz"",""GPSR Manufacturer name"":""Blivrig"",""Herstellernummer"":""DQTGD01300W"",""Installationsbereich"":""Außenbereich"",""Kategorie"":""Heimwerker"",""Leistung"":""300 W"",""Lichtstrom"":""30000 lm"",""Marke"":""Blivrig"",""Material"":""Aluminium"",""Montage"":""Wandmontage, Bodenmontage"",""Produktart"":""LED Strahler"",""Schutzart"":""IP66"",""Sensor"":""Nein"",""Spannung"":""220-240 V AC"",""Stil"":""Modern"",""Stromquelle"":""Netzstrom""}",47.99 EUR,XGA0202D,2
"Jolly Doppelfasermaler Superstars Duo: 24 brillante, auswaschbare Farben",Jolly,Spielzeug > Basteln & Kreativität,SKU-4069701323,9014400103538,"24 brillante, intensive Farben für lebendige Kunstwerke und Projekte. | Doppelfasermaler mit feiner und breiter Spitze für maximale Kreativität. | Mühelos aus den meisten Textilien auswaschbar, ideal für sorgenfreies Malen. | Perfekt geeignet für Kinder ab 3 Jahren und kreative Erwachsene. | Hochwertige Qualität aus Österreich garantiert langanhaltenden Malspaß. | Ermöglicht präzise Details und schnelles Ausmalen großer Flächen.","Die Jolly Superstars Duo Doppelfasermaler bieten doppelten Malspaß und maximale Vielseitigkeit für all Ihre kreativen Projekte. Jeder Stift verfügt über eine dünne Spitze für präzise Details und eine dicke Spitze für schnelles Ausmalen größerer Flächen.Dieses hochwertige Set aus Österreich überzeugt mit 24 leuchtenden Farben und intensiver Pigmentierung für brillante Ergebnisse auf Papier. Der umfassende Lieferumfang garantiert unzählige Stunden kreativen Vergnügens ohne Wünsche offen zu lassen.Ein besonderes Merkmal ist die einfache Auswaschbarkeit aus den meisten Textilien, was kleine Malunfälle problemlos beseitigt und Eltern entlastet. Die Stifte eignen sich hervorragend für Kinder ab 3 Jahren sowie für Erwachsene, die ihre Kreativität entfalten möchten.","{""Altersempfehlung"":""Ab 3 Jahre"",""Anzahl Farben"":""24"",""Auswaschbar"":""Ja"",""Besonderheiten"":""Doppelseitig, Auswaschbar"",""Farbe"":""Mehrfarbig"",""Geeignet für"":""Papier"",""GPSR Manufacturer address"":""Ibererstraße 23, 8051 Graz, Austria"",""GPSR Manufacturer name"":""Brevillier Urban & Sachs"",""GPSR Manufacturer URL"":""www.jolly.at"",""Hauptkategorie"":""Basteln & Kreativität"",""Herstellernummer"":""44250002"",""Herstellungsland"":""Österreich"",""Kategorie"":""Spielzeug > Basteln & Kreativität"",""Marke"":""Jolly"",""Modell"":""Superstars Duo"",""Produktart"":""Fasermaler"",""Spitzentyp"":""Doppelfasermaler"",""Zielgruppe"":""Kinder, Erwachsene""}",17.47 EUR,XGA0204D,15
ROCKBROS Minipumpe Fahrradpumpe mit Halterung – Leicht & Robust,ROCKBROS,Sport > Radsport > Fahrradteile & -komponenten,SKU-4118229261,6931915757670,"Extrem leicht und kompakt für mühelosen Transport auf jeder Fahrradtour. | Robuste Aluminiumlegierung sichert maximale Langlebigkeit und zuverlässige Funktion. | Effiziente Pumpmechanik ermöglicht schnelles, unkompliziertes Aufpumpen bei Pannen. | Inklusive praktischer Halterung zur stabilen Montage direkt am Fahrradrahmen. | Blitzschnelle Behebung von Reifenpannen für eine ununterbrochene Fahrt. | Vielseitig einsetzbar für Mountainbikes, Rennräder und Citybikes.","Die ROCKBROS Minipumpe ist Ihr unverzichtbarer Begleiter für jede Fahrradtour, um Reifenpannen schnell und effizient zu beheben. Ihr extrem leichtes und kompaktes Design sorgt dafür, dass sie mühelos transportiert werden kann und kaum spürbares Zusatzgewicht darstellt.Gefertigt aus hochwertiger Aluminiumlegierung, bietet diese Pumpe maximale Robustheit und Langlebigkeit für zuverlässige Leistung. Die effiziente Pumpmechanik ermöglicht ein schnelles Aufpumpen, während die mitgelieferte Halterung eine sichere Befestigung am Fahrradrahmen gewährleistet.Dieses vielseitige Werkzeug eignet sich ideal für Mountainbiker, Rennradfahrer und Pendler, die eine portable und leistungsstarke Lösung suchen. Im Lieferumfang enthalten sind die Minipumpe und eine praktische Rahmenhalterung; bitte beachten Sie die Anleitung zur Ventilkompatibilität.","{""Angebotspaket"":null,""Beschreibung des Angebotpakets"":null,""Farbe"":""Schwarz"",""Für Fahrradtyp"":""Mountainbike, Rennrad, Citybike"",""GPSR Manufacturer name"":""ROCKBROS"",""Herstellerland - und Region"":null,""Herstellernummer"":""806-TEAM-B"",""Kategorie"":""Sport > Radsport > Fahrradteile & -komponenten"",""Marke"":""ROCKBROS"",""Modifikationsbeschreibung"":null,""Modifizierter Artikel"":null}",10.99 EUR,XSGA0103A,1
Villa Grinario Jersey-Spannbettuch 100x200 cm Blau – Bügelfrei & Hautfreundlich,Villa Grinario,"Möbel & Wohnen > Bettwaren, -wäsche & Matratzen > Bettlaken",SKU-4204090012,,"Hoher Schlafkomfort durch weiches Jersey-Material | Perfekter Sitz dank umlaufendem, dauerelastischem Gummizug | Aus 100% gekämmter Baumwolle, atmungsaktiv und hautfreundlich | Besonders pflegeleicht: maschinenwaschbar und trocknergeeignet | Bügelfrei und formstabil auch nach häufigem Waschen | Ideal für Standardmatratzen der Größe 100 x 200 cm","Das Villa Grinario Jersey-Spannbettuch in klassischem Blau ist die ideale Wahl für Standardmatratzen der Größe 100 x 200 cm. Es bietet dank seines weichen Materials und des perfekten Sitzes einen hohen Schlafkomfort und trägt zu einer entspannten Nachtruhe bei. Gefertigt aus 100 % gekämmter Baumwolle, fühlt sich das Laken besonders angenehm auf der Haut an und ist zudem atmungsaktiv. Der umlaufende Gummizug sorgt dafür, dass das Spannbettuch stets faltenfrei und sicher auf der Matratze sitzt, ohne zu verrutschen. Dieses hochwertige Spannbettuch ist äußerst pflegeleicht und kann problemlos in der Maschine gewaschen sowie im Trockner getrocknet werden. Es ist bügelfrei und behält auch nach vielen Wäschen seine Form und Farbe, was es zu einem langlebigen Begleiter macht.","{""Abteilung"":""Erwachsene"",""Anzahl der Teile"":""1"",""Eigenschaften"":""anschmiegsam, bügelfrei, trocknergeeignet, atmungsaktiv, hautfreundlich"",""Farbe"":""Blau"",""Form"":""Rechteckig"",""Geeignete Matratzentypen"":""Standard-Matratzen"",""Gewebeart"":""Jersey"",""Größe"":""100x200 cm"",""Gummizug"":""Rundumgummi, dauerelastisch"",""Kategorie"":""Möbel & Wohnen > Bettwaren, -wäsche & Matratzen > Bettlaken"",""Kategorie (Text)"":""Möbel & Wohnen > Bettwaren, -wäsche & Matratzen > Bettlaken & Spannbettlaken"",""Maße"":""ca. 90–100 x 200 cm"",""Material"":""100 % Baumwolle (Jersey, gekämmt)"",""Muster"":""Einfarbig"",""Pflegehinweise"":""maschinenwaschbar, laut Hersteller bügelfrei und trocknergeeignet"",""Produkt-ID (Intern)"":""VG-JSB-100x200-BLAU"",""Produktart"":""Jersey-Spannbettuch"",""Saison"":""Alle Jahreszeiten"",""Verpackungsangabe Händler"":""AWG, D-73257 Köngen"",""Zimmer"":""Schlafzimmer""}",14.99 EUR,XGA0201C,3
Unbekannt Handpan – Warmer Klang für Meditation & tiefe Entspannung,Unbekannt,Antiquitäten & Kunst > Musikinstrumente > Schlaginstrumente,SKU-4212491486,,"Warmer, klarer Klang für tiefe Entspannung und Achtsamkeit. | Neun präzise gestimmte Noten für harmonische Melodien. | Perfekt geeignet für Meditation, Yoga und Klangtherapie. | Extrem robuster Stahlkorpus garantiert Langlebigkeit und Klangstabilität. | Intuitives Spielgefühl mit Händen oder Schlägeln für alle Niveaus. | Inklusive Schlägel und Tasche für sofortigen Spielspaß und Transport.","Diese Handpan mit neun Noten erzeugt einen warmen, klaren Klang für Meditation, Yoga und Klangtherapie. Die harmonische Stimmung fördert tiefe Entspannung, Achtsamkeit und kreativen musikalischen Ausdruck.

Der Korpus besteht aus lackiertem Stahl mit matter schwarzer Oberfläche und ist robust sowie pflegeleicht. Präzise eingearbeitete Tonfelder ermöglichen ein intuitives Spiel mit den Händen oder den beiliegenden Schlägeln, ideal für Einsteiger und Fortgeschrittene.

Im Lieferumfang enthalten sind die Handpan, zwei Schlägel und eine gepolsterte Tragetasche mit komfortablen Tragegurten. Für eine lange Lebensdauer sollte das Instrument trocken gelagert, regelmäßig mit einem weichen Tuch gereinigt und der Kontakt mit aggressiven Reinigungsmitteln vermieden werden.","{""Anzahl Noten"":""9"",""Durchmesser"":""58 cm"",""Einsatzbereich"":""Meditation, Yoga, Klangtherapie"",""Farbe"":""Schwarz matt"",""Herstellernummer"":""SKU-4212491486"",""Kategorie"":""Antiquitäten & Kunst > Musikinstrumente > Schlaginstrumente"",""Lieferumfang"":""Handpan, 2 Schlägel, gepolsterte Tragetasche"",""Material"":""Lackierter Stahl"",""Produktart"":""Handpan""}",179 EUR,,0
lionelo Laufgitter Willow: Sichere & faltbare Spieloase für Babys,lionelo,Baby > Möbel > Laufgitter,SKU-4264334297,5903771709217,"Sichere und komfortable Spielumgebung für Babys | Atmungsaktive Netzfenster für optimale Luftzirkulation | Hochwertige, strapazierfähige Materialien für Stabilität | Praktische Klappfunktion für platzsparende Aufbewahrung | Inklusive weicher Spielmatte und Transporttasche | Zertifiziert nach EN 12227:2010 für höchste Sicherheit | Ideal für Zuhause und unterwegs, leicht zu transportieren","Das lionelo Willow Laufgitter schafft eine sichere und komfortable Spielumgebung für Ihr Baby, sowohl zu Hause als auch unterwegs. Seine weichen Wände und atmungsaktiven Netzfenster gewährleisten optimale Luftzirkulation und ermöglichen ständigen Blickkontakt zu Ihrem Kind. Gefertigt aus hochwertigen, strapazierfähigen Materialien, garantiert dieses Laufgitter einen stabilen Stand und eine lange Nutzungsdauer. Die praktische Klappfunktion ermöglicht eine platzsparende Aufbewahrung und einen mühelosen Transport, ideal für Reisen. Im Lieferumfang sind eine weiche Spielmatte und eine praktische Transporttasche enthalten, die den Komfort und die Mobilität Ihres Kindes maximieren. Zertifiziert nach EN 12227:2010, bietet das Willow bewährte Sicherheitsstandards für Kinder bis 15 kg.","{""Altersempfehlung"":""Ab Geburt"",""Besonderheiten"":""Faltbar, Tragbar"",""Breite"":""20.5 cm"",""Bruttogewicht"":""9 kg"",""Farbe"":""Beige Sand"",""GPSR Manufacturer name"":""lionelo"",""Hersteller"":""BrandLine Group Sp. z o.o."",""Höhe"":""14.5 cm"",""Kategorie"":""Baby > Möbel > Laufgitter"",""Länge"":""121 cm"",""Marke"":""lionelo"",""Maximales Körpergewicht"":""15 kg"",""Maximales_Körpergewicht"":""15 kg"",""Modell"":""Willow"",""Nettogewicht"":""8.5 kg"",""Produktart"":""Laufgitter"",""Verpackungsmaße (L x B x H)"":""121 x 20.5 x 14.5 cm"",""Zertifizierung"":""EN 12227:2010"",""Zustand"":""Neu""}",74.99 EUR,,0
"LEONARDO SWING Trinkgläser Set – Bunt, Spülmaschinenfest & Langlebig",LEONARDO,Sammeln & Seltenes > Transport > Luftfahrt & Zeppelin > Geschirr & Besteck,SKU-4304000683,4002541707024,"Setzt stilvolle, lebendige Farbakzente auf jedem Tisch. | Garantiert Robustheit und außergewöhnliche Langlebigkeit durch Qualitätsglas. | Vielseitig einsetzbar für Wasser, Säfte oder kreative Cocktails. | Mühelose Reinigung dank Spülmaschinenfestigkeit für maximalen Komfort. | Modernes Design fügt sich nahtlos in jede Einrichtung ein. | Angenehme Haptik, liegt dank Qualitätsglas komfortabel in der Hand.","Das LEONARDO SWING Trinkgläser Set bereichert jeden Tisch mit lebendigen Farben und stilvollem Design, ideal für den täglichen Gebrauch oder besondere Anlässe. Diese hochwertigen Gläser verleihen jedem Getränk eine individuelle Note und schaffen eine einladende Atmosphäre.Gefertigt aus robustem Qualitätsglas, bieten die SWING Trinkgläser eine angenehme Haptik und garantierte Langlebigkeit. Ihr zeitloses, modernes Design fügt sich harmonisch in jede Einrichtung ein und sorgt für eine brillante Optik in Ihrem Zuhause.Im Lieferumfang enthalten sind zwei farbige Trinkgläser mit je 35,5 cl Fassungsvermögen und 9 cm Höhe, perfekt für Wasser, Säfte oder Cocktails. Die Gläser sind spülmaschinenfest, was eine mühelose Reinigung ermöglicht und Ihnen langanhaltende Freude im Alltag sichert.","{""item_specific_Anzahl_der_Teile"":""2"",""item_specific_Besonderheiten"":""Spülmaschinenfest"",""item_specific_Farbe"":""Bunt"",""item_specific_Fassungsvermögen"":""35,5 cl"",""item_specific_Höhe"":""9 cm"",""item_specific_Material"":""Glas"",""item_specific_Muster"":""Einfarbig"",""item_specific_Produktart"":""Trinkglas"",""item_specific_Set_enthält"":""Trinkgläser"",""item_specific_Stil"":""Modern"",""item_specific_Thema"":""Getränke, Party"",""item_specific_Zimmer"":""Küche, Esszimmer"",""Kategorie"":""Sammeln & Seltenes > Transport > Luftfahrt & Zeppelin > Geschirr & Besteck"",""Produkt-SKU"":""SKU-4304000683""}",7.5 EUR,XGA0202C,1
WMF Topf-Set Provence Plus: Induktionsgeeignet & Langlebig,WMF,Sammeln & Seltenes > Haushalt & Küche > Töpfe & Pfannen,SKU-4349960147,4000530650139,"Hochwertiger Cromargan Edelstahl 18/10 für Langlebigkeit und Hygiene. | TransTherm Allherdboden für optimale Wärmeverteilung und Energieeffizienz. | Sichtkochen ermöglicht dank hitzebeständiger Glasdeckel volle Kontrolle. | Ergonomische Griffe für sichere und komfortable Handhabung beim Kochen. | Geeignet für alle Herdarten, inklusive Induktion, für maximale Flexibilität. | Spülmaschinengeeignet für mühelose Reinigung und dauerhaften Glanz. | Umfassendes 4-teiliges Set für vielseitiges Kochen und Zubereiten.","Das WMF Topf-Set Provence Plus aus Cromargan Edelstahl 18/10 überzeugt mit langlebiger Qualität und geschmacksneutralen Eigenschaften. Der TransTherm Allherdboden sorgt für schnelle, gleichmäßige Wärmeverteilung und ermöglicht energiesparendes Kochen.

Hitzebeständige Glasdeckel mit Edelstahleinfassung erlauben bequemes Sichtkochen und halten Aromen zuverlässig im Topf. Ergonomische, formstabile Griffe liegen sicher in der Hand und machen das Arbeiten auf allen Herdarten inklusive Induktion besonders komfortabel.

Im Lieferumfang enthalten sind ein Bratentopf 20 cm mit Deckel, zwei Fleischtöpfe 16 und 20 cm mit Deckeln sowie eine Stielkasserolle 16 cm ohne Deckel. Das spülmaschinengeeignete Kochgeschirr ist pflegeleicht, behält bei sachgemäßer Edelstahlpflege lange seinen Glanz und sollte gemäß den Pflegehinweisen des Herstellers behandelt werden.","{""Anzahl der Teile"":""4"",""Besonderheiten"":""Induktionsgeeignet, Spülmaschinenfest, Mit Deckel"",""Deckelmaterial"":""Glas mit Edelstahleinfassung"",""Farbe"":""Silber"",""Geeigneter Herdtyp"":""Elektrisch, Gas, Induktion, Glaskeramik"",""GPSR Manufacturer name"":""WMF"",""Herdarten"":""Elektro, Gas, Glaskeramik, Induktion"",""Herstellerartikelnummer"":""07.2304.6380"",""Herstellernummer"":""07.2304.6380"",""Induktionsgeeignet"":""Ja"",""Kategorie"":""Sammeln & Seltenes > Haushalt & Küche > Töpfe & Pfannen"",""Lieferumfang"":""Bratentopf 20 cm mit Deckel; Fleischtopf 16 cm mit Deckel; Fleischtopf 20 cm mit Deckel; Stielkasserolle 16 cm ohne Deckel"",""Marke"":""WMF"",""Material"":""Edelstahl"",""Modell"":""Provence Plus"",""Oberfläche"":""Poliert"",""Oberflächenbeschichtung"":""Poliert"",""Produktart"":""Topf-Set"",""Serie"":""Provence Plus"",""Set enthält"":""Bratentopf, Fleischtopf, Stielkasserolle"",""Spülmaschinengeeignet"":""Ja"",""Teileanzahl"":""4""}",107.49 EUR,,0
SEEK DISCOMFORT SPARK Kartenspiel – Komfortzone erweitern & Beziehungen stärken,SEEK DISCOMFORT,Sammeln & Seltenes > Sammelkartenspiele/TCGs,SKU-4358173575,196852765508,"Erweitert gezielt die Komfortzone und fördert persönliches Wachstum. | Inspiriert tiefgehende Gespräche und stärkt authentische Beziehungen. | Bietet einzigartige Herausforderungen und motivierende Fragen zur Selbstreflexion. | Ideal für Freunde, Paare und die individuelle Selbstfindung. | Hochwertige Karten garantieren langanhaltenden Spielspaß und wertvolle Erlebnisse. | Stärkt soziale Bindungen und fördert Empathie in jeder Spielrunde.","Das SEEK DISCOMFORT SPARK Kartenspiel wurde entwickelt, um Sie gezielt aus Ihrer Komfortzone zu locken und persönliche Entwicklung zu fördern. Es stärkt tiefere Verbindungen und schafft unvergessliche Momente, die den Alltag bereichern.Jede hochwertig gestaltete Karte bietet inspirierende Fragen oder herausfordernde Aufgaben, die zur Selbstreflexion anregen und neue Perspektiven eröffnen. Gefertigt aus robustem, langlebigem Material, garantiert das Spiel anhaltenden Spaß und bedeutungsvolle Erlebnisse für jede Gelegenheit.Der Lieferumfang beinhaltet ein sofort einsatzbereites Set an Spielkarten, das keine zusätzliche Montage erfordert und direkt zum Spielen einlädt. Für optimale Nutzung und lange Freude am Spiel beachten Sie bitte die Altersfreigabe und die Pflegehinweise für Kartenspiele.","{""Anlass"":""Geschenk"",""Farbe"":""Blau"",""GPSR Manufacturer name"":""SEEK DISCOMFORT"",""Kategorie"":""Sammeln & Seltenes > Sammelkartenspiele/TCGs"",""Marke"":""SEEK DISCOMFORT"",""Produktart"":""Kartenspiel"",""Sprache"":""Deutsch"",""Thema"":""Persönlichkeitsentwicklung"",""Zielgruppe"":""Erwachsene"",""Zustand"":""Neu""}",20 EUR,XSGA0103B,1
Lacoste Herren Sneaker T-Clip Set: Zeitloser Stil & Premium Komfort,Lacoste,Kleidung & Accessoires > Herren > Herrenschuhe > Sneaker,SKU-4391085581,5059862390069,"Vielseitiger, zeitloser Stil für jede Garderobe. | Hochwertiges Leder für Langlebigkeit und Premium-Look. | Ganztägiger Tragekomfort dank optimaler Passform. | Erstklassige Verarbeitung sichert dauerhafte Qualität. | Ideal für Freizeit und elegante Anlässe. | Ikonisches Lacoste-Design als stilvolles Statement. | Robuste Gummisohle für sicheren Halt und Strapazierfähigkeit.","Die Lacoste T-Clip Set 224 2 SMA Sneaker vereinen zeitlosen Stil mit außergewöhnlichem Komfort für den Alltag. Ihr vielseitiges Design macht sie zur idealen Wahl für diverse Anlässe, von entspannten Freizeitaktivitäten bis hin zu eleganten Kombinationen.Gefertigt aus hochwertigem Leder, bieten diese Sneaker nicht nur eine ansprechende Ästhetik, sondern auch beeindruckende Langlebigkeit und Robustheit. Die präzise Verarbeitung garantiert eine hohe Qualität, die täglichen Belastungen standhält und gleichzeitig optimalen Tragekomfort sichert.Sie erhalten ein neues Paar in der Originalverpackung, bereit, Ihre Garderobe mit einem ikonischen Akzent zu bereichern. Für dauerhafte Freude und den Erhalt des makellosen Zustands wird eine regelmäßige Pflege mit geeigneten Lederprodukten empfohlen.","{""Absatzart"":""Flach"",""Absatzhöhe"":""Flach (Weniger als 2,5 cm)"",""Abteilung"":""Herren"",""Anlass"":""Freizeit"",""Farbe"":""Weiß (White/White)"",""GPSR Manufacturer name"":""Lacoste"",""Handgefertigt"":""Nein"",""Herstellernummer"":""SKU-4391085581"",""Individualisiert"":""Nein"",""Jahreszeit"":""Ganzjährig"",""Kategorie"":""Kleidung & Accessoires > Herren > Herrenschuhe > Sneaker"",""Laufsohlenmaterial"":""Gummi"",""Marke"":""Lacoste"",""Modell"":""T-Clip Set 224 2 SMA"",""Muster"":""Einfarbig"",""Obermaterial"":""Leder"",""Personalisieren"":""Nein"",""Produktart"":""Sneaker"",""Produktlinie"":""T-Clip Set"",""Schuhgröße EU"":""43"",""Schuhschafttyp"":""Low Top"",""Signiert"":""Nein"",""Sportart"":""Lifestyle"",""Thema"":""Sport"",""UK-Schuhgröße"":""9"",""US-Schuhgröße"":""10"",""Verschluss"":""Schnürung"",""Vintage"":""Nein"",""Zielgruppe"":""Herren"",""Zustand"":""Neu mit Karton (Karton beschädigt)""}",69 EUR,,0
Lululemon Yogamatte: Maximaler Halt & Gelenkschutz für Ihr Training,,Sport > Fitness & Jogging > Yoga & Pilates > Yogamatten,SKU-4433223955,000153151148,,"Die Lululemon The Big Mat 5mm Yogamatte bietet optimalen Komfort und Sicherheit für Ihr Training. Ihre innovative, rutschfeste Oberfläche gewährleistet zuverlässigen Halt und minimiert das Verletzungsrisiko bei jeder Übung.Gefertigt aus hochwertigen, langlebigen Materialien, garantiert diese Matte Beständigkeit bei regelmäßigem Gebrauch in Yoga, Pilates und Fitness. Die 5mm Dämpfung schützt Ihre Gelenke effektiv und unterstützt eine verbesserte Performance.Im Lieferumfang ist eine Lululemon The Big Mat 5mm Yogamatte enthalten, bereit für Ihr nächstes Workout. Für langanhaltende Freude an Ihrem Produkt empfehlen wir die einfache Pflege nach jeder Nutzung und stehen Ihnen bei Fragen jederzeit zur Verfügung.","{""Aktivität"":null,""Anzahl der Einheiten"":null,""Besonderheiten"":""Rutschfest"",""Breite"":null,""Farbe"":""Blau/Grau marmoriert"",""GPSR Manufacturer name"":""Lululemon"",""Kategorie"":""Sport > Fitness & Jogging > Yoga & Pilates > Yogamatten"",""Länge"":null,""Maßeinheit"":null,""Material"":null,""Modell"":""The Big Mat"",""Produktart"":""Yogamatte"",""Stärke"":null}",98 EUR,,0
Lexar DDR4 SO-DIMM 8GB RAM für Laptops - 3200MHz Leistungssteigerung,Lexar,,SKU-4434702791,4895217904977,"Steigert Laptop-Leistung spürbar mit 8GB DDR4 RAM. | Erleben Sie reibungsloses Arbeiten dank 3200MHz Taktfrequenz. | SO-DIMM Formfaktor, perfekt optimiert für Notebooks. | Energieeffizienter Betrieb durch niedrige 1.2V Spannung. | Lexar Qualität garantiert hohe Zuverlässigkeit und Kompatibilität. | Einfaches System-Upgrade für schnelle Leistungsbeschleunigung.","Der Lexar 8GB DDR4 3200MHz SO-DIMM RAM steigert die Leistung Ihres Laptops erheblich und ermöglicht flüssigeres Multitasking sowie schnellere Anwendungsstarts. Dieses Hochleistungsmodul beseitigt effektiv Speicherengpässe und bietet ausreichend Raum für anspruchsvolle Anwendungen, wodurch Ihr System spürbar reaktionsschneller wird.Das Modul arbeitet mit einer Taktfrequenz von 3200 MHz und einer energieeffizienten Spannung von 1.2V, was schnelle Datenübertragungen und eine optimierte Systemreaktionsfähigkeit gewährleistet. Es wird aus hochwertigen Komponenten gefertigt, um eine außergewöhnliche Langlebigkeit und langfristige Zuverlässigkeit für Ihr Notebook zu garantieren und somit eine stabile Performance zu sichern.Im Lieferumfang ist ein Lexar 8GB DDR4 SO-DIMM Speichermodul enthalten, das eine unkomplizierte und schnelle Installation für Ihr System-Upgrade ermöglicht. Für optimale Leistung und Kompatibilität konsultieren Sie bitte die Spezifikationen Ihres Laptop-Herstellers vor der Installation, um eine reibungslose Integration zu gewährleisten.","{""Anzahl der Module"":""1"",""Formfaktor"":""SO-DIMM"",""Geeignet für"":""Laptop"",""GPSR Manufacturer name"":""Lexar"",""Herstellungsland"":""Taiwan"",""Kapazität pro Modul"":""8 GB"",""Kategorie"":""Computer, Tablets & Netzwerk"",""Marke"":""Lexar"",""Modell"":""LD4AS008G-B3200ASST"",""Spannung"":""1.2 V"",""Speichertakt"":""3200 MHz"",""Speichertyp"":""DDR4 SDRAM"",""Zustand"":""Neu""}",51.67 EUR,XSGA0103B,1
"Gusskönig Dutch Oven Set 4,5L Gusseisen für vielseitiges Outdoor-Kochen",Gusskönig,Business & Industrie > Gastro & Nahrungsmittelgewerbe > Gastronomie-Küchenausstattung > Gastronomie-Kochgeschirr- & zubehör,SKU-4488972962,4262448172770,"Authentisches Outdoor-Kocherlebnis mit Gusseisen-Set. | Gleichmäßige Hitzeverteilung für stets perfekte Garergebnisse. | Extrem robustes Gusseisen für außergewöhnliche Langlebigkeit. | Optimale 4,5 Liter Kapazität für 2-4 Personen. | Inspirierendes Rezeptbuch für kreative und vielfältige Gerichte. | Umfassendes 5-teiliges Set für vielseitige Zubereitung. | Einfache Handhabung und Reinigung sichern langanhaltenden Kochgenuss.","Das Gusskönig Dutch Oven Set aus hochwertigem Gusseisen ermöglicht unvergleichliche Kocherlebnisse unter freiem Himmel. Es garantiert eine exzellente und gleichmäßige Hitzeverteilung für stets perfekte Garergebnisse bei jedem Einsatz. Mit einer optimalen Kapazität von 4,5 Litern ist dieses Set ideal für Mahlzeiten von 2-4 Personen und ein vielseitiger Begleiter für Camping, Garten oder Lagerfeuer. Die außergewöhnliche Robustheit des Materials verspricht zudem eine lange Lebensdauer und zuverlässige Leistung. Der umfassende Lieferumfang beinhaltet einen klassischen Dutch Oven, eine vielseitige Grillpfanne, einen stabilen Deckelheber, eine effektive Reinigungsbürste und ein inspirierendes Rezeptbuch. Für langanhaltenden Kochgenuss und die Bewahrung der Qualität empfehlen wir die einfache Pflege und Beachtung der beiliegenden Anwendungshinweise.","{""Anzahl Teile"":""5"",""Anzahl_der_Teile"":""5"",""Besonderheiten"":""Inklusive Deckel, Inklusive Rezeptbuch"",""Farbe"":""Schwarz"",""Fassungsvermögen"":""4.5 Liter"",""Geeignet für"":""Outdoor, Camping, Grillen"",""Geeignet_für"":""Outdoor, Camping, Grillen"",""Gewicht"":""6.24 kg"",""GPSR Manufacturer name"":""Gusskönig"",""Item Specific Marke"":""Gusskönig"",""Item_Specific_Anzahl_der_Teile"":""5"",""Item_Specific_Besonderheiten"":""Mit Deckel, Inklusive Rezeptbuch"",""Item_Specific_EAN"":""4262448172770"",""Item_Specific_Geeignet_für"":""Outdoor, Camping, Grillen"",""Item_Specific_Kapazität"":""4,5 L"",""Item_Specific_Produktart"":""Dutch Oven Set"",""Kapazität"":""4,5 L"",""Kategorie_Pfad"":""Kochgeschirr"",""Lieferumfang"":""Dutch Oven, Grillpfanne, Deckelheber, Reinigungsbürste, Rezeptbuch"",""Marke"":""Gusskönig"",""Material"":""Gusseisen"",""Personenkapazität"":""2-4 Personen"",""Produktart"":""Dutch Oven Set"",""Set"":""Ja""}",84.99 EUR,XGA0201E,1
Longking Selbstklebefliesen für Küche & Bad – Schnelle & stilvolle Wandgestaltung,Longking,Business & Industrie > Werkzeuge & Werkstattbedarf > Spezial-Handwerkzeuge > Fliesenlegerwerkzeuge,SKU-4541378818,4915224685061,"Einfache Selbstmontage ohne Kleber spart Zeit und Mühe. | Ideal für stilvolle Küchenrückwände und moderne Bäder. | Wasser- und hitzebeständig für langanhaltende Schönheit. | Authentische Fliesenoptik schafft frisches, modernes Ambiente. | Extrem pflegeleicht für dauerhaft hygienische Oberflächen.","Verleihen Sie Ihren Räumen im Handumdrehen ein frisches, modernes Ambiente mit den Longking Selbstklebefliesen. Diese innovativen Peel-and-Stick-Fliesen ermöglichen eine schnelle und stilvolle Wandgestaltung in Küche und Bad ohne aufwendige Renovierung.Gefertigt aus robusten, langlebigen Materialien, bieten diese Fliesen eine zuverlässige und extrem pflegeleichte Oberfläche. Ihre ausgezeichnete Wasser- und Hitzebeständigkeit macht sie ideal für Feuchträume und hinter Kochfeldern, wo sie dauerhaft widerstandsfähig bleiben.Ein Set dieser hochwertigen Fliesen ermöglicht eine mühelose Selbstmontage ohne zusätzlichen Kleber oder Fugenmörtel, was Zeit und Kosten erheblich reduziert. Für optimale Haftung ist lediglich eine gründliche Reinigung und Trocknung der Oberfläche vor der Anbringung erforderlich, um langanhaltende Freude zu garantieren.","{""Anwendungsbereich"":""Wand, Küche, Bad, Feuchträume"",""Anzahl pro Packung"":""10 Stück"",""Anzahl_pro_Packung"":""10"",""Besonderheiten"":""Selbstklebend, Wasserfest, Hitzebeständig"",""Breite"":""30 cm"",""Eigenschaften"":""Selbstklebend, Wasserfest, Hitzebeständig, Pflegeleicht"",""Farbe"":""Weiß"",""Form"":""Rechteckig"",""Geeignet für"":""Wand"",""Geeignet_für"":""Wand"",""GPSR Manufacturer name"":""Longking"",""Herstellernummer"":""LKA003WGuk"",""Kategorie"":""Business & Industrie > Werkzeuge & Werkstattbedarf > Spezial-Handwerkzeuge > Fliesenlegerwerkzeuge"",""Kategorie_Pfad"":""Heimwerker > Baustoffe & Holz > Fliesen"",""Länge"":""30 cm"",""Marke"":""Longking"",""Maße pro Fliese"":""30 x 30 cm"",""Pflegeleicht"":""Ja"",""Produktart"":""Selbstklebefliesen"",""Zimmer"":""Küche, Bad"",""Zustand"":""Neu""}",19.99 EUR,XGA0103C,2
LEQISMART E-Scooter A11 mit Straßenzulassung & 30km Reichweite,LEQISMART,Auto & Motorrad: Fahrzeuge > Automobile > Smart,SKU-4541440236,0968149516786,Sicher und legal auf deutschen Straßen unterwegs sein. | Bis zu 20 km/h schnell und 30 km Reichweite genießen. | 350-W-Heckmotor für dynamisches und agiles Fahrvergnügen. | 10-Zoll-Reifen garantieren stabile und angenehme Fahrten. | IPX5 Spritzwasserschutz für zuverlässige Nutzung bei jedem Wetter. | Klappbares Design für mühelosen Transport und platzsparende Lagerung. | Trägt sicher bis zu 100 kg für vielfältige Einsatzmöglichkeiten.,"Der LEQISMART A11 Elektroroller bietet eine moderne und umweltfreundliche Lösung für die urbane Mobilität. Er ermöglicht eine leise und emissionsfreie Fortbewegung in Stadt und Umland, wodurch tägliche Wege entspannter und effizienter werden. Mit seiner deutschen Straßenzulassung, einer Höchstgeschwindigkeit von 20 km/h und einer beeindruckenden Reichweite von bis zu 30 km ist er der ideale Begleiter für komfortables Pendeln und flexible Freizeitfahrten. Ausgestattet mit einem kraftvollen 350-W-Heckmotor und 10-Zoll-Reifen garantiert der A11 stabilen Fahrkomfort auf unterschiedlichen Untergründen. Das rutschfeste Trittbrett und der Spritzwasserschutz nach IPX5 sorgen für Sicherheit auch bei widrigen Wetterbedingungen. Die robuste, klappbare Konstruktion mit einer Traglast von bis zu 100 kg ermöglicht zudem eine platzsparende Aufbewahrung und einen einfachen Transport. Im Lieferumfang sind der LEQISMART A11 Elektroroller, das passende Ladegerät sowie eine deutschsprachige Bedien- und Montageanleitung enthalten. Für eine lange Lebensdauer und optimale Leistung sollten die Hinweise in der Anleitung bezüglich Akkupflege, Wartungsintervalle, Reifendruck und regelmäßiger Kontrolle aller Schraubverbindungen stets beachtet werden.","{""Akkuspannung"":""36 V"",""Anzahl der Räder"":""2"",""Batteriekapazität"":""7.8 Ah"",""Batteriemanagementsystem"":""Ja"",""Beleuchtung"":""Ja"",""Besonderheiten"":""Klappbar, Straßenzulassung, Spritzwasserschutz"",""Faltbar"":""Ja"",""Farbe"":""Dunkelgrau/Schwarz"",""Geeignet für"":""Erwachsene"",""GPSR Manufacturer name"":""LEQISMART"",""Hersteller"":""ShenZhen LEQI Intelligent Technology Co., Ltd."",""Herstellernummer"":""A11"",""Interne Artikelnummer"":""A11-LEQISMART"",""Kategorie"":""Auto & Motorrad: Fahrzeuge > Automobile > Smart"",""Kategorie-ID"":""183416"",""Marke"":""LEQISMART"",""Maximale Geschwindigkeit"":""20 km/h"",""Maximale Reichweite"":""30 km"",""Maximale Traglast"":""100 kg"",""Modell"":""A11"",""Motorleistung"":""350 W"",""Produktart"":""E-Scooter"",""Reifengröße"":""10 Zoll"",""Schutzart"":""IPX5"",""Spritzwasserschutz"":""IPX5"",""Straßenverkehrszulassung"":""Ja, Deutschland (ABE P352)"",""Zustand"":""Neu""}",278 EUR,,0
GLOCK Pistolenkoffer: Robuster Hartschalenkoffer mit Schaumstoffschutz,GLOCK,Sammeln & Seltenes > Rollenspiele & Tabletops > LARP & Reenactment > Waffen > Schaumstoff- & Latexwaffen,SKU-4561934561,,"Robuster Hartschalenkoffer für sicheren Waffentransport und Schutz | Formgepresste Schaumstoffeinlage schützt zuverlässig vor Stößen und Kratzern | Original GLOCK Design mit markantem Schriftzug auf dem Deckel | Leicht zu transportieren dank integriertem, ergonomischem Tragegriff | Zwei stabile Schnappverschlüsse für sicheren Halt des Kofferinhalts | Vielseitig einsetzbar auch für kleine Werkzeuge oder empfindliche Geräte","Kompakter Hartschalen-Pistolenkoffer mit formgepresstem Schaumstoff (Deckel & Boden) zur sicheren Aufbewahrung einer Pistole und Zubehör. Robustes Polymergehäuse, eingeformter Tragegriff und zwei Verschlussclips sorgen für einfachen Transport und sicheren Verschluss.

Der Koffer eignet sich für den Transport und die Lagerung kleiner Werkzeuge, Geräte oder Sport- und Jagdausrüstung und schützt vor Stößen und Kratzern durch die gepolsterte Innenfläche. Pflegeleichtes Kunststoffgehäuse – mit einem feuchten Tuch abwischbar; Schaumstoff-Einlage nicht herausnehmbar.

Lieferumfang: Hartschalenkoffer mit profilierter Schaumstoffeinlage wie auf den Bildern gezeigt. Montage/Bedienung: sofort einsatzbereit, einfaches Öffnen der Clips; kein zusätzliches Werkzeug erforderlich.","{""Außenmaße"":""27 x 23,5 x 6,5 cm"",""Außenmaße (ca.)"":""27 x 23,5 x 6,5 cm"",""Einsatzbereich"":""Transport und Aufbewahrung z. B. von Werkzeug, Geräten oder Zubehör"",""Farbe"":""Schwarz mit grauen Verschlüssen"",""Für Waffentyp"":""Pistole"",""Gewicht"":""477 g"",""Gewicht (ca.)"":""477 g"",""GPSR Manufacturer name"":""GLOCK"",""Herstellernummer"":""SKU-4561934561"",""Innenausstattung"":""Profil-Schaumstoff in Deckel und Boden"",""Innenmaße"":""26,5 x 17,8 - 21,5 x 6 cm"",""Innenmaße (ca.)"":""26,5 x 17,8 - 21,5 x 6 cm"",""Marke"":""GLOCK"",""Markierung"":""Großer Schriftzug \""GLOCK\"" auf der Vorderseite"",""Material"":""Kunststoffgehäuse mit PU-Schaumstoff-Einlage"",""Produktart"":""Waffenkoffer"",""Zustand"":""Neuwertig, mit leichten Lagerspuren""}",15.9 EUR,,0
SONAX Scheinwerfer Aufbereitungsset: Klare Sicht & mehr Sicherheit,SONAX,,SKU-4607569519,4064700023765,Stellt vergilbte Scheinwerfer wieder klar her für optimale Sicht. | Verbessert Lichtausbeute und erhöht die Fahrsicherheit spürbar. | Schützt effektiv vor Wiedervergilbung und schädlichen Umwelteinflüssen. | Ermöglicht bis zu 20 professionelle Anwendungen mit Poliermaschine. | SONAX PROFILINE Qualität garantiert beste Ergebnisse und lange Haltbarkeit. | Komplettset mit allen Komponenten für einfache und schnelle Anwendung.,"Das SONAX PROFILINE Scheinwerfer Aufbereitungsset revitalisiert vergilbte Kunststoffscheinwerfer und stellt deren ursprüngliche Klarheit wieder her. Profitieren Sie von einer signifikant verbesserten Lichtausbeute, erhöhter Fahrsicherheit und stets klarer Sicht auf der Straße.Dieses umfassende Set ist für bis zu 20 professionelle Anwendungen mit einer Poliermaschine konzipiert und enthält hochwertige Polituren, langlebige Versiegelungen sowie spezielle Pads und Mikrofasertücher. Die PROFILINE Produkte garantieren eine effektive und schonende Oberflächenbehandlung, unterstützt durch Materialien wie das LammwollPad (68% Wolle) und das Microfasertuch (85% Polyester) für optimale Ergebnisse.Der Lieferumfang umfasst 1x SONAX PROFILINE HeadlightPolish 250 ml, 1x HeadlightCoating 50 ml, 1x LammwollPad, 15x PolierVlies Tücher, 1x P-Ball, 2x Schleifpad und 1x Microfasertuch. Dieses Set schützt Ihre Scheinwerfer langfristig vor Wiedervergilbung, verlängert deren Lebensdauer und sichert Ihnen dauerhaft optimale Sicht.","{""Anwendung"":""Poliermaschine"",""Anwendungsbereich"":""Scheinwerfer"",""Anzahl Anwendungen"":""20"",""Anzahl LammwollPad"":""1"",""Anzahl P-Ball"":""1"",""Anzahl PolierVlies Tücher"":""15"",""Anzahl Schleifpad"":""2"",""Anzahl Teile"":""22"",""Herstellernummer"":""04057410"",""Herstellungsland"":""Deutschland"",""Inhalt HeadlightCoating"":""50 ml"",""Inhalt HeadlightPolish"":""250 ml"",""Kategorie"":""Auto & Motorrad: Fahrzeuge"",""Kategorie_Pfad"":""Auto & Motorrad: Teile > Auto-Anbau- & Zubehörteile > Beleuchtung & Blinker > Scheinwerfer & Teile > Scheinwerfer-Reparatursätze"",""Material LammwollPad"":""68% Wolle, 19% Polypropylen, 13% Polyester"",""Material Microfasertuch"":""85% Polyester, 15% Polyamid"",""Produktart"":""Scheinwerfer AufbereitungsSet"",""Set"":""Ja"",""Zustand"":""Neu""}",49.56 EUR,,0
Adidas Herren Sneaker NY 90 – Zeitloser Stil & optimaler Komfort,,Kleidung & Accessoires > Herren > Herrenschuhe > Sneaker,SKU-4660262942,4067897661963,,"Der Adidas NY 90 Herren Sneaker bietet eine perfekte Kombination aus zeitlosem Design und modernem Tragekomfort für den Alltag. Sein klassischer Low-Cut-Lederlook, inspiriert von den Archiven, fügt sich nahtlos in jede Garderobe ein und wertet sowohl lässige als auch sportlich-elegante Outfits auf. Gefertigt aus hochwertigem Leder, garantiert das Obermaterial Langlebigkeit und eine edle Optik, während die robuste Gummisohle exzellenten Halt und zuverlässige Traktion bietet. Die individuelle Schnürung sorgt für eine optimale Passform, und das ikonische Trefoil-Logo betont die authentische Markenqualität. Sie erhalten ein Paar Adidas NY 90 Sneaker, die neu und originalverpackt geliefert werden, um höchste Zufriedenheit zu gewährleisten. Für eine langanhaltend ansprechende Optik und maximale Lebensdauer sind diese Schuhe besonders pflegeleicht und einfach zu reinigen.","{""Absatzhöhe"":""Flach (unter 2,5 cm)"",""Akzente"":""Logo"",""Anlass"":""Freizeit"",""Dämpfungsgrad"":""Leicht"",""EU Schuhgröße"":""47 1/3"",""Farbe"":""Core Black/Carbon (Schwarz)"",""Geschlecht"":""Herren"",""GPSR Manufacturer name"":""Adidas"",""Handgefertigt"":""Nein"",""Herstellernummer"":""JI1897"",""Herstellungsland und -region"":""Indonesien"",""Individualisiert"":""Nein"",""Kategorie"":""Kleidung & Accessoires > Herren > Herrenschuhe > Sneaker"",""Laufsohlenmaterial"":""Gummi"",""Marke"":""Adidas"",""Modell"":""NY 90"",""Muster"":""Einfarbig"",""Obermaterial"":""Leder"",""Passform"":""Normal"",""Personalisieren"":""Nein"",""Produktart"":""Sneaker"",""Schuhschafttyp"":""Low Top"",""Schuhweite"":""Normal"",""Thema"":""Sport"",""UK Schuhgröße"":""12"",""US Schuhgröße"":""12 1/2"",""Verschluss"":""Schnürung"",""Vintage"":""Nein"",""Zustand"":""Neu mit Karton""}",54 EUR,,0
Jolly Graphit Bleistifte Kinderfest – Robust & Sicher für Kinder,Jolly,Büro & Schreibwaren > Schulbedarf > Schul- & Jugendschreibgeräte > Bleistifte,SKU-4679981655,9014400105389,,"Die Jolly Graphit Bleistifte Kinderfest sind speziell für junge Künstler und Schüler entwickelt, um sichere und kreative Schreib- und Zeichenerlebnisse zu ermöglichen. Ihre robuste Konstruktion fördert spielerisch die Feinmotorik und Kreativität, was sie zum idealen Begleiter im Schulalltag macht.Dieses umfassende 12er Set bietet eine extrem robuste 3,8 mm Graphitmine, die auch intensivem Gebrauch standhält und langanhaltende Freude am kreativen Schaffen garantiert. Gefertigt aus nachhaltigem Holz und hochwertigem Graphit, sind diese Bleistifte eine zuverlässige Ausstattung für alle kreativen Projekte.Die Bleistifte erfüllen strenge CE EN 71/3 Sicherheitsstandards und sind somit eine sichere Wahl für Kinder ab 5 Jahren, was Eltern beruhigt. Vertrauen Sie auf die bewährte Jolly Markenqualität, hergestellt von Brevillier in Österreich, für höchste Zuverlässigkeit und Langlebigkeit.","{""Büro & Schreibwaren"":null,""GPSR Manufacturer address"":""Ibererstraße 23, 8051 Graz, AUSTRIA"",""GPSR Manufacturer name"":""Brevillier"",""Kategorie"":""Büro & Schreibwaren""}",6.77 EUR,,0
molino Bilderbuch SKU-4743695203 Strapazierfähiges Papier Gebundene Ausgabe,molino,,SKU-4743695203,9783982023113,"Zauberhaftes Zirkusabenteuer mit Hannelore im Wald erleben. | Fördert spielerisch Freundschaft, Hilfsbereitschaft und Fantasie. | Bezaubernde, farbenfrohe Illustrationen regen die Kreativität an. | Hochwertiges Hardcover für robusten und langanhaltenden Lesespaß. | Unterstützt Kinderspielplätze mit einem Euro Spende pro Buch. | Ideal für gemeinsame, unvergessliche Vorlesemomente. | Entdecken Sie liebevoll gestaltete Charaktere und mitreißende Geschichten.","Das molino Bilderbuch ""Hannelore: Zirkus auf dem Waldspielplatz"" entführt junge Leser in eine zauberhafte Welt voller Fantasie und Abenteuer. Es schafft unvergessliche Vorlesemomente, die spielerisch Werte wie Freundschaft und Hilfsbereitschaft vermitteln und so die kindliche Entwicklung bereichern.Dieses hochwertige Hardcover-Buch ist aus strapazierfähigem Papier gefertigt, was langanhaltenden Lesespaß und Beständigkeit garantiert. Liebevolle und detailreiche Illustrationen erwecken Zwerg Lukullus und die charmanten Waldbewohner zum Leben und fördern Kreativität sowie Empathie.Mit dem Kauf dieses besonderen Bilderbuchs leisten Sie einen wertvollen Beitrag, da ein Euro des Erlöses direkt an Kinderspielplätze gespendet wird. Tauchen Sie gemeinsam mit Ihren Kindern in spannende Geschichten ein und erleben Sie die Freude am Lesen auf eine ganz neue Weise.","{""Altersempfehlung"":""Ab 3 Jahren"",""Autor"":""Frieder Stöckle"",""Besonderheiten"":""Illustriert"",""Breite"":""20 cm"",""Buchtitel"":""Hannelore: Zauberhaftes Zirkusabenteuer"",""Einband"":""Hardcover"",""Format"":""Gebundene Ausgabe"",""Genre"":""Abenteuer"",""GPSR Manufacturer name"":""molino"",""Herstellernummer"":""SKU-4743695203"",""Höhe"":""25 cm"",""Illustrationen"":""Liebevolle, Detailreiche Bilder"",""Illustrator"":""Andrea Deininger"",""ISBN"":""978-3982023113"",""Kategorie"":""Bücher & Zeitschriften"",""Länge"":""20 cm"",""Literarische Gattung"":""Kinderliteratur"",""Marke"":""molino"",""Material"":""Strapazierfähiges Papier"",""Originalsprache"":""Deutsch"",""Papierqualität"":""Strapazierfähiges Papier"",""Produktart"":""Bilderbuch"",""Spende"":""Ein Euro pro Buch"",""Spendenaktion"":""Ein Euro pro Buch"",""Sprache"":""Deutsch"",""Thema"":""Freundschaft, Zirkus, Wald, Abenteuer"",""Thematik"":""Freundschaft"",""Verlag"":""molino"",""weight"":1,""Zielgruppe"":""Kinder"",""Zustand"":""Neu""}",17.5 EUR,XGA0303B,1
FITGRIFF Gewichthebergürtel: Maximale Stabilität & optimaler Rückenschutz,FITGRIFF,Sport > Fitness & Jogging > Krafttraining & Gewichte > Gewichthebergürtel,SKU-4802639881,9050064005382,"Maximale Rückenstütze optimiert Ihr Krafttraining für Sicherheit und Leistung. | Hochwertiges Premium-Leder garantiert extreme Langlebigkeit und besten Tragekomfort. | Steigert spürbar Ihre Kraft bei Kniebeugen, Kreuzheben und anderen Übungen. | Bietet optimale Stabilität und Unterstützung für den unteren Rückenbereich. | Ergonomisches Design sorgt für einen sicheren und bequemen Sitz. | Entwickelt für ambitionierte Kraftsportler, die Höchstleistungen anstreben.","Dieser FITGRIFF Classic Ledergürtel wurde für ambitionierte Kraftsportler entwickelt, um maximale Stabilität und effektive Unterstützung des unteren Rückens bei intensiven Trainingseinheiten zu bieten. Er schützt Ihre Wirbelsäule zuverlässig bei anspruchsvollen Hebeübungen wie Kniebeugen und Kreuzheben, indem er den intraabdominalen Druck erhöht und die Rumpfmuskulatur optimal stabilisiert.Gefertigt aus robustem und langlebigem Premium-Leder, bietet dieser Gürtel höchsten Tragekomfort und außergewöhnliche Beständigkeit bei jeder Bewegung. Seine präzise Konstruktion ermöglicht eine sichere und anpassungsfähige Passform, die Ihre Leistung und Sicherheit im Gym maßgeblich steigert.Sie erhalten einen sofort einsatzbereiten FITGRIFF Classic Ledergürtel, der durch seine hochwertige Verarbeitung nur minimale Pflege für dauerhafte Funktionalität erfordert. Für eine optimale Nutzung und Pflege steht Ihnen unser Kundenservice jederzeit gerne zur Seite, um Ihr Trainingserlebnis bestmöglich zu unterstützen.","{""Aktivität"":null,""Anzahl der Einheiten"":""1"",""Besonderheiten"":null,""Farbe"":""Schwarz"",""GPSR Manufacturer name"":""FITGRIFF"",""Größe"":""L"",""Kategorie"":""Sport > Fitness & Jogging > Krafttraining & Gewichte > Gewichthebergürtel"",""Maßeinheit"":null,""Material"":""Leder"",""Modell"":""Classic Leather Belt"",""Produktart"":null,""Verschlussart"":null}",34.95 EUR,XGA0102B,1
"TAN.TOMI Rolltop Rucksack – Flexibel, wasserabweisend & Laptopfach – Daypack für Alltag & Uni",TAN.TOMI,Sammeln & Seltenes > Militaria > NATO-Shop > Rucksäcke & Taschen,SKU-4820097368,4255700108594,Flexibles Rolltop-Design für variable Volumenerweiterung | Zuverlässiger Schutz vor leichtem Regen dank wasserabweisendem Material | Gepolstertes Laptopfach für sicheren Transport Ihrer Geräte | Atmungsaktives Mesh-Rückenteil und gepolsterte Gurte für hohen Tragekomfort | Robuster und pflegeleichter Polyesterstoff für lange Haltbarkeit | Praktische Innen- und Außentaschen für optimale Organisation,"Der TAN.TOMI Rolltop Rucksack ist Ihr idealer Begleiter für den Alltag, die Universität oder kurze Reisen. Sein flexibles Rolltop-Design ermöglicht eine variable Volumenerweiterung und schützt den Inhalt zuverlässig vor leichtem Regen. Im Inneren finden Sie ein gepolstertes Laptopfach sowie diverse Innen- und Außentaschen, die für Ordnung und schnellen Zugriff auf Ihre Essentials sorgen. Hoher Tragekomfort wird durch das atmungsaktive Mesh-Rückenteil, die gepolsterte Rückenfläche und die verstellbaren Schultergurte mit Brustgurt gewährleistet, selbst bei längeren Wegen. Gefertigt aus robustem, wasserabweisendem Polyester, ist dieser Rucksack langlebig und pflegeleicht; eine einfache Reinigung mit einem feuchten Tuch genügt. Bitte beachten Sie, dass der Stoff nicht für starken Dauerregen ausgelegt ist und die genaue Laptopgröße sowie Pflegehinweise den Herstellerangaben entnommen werden sollten.","{""Abmessungen (H x B x T)"":""ca. 45 x 30 x 11–15 cm (Rolltop variabel)"",""Abteilung"":""Unisex Erwachsene"",""Anlass"":""Alltag, Freizeit, Reisen, Studium, Arbeit"",""Anlass (Anlass)"":""Alltag, Freizeit, Reisen, Studium, Arbeit"",""Besonderheiten"":""[\""Laptopfach\"", \""Brustgurt\"", \""Wasserabweisend\""]"",""Eigenschaften (Eigenschaften)"":""Laptopfach, Brustgurt, Wasserabweisend, Gepolstertes Rückenteil"",""Farbe"":""Schwarz"",""Farbe (Farbe)"":""Schwarz"",""Gepolstertes Rückenteil"":""Ja"",""Geschlecht"":""Unisex"",""Geschlecht (Geschlecht)"":""Unisex"",""GPSR Manufacturer name"":""TAN.TOMI"",""Laptopfach"":""Ja"",""Marke"":""TAN.TOMI"",""Material"":""Polyester, wasserabweisend"",""Material (Material)"":""Polyester"",""Muster"":""Einfarbig"",""Muster (Muster)"":""Einfarbig"",""Produktart"":""Rolltop-Rucksack / Daypack"",""Rückenteil"":""gepolstert, mit Mesh"",""Stil"":""Daypack"",""Verschluss"":""Rolltop mit Überschlag, Fronttasche mit Klickverschluss"",""Verschlussart"":""[\""Rolltop\"", \""Klickverschluss\""]"",""Verschlussart (Verschlussart)"":""Rolltop, Klickverschluss"",""Volumen"":""ca. 16–20 Liter (Rolltop variabel)"",""Volumen (Volumen)"":""ca. 16-20 Liter"",""Wasserschutz"":""wasserabweisend, nicht wasserdicht""}",19.99 EUR,XGA0104D,10
QinnFSIYANG E-Scooter F6 – Faltbar für agile und umweltfreundliche Stadtmobilität,QinnFSIYANG,Auto & Motorrad: Teile > Motorrad- & Rollerteile & -zubehör > Elektromotorrad- & Elektrorollerteile & -zubehör,SKU-4846525236,,Ultrakompaktes Faltdesign ermöglicht mühelosen Transport und platzsparende Lagerung. | Robuste Leichtbauweise aus Metall und Kunststoff für maximale Agilität. | Integrierte Sicherheitsmerkmale wie Frontlicht und Klingel für sichere Fahrten. | Stilvolles Pink-Design sorgt für einen unverwechselbaren Auftritt im Stadtverkehr. | Effiziente Leistung für eine revolutionäre und umweltfreundliche urbane Mobilität. | Sofort einsatzbereit dank vollständiger Montage für direktes Fahrvergnügen.,"Der QinnFSIYANG E-Scooter F6 revolutioniert Ihre urbane Mobilität mit einer perfekten Kombination aus Stil und Effizienz. Gefertigt aus robustem Metall und hochwertigem Kunststoff, garantiert dieser Elektroroller maximale Langlebigkeit und eine kompromisslose Performance auf jeder Fahrt. Profitieren Sie von sofortigem Fahrvergnügen, da der F6 Scooter vollständig montiert und einsatzbereit geliefert wird. Das integrierte Frontlicht, die Klingel und das ultrakompakte Faltdesign erhöhen Ihre Sicherheit und Flexibilität im Straßenverkehr erheblich. Tausende zufriedener Kunden vertrauen bereits auf die Qualität und Zuverlässigkeit von QinnFSIYANG für ihre täglichen Fahrten. Die Pflege beschränkt sich auf minimalen Aufwand, um seine makellose Optik zu bewahren und die Langlebigkeit zu sichern.","{""Altersgruppe"":""Erwachsene"",""Beleuchtung"":""Vorne"",""Besonderheiten"":""Faltbar"",""Farbe"":""Pink"",""Geschlecht"":""Unisex"",""GPSR Manufacturer name"":""QinnFSIYANG"",""Kategorie"":""Auto & Motorrad: Teile > Motorrad- & Rollerteile & -zubehör > Elektromotorrad- & Elektrorollerteile & -zubehör"",""Marke"":""QinnFSIYANG"",""Material"":""Metall, Kunststoff"",""Modell"":""F6"",""Produktart"":""Elektroroller"",""Zustand"":""Neu""}",238 EUR,XGA0101A,1
"Fashion Herren Flanellhemd: Kariert, Weich & Komfortabel",Flanellhemd,Kleidung & Accessoires > Herren > Herrenmode > Shirts & Hemden > Freizeithemden & Shirts,SKU-4919757592,,,"Dieses Clockhouse Fashion Herren Flanellhemd vereint höchsten Tragekomfort mit einem lässig-eleganten Stil für den modernen Mann. Es ist die ideale Wahl für entspannte Stunden und verleiht jedem Outfit eine zeitlose, modische Ausstrahlung.Gefertigt aus 100% reiner, weicher Baumwolle, garantiert dieses Hemd eine angenehme Haptik und optimale Atmungsaktivität. Das klassische blau-graue Karomuster und die langen Ärmel machen es zu einem vielseitigen Begleiter für unterschiedlichste Anlässe.Das Flanellhemd ist besonders pflegeleicht und maschinenwaschbar, was eine unkomplizierte Handhabung im Alltag sicherstellt. Der Lieferumfang umfasst ein hochwertiges Clockhouse Fashion Flanellhemd in Größe L, bereit für langanhaltende Freude und einen stilvollen Auftritt.","{""Abteilung"":""Herren"",""Anlass"":""Freizeit"",""Ärmellänge"":""Langarm"",""Farbe"":""Blau"",""Gewebeart"":""Flanell"",""GPSR Manufacturer name"":""Clockhouse Fashion"",""Größe"":""L"",""Kategorie"":""Kleidung & Accessoires > Herren > Herrenmode > Shirts & Hemden > Freizeithemden & Shirts"",""Material"":""100% Baumwolle"",""Muster"":""Kariert"",""Passform"":""Regular Fit"",""Pflegehinweise"":""Maschinenwäsche"",""Produktart"":""Hemd"",""Stil"":""Freizeithemden"",""vendor_sku"":""OM0028-502-L"",""vendorSku"":""OM0028-502-L"",""Vintage"":""Nein"",""Zielgruppe"":""Herren"",""Zustand"":""Neu mit Etikett""}",35.99 EUR,XSGA0103A,1
tillvex Poolschlauch 38mm für klares Poolwasser und effiziente Zirkulation,,"Auto & Motorrad: Teile > Autoteile & Zubehör > Klima- & Heizungsanlagen > Klimaleitungen, -schläuche & Anschlüsse",SKU-4930006198,4260613494504,,"Der tillvex Poolschlauch ist die unverzichtbare Lösung für eine hygienische und effiziente Poolpflege, die Ihnen kristallklares Wasser garantiert. Mit seiner optimalen Länge von 8 Metern und einem Durchmesser von 38 mm ist er universell kompatibel mit allen gängigen Poolsystemen und Reinigungsgeräten.Gefertigt aus robustem, geripptem Spezialkunststoff, bietet dieser Schlauch außergewöhnliche Biegsamkeit, UV-Beständigkeit und eine lange Lebensdauer. Die integrierten Muffen ermöglichen zudem eine einfache und sichere Verlängerung, was maximale Flexibilität bei der Installation gewährleistet.Vertrauen Sie auf die geprüfte ""Made in Germany"" Qualität, die für höchste Zuverlässigkeit und eine sorgenfreie Poolpflege steht. Dieser hochwertige Schlauch trägt maßgeblich zu unbeschwerten Stunden am Wasser bei und sorgt dauerhaft für eine exzellente Wasserqualität.","{""Angebotspaket"":""Nein"",""Besonderheiten"":""Flexibel, Gerippt, UV-beständig"",""Einsatzbereich"":""Verbindungsschlauch für Pool- / Schwimmbadfilter, Reiniger und Wasserzirkulation"",""Farbe"":""Blau"",""Geeignet für"":""Filteranlagen, Skimmer, Bodensauger, Poolreiniger"",""GPSR Manufacturer name"":""tillvex"",""Herstellernummer"":""TVPS-006"",""Herstellungsland"":""Deutschland"",""Innendurchmesser"":""38mm"",""Kategorie"":""Auto & Motorrad: Teile > Autoteile & Zubehör > Klima- & Heizungsanlagen > Klimaleitungen, -schläuche & Anschlüsse"",""Länge"":""8m"",""Marke"":""tillvex"",""Material"":""Gerippter Kunststoffschlauch"",""Modifizierter Artikel"":""Nein"",""Produktart"":""Poolschlauch"",""weight"":1}",24.79 EUR,XGA0203B,0
evoTrek Loop Fahrradabschleppsystem für entspannte Familienausflüge,evoTrek,Sport > Radsport > Fahrradzubehör > Fahrradanhänger,SKU-4949389854,4270004188707,"Sicheres Ziehen von Fahrrädern bis 130 kg mühelos. | 2,2m gummiertes Drahtseil für flexible und sichere Nutzung. | Werkzeuglose, schnelle Montage an nahezu jedem Fahrradtyp. | Robuste Materialien garantieren maximale Sicherheit und Langlebigkeit. | Kompakt, leicht zu verstauen und einfach zu transportieren. | Ideal für entspannte Familienausflüge und erholsame Pausen.","Das evoTrek Loop Fahrradabschleppsystem revolutioniert Familienausflüge, indem es das sichere und mühelose Ziehen von Fahrrädern ermöglicht. Genießen Sie entspannte Touren und flexible Pausen, ohne sich um die Kondition der Kleinsten sorgen zu müssen.Dieses System ist mit einem 2,2 Meter langen, gummierten Drahtseil ausgestattet, das eine schnelle und werkzeuglose Montage an nahezu jedem Fahrradtyp erlaubt. Die robuste Konstruktion aus hochwertigem Aluminium, Gummi und Nylon garantiert dabei maximale Sicherheit und eine außergewöhnliche Langlebigkeit.Der Lieferumfang umfasst das sofort einsatzbereite evoTrek Loop Abschleppsystem, welches kompakt und leicht zu verstauen ist. Für eine dauerhaft zuverlässige Unterstützung ist keine spezielle Wartung erforderlich, sodass Sie sich voll auf Ihre Abenteuer konzentrieren können.","{""Abteilung"":null,""Angebotspaket"":null,""Anzahl der Sitze"":null,""Beschreibung des Angebotpakets"":null,""Besonderheiten"":null,""Breite"":null,""Eigengewicht"":null,""Farbe"":""Schwarz"",""GPSR Manufacturer address"":""Heimgartenstraße 38, 85540 Haar"",""GPSR Manufacturer name"":""evoTrek"",""Herstellerland - und Region"":null,""Herstellernummer"":null,""Höhe"":null,""Kategorie"":""Sport > Radsport > Fahrradzubehör > Fahrradanhänger"",""Länge"":null,""Laufradgröße"":null,""Marke"":""evoTrek"",""Maximale Kapazität"":null,""Modell"":""Loop"",""Modifikationsbeschreibung"":null,""Modifizierter Artikel"":null,""Produktart"":null,""Rahmenmaterial"":null}",19.99 EUR,XSGA0103B,1
"BBQ-Toro Gusseisen Wok Ø35,5cm für authentische & krosse Bratergebnisse",BBQ-Toro,Antiquitäten & Kunst > Metallobjekte > Eisen > Gefertigt nach 1945 > Gusseisen,SKU-4990478200,4260532291215,,"Der BBQ-Toro Gusseisen Wok mit 35,5 cm Durchmesser ist Ihr idealer Partner für authentische Wok-Gerichte und perfekt krosse Bratergebnisse. Gefertigt aus massivem Gusseisen, speichert er extreme Hitze und gewährleistet eine gleichmäßige Wärmeverteilung für intensivste Geschmackserlebnisse.Dieser vielseitige Wok eignet sich hervorragend für große Familienportionen und ist kompatibel mit allen Herdarten, inklusive Gas, Elektro, Induktion, sowie für Grill und Backofen. Die vorgewürzte Oberfläche bietet nach kurzem Einbrennen eine natürliche Antihaftwirkung und macht ihn besonders pflegeleicht, während zwei stabile Seitengriffe eine sichere Handhabung ermöglichen.Die robuste Gusseisen-Bauweise garantiert eine extrem lange Haltbarkeit und macht diesen Wok zu einer wertvollen Investition für jede Küche. Der Lieferumfang umfasst einen Gusseisen Wok Ø 35,5 cm ohne Deckel, bereit für Ihre kulinarischen Abenteuer.","{""Backofengeeignet"":""Ja"",""Batterien enthalten"":""Nein"",""Deckelart"":""Ohne Deckel"",""Form"":""Rund"",""GPSR Manufacturer name"":""BBQ-Toro"",""Griffart"":""2 Seitengriffe"",""Induktionsgeeignet"":""Ja"",""Item_Specific_Anzahl_der_Teile"":""1"",""Item_Specific_Besonderheiten"":""Induktionsgeeignet, Backofengeeignet, Vorgewürzt"",""Item_Specific_Durchmesser"":""35.5 cm"",""Item_Specific_Farbe"":""Schwarz"",""Item_Specific_Geeignet_für"":""Gasherd, Elektroherd, Induktionsherd, Grill, Backofen"",""Item_Specific_Griffmaterial"":""Gusseisen"",""Item_Specific_Marke"":""BBQ-Toro"",""Item_Specific_Material"":""Gusseisen"",""Item_Specific_Produktart"":""Wok"",""Item_Specific_Spülmaschinengeeignet"":""Nein"",""Kompatible Herdarten"":""Gas, Elektro, Induktion, Grill, Backofen"",""Lieferumfang"":""1x Gusseisen Wok Ø 35,5 cm ohne Deckel"",""Marke"":""BBQ-Toro"",""Montage erforderlich"":""Nein"",""Pflegehinweise"":""Handwäsche, leicht einölen"",""Vorbehandlung"":""Vorgewürzt""}",39.95 EUR,,0
Topeak Satteltasche DynaWedge L - Wetterfest & Aerodynamisch,Topeak,Sammeln & Seltenes > Transport > Fahrrad,SKU-4996518676,4710069709269,"Zuverlässiger Wetterschutz für Ihre Ausrüstung bei jeder Fahrt | Aerodynamisches Design für minimalen Luftwiderstand und stilvolle Optik | Einfache und sichere Klettgurt-Montage unter dem Fahrradsattel | Kompaktes Volumen von 0,6 L für das Nötigste unterwegs | Robuste Nylon-Konstruktion mit PU-Beschichtung für lange Haltbarkeit | Leichtgewichtige Bauweise von nur 69 Gramm für unbeschwertes Fahren","Wetterfeste Satteltasche Topeak Weatherproof DynaWedge - Large, Volumen ca. 0,6 L, Strap-Montage unter dem Sattel, aerodynamische Form.","{""9800_Farbe"":""Schwarz"",""9800_Herstellernummer"":""BAG29601"",""9800_Marke"":""Topeak"",""9800_Modell"":""BAG29601"",""Befestigung"":""Klettgurte / Strap Mount"",""EAN/GTIN"":""4710069709269"",""Farbe"":""Schwarz"",""Geschlecht"":""Unisex"",""Gewicht"":""69 g (Herstellerangabe)"",""GPSR Manufacturer name"":""Topeak"",""Herstellernummer"":""BAG29601"",""Kategorie"":""Sammeln & Seltenes > Transport > Fahrrad"",""Marke"":""Topeak"",""Material"":""210D & 420D Nylon, PU-beschichtet"",""Modellnummer"":""BAG29601"",""Passende Sattelstützen-Ø"":""25,4 - 31,8 mm"",""Produktart"":""Satteltasche"",""Sportart"":""Radsport"",""Volumen"":""0.6 L"",""Wasserschutz"":""Wetterfest / stark wasserabweisend (Regenfahrten, Spritzwasser; nicht für dauerhaftes Untertauchen ausgelegt)""}",25.95 EUR,XGA0102C,6
Mountain Guide Herren Wanderschuh - Wasserdicht & Griffig für Outdoor,Mountain Guide,Sport > Camping & Outdoor > Bekleidung > Wanderschuhe,SKU-5017039989,5054142498336,Wasserdichte Konstruktion für trockene Füße bei jedem Wetter | Griffige Profilsohle für optimalen Halt auf verschiedenen Untergründen | Atmungsaktives Mesh/Synthetik-Obermaterial für exzellentes Fußklima | Gepolsterter Schaft und robuste Zehenschutzkappe für Komfort und Schutz | Ideal für anspruchsvolle Outdoor-Abenteuer und lange Wandertouren | Langlebige Materialien und hochwertige Verarbeitung für dauerhafte Funktionalität,"Der Mountain Guide Cuando Herren Wanderschuh ist Ihr idealer Begleiter für anspruchsvolle Outdoor-Abenteuer, indem er zuverlässigen Schutz und herausragenden Tragekomfort vereint. Seine wasserdichte Konstruktion hält Ihre Füße bei jedem Wetter trocken und sorgt für anhaltendes Wohlbefinden auf langen Touren.Ausgestattet mit einer griffigen Profilsohle bietet dieser Schuh optimalen Halt auf vielfältigen Untergründen, während das atmungsaktive Mesh/Synthetik-Obermaterial ein exzellentes Fußklima gewährleistet. Ein gepolsterter Schaft und eine robuste Zehenschutzkappe runden die hochwertige Ausstattung ab und bieten zusätzlichen Schutz sowie Komfort.Sie erhalten ein Paar Mountain Guide Cuando Wanderschuhe, die sofort einsatzbereit sind und Ihnen unvergessliche Naturerlebnisse ermöglichen. Für eine dauerhafte Funktionalität und Langlebigkeit empfehlen wir die regelmäßige Pflege des Obermaterials und der Sohle, um die Lebensdauer zu maximieren.","{""9800_Herstellernummer"":""SKU-5017039989"",""9800_Marke"":""Mountain Guide"",""9800_Modell"":""Cuando"",""Anlass"":""Freizeit"",""Einsatzbereich"":""Outdoor"",""Geschlecht"":""Herren"",""GPSR Manufacturer name"":""Mountain Guide"",""Handgefertigt"":""Nein"",""Herstellernummer"":""SKU-5017039989"",""Individualisiert"":""Nein"",""Jahreszeit"":""Ganzjährig"",""Kategorie"":""Sport > Camping & Outdoor > Bekleidung > Wanderschuhe"",""Marke"":""Mountain Guide"",""Modell"":""Cuando"",""Obermaterial"":""Mesh/Synthetik"",""Personalisieren"":""Nein"",""Produktart"":""Outdoor-Schuh"",""Sportart"":""Wandern"",""Stil"":""Wanderschuh"",""Verschluss"":""Schnürung"",""Vintage"":""Nein"",""Wasserdicht"":""Ja"",""Zustand"":""Neu mit Karton""}",69.95 EUR,XGA0302B,1
Goldhof Logistik Hochschrank Weiß – Platzsparend & Elegant für Ihr Bad,Goldhof Logistik GmbH,Heimwerker > Bad & Küche > Bad,SKU-5032047149,6941123909198,"Optimal für kleine Bäder und Gäste-WCs, schafft mehr Raumgefühl | Vier leichtgängige Schubladen für Ihre Pflegeprodukte und Handtücher | Robuste Konstruktion aus hochwertigen Holzwerkstoffen sichert Beständigkeit | Feuchtigkeitsbeständige Oberfläche für hygienische Sauberkeit und einfache Reinigung | Freistehend oder wandmontiert – passt sich ideal Ihrem Raum an | Zeitloses weißes Design verleiht Ihrem Badezimmer eine moderne Note","Der Goldhof Logistik ESITuro Bad-Hochschrank bietet eine ideale Stauraumlösung für kleine Bäder und Gäste-WCs. Seine schlanke Bauweise nutzt den vorhandenen Raum optimal aus und schafft mühelos Ordnung.Dieser praktische Schubladenschrank verfügt über vier leichtgängige Schubladen, die ausreichend Platz für Pflegeprodukte und Handtücher bieten. Die robuste Konstruktion aus hochwertigen Holzwerkstoffen gewährleistet Langlebigkeit und Stabilität im täglichen Gebrauch.Der Lieferumfang umfasst den Bad-Hochschrank; Befestigungsmaterial ist nicht enthalten, um eine individuelle Anpassung an Ihre Wand zu ermöglichen. Die pflegeleichte, feuchtigkeitsbeständige Oberfläche sorgt zudem für hygienische Sauberkeit und einfache Reinigung.","{""Anzahl der Schubladen"":""4"",""Artikelnummer"":""SBP0020"",""Breite"":""37 cm"",""Bruttogewicht"":""10 kg"",""Farbe"":""Weiß"",""GPSR Manufacturer name"":""Goldhof Logistik GmbH"",""Herstellernummer"":""SBP0020"",""Höhe"":""92 cm"",""Kategorie"":""Heimwerker > Bad & Küche > Bad"",""Marke"":""Goldhof Logistik GmbH"",""Material"":""Holzwerkstoff"",""Modell"":""SBP0020"",""Montage"":""Freistehend, Wandmontage"",""Nettogewicht"":""9 kg"",""Produktart"":""Hochschrank"",""Tiefe"":""12 cm"",""Zimmer"":""Badezimmer, Gäste-WC""}",39.99 EUR,XGA0204C,1
LOBERON Kräuterschere Magnoux: Präzise Ernte für frische Kräuter,LOBERON,Garten & Terrasse > Motor-Gartengeräte & -zubehör,SKU-5037405516,4251887649042,"Mühelose und präzise Ernte frischer Kräuter direkt von der Pflanze. | Hochwertiger Stahl und robustes Eisen für maximale Langlebigkeit und Zuverlässigkeit. | Ideal für Schnittlauch, Petersilie, Rosmarin und zahlreiche weitere Aromapflanzen. | Ergonomischer Griff mit praktischer Aufhängeöse für stets griffbereite Lagerung. | Elegantes Design fügt sich stilvoll in jede moderne Küche ein. | Perfekt für den Einsatz in Küche, Garten und auf dem Balkon. | Einfache Reinigung und Pflege für dauerhaft scharfe Klingen.","Die LOBERON Magnoux Kräuterschere ermöglicht die präzise und schonende Ernte frischer Kräuter direkt aus Ihrem Garten oder vom Fensterbrett. Genießen Sie stets aromatische Zutaten für Ihre Küche, indem Sie Schnittlauch, Petersilie und Rosmarin mühelos und akkurat schneiden.Das elegante und funktionale Design dieser Schere besteht aus hochwertigem Stahl und robustem Eisen, was eine lange Lebensdauer und zuverlässige Leistung garantiert. Ein praktischer Griff mit Aufhängeöse sorgt dafür, dass die Schere immer griffbereit und ordentlich verstaut ist.Im Lieferumfang ist eine LOBERON Magnoux Kräuterschere enthalten, die sofort einsatzbereit ist. Für eine optimale Pflege und dauerhafte Schärfe empfehlen wir die regelmäßige Reinigung nach Gebrauch und eine trockene Lagerung.","{""Abmessungen (H/B/T)"":""ca. 3/32/7,5 cm"",""Anwendungsbereich"":""Küche, Garten, Balkon"",""Besonderheiten"":""Zum Aufhängen"",""Farbe"":""Schwarz, Silber"",""Gewicht"":""200g"",""GPSR Manufacturer name"":""LOBERON"",""Kategorie"":""Garten & Terrasse > Motor-Gartengeräte & -zubehör"",""Marke"":""LOBERON"",""Material"":""Stahl, Eisen"",""Produktart"":""Kräuterschere""}",12.9 EUR,XGA0102C,1
"Laser-Tonerkartusche Schwarz Ersatz für Brother TN-423K Kompatibel mit DCP, HL, MFC Serien",Unbekannt,"Computer, Tablets & Netzwerk > Drucker, Scanner & Zubehör > Tinte, Toner & Papier",SKU-5091393302,8718891015578,"Gestochen scharfe Schwarzweißdrucke für professionelle Dokumente sichern. | Kosten sparen mit zuverlässiger, wirtschaftlicher Toner-Alternative. | Einfache, schnelle Installation für unterbrechungsfreies Arbeiten genießen. | Konsistente Druckergebnisse und zuverlässige Leistung erleben. | Perfekte Kompatibilität mit vielen Brother HL-L, MFC-L, DCP-L Modellen. | Hohe Seitenreichweite von bis zu 4.000 Seiten pro Kartusche.","Diese B423K Laser-Tonerkartusche liefert gestochen scharfe Schwarzweißdrucke für professionelle Dokumente. Sie bietet eine kostengünstige Alternative zu Originaltonern und sichert dabei stets exzellente Qualität. Die Installation dieser hochwertigen Kartusche ist denkbar einfach und ermöglicht einen schnellen Austausch. Sie ist perfekt kompatibel mit Brother HL-L8260CDW, HL-L8360CDW, MFC-L8690CDW, MFC-L8900CDW und DCP-L8410CDW Druckermodellen. Profitieren Sie von zuverlässiger Leistung und konsistenten Druckergebnissen, die Ihre Produktivität steigern. Wir garantieren anhaltende Zufriedenheit und bieten Ihnen einen erstklassigen Service für alle Fragen.","{""Anzahl der Einheiten"":""1"",""Ersetzt Toner-Nr."":""TN-423K"",""Farbe"":""Schwarz"",""Herstellernummer"":""B423K"",""Kapazität"":""Standard"",""Kategorie"":""Computer, Tablets & Netzwerk > Drucker, Scanner & Zubehör > Tinte, Toner & Papier"",""Kategorie (allgemein)"":""Drucker"",""Kompatible Druckermodelle"":""Brother HL-L8260CDW, HL-L8360CDW, HL-L8900CDW, MFC-L8690CDW, MFC-L8900CDW, DCP-L8410CDW"",""Kompatible Marke"":""Brother"",""Maßeinheit"":""Stück"",""Modell"":""B423K"",""Produkt-ID (intern)"":""B423K-BLACK-TONER"",""Produktart"":""Laser-Tonerkartusche"",""Seitenreichweite"":""4.000 Seiten"",""Technologie"":""Laser"",""weight"":1,""Zustand"":""Neu""}",16.4 EUR,XGA0101B,1
UnionSine Externe Festplatte 500GB USB 3.0 – Ultraschnell & Kompakt,UnionSine,"Computer, Tablets & Netzwerk > Computer-Komponenten & -Teile",SKU-5127373339,0630808446412,"Ultraschnelle Datenübertragung via USB 3.0 für maximale Effizienz. | Kompaktes und tragbares Design für einfachen Transport Ihrer Daten. | Plug-and-Play-Funktionalität für sofortige Nutzung ohne Installation. | Robuste Bauweise sichert stabile Leistung und lange Lebensdauer. | Breite Kompatibilität mit Windows, Mac und Linux Systemen. | Zuverlässige 500 GB Speicherkapazität für all Ihre digitalen Inhalte. | Inklusive 3 Jahre Herstellergarantie für zusätzliche Sicherheit.","Die UnionSine DataPocket HD2510 externe Festplatte bietet eine zuverlässige und ultraschnelle Speicherlösung für all Ihre digitalen Daten. Erweitern Sie mühelos den Speicherplatz Ihres PCs, Macs oder Linux-Systems und transportieren Sie wichtige Dateien sicher und bequem.Dank der USB 3.0 Schnittstelle profitieren Sie von ultraschnellen Datenübertragungsraten, während die Plug-and-Play-Funktionalität eine sofortige Nutzung ohne Softwareinstallation ermöglicht. Die robuste Bauweise gewährleistet dabei eine stabile Leistung und eine lange Lebensdauer Ihrer tragbaren 500 GB Festplatte.Im Lieferumfang ist die externe Festplatte HD2510 enthalten, bereit für den sofortigen Einsatz. Profitieren Sie von einer 3-jährigen eingeschränkten Herstellergarantie, die Ihnen zusätzliche Sicherheit und Vertrauen in Ihr Produkt gibt.","{""Besonderheiten"":""Plug & Play, Tragbar"",""Farbe"":""Schwarz"",""Garantie"":""3 Jahre Herstellergarantie"",""GPSR Manufacturer name"":""UnionSine"",""Herstellernummer"":""HD2510"",""Kategorie"":""Computer, Tablets & Netzwerk > Computer-Komponenten & -Teile"",""Kompatibilität"":""Windows, Mac, Linux"",""Marke"":""UnionSine"",""Modell"":""HD2510"",""Produktart"":""Externe Festplatte"",""Schnittstelle"":""USB 3.0, USB 2.0"",""Speicherkapazität"":""500 GB"",""Zustand"":""Neu""}",30.99 EUR,XGA0304B,1
"Jolly Schulpinsel-Set 6-teilig – Ergonomisch, für kreatives Malen",Jolly,Spielzeug > Basteln & Kreativität > Malen & Zeichnen,SKU-5320447988,9014400281687,"Ergonomische Griffe für optimalen Halt in Kinderhänden. | Leuchtende Neonfarben fördern die Kreativität und den Malspaß. | Vielseitiges 6-teiliges Set mit runden und flachen Pinseln. | Robuste Synthetikborsten garantieren Langlebigkeit und Formstabilität. | Einfache Reinigung und Pflege für langanhaltende Freude. | Ideal für Wasserfarben, Tempera und Acrylfarben geeignet. | Perfekt für Schule, Hobby und kreative Freizeitgestaltung.","Das Jolly Neon Schulpinsel-Set fördert den Spaß am Malen und kreativen Gestalten für junge Künstler in Schule und Freizeit. Die ergonomisch geformten Griffe in leuchtenden Neonfarben liegen optimal in Kinderhänden und unterstützen präzises Arbeiten.Dieses vielseitige 6-teilige Set wurde speziell für den Schulalltag entwickelt und bietet drei flache sowie drei runde Pinsel in verschiedenen Größen für diverse Maltechniken. Die robusten Synthetikborsten sind langlebig und behalten ihre Form, während die farbigen Kunststoffgriffe eine einfache Unterscheidung ermöglichen.Der Lieferumfang umfasst sechs hochwertige Pinsel, die sich perfekt für Wasserfarben, Tempera und Acrylfarben eignen. Nach Gebrauch lassen sich die Pinsel mühelos reinigen, was eine einfache Pflege und langanhaltende Freude am Malen garantiert.","{""Angebotspaket"":""Nein"",""Anzahl der Einheiten"":6,""Anzahl Pinsel"":6,""Besonderheiten"":""Ergonomischer Griff, Neonfarben, Leicht zu reinigen"",""Einheitentyp"":""Pinsel"",""Farbe"":""Mehrfarbig, Neon"",""Geeignet für"":""Kinder, Schule, Hobbykünstler"",""GPSR Manufacturer name"":""Jolly"",""Kategorie"":""Spielzeug > Basteln & Kreativität > Malen & Zeichnen"",""Marke"":""Jolly"",""Material"":""Synthetik, Kunststoff"",""Pinselform"":""Flach, Rund"",""Produktart"":""Pinselset"",""Zielgruppe"":""Kinder, Schüler""}",13.29 EUR,XGA0204D,6
Brevillier's CRETACOLOR Artino Zeichenset - 10-tlg. für kreative Entfaltung,Brevillier's CRETACOLOR,Spielzeug > Puppen & Zubehör,SKU-5392843955,9002592400207,"Brevillier's CRETACOLOR Artino Set für grenzenlose kreative Entfaltung. | Hochwertige Sanguine, Sepia, Kohle für brillante, langanhaltende Kunstwerke. | Ideal für ausdrucksstarke Skizzen und präzise, detaillierte Zeichnungen. | Professionelle Qualität ""Made in Austria"" für höchste Ansprüche und Haltbarkeit. | Vielseitig einsetzbar für Künstler und Hobbyzeichner aller Erfahrungsstufen. | Ermöglicht sofortigen Start dank umfassender Werkzeugauswahl im Set.","Das Brevillier's CRETACOLOR Artino Zeichenset ermöglicht Künstlern und Hobbyzeichnern eine umfassende kreative Entfaltung. Es ist ideal für ausdrucksstarke Skizzen sowie detaillierte Zeichnungen, von schnellen Entwürfen bis zu komplexen Kunstwerken.Dieses sorgfältig zusammengestellte 10-teilige Set enthält hochwertige Zeichenmaterialien wie Sanguine, Sepia, Kohle und Weißkreide, die brillante und langanhaltende Ergebnisse garantieren. Der Lieferumfang umfasst alle wesentlichen Werkzeuge, darunter Bleistifte, Kreiden, Radiergummi und Spitzer, um sofort mit der Gestaltung zu beginnen.Profitieren Sie von der einfachen Anwendung und der Unterstützung vielfältiger Zeichentechniken, die dieses Set für Einsteiger und Fortgeschrittene gleichermaßen attraktiv machen. Die professionelle Qualität dieser in Österreich hergestellten Zeichenwerkzeuge fördert eine angenehme Handhabung und inspirierende Kreativität, wobei stets die beiliegenden Pflegehinweise zu beachten sind.","{""Anwendungsbereich"":""Skizzieren, Zeichnen"",""Anzahl der Teile"":""10"",""Farbe"":""Mehrfarbig"",""GPSR Manufacturer name"":""Brevillier's CRETACOLOR"",""Herstellungsland"":""Österreich"",""Kategorie"":""Spielzeug > Puppen & Zubehör"",""Lieferumfang"":""Bleistifte, Kreiden, Radiergummi, Spitzer"",""Marke"":""Brevillier's CRETACOLOR"",""Materialien"":""Sanguine, Sepia, Kohle, Weißkreide"",""Modell"":""Artino Drawing Set"",""Produktart"":""Zeichenset"",""Zielgruppe"":""Künstler, Hobbyzeichner""}",25.4 EUR,XGA0204D,2
"Brennenstuhl Steckdosenleiste 8-fach, 5m Kabel, Schalter, Made in Germany",Brennenstuhl,Business & Industrie > Elektronik & Messtechnik > Schalter,SKU-5403685857,4007123624386,"Acht Schutzkontakt-Steckdosen für umfassende Geräteversorgung. | Beleuchteter Sicherheitsschalter reduziert Standby-Verbrauch und spart Energie. | 5 Meter Kabel ermöglicht maximale Flexibilität bei der Positionierung. | Robuster Kunststoff und hochwertige Verarbeitung für lange Lebensdauer. | Integrierte Kindersicherung bietet optimalen Schutz im Haushalt. | ""Made in Germany"" garantiert höchste Qualität und Zuverlässigkeit. | Optimale Steckdosenanordnung ideal auch für Winkelstecker geeignet.","brennenstuhl Premium-Line PRL 08 DE V2, 8-fach Steckdosenleiste mit 5 m H05VV-F 3G1,5 Kabel, 230V~/16A, max. 3680W, Made in Germany.","{""Anzahl der Steckdosen"":""8"",""Anzahl Steckdosen"":""8"",""Besondere Merkmale"":""Mit Schalter, Kindersicherung"",""Besonderheiten"":""Schalter, Kindersicherung"",""Farbe"":""Schwarz"",""Frequenz"":""50 Hz"",""Hersteller Artikelnummer"":""195158 0 101"",""Herstellernummer"":""PRL 08 DE V2"",""Herstellungsland"":""Deutschland"",""Herstellungsland und -region"":""Deutschland"",""Kabellänge"":""5 m"",""Kabeltyp"":""H05VV-F 3G1,5"",""Kategorie"":""Business & Industrie > Elektronik & Messtechnik > Schalter"",""Marke"":""Brennenstuhl"",""Material"":""Kunststoff"",""Max. Leistung"":""3680 W"",""Maximale Leistung"":""3680"",""Modellnummer"":""PRL 08 DE V2"",""Nennspannung"":""230 V"",""Nennstrom"":""16 A"",""Produktart"":""Steckdosenleiste"",""Spannung"":""230"",""Steckdosenart"":""Schuko (Typ F)""}",17.37 EUR,,0
Shure MV6 USB Gaming Mikrofon für Kristallklaren Sound & Streaming ohne Störung,Shure,"TV, Video & Audio > DJ-Equipment > Mikrofone",SKU-5427858806,0042406863353,"Kristallklare Sprachqualität für Gaming und professionelles Streaming. | Plug-and-Play USB-C: sofort einsatzbereit ohne komplexe Installation. | Effektive Sprachisolierung eliminiert störende Hintergrundgeräusche. | Automatischer Pegelmodus für stets perfekte, optimierte Lautstärke. | Integrierter Poppschutz und Tap-to-Mute für professionelle Kontrolle. | Robuste Bauweise für langlebige und zuverlässige Performance.","Das Shure MV6 USB Gaming Mikrofon liefert PC-Gamern und Streamern eine herausragende Audioqualität für professionelle Kommunikation. Es sorgt für eine kristallklare Sprachübertragung, damit Ihre Stimme stets präzise und deutlich bei Ihrem Publikum ankommt.Dieses Mikrofon ist mit fortschrittlicher Sprachisolierung ausgestattet, die störende Hintergrundgeräusche effektiv minimiert und ungestörte Aufnahmen ermöglicht. Ein integrierter digitaler Poppschutz sowie ein automatischer Pegelmodus optimieren die Lautstärke dynamisch und reduzieren zuverlässig Plosivlaute, während die robuste Bauweise Langlebigkeit garantiert.Die unkomplizierte Plug-and-Play USB-C Verbindung ermöglicht eine sofortige Inbetriebnahme, wobei das benötigte Kabel für maximale Bequemlichkeit im Lieferumfang enthalten ist. Profitieren Sie von Echtzeit-Monitoring für präzise Audiokontrolle und einem zuverlässigen Produkt, das für eine langfristige Performance konzipiert wurde.","{""Formfaktor"":""Desktop"",""GPSR Manufacturer address"":""Shure Europe GmbH, Jakob-Dieffenbacher-Str. 12, 75031 Eppingen, Germany"",""GPSR Manufacturer name"":""Shure"",""Kategorie"":""TV, Video & Audio > DJ-Equipment > Mikrofone"",""Marke"":""Shure""}",159 EUR,XGA0103B,1
IPOZON Stunt-Scooter für maximale Kontrolle & sichere Tricks,IPOZON,Auto & Motorrad: Fahrzeuge > Motorräder > Roller,SKU-5462953053,,,"Der IPOZON FOOT Stunt-Scooter ist die optimale Wahl für junge Rider, die ihre Fähigkeiten im Skatepark oder auf der Straße sicher und dynamisch erweitern möchten. Er bietet eine äußerst robuste und verlässliche Plattform für das Erlernen erster Tricks sowie die Ausführung anspruchsvoller Manöver, wodurch intensive und actionreiche Stunden voller Fahrspaß garantiert sind.Dieser hochwertige Stunt-Scooter überzeugt durch seine stabile Konstruktion, die speziell auf Langlebigkeit und Widerstandsfähigkeit ausgelegt ist. Er verfügt über einen widerstandsfähigen T-Lenker für optimale Kontrolle und eine griffige Trittfläche in markantem Lila, die für sicheren Stand sorgt.Der IPOZON FOOT Stunt-Scooter wird komplett vormontiert geliefert und ist somit sofort einsatzbereit für das nächste Abenteuer. Seine intuitive Handhabung und der minimale Wartungsaufwand machen ihn zum perfekten Sportgerät, das spielerisch Balance und Koordination bei Kindern und Jugendlichen effektiv fördert.","{""Einsatzbereich"":""Skatepark, Straße"",""Farbe"":""Lila, Schwarz"",""GPSR Manufacturer name"":""IPOZON"",""Kategorie"":""Auto & Motorrad: Fahrzeuge > Motorräder > Roller"",""Klappbar"":""Nein"",""Marke"":""IPOZON"",""Modell"":""FOOT"",""Produktart"":""Stunt-Scooter"",""Sportart"":""Funsport"",""Zusammenbau nötig"":""Nein""}",74.99 EUR,,0
Biologika Sachbuch: Organ Atlas für proaktive Gesundheit & Wohlbefinden,Biologika,Bücher & Zeitschriften > Bücher,SKU-5582443660,9786158181617,"Umfassende Entschlüsselung der fünf biologischen Naturgesetze. | Verständnis der komplexen Zusammenhänge zwischen Psyche, Gehirn und Organen. | Proaktive Gestaltung Ihrer Gesundheit für mehr Eigenverantwortung. | Effektive bio-logische Lösungsformeln für ganzheitliches Wohlbefinden entdecken. | Fundiertes Nachschlagewerk für Laien und Fachleute gleichermaßen. | Erlangen Sie berechenbare Gesundheit durch fundiertes präventives Wissen.","Der Biologika Organ Atlas entschlüsselt die fünf biologischen Naturgesetze umfassend, um Ihnen ein klares Verständnis komplexer Zusammenhänge zu ermöglichen. Dieses tiefgreifende Sachbuch befähigt Sie, Ihre Gesundheit proaktiv zu gestalten und bio-logische Lösungsformeln für ein ganzheitliches Wohlbefinden zu finden.Tauchen Sie ein in detaillierte Erklärungen, die aufzeigen, wie emotionale Zustände organische Reaktionen beeinflussen und welche biologischen Zwecke dahinterstecken. Die hochwertige gebundene Ausgabe ist reich bebildert und dient als umfassendes Nachschlagewerk für Laien und Fachleute gleichermaßen.Dieser Atlas liefert eine fundierte Basis, um die Funktionsweise des menschlichen Körpers aus einer neuen Perspektive zu betrachten und fördert eine berechenbare Gesundheit durch präventives Wissen. Er ist das ideale Werkzeug für jeden, der sein Wissen über die menschliche Biologie vertiefen und praktische Anwendungen für ein gesünderes Leben sucht.","{""Altersfreigabe"":""Ab 16 Jahren"",""Format"":""Gebundene Ausgabe"",""Genre"":""Sachbuch"",""GPSR Manufacturer name"":""Biologika"",""Herstellernummer"":""SKU-5582443660"",""ISBN"":""9786158181617"",""Kategorie"":""Bücher & Zeitschriften > Bücher"",""Marke"":""Biologika"",""Sprache"":""Deutsch"",""Thema"":""Gesundheit & Medizin""}",99.9 EUR,XGA0303C,1
Samsung 870 QVO 1TB SSD: Blitzschnelle Leistung für PC & Laptop,Samsung,"Computer, Tablets & Netzwerk > Laufwerke & Speichermedien > Festplatten (HDD, SSD & NAS) > Solid State Drives (SSD)",SKU-5598085433,8806090396038,Blitzschnelle Systemstarts und Ladezeiten für sofortige Produktivität. | Großzügige 1TB Speicherkapazität für alle Ihre Anwendungen und Daten. | Robuste Solid State Technologie für maximale Stoßfestigkeit und Langlebigkeit. | Einfache Plug-and-Play-Installation für schnelle und unkomplizierte Inbetriebnahme. | Energieeffizienter Betrieb verlängert die Akkulaufzeit Ihres Laptops spürbar. | Beeindruckende Lese- und Schreibgeschwindigkeiten von bis zu 560/530 MB/s.,"Die Samsung 870 QVO 1TB SSD revolutioniert Ihr Computererlebnis, indem sie die Leistung Ihres PCs oder Laptops erheblich steigert. Profitieren Sie von blitzschnellen Systemstarts, reibungslosen Anwendungsabläufen und großzügigem Speicherplatz für all Ihre digitalen Inhalte.Diese interne SSD nutzt fortschrittliche Solid State Technologie im robusten 2,5-Zoll-Formfaktor, um maximale Stoßfestigkeit und breite Kompatibilität zu gewährleisten. Sie erreicht beeindruckende Lese- und Schreibgeschwindigkeiten von bis zu 560 MB/s bzw. 530 MB/s über die zuverlässige SATA III Schnittstelle.Die einfache Plug-and-Play-Installation ermöglicht eine schnelle Inbetriebnahme, während der energieeffiziente Betrieb die Akkulaufzeit mobiler Geräte spürbar verlängert. Im Lieferumfang ist ausschließlich die Samsung 870 QVO SSD enthalten; für alle Servicefragen steht Ihnen der kompetente Samsung Kundendienst jederzeit zur Verfügung.","{""Anwendungsbereich"":""PC, Laptop"",""Besonderheiten"":""Stoßfest, Energieeffizient"",""Farbe"":""Schwarz"",""Formfaktor"":""2.5 Zoll"",""Lesegeschwindigkeit"":""560 MB/s"",""Marke"":""Samsung"",""Modell"":""870 QVO"",""Produktart"":""Interne SSD"",""Schnittstelle"":""SATA III"",""Schreibgeschwindigkeit"":""530 MB/s"",""Speicherkapazität"":""1 TB"",""Zustand"":""Neu""}",124.95 EUR,,0
"Classic Flyer Hörnerschlitten Davos 110cm – TÜV-geprüft, sicher & langlebig",Classic Flyer,Sport > Weitere Wintersportarten,SKU-5633394973,4011739058220,"Unvergesslicher Winterspaß für die ganze Familie auf jedem Schneeuntergrund. | Stahlverstärkte Rundkufen garantieren laufruhige Fahrt und optimale Spurtreue. | Massives, nachhaltiges Buchenholz sorgt für höchste Stabilität und Sicherheit. | Ergonomisches Hörnerdesign bietet maximalen Sitzkomfort und sichere Führung. | GS- und TÜV Rheinland-zertifiziert für geprüfte Sicherheit und Qualität. | FSC-zertifiziertes Holz unterstreicht die nachhaltige und umweltfreundliche Produktion. | Sofort einsatzbereit dank Vormontage und praktischem, integriertem Zugband.","Der Classic Flyer Davos Hörnerschlitten garantiert unvergesslichen Winterspaß für die ganze Familie und überzeugt durch seine außergewöhnliche Langlebigkeit. Seine stahlverstärkten Rundkufen ermöglichen eine stets laufruhige Fahrt auf jedem Schneeuntergrund und sorgen für optimale Spurtreue.Gefertigt aus massivem, nachhaltigem Buchenholz, bietet dieser Schlitten höchste Stabilität und Sicherheit für Rodler ab 3 Jahren bis 90 kg. Das ergonomische Hörnerdesign sorgt dabei für maximalen Sitzkomfort und eine sichere Führung bei jeder Abfahrt.Der Schlitten wird komplett vormontiert geliefert und ist dank des integrierten Zugbandes sofort einsatzbereit für spontane Rodelpartien. Er ist GS- und TÜV Rheinland-zertifiziert sowie aus FSC-zertifiziertem Holz gefertigt, was für geprüfte Sicherheit und Nachhaltigkeit steht.","{""Besonderheiten"":""Stahlverstärkte Rundkufen, Ergonomisches Hörnerdesign"",""Breite"":""32 cm"",""Eigengewicht"":""4.8 kg"",""FSC-Referenz"":""FSC® C138368"",""Geeignet für"":""Kinder und Erwachsene"",""GPSR Manufacturer name"":""Classic Flyer"",""Herstellernummer"":""SKU-5633394973"",""Höhe"":""25 cm"",""Kategorie"":""Sport > Weitere Wintersportarten"",""Länge"":""110 cm"",""Marke"":""Classic Flyer"",""Material"":""Massives Buchenholz, stahlverstärkte Rundkufen, Kunststoff-Endkappen"",""Maximale Tragkraft"":""90 kg"",""Mindestalter"":""Ab 3 Jahren"",""Modell"":""Davos"",""Montagezustand"":""Vormontiert"",""Produktart"":""Hörnerschlitten Davos ohne Lehne"",""Zertifizierungen"":""GS, TÜV Rheinland, FSC"",""Zugband vorhanden"":""Ja""}",89.9 EUR,XGA0204E,1
Kiepenheuer & Witsch Sachbuch Papier Hardcover Deutsch,Kiepenheuer & Witsch,Modellbau > Modelleisenbahn > Sachbücher & Ratgeber,SKU-5638382329,9783462005134,"Exklusive, persönlich signierte Sammlerausgabe der Autobiografie ""Freiheit"". | Umfassende Einblicke in Angela Merkels Kanzlerschaft und historische Ereignisse. | Hochwertige Hardcover-Ausgabe des renommierten Kiepenheuer & Witsch Verlags. | Strapazierfähiges Papier für Langlebigkeit und ein herausragendes Leseerlebnis. | 736 Seiten tiefgehende Erinnerungen und persönliche Perspektiven. | Unersetzliches Zeitdokument einer prägenden Persönlichkeit der Zeitgeschichte.","Tauchen Sie ein in Angela Merkels wegweisende Autobiografie 'Freiheit' und erhalten Sie einzigartige Einblicke in ihre prägende Kanzlerschaft. Dieses umfassende Sachbuch beleuchtet entscheidende Momente deutscher und europäischer Politik aus erster Hand und bietet eine persönliche Perspektive auf historische Ereignisse. Die hochwertige Hardcover-Ausgabe des renommierten Kiepenheuer & Witsch Verlags garantiert Langlebigkeit und ein angenehmes Leseerlebnis über 736 Seiten. Gefertigt aus strapazierfähigem Papier, stellt dieses Werk eine wertvolle Ergänzung für jede Bibliothek dar und besticht durch seine robuste Verarbeitung. Sie erwerben die exklusive, persönlich signierte Sammlerausgabe, welche dieses Werk zu einem einzigartigen Zeitdokument für anspruchsvolle Leser macht. Der Lieferumfang umfasst ein Exemplar des signierten Hardcovers, das lediglich eine sorgfältige Aufbewahrung für den langfristigen Werterhalt benötigt.","{""- Ausgabe"":""Signierte Limitierte Ausgabe"",""- Genre"":""Biografien & Politische Werke"",""- Zielgruppe"":""Erwachsene"",""- Zustand"":""Neuware"",""Anzahl der Seiten"":""736"",""Ausgabe"":""Signierte Limitierte Ausgabe"",""Autor"":""Angela Merkel"",""Buchtitel"":""Freiheit: Erinnerungen 1954 – 2021"",""Einbandart"":""Hardcover"",""Einbandmaterial"":""Papier"",""Format"":""Hardcover"",""Genre"":""Politik & Gesellschaft, Autobiografie"",""GPSR Manufacturer name"":""Kiepenheuer & Witsch"",""ISBN"":""978-3-462-00513-4"",""Kategorie"":""Modellbau > Modelleisenbahn > Sachbücher & Ratgeber"",""Kategorie (text_features)"":""Bücher > Sachbücher > Biografien & Erinnerungen"",""Kategorie (Top Level)"":""Bücher & Zeitschriften > Sachbücher > Politik & Wirtschaft"",""Literarische Gattung"":""Sachbuch"",""Marke"":""Kiepenheuer & Witsch"",""Material"":""Papier"",""Originalsprache"":""Deutsch"",""Produktart"":""Sachbuch"",""Seitenzahl"":""736"",""Signiert"":""Ja"",""Sprache"":""Deutsch"",""Thematik"":""Autobiografie"",""Titel"":""Freiheit: Erinnerungen 1954–2021"",""Verlag"":""Kiepenheuer & Witsch"",""weight"":1,""Zielgruppe"":""Erwachsene"",""Zustand"":""Neu""}",7.25 EUR,XGA0303C,1
Jolly Superstars One Fasermaler 12 Farben auswaschbar für Kinder Made in Austria,Jolly,"Büro & Schreibwaren > Papier, Büro- & Schreibwaren > Schreiben & Korrigieren > Filzstifte",SKU-5658638116,9014400105341,,"Die Jolly Superstars One Fasermaler sind die perfekte Wahl für junge Künstler, um Kreativität und Feinmotorik spielerisch zu fördern. Ideal für Schule, Kindergarten und Zuhause, bieten sie eine sichere und inspirierende Malumgebung. Die innovative, auswaschbare Tinte ermöglicht eine mühelose Reinigung von Textilien und Oberflächen, was Eltern im Alltag spürbar entlastet. Gefertigt in Österreich unter höchsten Qualitätsstandards, garantieren diese Filzstifte langanhaltenden Malspaß und Sicherheit. Das Set enthält 12 brillante, sofort einsatzbereite Farben, die vielfältige Gestaltungsmöglichkeiten eröffnen und die Fantasie anregen. Die ergonomische Form und robuste Spitze sorgen für komfortablen Halt sowie einen gleichmäßigen Farbauftrag, stets unter Einhaltung strengster Sicherheitsstandards.","{""Angebotspaket"":null,""Anzahl der Einheiten"":null,""Beschreibung des Paketinhalts"":null,""Besonderheiten"":null,""Filzstifte"":null,""GPSR Manufacturer name"":""Jolly"",""Herstellernummer"":null,""Herstellungsland und -region"":null,""Kategorie"":""Büro & Schreibwaren > Papier, Büro- & Schreibwaren > Schreiben & Korrigieren > Filzstifte"",""Marke"":null,""Maßeinheit"":null,""Modell"":null,""Modifikationsbeschreibung"":null,""Modifizierter Artikel"":null,""Schreibfarbe"":null,""Stärke"":null}",7.38 EUR,XGA0204D,6
RHINOWALK Transporttasche 26 Zoll Faltfahrrad – Optimaler Schutz,RHINOWALK,Sport > Radsport > Fahrradzubehör,SKU-5674295862,,Optimaler Schutz für Ihr 26-Zoll-Faltfahrrad bei Transport und Lagerung. | Extrem robustes 600D PVC Polyester für maximale Langlebigkeit und Widerstandsfähigkeit. | Integrierte Buggy-Tasche ermöglicht platzsparende und bequeme Aufbewahrung der Tasche. | Nur 1900g leicht für mühelosen und komfortablen Transport auf jeder Reise. | Pflegeleichtes Material für eine schnelle und unkomplizierte Reinigung. | Faltbares Design für einfache Handhabung und platzsparende Lagerung.,"Die RHINOWALK RF260 Transporttasche bietet Ihrem 26-Zoll-Faltfahrrad optimalen Schutz und erleichtert den Transport erheblich. Sie bewahrt Ihr wertvolles Rad zuverlässig vor Schmutz, Staub und Stößen, ideal für Reisen oder die tägliche Pendelstrecke.Gefertigt aus extrem widerstandsfähigem 600D PVC Polyester, garantiert diese Tasche außergewöhnliche Langlebigkeit und höchste Widerstandsfähigkeit gegen äußere Einflüsse. Mit ihren großzügigen Maßen von 98x40x80 cm bietet sie ausreichend Platz für Ihr Faltrad und dessen Komponenten, während das geringe Gewicht von 1900g den Transport mühelos macht.Der Lieferumfang umfasst die RHINOWALK RF260 Transporttasche, die sich dank der integrierten Buggy-Tasche platzsparend verstauen lässt. Für langanhaltende Freude an diesem Qualitätsprodukt empfehlen wir eine einfache Reinigung gemäß den Materialeigenschaften, um den hochwertigen Zustand zu bewahren und die Lebensdauer zu verlängern.","{""Angebotspaket"":null,""Beschreibung des Angebotpakets"":null,""GPSR Manufacturer name"":""Hangzhou Xibu Technology Co., Ltd."",""Herstellerland - und Region"":null,""Herstellernummer"":null,""Kategorie"":""Sport > Radsport > Fahrradzubehör"",""Marke"":""RHINOWALK"",""Modifikationsbeschreibung"":null,""Modifizierter Artikel"":null}",99.99 EUR,XGA0103C,1
Homerella UNIFLOW Badewanneneinlage für sicheren Halt & schnellen Ablauf,Homerella,Baby > Badezubehör > Badewannen,SKU-5687802687,,Sicherer Halt minimiert Rutschgefahr in der Badewanne effektiv. | Optimale Passform für Standardbadewannen mit 88x39 cm Maßen. | Schneller Wasserablauf durch zahlreiche Drainagelöcher garantiert Hygiene. | Langlebiges PVC-Material für dauerhafte Nutzung und einfache Pflege. | Einfache Reinigung und schnelle Trocknung dank praktischem Haken. | Starke Saugnäpfe sichern zuverlässige Befestigung für maximale Stabilität.,"Die Homerella Badewanneneinlage UNIFLOW sorgt dank dicht gesetzter Saugnäpfe auf der Unterseite und rutschhemmender Gitterstruktur für sicheren Stand beim Duschen und Baden. Mit Maßen von 88 x 39 cm passt sie in gängige Standardbadewannen, die vielen Öffnungen lassen Wasser schnell ablaufen und erleichtern das Trocknen. Das wasserabweisende, pflegeleichte Material wird einfach abgespült und bleibt bei regelmäßiger Reinigung hygienisch sauber; nach Gebrauch kann die Matte mit dem beiliegenden Haken zum Trocknen aufgehängt werden.","{""Besonderheiten"":""Rutschfest, Mit Saugnäpfen, Wasserablauf"",""Breite"":""39 cm"",""Farbe"":""Weiß"",""Form"":""Rechteckig mit abgerundeten Ecken"",""Geeignet für"":""Standardbadewannen"",""GPSR Manufacturer name"":""Homerella"",""Größe"":""88 x 39 cm"",""Herstellernummer"":""SKU-5687802687"",""Kategorie"":""Baby > Badezubehör > Badewannen"",""Kategorie (Breadcrumb)"":""Haus & Garten > Bad & Küche > Badzubehör & -textilien > Badematten & -teppiche > Badewanneneinlagen"",""Kategorie-ID"":""30251"",""Länge"":""88 cm"",""Lieferumfang"":""1x Badewanneneinlage, 1x Befestigungshaken"",""Marke"":""Homerella"",""Material"":""PVC"",""Modell"":""UNIFLOW"",""Muster"":""Gitter"",""Pflegehinweis"":""Mit Wasser abwaschen, anschließend vollständig trocknen lassen"",""Produktart"":""Badewanneneinlage"",""Zimmer"":""Badezimmer""}",17.99 EUR,XGA0102C,25
Siemens Entkalkungstabletten 2in1 für EQ Kaffeevollautomaten – Optimaler Schutz,Siemens,"Haushaltsgeräte > Kaffee-, Tee- & Espressomaschinen > Kaffeevollautomaten",SKU-5701110636,4242003870525,"Effektive 2in1-Formel für Entkalkung und umfassenden Geräteschutz. | Verlängert die Lebensdauer Ihres Siemens EQ Kaffeevollautomaten nachhaltig. | Optimiert spürbar die Kaffeequalität und den reinen Geschmack. | Einfache Anwendung für schnelle, hygienische und gründliche Reinigung. | Schützt effektiv vor Korrosion und erhält die Energieeffizienz. | Speziell entwickelt für alle Siemens EQ Kaffeevollautomaten.","Die Siemens 2in1 Entkalkungstabletten wurden speziell für EQ Kaffeevollautomaten entwickelt, um Kalkablagerungen effektiv zu entfernen und die optimale Leistung Ihrer Maschine langfristig zu gewährleisten. Diese innovative Formel verlängert die Lebensdauer Ihres Geräts spürbar und sichert dauerhaft besten Kaffeegenuss bei jeder Tasse.Jede Tablette enthält eine bewährte Mischung aus hochwirksamer Maleinsäure und Zitronensäure, die eine gründliche und hygienische Reinigung bis ins kleinste Detail ermöglicht. Die regelmäßige Anwendung verbessert die Energieeffizienz Ihrer Maschine erheblich und trägt maßgeblich zu einer konstant hohen Kaffeequalität bei.Im Lieferumfang sind drei einfach anzuwendende Tabletten enthalten, die eine zuverlässige und hygienische Reinigung für mehrere Anwendungen ermöglichen. Vertrauen Sie auf die bewährte Qualität von Siemens für ein stets perfektes Kaffeeerlebnis und den umfassenden Schutz Ihrer wertvollen Investition.","{""Anzahl pro Packung"":""3 Stück"",""Farbe"":""Blau/Weiß"",""GPSR Manufacturer name"":""Siemens"",""Hersteller"":""BSH Hausgeräte GmbH"",""item_specific_Besonderheiten"":""2in1 Funktion"",""item_specific_Farbe"":""Blau"",""item_specific_Herstellernummer"":""TZ80002A"",""item_specific_Marke"":""Siemens"",""item_specific_Produktart"":""Entkalkungstabletten"",""Kategorie"":""Haushaltsgeräte > Kaffee-, Tee- & Espressomaschinen > Kaffeevollautomaten"",""Produkt-SKU"":""SKU-5701110636""}",7.49 EUR,,0
"PUMA Road Rider SD Sneaker: Stilvoll, Komfortabel & Atmungsaktiv",Puma,"Spielzeug > Bären, -kleidung & Zubehör > Bärenkleidung & Accessoires",SKU-5722168408,4067983276613,"Retro-Design trifft modernen Komfort für stilvolle Auftritte | Atmungsaktive Materialien garantieren langanhaltenden, angenehmen Tragekomfort | Dämpfende Sohle bietet optimalen Komfort den ganzen Tag | Klassische Schnürung ermöglicht individuelle und sichere Passform | Robuste Gummisohle sorgt für zuverlässigen Halt auf jedem Untergrund | Vielseitig kombinierbar für Alltag und Freizeitaktivitäten | Hochwertige Materialmischung für Strapazierfähigkeit und Langlebigkeit","Der PUMA Road Rider SD Unisex Sneaker kombiniert gekonnt Retro-Charme mit modernem Komfort und ist die ideale Wahl für stilbewusste Erwachsene. Seine auffällige Farbkombination macht ihn zu einem echten Blickfang, der im Alltag und bei Freizeitaktivitäten überzeugt.Dieser Sneaker ist aus einer hochwertigen Mischung aus Mesh, Wildleder und Synthetik gefertigt, was für Atmungsaktivität und Strapazierfähigkeit sorgt. Eine dämpfende Sohle und die klassische Schnürung garantieren optimalen Tragekomfort sowie eine individuelle Passform den ganzen Tag über.Mit seiner robusten Gummisohle bietet der Road Rider SD zuverlässigen Halt und lässt sich mühelos in jede Garderobe integrieren. Im Lieferumfang ist ein Paar PUMA Road Rider SD Sneaker enthalten; bitte beachten Sie die Pflegehinweise für langanhaltende Freude.","{""Absatzart"":""Flach"",""Absatzhöhe"":""Flach (Weniger als 2,5 cm)"",""Akzente"":""Logo"",""Anlass"":""Freizeit, Alltag"",""Außensohlenmaterial"":""Gummi"",""Besonderheiten"":""Atmungsaktiv, Komfort"",""Eigenschaften"":""Atmungsaktiv, Dämpfend, Rutschfest"",""Farbe"":""Blau / Weiß / Gelb / Vapor Gray"",""Futter Material"":""Textil"",""GPSR Manufacturer name"":""PUMA"",""Handgemacht"":""Nein"",""Herstellernummer"":""SKU-5722168408"",""Innensohlenmaterial"":""Textil"",""Jahreszeit"":""Frühling, Sommer, Herbst"",""Kategorie"":""Spielzeug > Bären, -kleidung & Zubehör > Bärenkleidung & Accessoires"",""Marke"":""PUMA"",""Modell"":""Road Rider SD"",""Muster"":""Ohne Muster"",""Obermaterial"":""Mesh, Wildleder, Synthetik"",""Personalisieren"":""Nein"",""Produktart"":""Sneaker"",""Produktlinie"":""PUMA Road Rider"",""Schuhgröße EU"":""38"",""Schuhschafttyp"":""Niedrig"",""Schuhweite"":""Normal"",""Stil"":""Retro, Sportlich"",""Thema"":""Sport, Freizeit"",""US-Schuhgröße"":""6"",""Verschluss"":""Schnürung"",""Vintage"":""Nein"",""Zielgruppe"":""Unisex Erwachsene"",""Zustand"":""Neu mit Karton""}",66.99 EUR,XGA0302A,1
Oetinger Bilderbuch Papier Gebundene Ausgabe Deutsch,Oetinger,Sammeln & Seltenes > DDR & Ostalgie > DDR > Bücher & Zeitschriften > Kinder- & Jugendliteratur,SKU-5729537867,9783789141256,Zeitlose Weihnachtsgeschichte von Astrid Lindgren für besinnliche Familienmomente. | Liebevolle Illustrationen von Ilon Wikland erwecken die Geschichte zum Leben. | Hochwertige gebundene Ausgabe des Oetinger Verlags für dauerhafte Lesefreude. | Fördert spielerisch die kindliche Fantasie und die Freude am Lesen. | Großformatiges Kinderbuch mit 26 cm Höhe und 21 cm Breite. | ISBN 978-3-7891-4125-6 für einfache Identifikation und Nachbestellung. | Ideal für Vorlesestunden und als Geschenk für junge Leser.,"Tauchen Sie ein in Astrid Lindgrens herzerwärmende Weihnachtsgeschichte 'Wie gut, dass es Weihnachtsferien gibt, sagte Madita', die festliche Stimmung in jedes Zuhause bringt. Dieses bezaubernde Kinderbuch ist ideal für besinnliche Vorlesestunden und schafft unvergessliche magische Momente für die ganze Familie.Die liebevollen Illustrationen von Ilon Wikland erwecken Maditas winterliche Abenteuer lebendig und fördern spielerisch die kindliche Fantasie. Als hochwertige gebundene Ausgabe des renommierten Oetinger Verlags, gefertigt aus robustem Papier, garantiert das Buch beständigen Lesegenuss.Der Lieferumfang umfasst diese sorgfältig geprüfte Ausgabe, die bereit für neue Abenteuer ist. Bitte beachten Sie, dass es sich um einen gebrauchten Artikel in gutem Zustand handelt, der dennoch viel Freude bereiten wird.","{""Artikelzustand"":""Gebraucht"",""Autor"":""Astrid Lindgren"",""Breite"":""21 cm"",""Einband"":""Gebundene Ausgabe"",""Format"":""Gebundene Ausgabe"",""Genre"":""Kinder- & Jugendliteratur"",""GPSR Manufacturer name"":""Oetinger"",""Höhe"":""26 cm"",""Illustrator"":""Ilon Wikland"",""ISBN"":""9783789141256"",""ISBN-10"":""3789141259"",""Kategorie"":""Sammeln & Seltenes > DDR & Ostalgie > DDR > Bücher & Zeitschriften > Kinder- & Jugendliteratur"",""Länge"":""21 cm"",""Literarische Gattung"":""Belletristik"",""Marke"":""Oetinger"",""Material"":""Papier"",""Originalsprache"":""Deutsch"",""Produktart"":""Bilderbuch"",""Sprache"":""Deutsch"",""Thematik"":""Freundschaft"",""Verlag"":""Oetinger"",""weight"":1,""Zielgruppe"":""Kinder"",""Zustand"":""Neu""}",5 EUR,XGA0303B,1
Altra Laufschuh Herren Escalante Racer 2: Agilität & natürliches Laufgefühl,Altra,Sport > Fitness & Jogging > Fitness- & Laufschuhe,SKU-5740515403,0197642799963,Maximale Agilität für Wettkämpfe und intensives Training. | Natürliches Laufgefühl durch Zero Drop-Plattform. | Optimale Fußfreiheit dank FootShape™ Zehenbox. | Hochelastische Altra EGO™ Zwischensohle für Energierückgabe. | Atmungsaktives Mesh-Obermaterial für optimales Fußklima. | Leichtgewichtige Konstruktion für schnelle und agile Läufe. | Vielseitig einsetzbar für Straße und Wettkampf.,"Der Altra Escalante Racer 2 Herren-Laufschuh wurde für ambitionierte Läufer entwickelt, die maximale Agilität und ein natürliches Laufgefühl bei Wettkämpfen und intensivem Training suchen. Er kombiniert bewährten Altra-Komfort mit effizienter Performance, um sportliche Ziele optimal zu unterstützen.Ausgestattet mit einem hoch atmungsaktiven Mesh-Obermaterial sorgt dieser Schuh für ein optimales Fußklima, selbst bei hoher Belastung. Die reaktionsfreudige Altra EGO™ Zwischensohle gewährleistet dabei eine beeindruckende Energierückgabe, während die FootShape™ Zehenbox und Zero Drop-Plattform eine natürliche Laufhaltung fördern.Der Lieferumfang umfasst ein Paar Altra Escalante Racer 2 Laufschuhe, bereit für Ihr nächstes Abenteuer. Für langanhaltende Freude und die Erhaltung der sportlichen Optik empfiehlt sich eine einfache Reinigung mit einem feuchten Tuch.","{""Anlass"":""Sport"",""Besonderheiten"":""Atmungsaktiv, Leichtgewicht, Zehenfreiheit"",""Einsatzbereich"":""Straße, Wettkampf"",""Farbe"":""Gray/Blue (Grau/Blau)"",""Geschlecht"":""Herren"",""GPSR Manufacturer name"":""Altra"",""Handgefertigt"":""Nein"",""Herstellernummer"":""AL0A7R7G000-130"",""Individualisiert"":""Nein"",""Kategorie"":""Sport > Fitness & Jogging > Fitness- & Laufschuhe"",""Marke"":""Altra"",""Material"":""Textil, Synthetik"",""Modell"":""Escalante Racer 2"",""Muster"":""Unifarben"",""Obermaterial"":""Mesh (Textil)"",""Produktart"":""Laufschuh"",""Saison"":""Ganzjährig"",""Schuhgröße EU"":""48"",""Sportart/Aktivität"":""Laufen & Joggen"",""Sprengung"":""0 mm"",""Stil"":""Sportschuh"",""UK Schuhgröße"":""12"",""US Schuhgröße"":""13"",""Verschluss"":""Schnürung"",""Vintage"":""Nein"",""Zielgruppe"":""Erwachsene"",""Zustand"":""Neu mit Karton""}",114.9 EUR,XGA0301B,1
Leonardo Schalen-Set 5-tlg. Glas – Spülmaschinenfest & vielseitig einsetzbar,Leonardo,Sammeln & Seltenes > Haushalt & Küche > Gedeckter Tisch > Salzschalen,SKU-5740939127,4002541666529,,"Das Leonardo Schalen-Set bietet eine elegante und äußerst praktische Lösung zum stilvollen Servieren und Aufbewahren Ihrer Speisen. Sein zeitloses Design fügt sich nahtlos in jede Küchen- und Tischdekoration ein, ideal für den täglichen Gebrauch sowie besondere Anlässe. Gefertigt aus hochwertigem, robustem Glas, sind diese Schalen äußerst funktional und langlebig. Sie sind spülmaschinenfest für mühelose Reinigung, stapelbar zur platzsparenden Aufbewahrung und hitzebeständig bis 80°C, perfekt für warme und kalte Speisen. Dieses umfassende Set beinhaltet eine große Schale mit 1900 ml Fassungsvermögen und vier kleinere Schälchen mit je 300 ml Volumen, ideal für vielfältige kulinarische Kreationen. Vertrauen Sie auf die bewährte Leonardo-Qualität, die Ihnen langanhaltende Freude und Funktionalität in Ihrer Küche garantiert.","{""Anzahl der Teile"":""5"",""Besonderheiten"":""Spülmaschinenfest, Stapelbar, Hitzebeständig"",""Farbe"":""Transparent"",""Form"":""Quadratisch"",""GPSR Manufacturer address"":""Industriestraße 23, 33014 Bad Driburg, GERMANY"",""GPSR Manufacturer name"":""glaskoch B. Koch Jr. GmbH + Co. KG"",""Herkunftsland"":""Deutschland"",""Herstellernummer"":""066652"",""Hitzebeständig bis"":""80°C"",""Höhe große Schale"":""10,0 cm"",""Höhe kleine Schale"":""6,0 cm"",""Inhalt"":""5 Teile"",""Kategorie"":""Sammeln & Seltenes > Haushalt & Küche > Gedeckter Tisch > Salzschalen"",""Material"":""Glas"",""Produktart"":""Schalen-Set"",""Set enthält"":""Schale, Schälchen"",""Stil"":""Modern"",""Volumen große Schale"":""1900 ml"",""Volumen kleine Schale"":""300 ml"",""Zimmer"":""Küche, Esszimmer"",""Zustand"":""new""}",19.95 EUR,XGA0202C,1
SW-Stahl Ring-Maulschlüssel 38mm - Präzision für Profis & Heimwerker,SW-Stahl,Heimwerker > Werkzeuge > Handwerkzeuge > Schraubenschlüssel,SKU-5780092798,4033592047524,Präzise 38mm Schraubverbindungen sicher anziehen und zuverlässig lösen. | Extrem robuste Stahllegierung für maximale Langlebigkeit und Korrosionsschutz. | Vielseitige Ring-Maulschlüssel-Kombination für unübertroffene Flexibilität im Einsatz. | Zertifiziert nach ISO 7736 für höchste Zuverlässigkeit und garantierte Sicherheit. | Sofort einsatzbereit für effizientes Arbeiten ohne zusätzliche Montage.,"Der SW-Stahl Ring-Maulschlüssel 38mm ist ein unverzichtbares Präzisionswerkzeug für sicheres Anziehen und Lösen von Schraubverbindungen. Seine vielseitige Ring- und Maulschlüssel-Kombination bietet höchste Flexibilität und festen Halt, selbst unter anspruchsvollen Bedingungen.Gefertigt aus einer robusten, korrosionsbeständigen Stahllegierung, garantiert dieses hochwertige Werkzeug zuverlässige Leistung und eine außergewöhnlich lange Lebensdauer. Es erfüllt die ISO 7736 Normen, was höchste Zuverlässigkeit und Sicherheit im täglichen Einsatz gewährleistet.Sie erhalten einen sofort einsatzbereiten SW-Stahl Ring-Maulschlüssel 38mm, der keinerlei Montage erfordert und direkt zur Hand ist. Eine einfache Reinigung und sachgemäße Lagerung sichern die dauerhafte Funktionalität und Präzision dieses Qualitätsprodukts über viele Jahre.","{""Anwendungsbereich"":""Handwerk, Industrie, Heimwerken"",""Anzahl der Teile"":""1"",""Farbe"":""Silber"",""GPSR Manufacturer name"":""SW-Stahl"",""Hersteller"":""SW-Stahl GmbH"",""Herstellernummer"":""00828L"",""Kategorie"":""Heimwerker > Werkzeuge > Handwerkzeuge > Schraubenschlüssel"",""Marke"":""SW-Stahl"",""Material"":""Stahllegierung"",""Norm"":""ISO 7736"",""Produktart"":""Ring-Maulschlüssel"",""Schlüsselweite"":""38 mm"",""Set"":""Nein"",""Zustand"":""Neu""}",22.37 EUR,XGA0102C,1
ADVENTURE Pop-Up Strandmuschel: UV 50+ Schutz & Blitzaufbau,ADVENTURE,Sport > Camping & Outdoor > Zelte & Strandmuscheln > Strandmuscheln,SKU-5795572847,,"Blitzschneller Aufbau in Sekunden dank innovativem Pop-Up-Mechanismus. | Optimaler UV 50+ Schutz vor Sonne, Wind und leichtem Regen. | Extrem leicht und kompakt für mühelosen Transport überallhin. | Vielseitig einsetzbar am Strand, im Park oder im Garten. | Hochwertige, UV-beständige Materialien sichern lange Haltbarkeit. | Mühelose Reinigung durch Abwischen für schnelle Wiederverwendung.","Die ADVENTURE Pop-Up Strandmuschel bietet sofortigen UV 50+ Schutz und ist Ihr idealer Begleiter für unbeschwerte Stunden im Freien. Sie schützt zuverlässig vor intensiver Sonneneinstrahlung, Wind und leichtem Regen, perfekt für entspannte Tage am Strand, im Park oder im eigenen Garten.Gefertigt aus robustem, hochwertigem und UV-beständigem Material, garantiert diese Strandmuschel einen hervorragenden UV 50+ Sonnenschutz für die gesamte Familie. Der innovative Pop-Up-Mechanismus ermöglicht einen blitzschnellen Aufbau in nur wenigen Sekunden, ganz ohne komplizierte Stangen oder Werkzeuge.Profitieren Sie von maximaler Flexibilität dank des geringen Gewichts und des kompakten Packmaßes, ideal für den mühelosen Transport in der mitgelieferten Tragetasche. Die einfache Pflege durch Abwischen sorgt zudem für langanhaltende Freude an Ihrem Outdoor-Begleiter und macht sie sofort einsatzbereit.","{""GPSR Manufacturer name"":""ADVENTURE"",""Kategorie"":""Sport > Camping & Outdoor > Zelte & Strandmuscheln > Strandmuscheln"",""Marke"":""ADVENTURE"",""Produktart"":null}",34.99 EUR,XGA0202B,1
LED Hallenleuchte 200W | Extrem Hell & Energieeffizient,Philips,Business & Industrie > Sicherheit & Gebäudeinstandhaltung > Gebäude-Beleuchtungen > Industrielle Beleuchtungen,SKU-5799111421,8720707001286,Extrem helle 35.000 Lumen für optimale Ausleuchtung. | Tageslichtweißes 6500K Licht steigert Sichtkomfort und Produktivität. | Robustes Aluminiumgehäuse im UFO-Design für Langlebigkeit. | Energieeffizient mit 175 lm/W und 50.000 Stunden Lebensdauer. | Flackerfreies Licht dank hochwertiger Lumileds LEDs und Philips Treiber. | Breiter 120°-Abstrahlwinkel für gleichmäßige Flächenbeleuchtung. | Einfache Hängemontage durch vormontierte Aufhängeöse.,"Die Philips LED Hallenleuchte 200W revolutioniert die Beleuchtung in Lager-, Industrie- und Produktionsbereichen durch ihre außergewöhnliche Leistung. Mit 35.000 Lumen und tageslichtweißem 6500 K Licht sorgt sie für eine extrem helle und gleichmäßige Ausleuchtung, die den Sichtkomfort und die Produktivität signifikant steigert.Das robuste Aluminiumgehäuse im kompakten UFO-Design gewährleistet dank effizientem Wärmemanagement eine außergewöhnlich lange Lebensdauer von bis zu 50.000 Stunden. Ausgestattet mit hochwertigen Lumileds-LED-Chips und einem zuverlässigen Philips-Treiber, bietet diese Leuchte flackerfreies Licht, eine Energieeffizienz von 175 lm/W und einen breiten 120°-Abstrahlwinkel.Im Lieferumfang enthalten ist die schwarze LED-Hallenleuchte mit einer vormontierten Aufhängeöse für eine schnelle und unkomplizierte Hängemontage, geeignet für 220–240 V Netzspannung. Für die sichere elektrische Installation und optimale Funktion wird die Beauftragung einer qualifizierten Fachkraft dringend empfohlen, um höchste Sicherheit zu gewährleisten.","{""Abmessungen"":""Ø 266 x 167 mm"",""Abstrahlwinkel"":""120°"",""Anwendungsbereich"":""Industrie, Gewerbe, Lager"",""Besonderheiten"":""Energieeffizient, Robust, Flackerfrei"",""CRI"":""> 80"",""Eingangsspannung"":""220-240 V AC"",""Farbe"":""Schwarz"",""Farbtemperatur"":""6500 K"",""Gehäusematerial"":""Aluminium"",""GPSR Manufacturer name"":""Philips"",""Herstellernummer"":""LV70007"",""IK-Schutz"":""IK07"",""Installationsbereich"":""Innenbereich"",""Kategorie"":""Business & Industrie > Sicherheit & Gebäudeinstandhaltung > Gebäude-Beleuchtungen > Industrielle Beleuchtungen"",""Lebensdauer"":""50000 h"",""LED-Chips"":""Lumileds"",""Leistung"":""200 W"",""Leistungsfaktor"":""> 0,95"",""Lichtausbeute"":""175 lm/W"",""Lichtfarbe"":""Tageslichtweiß"",""Lichtstrom"":""35000 lm"",""Marke"":""Philips"",""Material"":""Aluminium"",""Modell"":""LV70007"",""Montageart"":""Hängemontage mit Aufhängeöse"",""Produktart"":""LED High Bay Hallenleuchte"",""Treiber"":""Philips""}",64.9 EUR,XGA0201E,3
Tefal Ingenio Induktion Pfannenset - Platzsparend & Vielseitig Kochen,Tefal,Sammeln & Seltenes > Haushalt & Küche > Töpfe & Pfannen,SKU-5814356347,3168430357914,"Für alle Herdarten geeignet, inklusive Induktion, maximale Flexibilität. | Extrem platzsparend dank stapelbarem Design und abnehmbarem Griff. | Gesundes Kochen durch langlebige PFOA-freie Titanium 2X Antihaftversiegelung. | Mühelose Reinigung, da das gesamte Set spülmaschinengeeignet ist. | Vielseitig einsetzbar für Pfannen, Kasserolle und diverse Gerichte. | Robuste Edelstahl-Qualität für langanhaltende Freude am Kochen.","Das Tefal Ingenio Induktions-Pfannenset revolutioniert Ihre Küche durch seine außergewöhnliche Vielseitigkeit und platzsparende Bauweise. Es ist für alle Herdarten, inklusive Induktion, geeignet und ermöglicht dank der PFOA-freien Titanium 2X Antihaftversiegelung gesundes Kochen und mühelose Reinigung.Gefertigt aus hochwertigem Edelstahl, vereint das Set Langlebigkeit mit modernem Design und bietet maximale Flexibilität beim Kochen, Backen und Servieren. Die innovative Stapelbarkeit der Elemente, kombiniert mit dem abnehmbaren Griff, ermöglicht eine extrem platzsparende Aufbewahrung in jeder Küche.Der Lieferumfang umfasst zwei Pfannen (Ø 22cm, Ø 28cm), eine Kasserolle (Ø 18cm), einen abnehmbaren Griff und praktische Pfannenschützer. Das gesamte Set ist spülmaschinengeeignet und überzeugt durch einfache Handhabung sowie Pflege, was es zum unverzichtbaren Helfer in jeder modernen Küche macht.","{""Anzahl der Teile"":""6"",""Beschichtung"":""Titanium 2X Antihaftversiegelung"",""Besonderheiten"":""Abnehmbarer Griff, Stapelbar, PFOA-frei, Inkl. Pfannenschutz"",""Durchmesser Kasserolle"":""18 cm"",""Durchmesser Pfannen"":""22 cm, 28 cm"",""Farbe"":""Silber"",""GPSR Manufacturer name"":""Tefal"",""Kategorie"":""Sammeln & Seltenes > Haushalt & Küche > Töpfe & Pfannen"",""Kompatible Herdarten"":""Induktion, Gas, Elektro, Glaskeramik"",""Lieferumfang"":""2x Pfanne (Ø 22cm, Ø 28cm), 1x Kasserolle (Ø 18cm), 1x Abnehmbarer Griff, 1x Pfannenschutz-Set"",""Marke"":""Tefal"",""Material"":""Edelstahl"",""Modell"":""Ingenio Emission Induction"",""Produktart"":""Pfannenset"",""Spülmaschinengeeignet"":""Ja"",""Zustand"":""Neu""}",127.94 EUR,,0
Stahlia Teleskopschienen Vollauszug Sanft & Stabil,Stahlia,Heimwerker > Schrankbeschläge & -teile > Schubladenschienen,SKU-5842899450,4251307247216,"Sanfter, leiser Vollauszug für verbesserte Schubladenzugänglichkeit | Extrem stabile Konstruktion aus verzinktem Stahl für Langlebigkeit | Hohe Tragfähigkeit für vielfältige Anwendungen in jedem Bereich | Einfache Seitenmontage für schnelle, unkomplizierte Inbetriebnahme | Langlebige Kugellager garantieren reibungslose, geräuschlose Bewegung | Ideal zur funktionalen Aufwertung von Küchen- und Büromöbeln","Die Stahlia Teleskopschienen bieten einen sanften Vollauszug, der die Zugänglichkeit und Ordnung in Ihren Möbeln spürbar verbessert. Sie eignen sich hervorragend zur funktionalen Aufwertung von Küchen-, Büro- oder Werkstattmöbeln und optimieren deren Nutzung durch reibungslose Bewegung.Gefertigt aus robustem, verzinktem Stahl, garantieren diese Schubladenschienen außergewöhnliche Stabilität und Langlebigkeit im täglichen Gebrauch. Die integrierten Kugellager sorgen für eine reibungslose und nahezu geräuschlose Bewegung, selbst bei hoher Belastung, und sichern dauerhafte Funktionalität.Die unkomplizierte Seitenmontage ermöglicht eine schnelle und einfache Inbetriebnahme in jedem Möbelstück. Ein Paar dieser zuverlässigen Vollauszüge ist im Lieferumfang enthalten; für eine optimale Installation beachten Sie bitte die beiliegende Montageanleitung.","{""Anzahl pro Packung"":""2"",""Auszugsart"":""Vollauszug"",""Farbe"":""Silber"",""GPSR Manufacturer name"":""Stahlia"",""Kategorie"":""Heimwerker > Schrankbeschläge & -teile > Schubladenschienen"",""Marke"":""Stahlia"",""Material"":""Stahl (verzinkt)"",""Montageart"":""Seitenmontage"",""Produktart"":""Schubladenschiene""}",6.72 EUR,XGA0102B,1
MSI Mainboard PRO B650M-P für Gaming & Workstation mit AM5 DDR5,MSI,"Computer, Tablets & Netzwerk > Computer-Komponenten & -Teile > Mainboards",SKU-5869700759,4711377100953,Maximale Leistung dank Unterstützung für AMD Ryzen 7000/8000 CPUs. | Blitzschnelle Datenverarbeitung mit DDR5-Speicher bis 6400+ MHz (OC). | Ultraschnelle Grafikkarten und NVMe-SSDs durch fortschrittliches PCIe 4.0. | Vielseitige PC-Builds dank kompaktem und robustem Micro-ATX Formfaktor. | Langfristige Stabilität und Zuverlässigkeit durch hochwertige Komponenten. | Optimiert für anspruchsvolle Gaming-Setups und effiziente Workstations.,"Das MSI PRO B650M-P Micro-ATX Mainboard bietet eine herausragende Basis für anspruchsvolle Gaming-Systeme und professionelle Workstations. Es unterstützt die neuesten AMD Ryzen 7000/8000 Prozessoren und sichert so eine zukunftssichere und leistungsstarke Systemarchitektur.Ausgestattet mit blitzschnellem DDR5-Speicher bis 6400+ MHz (OC) und PCIe 4.0, ermöglicht dieses Mainboard extrem schnelle Datenübertragungsraten für Grafikkarten und NVMe-SSDs. Die hochwertige Verarbeitung und das durchdachte Layout der Komponenten gewährleisten außergewöhnliche Stabilität und Langlebigkeit, selbst unter intensiver Belastung.Der kompakte Micro-ATX Formfaktor erlaubt eine mühelose Installation in verschiedenen Gehäusetypen und ist ideal für platzsparende PC-Builds. Im Lieferumfang sind das Mainboard, alle notwendigen Montageelemente und Verbindungskabel enthalten, um eine schnelle Inbetriebnahme zu gewährleisten.","{""Chipsatz"":""AMD B650"",""CPU-Sockel"":""AMD AM5"",""Farbe"":""Schwarz"",""Formfaktor"":""Micro-ATX"",""GPSR Manufacturer name"":""MSI"",""GPSR_Herstellername"":""MSI"",""HDMI-Anschlüsse"":""1"",""Kategorie"":""Computer, Tablets & Netzwerk > Computer-Komponenten & -Teile > Mainboards"",""Kategorie_Text"":""Computer, Tablets & Netzwerk > Computer-Komponenten & -Teile > Motherboards"",""Marke"":""MSI"",""Modell"":""PRO B650M-P"",""PCIe-Version"":""4.0"",""Produktart"":""Mainboard"",""Produktkategorie"":""Mainboards"",""Speichertyp"":""DDR5"",""Zustand"":""Neu""}",111.4 EUR,XGA0103B,1
Cretacolor Farbstifte 250er Set: Brillante Farben für grenzenlose Kreativität,Cretacolor,Bastel- & Künstlerbedarf > Künstler- & Zeichenbedarf > Zeichnen > Farbstifte & Zeichenkohle,SKU-5943400007,9014400193201,"250 brillante Farben für unbegrenzte Kreativität und vielfältige Kunstwerke. | Hervorragende Farbbrillanz und Mischbarkeit für lebendige Übergänge. | Ergonomische Stifte ermöglichen präzises, ermüdungsfreies Arbeiten. | Hochwertiges Holz garantiert Langlebigkeit und angenehme Haptik. | Premium-Qualität 'Made in Austria' für höchste Ansprüche. | Ideal für Künstler, Schüler und Hobbyisten mit professionellen Ansprüchen.","Das Cretacolor Artist Studio Farbstifte-Set mit 250 brillanten Farben eröffnet Künstlern und Hobbyisten eine Welt unbegrenzter kreativer Möglichkeiten. Diese unübertroffene Farbvielfalt erweckt jede Nuance Ihrer Vorstellungskraft zum Leben und verleiht Ihren Kunstwerken beeindruckende Tiefe. Jeder Farbstift besticht durch hervorragende Farbbrillanz und außergewöhnliche Mischbarkeit, was fließende Übergänge und lebendige Kompositionen ermöglicht. Die ergonomisch geformten Stifte aus hochwertigem Holz garantieren präzises und ermüdungsfreies Arbeiten über Stunden hinweg. Das umfassende Set enthält 250 hochwertige Farbstifte, die eine komplette Palette für alle kreativen Projekte bieten. Verlassen Sie sich auf die Premium-Qualität 'Made in Austria' und unseren jederzeit verfügbaren Kundenservice für Unterstützung.","{""9800_Herstellernummer"":""VK280990T"",""9800_Marke"":""Cretacolor"",""9800_Modell"":""VK280990T"",""Altersgruppe"":""Alle Altersgruppen"",""Anzahl_der_Einheiten"":""250"",""Art Der Verpackung"":""Kartonbox"",""Artikelnummer"":""280 99"",""Einheitentyp"":""Stück"",""Farbe"":""Mehrfarbig"",""GPSR Manufacturer name"":""Cretacolor"",""Hersteller"":""Brevillier Urban & Sachs GmbH & Co KG"",""Herstellernummer"":""VK280990T"",""Herstellungsland_und_-region"":""Österreich"",""Kategorie"":""Bastel- & Künstlerbedarf > Künstler- & Zeichenbedarf > Zeichnen > Farbstifte & Zeichenkohle"",""Marke"":""Cretacolor"",""Material"":""Holz"",""Modell"":""Artist Studio"",""Produktart"":""Farbstifte"",""Stiftform"":""Rund"",""Zielgruppe"":""Künstler, Schüler, Hobbyisten""}",109.99 EUR,XGA0102B,1
reviMED TENS-Gerät Revi Tens für effektive Schmerzlinderung & Muskelstimulation,reviMED,Business & Industrie > Medizin & Labor > Medizinische Geräte,SKU-5946216503,06971763600575,"Effektive Schmerzlinderung dank bewährter TENS-Technologie. | Vielseitige Muskelstimulation und entspannende Anwendungen genießen. | Kompaktes, tragbares Design für flexible Nutzung überall. | Intuitive Bedienung mit individuell anpassbaren Therapieprogrammen. | Schneller Therapiebeginn durch umfassendes Zubehörpaket. | Zertifiziertes Medizinprodukt garantiert höchste Sicherheit und Zuverlässigkeit.","Das reviMED Revi Tens TENS-Gerät bietet eine hochwirksame Methode zur gezielten Schmerzlinderung und effektiven Muskelstimulation, um Ihr allgemeines Wohlbefinden nachhaltig zu steigern. Es nutzt die bewährte TENS-Technologie, um chronische und akute Beschwerden gezielt zu mindern und die Muskeln sanft zu entspannen.Gefertigt aus hochwertigem Kunststoff, gewährleistet dieses kompakte und tragbare Gerät Langlebigkeit sowie eine angenehme Handhabung für den täglichen Gebrauch. Die intuitive Bedienung ermöglicht eine einfache Anpassung der vielseitigen Programme und Intensitätsstufen, um Ihre Therapie optimal zu gestalten.Im Lieferumfang sind das TENS-Gerät, Anschlusskabel, hochwertige Elektroden und eine ausführliche Bedienungsanleitung enthalten, sodass Sie sofort mit Ihrer Therapie beginnen können. Als zertifiziertes Medizinprodukt mit CE 2400 Kennzeichnung garantiert das Revi Tens höchste Sicherheitsstandards und maximale Zuverlässigkeit für Ihre Anwendung.","{""CE-Kennzeichnung"":""CE 2400"",""Farbe"":""Silber"",""GPSR Manufacturer name"":""reviMED"",""Hersteller"":""Revimed GmbH"",""Kategorie"":""Business & Industrie > Medizin & Labor > Medizinische Geräte"",""Marke"":""reviMED"",""Material"":""Kunststoff"",""Modell"":""Revi Tens"",""Produktart"":""TENS-Gerät"",""Zustand"":""Neu""}",69.95 EUR,,0
Canon Toner 718 Original Schwarz für gestochen scharfe Laserdrucke,Canon,"Computer, Tablets & Netzwerk > Drucker, Scanner & Zubehör > Tinte, Toner & Papier",SKU-6099130668,4960999628639,Professionelle Druckergebnisse für Büro und Homeoffice erzielen | Gestochen scharfe Texte und brillante Schwarztöne dauerhaft sichern | Optimiert für Canon i-SENSYS Farblaserdrucker für beste Performance | Gleichmäßige Farbverteilung für detailreiche und langlebige Ausdrucke | Langlebige Ergebnisse dank hochwertiger Tonerpartikel und präziser Fertigung | Sofort einsatzbereit für maximale Effizienz im Arbeitsalltag | Bewährte Canon-Qualität für zuverlässige Nutzung und hohe Zufriedenheit,"Die originale Canon 718 Tonerkartusche liefert professionelle Druckergebnisse für Ihr Büro oder Homeoffice. Sie sorgt mit gestochen scharfen Texten und brillanten Schwarztönen für hochwertige Ausdrucke bei jedem Einsatz. Diese Tonerkartusche ist speziell für Canon i-SENSYS Farblaserdrucker entwickelt und optimiert für perfekte Zusammenarbeit. Hochwertige Verarbeitung und feine Tonerpartikel garantieren eine gleichmäßige Farbverteilung sowie detailreiche und langlebige Ergebnisse. Im Lieferumfang befindet sich eine sofort einsatzbereite, originale Canon 718 Tonerkartusche für professionelle Qualität. Vertrauen Sie auf die bewährte Canon-Qualität und unseren zuverlässigen Kundenservice für eine reibungslose Nutzung.","{""Anzahl der Einheiten"":""1"",""Druckermodell kompatibel"":""Canon i-SENSYS LBP7200C, LBP7210C, LBP7660C, LBP7680C, MF8330C, MF8350C, 8340C, 8350C, 8360C, 8380C, 8540C, 8550C, 8580C"",""Druckermodell_kompatibel"":""Canon i-SENSYS LBP7200C, LBP7210C, LBP7660C, LBP7680C, MF8330C, MF8350C, 8340C, 8350C, 8360C, 8380C, 8540C, 8550C, 8580C"",""Drucktechnologie"":""Laser"",""Farbe"":""Schwarz"",""GPSR Manufacturer name"":""Canon"",""Herstellungsland und -region"":""Japan"",""Kategorie"":""Computer, Tablets & Netzwerk > Drucker, Scanner & Zubehör > Tinte, Toner & Papier"",""Kategorie_Name"":""Drucker-Zubehör > Toner"",""Marke"":""Canon"",""Maßeinheit"":""Einheit"",""Modell"":""718"",""Modifizierter Artikel"":""Nein"",""pflicht_Farbe"":""Schwarz"",""pflicht_Kompatible_Druckermodelle"":""Siehe Beschreibung"",""pflicht_Kompatible_Marke"":""Canon"",""pflicht_Marke"":""Canon"",""pflicht_Modell"":""718"",""pflicht_Produkttyp"":""Toner"",""pflicht_Zustand"":""Neu: Sonstige (siehe Artikelbeschreibung)"",""Pflicht: Farbe"":""Schwarz"",""Pflicht: Kompatible Druckermodelle"":""Siehe Beschreibung"",""Pflicht: Kompatible Marke"":""Canon"",""Pflicht: Marke"":""Canon"",""Pflicht: Modell"":""718"",""Pflicht: Produkttyp"":""Toner"",""Pflicht: Zustand"":""Neu: Sonstige (siehe Artikelbeschreibung)"",""Pflichtattribute"":""{\""Marke\"":\""Canon\"",\""Modell\"":\""718\"",\""Produkttyp\"":\""Toner\"",\""Kompatible_Marke\"":\""Canon\"",\""Kompatible_Druckermodelle\"":\""Siehe Beschreibung\"",\""Zustand\"":\""Neu: Sonstige (siehe Artikelbeschreibung)\""}"",""Pflichtattribute_Kompatible_Druckermodelle"":""Siehe Beschreibung"",""Pflichtattribute_Kompatible_Marke"":""Canon"",""Pflichtattribute_Marke"":""Canon"",""Pflichtattribute_Modell"":""718"",""Pflichtattribute_Produkttyp"":""Toner"",""Produktart"":""Tonerkartusche"",""Verpackung"":""Standardverpackung"",""Zustand"":""Neu: Sonstige (siehe Artikelbeschreibung)""}",99.9 EUR,XGA0101B,2
TPE YOGA Yogamatte – Rutschfest & Gelenkschonend für Yoga & Pilates,TPE YOGA,Sport > Fitness & Jogging > Yoga & Pilates > Yogamatten,SKU-6148008788,,"Bietet zuverlässig rutschfeste Oberfläche für maximale Stabilität bei jeder Übung. | Gefertigt aus hautfreundlichem, umweltfreundlichem TPE-Material für sicheres Training. | 6 mm gelenkschonende Dämpfung sorgt für optimalen Komfort und Gelenkschutz. | Mühelose Reinigung gewährleistet stets hygienische Nutzung nach jedem Training. | Perfekt geeignet für Yoga, Pilates und vielseitige Fitnessaktivitäten zu Hause. | Einfach zu transportieren und platzsparend zu verstauen für unterwegs.","Die TPE Yoga Yogamatte in elegantem Grün ist Ihr idealer Begleiter für Yoga, Pilates und Fitness, indem sie stets eine zuverlässig rutschfeste Oberfläche bietet. Ihre spezielle Struktur garantiert exzellenten Grip und maximale Stabilität bei jeder Übung.Hergestellt aus hautfreundlichem und umweltfreundlichem TPE-Material, gewährleistet sie optimale Sicherheit und Nachhaltigkeit. Die gelenkschonende Dämpfung sorgt zudem für höchsten Komfort und schützt Ihre Gelenke während intensiver Trainingseinheiten.Diese Matte ist äußerst pflegeleicht und lässt sich nach dem Training mühelos reinigen, was eine hygienische Nutzung sicherstellt. Sie ist leicht transportierbar und platzsparend verstaubar, ideal für zu Hause oder unterwegs; der Lieferumfang umfasst eine Yogamatte.","{""Aktivität"":null,""Anzahl der Einheiten"":null,""Besonderheiten"":""Rutschfest, Umweltfreundlich, Gelenkschonend, Leicht transportierbar"",""Breite"":""61 cm"",""Farbe"":""Grün"",""GPSR Manufacturer name"":""TPE YOGA"",""Kategorie"":""Sport > Fitness & Jogging > Yoga & Pilates > Yogamatten"",""Länge"":""183 cm"",""Maßeinheit"":null,""Material"":""TPE"",""Modell"":null,""Produktart"":null,""Stärke"":null}",29.9 EUR,XGA0202C,1
Tommy Hilfiger Damen Sneaker Essential Runner Metallics – Stilvoll & Komfortabel,Tommy Hilfiger,Kleidung & Accessoires > Herren > Herrenschuhe > Sneaker,SKU-6307001376,8720637479520,"Elegantes Design mit stilvollen Metallic-Akzenten für einen modernen Look. | Höchster Tragekomfort garantiert ein angenehmes Laufgefühl den ganzen Tag. | Vielseitig kombinierbar, perfekt für lässige und elegante Outfits. | Hochwertiges Lederimitat sorgt für edle Optik und lange Haltbarkeit. | Optimale Dämpfung und sicherer Halt bei jedem Schritt. | Individuelle Passform dank praktischer Schnürung für besten Sitz. | Exklusive Marken-Note durch dezentes Tommy Hilfiger Logo.","Die Tommy Hilfiger Essential Runner Metallics Sneaker vereinen elegantes Design mit höchstem Tragekomfort für Ihren Alltag. Sie sind die ideale Ergänzung für jedes Outfit, von lässiger Jeans bis zum eleganten Rock, und bieten vielseitige Kombinationsmöglichkeiten.Gefertigt aus hochwertigem Lederimitat, garantieren diese Schuhe einen edlen Look und langlebige Qualität. Eine gepolsterte Innensohle sowie die flexible Gummilaufsohle sorgen für optimalen Halt und ein angenehmes Laufgefühl den ganzen Tag.Die praktische Schnürung ermöglicht eine individuelle Anpassung an Ihren Fuß, während das dezente Tommy Hilfiger Logo eine exklusive Marken-Note verleiht. Der Lieferumfang umfasst ein Paar dieser stilvollen Sneaker; bitte beachten Sie die beiliegenden Pflegehinweise für langanhaltende Freude am Produkt.","{""category"":""Sneaker"",""Farbe"":""Ancient White / Weiß-Gold"",""Geschlecht"":""Damen"",""GPSR Manufacturer name"":""Tommy Hilfiger"",""Größe"":""40"",""Kategorie"":""Kleidung & Accessoires > Herren > Herrenschuhe > Sneaker"",""Laufsohlenmaterial"":""Gummi"",""Marke"":""Tommy Hilfiger"",""Modell"":""Essential Runner Metallics"",""Obermaterial"":""Lederimitat"",""Schuhschaft-Typ"":""Low Top"",""Stil"":""Sneaker"",""Verschluss"":""Schnürung"",""Zustand"":""Neu mit Karton""}",75.33 EUR,XGA0301B,1
Jolly Bleistifte HB Set – Präzises Schreiben & Bruchfest für Schule & Büro,Jolly,"Büro & Schreibwaren > Papier, Büro- & Schreibwaren > Schreiben & Korrigieren > Bleistifte & Druckbleistifte",SKU-6315915149,9014400001384,"Garantiert präzises Schreiben und detaillierte Zeichnungen. | Optimaler HB-Härtegrad für Notizen, Skizzen und Technik. | Extrem bruchfeste Mine für unterbrechungsfreies Arbeiten. | Premium Jolly Qualität für dauerhafte Top-Leistung. | Hochwertige Holzummantelung für exzellente Haptik und Langlebigkeit. | Ideal für Schüler, Studenten und professionelle Anwender. | Vielseitig einsetzbar in Schule, Universität und Büroalltag.","Die Jolly HB Bleistifte sind die ideale Wahl für Schüler, Studenten und Berufstätige, die Wert auf Präzision und Zuverlässigkeit legen. Sie ermöglichen präzises Schreiben und detailliertes Zeichnen für alle täglichen Anforderungen in Schule, Universität und Büro.Der vielseitige HB-Härtegrad bietet eine optimale Balance zwischen Härte und Schwärze, ideal für detaillierte Notizen, präzise Skizzen und technische Zeichnungen. Die hochwertige Holzummantelung sorgt dabei für eine angenehme Haptik, außergewöhnliche Langlebigkeit und hohe Bruchfestigkeit.Dieses Set umfasst zwölf erstklassige Bleistifte, die eine sofortige Einsatzbereitschaft und konstante Leistung garantieren. Sie sind ein unverzichtbarer Begleiter für eine stets klare und gut leserliche Schrift und bieten langanhaltende Freude bei jeder Anwendung.","{""Anzahl der Einheiten"":""12 Stück"",""Anzahl der Stifte"":""24"",""Anzahl pro Packung"":""12 Stück"",""Anzahl pro Set"":""12"",""Besonderheit"":""Bruchfest"",""Besonderheiten"":""Bruchfest"",""Büro & Schreibwaren"":null,""EAN"":""9014400001384"",""Einheitentyp"":""Stück"",""Farbe"":""Rot"",""GPSR Herstelleradresse"":""Brevillier Urban & Sachs GmbH & Co KG, Schloßstraße 4, D-91792 Ellingen, Deutschland."",""GPSR Manufacturer address"":""Brevillier Urban & Sachs GmbH & Co KG, Schloßstraße 4, D-91792 Ellingen, Deutschland."",""GPSR Manufacturer name"":""Jolly"",""Härtegrad"":""HB"",""Kategorie"":""Büro & Schreibwaren"",""Marke"":""Jolly"",""Material"":""Holz"",""Material Schaft"":""Holz"",""Modell"":""Schul-Stifte"",""Produktart"":""Bleistift"",""Produktkategorie"":""Schreibwaren"",""Zielgruppe"":""Schüler, Studenten, Büroangestellte""}",9.9 EUR,XGA0303A,17
GoveeLife Smart Thermo-Hygrometer H5100 für präzises Raumklima,GoveeLife,Auto & Motorrad: Teile > Autoteile & Zubehör > Luft- & Kraftstoffversorgung > Lufteinlass- & Kraftstoffsensoren,SKU-6346907299,6974100521360,"Präzise Temperatur- und Luftfeuchtigkeitsüberwachung für optimales Raumklima. | Intelligente Steuerung über die Govee Home App mit umfassender Datenanalyse. | Kompaktes, unauffälliges Design fügt sich nahtlos in jede Umgebung ein. | Sofort einsatzbereit dank mitgelieferter AAA-Batterie für schnelle Nutzung. | Schützt Ihre Wertsachen und steigert Ihr Wohlbefinden nachhaltig.","Das GoveeLife Smart Thermo-Hygrometer H5100 optimiert Ihr Raumklima für mehr Wohlbefinden und schützt gleichzeitig empfindliche Gegenstände. Es liefert präzise Messwerte für Temperatur und Luftfeuchtigkeit, um eine fundierte Klimakontrolle zu gewährleisten.Die intelligente Bluetooth-Konnektivität ermöglicht den bequemen Zugriff auf aktuelle und historische Daten über die Govee Home App. Sein kompaktes, unauffälliges Design aus hochwertigem Kunststoff fügt sich nahtlos in jede Umgebung ein und bietet flexible Platzierung.Im Lieferumfang ist das Thermo-Hygrometer H5100 inklusive einer langlebigen AAA-Batterie enthalten, sodass es sofort einsatzbereit ist. Die einfache Einrichtung und intuitive Bedienung garantieren einen problemlosen Start, unterstützt durch unseren engagierten Kundenservice.","{""Anzeige"":""Digital"",""Besonderheiten"":""Smart, Kabellos, Datenlogger, App-Steuerung"",""Farbe"":""Weiß"",""GPSR Manufacturer name"":""GoveeLife"",""Herstellernummer"":""H5100"",""Kategorie"":""Auto & Motorrad: Teile > Autoteile & Zubehör > Luft- & Kraftstoffversorgung > Lufteinlass- & Kraftstoffsensoren"",""Konnektivität"":""Bluetooth"",""Marke"":""GoveeLife"",""Material"":""Kunststoff"",""Messfunktion"":""Temperatur, Luftfeuchtigkeit"",""Produktart"":""Smart Thermo-Hygrometer"",""Smart Home System"":""Govee Home App"",""Stromquelle"":""AAA*1 1.5V (Batterie enthalten)"",""Zustand"":""Neu""}",9.49 EUR,XSGA0103B,1
Philips OneBlade 360 Ersatzklingen für präzise & hautschonende Rasur,Philips,Beauty & Gesundheit > Enthaarung & Rasur > Rasierer & Rasierklingen > Herren Rasierklingen,SKU-6369067650,8710103997177,"Flexible 360-Grad-Technologie für optimale Konturanpassung des Gesichts. | Jede Klinge bietet langanhaltende Leistung für bis zu vier Monate. | Vielseitige Anwendung für eine angenehme Nass- und Trockenrasur. | Präzises Trimmen, Stylen und Rasieren jeder Haarlänge mühelos möglich. | Erhöhter Komfort und hautschonende Rasur mit deutlich weniger Zügen.","Die Philips OneBlade 360 Ersatzklingen revolutionieren Ihre Rasur durch ihre innovative 360-Grad-Technologie, die sich optimal an jede Gesichtskontur anpasst. Erleben Sie ein präzises Trimmen, Stylen und Rasieren jeder Haarlänge für ein stets makelloses und hautschonendes Ergebnis.Dieses Set enthält drei hochwertige 360-Grad-Klingen aus robustem Metall, konzipiert für eine beeindruckende Nutzungsdauer von bis zu vier Monaten pro Klinge. Dies garantiert eine konstante Leistung und reduziert die Häufigkeit des Klingenwechsels erheblich, was Ihnen Zeit und Mühe spart.Im Lieferumfang sind drei Ersatzklingen enthalten, die einen langanhaltenden Vorrat sichern und für erhöhten Komfort sorgen. Bitte beachten Sie die Kompatibilitätseinschränkung für die OneBlade Modelle der QP1XXX- und QI1XXX-Serien, um eine optimale Funktion zu gewährleisten.","{""Anwendungsbereich"":""Gesicht"",""Anzahl Klingen"":""3"",""Farbe"":""Grün"",""GPSR Manufacturer name"":""Philips"",""Kategorie"":""Beauty & Gesundheit > Enthaarung & Rasur > Rasierer & Rasierklingen > Herren Rasierklingen"",""Klingentyp"":""360 Klinge"",""Kompatibilität"":""Alle OneBlade Produkte außer QP1XXX, QI1XXX"",""Marke"":""Philips"",""Material"":""Metall"",""Modell"":""OneBlade 360"",""Modellnummer"":""QP430/50"",""Nass- und Trockenanwendung"":""Ja"",""Produktart"":""Ersatzklingen""}",40.9 EUR,XSGA0103B,1
NEXTCOVER Faltschloss ART-zertifiziert für höchsten Diebstahlschutz,NEXTCOVER,Antiquitäten & Kunst > Restaurierungsbedarf > Schlösser,SKU-6427883146,8720648699382,,"Das NEXTCOVER Faltschloss bietet ART-zertifizierte Sicherheit und gewährleistet so maximalen Diebstahlschutz für Ihr Fahrrad. Seine 100 cm Länge ermöglicht flexible Anschließmöglichkeiten, ideal für den Einsatz in der Stadt oder auf Reisen.Gefertigt aus gehärtetem Stahl mit schützender Kunststoffummantelung, garantiert dieses Schloss höchste Langlebigkeit und bewahrt Ihren Fahrradrahmen vor Kratzern. Der zuverlässige Schlüsselmechanismus sorgt für eine einfache und sichere Bedienung im Alltag und gibt Ihnen stets ein beruhigendes Gefühl.Im Lieferumfang enthalten sind das Faltschloss sowie eine praktische Halterung für den bequemen Transport am Fahrrad. Für eine langanhaltende Funktion und Sicherheit empfehlen wir die regelmäßige Pflege des Schließzylinders, um optimale Leistung zu gewährleisten.","{""Besonderheiten"":""Hohe Sicherheitsstufe, ART-Zertifizierung, inkl. Halterung"",""Einsatzbereich"":""Fahrrad, E-Bike"",""Farbe"":""Schwarz"",""GPSR Manufacturer name"":""NEXTCOVER"",""Hauptkategorie"":""Schlüssel & Schlösser"",""Interne Produkt-ID"":""YY-4RPW-M2TR"",""Kategorie"":""Antiquitäten & Kunst > Restaurierungsbedarf > Schlösser"",""Länge"":""100 cm"",""Lieferumfang"":""Faltschloss, Halterung"",""Material"":""Gehärteter Stahl, Kunststoffummantelung"",""Pflichtattribute:Fahrradtyp"":""Universal"",""Pflichtattribute:Farbe"":""Schwarz"",""Pflichtattribute:Marke"":""NEXTCOVER"",""Pflichtattribute:Material"":""Stahl"",""Pflichtattribute:Produkttyp"":""Faltschloss"",""Produktart"":""Faltschloss"",""Schließmechanismus"":""Schlüssel"",""Sicherheitszertifizierung"":""ART-zertifiziert"",""Zustand"":""Neu""}",39.99 EUR,XSGA0103B,1
VCM Aufsatzwaschbecken Keramik – Platzsparend für Gäste-WC & kleine Bäder,VCM,Baby > Badezubehör > Kinderwaschbecken,SKU-6537574821,4051814369841,"Platzsparendes Design, perfekt für Gäste-WCs und kleine Bäder. | Robuste, hochwertige Keramik sichert lange Lebensdauer und Beständigkeit. | Pflegeleichte, glasierte Oberfläche ermöglicht mühelose und schnelle Reinigung. | Modernes, elegantes Design wertet jedes Badezimmer stilvoll auf. | Einfache Aufsatzmontage auf Waschtischen oder passenden Badmöbeln. | Kompatibel mit allen handelsüblichen Standardanschlüssen für einfache Installation.","Dieses VCM Aufsatzwaschbecken aus hochwertiger Keramik ist die ideale Lösung für moderne Gäste-WCs und kleine Bäder. Sein kompaktes, rechteckiges Design maximiert den verfügbaren Raum und bietet dabei vollen Komfort.Die glasierte Oberfläche ist nicht nur ästhetisch ansprechend, sondern auch besonders pflegeleicht und widerstandsfähig gegen alltägliche Abnutzung. Gefertigt aus robuster Keramik, garantiert das Waschbecken eine lange Lebensdauer und behält seine strahlend weiße Optik über Jahre hinweg.Das Becken ist speziell für die Aufsatzmontage auf Waschtischen oder Badmöbeln konzipiert und für handelsübliche Standardanschlüsse vorbereitet. Für eine fachgerechte Installation wird die Unterstützung eines Installateurs empfohlen, um optimale Funktion und Langlebigkeit zu gewährleisten.","{""Anzahl Hahnlöcher"":""1"",""Besonderheiten"":""Platzsparend, Pflegeleicht, Kompakt"",""Breite"":""22 cm"",""Einsatzbereich"":""Gäste-WC, kleine Bäder"",""Farbe"":""Weiß"",""Finish"":""Glänzend"",""Form"":""Rechteckig"",""GPSR Manufacturer name"":""VCM"",""Herstellernummer"":""913794"",""Höhe"":""10 cm"",""Kategorie"":""Baby > Badezubehör > Kinderwaschbecken"",""Länge"":""41 cm"",""Marke"":""VCM"",""Maße (L x B x H)"":""41 x 22 x 10 cm"",""Material"":""Keramik"",""Modell"":""913794"",""Montageart"":""Aufsatz"",""Produktart"":""Aufsatzwaschbecken"",""Stil"":""Modern"",""Überlauf"":""Nein"",""Zimmer"":""Badezimmer, Gäste-WC""}",64.99 EUR,XGA0204B,1
Ninja Heißluftfritteuse AF451EU: Dual Zone für 2 Gerichte gleichzeitig,Ninja,Haushaltsgeräte > Kleingeräte Küche > Fritteusen,SKU-6544112261,0622356258388,"Gleichzeitige Zubereitung von zwei Gerichten mit Dual Zone Technologie. | 9,5 Liter Gesamtkapazität ideal für große Familienportionen. | Smart Cook System mit Temperaturfühler für präzise Garergebnisse. | Sechs vielseitige Kochfunktionen für abwechslungsreiche Mahlzeiten. | Leistungsstarke 2470 Watt für schnelle und effiziente Zubereitung. | Intuitive digitale Steuerung für einfache und komfortable Bedienung.","Ninja Foodi MAX Dual Zone Heißluftfritteuse AF451EU mit zwei unabhängigen Garräumen und insgesamt 9,5 Litern Fassungsvermögen.","{""Anzahl der Einstellungen/Programme"":""6"",""Anzahl Kochfunktionen"":""6"",""Besondere Merkmale"":""Dual Zone Technologie, Smart Cook System, Probe Cook, Temperaturfühler"",""Besonderheiten"":""Dual Zone, Smart Cook System, Temperaturfühler"",""Farbe"":""Schwarz"",""Gesamtkapazität"":""9,5 L"",""Kapazität"":""9,5 L"",""Kategorie"":""Haushaltsgeräte > Kleingeräte Küche > Fritteusen"",""Kochfunktionen"":""Heißluftfrittieren, Braten, Backen, Aufwärmen, Dörren"",""Leistung"":""2470 W"",""Marke"":""Ninja"",""Modell"":""AF451EU"",""Produktart"":""Heißluftfritteuse"",""Produktname"":""Ninja Foodi MAX Dual Zone Heißluftfritteuse 9,5 L AF451EU"",""Serie"":""Foodi MAX Dual Zone"",""Spannung"":""220–240 V, 50–60 Hz"",""Steuerung"":""Digital""}",144.99 EUR,,0
Blumtal Doppelrollo Klemmfix: Präzise Lichtregulierung ohne Bohren,Blumtal,"Spielzeug > Bären, -kleidung & Zubehör > Bärenkleidung & Accessoires",SKU-6558668236,4251897512916,"Präzise Lichtregulierung für optimale Atmosphäre und Privatsphäre. | Kinderleichte Klemmfix-Montage ohne Bohren, ideal für Mietwohnungen. | Strapazierfähiges, pflegeleichtes Polyester garantiert lange Haltbarkeit. | Effektiver Sicht-, Blend- und zuverlässiger Sonnenschutz zu jeder Tageszeit. | Elegantes Lila-Design setzt moderne Akzente in jedem Wohnraum. | Komfortable Bedienung dank leichtgängigem Seitenzugmechanismus.","Das Blumtal Doppelrollo in elegantem Lila bietet eine stilvolle und hochfunktionale Lösung für Ihre Fenstergestaltung. Sein innovatives Design mit abwechselnd transparenten und blickdichten Streifen ermöglicht eine präzise Lichtregulierung, um die gewünschte Atmosphäre und Privatsphäre in jedem Raum zu schaffen.Gefertigt aus strapazierfähigem 100% Polyester, ist dieses Doppelrollo besonders langlebig, pflegeleicht und widerstandsfähig gegenüber täglicher Beanspruchung. Mit seinen Maßen von 85 x 155 cm bietet es effektiven Sicht-, Blend- und zuverlässigen Sonnenschutz und passt ideal für viele Standardfenster.Die Montage ist dank des innovativen Klemmfix-Systems denkbar einfach und schnell, da sie komplett ohne Bohren oder Schrauben auskommt. Im Lieferumfang sind das Doppelrollo, alle benötigten Klemmträger und eine leicht verständliche Anleitung für eine sofortige Installation enthalten, was es auch für Mietwohnungen perfekt macht.","{""Anzahl Teile"":""1"",""Bedienung"":""Seitenzug"",""Besonderheiten"":""Blickdicht, Lichtfilternd, Ohne Bohren, Klemmbar, Lichtregulierung"",""Breite"":""85"",""Einsatzbereich"":""Innenraum, Fenster und Türen"",""Farbe"":""Lila"",""GPSR Manufacturer name"":""Blumtal"",""Herstellernummer"":""SKU-6558668236"",""Kategorie"":""Spielzeug > Bären, -kleidung & Zubehör > Bärenkleidung & Accessoires"",""Länge"":""155"",""Marke"":""Blumtal"",""Maße"":""85 x 155 cm"",""Material"":""100% Polyester"",""Montage"":""Klemmfix"",""Montageart"":""Klemmfix, ohne Bohren"",""Produktart"":""Doppelrollo"",""Stil"":""Modern"",""Zimmer"":""Wohnzimmer, Schlafzimmer, Kinderzimmer, Büro, Küche, Esszimmer""}",19.99 EUR,XGA0202D,2
CENTA-STAR Bettdecke Die Atmungsaktive für ganzjährigen Schlafkomfort,CENTA-STAR,Möbel & Wohnen > Kindermöbel & Wohnen > Bettwaren & -wäsche > Bettdecken,SKU-6586579725,4001969182901,"Optimale Atmungsaktivität für ein stets trockenes Schlafklima. | Ganzjährig nutzbar für durchgehend erholsamen und tiefen Schlaf. | Ideal für Allergiker dank bewährter hypoallergener Eigenschaften. | Problemlose Maschinenwäsche bis 60°C für maximale Hygiene. | Leichtes, anschmiegsames Material für höchsten Schlafkomfort. | Innovative Primaloft Bio Füllung für exzellente Wärme und Isolation.","Erleben Sie unvergleichlichen Schlafkomfort mit der CENTA-STAR Royal Classic Bettdecke, die für tiefen, erholsamen Schlaf konzipiert wurde. Sie schafft eine kuschelig-warme Wohlfühltemperatur und ist ideal für ganzjährigen Schlafgenuss.Das Herzstück bildet eine innovative Füllung aus High-Tech-Faser und Primaloft Bio, die exzellente Isolation und ein stets trockenes Schlafklima gewährleistet. Die atmungsaktive Materialzusammensetzung transportiert Feuchtigkeit effizient ab und garantiert so ein behagliches und hygienisches Schlafumfeld.Diese Bettdecke überzeugt zudem durch ihre herausragende Pflegeleichtigkeit und ist problemlos in der Waschmaschine reinigbar. Sie ist dank ihrer hypoallergenen Eigenschaften eine ausgezeichnete Wahl für Allergiker; der Lieferumfang umfasst eine hochwertige Bettdecke in der Größe 135 x 200 cm.","{""Anzahl der Teile"":""1"",""Besonderheiten"":""Atmungsaktiv, Allergikerfreundlich, Maschinenwaschbar"",""Breite"":""135 cm"",""Farbe"":""Weiß"",""Form"":""Rechteckig"",""Füllung"":""Primaloft Bio High-Tech-Faser"",""GPSR Manufacturer name"":""CENTA-STAR"",""Größe"":""135 x 200 cm"",""Hersteller-Artikelnummer"":""0870.00"",""Kategorie"":""Möbel & Wohnen > Kindermöbel & Wohnen > Bettwaren & -wäsche > Bettdecken"",""Länge"":""200 cm"",""Marke"":""CENTA-STAR"",""Material"":""High-Tech-Faser mit Primaloft Bio"",""Muster"":""Einfarbig"",""Pflegeanleitung"":""Maschinenwäsche bis 60°C"",""Produktart"":""Bettdecke"",""Saison"":""Ganzjährig"",""Serie"":""Die Atmungsaktive"",""Set enthält"":""Decke"",""Thema"":""Luxus"",""Wärmestufe"":""Warm"",""Zimmer"":""Schlafzimmer"",""Zustand"":""Neu""}",249 EUR,XGA0302A,4
Terry Sattel Regenschutz: Wasserdichter Schutz für trockene Fahrten,Terry,Sport > Radsport > Fahrradzubehör,SKU-6603765179,4260012351552,"Schützt Ihren Fahrradsattel zuverlässig vor Nässe, Schmutz und Abnutzung. | Garantiert stets trockenen Sattel für maximalen Fahrkomfort. | Robustes 210D Nylonmaterial sichert lange Haltbarkeit und Schutz. | Extrem leicht und kompakt, perfekt zum Mitnehmen auf Touren. | Einfaches Überziehen und Abnehmen für schnelle Einsatzbereitschaft. | Verlängert die Lebensdauer Ihres wertvollen Fahrradsattels effektiv. | Universell passend für gängige Sättel bis 180 mm Breite.","Der Terry Rain Cover Small ist ein praktischer und wasserabweisender Regenschutz für Fahrradsättel. Er schützt Ihren Sattel zuverlässig vor Nässe, Schmutz und Beschädigungen bei schlechtem Wetter. So bleibt Ihr Sattel trocken und sauber, auch wenn es regnet.

Dieser Regenschutz ist aus hochwertigem 210D Nylon gefertigt, das wasserabweisend beschichtet ist. Er ist leicht und einfach zu verstauen, sodass Sie ihn problemlos auf jeder Fahrt mitnehmen können. Der Terry Rain Cover Small ist passend für Sättel mit einer Breite von bis zu 180 mm.

Mit dem Terry Rain Cover Small bleiben Sie und Ihr Fahrradsattel bei jedem Wetter geschützt. Er ist ein unverzichtbares Zubehör für alle Radfahrer, die Wert auf Komfort und Sauberkeit legen.","{""Angebotspaket"":null,""Beschreibung des Angebotpakets"":null,""GPSR Manufacturer name"":""Terry"",""Herstellerland - und Region"":null,""Herstellernummer"":""423 900 20"",""Kategorie"":""Sport > Radsport > Fahrradzubehör"",""Marke"":""Terry"",""Modifikationsbeschreibung"":null,""Modifizierter Artikel"":""Nein""}",7.9 EUR,,0
Leonardo Swing Karaffe 1.2L – Eleganz & tropffreies Servieren,Leonardo,"Business & Industrie > Gastro & Nahrungsmittelgewerbe > Bar- & Ausschankausstattung > Gastronomie-Kaffee-, Kakao- & Teeausstattung > Kaffee- & Teespender > Karaffen & Dekanter",SKU-6614383452,,"Elegantes, geschwungenes Design für stilvolles Servieren von Getränken. | Sicherer Stand dank geneigter Form und stabilem Boden. | Ergonomischer Henkel für komfortables Halten und präzises Einschenken. | Tropffreier Ausguss für stets sauberes und präzises Servieren. | Großzügiges 1,2 Liter Fassungsvermögen, ideal für Familien und Gäste. | Optimale Höhe (ca. 21 cm) für die meisten Kühlschranktüren. | Hochwertiges Glasmaterial für Langlebigkeit und ansprechende Ästhetik.","Die Leonardo Swing Karaffe präsentiert Wasser, Saft und Schorlen in einem elegant geschwungenen Design. Die leicht geneigte Form mit breitem, stabilem Boden sorgt für sicheren Stand, während der ergonomische Henkel die Karaffe angenehm in der Hand liegen lässt.

Der fein geformte Ausguss erleichtert kontrolliertes, weitgehend tropfreies Einschenken. Mit 1,2 Litern Volumen ist die Karaffe ideal für Familienmahlzeiten, Gäste oder Meetings und passt dank ca. 21 cm Höhe in viele Kühlschranktüren.

Geliefert wird eine Leonardo Swing Karaffe ohne Deckel oder weiteres Zubehör. Handwäsche wird empfohlen; bei Verwendung in der Spülmaschine sind die Herstellerangaben zu beachten.","{""9800_Farbe"":""Transparent"",""9800_Herstellernummer"":""SKU-6614383452"",""9800_Modell"":""Swing"",""Deckel"":""ohne Deckel"",""Farbe"":""Transparent"",""Fassungsvermögen"":""1,2 l"",""Form"":""geschwungen, leicht geneigte Standfläche"",""Höhe"":""ca. 21 cm"",""Item Specific: Anzahl der Einheiten"":""1"",""Item Specific: Besonderheiten"":""Geschwungenes Design, Ergonomischer Henkel, Tropffreier Ausguss"",""Item Specific: Zimmer"":""Küche, Esszimmer"",""Material"":""Glas"",""Modell"":""Swing"",""Produktart"":""Karaffe""}",15.95 EUR,,0
Puma Court Classico Damen Sneaker für Komfort - Weiß / Navy Leder NEU OVP Gr. 38,PUMA,Kleidung & Accessoires > Herren > Herrenschuhe > Sneaker,SKU-6673544963,4067983746314,,"Die Puma Court Classico Sneaker vereinen zeitloses Design mit modernem Tragekomfort für anspruchsvolle Alltagslooks. Sie verleihen jedem Outfit eine stilvolle Note und sind ideal für Freizeitaktivitäten oder entspannte Büro-Looks.Gefertigt aus hochwertigem, strapazierfähigem Leder, garantieren diese Sneaker exzellente Langlebigkeit und eine ansprechende Optik. Das weiche Textil-Innenfutter sorgt für durchgehend angenehmen Tragekomfort, während die robuste Gummisohle optimalen Halt und hervorragende Dämpfung bietet.Der klassische Schnürverschluss ermöglicht eine individuelle Passform und sicheren Halt bei jedem Schritt. Im Lieferumfang ist ein Paar Puma Court Classico Sneaker enthalten; zur langfristigen Bewahrung der Qualität empfehlen wir die regelmäßige Pflege mit geeigneten Lederprodukten.","{""Absatzhöhe"":""Flach (Kleiner als 2,5 cm)"",""Abteilung"":""Damen"",""Anlass"":""Freizeit"",""Besonderheiten"":""Atmungsaktiv"",""EU-Schuhgröße"":""38"",""Farbe"":""Weiß"",""Futtermaterial"":""Leder"",""GPSR Manufacturer name"":""Puma"",""Innenmaterial"":""Textil"",""Innensohlenmaterial"":""Leder"",""Item Specific: EAN"":""4067983746314"",""Item Specific: Marke"":""Puma"",""Item Specific: Produktart"":""Sportschuh"",""Item Specific: Schuhgröße EU"":""38"",""Jahreszeit"":""Ganzjährig"",""Kategorie"":""Kleidung & Accessoires > Herren > Herrenschuhe > Sneaker"",""Laufsohlenmaterial"":""Leder"",""Marke"":""PUMA"",""Modell"":""Court Classico"",""Muster"":""Ohne Muster"",""Obermaterial"":""Leder"",""Produktart"":""Sneaker"",""Schuhgröße EU"":""38"",""Schuhhöhe"":""Low-Cut"",""Sohle"":""Gummi"",""Stil"":""Sneaker"",""Thema"":""Sport"",""Verschluss"":""Schnürsenkel"",""weight"":1,""Zielgruppe"":""Erwachsene (Unisex)"",""Zustand"":""Neu mit Karton""}",54.99 EUR,XGA0302A,0
"FIREFIX Ofenrohr DN 180, 1000mm, Senotherm Schwarz für sichere Abführung",,,SKU-6830410442,4017537302565,,"Dieses FIREFIX Ofenrohr DN 180 mit 1000 mm Länge schafft eine sichere, rauchdichte Verbindung zwischen Ihrem Kaminofen und dem Schornstein. Es gewährleistet eine effiziente Rauchgasabführung und optimiert so die Sicherheit und Funktion Ihrer gesamten Heizanlage.Gefertigt aus robustem Stahl mit 2 mm Wandstärke, bietet dieses Ofenrohr höchste Formstabilität und beeindruckende Langlebigkeit. Die hochwertige Senotherm UHT-HYDRO Beschichtung in elegantem Mattschwarz schützt zuverlässig vor Korrosion und integriert sich stilvoll in jedes Ambiente.Die Montage erfolgt dank des passgenauen Stecksystems mit Einzug denkbar einfach und schnell, was eine dauerhaft dichte Verbindung garantiert. Der Lieferumfang umfasst ein Ofenrohr; für eine lange Lebensdauer wird regelmäßige Reinigung empfohlen, um die Funktionalität und Optik zu erhalten.","{""Anschlussart"":""Stecksystem mit Einzug"",""Ausführung"":""Einteiliges Längenelement"",""category"":""Heimwerker > Heizung, Klima & Lüftung > Heizungs- & Ofenzubehör > Ofenrohre & Zubehör"",""Durchmesser"":""180 mm"",""Einsatzbereich"":""Innenbereich, teilgeschützter Außenbereich"",""Farbe"":""Schwarz"",""Form"":""Rund"",""GPSR Manufacturer name"":""FIREFIX"",""item_specific_Durchmesser"":""180 mm"",""item_specific_Farbe"":""Schwarz"",""item_specific_Länge"":""1000 mm"",""item_specific_Marke"":""FIREFIX"",""item_specific_Material"":""Stahl"",""item_specific_Produktart"":""Ofenrohr"",""item_specific_Zustand"":""Neu"",""Kategorie"":""Heimwerker"",""Länge"":""1000 mm"",""Marke"":""FIREFIX"",""Material"":""Stahl"",""Oberfläche"":""Senotherm UHT-HYDRO Beschichtung"",""Produktart"":""Ofenrohr"",""Wandstärke"":""2 mm"",""Zustand"":""Neu""}",31.9 EUR,XGA0102D,0
"WOLTU Sitzhocker mit Stauraum, faltbar & bequem gepolstert",WOLTU,Büro & Schreibwaren > Büromöbel > Sitzmöbel,SKU-6847456474,4063425115168,"Faltbares Design für platzsparende Aufbewahrung | Integrierter Stauraum für mehr Ordnung | Bequem gepolsterter Deckel für hohen Sitzkomfort | Robuster samtähnlicher Bezug in elegantem Dunkelgrau | Vielseitig einsetzbar als Sitz, Fußbank oder Ablage | Hohe Belastbarkeit von bis zu 150 kg","Faltbarer Sitzhocker/Sitzwürfel mit gepolstertem, samtähnlichem Bezug und verstecktem Stauraum. Maße ca. 37,5 x 37,5 x 38 cm, belastbar bis ca. 150 kg. Dunkelgrau/Anthrazit, werkzeuglos zusammenklappbar und vielseitig als Sitz, Fußbank oder Aufbewahrungswürfel einsetzbar.","{""GPSR Manufacturer name"":""WOLTU"",""Kategorie"":""Büro & Schreibwaren > Büromöbel > Sitzmöbel"",""Sitzmöbel"":null}",17.95 EUR,,0
Jolly Tempera Malfarben Set 14 Farben - Brillante Deckkraft für Kreative,Jolly,Spielzeug > Basteln & Kreativität > Malen & Zeichnen,SKU-6965414859,9014400293437,"14 brillante Farben, inklusive Gold und Silber, für lebendige Kunstwerke. | Exzellente Deckkraft und optimale Mischbarkeit für unendliche Farbnuancen. | Einfache Reinigung von Händen und Oberflächen dank wasserlöslicher Formel. | Ideal für Kinder, Schüler und Hobbykünstler zur Entfaltung der Kreativität. | Praktisches Etui ermöglicht sicheren Transport und sofortigen Malspaß überall. | Unterstützt die Entwicklung künstlerischer Fähigkeiten und individuellen Ausdrucks.","Das JOLLY Temperafarben Set bietet 14 brillante Farbtöne, darunter schimmerndes Gold und Silber, um grenzenlose Kreativität zu entfalten. Es ist die perfekte Wahl für Kinder, Schüler und Hobbykünstler, die ihre Ideen in lebendige Kunstwerke verwandeln möchten.Diese hochwertigen Temperafarben überzeugen durch exzellente Deckkraft und leichte Mischbarkeit, wodurch unzählige neue Nuancen kreiert werden können. Die wasserlösliche Zusammensetzung ermöglicht eine einfache Reinigung von Händen und Arbeitsflächen, was das Malen besonders angenehm macht.Im Lieferumfang ist ein praktisches Kunststoffetui enthalten, das alle 14 Farben sicher aufbewahrt und ideal für unterwegs ist. Für optimale Malergebnisse und eine lange Haltbarkeit der Farben beachten Sie bitte die Anwendungshinweise auf der Verpackung.","{""Altersgruppe"":""Ab 3 Jahre"",""Anzahl der Einheiten"":""1"",""Anzahl der Farben"":""14"",""Besonderheiten"":""Wasserlöslich, Deckend, Inkl. Gold & Silber"",""Einheitentyp"":""Set"",""Farbe"":""Mehrfarbig"",""Geeignet für"":""Kinder, Schule, Hobbykünstler"",""Geeignet für (Material)"":""Papier, Karton, Holz"",""Gesamtvolumen"":""105 ml"",""Geschlecht"":""Unisex"",""GPSR Manufacturer name"":""JOLLY"",""Herstellernummer"":""10113"",""Kategorie"":""Spielzeug > Basteln & Kreativität > Malen & Zeichnen"",""Marke"":""Jolly"",""Material"":""Kunststoff (Etui), Temperafarbe"",""Produktart"":""Tempera-Malfarben-Set"",""Thema"":""Malen & Basteln"",""Verpackung"":""Kunststoffetui"",""Volumen pro Tube"":""7,5 ml""}",9.9 EUR,XGA0204D,9
H&M Damen Strickjacke: Eleganter Zopfmuster Cardigan für Stil & Komfort,H&M,Kleidung & Accessoires > Spezielle Anlässe > Vintage-Mode > Vintage-Mode für Herren > Pullover & Strickjacken,SKU-7049665224,09766310601055,"Eleganter Cardigan mit klassischem Zopfmuster für zeitlosen Stil. | Weicher Strickmaterialmix garantiert höchsten Tragekomfort den ganzen Tag. | Vielseitig kombinierbar, ideal für Freizeit, Büro und besondere Anlässe. | Feminine Silhouette durch Rundhalsausschnitt und dezente Knopfleiste. | Leichtes, atmungsaktives Material, perfekt für alle Jahreszeiten geeignet. | Stilvolle Optik, die jedes Outfit mühelos aufwertet und ergänzt.","Die H&M Damen Strickjacke in Hellblau bietet eleganten Komfort für stilvolle Auftritte und höchste Vielseitigkeit. Sie ist der ideale Begleiter für unterschiedlichste Anlässe, von Freizeit bis Business, und bereichert jede Garderobe.Gefertigt aus einem hochwertigen, weichen Strickmaterialmix, überzeugt diese Strickjacke durch ihre sanfte Haptik und hervorragende Qualität. Der zeitlose Cardigan-Schnitt mit dezenter Knopfleiste ermöglicht vielseitige Kombinationsmöglichkeiten und betont eine feminine Silhouette.Im Lieferumfang ist eine H&M Damen Strickjacke in Größe XL und der Farbe Hellblau enthalten, die Ihre Outfits stilvoll ergänzt. Beachten Sie bitte die beiliegenden Pflegehinweise, um die Langlebigkeit und Qualität Ihrer neuen Lieblingsstrickjacke zu gewährleisten.","{""Abteilung"":""Damen"",""Anlass"":""Freizeit, Business"",""Ärmellänge"":""Langarm"",""Ausschnitt"":""Rundhals"",""Besonderheiten"":""Atmungsaktiv, Leicht"",""Farbe"":""Hellblau"",""GPSR Manufacturer name"":""H&M"",""Größe"":""XL"",""Jahreszeit"":""Alle Jahreszeiten"",""Kategorie"":""Kleidung & Accessoires > Spezielle Anlässe > Vintage-Mode > Vintage-Mode für Herren > Pullover & Strickjacken"",""Marke"":""H&M"",""Material"":""Materialmix"",""Muster"":""Zopfmuster"",""Pflegehinweise"":""Siehe Etikett"",""Produktart"":""Strickjacke"",""Stil"":""Cardigan"",""Stoffart"":""Strick"",""Verschluss"":""Knopfleiste"",""Zustand"":""Neu mit Etikett""}",29.99 EUR,XSGA0103A,1
Birkenstock Arizona Herren Pantoletten – Komfortables Naturkork-Fußbett,Birkenstock,Kleidung & Accessoires > Herren > Herrenschuhe > Sandalen,SKU-7151143475,4061418025265,"Anatomisch geformtes Naturkork-Fußbett für optimalen Halt. | Zwei individuell verstellbare Riemen für perfekte Passform. | Strapazierfähiges Birko-Flor-Obermaterial für Langlebigkeit. | Leichte EVA-Laufsohle bietet exzellente Dämpfung. | Zeitloses Design, ideal für Freizeit und Alltag. | Unvergleichlicher Tragekomfort bei jedem Schritt.","Die Birkenstock Arizona Split Pantoletten für Herren bieten eine perfekte Kombination aus zeitlosem Design und funktionalem Komfort. Sie sind die ideale Wahl für entspannte Stunden und vielfältige Freizeitaktivitäten, die Ihren Alltag bereichern.Das Herzstück bildet das anatomisch geformte Naturkork-Fußbett, welches optimalen Halt und unvergleichliche Bequemlichkeit bei jedem Schritt gewährleistet. Das strapazierfähige Birko-Flor-Obermaterial und die leichte EVA-Laufsohle garantieren langanhaltende Qualität sowie exzellente Dämpfung für ein angenehmes Laufgefühl.Dank der zwei individuell verstellbaren Riemen lassen sich diese Pantoletten präzise an Ihre Fußform anpassen und bieten somit stets eine sichere Passform. Der Lieferumfang umfasst ein Paar Pantoletten; für eine lange Lebensdauer empfehlen wir die regelmäßige Pflege des Obermaterials.","{""Absatzhöhe"":""Flach (Kleiner als 2,5 cm)"",""Abteilung"":""Herren"",""Anlass"":""Freizeit"",""Farbe"":""Sapphire-Blau/Schwarz"",""GPSR Manufacturer name"":""Birkenstock"",""Herstellernummer"":""SKU-7151143475"",""Herstellungsland und -region"":""Deutschland"",""Innenmaterial/Decksohle"":""Mikrofaser"",""Jahreszeit"":""Sommer"",""Kategorie"":""Kleidung & Accessoires > Herren > Herrenschuhe > Sandalen"",""Marke"":""Birkenstock"",""Muster"":""Einfarbig"",""Obermaterial"":""Birko-Flor"",""Produktart"":""Pantoletten"",""Schuhgröße EU"":""48"",""Sohlenmaterial"":""EVA"",""Stil"":""Pantoletten / Zweiriemer"",""Weite"":""Regular (Normal)"",""Zustand"":""Neu mit Karton""}",79.9 EUR,XGA0301B,1
Tatonka Campingtopf 4L Edelstahl – Robust & Platzsparend für Outdoor,Tatonka,Spielzeug > Puppen & Zubehör,SKU-7209250640,4013236393873,"Extrem robuster Edelstahl garantiert Langlebigkeit und Korrosionsbeständigkeit im Outdoor-Einsatz. | Großzügiges 4,0-Liter-Fassungsvermögen versorgt mühelos ganze Gruppen mit Mahlzeiten. | Intelligent klappbare Griffe ermöglichen platzsparenden Transport und sicheren Halt. | Inklusive passendem Deckel für effiziente Wärmespeicherung und schnellere Zubereitung. | Vielseitig einsetzbar für Camping, Trekking und alle Outdoor-Kochabenteuer. | Einfache Handreinigung sorgt für hygienische Nutzung und dauerhafte Pflege.","Dieser Tatonka Campingtopf mit 4,0 Litern Fassungsvermögen ist der perfekte Begleiter für Ihre Outdoor-Küche, ideal für ausgedehnte Trekkingtouren und gesellige Lagerfeuerabende. Er ermöglicht die mühelose Zubereitung von Mahlzeiten für ganze Gruppen, sodass niemand hungrig bleiben muss.Gefertigt aus hochwertigem Edelstahl, bietet dieser Topf außergewöhnliche Langlebigkeit und Korrosionsbeständigkeit selbst unter anspruchsvollsten Bedingungen. Die durchdacht gestalteten, klappbaren Griffe gewährleisten einen sicheren Halt und ermöglichen eine platzsparende Aufbewahrung im Rucksack.Ein passender Deckel ist im Lieferumfang enthalten, der den Kochvorgang effizient beschleunigt und Ihre Speisen zuverlässig schützt. Für eine dauerhafte Freude am Produkt wird eine einfache Handreinigung nach jedem Gebrauch empfohlen, um die Materialqualität zu erhalten.","{""Anzahl der Teile"":""2"",""Beschichtung"":""Nein"",""Besonderheiten"":""Mit Deckel, Klappgriffe"",""Einsatzbereich"":""Outdoor, Camping, Trekking"",""Farbe"":""Silber"",""Form"":""Rund"",""GPSR Manufacturer name"":""Tatonka"",""Griffmaterial"":""Edelstahl, Kunststoff"",""Hitzebeständig"":""Ja"",""Induktionsgeeignet"":""Nein"",""Kapazität"":""4 L"",""Kategorie"":""Spielzeug > Puppen & Zubehör"",""Marke"":""Tatonka"",""Material"":""Edelstahl"",""Produktart"":""Campingtopf"",""Set-Größe"":""1"",""Spülmaschinenfest"":""Nein""}",46.68 EUR,XGA0104C,1
ASICS Herren Sneaker EX89: Ikonischer Retro-Stil & Höchster Komfort,ASICS,"Sport > Wintersport > Skifahren, Snowboarden & Schneeschuhwandern > Schuhe & Boots > Herrenschuhe & -boots",SKU-7234186083,4550457733175,Ikonischer Retro-Stil für zeitlosen und modischen Auftritt. | FF BLAST™-Dämpfung bietet reaktionsfreudigen Komfort bei jedem Schritt. | Edles Wildleder-Obermaterial für einen anspruchsvollen und vielseitigen Look. | Robuste Gummi-Außensohle sichert exzellente Traktion und Langlebigkeit. | Vielseitig kombinierbar für stilvolle Einsätze in Alltag und Freizeit. | Optimale Passform und hoher Tragekomfort den ganzen Tag.,"Der ASICS EX89 Sneaker vereint ikonischen Retro-Stil mit modernem Tragekomfort und ist die ideale Wahl für modebewusste Träger. Er eignet sich perfekt für Freizeitaktivitäten und den täglichen Gebrauch, indem er Ästhetik und Funktionalität harmonisch verbindet.Das hochwertige Wildleder-Obermaterial in eleganter Cremeweiß/Weiß-Farbgebung verleiht diesem Schuh einen anspruchsvollen und vielseitig kombinierbaren Look. Dank der innovativen FF BLAST™-Dämpfung in der Ferse genießen Sie reaktionsfreudige Energierückgabe und außergewöhnlichen Komfort bei jedem Schritt.Eine robuste Gum-Außensohle gewährleistet exzellente Traktion und langanhaltende Haltbarkeit auf verschiedenen Untergründen, was diesen Sneaker zu einem zuverlässigen Begleiter macht. Der Lieferumfang umfasst ein Paar ASICS EX89 Sneaker; zur optimalen Werterhaltung des Wildleder-Obermaterials empfehlen wir die Beachtung spezieller Pflegehinweise.","{""Absatzhöhe"":""Flach (Weniger als 2,5 cm)"",""Abteilung"":""Unisex Erwachsene"",""Anlass"":""Freizeit"",""CM-Länge"":""26.5"",""Dämpfungstechnologie"":""FF BLAST™"",""EU-Schuhgröße"":""41.5"",""Farbe"":""Cremeweiß/Weiß"",""Futtermaterial"":""Textil"",""GPSR Manufacturer name"":""ASICS"",""Handmade"":""Nein"",""Herstellernummer"":""1200A481-100"",""Jahreszeit"":""Ganzjährig"",""Kategorie"":""Sport > Wintersport > Skifahren, Snowboarden & Schneeschuhwandern > Schuhe & Boots > Herrenschuhe & -boots"",""Kategorie_Pfad_Detailliert"":""Kleidung & Accessoires > Herrenschuhe > Sneaker"",""Marke"":""ASICS"",""Modell"":""ASICS EX89"",""Muster"":""Ohne Muster"",""Obermaterial"":""Wildleder"",""Personalisieren"":""Nein"",""Produktart"":""Sneaker"",""Schuhschaft-Typ"":""Low Top"",""Schuhspitze"":""Rund"",""Schuhweite"":""Normal"",""Sohlenmaterial"":""Gummi"",""Sportart"":""Lifestyle"",""Thema"":""Retro"",""UK-Schuhgröße"":""7.5"",""US-Schuhgröße Damen"":""10"",""US-Schuhgröße Herren"":""8.5"",""Verschluss"":""Schnürsenkel"",""Vintage"":""Nein"",""Zustand"":""Neu mit Karton""}",65 EUR,XGA0302B,1
Topeak Standpumpe JoeBlow Urban EX für Urban & E-Bikes – Präziser Reifendruck,Topeak,Sport > Radsport > Fahrradzubehör,SKU-7237772440,4710069708088,Präziser Reifendruck für Urban- und E-Bikes sichert jede Fahrt zuverlässig. | Vielseitiger TwinHead-Pumpenkopf passt auf alle gängigen Ventilarten mühelos. | Robustes Design mit Metallzylinder garantiert langlebige Zuverlässigkeit im Alltag. | Integriertes Manometer ermöglicht einfache und genaue Druckkontrolle jederzeit. | Schnelle und mühelose Reifenbefüllung spart wertvolle Zeit und Aufwand. | Erleben Sie maximalen Fahrkomfort und erhöhte Sicherheit auf jeder Tour.,"Die Topeak JoeBlow Urban EX Standpumpe ist der ideale Begleiter für alle Stadt-, Trekking- und E-Bikes. Sie gewährleistet stets optimalen Reifendruck für erhöhte Fahrsicherheit und ein müheloses Fahrerlebnis.Ausgestattet mit einem vielseitigen TwinHead-Pumpenkopf, ist sie kompatibel mit Presta- und Schrader-Ventilen ohne zusätzliche Adapter. Der robuste Metallzylinder und das widerstandsfähige Kunststoffgehäuse garantieren dabei eine lange Haltbarkeit und zuverlässige Leistung.Im Lieferumfang ist die Topeak JoeBlow Urban EX Standpumpe enthalten, bereit für den sofortigen Einsatz. Beachten Sie bitte stets den zulässigen Reifendruck Ihrer Reifen und die Herstellerhinweise vor dem Gebrauch.","{""Angebotspaket"":null,""Beschreibung des Angebotpakets"":null,""GPSR Manufacturer name"":""Topeak"",""Herstellerland - und Region"":null,""Herstellernummer"":""TJB-UET1"",""Kategorie"":""Sport > Radsport > Fahrradzubehör"",""Marke"":""Topeak"",""Modifikationsbeschreibung"":null,""Modifizierter Artikel"":null}",43.85 EUR,XGA0104B,1
DIGITAL REVOLUTION Tintenpatrone LC422 Gelb für 550 brillante Seiten,DIGITAL REVOLUTION,"Computer, Tablets & Netzwerk > Drucker, Scanner & Zubehör > Tinte, Toner & Papier > Tintenpatronen",SKU-7245071607,4050297119295,"Erzeugt bis zu 550 brillante Seiten für hohe Druckeffizienz. | Volle Kompatibilität mit Brother LC422 MFC-Druckermodellen gewährleistet. | Liefert gestochen scharfe Texte und lebendige, professionelle Farbbilder. | Zertifizierte Sicherheit durch CE, REACH und RoHS für Umwelt und Gesundheit. | Einfache, schnelle Installation ermöglicht sofortiges und produktives Drucken. | Konstante, zuverlässige Druckqualität von der ersten bis zur letzten Seite.","Die DIGITAL REVOLUTION Tintenpatrone LC422 Gelb liefert eine kostengünstige und zuverlässige Alternative für exzellente Druckergebnisse. Sie ist perfekt auf diverse Brother MFC-Druckermodelle abgestimmt und sorgt für gestochen scharfe Texte sowie lebendige Farbdarstellungen. Mit einer Füllmenge von 10 ml ermöglicht diese Patrone eine beeindruckende Seitenleistung von ca. 550 Ausdrucken und garantiert hohe Effizienz. Die speziell entwickelte Tintenformulierung sichert langanhaltende Farbstabilität und professionelle Ergebnisse auf allen Papiertypen. Im Lieferumfang ist eine DIGITAL REVOLUTION Tintenpatrone LC422 Gelb enthalten, die strenge Qualitätsstandards wie CE und REACH erfüllt.","{""Anzahl der Packungen"":""1"",""Anzahl Packungen"":""1 Stück"",""Drucktechnologie"":""Tintenstrahl"",""Farbe"":""Gelb"",""Füllmenge"":""10 ml"",""GPSR Manufacturer name"":""DIGITAL REVOLUTION"",""Herstellernummer"":""DZ108154"",""Kategorie"":""Computer, Tablets & Netzwerk > Drucker, Scanner & Zubehör > Tinte, Toner & Papier > Tintenpatronen"",""Kompatible Marke"":""Für Brother"",""Marke"":""DIGITAL REVOLUTION"",""Modell"":""LC422"",""Produktart"":""Kompatibel"",""Seitenleistung"":""550 Seiten"",""Verpackungseinheit"":""Stück"",""Zustand"":""Neu""}",15.45 EUR,XSGA0103A,1
Kitchen Sink Einbauspüle: Robuste Edelstahl-Spüle mit Abtropfgitter,Kitchen Sink,Sammeln & Seltenes > DDR & Ostalgie > DDR > Haushalt & Küche,SKU-7270723982,42033111000765,"Robuste Einbauspüle aus gebürstetem Edelstahl für lange Haltbarkeit. | Elegantes Design mit modernen R10-Ecken wertet Ihre Küche auf. | Inklusive praktischem Roll-Up-Abtropfgitter für zusätzliche Arbeitsfläche. | Komplette 1½""-Ablaufgarnitur mit Siphon für einfache Installation. | Einfache Topmount-Montage in jede Arbeitsplatte spart Zeit. | Widerstandsfähige Oberfläche, leicht zu reinigen für dauerhafte Hygiene. | Rechteckiger Überlauf sorgt für verbesserte Funktionalität und Sicherheit.","Die Kitchen Sink Einbauspüle aus gebürstetem Edelstahl ist eine robuste und pflegeleichte Lösung für Ihre moderne Küche. Ihre hochwertige Verarbeitung und das elegante Design mit R10-Ecken garantieren Langlebigkeit und eine stilvolle Optik, die sich nahtlos in jede Arbeitsplatte einfügt.Diese Spüle überzeugt mit einem durchdachten rechteckigen Überlauf und einer widerstandsfähigen Oberfläche, die Gebrauchsspuren mühelos widersteht. Die unkomplizierte Topmount-Montage ermöglicht eine schnelle und einfache Integration in Ihre Küchenumgebung.Der Lieferumfang beinhaltet eine komplette 1½""-Ablaufgarnitur mit Siphon und Flexschlauch sowie ein praktisches Roll-Up-Abtropfgitter für zusätzliche Flexibilität. Genießen Sie den Komfort und die Funktionalität dieser Spüle, die für den täglichen Gebrauch konzipiert wurde.","{""Ablaufgarnitur_Anschluss"":""1 1/2 Zoll"",""Anzahl der Becken"":""1"",""Außenmaß Breite"":""700 mm"",""Außenmaß Tiefe"":""450 mm"",""Beckentiefe"":""190 mm"",""Eckradius"":""R10"",""Farbe"":""Silber"",""Form"":""Rechteckig"",""GPSR Manufacturer name"":""Kitchen Sink"",""GPSR Manufacturer Name"":""Kitchen Sink"",""Hahnlöcher"":""2x (Ø35 mm, Ø28 mm)"",""Herstellernummer"":""SKU-7270723982"",""Kategorie"":""Sammeln & Seltenes > DDR & Ostalgie > DDR > Haushalt & Küche"",""Lieferumfang"":""Spüle, Ablaufgarnitur mit Siphon und Flexschlauch, Siebkorbventil, Überlauf, Roll-Up-Abtropfgitter, Montageanleitung"",""Marke"":""Kitchen Sink"",""Material"":""Edelstahl"",""Montage"":""Auflage/Einbau"",""Oberfläche"":""gebürstet / satiniert"",""Produktart"":""Einbauspüle"",""Überlauf_Typ"":""rechteckig an Beckenwand"",""Zustand"":""Neu""}",49.99 EUR,XGA0102E,1
"Marco Tozzi Pumps Damen Nude – Vegan, elegant & bequem für jeden Anlass",Marco Tozzi,Kleidung & Accessoires > Damen > Damenschuhe,SKU-7290912165,4064232428991,"Zeitloses Nude-Design für vielseitige Kombinationen und elegante Anlässe. | Höchster Tragekomfort dank stabilem Blockabsatz den ganzen Tag. | 100% veganes Synthetikmaterial für eine bewusste, tierfreundliche Wahl. | Rutschfeste Sohle für sicheren Halt auf verschiedenen Untergründen. | Pflegeleichte Oberfläche sichert dauerhaft makelloses Aussehen und Glanz. | Robuste Materialien garantieren bemerkenswerte Langlebigkeit der Pumps.","Diese eleganten Marco Tozzi Damen Pumps in zeitlosem Nude vereinen mühelos Stil und höchsten Tragekomfort für jeden Anlass. Ihr klassisches Design mit runder Schuhspitze macht sie zur idealen Wahl für Business-Meetings, festliche Anlässe oder einen stilvollen Freizeit-Look.Gefertigt aus hochwertigem, 100% veganem Synthetikmaterial, bieten diese Pumps nicht nur eine angenehme Haptik, sondern sind auch eine bewusste, tierfreundliche Wahl. Der stabile Blockabsatz gewährleistet einen sicheren Stand und ermöglicht langanhaltenden Tragekomfort den ganzen Tag über.Das robuste und pflegeleichte Obermaterial garantiert neben der ansprechenden Optik auch die bemerkenswerte Langlebigkeit dieser Schuhe. Der Lieferumfang umfasst ein Paar Pumps; für die einfache Pflege genügt ein feuchtes Tuch, um die Schönheit und den Glanz dauerhaft zu bewahren.","{""Absatzart"":""Blockabsatz"",""Absatzhöhe"":""Mittel (4,5-7 cm)"",""Abteilung"":""Damen"",""Altersgruppe"":""Erwachsene"",""Anlass"":""Business, Casual, Party/Cocktail"",""Besonderheiten"":""Vegan"",""brand"":""Marco Tozzi"",""EAN"":""4064232428991"",""Einlegesohlen-Material"":""Synthetik"",""Einlegesohlenmaterial"":""Synthetik"",""EU-Größe"":""37"",""EU-Schuhgröße"":""37"",""Farbe"":""Nude"",""GPSR Manufacturer name"":""Marco Tozzi"",""Handgefertigt"":""Nein"",""Hersteller Farbbezeichnung"":""NUBE"",""Innenmaterial"":""Synthetik"",""Jahreszeit"":""Ganzjährig"",""Kategorie"":""Mode > Damenschuhe > Pumps"",""Marke"":""Marco Tozzi"",""Modell"":""2-22451-43"",""Muster"":""Einfarbig"",""Obermaterial"":""Synthetik (veloursähnlich)"",""Personalisieren"":""Nein"",""Produktart"":""Pumps"",""Schuhweite"":""Normal"",""Sohlenmaterial"":""Synthetik"",""Stil"":""Klassisch"",""US-Größe"":""6"",""US-Schuhgröße"":""6"",""Verschluss"":""Schlupfschuh"",""Vintage"":""Nein"",""Zehenform"":""Rund"",""Zustand"":""Neu mit Karton""}",39.99 EUR,XGA0302B,1
Primewire Antennenkabel 15m gewinkelt für optimale Signalqualität,Primewire,Handys & Kommunikation > Funktechnik > Antennen > Amateurfunkantennen,SKU-7350795017,4061474124438,"Flexible 15m Länge ermöglicht vielseitige Geräteplatzierung im Raum. | Gewinkelte Stecker garantieren platzsparende Installation ohne Kabelknicke. | Vergoldete Kontakte sichern optimale Signalqualität für klares Bild und Ton. | Robustes Kabelmaterial gewährleistet außergewöhnliche Langlebigkeit und Zuverlässigkeit. | Minimiert Störeinflüsse effektiv für ein erstklassiges Medienerlebnis. | Einfache Handhabung und sofort einsatzbereit für schnelle Inbetriebnahme. | Universell kompatibel mit TV, Receiver und Radio Geräten.","Dieses Primewire Antennenkabel mit 15 Metern Länge garantiert eine herausragende Signalübertragung für Ihr TV, Receiver oder Radio. Die innovativen gewinkelten Koax-Stecker ermöglichen eine äußerst flexible und platzsparende Installation, ideal für Geräte, die nah an der Wand stehen.Vergoldete Metallstecker sichern eine optimale Signalübertragung und minimieren effektiv Störeinflüsse, was zu einem klaren Bild und störungsfreiem Ton führt. Das strapazierfähige Kabelmaterial gewährleistet eine außergewöhnlich lange Lebensdauer und hohe Widerstandsfähigkeit im täglichen Gebrauch.Das hochwertige Antennenkabel ist sofort einsatzbereit und verspricht ein erstklassiges Medienerlebnis ohne komplizierte Installation. Vertrauen Sie auf die bewährte Primewire-Qualität für eine dauerhaft stabile Verbindung und genießen Sie Ihre Inhalte in bester Auflösung mit zuverlässigem Service und Support.","{""Anschluss A"":""Koax Stecker (Winkel)"",""Anschluss B"":""Koax Kupplung (Winkel)"",""Anschlussart"":""Koaxial"",""Anwendung"":""TV, Receiver, Radio"",""Besonderheiten"":""Vergoldete Kontakte, Gewinkelt"",""Farbe"":""Schwarz"",""GPSR Manufacturer name"":""Primewire"",""Herstellernummer"":""302867"",""Kabellänge"":""15 Meter"",""Kabeltyp"":""Koaxialkabel"",""Kategorie"":""Handys & Kommunikation > Funktechnik > Antennen > Amateurfunkantennen"",""Marke"":""Primewire"",""Produktart"":""Antennenkabel"",""Zustand"":""Neu""}",16.9 EUR,XGA0102B,1
CORSAIR PC-Netzteil RM1000x 1000W ATX 3.1 PCIe 5.1 Zukunftssicher,CORSAIR,Münzen > Historische Wertpapiere > USA & Kanada > Elektronik & Computer,SKU-7473377331,0840006667636,Ultimative 1000W Leistung für anspruchsvolle Gaming-PCs und Workstations. | Zukunftssicher dank ATX 3.1 und PCIe 5.1 mit 12V-2x6 Anschluss. | Makelloses Kabelmanagement durch vollmobulares Design. | Exzellente Energieeffizienz mit Cybenetics Gold Zertifizierung. | Flüsterleiser Betrieb dank intelligentem Zero RPM Modus. | Unerschütterliche Zuverlässigkeit dank hochwertiger japanischer 105°C Kondensatoren.,"Das CORSAIR RM1000x Netzteil liefert eine herausragende und stabile 1000 Watt Dauerleistung, ideal für anspruchsvollste Gaming-PCs und professionelle Workstations. Es unterstützt den neuesten ATX 3.1 Standard und PCIe 5.1, inklusive eines dedizierten 12V-2x6 Anschlusses, um modernste Grafikkarten zukunftssicher zu versorgen und maximale Performance zu gewährleisten.Ausgestattet mit 100% japanischen 105°C Kondensatoren gewährleistet das RM1000x maximale Langlebigkeit und unerschütterliche Zuverlässigkeit über Jahre hinweg. Die Cybenetics Gold Zertifizierung garantiert höchste Energieeffizienz, während der Zero RPM Modus einen nahezu geräuschlosen Betrieb bei niedriger bis mittlerer Last ermöglicht, für ein ungestörtes Arbeits- und Spielerlebnis.Das vollmobulare Design ermöglicht ein extrem aufgeräumtes Kabelmanagement und eine mühelose Installation in nahezu jedem PC-Gehäuse. Dieses Netzteil wird mit allen notwendigen modularen Kabeln geliefert und bietet Ihnen zudem umfassenden Support durch den CORSAIR Kundendienst.","{""ATX-Version"":""ATX 3.1"",""Breite"":""150 mm"",""Farbe"":""Schwarz"",""Formfaktor"":""ATX"",""Höhe"":""86 mm"",""Kategorie (Breadcrumb)"":""Computer, Tablets & Netzwerk > PC-Komponenten & -Teile > Netzteile"",""Kondensatoren"":""100% japanische 105°C"",""Länge"":""150 mm"",""Leistung"":""1000 W"",""Lüftermodus"":""Zero RPM Mode"",""Marke"":""CORSAIR"",""Modell"":""RM1000x"",""Modularität"":""Vollmodular"",""PCIe-Anschlüsse"":""PCIe 5.1 mit 12V-2x6"",""Produktart"":""PC-Netzteil"",""Zertifizierung"":""Cybenetics Gold"",""Zustand"":""Neu""}",201.94 EUR,XGA0103B,1
Ninja Plancha-Grillplatte XL: Schonendes Garen für perfekte Ergebnisse,Ninja,"Garten & Terrasse > Grills, Heizstrahler & Picknickzubehör > Grillzubehör",SKU-7499091535,0622356278348,"Verwandelt Ihren Grill in eine große, flache Garfläche. | Ideal für schonendes Garen empfindlicher Speisen. | Gleichmäßige Hitzeverteilung für perfekte Ergebnisse. | Glatte Oberfläche reduziert das Anhaften von Speisen. | Müheloses Wenden und komfortables Servieren der Gerichte. | Robuste, hitzebeständige Metallkonstruktion für Langlebigkeit. | Einfaches, werkzeugloses Einsetzen und Entnehmen der Platte.","Die Ninja Plancha-Grillplatte XL verwandelt Ihren Ninja Woodfire Grill in eine große, durchgehend flache Garfläche für empfindliche Speisen. Fisch, Gemüse, Meeresfrüchte und kleinteilige Zutaten gelingen schonend gegart, aromatisch und mit kontrollierter Bräunung.

Die passgenaue Platte sitzt stabil im Grillrahmen, verteilt die Hitze gleichmäßig und reduziert dank glatter Oberfläche das Anhaften. So lassen sich selbst feine Speisen mühelos wenden und direkt von der Plancha komfortabel servieren.

Die robuste, hitzebeständige Ausführung ist als Zubehör für ausgewählte Ninja Woodfire Modelle konzipiert und wird werkzeuglos eingesetzt wie entnommen. Im Lieferumfang enthalten ist eine Ninja Plancha-Grillplatte XL; für lange Lebensdauer werden Handreinigung und Beachtung der Herstellerhinweise empfohlen.","{""| EAN"":""0622356278348"",""| Farbe"":""Schwarz"",""| Form"":""Rechteckig"",""| Geeignet für"":""Ninja Woodfire Grills"",""| Herstellernummer"":""XSKOGXLFPLTEU"",""| Kategorie"":""Haus & Garten > Grills, Heizstrahler & Outdoor-Küchen > Grillzubehör > Grillplatten & -roste"",""| Marke"":""Ninja"",""| Material"":""Metall"",""| Oberflächenbeschichtung"":""Antihaft"",""| Produktart"":""Plancha-Grillplatte"",""Abmessungen"":""nicht angegeben"",""Farbe"":""Schwarz/Anthrazit"",""GPSR Manufacturer name"":""Ninja"",""Kategorie"":""Garten & Terrasse > Grills, Heizstrahler & Picknickzubehör > Grillzubehör"",""Kompatibilität"":""Ausgewählte Ninja Woodfire Grills (modellabhängig)"",""Lieferumfang"":""1 x Ninja Plancha-Grillplatte XL"",""Marke"":""Ninja"",""Material"":""Metall"",""Modellnummer"":""XSKOGXLFPLTEU"",""Oberfläche"":""glatt"",""Pflegehinweis"":""Handwäsche empfohlen"",""Produktart"":""Plancha-Grillplatte XL"",""Produktname"":""Ninja Plancha-Grillplatte XL – schonendes Garen empfindlicher Speisen""}",29.99 EUR,,0
"CMP Kinder Schneestiefel Rae WP – Warm, trocken und sicher durch den Winter",CMP,Kleidung & Accessoires > Herren > Herrenschuhe > Stiefel,SKU-7543211550,8056381903395,,"Die CMP Rae WP Kinder Schneestiefel halten kleine Füße zuverlässig warm und trocken, selbst bei Schnee und Matsch. Sie bieten optimalen Schutz für winterliche Abenteuer, egal ob im Kindergarten, in der Schule oder bei Outdoor-Erkundungen.Gefertigt aus einer robusten Kombination von Textil, Leder und Synthetik, widerstehen diese Stiefel den Herausforderungen der kalten Jahreszeit. Das kuschelige Innenfutter aus Textil, Kunstpelz und Polyester sorgt für wohlige Wärme und eine griffige Profilsohle für sicheren Halt auf glatten Untergründen.Ein Paar dieser hochwertigen CMP Rae WP Schneestiefel ist sofort einsatzbereit für alle Winteraktivitäten und verspricht langanhaltende Freude. Bitte beachten Sie für eine optimale Passform und zur Werterhaltung die Hersteller-Größentabelle sowie die beiliegenden Pflegehinweise.","{""Absatzhöhe"":""Flach (0 bis 2,5 cm)"",""Abteilung"":""Kinder"",""Anlass"":""Freizeit"",""Farbcode"":""N950"",""Farbe"":""Schwarz/Blau"",""Geschlecht"":""Unisex"",""GPSR Manufacturer address"":""Via Merlo 2, 36060 Romano d'Ezzelino (VI), Italien"",""GPSR Manufacturer name"":""CMP"",""Handgefertigt"":""Nein"",""Herstellernummer"":""39Q4964"",""Innenmaterial"":""Textil, Kunstpelz, Polyester"",""Jahreszeit"":""Winter"",""Kategorie"":""Kleidung & Accessoires > Herren > Herrenschuhe > Stiefel"",""Marke"":""CMP"",""Modell"":""Rae Snow Boots WP"",""Muster"":""Einfarbig"",""Obermaterial"":""Textil, Leder, Synthetik"",""Personalisieren"":""Nein"",""Produktart"":""Stiefel"",""Schuhgröße"":""28"",""Schuhschafttyp"":""Mid-Calf"",""Schuhweite"":""Normal"",""Sohle"":""Gummi, Synthetik"",""Stil"":""Schneestiefel"",""Verschluss"":""Reißverschluss"",""Vintage"":""Nein"",""Wasserdicht"":""Ja"",""Wasserdichtigkeit"":""Ja"",""Zielgruppe"":""Kinder""}",47.87 EUR,XGA0301B,1
NEOLYMP Yogamatte Rutschfest & Biologisch Abbaubar für Yoga & Pilates,NEOLYMP,Sport > Fitness & Jogging > Yoga & Pilates > Yogamatten,SKU-7627745924,4260623660043,"Rutschfeste Oberfläche für sicheren Halt bei jeder Übung. | Biologisch abbaubar und frei von schädlichen Stoffen. | Gelenkschonende Dämpfung für hohen Komfort und Schutz. | Vielseitig einsetzbar für Yoga, Pilates und Fitnessübungen. | Leicht zu reinigen und wasserabweisend für einfache Pflege. | Großzügige Maße von 183x61 cm bieten viel Bewegungsfreiheit.","Die NEOLYMP Yogamatte in leuchtendem Limegrün ist Ihr idealer Begleiter für Yoga, Pilates und Fitness, sowohl im Studio als auch im Freien. Mit ihren großzügigen Maßen von 183 x 61 cm bietet sie ausreichend Platz für eine Vielzahl von Übungen und sorgt dank ihrer rutschfesten Oberfläche für maximale Stabilität bei jeder Bewegung. Die zweilagige Matte besitzt eine griffig strukturierte Oberfläche und ein weiches, gelenkschonendes Trägermaterial.

Diese Matte zeichnet sich durch ihre umweltfreundlichen Materialeigenschaften aus: Sie ist laut Hersteller zu 100 % biologisch abbaubar und frei von PVC, Latex, Gummi, Toxinen sowie giftigen Weichmachern. Dies macht sie besonders hautfreundlich und sicher für den täglichen Gebrauch. Der zweilagige Aufbau mit farblich abgesetzter Unterseite sorgt zudem für zusätzliche Dämpfung und Langlebigkeit.

Die Pflege der Matte ist denkbar einfach, da ihre wasserabweisende Oberfläche leicht mit handwarmem Seifenwasser und einem weichen Tuch oder einer Bürste zu reinigen ist. Nach dem Training einfach abwischen und vollständig trocknen lassen, um die Langlebigkeit zu gewährleisten. Ihre robuste Bauweise macht sie zur perfekten Wahl für den täglichen Einsatz und intensive Trainingseinheiten, egal ob zu Hause, im Studio oder im Freien.","{""Aktivität"":null,""Anzahl der Einheiten"":null,""Besonderheiten"":""Rutschfest, Gelenkschonend, Zweilagig, Wasserabweisend"",""Breite"":""61 cm"",""Farbe"":""Lime (Neongrün)"",""GPSR Manufacturer name"":""NEOLYMP"",""Kategorie"":""Sport > Fitness & Jogging > Yoga & Pilates > Yogamatten"",""Länge"":""183 cm"",""Maßeinheit"":null,""Material"":""Biologisch abbaubar, PVC-, Latex-, Gummi-, Toxin- und Weichmacher-frei"",""Modell"":null,""Produktart"":null,""Stärke"":null}",14.99 EUR,,0
Polo Ralph Lauren Kinder Sneaker: Zeitloser Stil & hoher Komfort,Polo Ralph Lauren,Kleidung & Accessoires > Herren > Herrenschuhe > Sneaker,SKU-7680238839,196382334601,"Zeitloses Design für einen stilvollen Auftritt Ihrer Kinder. | Maximaler Tragekomfort für den gesamten Tag beim Spielen. | Langlebiges Synthetik-Obermaterial für anhaltende Freude und Strapazierfähigkeit. | Besonders pflegeleicht, ideal für den aktiven Alltag von Kindern. | Sicherer Halt und individuelle Fußanpassung durch präzise Schnürung. | Moderne Weiß/Navy-Farbkombination, perfekt zu vielen Kinder-Outfits. | Ganzjährig flexibel einsetzbar und mühelos kombinierbar für jeden Anlass.","Die Polo Ralph Lauren Theron V Sneaker bieten Kindern und Jugendlichen zeitlosen Stil sowie höchsten Tragekomfort für jeden Tag. Sie sind die perfekte Wahl für den Schulalltag, die Freizeit und leichte sportliche Aktivitäten, wo Langlebigkeit und ein ansprechendes Design gefragt sind.Gefertigt aus robustem Synthetik-Obermaterial, garantieren diese Sneaker beeindruckende Langlebigkeit und sind dabei besonders pflegeleicht im täglichen Gebrauch. Die präzise Schnürung ermöglicht eine individuelle Anpassung an den Fuß, wodurch ein sicherer Halt und ganztägiger Tragekomfort gewährleistet wird.Dank ihrer vielseitigen Weiß/Navy-Farbkombination sind diese Sneaker ganzjährig einsetzbar und lassen sich mühelos mit verschiedenen Outfits kombinieren. Der Lieferumfang umfasst ein Paar Sneaker im Originalkarton, bereit für den sofortigen Einsatz und langanhaltende Freude, unterstützt durch unseren zuverlässigen Kundenservice.","{""Absatzhöhe"":""Flach (0 bis 2,5 cm)"",""Abteilung"":""Unisex Kinder"",""Altersgruppe"":""Kinder"",""Anlass"":""Freizeit"",""Besonderheiten"":""Atmungsaktiv, Leicht"",""Farbe"":""Weiß"",""Geschlecht"":""Unisex"",""GPSR Manufacturer name"":""Polo Ralph Lauren"",""Größensystem"":""EU"",""Handgefertigt"":""Nein"",""Herstellernummer"":""RF104105"",""Jahreszeit"":""Ganzjährig"",""Kategorie"":""Kleidung & Accessoires > Herren > Herrenschuhe > Sneaker"",""Marke"":""Polo Ralph Lauren"",""Modell"":""Theron V"",""Modellnummer"":""RF104105"",""Modellnummer Hersteller"":""RF104105"",""Muster"":""Ohne Muster"",""Obermaterial"":""Synthetik"",""Personalisieren"":""Nein"",""Produktart"":""Sneaker"",""Schuhgröße EU"":""36"",""Schuhgröße US"":""5.5"",""Schuhweite"":""Normal"",""Signiert"":""Nein"",""Sportart"":""Freizeit"",""Stil"":""Sneaker, Low-Top"",""Style-Code"":""32946243-004"",""Verschluss"":""Schnürung"",""Vintage"":""Nein"",""Zielgruppe"":""Kinder/Teens (Unisex)"",""Zustand"":""Neu mit Karton""}",50.15 EUR,XGA0302B,1
db-tronic Raspberry Pi 5 Starter-Set 8GB RAM für anspruchsvolle Projekte,db-tronic,Münzen > Historische Wertpapiere > USA & Kanada > Elektronik & Computer,SKU-7721659409,613192999,"Leistungsstarker Raspberry Pi 5 mit 8GB RAM für anspruchsvolle Aufgaben. | Umfassendes Starter-Set ermöglicht sofortigen und unkomplizierten Projektstart. | Ideal für IoT, Elektronik und innovative Smart-Home-Lösungen. | Hochwertige Komponenten sichern zuverlässigen Betrieb und lange Lebensdauer. | Einfacher Einstieg für Hobbyisten, Studenten und professionelle Entwickler. | Vielseitige Anwendungsmöglichkeiten unterstützen Ihre kreativen Visionen optimal.","Das db-tronic Raspberry Pi 5 8GB RAM Starter-Set bietet die ideale Grundlage für den schnellen Einstieg in die Welt der Einplatinencomputer. Es ermöglicht Hobbyisten, Studenten und professionellen Entwicklern, anspruchsvolle Projekte mühelos zu realisieren und innovative Ideen umzusetzen.Im Zentrum dieses Sets steht der leistungsstarke Raspberry Pi 5 mit 8GB Arbeitsspeicher, dessen hochwertige Komponenten eine zuverlässige Funktion und Langlebigkeit gewährleisten. Der Lieferumfang umfasst neben dem Pi 5 ein umfassendes Zubehörpaket, das einen sofortigen und unkomplizierten Start ermöglicht.Dieses Set ist perfekt für vielfältige Anwendungen in IoT, Elektronik und Smart-Home-Lösungen geeignet und unterstützt Sie bei der Umsetzung Ihrer kreativen Visionen. Für Fragen oder Unterstützung steht Ihnen unser engagierter Kundenservice jederzeit gerne zur Verfügung.","{""Anwendungsbereich"":""IoT, Elektronik, Smart Home"",""Arbeitsspeicher"":""8 GB"",""Besonderheiten"":""Starter-Set"",""GPSR Manufacturer name"":""db-tronic"",""Herstellernummer"":""SKU-7721659409"",""Lieferumfang"":""Raspberry Pi 5, Zubehörpaket"",""Marke"":""db-tronic"",""Modell"":""Raspberry Pi 5"",""Produktart"":""Einplatinen-Computer Starter-Set""}",145.9 EUR,,0
Tamaris Slingpumps Damen – Zeitloser Komfort für jeden Anlass,Tamaris,Kleidung & Accessoires > Damen > Damenschuhe,SKU-7800997883,,"Eleganter Stil für Business, Freizeit und festliche Anlässe. | Ganztägiger Tragekomfort dank bequemer Passform und weichem Obermaterial. | Zeitloses schwarzes Design, mühelos zu jedem Outfit kombinierbar. | Feminine Silhouette durch elegante spitze Schuhform. | Sicherer und stabiler Halt dank modernem Slingback-Riemen. | Unkomplizierte Pflege für langanhaltende Freude am Schuh.","Diese eleganten Tamaris Sling-Ballerinas in klassischem Schwarz sind die perfekte Ergänzung für jede Garderobe. Sie bieten eine stilvolle Option für den Alltag, das Büro oder besondere Anlässe und lassen sich vielseitig kombinieren. Das weiche Obermaterial und die bequeme Passform sorgen für angenehmen Tragekomfort den ganzen Tag über. Das spitz zulaufende Design und der dezente Slingback-Riemen verleihen dem Schuh eine feminine und moderne Ästhetik. Die Pflege dieser Ballerinas ist unkompliziert, sodass sie lange Freude bereiten. Geliefert wird ein Paar dieser zeitlosen und komfortablen Damenschuhe.","{""Absatzhöhe"":""Flach (0-1 cm)"",""Abteilung"":""Damen"",""Anlass"":""Business, Casual, Festlich"",""Farbe"":""Schwarz"",""GPSR Manufacturer name"":""Tamaris"",""Größe"":""41"",""Jahreszeit"":""Frühling, Sommer, Herbst"",""Kategorie"":""Kleidung & Accessoires > Damen > Damenschuhe"",""Marke"":""Tamaris"",""Modellnummer"":""M2940642"",""Muster"":""Ohne Muster"",""Stil"":""Slingpumps"",""Verschluss"":""Slingback-Riemen""}",39.51 EUR,XGA0301B,1
Canon Toner 057H Schwarz für professionelle Druckergebnisse & 10.000 Seiten,Canon,"Computer, Tablets & Netzwerk > Drucker, Scanner & Zubehör > Tinte, Toner & Papier",SKU-7892887285,4549292136302,Hervorragende Druckqualität mit gestochen scharfen Texten und präzisen Grafiken. | Minimiert Tonerwechsel dank hoher Reichweite von bis zu 10.000 Seiten. | Senkt effektiv Betriebskosten durch maximale Kapazität und Effizienz. | Garantiert zuverlässige Leistung und optimale Kompatibilität mit Canon Druckern. | Einfache und schnelle Installation für sofortige Einsatzbereitschaft. | Schützt Ihren Drucker und verlängert dessen Lebensdauer nachhaltig.,"Die originale Canon 057H Tonerkartusche in Schwarz liefert stets professionelle Druckergebnisse mit gestochen scharfen Texten und präzisen Grafiken. Sie ist die ideale Wahl für Büros und Homeoffices mit hohem Druckaufkommen, die Wert auf Qualität und Effizienz legen.Diese High Capacity Tonerkartusche wurde spezifisch für Canon i-SENSYS LBP220/230 und MF440/450 Serien konzipiert, um eine optimale Druckqualität und einen zuverlässigen Betrieb zu gewährleisten. Mit einer beeindruckenden Reichweite von bis zu 10.000 Seiten minimieren Sie Tonerwechsel und optimieren Ihre Betriebskosten erheblich.Der Lieferumfang umfasst eine Original Canon 057H Tonerkartusche in Schwarz, die eine schnelle und unkomplizierte Installation ermöglicht. Die Verwendung von Original Canon Toner schützt Ihren Drucker effektiv vor Beschädigungen und trägt maßgeblich zur Verlängerung seiner Lebensdauer bei.","{""Angebotspaket"":""Nein"",""Anzahl der Einheiten"":""1"",""Anzahl der Patronen"":""1"",""Drucktechnologie"":""Laser"",""Farbe"":""Schwarz"",""GPSR Manufacturer name"":""Canon"",""Herstellernummer"":""3010C004"",""Kapazität"":""High Capacity"",""Kategorie"":""Computer, Tablets & Netzwerk > Drucker, Scanner & Zubehör > Tinte, Toner & Papier"",""Kompatible Marken"":""Canon"",""Kompatible Modelle"":""i-SENSYS LBP220 Series, i-SENSYS LBP230 Series, i-SENSYS MF440 Series, i-SENSYS MF450 Series"",""Marke"":""Canon"",""Maßeinheit"":""Einheit"",""Modell"":""057H"",""Modifizierter Artikel"":""Nein"",""Original"":""Ja"",""Produktart"":""Tonerkartusche"",""Produktlinie"":""Canon i-SENSYS"",""Reichweite"":""10000 Seiten"",""Serie"":""LBP220 Series, MF440 Series"",""Zustand"":""Neu""}",128.98 EUR,XGA0101B,2
"TOPTREK Fahrradabdeckung: Ganzjahresschutz, wasserdicht für 1 Fahrrad",TOPTREK,Sport > Radsport > Fahrradzubehör,SKU-7926913408,0313030022097,Robuster 210D Oxford-Gewebe für hohe Langlebigkeit. | Umfassender Schutz vor Witterungseinflüssen und UV-Strahlung. | Integrierte Ösen zur effektiven Diebstahlsicherung. | Einfache Handhabung und schnelle Anbringung am Fahrrad. | Inklusive kompakter Aufbewahrungstasche für unterwegs. | Ideal für ganzjährigen Schutz im Außenbereich.,"Die TOPTREK Fahrradabdeckung aus robustem 210D Oxford-Gewebe bietet Ihrem Fahrrad optimalen Schutz bei jeder Witterung. Sie bewahrt Ihr wertvolles Zweirad zuverlässig vor Regen, Wind, Schnee und UV-Strahlung, sodass es stets neuwertig bleibt.Praktische Ösen ermöglichen eine effektive Diebstahlsicherung mit einem optionalen Schloss, während die einfache Handhabung eine schnelle Anbringung und Abnahme garantiert. Diese Premium-Schutzhülle ist ideal für die ganzjährige Lagerung im Freien und schützt Ihr Fahrrad umfassend vor Umwelteinflüssen.Mit Abmessungen von 200 x 110 x 70 cm passt die Abdeckung für die meisten Standardfahrräder und wird inklusive einer kompakten Aufbewahrungstasche geliefert. Das strapazierfähige Material gewährleistet eine lange Lebensdauer und bietet Ihnen sorgenfreien Schutz für Ihr Fahrrad.","{""Angebotspaket"":""Nein"",""Beschreibung des Angebotpakets"":null,""GPSR Manufacturer name"":""TOPTREK"",""Herstellerland - und Region"":null,""Herstellernummer"":""846236311"",""Kategorie"":""Sport > Radsport > Fahrradzubehör"",""Marke"":""TOPTREK"",""Modifikationsbeschreibung"":null,""Modifizierter Artikel"":""Nein""}",17.65 EUR,XSGA0103B,1
"Laser-Tonerkartusche Magenta Ersatz für Brother TN-423M Kompatibel mit DCP, HL, MFC Serien",Unbekannt,"Computer, Tablets & Netzwerk > Drucker, Scanner & Zubehör > Tinte, Toner & Papier",SKU-7948301538,8718891015578,"Kompatibel mit Brother Laserdruckern | Modell: B423M | Farbe: Schwarz | Scharfe Texte und brillante Grafiken | Schützt den Drucker vor Verschleiß | Einfache und schnelle Installation | Hohe Zuverlässigkeit und Lebensdauer | Kostengünstige, umweltfreundliche Alternative","Diese kompatible Tonerpatrone in Schwarz liefert gestochen scharfe Texte und brillante Grafiken für Ihre Brother Laserdrucker. Sie wurde speziell für zuverlässige Leistung und professionelle Druckergebnisse entwickelt, um Ihre Erwartungen stets zu übertreffen.Hergestellt aus hochwertigen Komponenten, garantiert diese Patrone eine lange Lebensdauer und schützt Ihren Drucker effektiv vor Verschleiß. Im Lieferumfang ist eine gebrauchsfertige Tonerpatrone enthalten, die eine einfache und schnelle Installation ermöglicht.Profitieren Sie von einer kostengünstigen Drucklösung ohne Kompromisse bei der Qualität und reduzieren Sie gleichzeitig Ihre Betriebskosten erheblich. Diese Patrone ist mit einer Vielzahl von Brother HL- und MFC-Druckermodellen kompatibel und bietet eine umweltfreundliche Alternative zu Originalprodukten.","{""Angebotspaket"":""Nein"",""Anzahl der Einheiten"":""1"",""Druckermarke"":""Brother"",""Druckqualität"":""Gestochen scharf"",""Drucktechnologie"":""Laser"",""Farbe"":""Schwarz"",""GPSR Manufacturer name"":""Kompatibel"",""Herstellernummer"":""B423M"",""Kategorie"":""Computer, Tablets & Netzwerk > Drucker, Scanner & Zubehör > Tinte, Toner & Papier"",""Kompatibel Mit"":""Brother Druckermodellen"",""Kompatible Modelle"":""Brother DCP-L8410 CDN, DCP-L8410 CDW, HL-L8260CDW, HL-L8360CDW, MFC-L8690CDW, MFC-L8900CDW"",""Marke"":""Kompatibel"",""Maßeinheit"":""Einheit"",""Modifizierter Artikel"":""Nein"",""Produktart"":""Tonerpatrone"",""Verpackungsinhalt"":""Eine Tonerpatrone"",""weight"":1,""Zustand"":""Neu""}",26.95 EUR,XGA0101B,2
Engelbert Strauss Bundhose e.s. motion 2020 Winter: Optimaler Kälteschutz,,Sport > Reit- & Fahrsport > Reithelme & Schutzkleidung,SKU-7961309823,5907455902611,,"Die Engelbert Strauss e.s. motion 2020 Winter Bundhose bietet Herren optimalen Kälteschutz und maximale Bewegungsfreiheit für anspruchsvolle Wintereinsätze. Ihr robustes Mischgewebe aus 65% Polyester und 35% Baumwolle garantiert dabei höchste Strapazierfähigkeit und eine lange Lebensdauer.Zahlreiche, strategisch platzierte Taschen bieten großzügigen Stauraum für Werkzeuge und persönliche Utensilien, was die Effizienz im Arbeitsalltag deutlich steigert. Das moderne Schwarz/Platin-Design mit Kontrastnähten macht sie zudem vielseitig einsetzbar für Arbeit und Outdoor-Aktivitäten.Im Lieferumfang ist eine Engelbert Strauss e.s. motion 2020 Winter Bundhose enthalten, die sich durch ihre besondere Pflegeleichtigkeit auszeichnet. Für Fragen zur Pflege oder weiteren Anliegen steht unser engagierter Kundenservice jederzeit gerne zur Verfügung.","{""Abteilung"":""Herren"",""Anlass"":""Arbeit, Outdoor"",""Farbe"":""Schwarz/Platin"",""GPSR Manufacturer name"":""Engelbert Strauss"",""Größe"":""44"",""Jahreszeit"":""Winter"",""Kategorie"":""Sport > Reit- & Fahrsport > Reithelme & Schutzkleidung"",""Marke"":""Engelbert Strauss"",""Material"":""65% Polyester, 35% Baumwolle"",""Modell"":""e.s. motion 2020 Winter"",""Passform"":""Regular"",""Produktart"":""Bundhose"",""Stil"":""Arbeitshose"",""Verschluss"":""Reißverschluss, Knopf"",""Zustand"":""Neu mit Etikett""}",89.13 EUR,XSGA0103A,0
Rohema Drumsticks Premium Holz für Präzision & Langlebigkeit,Rohema,Antiquitäten & Kunst > Musikinstrumente > Schlaginstrumente,SKU-7998641824,,,"Diese Rohema Premium Holz Drumsticks bieten Schlagzeugern aller Stilrichtungen eine herausragende Balance und ein äußerst angenehmes Spielgefühl. Sie sind perfekt für anspruchsvolle Proben, intensive Studio-Sessions und mitreißende Live-Auftritte geeignet.Gefertigt aus sorgfältig ausgewähltem Premium-Holz, garantieren diese in Deutschland hergestellten Sticks eine außergewöhnliche Langlebigkeit und stets konsistente Performance. Die präzise Verarbeitung und die Verwendung erstklassiger Materialien gewährleisten höchste Zuverlässigkeit und einen unvergleichlichen Klang bei jedem Einsatz.Sie erhalten ein Paar dieser hochwertigen Drumsticks, die sofort einsatzbereit sind und Ihr Schlagzeugset optimal ergänzen. Für eine maximale Lebensdauer empfiehlt sich die Lagerung bei Raumtemperatur und der Schutz vor extremer Feuchtigkeit.","{""Anzahl"":""1 Paar (2 Stück)"",""Geeignet für"":""Schlagzeuger aller Stilrichtungen"",""GPSR Manufacturer name"":""Rohema"",""Herstellungsland"":""Deutschland"",""Kategorie"":""Antiquitäten & Kunst > Musikinstrumente > Schlaginstrumente"",""Marke"":""Rohema"",""Material"":""Premium Holz"",""Produktart"":""Drumsticks"",""Zustand"":""Neu""}",9.02 EUR,XGA0202C,2
Trotec Standventilator TVE 16 S: Sofortige Erfrischung & angenehmes Raumklima,,Sammeln & Seltenes > Disneyana > Vintage > Haushaltsartikel,SKU-8004480244,4052138013946,,"Der Trotec TVE 16 S Standventilator bietet an heißen Tagen sofortige Erleichterung und schafft ein spürbar angenehmes Raumklima in jedem Zuhause oder Büro. Sein leistungsstarker 50W Motor ermöglicht drei einstellbare Geschwindigkeitsstufen für eine individuell anpassbare, erfrischende Brise.Eine automatische 90°-Oszillation verteilt die Luft effizient und gleichmäßig im gesamten Raum, während die flexible Höhenverstellbarkeit eine präzise Ausrichtung des Luftstroms gewährleistet. Das robuste und standsichere Design mit glatten Oberflächen garantiert einen kippfesten Betrieb und eine einfache, hygienische Reinigung.Dieser Standventilator ist sofort einsatzbereit und wird Ihnen komplett geliefert, um Ihr Wohn- oder Arbeitsumfeld umgehend zu verbessern. Für alle Fragen zu Installation, Nutzung oder Pflege steht Ihnen unser engagiertes Kundenserviceteam jederzeit gerne mit Rat und Tat zur Seite.","{""Anzahl der Geschwindigkeitsstufen"":""3"",""Besonderheiten"":""Automatische Oszillation, Höhenverstellbar, 3 Geschwindigkeitsstufen"",""Farbe"":""Weiß"",""GPSR Manufacturer name"":""Trotec"",""Höhenverstellbar"":""Ja"",""Kategorie (Breadcrumb)"":""Haushaltsgeräte > Klimaanlagen & Heizgeräte > Ventilatoren > Standventilatoren"",""Leistung"":""50 W"",""Marke"":""Trotec"",""Modell"":""TVE 16 S"",""Oszillation"":""Ja"",""Oszillationswinkel"":""Automatisch 90°"",""Produktart"":""Standventilator"",""Steuerung"":""Tasten"",""Stromversorgung"":""Netzbetrieb (220-240 V)"",""Zimmer"":""Wohnzimmer, Schlafzimmer, Büro""}",35.69 EUR,XGA0203E,0
Cretacolor Harte Pastellkreiden Braun für präzise Linien & sanfte Übergänge,Brevillier's CRETACOLOR,Bastel- & Künstlerbedarf > Künstler- & Zeichenbedarf > Zeichnen > Pastell,SKU-8035511646,9002592484122,"Vielseitige Brauntöne für natürliche Schattierungen und beeindruckende Tiefe. | Mühelose Präzision bei Linien und sanfte, harmonische Farbübergänge erzielen. | Quadratische Form ermöglicht feine Details und breite, ausdrucksstarke Flächen. | Hohe Bruchfestigkeit garantiert langanhaltenden, zuverlässigen kreativen Einsatz. | Lichtecht und ungiftig für sichere, dauerhaft brillante Kunstwerke. | Ideal für anspruchsvolle Künstler, Hobbyzeichner und kreative Projekte.","Das Cretacolor Pastellkreiden Hart Set in 12 Brauntönen ermöglicht präzise Linien und sanfte Übergänge für ausdrucksstarke Kunstwerke. Diese hochwertigen, ölfreien Kreiden sind ideal für detaillierte Skizzen und verleihen Ihren Werken beeindruckende Tiefe.Die wasserlöslichen Eigenschaften eröffnen innovative Mischtechniken und Lavierungen, um einzigartige Effekte und Texturen zu schaffen. Dank ihrer besonderen Lichtechtheit bewahren Ihre Kunstwerke dauerhaft ihre brillante Farbintensität und lassen sich hervorragend verblenden.Im Lieferumfang enthalten ist ein Set von 12 bruchfesten und ungiftigen Pastellkreiden, die ein sicheres und langanhaltendes Arbeiten garantieren. Für optimale Haltbarkeit und Schutz vor Abrieb wird nach dem Auftragen eine Fixierung empfohlen, um Ihre kreativen Ergebnisse zu bewahren.","{""Anwendungsbereich"":""Zeichnen, Skizzieren, Malen"",""Anzahl"":""12 Stück"",""Anzahl der Einheiten"":""12"",""Besonderheiten"":""hart, wasservermalbar, lichtecht, bruchfest, ungiftig"",""category"":""Pastell"",""Eigenschaften"":""hart, wasservermalbar, lichtecht, bruchfest, ungiftig, quadratische Form"",""Farbe"":""Brauntöne"",""GPSR Manufacturer name"":""Cretacolor"",""Herstellername"":""Cretacolor"",""Herstellungsland"":""Österreich"",""Herstellungsland und -region"":""Österreich"",""Kategorie"":""Bastel- & Künstlerbedarf > Künstler- & Zeichenbedarf > Zeichnen > Pastell"",""Marke"":""Brevillier's CRETACOLOR"",""Maßeinheit"":""Stück"",""Material"":""Pastellkreide, ölfrei"",""Produktart"":""Pastellkreide"",""Set"":""Ja"",""Zielgruppe"":""Künstler, Hobbyzeichner, Schüler"",""Zustand"":""Neu""}",22.9 EUR,XGA0204D,1
UGG Tazz Damen Hausschuhe: Luxuriöser Komfort & stilvolle Wärme,UGG,Kleidung & Accessoires > Herren > Herrenschuhe > Hausschuhe,SKU-8064565799,197634001401,Luxuriöses Wildleder-Obermaterial für erstklassige Optik und geschmeidige Haptik. | Kuscheliges Lammfellfutter garantiert unvergleichliche Wärme und höchsten Tragekomfort. | Moderne Plateau-Sohle verleiht trendigen Stil und angenehme Erhöhung. | Robuste Gummilaufsohle bietet sicheren Halt und langanhaltende Strapazierfähigkeit. | Charakteristische Stickerei als stilvolles Detail für eine besondere Eleganz. | Ideal für gemütliche Stunden zu Hause oder stilvolle Outdoor-Momente.,Die UGG Tazz Hausschuhe bieten Komfort und Wärme. Perfekt für entspannte Tage zu Hause. Die Hausschuhe sind neu und ungetragen.,"{""Absatzart"":""Plateau"",""Absatzhöhe"":""Flach"",""Abteilung"":""Damen"",""Anlass"":""Freizeit, Zuhause"",""Farbe"":""Sand"",""GPSR Manufacturer name"":""UGG"",""Innenmaterial"":""Lammfell"",""Jahreszeit"":""Herbst/Winter"",""Kategorie"":""Kleidung & Accessoires > Herren > Herrenschuhe > Hausschuhe"",""Marke"":""UGG"",""Modell"":""Tazz"",""Muster"":""Einfarbig"",""Obermaterial"":""Wildleder"",""Sohlenmaterial"":""Gummi"",""Stil"":""Pantoletten"",""Verschluss"":""Ohne Verschluss""}",129.99 EUR,,0
"Desigual Damen Sweatshirt AZRIEL: Stilvoll, bequem, 100% Baumwolle",Desigual,Sport > Fitness & Jogging > Bekleidung > Damen > Sweatshirts & Kapuzenpullover,SKU-8112287411,8445110446065,"Leuchtendes Rosa für einen auffälligen und femininen Look. | Hochwertige 100% Baumwolle garantiert optimalen Tragekomfort. | Bequeme Regular Fit Passform bietet maximale Bewegungsfreiheit. | Robust und langlebig, ideal für den täglichen Einsatz. | Vielseitig kombinierbar für Freizeit und aktive Tage. | Einfache Pflege für langanhaltende Farbbrillanz und Form.","Das Desigual Damen Sweatshirt AZRIEL in leuchtendem Rosa vereint stilvolles Design mit höchstem Tragekomfort für jede Gelegenheit. Es ist die perfekte Wahl, Ihre Individualität auszudrücken und entspannte Stunden oder aktive Tage stilvoll zu genießen.Gefertigt aus 100% weicher, atmungsaktiver Baumwolle, bietet dieses Sweatshirt ein angenehmes Hautgefühl und optimale Bewegungsfreiheit. Die bequeme Regular Fit Passform sorgt für einen modernen Look und ist dabei besonders robust und langlebig, ideal für den täglichen Einsatz.Sie erhalten ein hochwertiges Desigual Damen Sweatshirt AZRIEL in der Farbe Rosa und Größe XXL. Für langanhaltende Freude an diesem exklusiven Kleidungsstück beachten Sie bitte die allgemeinen Pflegehinweise für Baumwolltextilien, um die Farbbrillanz und Form zu erhalten.","{""Abteilung"":""Damen"",""Anlass"":""Freizeit"",""Ärmellänge"":""Langarm"",""Ausschnitt"":""Rundhals"",""Farbe"":""Rosa"",""GPSR Manufacturer name"":""Desigual"",""Größe"":""XXL"",""Jahreszeit"":""Frühling, Herbst, Winter"",""Kategorie"":""Sport > Fitness & Jogging > Bekleidung > Damen > Sweatshirts & Kapuzenpullover"",""Marke"":""Desigual"",""Material"":""100% Baumwolle"",""Modellnummer"":""23WMSK05/3022"",""Muster"":""Uni"",""Passform"":""Regular"",""Produktart"":""Sweatshirt"",""Stil"":""Casual"",""Zustand"":""Neu""}",79.95 EUR,XSGA0103A,1
GULNABIO Jersey-Spannbettlaken Rot 100x200 cm – Perfekte Passform & Komfort,GULNABIO,"Möbel & Wohnen > Bettwaren, -wäsche & Matratzen > Bettlaken",SKU-8133187753,,"Weicher Jersey aus 100% gekämmter Baumwolle für hohen Komfort. | Dauerelastischer Rundumgummi garantiert faltenfreien Sitz auf der Matratze. | Besonders pflegeleicht, bügelfrei und trocknergeeignet. | Hautfreundlich und atmungsaktiv für ein angenehmes Schlafklima. | Intensives Rot setzt stilvollen Farbakzent im Schlafzimmer. | Passend für Standard-Matratzen der Größe 100x200 cm.",Rotes Jersey-Spannbettuch von Villa Grinario für Standard-Matratzen in der Größe 100 x 200 cm aus 100 % gekämmter Baumwolle.,"{""Besonderheiten"":""Bügelfrei, Trocknergeeignet, Rundumgummi"",""Eigenschaften"":""Anschmiegsam, dauerelastischer Rundumgummi, hautfreundlich, atmungsaktiv, bügelfrei, trocknergeeignet"",""Farbe"":""Rot"",""Geeignete Matratzentypen"":""Standard-Matratzen"",""Größe"":""100x200 cm"",""Gummizug"":""Rundumgummi, dauerelastisch"",""Kategorie"":""Möbel & Wohnen > Bettwaren, -wäsche & Matratzen > Bettlaken"",""Material"":""100% Baumwolle (Jersey, gekämmt)"",""Muster"":""Uni"",""Pflegeanleitung"":""Maschinenwäsche"",""Pflegehinweise"":""Maschinenwäsche, trocknergeeignet, bügelfrei"",""Produktart"":""Spannbettlaken"",""Zimmer"":""Schlafzimmer""}",14.99 EUR,XGA0201C,2
FUVSHU UV-Matratzenstaubsauger BT-Y02 für Tiefenreinigung & Milbenschutz,FUVSHU,Haushaltsgeräte > Staubsauger & Zubehör > Staubsauger,SKU-8151275535,,Tiefenreinigung mit UV-C-Licht gegen Milben und Allergene | Starke 13 kPa Saugkraft für effektive Staubentfernung | Mehrstuiges HEPA-Filtersystem für saubere Raumluft | Ergonomisches Design und 4m Kabel für einfache Handhabung | Doppel-Staubbehälter für hygienische Schmutztrennung | Ideal für Allergiker und hygienisch anspruchsvolle Haushalte,"Der FUVSHU BT-Y02 UV-Matratzenstaubsauger bietet eine spezialisierte Tiefenreinigung für Matratzen und Polstermöbel, indem er Milben, Allergene und Feinstaub effektiv reduziert. Seine Kombination aus UV-C-Licht, kräftiger Vibration und 13 kPa Saugkraft schafft eine hygienisch saubere Umgebung, ideal für Allergiker und anspruchsvolle Haushalte.Das leichte und ergonomische Design ermöglicht eine komfortable Einhandbedienung und maximale Bewegungsfreiheit dank des 4 Meter langen Netzkabels. Ein fortschrittliches mehrstuiges HEPA-Filtersystem und der Doppel-Staubbehälter trennen Schmutzpartikel hygienisch und verbessern spürbar die Raumluftqualität.Im Lieferumfang sind der Matratzenstaubsauger mit integriertem UV-C-Modul, der Dual-Staubbehälter und der HEPA-Filter enthalten. Für optimale Leistung und Langlebigkeit sind eine regelmäßige Filterreinigung und die korrekte Anwendung des UV-Lichts essenziell, um stets beste Reinigungsergebnisse zu erzielen.","{""Anwendungsbereiche"":""Matratzen, Betten, Sofas, Polstermöbel, Textilien"",""Besonderheiten"":""UV-C-Licht, HEPA-Filter, Kabelgebunden"",""Betriebsart"":""Kabelgebunden"",""Filtertyp"":""Mehrfachfiltration mit HEPA-Filter"",""Frequenz"":""50/60 Hz"",""GPSR Manufacturer name"":""FUVSHU"",""Hersteller/Importeur (EU)"":""E-CrossStu GmbH, Mainzer Landstr. 69, 60329 Frankfurt am Main, Deutschland"",""Herstellernummer"":""BT-Y02"",""Kabellänge"":""4 m"",""Kabellänge (m)"":""4"",""Kategorie"":""Haushaltsgeräte > Staubsauger & Zubehör > Staubsauger"",""Leistung"":""350 W"",""Leistung (W)"":""350"",""Marke"":""FUVSHU"",""Modell"":""BT-Y02"",""Nennspannung"":""220–240 V~"",""Nettogewicht"":""1.7 kg"",""Nettogewicht (kg)"":""1.7"",""Produktart"":""UV-Matratzenstaubsauger / Milbensauger"",""Saugkraft"":""13 kPa"",""Saugkraft (kPa)"":""13"",""Staubbehälterkapazität"":""0.4 L"",""Staubbehältervolumen"":""0.4 L"",""Staubbehältervolumen (L)"":""0.4"",""UV-Licht"":""Integriertes UV-C-Modul""}",53.24 EUR,XGA0203B,1
"New Balance Herren Sneaker 515: Stilvoll, bequem und vielseitig",New Balance,Kleidung & Accessoires > Herren > Herren-Accessoires > Handschuhe & Fäustlinge,SKU-8197874459,197967919923,Zeitloses Retro-Design für einen eleganten und vielseitigen Look. | Hochwertiges Obermaterial für Atmungsaktivität und strapazierfähigen Komfort. | Dämpfende Zwischensohle für exzellenten Tragekomfort den ganzen Tag. | Robuste Gummilaufsohle bietet sicheren Halt auf vielfältigen Untergründen. | Perfekt geeignet für urbane Erkundungen und entspannte Freizeitmomente. | Leichtes Design sorgt für unbeschwerte Bewegungsfreiheit im Alltag.,"Die New Balance ML515AGR sind klassische Retro-Sneaker für Herren. Das schwarze Obermaterial aus Textil und Wildleder sorgt für guten Halt und Atmungsaktivität, die dämpfende Zwischensohle bietet angenehmen Komfort im Alltag. Ideal für Freizeit, Stadt und leichte sportliche Aktivitäten.","{""Absatzhöhe"":""Flach"",""Abteilung"":""Herren"",""Anlass"":""Freizeit"",""Farbe"":""Schwarz"",""Futtermaterial"":""Textil"",""GPSR Manufacturer name"":""New Balance"",""Jahreszeit"":""Ganzjährig"",""Kategorie"":""Kleidung & Accessoires > Herren > Herren-Accessoires > Handschuhe & Fäustlinge"",""Laufsohlenmaterial"":""Gummi"",""Marke"":""New Balance"",""Modell"":""515"",""Obermaterial"":""Textil, Wildleder"",""Schuhgröße"":""EU 43"",""Stil"":""Sneaker"",""Verschluss"":""Schnürung""}",135 EUR,,0
KNIPEX Zangenschlüssel 200mm – Präzises Greifen & Schrauben ohne Beschädigung,KNIPEX,Heimwerker > Werkzeuge > Handwerkzeuge,SKU-8236064906,4003773087571,"Ersetzt Schraubenschlüsselsätze, spart effektiv Platz und Gewicht. | Schont empfindliche Oberflächen durch präzise parallele Greifbacken. | Schnelle, präzise Einstellung direkt am Werkstück per Knopfdruck. | Hohe Klemmkraft dank 10-facher Handkraftverstärkung für sicheren Halt. | Vielseitiger Greifbereich von 4 bis 22 mm für diverse Anwendungen. | Made in Germany garantiert höchste Qualität und lange Lebensdauer. | Ergonomische Griffe ermöglichen komfortables und sicheres Arbeiten.","Der KNIPEX Zangenschlüssel 82 01 200 SB vereint die Funktionen einer Zange und eines Schraubenschlüssels, was ihn zu einem unverzichtbaren Werkzeug für vielfältige Aufgaben macht. Er ermöglicht präzises Greifen, Halten, Pressen und Biegen von Werkstücken und schont dabei dank seiner parallelen Greifbacken empfindliche Oberflächen.Dieses vielseitige Werkzeug bietet eine stufenlose Greifkapazität von 4 bis 22 mm, die sich bequem per Knopfdruck direkt am Werkstück einstellen lässt. Gefertigt aus hochwertigem Chrom-Vanadin-Stahl und robustem Kunststoff, garantiert es höchste Qualität und eine lange Lebensdauer für den professionellen Einsatz.Die ergonomisch gestalteten Griffe sorgen für ein komfortables und sicheres Arbeiten bei allen Anwendungen, selbst bei längerem Gebrauch. Sie erhalten einen originalen KNIPEX Zangenschlüssel 82 01 200 SB, der für höchste Ansprüche konzipiert wurde und sofort einsatzbereit ist.","{""Anwendungsbereich"":""Greifen; Halten; Biegen"",""Besonderheiten"":""Selbstklemmend; Knopfdruckverstellung"",""Farbe"":""Rot; Grau"",""GPSR Manufacturer name"":""KNIPEX"",""Greifbereich"":""4-22 mm (5/32-7/8 Zoll)"",""Griffmaterial"":""Kunststoff"",""Hersteller"":""KNIPEX-Werk"",""Herstellernummer"":""82 01 200 SB"",""Herstellungsland"":""Deutschland"",""Kategorie"":""Heimwerker > Werkzeuge > Handwerkzeuge"",""Länge"":""200 mm"",""Marke"":""KNIPEX"",""Modell"":""Zangenschlüssel 82 01 200 SB"",""Produktart"":""Zangenschlüssel"",""Zustand"":""Neu""}",20.83 EUR,,0
LICO Boulder V Kinder Hallenschuhe: Sicherer Halt & Komfort,LICO,Kleidung & Accessoires > Herren > Herren-Accessoires > Handschuhe & Fäustlinge,SKU-8245288059,4019335589544,"Sicherer Halt und optimale Traktion auf allen Hallenböden. | Doppel-Klettverschlüsse für kinderleichtes An- und Ausziehen. | Atmungsaktive Materialien für ein angenehmes Fußklima. | Robuste Synthetik-Einsätze für hohe Langlebigkeit im Sport. | Nicht abfärbende Sohle schont Hallenböden und hinterlässt keine Spuren. | Modernes Design in Pink/Türkis, ideal für aktive Kinder.","Die LICO Boulder V Hallenschuhe wurden speziell für aktive Kinder entwickelt und bieten optimalen Komfort sowie sicheren Halt bei allen Indoor-Sportarten. Ihre praktischen Doppel-Klettverschlüsse ermöglichen ein kinderleichtes An- und Ausziehen, was die Selbstständigkeit fördert.Eine Kombination aus atmungsaktiven Textil-Einsätzen und robusten Synthetik-Materialien sorgt für ein stets angenehmes Fußklima und beeindruckende Langlebigkeit. Die helle, nicht abfärbende Indoor-Laufsohle garantiert dabei hervorragenden Grip auf allen Hallenböden, ohne Spuren zu hinterlassen.Das moderne Design in Pink mit türkisfarbenen Akzenten macht diese Schuhe zum idealen Begleiter für Schulsport, Hallenfußball und diverse Hallenaktivitäten. Verlassen Sie sich auf die bewährte LICO-Qualität, die junge Sportler optimal bei jeder Bewegung unterstützt; der Lieferumfang umfasst ein Paar LICO Boulder V Hallenschuhe.","{""Absatzhöhe"":""Flach (weniger als 2,5 cm)"",""Altersgruppe"":""Kinder"",""Anlass"":""Sport"",""Besondere Merkmale"":""Atmungsaktiv, Nicht abfärbende Sohle"",""Besonderheiten"":""Atmungsaktiv"",""Einlegesohlenmaterial"":""Textil"",""Einsatzbereich"":""Indoor"",""Farbe"":""Pink/Türkis"",""Futtermaterial"":""Textil"",""Geschlecht"":""Mädchen"",""GPSR Manufacturer name"":""LICO"",""Größe"":""31"",""Handgefertigt"":""Nein"",""Herstellernummer"":""360652"",""Individualisiert"":""Nein"",""Innenfarbe"":""Türkis"",""Jahreszeit"":""Alle Jahreszeiten"",""Kategorie"":""Kleidung & Accessoires > Herren > Herren-Accessoires > Handschuhe & Fäustlinge"",""Kategorie Bezeichnung"":""Sport > Sportbekleidung & -schuhe > Sportschuhe > Hallenschuhe"",""Laufsohlenmaterial"":""Gummi"",""Marke"":""LICO"",""Material"":""Synthetik/Textil"",""Modell"":""Boulder V"",""Muster"":""Ohne Muster"",""Obermaterial"":""Synthetik/Textil"",""Produktart"":""Hallenschuhe"",""Schuhschafttyp"":""Niedrig"",""Sohle Eigenschaft"":""Nicht abfärbend"",""Sportart"":""Hallensport, Hallenfußball, Schulsport"",""Stil"":""Sportschuh"",""Verschluss"":""Doppel-Klettverschluss"",""Vintage"":""Nein"",""Zielgruppe"":""Kinder"",""Zustand"":""Neu""}",22.99 EUR,XGA0302B,1
Sony WH-CH720N Over-Ear Kopfhörer mit Aktiver Geräuschunterdrückung,Sony,"TV, Video & Audio > DJ-Equipment > DJ-Kopfhörer",SKU-8249181407,4548736142428,Genießen Sie ungestörten Hörgenuss dank aktiver Geräuschunterdrückung. | Erleben Sie bis zu 35 Stunden Musik mit einer Akkuladung. | Wechseln Sie nahtlos zwischen zwei Bluetooth-Geräten mit Multipoint. | Tauchen Sie ein in räumlichen Klang mit 360 Reality Audio. | Profitieren Sie von leichtem Design und ergonomischem Tragekomfort. | Führen Sie kristallklare Gespräche mit verbesserter Anrufqualität. | Steuern Sie Ihre Musik bequem per Sprachbefehl über Assistenten.,"Die Sony WH-CH720N Over-Ear Kopfhörer revolutionieren Ihr Klangerlebnis durch fortschrittliche Geräuschunterdrückung, sodass Sie ungestörte Audioqualität in jeder Umgebung genießen können. Ihr außergewöhnlich leichtes Design und die ergonomisch geformten Ohrpolster garantieren höchsten Tragekomfort über Stunden hinweg, ideal für lange Hörsessions.Profitieren Sie von einer beeindruckenden Akkulaufzeit von bis zu 35 Stunden und wechseln Sie dank Multi-Point-Verbindung nahtlos zwischen zwei Bluetooth-Geräten für maximale Flexibilität. Die hochwertigen Materialien gewährleisten nicht nur Langlebigkeit, sondern auch eine exzellente Klangwiedergabe, unterstützt durch 360 Reality Audio für ein immersives Hörerlebnis.Im Lieferumfang befinden sich die Sony WH-CH720N Kopfhörer sowie das notwendige Ladezubehör, damit Sie sofort in Ihr persönliches Klangerlebnis eintauchen können. Für eine dauerhaft optimale Leistung und Hygiene empfiehlt sich die regelmäßige und sanfte Reinigung der Ohrpolster mit einem trockenen, weichen Tuch, um die Lebensdauer zu verlängern.","{""Farbe"":""Schwarz"",""GPSR Manufacturer name"":""Sony"",""Kategorie"":""TV, Video & Audio > DJ-Equipment > DJ-Kopfhörer"",""Konnektivität"":""Bluetooth"",""Marke"":""Sony"",""Modell"":""WH-CH720N"",""Produktart"":null}",64.9 EUR,,0
"IKEA RANARP Pendelleuchte: Zeitloses Design für warmes, gezieltes Licht",IKEA,"Sammeln & Seltenes > Esoterik, Mystik & Magie > Orakel & Tarot > Pendel",SKU-8310896573,,"Blendfreies, gerichtetes Licht schafft optimale Beleuchtung für Essbereiche. | Zeitloses skandinavisches Design integriert sich harmonisch in jeden Raum. | Robuster Metallschirm in elegantem Weiß garantiert Langlebigkeit und Ästhetik. | Kompatibel mit E27 LED-Leuchtmitteln für individuelle Helligkeit und Effizienz. | Einfache und sichere Montage ermöglicht schnelle Inbetriebnahme der Leuchte. | Pflegeleichte Oberfläche sichert dauerhafte Schönheit bei geringem Aufwand.","Die IKEA Pendelleuchte RANARP erzeugt blendfreies, gerichtetes Licht über Esstisch oder Kücheninsel. Ihr zeitloses skandinavisches Design sorgt für eine warme, einladende Atmosphäre im ganzen Raum.

Der weiße Metallschirm mit 38 cm Durchmesser bündelt das Licht optimal nach unten. Eine E27-Fassung ermöglicht die Nutzung moderner LED-Leuchtmittel bis 11 Watt in Wunschhelligkeit und Farbtemperatur.

Im Lieferumfang enthalten sind die Pendelleuchte mit textilummanteltem Kabel, Deckenbaldachin und passendem Montagezubehör für die Deckeninstallation. Zur Pflege genügt ein trockenes oder leicht feuchtes Tuch, aggressive Reiniger und scharfe Gegenstände sollten vermieden werden.","{""9800 Farbe"":""Weiß"",""9800 Marke"":""IKEA"",""9800 Produkttyp"":""Pendelleuchte"",""Anzahl der Lichter"":""1"",""Durchmesser"":""38 cm"",""Empfohlenes Leuchtmittel"":""LED"",""Farbe"":""Weiß"",""Fassung"":""E27"",""GPSR Manufacturer name"":""IKEA"",""Herstellernummer"":""SKU-8310896573"",""Kategorie"":""Sammeln & Seltenes > Esoterik, Mystik & Magie > Orakel & Tarot > Pendel"",""Kategorie (Breadcrumb)"":""Möbel & Wohnen > Beleuchtung > Deckenlampen & Kronleuchter > Pendelleuchten"",""Lieferumfang"":""Pendelleuchte, Deckenbaldachin, Montagezubehör"",""Marke"":""IKEA"",""Material"":""Metall"",""Maximale Leistung"":""11 W"",""Montagebereich"":""Decke"",""Produktart"":""Pendelleuchte"",""Stromquelle"":""Kabel"",""Zimmer"":""Esszimmer, Küche""}",104.05 EUR,XGA0201C,1
SETEX Matratzenschoner Noppen 140x200cm – Optimaler Schutz & Belüftung,,Baby > Bettausstattung > Matratzenschoner & -auflagen,SKU-8317603092,4038473870772,,"Der SETEX Noppen-Matratzenschoner in der Größe 140 x 200 cm bietet zuverlässigen Schutz für Ihre Matratze. Er bewahrt sie effektiv vor Abrieb und Druckstellen, wodurch die Lebensdauer Ihrer Matratze signifikant verlängert wird. Die spezielle offene Noppenstruktur fördert zudem eine optimale Luftzirkulation unter der Matratze, was die Ansammlung von Feuchtigkeit reduziert und der Bildung von Stockflecken wirksam vorbeugt, für ein stets frisches Schlafklima. Der Matratzenschoner ist aus strapazierfähigem 100 % Polyester-Nadelvlies gefertigt und verfügt über eine rutschfeste Latex-Punktbeschichtung. Diese sorgt dafür, dass der Schoner sicher und stabil zwischen Lattenrost und Matratze liegt, ohne zu verrutschen. Die Qualität des Materials ist nach OEKO-TEX STANDARD 100 schadstoffgeprüft (Prüfnummer 22.0.03768 Hohenstein), was einen beruhigenden Schlafkomfort garantiert. Die Herstellung erfolgt in Deutschland, was für hohe Qualitätsstandards spricht. Im Lieferumfang ist ein Noppen-Matratzenschoner in der Größe 140 x 200 cm enthalten, dessen Anwendung denkbar einfach ist: Er wird lediglich aufgelegt, ohne komplizierte Befestigungen oder Bänder. Für eine lange Haltbarkeit und Funktionalität des Schoners wird eine schonende Reinigung gemäß den Herstellerangaben empfohlen. Bitte beachten Sie hierfür die spezifischen Pflegehinweise auf dem Produktetikett, um die Materialeigenschaften optimal zu erhalten.","{""Abteilung"":""Erwachsene"",""Beschichtung"":""Latex-Punktbeschichtung, rutschfest"",""Besonderheiten"":""Rutschfest, Belüftet"",""Besonderheiten (Besonderheiten)"":""Rutschfest, Belüftet, OEKO-TEX zertifiziert"",""Farbe"":""Weiß"",""Farbe (Farbe)"":""Weiß"",""Form"":""Rechteckig"",""GPSR Manufacturer name"":""SETEX"",""Größe"":""140 x 200 cm"",""Größe (Größe)"":""140 x 200 cm"",""Herstellungsland"":""Deutschland"",""Herstellungsland (Herstellungsland)"":""Deutschland"",""Herstellungsland und -region"":""Deutschland"",""Kategorie"":""Baby > Bettausstattung > Matratzenschoner & -auflagen"",""Marke"":""Setex"",""Marke (Marke)"":""SETEX"",""Maße"":""140 x 200 cm"",""Material"":""Polyester"",""Material (Material)"":""100% Polyester"",""Modell"":""Noppen"",""Muster"":""Uni"",""Pflegeanleitung"":""Maschinenwäsche"",""Pflegehinweis"":""Schonende Reinigung gemäß Herstellerangaben"",""Pflegehinweis (Pflegehinweis)"":""Schonende Reinigung gemäß Herstellerangaben"",""Produktart"":""Matratzenschoner mit Noppenstruktur"",""Produkttyp (Produkttyp)"":""Matratzenschoner"",""Zertifizierung"":""Oeko-Tex Standard 100"",""Zertifizierung (Zertifizierung)"":""OEKO-TEX STANDARD 100"",""Zimmer"":""Schlafzimmer""}",29.99 EUR,XGA0201C,1
"Pelikan Farbband Gr. 156 C Correctable für präzise, fehlerfreie Texte",Pelikan,,SKU-8367978772,4018474519634,"Präzise und saubere Druckergebnisse dank hochwertigem Filmband. | Integrierte Korrekturfunktion ermöglicht fehlerfreie Dokumente mühelos. | Breite Kompatibilität mit Canon AP- und MX-Schreibmaschinen. | Langlebiges Material gewährleistet hohe Bandkapazität und Zuverlässigkeit. | Einfacher und schneller Austausch für minimale Unterbrechungen. | Optimale 7,9 mm Breite für stets klare und gut lesbare Schriftzeichen. | Großzügige 130 Meter Länge für ausgedehnte und effiziente Nutzung.","Das Pelikan Farbband Correctable Gr. 156 C wurde speziell für Schreibmaschinen konzipiert und liefert stets präzise sowie saubere Druckergebnisse. Seine einzigartige Korrekturfunktion ermöglicht das einfache und rückstandslose Beseitigen von Tippfehlern, was Ihre Texte makellos erscheinen lässt.Dieses hochwertige Filmband ist aus langlebigem Material gefertigt und bietet mit 130 Metern Länge sowie 7,9 mm Breite optimale Voraussetzungen für klare Schriftzeichen. Im Lieferumfang ist ein Pelikan Filmband Correctable Gr. 156 C enthalten, welches sofort einsatzbereit ist und eine lange Nutzungsdauer verspricht.Verlassen Sie sich auf die bewährte Pelikan-Qualität für konsistente und professionelle Schreibresultate bei jeder Anwendung. Die einfache Installation und breite Kompatibilität mit Canon Schreibmaschinen der AP- und MX-Serien gewährleisten höchste Benutzerfreundlichkeit und Effizienz im Büroalltag.","{""Büro & Schreibwaren"":null,""GPSR Manufacturer name"":""Pelikan"",""Kategorie"":""Büro & Schreibwaren""}",10.67 EUR,XGA0304B,3
Casey Stehleuchte Modern: Stilvolles Leselicht & Behagliches Ambiente,Casey,Büro & Schreibwaren > Büromöbel > Leuchten & Leuchtmittel > Stehleuchten,SKU-8380347833,4099983384487,"Schafft behagliche Atmosphäre und stilvolles Ambiente in jedem Raum. | Bietet gezieltes Leselicht und sanfte Umgebungsbeleuchtung für jede Situation. | Exquisites Design mit hochwertigem Materialmix setzt edle Akzente. | Moderne, schlanke Silhouette fügt sich nahtlos in zeitgemäße Einrichtungen ein. | Genießen Sie dauerhaft strahlende Optik dank pflegeleichter Oberflächen. | Hochwertige Materialien wie gebürstetes Messing garantieren Langlebigkeit und Eleganz.","Die Casey Stehleuchte schafft eine unvergleichlich behagliche Atmosphäre und verwandelt jeden Raum in eine Oase der Ruhe und des Stils. Sie bietet die ideale Balance aus gezieltem Leselicht für konzentrierte Momente und sanfter Umgebungsbeleuchtung für entspannte Stunden.Ihr exquisites Design besticht durch einen hochwertigen Materialmix aus goldfarbenem Metall, robustem Eisen und elegantem champagnerfarbenem Glas, stilvoll veredelt mit gebürstetem Messing. Die schlanke, moderne Silhouette fügt sich nahtlos in zeitgemäße Einrichtungen ein und setzt edle Akzente in Ihrem Wohnzimmer, Lesezimmer oder Empfangsbereich.Der Lieferumfang beinhaltet die hochwertige Stehleuchte, fünf Leuchtenschirme (Glaskugeln) sowie das benötigte Montagematerial mit detaillierter Anleitung für eine schnelle Inbetriebnahme. Die unkomplizierte Endmontage ist im Handumdrehen erledigt, und die pflegeleichten Oberflächen garantieren eine dauerhaft strahlende Optik bei minimalem Reinigungsaufwand.","{""Angebotspaket"":null,""Anzahl der Einheiten"":null,""Anzahl der Lichter"":null,""Ausgewählte Suchfilter"":null,""Beschreibung des Paketinhalts"":null,""Dimmbar"":null,""Durchmesser des Leuchtenfußes"":null,""Energieeffizienzklasse"":null,""Farbe"":""Gold / Champagner"",""Farbtemperatur"":null,""Form"":null,""Gesamthöhe"":null,""Gewicht"":null,""Glühbirnen Kompatibilität"":null,""GPSR Manufacturer name"":""Casey"",""Herstellernummer"":""DEL8LIT03-189"",""Herstellungsland und -region"":null,""Kategorie"":""Büro & Schreibwaren > Büromöbel > Leuchten & Leuchtmittel > Stehleuchten"",""Länge"":null,""Leistung"":null,""Lichtfarbe"":null,""Lichtquelle"":null,""Marke"":""Casey"",""Maßeinheit"":null,""Material"":""Metall (Eisen), Glas champagnerfarben, gebürstetes Messing"",""Modifikationsbeschreibung"":null,""Modifizierter Artikel"":null,""Schutzart"":null,""Sockel"":null,""Stehleuchten"":null,""Stil"":""Modern"",""Temperatur"":null}",329 EUR,XGA0103D,1
Puma Smash V2 L Damen Sneaker für Komfort - Schwarz / Weiß NEU OVP Gr. 40,PUMA,Kleidung & Accessoires > Damen > Damenschuhe,SKU-8462375603,4059505053796,"Stilvolles Design aus hochwertigem Kunstleder für ansprechende Ästhetik. | Hervorragender Tragekomfort den ganzen Tag dank weicher Polsterung. | Rutschfeste Gummisohle bietet sicheren Halt auf vielfältigen Untergründen. | Weiches Textil-Innenfutter umschließt den Fuß sanft für angenehmes Gefühl. | Optimal gepolsterter Schaftbereich unterstützt den Fuß bei jedem Schritt. | Pflegeleichtes Material gewährleistet ein dauerhaft frisches Erscheinungsbild. | Vielseitig einsetzbar für Freizeit, Büro und urbane Erkundungen.","Der Puma Smash v2 L Damen Sneaker ist der ideale Begleiter für einen dynamischen Lebensstil, der zeitloses Design mit herausragendem Tragekomfort vereint. Er eignet sich perfekt für urbane Erkundungen, den täglichen Einsatz im Büro oder entspannte Stunden in der Freizeit, stets mit einem Hauch von Stil.Gefertigt aus hochwertigem Kunstleder, bietet dieses Modell eine ansprechende Ästhetik und gewährleistet zugleich beeindruckende Strapazierfähigkeit für den täglichen Gebrauch. Die profilierte Gummisohle sorgt für sicheren Halt auf verschiedenen Untergründen, während das weiche Textil-Innenfutter den Fuß sanft umschließt und für angenehmen Komfort sorgt.Der optimal gepolsterte Schaftbereich unterstützt den Fuß zusätzlich und trägt maßgeblich zum erhöhten Komfort bei jedem Schritt bei. Die pflegeleichte Materialbeschaffenheit sichert ein dauerhaft frisches Erscheinungsbild und garantiert langanhaltende Freude an diesem Qualitätsprodukt.","{""Absatzhöhe"":""Flach (unter 2,5 cm)"",""Abteilung"":""Damen"",""Besonderheiten"":""Komfort"",""Erscheinungsjahr"":""2023"",""EU-Schuhgröße"":""40"",""Farbe"":""Schwarz"",""GPSR Manufacturer name"":""Puma"",""Herstellernummer"":""365208 02"",""Herstellungsjahr"":""2023"",""Innensohlenmaterial"":""Gummi"",""Item Specific: Absatzhöhe"":""Flach (unter 2,5 cm)"",""Item Specific: Innensohlenmaterial"":""Textil"",""Item Specific: Laufsohlenmaterial"":""Gummi"",""Kategorie"":""Kleidung & Accessoires > Damen > Damenschuhe"",""Laufsohlenmaterial"":""Gummi"",""Marke"":""PUMA"",""Maßeinheit"":""L"",""Modell"":""PUMA Smash"",""Obermaterial"":""Gummi"",""Produktart"":""Sportschuh"",""Produktlinie"":""PUMA Smash"",""Schuhgröße_EU"":""40"",""Stil"":""Sneaker"",""vendor_sku"":""SKU-8462375603"",""Verschluss"":""Schnürung"",""weight"":1}",32.57 EUR,,0
Reader's Digest Sachbuch: Weltgeschichte verstehen – Fundiertes Wissen,Reader's Digest Association,Briefmarken > Motive > Geschichte,SKU-8483173682,9783956195242,,"Tauchen Sie mit diesem umfassenden Sachbuch von Reader's Digest tief in die fesselnde Weltgeschichte ein und erweitern Sie Ihr Wissen fundiert. Es vermittelt essenzielle Einblicke in prägende Epochen und einflussreiche Persönlichkeiten, um globale Zusammenhänge klar zu verstehen.Die exquisite Hardcover-Ausgabe ist auf strapazierfähigem Papier gedruckt und sichert langanhaltende Lesefreude sowie einen bleibenden Wert in Ihrer Sammlung. Detaillierte Illustrationen, übersichtliche Karten und über 600 klar definierte Schlüsselbegriffe visualisieren komplexe historische Zusammenhänge auf verständliche Weise.Als hochinformative und zugleich unterhaltsame Lektüre verkörpert dieses Werk die bewährte Qualität von Reader's Digest. Es stellt ein ideales Geschenk dar und bereichert jede Bibliothek als unverzichtbare Quelle für fundiertes historisches Wissen.","{""Buchtitel"":""Weltgeschichte: Alles was man wissen muss."",""Einband"":""Hardcover"",""Format"":""Gebundene Ausgabe"",""Genre"":""Sachbuch"",""GPSR Manufacturer name"":""Reader's Digest"",""Höhe"":""30 cm"",""ISBN"":""978-3-95619-524-2"",""Kategorie"":""Briefmarken > Motive > Geschichte"",""Länge"":""21 cm"",""Literarische Gattung"":""Sachbuch"",""Marke"":""Reader's Digest"",""Material"":""Papier"",""Originalsprache"":""Deutsch"",""Produktart"":""Sachbuch"",""Sprache"":""Deutsch"",""Thema"":""Geschichte"",""Thematik"":""Amerikanische Geschichte"",""Verlag"":""Reader's Digest Association"",""weight"":1,""Zielgruppe"":""Geschichtsinteressierte"",""Zustand"":""Neu""}",39.99 EUR,XSGA0103A,1
Aqua Marina SUP Board Set Breeze Allround für Stabilität & Paddelspaß,Aqua Marina,"Auto & Motorrad: Teile > Kleidung, Schutzausrüstung & Merchandise",SKU-8605082485,,"Vielseitiges Allround-Board für Einsteiger und fortgeschrittene Paddler. | Robuste Drop-Stitch-Technologie für hohe Steifigkeit und Langlebigkeit. | Rutschfestes EVA-Deckpad bietet sicheren Stand und optimalen Komfort. | Komplettes Set für sofortigen Start ins unbeschwerte Paddelvergnügen. | Müheloser Transport und platzsparende Lagerung dank geringem Gewicht. | Ideal für entspannte Touren auf Seen, Flüssen und Küstengewässern.","Das Aqua Marina Breeze SUP Board ist der ideale Begleiter für Einsteiger und fortgeschrittene Paddler, die ein vielseitiges Allround-Erlebnis auf dem Wasser suchen. Seine stabile und benutzerfreundliche Konstruktion garantiert ein hervorragendes Fahrerlebnis auf ruhigen Gewässern wie Seen, Flüssen und Küstengewässern.Dieses hochwertige, aufblasbare SUP-Board besticht durch seine robuste Drop-Stitch-Technologie, die für extreme Steifigkeit und außergewöhnliche Langlebigkeit sorgt. Ein komfortables, rutschfestes EVA-Deckpad gewährleistet zudem sicheren Stand und zusätzlichen Komfort während jeder Paddeltour.Der umfangreiche Lieferumfang beinhaltet ein komplettes Zubehör-Set für den sofortigen Start ins Paddelvergnügen, bestehend aus Paddel, Pumpe, Finne, Leash und Rucksack. Dank des geringen Gewichts und der kompakten Packmaße ist das Board mühelos zu transportieren und platzsparend zu lagern, wobei unser engagierter Kundenservice Ihnen bei Fragen jederzeit gerne zur Verfügung steht.","{""Aufblasbar"":""Ja"",""Besondere Merkmale"":""Drop-Stitch-Technologie, EVA-Deckpad"",""Breite"":""76 cm"",""Dicke"":""12 cm"",""Einsatzbereich"":""Allround"",""Einsatzgebiete"":""Seen, Flüsse, Küstengewässer"",""Farbe"":""Grün"",""Herstellernummer"":""SKU-8605082485"",""Kategorie"":""Auto & Motorrad: Teile > Kleidung, Schutzausrüstung & Merchandise"",""Länge"":""310 cm"",""Lieferumfang"":""SUP Board, Paddel, Pumpe, Finne, Leash, Rucksack"",""Material"":""PVC"",""Modell"":""Breeze"",""Produktart"":""SUP Board"",""Set"":""Ja"",""Sportart"":""Stand-Up-Paddling"",""Zielgruppe"":""Unisex"",""Zustand"":""Neu""}",224 EUR,XGA0104A,3
Villa Grinario Jersey-Spannbettlaken für höchsten Schlafkomfort,Villa Grinario,"Möbel & Wohnen > Bettwaren, -wäsche & Matratzen > Bettwäsche",SKU-8640590578,,"Höchster Schlafkomfort durch weichen, elastischen Jersey-Stoff. | Perfekter faltenfreier Sitz dank dauerelastischem Rundumgummi. | Hautfreundlich und atmungsaktiv aus 100% gekämmter Baumwolle. | Ideal anpassbar für Matratzen von 90-100 x 200 cm. | Angenehmes, trockenes Schlafklima für erholsame Nächte. | Extrem pflegeleicht: bügelfrei, maschinenwaschbar und trocknergeeignet. | Langlebige Premium-Qualität für dauerhaften Wohlfühl-Schlaf.","Das Villa Grinario Jersey-Spannbettlaken bietet mit seinem weichen, elastischen Stoff einen hervorragenden Schlafkomfort. Es ist ideal für den täglichen Gebrauch und passt sich dank des dauerhaft elastischen Rundumgummis faltenarm und sicher jeder Matratze an. Gefertigt aus fein gekämmter 100 % Baumwolle in atmungsaktiver Jersey-Qualität, ist es besonders hautfreundlich und unterstützt ein trockenes, angenehmes Schlafklima. Das dehnbare Laken ist für Matratzen mit einer Liegefläche von etwa 90–100 x 200 cm geeignet und sorgt für einen festen Sitz. Dieses Spannbettlaken ist äußerst pflegeleicht, bügelfrei und kann gemäß Pflegeetikett problemlos in der Maschine gewaschen sowie im Trockner getrocknet werden. Im Lieferumfang ist ein Jersey-Spannbettlaken in der gewählten Größe und Farbe enthalten; bitte beachten Sie die Pflegehinweise und mögliche Farbabweichungen zum Bildschirmbild.","{""Ausführung"":""mit dauerelastischem Rundumgummi"",""Besonderheiten"":""Bügelfrei, Trocknergeeignet, Rundumgummi, Atmungsaktiv, Hautfreundlich"",""Farbe"":""Grün"",""Geeignete Matratzengröße"":""ca. 90–100 x 200 cm"",""Größe"":""100 x 200 cm"",""Hersteller"":""AWG Mode"",""Herstellernummer"":""SKU-8640590578"",""Kategorie"":""Möbel & Wohnen > Bettwaren, -wäsche & Matratzen > Bettwäsche"",""Material"":""100 % Baumwolle (Jersey, gekämmt)"",""Muster"":""Einfarbig"",""Pflegeanleitung"":""Maschinenwäsche"",""Produktart"":""Spannbettlaken"",""Zimmer"":""Schlafzimmer""}",14.99 EUR,XGA0201C,1
Garmin HRM-Dual Herzfrequenzmesser mit Dual-Konnektivität für präzise Daten,Garmin,Sport > Fitness & Jogging > Sportelektronik > Herzfrequenzmesser,SKU-8689351772,753759223137,"Präzise Echtzeit-Herzfrequenzdaten für optimiertes Training | Duale ANT+ und Bluetooth® Konnektivität für vielseitige Nutzung | Hoher Tragekomfort durch weiches, anpassungsfähiges Material | Wasserdichtes Design für zuverlässige Leistung bei jeder Aktivität | Ideal für Laufen, Radfahren und allgemeines Fitnesstraining | Sofort einsatzbereit dank langlebiger Batterie für dauerhafte Nutzung","Der Garmin HRM-Dual Herzfrequenzmesser liefert präzise Echtzeit-Herzfrequenzdaten, um Ihr Training optimal zu steuern. Er ermöglicht eine effektive Leistungsanalyse und hilft Ihnen, Ihre Fitnessziele fundiert zu erreichen.Dieser Brustgurt bietet duale ANT+ und Bluetooth® Konnektivität für eine nahtlose Verbindung zu Fitnessgeräten und Apps. Sein weiches, anpassungsfähiges Material garantiert höchsten Tragekomfort und volle Bewegungsfreiheit bei jeder Aktivität.Im Lieferumfang ist der sofort einsatzbereite Herzfrequenzgurt enthalten, der mit einer langlebigen Batterie ausgestattet ist. Die einfache Handhabung und Pflege sichern eine dauerhaft präzise Messfunktion für all Ihre sportlichen Herausforderungen.","{""Abteilung"":null,""Aktivität"":null,""Anzahl der Einheiten"":null,""Art der Messung"":null,""Befestigung"":null,""Besonderheiten"":""Brustgurt, Wasserdicht"",""Farbe"":""Schwarz"",""GPSR Manufacturer name"":""Garmin"",""Kategorie"":""Sport > Fitness & Jogging > Sportelektronik > Herzfrequenzmesser"",""Kompatibilität"":null,""Maßeinheit"":null,""Modell"":""HRM-Dual"",""Produktart"":""Herzfrequenzmesser""}",59.99 EUR,,0
New Balance IZ740WM Kinder-Sneaker Silber NEU OVP Gr. 26,New Balance,"Sport > Wintersport > Skifahren, Snowboarden & Schneeschuhwandern > Schuhe & Boots > Kinderschuhe & -boots",SKU-8742112863,,"Optimaler Tragekomfort durch atmungsaktives Mesh-Obermaterial. | Verbesserte Stabilität dank strapazierfähiger Synthetik-Overlays. | Angenehmes Laufgefühl durch leichte, dämpfende Zwischensohle. | Sicherer Halt auf allen Untergründen mit profilierter Gummi-Außensohle. | Vielseitig kombinierbares Design in elegantem Weiß und Silber. | Perfekt geeignet für Schule, Spielplatz und Freizeitaktivitäten.","Der New Balance IZ740WM Kinder-Sneaker ist der ideale Begleiter für aktive Kids, die Komfort und Stil im Alltag schätzen. Er kombiniert sportliches Design mit praktischer Funktionalität, perfekt für Schule, Spielplatz und Freizeitaktivitäten.Gefertigt aus atmungsaktivem Mesh-Material mit stabilen Synthetik-Overlays, bietet dieser Schuh eine optimale Belüftung und gleichzeitig die nötige Strapazierfähigkeit. Die leichte, weich gedämpfte Zwischensohle sorgt für ein angenehmes Laufgefühl und schützt die kleinen Füße bei jedem Schritt.Die profilierte Gummi-Außensohle gewährleistet hervorragenden Grip auf verschiedenen Untergründen und minimiert das Rutschrisiko. In der ansprechenden Farbkombination Silber/Weiß lässt sich der Sneaker vielseitig kombinieren und ist ein echter Hingucker.","{""Abteilung"":""Kinder"",""Anlass"":""Freizeit, Sport"",""Besonderheiten"":""Komfort"",""EU-Schuhgröße"":""26"",""Farbe"":""Silber"",""Gewebeart"":""Mesh"",""GPSR Manufacturer name"":""New Balance"",""Jahreszeit"":""Ganzjährig"",""Kategorie"":""Sport > Wintersport > Skifahren, Snowboarden & Schneeschuhwandern > Schuhe & Boots > Kinderschuhe & -boots"",""Marke"":""New Balance"",""Modell"":""New Balance"",""Obermaterial"":""Mesh"",""Schuhstil"":""Sneaker"",""Sohlenmaterial"":""Gummi"",""Stil"":""Sneaker"",""Verschluss"":""Schnürung"",""weight"":1,""Zielgruppe"":""Kinder""}",59.99 EUR,XGA0301B,1
QKIDS Tretroller Kinder Faltbar & Höhenverstellbar für sicheren Fahrspaß,QKIDS,Auto & Motorrad: Fahrzeuge > Motorräder > Roller,SKU-8747609895,5900495862228,,"Der QKIDS Kinderroller ermöglicht aktiven Kindern ab ca. 6 Jahren eine dynamische Erkundung ihrer Umgebung. Sein leichter Aluminiumrahmen und die großen 200-mm-Räder sorgen für ein komfortables und agiles Fahrerlebnis auf verschiedensten Untergründen. Die 3-fach höhenverstellbare Lenksäule wächst mit dem Kind mit und sorgt für eine stets ergonomische Fahrposition, während die integrierte Hinterradbremse jederzeit ein sicheres und schnelles Anhalten ermöglicht. Ein rutschfestes Trittbrett in stylischem Pink bietet zudem einen stabilen Stand und eine verstärkte Struktur für zusätzliche Langlebigkeit. Dank des praktischen Klappmechanismus und eines geringen Gewichts von nur ca. 3,5 kg lässt sich der QKIDS Roller mühelos transportieren und platzsparend verstauen. Die hohe Belastbarkeit von bis zu 100 kg garantiert langanhaltenden Fahrspaß über viele Jahre; der Lieferumfang umfasst den vollständig montierten Roller und eine Anleitung.","{""Anzahl der Räder"":""2"",""Anzahl_der_Räder"":""2"",""Besonderheiten"":""Faltbar, Höhenverstellbarer Lenker, Ständer, Hinterradbremse"",""Farbe"":""Pink"",""Geeignet für"":""Kinder"",""Geeignet_für"":""Kinder"",""GPSR Manufacturer name"":""QKIDS"",""Kategorie"":""Auto & Motorrad: Fahrzeuge > Motorräder > Roller"",""Marke"":""QKIDS"",""Material"":""Aluminium"",""Maximale Belastung"":""100 kg"",""Mindestgewicht des Benutzers"":""20 kg"",""Produktart"":""Tretroller"",""Produktgewicht"":""3.5 kg"",""Raddurchmesser"":""200 mm""}",49.99 EUR,XGA0101E,1
"TATONKA Campingbecher Handle Mug 600 - Robust, platzsparend & vielseitig",TATONKA,Sammeln & Seltenes > Reklame & Werbung > Branchen & Marken > Coca-Cola & Softdrinks > Coca-Cola > Tassen & Becher,SKU-8779940575,4013236948097,"Robust und langlebig dank hochwertigem 18/8-Edelstahl | Platzsparend durch intelligent klappbare Drahtgriffe | Vielseitig einsetzbar für heiße Getränke und kleine Mahlzeiten | Geschmacksneutral und hygienisch für ungetrübten Genuss | Sicherer, hitzegeschützter Halt durch ergonomische Griffe | Einfache Reinigung, da vollständig spülmaschinengeeignet | Ideal für Camping, Trekking und alle Outdoor-Aktivitäten","Der TATONKA Handle Mug 600 ist der unverzichtbare Begleiter für alle Outdoor-Abenteuer, von ausgedehnten Trekkingtouren bis zum entspannten Camping. Er ermöglicht die mühelose Zubereitung von heißen Getränken oder kleinen Mahlzeiten direkt über dem Kocher und garantiert dabei stets ungetrübten Genuss in der Natur.Gefertigt aus hochwertigem, geschmacksneutralem 18/8-Edelstahl, garantiert dieser Becher Langlebigkeit, Robustheit und hygienische Reinigung unter allen Bedingungen. Seine intelligent klappbaren Drahtgriffe sorgen zudem für einen äußerst platzsparenden Transport und bieten einen sicheren, hitzegeschützten Halt.Im Lieferumfang ist ein TATONKA Handle Mug 600 enthalten, der sofort einsatzbereit für Ihr nächstes Erlebnis ist. Für eine mühelose Pflege und langanhaltende Freude an diesem Qualitätsprodukt ist der Becher selbstverständlich spülmaschinengeeignet.","{""Besonderheiten"":""Klappbare Henkel, Lebensmittelecht, Spülmaschinengeeignet"",""Eigenschaften"":""klappbare Henkel, lebensmittelecht, spülmaschinengeeignet"",""Farbe"":""Silber"",""Fassungsvermögen"":""600"",""Geeignet für"":""Camping, Trekking, Outdoor"",""GPSR Manufacturer name"":""TATONKA"",""Herstellerartikelnummer"":""4073.000"",""Herstellernummer"":""4073.000"",""Kategorie"":""Sammeln & Seltenes > Reklame & Werbung > Branchen & Marken > Coca-Cola & Softdrinks > Coca-Cola > Tassen & Becher"",""Marke"":""TATONKA"",""Material"":""Edelstahl"",""Modell"":""Handle Mug 600"",""Produktart"":""Campingbecher"",""Zustand"":""Neu""}",12.99 EUR,,0
DESKTRONIC Kabelmanagement Set für aufgeräumten Schreibtisch & mehr Sicherheit,DESKTRONIC,"Computer, Tablets & Netzwerk > Heimnetzwerke & Zubehör > Kabelgebundene Router",SKU-8835594725,5060826162363,"Effektive Beseitigung von Kabelsalat für einen aufgeräumten Arbeitsplatz. | Steigert die Sicherheit durch die Vermeidung gefährlicher Stolperfallen. | Fördert eine professionelle Ästhetik in jedem Büro oder Home-Office. | Robuste, pulverbeschichtete Metall-Kabelkanäle garantieren dauerhafte Ordnung. | Optimale Belüftung der Geräte verlängert deren Lebensdauer effektiv. | Schnelle und unkomplizierte Montage unter jeder gängigen Schreibtischplatte. | Zusätzliche Kabelbinder ermöglichen eine flexible und individuelle Kabelorganisation.","Das DESKTRONIC Kabelmanagement Set ist die ideale Lösung, um jeden Arbeitsplatz in eine aufgeräumte und hochfunktionale Umgebung zu verwandeln. Es beseitigt effektiv unansehnlichen Kabelsalat, steigert die Sicherheit durch die Vermeidung potenzieller Stolperfallen und fördert eine professionelle Ästhetik in jedem Büro oder Home-Office.Das umfassende Set beinhaltet zwei robuste, pulverbeschichtete Metall-Kabelkanäle in elegantem Schwarz. Diese bieten großzügigen Raum für Netzteile und sämtliche Kabel, während die offene Konstruktion eine hervorragende Belüftung Ihrer elektronischen Geräte gewährleistet und die Lebensdauer Ihrer Kabel maßgeblich verlängert.Zusätzlich zu den Metallkanälen umfasst der Lieferumfang zehn praktische Kabelbinder zur optimalen Organisation. Die Montage unter jeder gängigen Schreibtischplatte erfolgt schnell und unkompliziert, was nicht nur die Bodenreinigung vereinfacht, sondern auch einen dauerhaft ordentlichen und professionellen Bereich schafft.","{""Angebotspaket"":""Nein"",""Anwendungsbereich"":""Büro, Home-Office"",""Anzahl der Einheiten"":""1"",""Besonderheiten"":""Set mit 2 Kanälen und Kabelbindern"",""Einheitentyp"":""Set"",""Farbe"":""Schwarz"",""Form"":""Rechteckig"",""GPSR Manufacturer name"":""DESKTRONIC"",""Kategorie"":""Computer, Tablets & Netzwerk > Heimnetzwerke & Zubehör > Kabelgebundene Router"",""Marke"":""DESKTRONIC"",""Material"":""Metall"",""Montage erforderlich"":""Ja"",""Montageart"":""Unter Schreibtisch"",""Set"":""Ja"",""Zimmer"":""Arbeitszimmer"",""Zustand"":""Neu""}",26.63 EUR,,0
ONVAYA Verkehrsspiegel 70° Weitwinkel für optimale Verkehrssicherheit,ONVAYA,,SKU-8843412443,4053757472206,"Eliminiert tote Winkel effektiv für maximale Verkehrssicherheit. | 70° Weitwinkelblick erweitert Ihr Sichtfeld drastisch. | Robustes, wetterfestes Design für dauerhafte Zuverlässigkeit. | Einfache Wandmontage dank stabiler, mitgelieferter Halterung. | Reduziert Kollisionsrisiko in Einfahrten und auf Betriebsgeländen. | Hochwertiger Kunststoff garantiert Langlebigkeit und Wartungsfreiheit.","Der ONVAYA Verkehrsspiegel erhöht die Sicherheit an kritischen Verkehrspunkten signifikant, indem er tote Winkel effektiv eliminiert. Dies ermöglicht eine frühzeitige Erkennung von Fahrzeugen, Radfahrern und Fußgängern, wodurch das Kollisionsrisiko minimiert wird. Seine hochentwickelte konvexe Oberfläche bietet einen beeindruckenden 70°-Weitwinkelblick, der Ihr Sichtfeld erheblich erweitert. Die Konstruktion aus robustem, wetterfestem Kunststoff sichert außergewöhnliche Langlebigkeit und zuverlässige Funktionalität unter allen äußeren Bedingungen. Im Lieferumfang sind der Verkehrsspiegel und eine stabile Halterung für eine unkomplizierte Wandmontage enthalten, die eine schnelle und präzise Positionierung ermöglicht. Die wartungsarme Beschaffenheit macht ihn zu einer praktischen und dauerhaften Investition in die Sicherheit Ihres Grundstücks.","{""Anwendungsbereich"":""Einfahrt, Garage, Betriebsgelände, Parkplatz"",""Besonderheiten"":""Konvex, Wetterfest, Inkl. Halterung"",""Durchmesser"":""31.2 cm"",""Farbe"":""Schwarz"",""GPSR Manufacturer name"":""ONVAYA"",""Kategorie"":""Business & Industrie"",""Lieferumfang"":""Verkehrsspiegel, Wandhalterung"",""Marke"":""ONVAYA"",""Material"":""Kunststoff"",""Montageart"":""Wandmontage"",""Produktart"":""Verkehrsspiegel"",""Sichtwinkel"":""70°""}",44.95 EUR,XGA0203B,1
Paul Green Schnürschuhe Damen: Zeitlose Eleganz & höchster Komfort,Paul Green,,SKU-8857013241,010095498867,"Zeitlose Eleganz durch edles Softlack-Design in Schwarz. | Vielseitig einsetzbar für Business, Festlichkeiten und Freizeit. | Herausragender Tragekomfort dank exquisitem Lackleder. | Sicherer Halt durch moderne, robuste Profilsohle. | Hochwertige Verarbeitung für langanhaltende Ästhetik. | Perfekte Kombination aus klassischem Stil und modernem Akzent.","Diese Paul Green Schnürschuhe aus edlem Softlack in Schwarz sind die ideale Wahl für stilbewusste Damen, die Wert auf zeitlose Eleganz legen. Sie eignen sich hervorragend für anspruchsvolle Business-Anlässe, festliche Events und veredeln ebenso stilvoll Ihre Alltagsgarderobe.Das exquisite Lackleder und die präzise Verarbeitung garantieren einen herausragenden Tragekomfort sowie eine luxuriöse Ästhetik. Eine moderne, robuste Profilsohle gewährleistet dabei stets sicheren Halt und ergänzt das klassische Design perfekt.Im Lieferumfang ist ein Paar dieser hochwertigen Schnürschuhe enthalten, die Ihnen von Anfang an höchsten Komfort bieten. Bitte beachten Sie die Pflegehinweise für Lackleder, um den eleganten Glanz langfristig zu bewahren.","{""Absatzart"":""Blockabsatz"",""Absatzhöhe"":""Niedrig (1-3 cm)"",""Abteilung"":""Damen"",""Anlass"":""Business, Elegant, Freizeit, Party/Cocktail"",""Farbe"":""Schwarz"",""GPSR Manufacturer address"":""Haag 10 | 5163 Mattsee, Austria"",""GPSR Manufacturer name"":""Paul Green GmbH"",""Handgemacht"":""Nein"",""Herstellernummer"":""2688-00x"",""Herstellungsland"":""Österreich"",""Individualisiert"":""Nein"",""Jahreszeit"":""Frühling, Sommer, Herbst, Winter"",""Kategorie"":""Kleidung & Accessoires"",""Marke"":""Paul Green"",""Modell"":""2688-00x"",""Muster"":""Einfarbig"",""Obermaterial"":""Lackleder"",""Personalisieren"":""Nein"",""Produktart"":""Schnürschuhe"",""Schuhgröße EU"":""38.5"",""Schuhgröße US"":""7.5"",""Stil"":""Schnürschuhe, Business, Elegant"",""Verschluss"":""Schnürung"",""Vintage"":""Nein""}",159.9 EUR,XGA0302A,1
"PLANAM Kinder Outdoorhose NORIT – Robust, bequem & sicher für Abenteuer",PLANAM,Sammeln & Seltenes > Science-Fiction > Star Trek > Bekleidung,SKU-8919591829,4030913982243,Robustes Material für langanhaltende Abenteuer | Knie- und Gesäßverstärkung aus strapazierfähigem Nylon | Elastische Einsätze für uneingeschränkte Bewegungsfreiheit | Atmungsaktiver Stoff für hohen Tragekomfort | Pflegeleicht und maschinenwaschbar für einfache Reinigung,"Die PLANAM NORIT Kinder Outdoorhose ist der ideale Begleiter für junge Abenteurer, die bei ihren Entdeckungstouren höchste Funktionalität und zuverlässigen Schutz benötigen. Sie bietet optimalen Komfort und Sicherheit bei jedem Spiel und jeder Erkundung in der Natur.Gefertigt aus einer hochwertigen Materialmischung von 65% Polyester und 35% Baumwolle, garantiert diese Hose hervorragende Atmungsaktivität und angenehmen Tragekomfort. Robuste Knie- und Gesäßverstärkungen aus 100% Nylon sowie elastische Einsätze sichern maximale Langlebigkeit und uneingeschränkte Bewegungsfreiheit.Für zusätzliche Sicherheit bei schlechten Lichtverhältnissen sorgen reflektierende Applikationen, die die Sichtbarkeit erhöhen, während die Hose zudem besonders pflegeleicht und maschinenwaschbar ist. Der Lieferumfang umfasst eine PLANAM NORIT Kinder Outdoorhose, bereit für jedes Abenteuer.","{""Abteilung"":""Jungen"",""Altersgruppe"":""Kinder"",""Anlass"":""Outdoor, Freizeit"",""Beinform"":""Gerades Bein"",""Bundhöhe"":""Mittel"",""Farbe"":""oliv/schwarz"",""Geschlecht"":""Jungen"",""Größe"":""170/176"",""Jahreszeit"":""Frühling, Sommer, Herbst"",""Kategorie"":""Sammeln & Seltenes > Science-Fiction > Star Trek > Bekleidung"",""Knie- und Gesäßverstärkung"":""100% Nylon"",""Material Hauptmaterial"":""65% Polyester, 35% Baumwolle"",""Modell"":""NORIT Kids Trousers"",""Muster"":""Einfarbig"",""Pflegehinweise"":""Maschinenwäsche"",""Produktart"":""Hose"",""Schnitt"":""Regular Fit"",""Stil"":""Cargohose"",""Verschluss"":""Knopf, Reißverschluss"",""Zustand"":""Neu""}",24.5 EUR,XSGA0103A,1
Ninja Standmixer BN750EU 2-in-1 für Smoothies & Eis-Crush,Ninja,Haushaltsgeräte > Kleingeräte Küche > Standmixer,SKU-9031958971,622356240550,"Kraftvoller 1200 W Motor für müheloses Zerkleinern und Mixen. | Vielseitiges 2-in-1 System mit großem Krug und praktischem To-Go-Becher. | Intelligente Auto-iQ-Programme liefern perfekte Mix-Ergebnisse auf Knopfdruck. | Robuste Edelstahlklingen crushen Eis und gefrorene Früchte im Handumdrehen. | Gesunde Zubereitung dank BPA-freier Behälter für Ihre Sicherheit. | Mühelose Reinigung, da alle abnehmbaren Teile spülmaschinengeeignet sind.","Der Ninja Standmixer 2‑in‑1 BN750EU bietet 1.200 W Motorleistung, einen großen 2,1‑Liter‑Krug und einen 700‑ml‑To‑Go‑Becher für unterwegs. Auto‑iQ‑Programme und manuelle Tasten sorgen für vielseitige Steuerung; robuste Edelstahlklingen zerkleinern Eis und gefrorene Früchte. Krug, Becher und Deckel sind BPA‑frei und spülmaschinengeeignet. Lieferumfang: Motoreinheit, 2,1‑L‑Krug mit Deckel, 700‑ml‑To‑Go‑Becher mit Deckel, Bedienungsanleitung (Lieferumfang basiert auf verfügbaren Quellen).","{""Abmessungen (HxBxT)"":""ca. 44,5 x 19 x 25 cm"",""Bedienung"":""Tastenbedienfeld mit Auto‑iQ‑Programmen und manuellen Einstellungen"",""Besondere Funktionen"":""Auto‑iQ, Eis‑Crush, Pulse"",""EAN/GTIN"":""622356240550"",""Einsatzbereiche"":""Smoothies, Milchshakes, Pürees, Dips, Saucen, Eis"",""Farbe"":""Schwarz/Silber"",""Fassungsvermögen Becher"":""700 ml"",""Fassungsvermögen Krug"":""2,1 l"",""Frequenz"":""50/60 Hz"",""Gewicht"":""4,03 kg"",""GPSR Manufacturer name"":""Ninja"",""Kategorie"":""Haushaltsgeräte > Kleingeräte Küche > Standmixer"",""Leistung"":""1200 W"",""Marke"":""Ninja"",""Material Behälter"":""BPA‑freier Kunststoff"",""Material Klinge"":""Edelstahl"",""Modell"":""BN750EU"",""Produktart"":""Standmixer 2-in-1"",""Programme"":""Mixen, Max Mixen, Zerkleinern"",""Reinigung"":""Spülmaschinengeeignet (Behälter, Deckel, Becher)"",""Spannung"":""220-240 V""}",119 EUR,,0
"Jolly Kreidehalter Set – Hygienisch, bruchsicher & saubere Hände",Jolly,Büro & Schreibwaren > Schulbedarf,SKU-9035689627,9014400124540,"Hygienischer Schutz für saubere Hände, frei von Kreidestaub. | Verlängert die Kreidelebensdauer erheblich und spart somit Kosten. | Bruchsicheres Design aus robustem Kunststoff für maximale Langlebigkeit. | Ergonomischer Griff ermöglicht komfortables und ermüdungsfreies Schreiben. | Schneller, unkomplizierter Kreidewechsel für effizientes Arbeiten jederzeit. | Ideal für Standardkreide, fördert stets einen organisierten Arbeitsbereich.","Das Jolly Kreidehalter Set schützt Ihre Hände zuverlässig vor Kreidestaub und verlängert die Lebensdauer Ihrer Tafelkreide erheblich. Gefertigt aus hochwertigem, strapazierfähigem Kunststoff, bietet es eine hygienische und bruchsichere Lösung für den täglichen Gebrauch.Diese langlebigen Kreidehalter sind mühelos zu reinigen und verfügen über ein ergonomisches Design für einen komfortablen und sicheren Griff. Der intuitive Mechanismus ermöglicht zudem einen schnellen und unkomplizierten Kreidewechsel, was die Handhabung optimiert.Im Lieferumfang enthalten sind sechs erstklassige Kreidehalter in leuchtendem Gelb, ideal passend für Standard-Tafelkreide. Unser engagierter Kundenservice steht Ihnen jederzeit für Fragen und Unterstützung zur Verfügung, um ein optimales Nutzungserlebnis zu gewährleisten.","{""GPSR Manufacturer name"":""Jolly"",""Kategorie"":""Büro & Schreibwaren > Schulbedarf"",""Schulbedarf"":null}",9.15 EUR,XGA0204D,2
RAVENOL Sägekettenöl S 85: Optimaler Verschleißschutz & Haftung,RAVENOL,"Business & Industrie > Agrar, Forst & Kommune > Ersatzteile, Teile & Zubehör > Teile & Zubehör Motorsägen > Sägeketten",SKU-9073986145,4014835742154,"Haftstarke Schmierung für geringen Ölverbrauch und maximale Effizienz. | Reduziert effektiv Verschleiß an Kette und Schwert nachhaltig. | Optimal geeignet für Motor-, Elektro- und Rettungssägen aller Art. | Ideal für professionellen Einsatz in Forst, Garten und Heimwerker. | Hochwertiges mineralisches Öl, zuverlässig hergestellt in Deutschland. | Bietet ganzjährigen Schutz vor Korrosion und Harzbildung.","RAVENOL Sägekettenöl S-85 ist ein mineralisches Sägekettenöl im 5-Liter-Kanister für Motor-, Elektro- und Rettungssägen. Es bietet eine haftstarke Schmierung, reduziert Verschleiß an Kette und Schwert und ist für den privaten wie professionellen Einsatz im Forst- und Gartenbereich geeignet.","{""Anwendungsbereich"":""Schmierung von Sägeketten an Motor-, Elektro- und Rettungssägen im Forst-, Garten- und Heimwerkerbereich"",""Basis"":""Mineralisch"",""Einsatzbereich"":""Kettensägen, Forst, Garten"",""Gebindeart"":""Kanister"",""GPSR Manufacturer name"":""RAVENOL"",""Herkunft"":""Deutschland"",""Inhalt"":""5 L"",""Kategorie"":""Business & Industrie > Agrar, Forst & Kommune > Ersatzteile, Teile & Zubehör > Teile & Zubehör Motorsägen > Sägeketten"",""Marke"":""RAVENOL"",""Modellbezeichnung"":""S 85"",""Produktart"":""Sägekettenöl""}",29.95 EUR,XGA0101C,1
LEONARDO Trinkgläser Set Swing – Modernes Design für Wasser & Saft,LEONARDO,Sammeln & Seltenes > Haushalt & Küche > Bar- & Wein-Accessoires > Schnapsgläser,SKU-9091395294,4002541707024,"Modernes Design für stilvolle Tischdekoration und frische Akzente. | Hochwertiges, robustes Glas garantiert Langlebigkeit und ansprechende Ästhetik. | Ergonomische Form sorgt für angenehme Haptik und sicheren Halt. | Optimales Fassungsvermögen von 35,5 cl für Ihre Lieblingsgetränke. | Vielseitig einsetzbar für Wasser, Säfte, Softdrinks und Cocktails. | Praktisches 2er-Set für sofortigen Trinkgenuss zu zweit. | Vertrauen Sie auf bewährte LEONARDO Glasexpertise und Qualität.","Das LEONARDO Swing Trinkgläser-Set verleiht jedem Tisch eine moderne und stilvolle Eleganz, ideal für den täglichen Gebrauch oder besondere Anlässe. Diese hochwertigen Gläser aus robustem Glas sind für ihre Langlebigkeit und ansprechende Ästhetik bekannt, was sie zu einer Bereicherung für jeden Haushalt macht. Jeder Tumbler bietet ein optimales Fassungsvermögen von 35,5 cl bei einer Höhe von 9 cm, perfekt für Wasser, Säfte oder Softdrinks. Ihre ergonomische Form sorgt für eine angenehme Haptik und liegt stets komfortabel in der Hand, was den Trinkgenuss erheblich steigert. Der Lieferumfang umfasst zwei dieser vielseitigen Trinkgläser, die jede Tischdekoration stilvoll ergänzen und eine frische Note verleihen. Vertrauen Sie auf die bewährte LEONARDO Glasexpertise für langlebige und ästhetische Produkte, die Ihren Alltag nachhaltig bereichern.","{""Anlass"":""Alle Anlässe"",""Design"":""Modern"",""Farbe"":""Transparent"",""Fassungsvermögen"":""35,5 cl"",""Gelegenheit"":""Alle Anlässe"",""GPSR Manufacturer address"":""Industriestraße 23 - 33014 Bad Driburg / Germany"",""GPSR Manufacturer name"":""glaskoch B. Koch jr. GmbH + Co. KG"",""Herstellungsland"":""Deutschland"",""Herstellungsland und -region"":""Deutschland"",""Höhe"":""9 cm"",""Material"":""Glas"",""Modell"":""Swing"",""Muster"":""Einfarbig"",""Produktart"":""Trinkglas"",""Set-Größe"":""2 Stück"",""Zimmer"":""Küche, Esszimmer"",""Zustand"":""Neu""}",7.5 EUR,XGA0202C,1
WALSER Hagelschutzplane Perma Protect M – Premium Schutz vor Hagel & Wetter,WALSER,,SKU-9142845763,9001778309747,"Effektiver Hagelschutz dank 4 mm Neopren-Schaumstoffschicht | Robuste mehrlagige Konstruktion mit 5 mm Gesamtstärke | Lackschonendes Soft-Fleece-Innenvlies schützt vor Kratzern | Wasserabweisende Außenschicht hält Nässe und Schmutz fern | Sicherer Halt durch elastische Nähte, Gummizug und 3 Befestigungsgurte | Integrierte Ventilationsöffnungen beugen Kondenswasserbildung vor","Die Walser Perma Protect Hagelschutzplane in Größe M bietet Ihrem Fahrzeug zuverlässigen Schutz vor Hagel, Witterungseinflüssen und Verschmutzung. Ihre innovative mehrlagige Konstruktion mit 4 mm Neopren-Schaumstoff absorbiert effektiv Hagelschläge und minimiert das Risiko von Lackschäden. Gefertigt aus einer robusten Kombination von EVA, Nitril, Polyester und PP, gewährleistet die Plane höchste Widerstandsfähigkeit. Eine wasserabweisende Außenschicht hält Nässe und Schmutz fern, während das lackschonende Soft-Fleece-Innenvlies Kratzer zuverlässig verhindert. Für einen sicheren Halt sorgen elastische Nähte, ein Gummizug und drei Befestigungsgurte, ergänzt durch reflektierende Elemente für bessere Sichtbarkeit. Im Lieferumfang enthalten sind die Hagelschutzplane, drei Befestigungsgurte und eine praktische Transporttasche für einfache Lagerung und Transport.","{""Außenbeschichtung"":""Wasserabweisende Außenschicht"",""Befestigung"":""Elastischer Saum, Gummizug, 3 Befestigungsgurte"",""Besonderheiten"":""Wasserdicht, Hagelschutz, UV-beständig, Lackschonend, Reflektoren, Belüftungsöffnungen, Elastische Nähte"",""Fahrzeugtyp"":""Kompakte bis mittelgroße PKW"",""Farbe"":""Grau, Silber, Orange"",""Gesamtstärke"":""5 mm"",""Gewicht"":""3.75 kg"",""GPSR Manufacturer name"":""Walser"",""Größe"":""M (ca. 425 x 162 cm)"",""Herstellernummer"":""30974"",""Innenmaterial"":""Lackschonendes Vlies (Fleece)"",""Kategorie"":""Auto & Motorrad: Fahrzeuge"",""Lagen"":""Mehrlagig"",""Lieferumfang"":""Hagelschutzplane, 3 Befestigungsgurte, Transporttasche"",""Marke"":""WALSER"",""Material"":""Polyester, Neopren, EVA, Nitril, PP"",""Maximale Fahrzeughöhe"":""117.5 cm"",""Modell"":""30974"",""Montage"":""Einfach"",""Oldtimer-Teil"":""Nein"",""Pflegehinweise"":""Leicht zu reinigen"",""Produktart"":""Hagelschutzplane"",""Schaumstärke"":""4 mm Neopren"",""Universelle Passform"":""Ja""}",92.95 EUR,XGA0201E,2
adidas Samba LT W Damen Sneaker Schwarz Weiß Leder Retro NEU OVP Gr. 44,adidas,Kleidung & Accessoires > Damen > Damenschuhe,SKU-9146759920,4067888237931,,"Der Adidas Samba LT W Damen Sneaker vereint ikonisches Design mit herausragendem Tragekomfort für den modernen Alltag. Er integriert sich mühelos in jedes Outfit und bietet sowohl Stil als auch Vielseitigkeit für urbane Erkundungen und entspannte Freizeitaktivitäten. Dieses Modell ist aus einer luxuriösen Kombination von erstklassigem Leder und geschmeidigem Wildleder gefertigt, was langlebige Qualität und ein luxuriöses Tragegefühl gewährleistet. Die strapazierfähige Gummisohle sorgt für exzellenten Grip und optimale Traktion, während die traditionelle Schnürung eine individuelle Passform ermöglicht. Die charakteristische umklappbare Zunge setzt ein unverwechselbares Design-Statement und unterstreicht die Authentizität dieses Klassikers. Um die hochwertige Materialqualität und die ansprechende Ästhetik langfristig zu erhalten, wird eine regelmäßige und sachgemäße Pflege des Obermaterials dringend empfohlen.","{""Absatzhöhe"":""Flach"",""Abteilung"":""Unisex Erwachsene"",""Akzente"":""Logo, Streifen"",""Altersgruppe"":""Erwachsene"",""Anlass"":""Casual"",""Besonderheiten"":""Atmungsaktiv, Komfort, Rutschfest"",""EU-Schuhgröße"":""44"",""Farbe"":""Weiß"",""Futtermaterial"":""Leder"",""GPSR Manufacturer name"":""Adidas"",""Handgefertigt"":""Nein"",""Innensohlenmaterial"":""Leder"",""Jahreszeit"":""Alle Jahreszeiten"",""Kategorie"":""Kleidung & Accessoires > Damen > Damenschuhe"",""Kategorie-ID"":""95672"",""Laufsohlenmaterial"":""Leder"",""Marke"":""adidas"",""Material"":""Leder / Wildleder"",""Modell"":""adidas Samba"",""Obermaterial"":""Leder"",""Personalisieren"":""Nein"",""Produktart"":""Sneaker"",""Produktlinie"":""adidas Samba"",""Schuhhöhe"":""Niedrig"",""Schuhweite"":""W"",""Sportart"":""Freizeit / Lifestyle, Futsal"",""Stil"":""Sneaker"",""Thema"":""Sport, Klassisch, Freizeit"",""UK-Schuhgröße"":""10"",""US-Schuhgröße"":""11,5"",""Verschluss"":""Schnürung"",""Vintage"":""Nein"",""weight"":1,""Zustand"":""Neu mit Karton""}",70 EUR,XGA0302A,1
Isabel Abedi – Lola Löwenherz Kinderbuch Abenteuer 2007 Gebundene Ausgabe Neu,Loewe,Sammeln & Seltenes > DDR & Ostalgie > DDR > Bücher & Zeitschriften > Kinder- & Jugendliteratur,SKU-9289261489,9783785556740,"Fesselnde Abenteuergeschichte, die Kinder in ihren Bann zieht. | Fördert spielerisch Fantasie und stärkt die Lesekompetenz nachhaltig. | Liebevolle Geschichten mit ansprechenden Illustrationen von Dagmar Henze. | Robuste gebundene Ausgabe, perfekt für aktive Kinderhände gefertigt. | Geschrieben von Isabel Abedi, veröffentlicht vom renommierten Loewe Verlag.","Tauchen Sie ein in die bezaubernde Welt von Lola Löwenherz, einem fesselnden Kinderbuch aus dem renommierten Loewe Verlag. Es entführt junge Leser in spannende Abenteuer und fördert dabei spielerisch Fantasie sowie Lesekompetenz.Liebevoll erzählte Geschichten und ansprechende Illustrationen vermitteln wichtige Werte auf unterhaltsame Weise. Diese robuste gebundene Ausgabe ist ideal für aktive Kinderhände und garantiert langanhaltenden Lesespaß.Im Lieferumfang ist das hochwertige Kinderbuch 'Lola Löwenherz' enthalten, welches eine dauerhafte Bereicherung für jedes Kinderzimmer darstellt. Dank seiner strapazierfähigen Verarbeitung ist es besonders pflegeleicht und bereit für unzählige spannende Vorlese- oder Selbstlese-Momente.","{""Anzahl der Seiten"":""283"",""Autor"":""Isabel Abedi"",""Breite"":""15 cm"",""Buchreihe"":""Lola"",""Buchtitel"":""Lola Löwenherz"",""Einbandart"":""Gebundene Ausgabe"",""Erscheinungsjahr"":""2007"",""Format"":""Gebundene Ausgabe"",""Genre"":""Abenteuer"",""GPSR Manufacturer name"":""Loewe"",""Hauptkategorie"":""Kinder- & Jugendliteratur"",""Höhe"":""15 cm"",""Illustrator"":""Dagmar Henze"",""ISBN"":""9783785556740"",""Kategorie"":""Sammeln & Seltenes > DDR & Ostalgie > DDR > Bücher & Zeitschriften > Kinder- & Jugendliteratur"",""Länge"":""15 cm"",""Marke"":""Loewe"",""Originalsprache"":""Deutsch"",""Produktart"":""Kinderbuch"",""Seitenanzahl"":""283"",""Sprache"":""Deutsch"",""Thematik"":""Eltern-Kind-Beziehung"",""Titel"":""Lola Löwenherz"",""vendor_sku"":""SKU-9289261489"",""Verlag"":""Loewe Verlag"",""weight"":1,""Zielgruppe"":""Kinder""}",5.95 EUR,XGA0303B,10
"PAUDIN Santokumesser N5 – Präzise Schnitte, mühelos & langanhaltend scharf",PAUDIN,Möbel & Wohnen > Kochen & Genießen > Küchenmesser,SKU-9317337160,,"Müheloses Schneiden von Fleisch, Fisch und Gemüse ermöglichen. | Edle Damast-Optik Lasergravur für stilvolle Akzente in Ihrer Küche. | Hohlschliff mit Kullen verhindert Anhaften von Schnittgut effektiv. | Ergonomischer Pakkawood-Griff für komfortablen und sicheren Halt. | Perfekte Balance für optimale Kontrolle und präzise Schnitte. | Vielseitig einsetzbar für Fleisch, Fisch, Gemüse und frische Kräuter. | Langanhaltende Schärfe für stets saubere und makellose Schnittergebnisse.","Das PAUDIN Santokumesser N5 ist Ihr unverzichtbarer Partner für makellose Schnittergebnisse und höchste Präzision in jeder Küche. Erleben Sie müheloses Arbeiten bei der Zubereitung von Fleisch, Fisch, Gemüse und frischen Kräutern dank seiner erstklassigen Ausstattung.Die 17 cm lange Klinge aus rostfreiem Edelstahl garantiert langanhaltende Schärfe und beeindruckt mit einer edlen Lasergravur in Damast-Optik sowie einem speziellen Hohlschliff, der das Anhaften von Schnittgut verhindert. Der ergonomische, wasserresistente Pakkawood-Griff sorgt für optimalen Komfort, sicheren Halt und maximale Kontrolle bei jeder Anwendung.Im Lieferumfang ist ein PAUDIN Santokumesser N5 enthalten, bereit für den sofortigen Einsatz in Ihrer Küche. Für den Werterhalt und die Langlebigkeit des Messers wird eine schonende Handwäsche empfohlen.","{""Anwendungsbereich"":""Küche"",""Artikelzustand"":""Neu"",""Besonderheiten"":""Wasserresistent, Ergonomischer Griff, Damast-Optik, Hohlschliff"",""Farbe"":""Braun, Silber"",""GPSR Manufacturer name"":""PAUDIN"",""Importeur/EC REP"":""Depha GmbH, Hansestr. 88, 38112 Braunschweig, Germany"",""Kategorie"":""Möbel & Wohnen > Kochen & Genießen > Küchenmesser"",""Klingendekor"":""Lasergravur in Damast-Optik"",""Klingenlänge"":""17 cm"",""Konstruktion"":""Half-tang mit Kropf"",""Lieferumfang"":""1x Santokumesser"",""Marke"":""PAUDIN"",""Material"":""Edelstahl, Pakkawood"",""Material Griff"":""Pakkawood"",""Material Klinge"":""Edelstahl"",""Modellnummer"":""N5"",""Pflegehinweis"":""Handwäsche empfohlen"",""Produktart"":""Santokumesser"",""Schliffart"":""Hohlschliff mit Kullen"",""Verwendungszweck"":""Fleisch, Fisch, Gemüse, Kräuter""}",23.99 EUR,XGA0203B,1
ABUS Kettenschloss IVERA Steel-O-Flex 7200 für maximalen Diebstahlschutz,ABUS,Sport > Radsport > Fahrradzubehör > Schlösser & Sicherheit,SKU-9335260557,4003318551383,"Maximaler Diebstahlschutz dank ABUS Sicherheitslevel 7. | Lackschonende Textilummantelung schützt Ihr Fahrrad effektiv. | Einfache, schnelle Handhabung durch automatische Verriegelung. | Flexible 110 cm Länge für vielseitiges, sicheres Anschließen. | Robuste Stahlkette und hochwertige Materialien für Langlebigkeit. | Deutsche Ingenieurskunst für höchste Sicherheit und Qualität.","Das ABUS IVERA Steel-O-Flex 7200 Kettenschloss bietet zuverlässigen Diebstahlschutz und schützt den Fahrradlack effektiv vor Kratzern. Es ist die ideale Lösung, um Ihr wertvolles Eigentum im Alltag sicher und komfortabel zu verwahren, sowohl in der Stadt als auch auf dem Land.Diese robuste Stahlkette ist mit einer schützenden Textilummantelung versehen, die für hohe Langlebigkeit und Materialschonung sorgt. Mit einer flexiblen Länge von 110 cm und automatischer Verriegelung lässt sich das Schloss mühelos und schnell an festen Gegenständen befestigen.Der Lieferumfang umfasst das Kettenschloss und die dazugehörigen Schlüssel, damit es sofort einsatzbereit ist. Vertrauen Sie auf die bewährte ABUS Qualität und deutsche Ingenieurskunst, die dieses Schloss zu einem langlebigen Begleiter macht.","{""Angebotspaket"":null,""Beschreibung des Angebotpakets"":null,""Besonderheiten"":""Automatische Verriegelung, Textilummantelung"",""Durchmesser"":null,""Farbe"":""Schwarz/Blau"",""Gewicht"":1,""GPSR Manufacturer name"":""ABUS"",""Größe"":null,""Herstellerland - und Region"":null,""Herstellernummer"":""7200"",""Herstellungsland"":""Deutschland"",""Kategorie"":""Sport > Radsport > Fahrradzubehör > Schlösser & Sicherheit"",""Kettendicke"":""22 mm"",""Länge"":""110 cm"",""Marke"":""ABUS"",""Material"":""Stahl, Textil"",""Modell"":""IVERA Steel-O-Flex 7200"",""Modifikationsbeschreibung"":null,""Modifizierter Artikel"":null,""Produktart"":""Kettenschloss"",""Sicherheitsstufe"":""7"",""Verschlussmechanismus"":null,""weight"":1,""Zustand"":""Neu""}",44.99 EUR,XGA0102B,1
"Derby Rasierklingen Premium Professional für sanfte, gründliche Rasur",Derby,Beauty & Gesundheit > Enthaarung & Rasur > Rasierer & Rasierklingen > Herren Rasierklingen,SKU-9428729031,08690885205328,,"Die Derby Premium Professional Rasierklingen garantieren eine außergewöhnlich gründliche und zugleich sanfte Nassrasur. Sie sind aus hochwertigem schwedischem Stahl gefertigt, um Hautirritationen effektiv zu minimieren und ein angenehmes Hautgefühl zu gewährleisten.Diese korrosionsbeständigen Doppelklingen sind vielseitig in klassischen Double Edge Rasierhobeln sowie geteilt in Shavettes einsetzbar. Ihre robuste Verarbeitung gewährleistet eine hygienische und langanhaltend sichere Anwendung für stets professionelle Rasurergebnisse.Der umfangreiche Lieferumfang umfasst eine Großpackung mit 5000 Rasierklingen, ideal für Barbershops und anspruchsvolle Vielrasierer. Für optimale Langlebigkeit und Hygiene wird nach jeder Anwendung eine einfache Reinigung empfohlen, um stets beste Ergebnisse zu erzielen.","{""Abteilung"":""Herren"",""Anwendungsbereich"":""Gesicht"",""Anzahl_der_Einheiten"":""5000"",""Besonderheiten"":""Korrosionsbeständig, Minimiert Hautirritationen"",""Einheitentyp"":""Stück"",""Farbe"":""Silber"",""Geeignet für"":""Rasierhobel, Shavette"",""Geeignet_für"":""Rasierhobel, Shavette"",""GPSR Manufacturer name"":""Derby"",""Herkunftsland"":""Türkei"",""Kategorie"":""Beauty & Gesundheit > Enthaarung & Rasur > Rasierer & Rasierklingen > Herren Rasierklingen"",""Kategorie_Pfad"":""Drogerie & Gesundheit > Rasur & Haarentfernung > Rasierklingen"",""Klingenanzahl"":""Doppelklinge"",""Klingenart"":""Doppelklinge"",""Marke"":""Derby"",""Material"":""Schwedischer Stahl"",""Packungsgröße"":""5000 Stück (50 x 100er Boxen)"",""Produktart"":""Rasierklingen Double Edge"",""Stückzahl"":""5000"",""Zielgruppe"":""Erwachsene""}",169 EUR,XGA0104D,13
HP 305 Original Tintenpatronen Doppelpack für brillante Druckergebnisse,HP,"Computer, Tablets & Netzwerk > Drucker, Scanner & Zubehör > Tinte, Toner & Papier > Tintenpatronen",SKU-9431798499,0195161166969,Gestochen scharfer Text und brillante Farben | Zuverlässige Druckergebnisse für Zuhause und Büro | Praktisches Doppelpack: Schwarz und Dreifarbig | Schützt die Druckergarantie und sichert Funktionalität | Einfache Installation für schnellen Patronenwechsel | Konsistente Qualität mit Original HP Zubehör,"Die HP 305 Original Tintenpatronen liefern gestochen scharfen Text und brillante Farben für all Ihre Dokumente und Fotos. Sie gewährleisten zuverlässige Druckergebnisse zu Hause und im Büro.Dieses praktische Doppelpack enthält eine schwarze und eine dreifarbige Patrone, speziell entwickelt für HP DeskJet und ENVY Modelle. Die Original HP Tinte schützt zudem die Garantie Ihres Druckers und sichert langanhaltende Funktionalität.Die einfache Installation ermöglicht einen schnellen Austausch, sodass Sie stets eine Ersatzpatrone zur Hand haben. Profitieren Sie von konsistenten Ergebnissen und der bewährten Qualität von Original HP Zubehör.","{""Anwendungsbereich"":""Home Office, Büro"",""Anzahl der Einheiten"":""2"",""Druckerhersteller"":""HP"",""Druckerpatronenkapazität"":""Standard"",""Druckertyp"":""Tintenstrahl"",""Einheitentyp"":""Patrone"",""Farbe"":""Schwarz, Dreifarbig"",""Füllstand"":""Voll"",""Garantie"":""Herstellergarantie"",""GPSR Manufacturer name"":""HP"",""Herstellernummer"":""6ZD17AE"",""Kategorie"":""Computer, Tablets & Netzwerk > Drucker, Scanner & Zubehör > Tinte, Toner & Papier > Tintenpatronen"",""Kompatible Druckermodelle"":""HP DeskJet 2300, HP DeskJet 2700, HP ENVY 6000, HP ENVY 6400"",""Kompatible Druckerserien"":""HP DeskJet 2300, HP DeskJet 2700, HP ENVY 6000, HP ENVY 6400"",""Kompatible Marke"":""HP"",""Lieferumfang"":""1x Schwarz, 1x Dreifarbig"",""Marke"":""HP"",""Material"":""Kunststoff"",""Modell"":""305"",""Produktart"":""Tintenpatrone"",""Region"":""Europa, Russland, GUS, Mittlerer Osten & Afrika"",""Seitenleistung"":""Schwarz: 120 Seiten, Farbe: 100 Seiten"",""Seitenleistung Farbe"":""100 Seiten"",""Seitenleistung Schwarz"":""120 Seiten"",""Serie"":""HP 305"",""Sicherheitshinweise"":""Außer Reichweite von Kindern aufbewahren"",""Technologie"":""Tintenstrahl"",""Verpackungseinheit"":""2er-Pack (Schwarz + Dreifarbig)"",""Zustand"":""Neu""}",24.99 EUR,,0
Puma Herren Golfschuhe Fusion Crush Sport - Maximaler Komfort,Puma,Kleidung & Accessoires > Herren > Herren-Accessoires > Handschuhe & Fäustlinge,SKU-9436640030,4099685332441,Optimale Dämpfung durch innovative Fusion Foam Technologie | Leichtes Design für ermüdungsfreies Tragen über lange Distanzen | Sicherer Halt und Stabilität auf unterschiedlichen Golfplatz-Terrains | Sportlicher und moderner Look für stilbewusste Golfer | Hoher Tragekomfort für volle Konzentration auf das Spiel | Robuste Verarbeitung für langanhaltende Performance,"Die Puma Fusion Crush Sport Golfschuhe bieten komfortable Fusion Foam Dämpfung, leichtes Design und sportlichen Look – perfekt für Golfer, die Wert auf Komfort und Stil legen.","{""Dämpfungstechnologie"":""Fusion Foam"",""Eigenschaften"":""Gepolstert, Leichtgewicht"",""Einsatzbereich"":""Golf"",""Farbe"":""Weiß/Grau mit Rot"",""GPSR Manufacturer name"":""Puma"",""Größe EU"":""44"",""Größe US"":""10.5"",""Kategorie"":""Kleidung & Accessoires > Herren > Herren-Accessoires > Handschuhe & Fäustlinge"",""Modell"":""Fusion Crush Sport"",""Obermaterial"":""Synthetik/Textil"",""Produktart"":""Golfschuh"",""Sohlenmaterial"":""Gummi"",""Stil"":""Sportschuh"",""Verschlussart"":""Schnürung"",""Zielgruppe"":""Herren""}",62 EUR,XGA0302A,1
Jolly Superwaxies Aqua Wachsmalstifte - Wasservermalbar für Aquarelleffekte,Jolly,Spielzeug > Basteln & Kreativität,SKU-9454243198,9014400035983,Brillante Farben für vielseitigen Malspaß und kreative Entfaltung. | Wasservermalbar für faszinierende Aquarelleffekte mit Pinsel. | Robustes Wachs garantiert langlebigen Malgenuss und hohe Haltbarkeit. | Fördert spielerisch Feinmotorik und Kreativität bei jungen Künstlern. | Qualitätsprodukt aus Österreich für höchste Ansprüche an Malstifte. | Sichere Aufbewahrung der 10 Farben im stabilen Metalletui.,"Die Jolly Superwaxies Aqua Wachsmalstifte eröffnen Kindern und Erwachsenen eine Welt voller kreativer Entfaltung. Sie sind ideal für zu Hause, die Schule oder unterwegs und bieten vielseitigen Malspaß durch brillante Farben und Wasservermalbarkeit.Diese hochwertigen Wachsmalstifte aus robustem Wachs ermöglichen nach dem Auftragen faszinierende Aquarelleffekte mit einem feuchten Pinsel. Der Lieferumfang umfasst 10 leuchtende Farben in einem praktischen Metalletui, die langlebigen Malgenuss garantieren.Als Qualitätsprodukt aus Österreich fördern diese Stifte spielerisch die Feinmotorik und Kreativität bei jungen Künstlern. Für Fragen oder Unterstützung steht Ihnen unser engagierter Kundenservice jederzeit gerne zur Verfügung.","{""Altersgruppe"":""Kinder und Erwachsene"",""Anzahl der Farben"":""10"",""Besonderheiten"":""Wasservermalbar"",""Eigenschaft"":""Wasservermalbar"",""Einheitentyp"":""Stifte"",""Farbe"":""Mehrfarbig"",""GPSR Manufacturer name"":""Jolly"",""Herstellungsland"":""Österreich"",""Herstellungsland und -region"":""Österreich"",""Kategorie"":""Spielzeug > Basteln & Kreativität"",""Marke"":""Jolly"",""Material"":""Wachs"",""Produktart"":""Wachsmalstifte"",""Verpackung"":""Metalletui"",""Zielgruppe"":""Kinder und Erwachsene""}",9.55 EUR,XGA0204D,7
"Eureka E10s Saug- & Wischroboter mit Absaugstation, 4000 Pa Saugkraft Weiß",Eureka,Spielzeug > Elektrisches Spielzeug > Roboter,SKU-9458628509,6956079723620,"Hygienische, beutellose Absaugstation für minimalen Wartungsaufwand. | Präzise LiDAR-Navigation für systematische und lückenlose Reinigung. | Intelligente Teppicherkennung optimiert die Saugkraft automatisch. | Starke 4000 Pa Saugleistung entfernt Staub und Tierhaare mühelos. | Kombinierte Saug- und Wischfunktion für makellose Hartböden. | Bequeme App-Steuerung für individuelle Reinigungspläne und Fernzugriff. | Flaches Design ermöglicht gründliche Reinigung unter Möbeln.","Der Eureka E10s Saug- & Wischroboter revolutioniert Ihre Bodenpflege, indem er makellose Sauberkeit auf Hartböden und Teppichen gewährleistet. Er kombiniert leistungsstarkes Saugen mit einer effektiven Wischfunktion, um Ihr Zuhause mühelos strahlend rein zu halten und Ihnen wertvolle Zeit zu sparen.Ausgestattet mit präziser LiDAR-Navigation und intelligenter Teppicherkennung, reinigt der Roboter systematisch und passt die Saugkraft optimal an jede Oberfläche an. Die beutellose Multi-Zyklon Absaugstation sorgt für hygienische Entleerung, während das robuste Kunststoffgehäuse Langlebigkeit garantiert und die App-Steuerung flexible Reinigungspläne ermöglicht.Der Lieferumfang umfasst den Eureka E10s Saugroboter, die passende Absaugstation, ein Netzkabel sowie zwei Seitenbürsten, sodass Sie direkt mit der Reinigung starten können. Für optimale Leistung wird die regelmäßige Reinigung der Filter empfohlen; detaillierte Anleitungen und Support finden Sie in der beiliegenden Bedienungsanleitung.","{""Absaugstation Details"":""Beutellos, Multi-Zyklon"",""Automatische Teppicherkennung"":""Ja"",""Beutellos"":""Ja"",""EAN"":""6956079723620"",""Farbe"":""Weiß"",""Filtertyp"":""Multi-Zyklon"",""Geeignet für Oberflächen"":""Hartböden, Teppiche"",""GPSR Manufacturer name"":""Eureka"",""Herstellernummer"":""E10s"",""Kategorie"":""Spielzeug > Elektrisches Spielzeug > Roboter"",""Kategorie_Breadcrumb"":""Haushaltsgeräte > Staubsauger > Saugroboter"",""Lieferumfang"":""Saugroboter, Absaugstation, Netzkabel, 2 Seitenbürsten"",""Marke"":""Eureka"",""Material"":""Kunststoff"",""Mit Absaugstation"":""Ja"",""Modell"":""E10s"",""Navigationstechnologie"":""LiDAR"",""Produktart"":""Saug- & Wischroboter"",""Saugkraft"":""4000 Pa"",""Steuerung"":""App-Steuerung"",""weight"":1,""Wischfunktion"":""Ja""}",121.99 EUR,,0
Knirps Taschenschirm AS.050 Navy: Extrem windstabil & kompakt,Knirps,Reisen > Reiseaccessoires > Regenschirme,SKU-9564743151,9003034391442,"Extrem windstabil für zuverlässigen Schutz bei jedem Wetter. | Kompaktes Navy-Design, mühelos zu transportieren und stilvoll. | Blitzschnelles Öffnen und Schließen für sofortigen Regenschutz. | Hochwertige Knirps-Materialien garantieren außergewöhnliche Langlebigkeit. | Leichtgewicht und handlich, ideal für unterwegs in jeder Tasche. | Intuitive Handhabung ermöglicht sofortige Einsatzbereitschaft bei jedem Wetter.","Der Knirps Taschenschirm AS.050 in elegantem Navy-Blau ist Ihr idealer Begleiter für jede Wetterlage und bietet sofortigen, zuverlässigen Schutz vor Regen und Wind. Bleiben Sie stets trocken und komfortabel, egal wie unvorhersehbar das Wetter wird, dank seiner extrem windstabilen Konstruktion.Dieser Schirm besticht durch seine außergewöhnlich robuste Konstruktion aus hochwertigen, strapazierfähigen Materialien, die für langanhaltende Zuverlässigkeit sorgen. Dank der intuitiven Handhabung lässt er sich blitzschnell öffnen und schließen, um bei plötzlichen Wetterumschwüngen sofort einsatzbereit zu sein.Im Lieferumfang ist eine praktische Schutzhülle enthalten, die den Schirm nach Gebrauch sauber und ordentlich aufbewahrt und den Transport erleichtert. Für eine dauerhafte Funktionalität und lange Lebensdauer empfiehlt sich eine regelmäßige Reinigung sowie das vollständige Lufttrocknen nach jedem Einsatz.","{""Besonderheiten"":""Windstabil"",""Geschlecht"":""Unisex"",""GPSR Manufacturer name"":""Knirps"",""Herstellernummer"":""9590561201W"",""Kategorie"":""Reisen > Reiseaccessoires > Regenschirme"",""Marke"":""Knirps"",""Modell"":""AS.050"",""Muster"":""Einfarbig"",""Produktart"":""Taschenschirm"",""Zielgruppe"":""Erwachsene"",""Zustand"":""Neu""}",29.54 EUR,XSGA0103A,1
Universal Tablet-Bodenständer mit Schwenkarm & Höhenverstellung für alle Tablets,,"Büro & Schreibwaren > Papier, Büro- & Schreibwaren > Schreiben & Korrigieren > Füllfederhalter",SKU-9603350817,,,"Dieser vielseitige Tablet-Bodenständer bietet eine flexible Lösung für die freihändige Nutzung Ihres Tablets in jeder Umgebung. Genießen Sie Filme, lesen Sie E-Books oder folgen Sie Rezepten komfortabel, ohne Ihr Gerät halten zu müssen, und erleben Sie maximalen Komfort.Der robuste Schwenkarm ermöglicht eine präzise Positionierung und optimale Ergonomie durch Höhen- und Winkeleinstellung. Eine stabile Bodenplatte gewährleistet dabei jederzeit einen sicheren Stand und verhindert zuverlässig ein Umkippen des Geräts.Gefertigt aus langlebigem Metall und hochwertigem Kunststoff, überzeugt dieser Ständer mit hoher Stabilität und einem schlanken, modernen Design. Der Lieferumfang umfasst den Bodenständer und eine leicht verständliche Anleitung; unser Kundenservice steht Ihnen bei Fragen jederzeit zur Verfügung.","{""Angebotspaket"":null,""Anzahl der Einheiten"":null,""Ausgewählte Suchfilter"":null,""Beschreibung des Paketinhalts"":null,""Besonderheiten"":""Verstellbar, Schwenkbar"",""Besonderheiten der Feder"":null,""Besonderheiten der Griffzone"":null,""Füllfederhalter"":null,""Herstellernummer"":null,""Herstellungsland und -region"":null,""Kategorie"":""Büro & Schreibwaren > Papier, Büro- & Schreibwaren > Schreiben & Korrigieren > Füllfederhalter"",""Marke"":null,""Maßeinheit"":null,""Material"":""Metall, Kunststoff"",""Modell"":null,""Modifikationsbeschreibung"":null,""Modifizierter Artikel"":null,""Produktart"":null,""Schreibfarbe"":null,""Stärke"":null}",20.98 EUR,,0
d-c-fix Energiespar Fensterfolie 90x200cm für optimales Raumklima,d-c-fix,"Möbel & Wohnen > Rollos, Gardinen & Vorhänge > Fensterfolien",SKU-9627368343,4007386251480,Ganzjährig optimales Raumklima: Reduziert Wärme und Kälte um ca. 45%. | Schützt Möbel und Textilien vor Ausbleichen durch 95% UV-Blockierung. | Selbstklebende Folie für einfache und schnelle Innenmontage. | Transparente Optik bewahrt klare Sicht und fügt sich unauffällig ein. | Leicht zu reinigen und dauerhaft pflegeleicht für langanhaltende Klarheit.,"Die d-c-fix Energiespar Fensterfolie optimiert ganzjährig Ihr Raumklima, indem sie im Winter Wärmeverluste reduziert und im Sommer die Hitze um ca. 45% mindert. Dies führt zu spürbaren Energieeinsparungen und schützt gleichzeitig Ihre Einrichtung effektiv vor dem Ausbleichen durch Blockierung von bis zu 95% der schädlichen UV-Strahlung.Diese hochwertige, selbstklebende Kunststofffolie ist speziell für die einfache Innenmontage auf einfach verglasten Fenstern konzipiert und misst 90 x 200 cm. Ihre klare, unauffällige Oberfläche fügt sich nahtlos in jede Raumgestaltung ein und lässt sich bei Bedarf mühelos reinigen, um dauerhaft eine klare Sicht zu gewährleisten.Im Lieferumfang ist eine Rolle der d-c-fix Energiespar Fensterfolie enthalten, die sofort einsatzbereit ist. Für eine optimale Anbringung und maximale Energieeffizienz beachten Sie bitte die beiliegende Montageanleitung, um die volle Wirkung der Folie zu entfalten.","{""Abmessungen"":""90 x 200 cm"",""Abteilung"":""Erwachsene"",""Anzahl der Einheiten"":""1"",""Artikelbreite"":""90 cm"",""Artikellänge"":""200 cm"",""Besonderheiten"":""Selbstklebend, UV-Schutz, Wärmedämmend"",""Einheitentyp"":""Rolle"",""Einsatzbereich"":""Fenster / Glasflächen im Innenbereich"",""Farbe / Optik"":""transparent / klar"",""Form"":""Rechteckig"",""Geeignet für"":""Fenster, Glasflächen"",""GPSR Manufacturer name"":""d-c-fix"",""Herstellernummer"":""333-0000"",""Herstellungsland und -region"":""Deutschland"",""Kategorie"":""Möbel & Wohnen > Rollos, Gardinen & Vorhänge > Fensterfolien"",""Marke"":""d-c-fix"",""Material"":""Kunststoff"",""Montage"":""Selbstklebend"",""Montageart"":""selbstklebende Folie, innen auf die Scheibe"",""Muster"":""Einfarbig"",""Oberfläche"":""glatt"",""Produktart"":""Energiesparfolie"",""Reduktion Wärmeeinstrahlung"":""ca. 45 %"",""Stil"":""Modern"",""Thema"":""Energieeffizienz"",""UV-Schutz"":""bis zu 95 % UV-Reduktion"",""Zimmer"":""Alle Zimmer"",""Zustand"":""Neu""}",29.99 EUR,XGA0203C,18
House Nordic Servierwagen: Eleganter Rollwagen für flexible Nutzung,House Nordic,"Garten & Terrasse > Grills, Heizstrahler & Picknickzubehör > Servierwagen",SKU-9671499764,5713917008889,Elegantes Design fügt sich nahtlos in moderne Wohnräume ein. | Zwei geräumige Ablagen schaffen optimalen Stauraum und Ordnung. | Müheloser Transport dank leichtgängiger Rollen für maximale Flexibilität. | Vielseitig einsetzbar als Servierwagen oder praktischer Beistelltisch. | Extrem stabile Konstruktion gewährleistet lange Haltbarkeit und Sicherheit. | Schnelle und einfache Montage für sofortige Einsatzbereitschaft. | Pflegeleichte Oberflächen ermöglichen eine unkomplizierte Reinigung.,"Der House Nordic Servierwagen Noel ist ein stilvoller und funktionaler Begleiter, der Ihr Zuhause bereichert und sich ideal für das elegante Servieren von Speisen und Getränken eignet. Seine zwei großzügigen Ablageflächen schaffen optimalen Stauraum und tragen zu einem aufgeräumten Ambiente bei.Gefertigt aus hochwertigem schwarzem Metall, überzeugt der Servierwagen Noel durch beeindruckende Robustheit und eine zeitlos moderne Ästhetik, die jedes Interieur stilvoll ergänzt. Vier leichtgängige Rollen ermöglichen dabei mühelosen Transport und höchste Flexibilität in Ihrem Wohnraum.Die unkomplizierte Montage und die pflegeleichte Oberfläche garantieren langanhaltende Freude an diesem vielseitigen Möbelstück. Der Servierwagen wird Ihnen komplett geliefert, sodass er schnell einsatzbereit ist und Sie sofort von seinen Vorteilen profitieren können.","{""Breite"":""68 cm"",""GPSR Manufacturer name"":""House Nordic"",""Höhe"":""79 cm"",""Kategorie"":""Garten & Terrasse > Grills, Heizstrahler & Picknickzubehör > Servierwagen"",""Kategorie (Breadcrumb)"":""Möbel & Wohnen > Klein- & Spezialmöbel > Servierwagen"",""Marke"":""House Nordic"",""Montage erforderlich"":""Ja"",""Produktart"":""Servierwagen"",""Stil"":""Modern""}",81.99 EUR,XGA0202E,1
"bremermann Nudelmaschine Manuell für frische, hausgemachte Pasta",bremermann,Sammeln & Seltenes > DDR & Ostalgie > DDR > Haushalt & Küche,SKU-9787450821,4057993570030,,"Entdecken Sie die Freude an frischer, hausgemachter Pasta mit der bremermann Nudelmaschine, die mühelos authentische Spezialitäten wie Lasagne und Tagliatelle kreiert. Ihre Liebsten werden von den selbstgemachten Nudeln begeistert sein, die Sie mit diesem vielseitigen Gerät zubereiten können.Stabile Edelstahlwalzen und ein hochwertiges, rot lackiertes Metallgehäuse garantieren eine langlebige und leicht zu reinigende Konstruktion für den regelmäßigen Einsatz. Dank der robusten Handkurbel und einer praktischen Tischklemme lässt sich das Gerät sicher am Arbeitstisch befestigen und komfortabel bedienen.Der Lieferumfang umfasst die Nudelmaschine, die Handkurbel, die Tischklemme sowie einen Reinigungsspatel für die einfache Pflege nach Gebrauch. Die ausschließliche Trockenreinigung gewährleistet die Langlebigkeit und erhält die optimale Funktion des Gerätes auf Dauer, sodass Sie lange Freude daran haben werden.","{""Bedienung"":""Handkurbel"",""Befestigung"":""Tischklemme mit Schraubzwinge"",""Besonderheiten"":""Mit Kurbel, Tischbefestigung"",""Einsatzbereich"":""Herstellung von Pasta wie Lasagneplatten und Bandnudeln"",""Farbe"":""Rot"",""GPSR Manufacturer name"":""bremermann"",""Hersteller"":""bremermann Vertriebs GmbH & Co. KG"",""Herstellernummer"":""57003"",""Kategorie"":""Sammeln & Seltenes > DDR & Ostalgie > DDR > Haushalt & Küche"",""Lieferumfang"":""Nudelmaschine, Handkurbel, Tischklemme, Reinigungsspatel"",""Marke"":""bremermann"",""Material"":""Edelstahlwalzen, lackiertes Metallgehäuse"",""Modell"":""57003"",""Produktart"":""Manuelle Nudelmaschine""}",25.99 EUR,XGA0101C,1
adidas Samba OG J Damen Sneaker Cloud White / Collegiate Green NEU OVP Gr. 38,adidas,"Spielzeug > Bären, -kleidung & Zubehör > Bärenkleidung & Accessoires",SKU-9804667250,4067904610731,"Ikonischer adidas Samba Stil verleiht jedem Kinder-Outfit zeitlose Eleganz. | Herausragender Tragekomfort garantiert Wohlbefinden den ganzen Tag. | Robustes Obermaterial aus Leder und Synthetik für lange Haltbarkeit. | Sichere Gummilaufsohle bietet optimale Traktion auf allen Untergründen. | Vielseitig einsetzbar für Sport, Schule und alle Freizeitaktivitäten. | Zeitloses Design, das modisch immer aktuell bleibt und begeistert.","Der adidas Samba OG J Kindersneaker vereint ikonischen Stil mit herausragendem Tragekomfort und ist der ideale Begleiter für aktive Kinder und Jugendliche. Er eignet sich perfekt für sportliche Aktivitäten, den Schulalltag und entspannte Freizeitmomente, stets mit einem zeitlosen Look.Gefertigt aus einem hochwertigen Obermaterialmix aus robustem Leder und Synthetik, ergänzt durch stilvolle Wildleder-Overlays, garantiert dieser Sneaker außergewöhnliche Langlebigkeit. Die bewährte Gummilaufsohle bietet dabei jederzeit sicheren Halt und zuverlässige Traktion auf unterschiedlichsten Untergründen.Sie erhalten diesen hochwertigen Sneaker in makellosem Zustand, neu und originalverpackt, bereit für den sofortigen Einsatz. Um die brillante Optik und die Langlebigkeit des Schuhs langfristig zu bewahren, wird eine regelmäßige Pflege mit empfohlenen Schuhpflegeprodukten angeraten.","{""Absatzhöhe"":""Flach"",""Abteilung"":""Damen"",""Akzente"":""Streifen"",""Anlass"":""Sport"",""category"":""Schuhe"",""Eigenschaften"":""Atmungsaktiv, Rutschfest"",""EU-Schuhgröße"":""38 2/3"",""Farbe"":""Grün"",""Futtermaterial"":""Leder"",""Geschlecht"":""Unisex"",""GPSR Manufacturer name"":""adidas"",""Größe"":""38 2/3"",""Handgefertigt"":""Nein"",""Herstellerfarbe"":""Cloud White / Collegiate Green / Gum"",""Herstellernummer"":""SKU-9804667250"",""Individualisiert"":""Nein"",""Innensohlenmaterial"":""Leder"",""Jahreszeit"":""Alle Jahreszeiten"",""Kategorie"":""Spielzeug > Bären, -kleidung & Zubehör > Bärenkleidung & Accessoires"",""Laufsohle"":""Gummi"",""Laufsohlenmaterial"":""Leder"",""Marke"":""adidas"",""Modell"":""adidas Samba"",""Muster"":""Einfarbig"",""Obermaterial"":""Leder"",""Produktart"":""Sportschuh"",""Produktlinie"":""adidas Samba"",""Schuhschafttyp"":""Low Top"",""Schuhweite"":""Normal"",""Sportart"":""Lifestyle"",""Stil"":""Sneaker"",""Thema"":""Sport"",""UK-Größe"":""5.5"",""UK-Schuhgröße"":""2"",""US-Größe"":""6"",""US-Schuhgröße"":""3"",""Verschluss"":""Schnürung"",""Vintage"":""Nein"",""weight"":1,""Zielgruppe"":""Kinder/Jugendliche"",""Zustand"":""Neu mit Karton""}",79.9 EUR,XGA0302A,1
YOLEO Kinderroller 3-Rad mit LED-Rädern & höhenverstellbarem Lenker,YOLEO,Auto & Motorrad: Fahrzeuge > Motorräder > Roller,SKU-9820031170,,"Anpassbarer Lenker: Ergonomische Haltung und Komfort für jedes Alter. | Stabiles 3-Rad-Design: Maximale Sicherheit und einfacher Einstieg für Anfänger. | Ganzheitliche Förderung: Unterstützt Motorik, Gleichgewicht und Koordination spielerisch. | Hochwertige Materialien: Garantieren Langlebigkeit und Widerstandsfähigkeit im Alltag. | Schnelle Inbetriebnahme: Einfache Montage und intuitive Bedienung für sofortigen Fahrspaß.","Der YOLEO Kinderroller 931 ist der ideale Begleiter für kleine Entdecker ab 3 Jahren. Mit seinem farbenfrohen Design und den leuchtenden LED-Rädern sorgt er für jede Menge Spaß und Aufmerksamkeit, besonders bei Dämmerung. Er fördert spielerisch die motorischen Fähigkeiten und das Gleichgewicht Ihres Kindes.Der höhenverstellbare Lenker ermöglicht eine individuelle Anpassung an die Größe des Kindes und gewährleistet eine ergonomische Haltung. Das robuste 3-Rad-Design bietet zusätzliche Stabilität und Sicherheit, was ihn besonders für Fahranfänger geeignet macht und das Vertrauen stärkt.Gefertigt aus hochwertigen Materialien, verspricht der Roller Langlebigkeit und Widerstandsfähigkeit im täglichen Gebrauch. Die einfache Montage und intuitive Bedienung machen ihn zu einem unkomplizierten Spielgerät und einem ausgezeichneten Geschenk für aktive Kinder, die gerne draußen unterwegs sind.","{""Altersempfehlung"":""3+ Jahre"",""Besonderheiten"":""LED-Räder, Höhenverstellbarer Lenker"",""Farbe"":""Schwarz"",""Geeignet für"":""Kinder"",""Geschlecht"":""Unisex"",""GPSR Manufacturer name"":""YOLEO"",""Herstellernummer"":""931"",""Kategorie"":""Auto & Motorrad: Fahrzeuge > Motorräder > Roller"",""Lenker"":""höhenverstellbar"",""Marke"":""YOLEO"",""Produktart"":""Kinderroller"",""Räderkonfiguration"":""2 vorne, 1 hinten""}",39.99 EUR,,0
"MSV Handtuchhalter 3-stufig Schwarz, bohrfrei & platzsparend",MSV,Möbel & Wohnen > Kindermöbel & Wohnen > Badzubehör & -textilien,SKU-9834509499,3700703935148,,"Dieser MSV Handtuchhalter schafft Ordnung und Hygiene in Ihrem Bad, indem er Handtücher stets griffbereit und optimal belüftet hält. Seine bohrfreie Anbringung schont Ihre Wände und ermöglicht ein schnelles, hygienisches Trocknen dank der drei geräumigen Stufen.Gefertigt aus robustem Metall in elegantem Schwarz, garantiert dieser Handtuchhalter Langlebigkeit und eine stilvolle Optik in jedem Badezimmer. Mit Maßen von 42x22x68.5 cm bietet er großzügigen Platz für mehrere Handtücher und lässt sich flexibel an Türen oder Duschwänden einhängen.Der Handtuchhalter wird vormontiert geliefert und ist sofort einsatzbereit, sodass keine aufwendige Montage nötig ist. Für die Pflege genügt ein feuchtes Tuch, und seine flexible Einhängefunktion erlaubt jederzeit ein spurloses Umplatzieren.","{""Anzahl Stufen"":""3"",""Artikelnummer"":""3700703935148"",""Besonderheiten"":""Ohne Bohren"",""Breite"":""42 cm"",""Farbe"":""Schwarz"",""GPSR Manufacturer name"":""MSV"",""Höhe"":""68.5 cm"",""Kategorie"":""Möbel & Wohnen > Kindermöbel & Wohnen > Badzubehör & -textilien"",""Marke"":""MSV"",""Material"":""Metall"",""Montageart"":""Zum Einhängen"",""Produktart"":""Handtuchhalter"",""Tiefe"":""22 cm"",""Zimmer"":""Badezimmer""}",19.95 EUR,XGA0202B,1
Disney – Es war einmal ein Schneemann Bilderbuch Gebundene Ausgabe Neu,Disney,Sammeln & Seltenes > Rollenspiele & Tabletops > LARP & Reenactment > Kleidung & Accessoires > Kinder,SKU-9876441475,9783845118116,"Herzerwärmende Geschichte über Freundschaft und Selbstfindung | Fördert spielerisch Fantasie und Sprachkenntnisse bei Kindern | Robuste, gebundene Ausgabe, ideal für kleine Kinderhände | Hochwertiges Papier mit lebendigen, ansprechenden Illustrationen | Perfekt zum Vorlesen oder für erste Leseversuche geeignet | Begeistert kleine Disney Die Eiskönigin Fans als ideales Geschenk","Entdecken Sie mit dem Disney Kinderbuch ""Es war einmal ein Schneemann"" eine herzerwärmende Geschichte über Freundschaft und Selbstfindung. Dieses bezaubernde Bilderbuch begeistert Kinder von 3 bis 6 Jahren und fördert spielerisch ihre Fantasie. Die robuste, gebundene Ausgabe ist ideal für kleine Kinderhände und garantiert langanhaltenden Lesespaß. Hochwertiges, strapazierfähiges Papier präsentiert lebendige Illustrationen, die die Sprachkenntnisse Ihres Kindes spielerisch entwickeln. Sie erhalten eine erstklassige, deutschsprachige Ausgabe des Nelson Verlags, perfekt zum Vorlesen oder für erste Leseversuche. Dieses liebevoll gestaltete Buch ist ein ideales Geschenk für kleine Disney-Fans und bereichert jede Kinderbuchsammlung um unzählige magische Lesestunden.","{""Altersempfehlung"":""3-6 Jahre"",""Altersgruppe"":""Kindergartenkinder (3-6 Jahre)"",""Antiquarisch"":""Nein"",""Anzahl"":""1 Buch"",""Anzahl der Einheiten"":""1"",""Autor"":""Disney"",""Besonderheiten"":""Illustriert"",""Buchreihe"":""Die Eiskönigin"",""Buchtitel"":""Es war einmal ein Schneemann"",""Charakter"":""Olaf"",""Einband"":""Gebundene Ausgabe"",""Einheitentyp"":""Buch"",""Format"":""Gebundene Ausgabe"",""Franchise"":""Disney Die Eiskönigin"",""Genre"":""Geschichte"",""GPSR Manufacturer name"":""Disney"",""Herstellernummer"":""SKU-9876441475"",""Höhe"":""24 cm"",""ISBN"":""9783845118116"",""Länge"":""22 cm"",""Marke"":""Disney"",""Material"":""Papier"",""Originalsprache"":""Deutsch"",""Produktart"":""Bilderbuch"",""Seitenanzahl"":""32"",""Signiert"":""Nein"",""Sprache"":""Deutsch"",""Thema"":""Disney Die Eiskönigin"",""Thematik"":""Disney"",""Titel"":""Es war einmal ein Schneemann"",""Verlag"":""Grupo Nelson"",""weight"":1,""Zielgruppe"":""Kinder"",""Zustand"":""Neu""}",5.28 EUR,XSGA0103A,1
Dexcom G7 Blutzuckermessgerät: Präzise Echtzeit-Glukoseüberwachung,Dexcom,Business & Industrie > Medizin & Labor > Medizinische Geräte,SKU-9912977908,00386270002273,"Sofortige, präzise Glukosedaten für fundierte Therapieentscheidungen in Echtzeit. | Zuverlässige Warnungen schützen Sie frühzeitig vor kritischen Blutzuckerwerten. | Kompaktes, robustes Design für diskreten Tragekomfort und maximale Langlebigkeit. | Intuitive Bedienung ermöglicht schnellen und einfachen Zugriff auf Ihre Glukosedaten. | Einfache Anwendung für eine nahtlose Integration in Ihren Alltag. | Kontinuierliche Überwachung für ein umfassendes Verständnis Ihrer Werte.","Der Dexcom G7 Receiver revolutioniert die Diabetestherapie durch kontinuierliche Glukosemessung in Echtzeit. Er liefert präzise Einblicke in Ihre Blutzuckerwerte und ermöglicht eine fundierte Steuerung Ihrer Therapie, was Ihre Lebensqualität signifikant verbessert.Dieses hochmoderne Gerät besticht durch ein kompaktes, benutzerfreundliches Design aus robusten Materialien, das Langlebigkeit und diskreten Tragekomfort garantiert. Der Dexcom G7 Receiver wird vollständig einsatzbereit geliefert, sodass Sie sofort mit der präzisen Glukoseüberwachung beginnen können.Für eine langfristige Hygiene und einwandfreie Funktion genügt eine einfache Pflege mit einem feuchten Tuch, um die optimale Leistung des Geräts zu gewährleisten. Bei Fragen zur Anwendung oder technischer Unterstützung steht Ihnen der Dexcom Kundenservice jederzeit zur Verfügung.","{""Ablaufdatum"":""2024-10-24"",""Besonderheiten"":""Kontinuierliche Glukosemessung (CGM)"",""CH-Bevollmächtigter"":""MDSS CH GmbH, Laurenzenvorstadt 61, 5000 Aarau, Switzerland"",""Chargennummer"":""18038421"",""Copyright-Jahr"":""2022"",""EU-Bevollmächtigter"":""MDSS GmbH, Schiffgraben 41, 30175 Hannover, Germany"",""Farbe"":""Schwarz"",""GPSR Manufacturer name"":""Dexcom"",""Hersteller"":""Dexcom, Inc."",""Herstelleradresse"":""6340 Sequence Drive, San Diego, CA 92121 USA"",""Herstellernummer"":""STK-GT-013"",""Kategorie"":""Business & Industrie > Medizin & Labor > Medizinische Geräte"",""Lagertemperatur"":""0°C - 40°C"",""Luftfeuchtigkeit"":""10% - 90%"",""Marke"":""Dexcom"",""Messbereich"":""mg/dL"",""Modell"":""G7"",""Produktart"":""Blutzuckermessgerät"",""Seriennummer"":""PG443G07FB00009348"",""Zustand"":""Neu""}",148 EUR,XGA0101B,1
SCENEX Damen Tanzschuhe – Elegant & Stabil für Tango & Salsa,SCENEX,Kleidung & Accessoires > Herren > Herren-Accessoires > Handschuhe & Fäustlinge,SKU-9933881904,,"Perfekt für Tango, Salsa und anspruchsvollen Gesellschaftstanz. | Elegante Riemchen und offene Zehenpartie für sicheren Halt. | Individuell anpassbarer Knöchelriemen für optimalen Tragekomfort. | Stabiler Blockabsatz bietet Komfort und sicheren Stand. | Hochwertiges Satinmaterial für Flexibilität und Fußunterstützung.","Die schwarzen MJCM SARL Sana Tango Chacita Tanzschuhe sind ideal für Damen und Mädchen, die Tango, Salsa oder Gesellschaftstanz lieben. Diese eleganten Tanzsandalen in Größe 41 EU bieten Komfort und Stabilität sowohl beim Training als auch bei Auftritten. Die Tanzschuhe zeichnen sich durch eine offene Zehenpartie mit gekreuzten Riemchen und eine geschlossene Fersenkappe aus. Der verstellbare Knöchelriemen mit Schnalle sorgt für einen sicheren und individuellen Halt.

Der niedrige Blockabsatz bietet zusätzliche Stabilität und Komfort. Die hochwertigen Materialien bieten eine optimale Balance zwischen Flexibilität und Unterstützung. Die MJCM Sana Tango Chacita Tanzschuhe sind die perfekten Begleiter für alle Tanzbegeisterten.

Die Tanzschuhe werden mit einem Schuhkarton geliefert. Sie sind ideal für Training und Auftritte geeignet. Die offene Zehenpartie mit gekreuzten Riemchen sorgt für einen guten Halt. Geeignet für Damen, Mädchen und Jugendliche.","{""Absatzform"":""Blockabsatz"",""Absatzhöhe"":""Niedriger Absatz"",""Anlass"":""Tanzen"",""Farbe"":""Schwarz"",""Geschlecht"":""Damen"",""GPSR Manufacturer name"":""SCENEX"",""Kategorie"":""Kleidung & Accessoires > Herren > Herren-Accessoires > Handschuhe & Fäustlinge"",""Marke"":""SCENEX"",""Material"":""Satin"",""Schuhgröße EU"":""41 EU"",""Stil"":""Tanzsandalen""}",34.9 EUR,XGA0301B,1
HOLA KIT Reifenreparaturset für schnelle & sichere Pannenbehebung unterwegs,HOLA KIT,Auto & Motorrad: Teile > Werkzeuge > Reparatur-Sets & Teile > Reifenreparatur,SKU-9968230318,0017158413901780,"Schnelle und professionelle Reparatur für sofortige Weiterfahrt. | Universell einsetzbar für PKW, Motorräder, ATVs und SUVs. | Umfassendes 22-teiliges Set für jede Reifenpanne gerüstet. | Ergonomische T-Griff Werkzeuge für komfortable, sichere Handhabung. | Spart Zeit und Kosten durch effiziente Eigenreparatur unterwegs. | Kompakt verstaubar, immer griffbereit für unerwartete Notfälle. | Leicht verständliche Anleitung für sichere, problemlose Anwendung.","Das HOLA KIT Reifenreparaturset bietet eine schnelle und zuverlässige Lösung für unerwartete Reifenschäden unterwegs. Es gewährleistet Ihre Mobilität, indem es eine effiziente Behebung kleinerer Pannen direkt vor Ort ermöglicht.Dieses umfassende 22-teilige Premium-Set enthält sorgfältig ausgewählte Werkzeuge aus robustem Metall, langlebigem Gummi und widerstandsfähigem Kunststoff. Im Lieferumfang finden Sie eine T-Griff Reibahle, Einsatztülle, diverse Reparaturstopfen, ein Präzisionsmesser sowie Ventilschaftwerkzeug, Ventilkörper und -kappen.Eine beiliegende, leicht verständliche Bedienungsanleitung führt Sie Schritt für Schritt durch den Reparaturprozess, was eine sichere und problemlose Anwendung garantiert. Investieren Sie in dieses Set, um erhebliche Zeit- und Kosteneinsparungen durch die effiziente Eigenreparatur bei unerwarteten Pannen zu erzielen und stets vorbereitet zu sein.","{""Anzahl der Einheiten"":""1"",""Anzahl der Teile"":""22"",""Besonderheiten"":""Für schlauchlose Reifen"",""Farbe"":""Schwarz, Grün"",""Geeignet für"":""PKW, Motorräder, ATVs, SUVs"",""Herstellernummer"":""HKDB02"",""Kategorie"":""Auto & Motorrad: Teile > Werkzeuge > Reparatur-Sets & Teile > Reifenreparatur"",""Lieferumfang"":""1x T-Griff Reibahle, 1x T-Griff Einsatztülle, 10x Reparaturstopfen, 1x Messer, 1x 4-Wege-Ventilschaftwerkzeug, 4x Standard-Ventilkörper, 4x Standard-Ventilkappen, 1x Bedienungsanleitung"",""Marke"":""HOLA KIT"",""Maßeinheit"":""Set"",""Material"":""Metall, Gummi, Kunststoff"",""Modellnummer"":""HKDB02"",""Oldtimer-Teil"":""Nein"",""Produktart"":""Reifenreparaturset"",""Zustand"":""Neu""}",8.99 EUR,XGA0102B,1
CCLIFE Lambdasonden-Steckschlüssel-Satz 3-tlg. für einfachen Sondenwechsel,CCLIFE,Auto & Motorrad: Teile > Autoteile & Zubehör > Auspuff- & Abgassysteme > Lambdasonden & O2-Sensoren,SKU-9979752242,4251249417357,Sicherer und einfacher Wechsel von Lambdasonden gewährleistet. | Hochwertiger Chrom-Vanadium-Stahl für maximale Langlebigkeit. | Vielseitiges 3-teiliges Set für breite Anwendungspalette. | Offene Bauweise schützt angeschlossene Kabel effektiv. | Optimale Erreichbarkeit selbst an engen Stellen. | Kompatibel mit 22mm Lambdasonden und gängigen Antrieben.,"Dieser CCLIFE Lambdasonden-Steckschlüssel-Satz ermöglicht den sicheren und effizienten Wechsel von Lambdasonden, selbst an schwer zugänglichen Stellen im Motorraum. Das 3-teilige Spezialwerkzeug schützt dank seiner offenen Bauweise angeschlossene Kabel zuverlässig vor Beschädigungen und ist vielseitig einsetzbar.Gefertigt aus hochwertigem Chrom-Vanadium-Stahl, garantiert dieses Set außergewöhnliche Langlebigkeit und höchste Zuverlässigkeit für den täglichen Einsatz. Der Lieferumfang umfasst drei spezialisierte 22mm Lambdasonden-Steckschlüssel mit 3/8 Zoll und 1/2 Zoll Antrieb, präzise abgestimmt für verschiedene Fahrzeugmodelle.Dieses robuste Werkzeug ist ideal für professionelle Werkstätten sowie ambitionierte Heimwerker, die Wert auf präzise Ergebnisse und erstklassige Qualität legen. Für eine optimale Handhabung und lange Lebensdauer empfehlen wir die regelmäßige Reinigung und sachgemäße Lagerung des Werkzeugsatzes.","{""Antriebsgröße"":""3/8 Zoll, 1/2 Zoll"",""Anzahl der Teile"":""3"",""Farbe"":""Blau (Koffer), Silber/Schwarz (Werkzeug)"",""GPSR Manufacturer name"":""CCLIFE"",""Herstellernummer"":""1735"",""Kategorie"":""Auto & Motorrad: Teile"",""Marke"":""CCLIFE"",""Produktart"":""Lambdasonden-Steckschlüssel-Satz"",""Schlüsselweite"":""22mm""}",13.5 EUR,XGA0102B,1
Pepe Jeans London W Albal Damen Sneaker Elegant Gold / Beige NEU OVP Gr. 40,Pepe Jeans,Kleidung & Accessoires > Damen > Damenschuhe > Sneaker,SKU-9988960743,8445866051810,Modisches Design mit funkelnden Glitzer-Akzenten | Ganztägiger Tragekomfort für entspannte Freizeitaktivitäten | Atmungsaktives Obermaterial für langanhaltende Frische und Haltbarkeit | Sicherer Grip dank profilierter Gummilaufsohle auf jedem Untergrund | Perfekte individuelle Passform durch präzise Schnürung anpassbar | Vielseitiger Begleiter für Stadtbummel und lässige Anlässe,"Der Pepe Jeans London London W Albal Damen Sneaker vereint stilvolles Design mit optimalem Tragekomfort für den Alltag. Er ist der ideale Begleiter für entspannte Stadtbummel und lässige Freizeitaktivitäten, stets mit einem modischen Glitzer-Statement.Das hochwertige Obermaterial aus Synthetik und Textil sorgt für Atmungsaktivität und Langlebigkeit, während die präzise Schnürung eine individuelle Passform und sicheren Halt gewährleistet. Eine profilierte Gummilaufsohle bietet zudem zuverlässigen Grip auf verschiedenen Untergründen.Im Lieferumfang ist ein Paar dieser exklusiven Sneaker enthalten, bereit, Ihre Garderobe stilvoll zu ergänzen. Für eine dauerhaft ansprechende Optik und lange Freude an diesem Schuh wird die regelmäßige Pflege gemäß Herstellerempfehlung dringend empfohlen.","{""Absatzhöhe"":""Flach (weniger als 2,5 cm)"",""Abteilung"":""Damen"",""Akzentfarben"":""Gold, Rosa, Weiß"",""Anlass"":""Freizeit"",""Eigenschaften"":""Atmungsaktiv"",""EU-Schuhgröße"":""40"",""Farbe"":""Beige"",""Futtermaterial"":""Synthetik"",""Glitzer-Details"":""Ja"",""GPSR Manufacturer name"":""Pepe Jeans London"",""Handgefertigt"":""Nein"",""Innenmaterial"":""Textil"",""Innensohlenmaterial"":""Synthetik"",""Jahreszeit"":""Frühling, Sommer, Herbst"",""Kategorie"":""Kleidung & Accessoires"",""Laufsohle Material"":""Gummi"",""Laufsohlenmaterial"":""Synthetik"",""Lieferumfang"":""1 Paar Sneaker"",""Marke"":""Pepe Jeans"",""Modell"":""London W Albal"",""Muster"":""Uni"",""Obermaterial"":""Synthetik"",""Optik"":""Glitzernd"",""Passform"":""Normal"",""Personalisieren"":""Nein"",""Produktart"":""Sneaker low"",""Schuhgröße EU"":""40"",""Schuhschaft-Typ"":""Low Top"",""Schuhweite"":""W"",""Stil"":""Sneaker"",""Style-Code"":""PLS31463 099"",""Thema"":""London"",""Verschluss"":""Schnürung"",""Vintage"":""Nein"",""weight"":1,""Zehenform"":""Rund"",""Zielgruppe"":""Damen"",""Zustand"":""Neu mit Karton""}",94.99 EUR,XGA0301B,1
Walex Porta-Pak Max Fäkalientank-Deo für 50 geruchsfreie Anwendungen,Walex,Sport > Camping & Outdoor > Sonstiges Camping & Outdoor,SKU-1848228084,,"Überlegene Geruchskontrolle für alle Fäkalientanks in Wohnmobilen und Booten. | Sorgt mit kraftvollem Duft für anhaltende Frische und Hygiene. | Einfache Anwendung dank schnell auflösender, wasserlöslicher Beutel. | Nicht färbende, tiefblaue Formel hinterlässt keine Rückstände. | Umweltfreundlich und sicher, da komplett formaldehydfrei. | Ideal für Wohnmobile, Boote und tragbare Toiletten geeignet.","Der Walex Porta-Pak Max ist ein hochwirksames Deodorant- und Portionskontrollsystem für Fäkalientanks. Es sorgt in Wohnmobilen, Booten und tragbaren Toiletten für eine hygienische und dauerhaft geruchsfreie Umgebung.Basierend auf fortschrittlicher WAVE-Technologie bietet dieses innovative Produkt überlegene Geruchskontrolle und einen kraftvollen Duft. Die tiefblaue Formel ist nicht färbend, formaldehydfrei und löst sich in den praktischen, wasserlöslichen Beuteln schnell und vollständig auf.Jede Packung enthält 50 Beutel, die eine langanhaltende Versorgung gewährleisten und die Anwendung denkbar einfach machen. Für eine optimale Wirkung und zur Schonung der Umwelt ist dieses Produkt die ideale Wahl für alle, die Wert auf Sauberkeit und Frische legen.","{""Anwendungsbereich"":""Wohnmobil, Boot, Tragbare Toilette, Bus, Zug"",""Anzahl der Einheiten"":""50"",""Besonderheiten"":""Wasserlöslich, Geruchskontrolle, Formaldehyd-frei"",""Duft"":""Kraftvoll"",""Farbe"":""Tiefblau"",""Gewicht"":""ca. 1600 g"",""GPSR Manufacturer name"":""Walex"",""Kategorie"":""Sport > Camping & Outdoor > Sonstiges Camping & Outdoor"",""Marke"":""Walex"",""Maßeinheit"":""Beutel"",""Produktart"":""Fäkalientank-Deodorant""}",112.81 EUR,XGA0104C,9
FRANKBERG Querlenkersatz CA03211Z-FC für PKW Fahrwerk Stabilität Austausch Neu,FRANKBERG,Auto & Motorrad: Teile > Auto-Ersatz- & -Reparaturteile > Federung & Lenkung > Querlenker & Teile,SKU-5748131128,001771200,Umfassendes Set zur professionellen Fahrwerksinstandsetzung. | Optimiert die Stabilität und Fahrsicherheit des Fahrzeugs. | Präzise gefertigte Komponenten für perfekte Passform. | Hergestellt aus langlebigen Materialien für hohe Zuverlässigkeit. | Ermöglicht den direkten Austausch verschlissener Fahrwerksteile. | Komplettset für eine Achse zur umfassenden Reparatur.,"Umfassender FRANKBERG Querlenkersatz CA03211Z-FC zur Fahrwerksinstandsetzung. Optimiert Stabilität und Sicherheit mit präzisen, langlebigen Komponenten für den Achsen-Austausch.","{""Hersteller"":""FRANKBERG"",""Herstellernummer"":""CA03211Z-FC"",""Kategorie"":""Querlenker & Teile"",""Produktart"":""Querlenkersatz"",""Referenznummer(n) OE"":""CA03211Z-FC"",""weight"":1,""Zustand"":""Neu""}",75.99 EUR,XGA0106B,1
"Kibek Gartenstecker Molveno 2201290005 Mattschwarz Metall, Kunststoff Neu",Kibek,Garten & Freizeit > Gartenbeleuchtung > Solarleuchten,SKU-3350934915,2201290005,"Robuste Metall-Kunststoff-Konstruktion mit IP44 Spritzwasserschutz. | Amorphes Silizium-Solarpanel lädt den Ni-MH AAA Akku. | Spendet bis zu 8 Stunden warmweißes Licht (2700-3000K) pro Nacht. | Einfache Installation im Außenbereich mittels Erdspieß. | Integriertes Dämmerungssensor und 7 LEDs für automatische Beleuchtung. | Kompakte Maße: 76 cm Höhe, 11 cm Durchmesser.","Der Kibek Molveno Solar-Gartenstecker in Mattschwarz spendet warmweißes Licht für bis zu 8 Stunden. Mit 7 LEDs, Dämmerungssensor und IP44-Schutz ist er ideal für den Außenbereich.","{""Anzahl LEDs"":""7"",""Batteriekapazität"":""200 mAh"",""Batteriespannung"":""1.2 V"",""Batterietyp"":""Ni-MH AAA"",""Befestigung"":""Erdspieß"",""Betriebsdauer"":""6-8 Stunden"",""Durchmesser"":""11 cm"",""Einsatzbereich"":""Außenbereich"",""Farbe"":""Mattschwarz"",""Farbtemperatur"":""2700-3000 Kelvin"",""Funktionen"":""Ein-/Ausschalter, Dämmerungssensor"",""Gesamtleistung"":""0.42 W"",""Herstellernummer"":""2201290005"",""Höhe"":""76 cm"",""Leistung pro LED"":""0.06 W"",""Lichtfarbe"":""Warmweiß"",""Lichtstrom"":""ca. 1 Lumen"",""Marke"":""Kibek"",""Material"":""Metall, Kunststoff"",""Modell"":""Molveno"",""Produktart"":""Gartenstecker"",""Schutzart"":""IP44"",""Solarpanel-Typ"":""Amorphes Silizium"",""Stromversorgung"":""Solar"",""weight"":1,""Zustand"":""Neu""}",11.99 EUR,XGA0202D,4
Sabeatex Nackenstützkissen – Optimale Stütze für erholsamen Schlaf,Sabeatex,"Möbel & Wohnen > Bettwaren, -wäsche & Matratzen > Kopfkissen & Körperkissen",SKU-8203474346,0633585070122,"Optimale Nackenstütze für erholsamen Schlaf und weniger Verspannungen. | Anpassungsfähiger Visco-Memory-Schaum entlastet gezielt Druckpunkte. | Fördert eine gesunde Schlafhaltung und beugt Nackenbeschwerden vor. | Atmungsaktives Material für ein frisches, hygienisches Schlafklima. | Dauerhafte Stützkraft durch schnelle Rückkehr in Originalform. | Einfache Integration dank Standardmaßen (70x35x13 cm).","Das Sabeatex Visco Gel Nackenstützkissen bietet Ihnen eine optimale Nackenstütze für eine tief erholsame Nachtruhe. Es beugt effektiv Verspannungen vor und fördert eine gesunde, natürliche Schlafhaltung.Der innovative Visco-Memory-Schaum passt sich präzise an Kopf und Nacken an, was eine gleichmäßige Druckverteilung gewährleistet und die Wirbelsäule optimal unterstützt. Sein atmungsaktives Material sorgt zudem für ein stets frisches und hygienisches Schlafklima.Mit seinen komfortablen Maßen von 70 x 35 x 13 cm lässt sich das Kissen mühelos in jede Bettausstattung integrieren und ist sofort einsatzbereit. Die pflegeleichten Eigenschaften garantieren langanhaltenden Komfort und eine unkomplizierte Handhabung im Alltag, wobei der Lieferumfang ein Kissen umfasst.","{""ASIN"":""B0CDXML67F"",""Besonderheiten"":""Memory-Effekt, Ergonomisch"",""Eigenschaften"":""Druckentlastend, Atmungsaktiv"",""Farbe"":""Weiß"",""Form"":""Rechteckig"",""Füllmaterial"":""Visco Gel Schaum"",""GPSR Manufacturer name"":""Sabeatex"",""Größe"":""70 x 35 x 13 cm"",""Höhe"":""13 cm"",""Kategorie"":""Möbel & Wohnen > Bettwaren, -wäsche & Matratzen > Kopfkissen & Körperkissen"",""Marke"":""Sabeatex"",""Zimmer"":""Schlafzimmer"",""Zustand"":""used""}",41.9 EUR,XGA0101E,14
SOMAN Integralhelm A154956/202401/03705 Gr. S (55-56cm) Pink/Schwarz,SOMAN,Motorrad-Teile & -Zubehör > Helme & Kopfbedeckungen > Helme,SKU-0716100821,15495620240103705,"Zertifiziert nach DOT FMVSS 218 und ECE R 22.05 | Größe S (55-56 cm Kopfumfang) | Pink/Schwarz/Lila Grafik-Design | Effizientes Belüftungssystem | Herausnehmbare Innenpolsterung | Klares, kratzfestes Visier | Robuste Außenschale",,"{""Anwendungsbereich"":""Motorrad"",""Design"":""Grafik"",""Farbe"":""Pink, Schwarz, Lila"",""Geschlecht"":""Unisex"",""Größe"":""S"",""Herstellernummer"":""A154956/202401/03705"",""Kopfumfang"":""55-56 cm"",""Marke"":""SOMAN"",""Oberfläche"":""Matt"",""Produktart"":""Integralhelm"",""Visierart"":""Klar, kratzfest"",""weight"":1,""Zertifizierung"":""DOT FMVSS 218, ECE R 22.05"",""Zustand"":""Gebraucht""}",123 EUR,XGA0101E,1
"SIRUS Mikrofonständer 516480 Desktop, Zinkdruckguss, höhenverstellbar 27-41cm",SIRUS,Münzen > Historische Wertpapiere > USA & Kanada > Elektronik & Computer,SKU-7957694387,4047371128199,"Unübertroffene Stabilität für vibrationsfreie, kristallklare Audioaufnahmen. | Blitzschnelle, werkzeuglose Montage für sofortige Einsatzbereitschaft. | Kompaktes, platzsparendes Design fügt sich nahtlos in jeden Arbeitsbereich. | Vielseitig einsetzbar für Desktop, Studio und anspruchsvolle Gaming-Sessions. | Eliminiert effektiv Störgeräusche für professionelle Sprachübertragung.","Die SIRUS Desktop Mikrofonstation optimiert Ihre Audioaufnahmen durch ihr robustes, vibrationsdämpfendes Design. Gefertigt aus hochwertigen Materialien, sorgt sie für einen stabilen Stand und eliminiert störende Geräusche, damit Ihre Stimme stets kristallklar übertragen wird.Diese top-gepflegte Mikrofonstation ist gebraucht, aber in exzellentem Zustand und sofort einsatzbereit. Der Lieferumfang umfasst die Mikrofonstation selbst, bereit für eine werkzeuglose und schnelle Installation.Dank ihres kompakten Formats fügt sich die Station nahtlos in jede Arbeitsumgebung ein und spart wertvollen Platz auf Ihrem Schreibtisch. Vertrauen Sie auf die bewährte SIRUS-Qualität für professionelle Ergebnisse und sichern Sie sich dieses exzellente Upgrade für Ihr Setup.","{""Anwendungsbereich"":""Desktop, Studio, Gaming"",""Besonderheiten"":""Kompakt, Vibrationsdämpfend"",""Farbe"":""Schwarz"",""GPSR Manufacturer name"":""SIRUS"",""Herstellernummer"":""516480"",""Höhenverstellbereich"":""27 - 41 cm"",""Höhenverstellung"":""ca. 27 - 41 cm"",""Marke"":""SIRUS"",""Material"":""Zinkdruckguss"",""Modell"":""Desktop Microphone Station"",""Produktart"":""Mikrofonständer"",""weight"":1,""Zustand"":""Gebraucht""}",69 EUR,XGA0106B,1
"ToMax Tintenpatrone TM-LC-223Y Gelb für brillante, langlebige Ausdrucke",ToMax,"Computer, Tablets & Netzwerk > Drucker, Scanner & Zubehör > Tinte, Toner & Papier > Tintenpatronen",SKU-3442148631,11805620,"Optimale Kompatibilität mit vielen Brother Tintenstrahldruckern. | Gestochen scharfe Texte und brillante, langlebige Gelbtöne. | Kostengünstige und effiziente Drucklösung für jeden Bedarf. | Einfache, schnelle Installation für sofortigen Einsatz. | Zuverlässige Leistung für konsistente, hochwertige Druckergebnisse. | Umfassend getestet für höchste und beständige Druckqualität.","Die ToMax TM-LC-223Y Tintenpatrone in Gelb liefert gestochen scharfe Texte und lebendige Farbausdrucke für all Ihre Dokumente. Diese hochwertige, kompatible Lösung wurde speziell für zahlreiche Brother Tintenstrahldrucker entwickelt und garantiert exzellente Farbwiedergabe.Befüllt mit spezieller Premium-Tinte, sichert diese Patrone eine beeindruckende Langlebigkeit Ihrer Ausdrucke und zuverlässige Leistung von der ersten bis zur letzten Seite. Sie stellt eine kostengünstige und effiziente Alternative dar, die stets höchste Druckqualität ohne Kompromisse liefert.Im Lieferumfang ist eine sofort einsatzbereite Tintenpatrone enthalten, die eine einfache und schnelle Installation in Ihrem Gerät ermöglicht. Bitte überprüfen Sie vor dem Kauf die detaillierte Kompatibilitätsliste, um optimale Ergebnisse mit Ihrem spezifischen Brother Druckermodell zu gewährleisten.","{""Drucktechnologie"":""Tintenstrahl"",""Farbe"":""Gelb"",""GPSR Manufacturer name"":""ToMax"",""Hersteller"":""ToMaxIm.com GmbH"",""Herstellernummer"":""72239"",""Kategorie"":""Computer, Tablets & Netzwerk > Drucker, Scanner & Zubehör > Tinte, Toner & Papier > Tintenpatronen"",""Kompatible Druckermodelle"":""Brother MFC-J 4625 DW, MFC-J 880 DW, MFC-J 4620 DW, MFC-J 1140 W, DCP-J 4120 DW, MFC-J 4425 DW, MFC-J 5720 DW, MFC-J 480 DW, DCP-J 5625 DW, MFC-J 1150 DW, MFC-J 4420 DW, MFC-J 1100 Series, MFC-J 5600 Series, MFC-J 1170 DW, MFC-J 680 DW, MFC-J 5320 DW, MFC-J 1180 DWT, MFC-J 5620 DW"",""Kompatible Marke"":""Brother"",""Modell"":""TM-LC-223Y / LC-223Y"",""Produktart"":""Kompatible Tintenpatrone"",""Zustand"":""Neu""}",4.99 EUR,XGA0304A,1
Hoover Wasserzulaufschlauch Original für zuverlässige Wasserzufuhr,Hoover,Haushaltsgeräte > Waschmaschinen & Trockner > Waschmaschinen- & Trocknerteile,SKU-3178068699,4045516002427,"Original Hoover Ersatzteil für perfekte Passform und Funktion. | Sichert zuverlässige Wasserzufuhr für Ihre Haushaltsgeräte. | Robuste Materialien garantieren Langlebigkeit und hohe Sicherheit. | Ermöglicht schnellen, unkomplizierten Austausch und sofortige Nutzung. | Beugt effektiv Leckagen vor, schützt Ihre Geräte optimal. | Optimale Kompatibilität mit Hoover Geräten für beste Leistung.","Dieser originale Hoover Wasserzulaufschlauch 92250869 sichert eine absolut zuverlässige Wasserzufuhr für Ihre Hoover Waschmaschine oder Ihren Geschirrspüler. Er gewährleistet höchste Passgenauigkeit und optimale Leistung, um die Lebensdauer Ihrer Haushaltsgeräte effektiv zu verlängern und deren Funktionalität langfristig zu erhalten.Gefertigt aus robusten und langlebigen Materialien, bietet dieser Schlauch eine außergewöhnliche Beständigkeit gegenüber hohem Wasserdruck und extremen Temperaturschwankungen. Als Originalersatzteil hilft er effektiv, Leckagen zu vermeiden und schützt Ihre Geräte zuverlässig vor Wasserschäden.Die einfache Installation ermöglicht einen schnellen und unkomplizierten Austausch, sodass Ihr Gerät umgehend wieder einsatzbereit ist. Im Lieferumfang ist ein Hoover Wasserzulaufschlauch 92250869 enthalten; vertrauen Sie auf bewährte Hoover Qualität und unseren zuverlässigen Kundenservice.","{""Farbe"":""Grau"",""Geeignet für"":""Waschmaschine, Geschirrspüler"",""GPSR Manufacturer name"":""Hoover"",""Herstellernummer"":""92250869"",""Kategorie"":""Haushaltsgeräte > Waschmaschinen & Trockner > Waschmaschinen- & Trocknerteile"",""Marke"":""Hoover"",""Produktart"":""Zulaufschlauch"",""Zustand"":""Neu""}",7.49 EUR,XGA0104C,43
"Vinz Jethelm Como 220653541150 ECE R22-06, 1150g, Gr. XS, Matt Schwarz",Vinz,Sammeln & Seltenes > Militaria > 1918-1945 > Helme & Kopfbedeckungen,SKU-6854747447,220653541150,Maximale Sicherheit gemäß europäischer ECE R22-06 Norm. | Kratzfestes Visier mit 95% UV-Schutz für stets klare Sicht. | Integrierte Sonnenblende bietet optimalen Blendschutz bei Tag. | Federleichtes Design mit nur 1150g für hohen Tragekomfort. | Robuste ABS-Schale gewährleistet hohe Stoßfestigkeit und Langlebigkeit. | Sicherer Steckverschluss ermöglicht schnelles An- und Ablegen. | Optimierte Passform für ermüdungsfreien Tragekomfort auf jeder Fahrt.,,"{""Einsatzbereich"":""Motorrad, Roller"",""Farbe"":""Schwarz"",""Finish"":""Matt"",""Geschlecht"":""Unisex"",""Glanz"":""Matt"",""GPSR Manufacturer name"":""Vinz"",""Größe"":""XS"",""Helmtyp"":""Jethelm"",""Herstellernummer"":""220653541150"",""Kategorie"":""Sammeln & Seltenes > Militaria > 1918-1945 > Helme & Kopfbedeckungen"",""Kopfumfang"":""53-54 cm"",""Marke"":""Vinz"",""Material Außenschale"":""ABS"",""Modell"":""Como"",""Oberfläche"":""Matt"",""Produktart"":""Jethelm"",""Prüfnorm"":""ECE R22-06"",""Saison"":""Ganzjährig"",""Sicherheitsnorm"":""ECE R22-06"",""Sicherheitsstandard"":""ECE R22-06"",""Sonnenblende"":""Integriert, getönt"",""Verschlussart"":""Steckverschluss"",""Visier Eigenschaften"":""Kratzfest, UV-Schutz"",""Visier-Eigenschaften"":""Klar, kratzfest, UV-Schutz"",""weight"":""1150 g"",""Zustand"":""Neu""}",35 EUR,XGA0101C,1
Goffii Montessori Lernspielzeug Bauernhof Angeln Gemüse Holz Mehrfarbig ab 3,Goffii,Spielzeug > Lernspielzeug,SKU-5599844775,20231201,"Fördert gezielt Feinmotorik und Hand-Augen-Koordination Ihres Kindes. | Unterstützt spielerisch Intelligenz, Problemlösung und Formenerkennung. | Hochwertiges, langlebiges Holz für sicheres und nachhaltiges Spielen. | Vielseitige Spielmodi: Angeln und Gemüseernte für maximale Freude. | Pädagogisches Bauernhof-Design mit Angeln und Gemüseernte. | Speziell entwickelt für Kinder ab 3 Jahren, fördert spielerisches Lernen.","Dieses Goffii Montessori Lernspielzeug aus Holz fördert spielerisch Feinmotorik, Intelligenz und Hand-Augen-Koordination bei Kindern ab 3 Jahren. Es bietet vielseitige Spielmodi wie Angeln und Gemüseernte im Bauernhof-Design.","{""Altersempfehlung"":""Ab 3 Jahre"",""Batterien erforderlich"":""Nein"",""Charakter"":""Hase"",""Farbe"":""Mehrfarbig"",""Geschlecht"":""Unisex"",""Hersteller"":""Yunhe Du Smart Toy Co., LTD"",""Herstellernummer"":""230404041"",""Marke"":""Goffii"",""Material"":""Holz"",""Montage erforderlich"":""Nein"",""Produktart"":""Montessori Lernspielzeug"",""Sprache"":""Deutsch"",""Thema"":""Bauernhof, Gemüse, Angeln"",""weight"":1,""Zustand"":""Gebraucht""}",19.99 EUR,XGA0105B,1
Airfryer Backform Einsatz 2er Set Silikon Antihaft Spülmaschinenfest Gebraucht,Unbekannt,"Haushalt & Wohnen > Küche, Kochen & Genießen > Küchengeräte > Fritteusen & Heißluftfritteusen Zubehör",SKU-1536365981,,"Schützt Heißluftfritteuse effektiv vor hartnäckigen Rückständen und Verschmutzungen. | Mühelose Reinigung durch Antihaft-Oberfläche und vollständige Spülmaschinenfestigkeit. | Hergestellt aus hitzebeständigem, lebensmittelechtem Silikon für sicheres Kochen. | Wiederverwendbare Backformen fördern umweltbewusstes und nachhaltiges Zubereiten. | Ideal für vielfältige Back- und Bratgerichte in allen gängigen Airfryern. | Praktisches 2er Set für gleichzeitige Zubereitung oder als Ersatz.",Dieses gebrauchte 2er Set Silikon-Backformen schützt Ihre Heißluftfritteuse vor Verschmutzungen. Antihaftbeschichtet und spülmaschinenfest für leichte Reinigung.,"{""Antihaftbeschichtung"":""Ja"",""Anzahl"":""2er Set"",""Farbe"":""Schwarz"",""Kategorie"":""Unkategorisiert"",""Kompatibilität"":""Heißluftfritteuse"",""Material"":""Silikon"",""Produktart"":""Backform Einsatz"",""Produktbezeichnung"":""Ürün 1"",""Spülmaschinenfestigkeit"":""Ja"",""weight"":1,""Wiederverwendbarkeit"":""Ja"",""Zustand"":""Gebraucht""}",6.99 EUR,,0
Eternity Commerce LTD Magnetspielzeug Pixel-Stil 150 Teile ab 3 Jahre 2024-1,Eternity Commerce LTD,Spielzeug > Baukästen & Konstruktion > Magnetspielzeug,SKU-2204782559,1710236385979,"150 magnetische Bausteine für grenzenlose Kreativität und Konstruktionen. | Fördert Feinmotorik, räumliches Denken und Problemlösung bei Kindern. | Einfache Handhabung und sichere Magnetverbindungen für Kinder ab 3 Jahren. | Geprüfte Sicherheit nach ASTM D 4236 und F963-17 garantiert unbedenklichen Spielspaß. | Ermöglicht den Bau von farbenfrohen Pixel-Konstruktionen in vielfältigen Formen.","Dieses bunte Magnetspielzeug von Eternity Commerce LTD, Modell 2024-1, besteht aus 150 Teilen und ermöglicht Kindern ab 3 Jahren, kreative Pixel-Konstruktionen zu bauen. Es fördert spielerisch Feinmotorik und räumliches Denken, mit geprüfter Sicherheit nach ASTM D 4236 und F963-17.","{""Altersempfehlung"":""Ab 3 Jahren"",""Anzahl der Teile"":""150"",""Batterien notwendig"":""Nein"",""Besonderheiten"":""Magnetisch, Lernspielzeug, Kreativspielzeug"",""EAN"":""1710236385979"",""Farbe"":""Mehrfarbig"",""Lieferumfang"":""150 magnetische Bausteine"",""Marke"":""Eternity Commerce LTD"",""Material"":""Kunststoff, Magnet"",""Modell"":""2024-1"",""Modellbezeichnung"":""Ürün 5"",""Produktart"":""Magnetspielzeug"",""Sicherheitsstandards"":""ASTM D 4236, ASTM F963-17"",""Sprache"":""Deutsch"",""Thema"":""Bauen, Kreativität, Pixel"",""weight"":1,""Zustand"":""Neu""}",30.99 EUR,XGA0105B,1
"Rolife Miniatur-Bausatz TGB06, Gartenhaus Book Nook, 176 Teile, 203x110x241mm",Rolife,Modellbau > Modellbausätze,SKU-3481827893,6946785119145,"Beleuchtetes Miniatur-Gartenhaus für kreative Bücherregal-Gestaltung. | Komplettes DIY-Set fördert Kreativität und Feinmotorik ab 14 Jahren. | Hochwertige Holz-, Papier- und Stoffteile für ein langlebiges Modell. | Integrierte LED-Beleuchtung schafft stimmungsvolle und realistische Szenen. | Präzise gefertigte 176 Teile für detailgetreuen Modellbau. | Montierte Größe 203x110x241mm, ideal für beeindruckende Regal-Dioramen. | Entspricht ASTM D-4236 Sicherheitsstandards für unbedenklichen Bastelspaß.","Tauchen Sie ein in die faszinierende Welt der Miniaturen mit dem Rolife TGB06 Garden House DIY-Bausatz und erschaffen Sie ein bezauberndes Gartenhaus für Ihr Bücherregal. Dieses einzigartige Modell bietet eine kreative Auszeit und verwandelt jeden Raum in eine gemütliche Oase der Fantasie.Das umfassende Bastelset beinhaltet 176 präzise gefertigte Teile aus hochwertigem Holz, Papier und Stoff, die sorgfältig zusammengefügt werden. Alle benötigten Materialien sind im Lieferumfang enthalten, um sofort mit diesem fesselnden Projekt zu beginnen.Eine detaillierte Schritt-für-Schritt-Anleitung ermöglicht auch Bastelanfängern ab 14 Jahren einen einfachen Aufbau und ein beeindruckendes Endergebnis. Dieses Modell entspricht zudem den ASTM D-4236 Sicherheitsstandards und wird durch die integrierte LED-Beleuchtung stimmungsvoll in Szene gesetzt.","{""Abmessungen (montiert)"":""203 x 110 x 241 mm"",""Altersempfehlung"":""Ab 14 Jahren"",""Anzahl Teile"":""176"",""Besondere Merkmale"":""DIY, LED-Beleuchtung"",""Besonderheiten"":""DIY, LED-Beleuchtung"",""Farbe"":""Mehrfarbig"",""GPSR Manufacturer name"":""ROBOTIME"",""Herstellernummer"":""TGB06"",""Kategorie"":""Modellbau > Modellbausätze"",""Kategorie (allgemein)"":""Modellbau > Modellbausätze"",""Konformität"":""ASTM D-4236"",""Marke"":""Rolife"",""Material"":""Holz, Papier, Stoff, Metall"",""Materialien"":""Holz, Papier, Stoff, Metall"",""Montage erforderlich"":""Ja"",""Montage notwendig"":""Ja"",""Montagezustand"":""Unmontierter Bausatz"",""Montierte Größe"":""203 x 110 x 241 mm"",""Produktart"":""Miniatur-Bausatz"",""Sicherheitshinweis"":""Erstickungsgefahr durch Kleinteile. Nicht für Kinder unter 3 Jahren geeignet."",""Teileanzahl"":""176"",""Thema"":""Gartenhaus, Bücherregal-Ecke"",""weight"":1,""Zustand"":""Neu""}",35.65 EUR,XGA0201B,1
Sontheimer Nockenschalter S06H 32A 690V 9kW | Herstellernummer 10008352,Sontheimer,Modellbau > RC-Modellbau > RC Modellbau Teile & Zubehör > Fernsteuerung & Elektronik,SKU-0107097519,400690609473,"Maximale Langlebigkeit durch hochwertige Materialien und Verarbeitung. | Vielseitig einsetzbar: 32A Nennstrom und bis zu 690V Nennspannung. | Höchste Sicherheit durch umfassende internationale Zertifizierungen. | Zuverlässiger Betrieb dank hoher 5kA Kurzschlussfestigkeit bei 600V. | Schnelle, fehlerfreie Installation durch klare Anschlussmarkierungen. | Robuste Konstruktion aus hochwertigem Kunststoff und Metall. | Optimale Leistung mit 9 kW Nennleistung bei 400V AC-3.","Der Sontheimer S06H Nockenschalter bietet höchste Zuverlässigkeit und Robustheit für anspruchsvolle Steuerungsaufgaben in industriellen Umgebungen. Als Qualitätsprodukt ""Made in Germany"" sichert er eine außergewöhnliche Langlebigkeit und präzise Funktion in Ihren Maschinen und Anlagen.Mit einem Nennstrom von 32A und einer Nennspannung von bis zu 690V ist dieser Schalter vielseitig für Motor- und Lastschaltungen einsetzbar und erfüllt internationale Normen wie IEC/EN 60947-3 und UL. Gefertigt aus hochwertigem Kunststoff und Metall, garantiert er eine sichere und dauerhafte Performance selbst unter extremen Bedingungen.Die einfache Montage und klare Anschlussmarkierungen ermöglichen eine schnelle und fehlerfreie Installation, ergänzt durch eine hohe Kurzschlussfestigkeit von 5kA für maximale Betriebssicherheit. Der Lieferumfang umfasst den Sontheimer S06H Nockenschalter, der sofort einsatzbereit ist und Ihnen zuverlässigen Service bietet.","{""Anschlussart"":""Schraubklemmen"",""Anwendungsbereich"":""Industrie, Maschinenbau, Steuerungstechnik"",""Anzugsdrehmoment"":""1.5 Nm"",""Drahtquerschnitt"":""Min. #14 AWG, Max. #6 AWG"",""Drahtquerschnitt max."":""#6 AWG"",""Drahtquerschnitt min."":""#14 AWG"",""Farbe"":""Grau, Schwarz"",""Frequenz"":""50/60 Hz"",""GPSR Manufacturer name"":""Sontheimer"",""Herstellernummer"":""10008352"",""Herstellungsland"":""Deutschland"",""Kategorie"":""Modellbau > RC-Modellbau > RC Modellbau Teile & Zubehör > Fernsteuerung & Elektronik"",""Kurzschlussfestigkeit"":""5 kA"",""Kurzschlussfestigkeit Spannung"":""600 V"",""Marke"":""Sontheimer"",""Material"":""Kunststoff, Metall"",""Modell"":""S06H"",""Montageart"":""Frontplattenmontage"",""Nennleistung AC-23A (400V)"":""10.5 kW"",""Nennleistung AC-3 (400V)"":""9 kW"",""Nennspannung"":""690 V"",""Nennstrom"":""32 A"",""Polzahl"":""4-polig"",""Produktart"":""Nockenschalter"",""Umgebungstemperatur"":""Max. 50°C"",""Umgebungstemperatur max."":""50°C"",""weight"":1,""Zertifizierungen"":""CE, UL, IEC/EN 60947-3"",""Zustand"":""Neu""}",19.95 EUR,XGA0106B,2
ONLINE Calli.Brush Lettering & Aquareell Set 'Das Leben ist Schön' DIN A5,ONLINE,Basteln & Handarbeiten > Malen & Zeichnen > Kalligrafie & Lettering > Kalligrafie-Sets,SKU-7447779999,4014421180506,Umfassendes Kreativset für Lettering und Aquarellmalerei | Zehn hochwertige Calli.Brush Doppelspitzenstifte enthalten | Aquarellblock DIN A5 mit 200 g/m² Papierqualität | Inspirierendes 'Das Leben ist Schön' Design auf Block | Inklusive Wassertankpinsel für präzise Aquarell-Effekte | Geeignet für Anfänger und fortgeschrittene Künstler gleichermaßen,"Das ONLINE Calli.Brush Lettering & Aquarell Set ""Das Leben ist Schön"" ist ein umfassendes Kreativset für Anfänger und Fortgeschrittene. Es enthält zehn hochwertige Calli.Brush Doppelspitzenstifte, einen DIN A5 Aquarellblock (200 g/m²) mit inspirierendem Design und einen Wassertankpinsel für vielseitige Kalligrafie- und Aquarelltechniken.","{""Anwendungsbereich"":""Kalligrafie, Lettering, Aquarellmalerei"",""Anzahl Einzelteile"":""3"",""Anzahl Stifte"":""10"",""Blattanzahl"":""20"",""ean"":""4014421180506"",""Farbe"":""Mehrfarbig"",""Format Aquarellblock"":""DIN A5"",""Marke"":""ONLINE"",""Papiergewicht"":""200 g/m²"",""Produktart"":""Kalligrafie-Set"",""Stiftfarben"":""Bunt"",""Stifttyp"":""Doppelspitzenstift"",""Thema"":""Das Leben ist Schön"",""weight"":1,""Zielgruppe"":""Anfänger und Fortgeschrittene"",""Zustand"":""Gebraucht""}",30.91 EUR,XGA0105B,1
febi bilstein Waschwasserpumpe 26259 für Mercedes-Benz (OE 2048660221),febi bilstein,Auto & Motorrad: Teile > Spezielle Fahrzeug-Teile > Wohnmobil- & Wohnwagenteile & Zubehör > Wasser- & Sanitärsysteme > Wasserpumpen,SKU-9297459968,4027816262596,"Maximale Fahrsicherheit durch stets kristallklare Sicht bei jeder Witterung. | 100% passgenauer Ersatz für Mercedes-Benz OE 204 866 02 21. | Höchste febi bilstein Qualität für garantierte Langlebigkeit und Zuverlässigkeit. | Einfache und schnelle Installation, oft ohne Spezialwerkzeug möglich. | Gefertigt aus hochwertigen, extrem widerstandsfähigen Materialien. | Optimale Performance und höchste Lebensdauer für Ihr Fahrzeug.","Diese febi bilstein Waschwasserpumpe sorgt für kompromisslos klare Sicht und maximale Fahrsicherheit bei jedem Wetter. Gefertigt aus robusten, langlebigen Materialien, gewährleistet sie eine zuverlässige und effiziente Scheibenreinigung für Ihr Fahrzeug.Als direkter Ersatz für die Mercedes-Benz OE-Teilenummer 204 866 02 21 garantiert diese Pumpe eine präzise Passform für diverse Mercedes-Benz PKW Modelle. Die Installation ist denkbar einfach und kann in der Regel ohne Spezialwerkzeug erfolgen, sodass Sie schnell wieder sicher unterwegs sind.Im Lieferumfang ist eine hochwertige Waschwasserpumpe enthalten, die die bewährte Qualität von febi bilstein widerspiegelt. Vertrauen Sie auf diesen führenden Hersteller für eine langanhaltende Funktion Ihrer Scheibenreinigungsanlage und profitieren Sie von unserem zuverlässigen Kundenservice.","{""Anzahl der Einheiten"":""1"",""Anzahl Einheiten"":""1"",""EAN"":""4027816262596"",""Fahrzeugmarke"":""Mercedes-Benz"",""GPSR Hersteller E-Mail"":""info@bilsteingroup.com"",""GPSR Herstelleradresse"":""Wilhelmstr. 47, 58256 Ennepetal, Deutschland"",""GPSR Herstellername"":""febi bilstein"",""GPSR Manufacturer address"":""Wilhelmstr. 47, 58256 Ennepetal, Deutschland"",""GPSR Manufacturer email"":""info@bilsteingroup.com"",""GPSR Manufacturer name"":""febi bilstein"",""Herstellernummer"":""26259"",""Herstellungsland"":""Deutschland"",""Herstellungsland und -region"":""Deutschland"",""Kategorie"":""Auto & Motorrad: Teile"",""Lieferumfang"":""1x Waschwasserpumpe"",""Marke"":""febi bilstein"",""Maßeinheit"":""Stück"",""OE/OEM Referenznummer"":""2048660221, A2048660221"",""OE/OEM Referenznummer(n)"":""204 866 02 21, A2048660221"",""Passend für"":""Mercedes-Benz PKW"",""Produktart"":""Waschwasserpumpe"",""Produktgruppe"":""Scheibenreinigung"",""weight"":1,""Zustand"":""Neu""}",7.68 EUR,XGA0106B,1